[2025-06-22T00:24:46.691+0000] {processor.py:186} INFO - Started process (PID=12641) to work on /home/airflow/.local/lib/python3.12/site-packages/airflow/example_dags/example_sensor_decorator.py
[2025-06-22T00:24:46.695+0000] {processor.py:914} INFO - Processing file /home/airflow/.local/lib/python3.12/site-packages/airflow/example_dags/example_sensor_decorator.py for tasks to queue
[2025-06-22T00:24:46.698+0000] {logging_mixin.py:190} INFO - [2025-06-22T00:24:46.697+0000] {dagbag.py:588} INFO - Filling up the DagBag from /home/airflow/.local/lib/python3.12/site-packages/airflow/example_dags/example_sensor_decorator.py
[2025-06-22T00:24:46.715+0000] {processor.py:925} INFO - DAG(s) 'example_sensor_decorator' retrieved from /home/airflow/.local/lib/python3.12/site-packages/airflow/example_dags/example_sensor_decorator.py
[2025-06-22T00:24:46.742+0000] {logging_mixin.py:190} INFO - [2025-06-22T00:24:46.742+0000] {dag.py:3239} INFO - Sync 1 DAGs
[2025-06-22T00:24:46.769+0000] {logging_mixin.py:190} INFO - [2025-06-22T00:24:46.769+0000] {dag.py:4180} INFO - Setting next_dagrun for example_sensor_decorator to None, run_after=None
[2025-06-22T00:24:46.797+0000] {processor.py:208} INFO - Processing /home/airflow/.local/lib/python3.12/site-packages/airflow/example_dags/example_sensor_decorator.py took 0.114 seconds
[2025-06-22T01:31:55.126+0000] {processor.py:186} INFO - Started process (PID=12720) to work on /home/airflow/.local/lib/python3.12/site-packages/airflow/example_dags/example_sensor_decorator.py
[2025-06-22T01:31:55.133+0000] {processor.py:914} INFO - Processing file /home/airflow/.local/lib/python3.12/site-packages/airflow/example_dags/example_sensor_decorator.py for tasks to queue
[2025-06-22T01:31:55.139+0000] {logging_mixin.py:190} INFO - [2025-06-22T01:31:55.137+0000] {dagbag.py:588} INFO - Filling up the DagBag from /home/airflow/.local/lib/python3.12/site-packages/airflow/example_dags/example_sensor_decorator.py
[2025-06-22T01:31:55.180+0000] {processor.py:925} INFO - DAG(s) 'example_sensor_decorator' retrieved from /home/airflow/.local/lib/python3.12/site-packages/airflow/example_dags/example_sensor_decorator.py
[2025-06-22T01:31:55.257+0000] {logging_mixin.py:190} INFO - [2025-06-22T01:31:55.256+0000] {dag.py:3239} INFO - Sync 1 DAGs
[2025-06-22T01:31:55.300+0000] {logging_mixin.py:190} INFO - [2025-06-22T01:31:55.298+0000] {dag.py:4180} INFO - Setting next_dagrun for example_sensor_decorator to None, run_after=None
[2025-06-22T01:31:55.346+0000] {processor.py:208} INFO - Processing /home/airflow/.local/lib/python3.12/site-packages/airflow/example_dags/example_sensor_decorator.py took 0.263 seconds
[2025-06-22T01:53:17.128+0000] {processor.py:186} INFO - Started process (PID=12776) to work on /home/airflow/.local/lib/python3.12/site-packages/airflow/example_dags/example_sensor_decorator.py
[2025-06-22T01:53:17.132+0000] {processor.py:914} INFO - Processing file /home/airflow/.local/lib/python3.12/site-packages/airflow/example_dags/example_sensor_decorator.py for tasks to queue
[2025-06-22T01:53:17.137+0000] {logging_mixin.py:190} INFO - [2025-06-22T01:53:17.135+0000] {dagbag.py:588} INFO - Filling up the DagBag from /home/airflow/.local/lib/python3.12/site-packages/airflow/example_dags/example_sensor_decorator.py
[2025-06-22T01:53:17.175+0000] {processor.py:925} INFO - DAG(s) 'example_sensor_decorator' retrieved from /home/airflow/.local/lib/python3.12/site-packages/airflow/example_dags/example_sensor_decorator.py
[2025-06-22T01:53:17.251+0000] {logging_mixin.py:190} INFO - [2025-06-22T01:53:17.250+0000] {dag.py:3239} INFO - Sync 1 DAGs
[2025-06-22T01:53:17.307+0000] {logging_mixin.py:190} INFO - [2025-06-22T01:53:17.307+0000] {dag.py:4180} INFO - Setting next_dagrun for example_sensor_decorator to None, run_after=None
[2025-06-22T01:53:17.352+0000] {processor.py:208} INFO - Processing /home/airflow/.local/lib/python3.12/site-packages/airflow/example_dags/example_sensor_decorator.py took 0.238 seconds
[2025-06-22T02:42:57.684+0000] {processor.py:186} INFO - Started process (PID=12839) to work on /home/airflow/.local/lib/python3.12/site-packages/airflow/example_dags/example_sensor_decorator.py
[2025-06-22T02:42:57.692+0000] {processor.py:914} INFO - Processing file /home/airflow/.local/lib/python3.12/site-packages/airflow/example_dags/example_sensor_decorator.py for tasks to queue
[2025-06-22T02:42:57.694+0000] {logging_mixin.py:190} INFO - [2025-06-22T02:42:57.694+0000] {dagbag.py:588} INFO - Filling up the DagBag from /home/airflow/.local/lib/python3.12/site-packages/airflow/example_dags/example_sensor_decorator.py
[2025-06-22T02:42:57.700+0000] {processor.py:925} INFO - DAG(s) 'example_sensor_decorator' retrieved from /home/airflow/.local/lib/python3.12/site-packages/airflow/example_dags/example_sensor_decorator.py
[2025-06-22T02:42:57.722+0000] {logging_mixin.py:190} INFO - [2025-06-22T02:42:57.722+0000] {dag.py:3239} INFO - Sync 1 DAGs
[2025-06-22T02:42:57.741+0000] {logging_mixin.py:190} INFO - [2025-06-22T02:42:57.741+0000] {dag.py:4180} INFO - Setting next_dagrun for example_sensor_decorator to None, run_after=None
[2025-06-22T02:42:57.778+0000] {processor.py:208} INFO - Processing /home/airflow/.local/lib/python3.12/site-packages/airflow/example_dags/example_sensor_decorator.py took 0.098 seconds
[2025-06-22T03:27:30.787+0000] {processor.py:186} INFO - Started process (PID=12901) to work on /home/airflow/.local/lib/python3.12/site-packages/airflow/example_dags/example_sensor_decorator.py
[2025-06-22T03:27:30.791+0000] {processor.py:914} INFO - Processing file /home/airflow/.local/lib/python3.12/site-packages/airflow/example_dags/example_sensor_decorator.py for tasks to queue
[2025-06-22T03:27:30.794+0000] {logging_mixin.py:190} INFO - [2025-06-22T03:27:30.793+0000] {dagbag.py:588} INFO - Filling up the DagBag from /home/airflow/.local/lib/python3.12/site-packages/airflow/example_dags/example_sensor_decorator.py
[2025-06-22T03:27:30.814+0000] {processor.py:925} INFO - DAG(s) 'example_sensor_decorator' retrieved from /home/airflow/.local/lib/python3.12/site-packages/airflow/example_dags/example_sensor_decorator.py
[2025-06-22T03:27:30.922+0000] {logging_mixin.py:190} INFO - [2025-06-22T03:27:30.922+0000] {dag.py:3239} INFO - Sync 1 DAGs
[2025-06-22T03:27:30.975+0000] {logging_mixin.py:190} INFO - [2025-06-22T03:27:30.973+0000] {dag.py:4180} INFO - Setting next_dagrun for example_sensor_decorator to None, run_after=None
[2025-06-22T03:27:31.013+0000] {processor.py:208} INFO - Processing /home/airflow/.local/lib/python3.12/site-packages/airflow/example_dags/example_sensor_decorator.py took 0.275 seconds
[2025-06-22T04:45:15.199+0000] {processor.py:186} INFO - Started process (PID=12963) to work on /home/airflow/.local/lib/python3.12/site-packages/airflow/example_dags/example_sensor_decorator.py
[2025-06-22T04:45:15.200+0000] {processor.py:914} INFO - Processing file /home/airflow/.local/lib/python3.12/site-packages/airflow/example_dags/example_sensor_decorator.py for tasks to queue
[2025-06-22T04:45:15.201+0000] {logging_mixin.py:190} INFO - [2025-06-22T04:45:15.201+0000] {dagbag.py:588} INFO - Filling up the DagBag from /home/airflow/.local/lib/python3.12/site-packages/airflow/example_dags/example_sensor_decorator.py
[2025-06-22T04:45:15.206+0000] {processor.py:925} INFO - DAG(s) 'example_sensor_decorator' retrieved from /home/airflow/.local/lib/python3.12/site-packages/airflow/example_dags/example_sensor_decorator.py
[2025-06-22T04:45:15.224+0000] {logging_mixin.py:190} INFO - [2025-06-22T04:45:15.224+0000] {dag.py:3239} INFO - Sync 1 DAGs
[2025-06-22T04:45:15.241+0000] {logging_mixin.py:190} INFO - [2025-06-22T04:45:15.240+0000] {dag.py:4180} INFO - Setting next_dagrun for example_sensor_decorator to None, run_after=None
[2025-06-22T04:45:15.261+0000] {processor.py:208} INFO - Processing /home/airflow/.local/lib/python3.12/site-packages/airflow/example_dags/example_sensor_decorator.py took 0.066 seconds
[2025-06-22T05:39:16.746+0000] {processor.py:186} INFO - Started process (PID=13025) to work on /home/airflow/.local/lib/python3.12/site-packages/airflow/example_dags/example_sensor_decorator.py
[2025-06-22T05:39:16.748+0000] {processor.py:914} INFO - Processing file /home/airflow/.local/lib/python3.12/site-packages/airflow/example_dags/example_sensor_decorator.py for tasks to queue
[2025-06-22T05:39:16.749+0000] {logging_mixin.py:190} INFO - [2025-06-22T05:39:16.749+0000] {dagbag.py:588} INFO - Filling up the DagBag from /home/airflow/.local/lib/python3.12/site-packages/airflow/example_dags/example_sensor_decorator.py
[2025-06-22T05:39:16.756+0000] {processor.py:925} INFO - DAG(s) 'example_sensor_decorator' retrieved from /home/airflow/.local/lib/python3.12/site-packages/airflow/example_dags/example_sensor_decorator.py
[2025-06-22T05:39:16.769+0000] {logging_mixin.py:190} INFO - [2025-06-22T05:39:16.769+0000] {dag.py:3239} INFO - Sync 1 DAGs
[2025-06-22T05:39:16.777+0000] {logging_mixin.py:190} INFO - [2025-06-22T05:39:16.777+0000] {dag.py:4180} INFO - Setting next_dagrun for example_sensor_decorator to None, run_after=None
[2025-06-22T05:39:16.792+0000] {processor.py:208} INFO - Processing /home/airflow/.local/lib/python3.12/site-packages/airflow/example_dags/example_sensor_decorator.py took 0.049 seconds
[2025-06-22T06:45:38.937+0000] {processor.py:186} INFO - Started process (PID=13087) to work on /home/airflow/.local/lib/python3.12/site-packages/airflow/example_dags/example_sensor_decorator.py
[2025-06-22T06:45:38.940+0000] {processor.py:914} INFO - Processing file /home/airflow/.local/lib/python3.12/site-packages/airflow/example_dags/example_sensor_decorator.py for tasks to queue
[2025-06-22T06:45:38.942+0000] {logging_mixin.py:190} INFO - [2025-06-22T06:45:38.941+0000] {dagbag.py:588} INFO - Filling up the DagBag from /home/airflow/.local/lib/python3.12/site-packages/airflow/example_dags/example_sensor_decorator.py
[2025-06-22T06:45:38.948+0000] {processor.py:925} INFO - DAG(s) 'example_sensor_decorator' retrieved from /home/airflow/.local/lib/python3.12/site-packages/airflow/example_dags/example_sensor_decorator.py
[2025-06-22T06:45:38.966+0000] {logging_mixin.py:190} INFO - [2025-06-22T06:45:38.966+0000] {dag.py:3239} INFO - Sync 1 DAGs
[2025-06-22T06:45:38.980+0000] {logging_mixin.py:190} INFO - [2025-06-22T06:45:38.980+0000] {dag.py:4180} INFO - Setting next_dagrun for example_sensor_decorator to None, run_after=None
[2025-06-22T06:45:38.997+0000] {processor.py:208} INFO - Processing /home/airflow/.local/lib/python3.12/site-packages/airflow/example_dags/example_sensor_decorator.py took 0.066 seconds
[2025-06-22T06:47:03.014+0000] {processor.py:186} INFO - Started process (PID=13149) to work on /home/airflow/.local/lib/python3.12/site-packages/airflow/example_dags/example_sensor_decorator.py
[2025-06-22T06:47:03.016+0000] {processor.py:914} INFO - Processing file /home/airflow/.local/lib/python3.12/site-packages/airflow/example_dags/example_sensor_decorator.py for tasks to queue
[2025-06-22T06:47:03.019+0000] {logging_mixin.py:190} INFO - [2025-06-22T06:47:03.019+0000] {dagbag.py:588} INFO - Filling up the DagBag from /home/airflow/.local/lib/python3.12/site-packages/airflow/example_dags/example_sensor_decorator.py
[2025-06-22T06:47:03.025+0000] {processor.py:925} INFO - DAG(s) 'example_sensor_decorator' retrieved from /home/airflow/.local/lib/python3.12/site-packages/airflow/example_dags/example_sensor_decorator.py
[2025-06-22T06:47:03.041+0000] {logging_mixin.py:190} INFO - [2025-06-22T06:47:03.040+0000] {dag.py:3239} INFO - Sync 1 DAGs
[2025-06-22T06:47:03.051+0000] {logging_mixin.py:190} INFO - [2025-06-22T06:47:03.051+0000] {dag.py:4180} INFO - Setting next_dagrun for example_sensor_decorator to None, run_after=None
[2025-06-22T06:47:03.062+0000] {processor.py:208} INFO - Processing /home/airflow/.local/lib/python3.12/site-packages/airflow/example_dags/example_sensor_decorator.py took 0.055 seconds
[2025-06-22T06:50:25.456+0000] {processor.py:186} INFO - Started process (PID=13211) to work on /home/airflow/.local/lib/python3.12/site-packages/airflow/example_dags/example_sensor_decorator.py
[2025-06-22T06:50:25.458+0000] {processor.py:914} INFO - Processing file /home/airflow/.local/lib/python3.12/site-packages/airflow/example_dags/example_sensor_decorator.py for tasks to queue
[2025-06-22T06:50:25.459+0000] {logging_mixin.py:190} INFO - [2025-06-22T06:50:25.459+0000] {dagbag.py:588} INFO - Filling up the DagBag from /home/airflow/.local/lib/python3.12/site-packages/airflow/example_dags/example_sensor_decorator.py
[2025-06-22T06:50:25.467+0000] {processor.py:925} INFO - DAG(s) 'example_sensor_decorator' retrieved from /home/airflow/.local/lib/python3.12/site-packages/airflow/example_dags/example_sensor_decorator.py
[2025-06-22T06:50:25.489+0000] {logging_mixin.py:190} INFO - [2025-06-22T06:50:25.488+0000] {dag.py:3239} INFO - Sync 1 DAGs
[2025-06-22T06:50:25.498+0000] {logging_mixin.py:190} INFO - [2025-06-22T06:50:25.498+0000] {dag.py:4180} INFO - Setting next_dagrun for example_sensor_decorator to None, run_after=None
[2025-06-22T06:50:25.510+0000] {processor.py:208} INFO - Processing /home/airflow/.local/lib/python3.12/site-packages/airflow/example_dags/example_sensor_decorator.py took 0.059 seconds
[2025-06-22T06:51:50.066+0000] {processor.py:186} INFO - Started process (PID=13273) to work on /home/airflow/.local/lib/python3.12/site-packages/airflow/example_dags/example_sensor_decorator.py
[2025-06-22T06:51:50.067+0000] {processor.py:914} INFO - Processing file /home/airflow/.local/lib/python3.12/site-packages/airflow/example_dags/example_sensor_decorator.py for tasks to queue
[2025-06-22T06:51:50.067+0000] {logging_mixin.py:190} INFO - [2025-06-22T06:51:50.067+0000] {dagbag.py:588} INFO - Filling up the DagBag from /home/airflow/.local/lib/python3.12/site-packages/airflow/example_dags/example_sensor_decorator.py
[2025-06-22T06:51:50.072+0000] {processor.py:925} INFO - DAG(s) 'example_sensor_decorator' retrieved from /home/airflow/.local/lib/python3.12/site-packages/airflow/example_dags/example_sensor_decorator.py
[2025-06-22T06:51:50.087+0000] {logging_mixin.py:190} INFO - [2025-06-22T06:51:50.086+0000] {dag.py:3239} INFO - Sync 1 DAGs
[2025-06-22T06:51:50.096+0000] {logging_mixin.py:190} INFO - [2025-06-22T06:51:50.096+0000] {dag.py:4180} INFO - Setting next_dagrun for example_sensor_decorator to None, run_after=None
[2025-06-22T06:51:50.105+0000] {processor.py:208} INFO - Processing /home/airflow/.local/lib/python3.12/site-packages/airflow/example_dags/example_sensor_decorator.py took 0.044 seconds
[2025-06-22T07:13:56.596+0000] {processor.py:186} INFO - Started process (PID=13335) to work on /home/airflow/.local/lib/python3.12/site-packages/airflow/example_dags/example_sensor_decorator.py
[2025-06-22T07:13:56.597+0000] {processor.py:914} INFO - Processing file /home/airflow/.local/lib/python3.12/site-packages/airflow/example_dags/example_sensor_decorator.py for tasks to queue
[2025-06-22T07:13:56.598+0000] {logging_mixin.py:190} INFO - [2025-06-22T07:13:56.597+0000] {dagbag.py:588} INFO - Filling up the DagBag from /home/airflow/.local/lib/python3.12/site-packages/airflow/example_dags/example_sensor_decorator.py
[2025-06-22T07:13:56.605+0000] {processor.py:925} INFO - DAG(s) 'example_sensor_decorator' retrieved from /home/airflow/.local/lib/python3.12/site-packages/airflow/example_dags/example_sensor_decorator.py
[2025-06-22T07:13:56.620+0000] {logging_mixin.py:190} INFO - [2025-06-22T07:13:56.619+0000] {dag.py:3239} INFO - Sync 1 DAGs
[2025-06-22T07:13:56.634+0000] {logging_mixin.py:190} INFO - [2025-06-22T07:13:56.634+0000] {dag.py:4180} INFO - Setting next_dagrun for example_sensor_decorator to None, run_after=None
[2025-06-22T07:13:56.650+0000] {processor.py:208} INFO - Processing /home/airflow/.local/lib/python3.12/site-packages/airflow/example_dags/example_sensor_decorator.py took 0.059 seconds
[2025-06-22T07:55:26.081+0000] {processor.py:186} INFO - Started process (PID=13397) to work on /home/airflow/.local/lib/python3.12/site-packages/airflow/example_dags/example_sensor_decorator.py
[2025-06-22T07:55:26.083+0000] {processor.py:914} INFO - Processing file /home/airflow/.local/lib/python3.12/site-packages/airflow/example_dags/example_sensor_decorator.py for tasks to queue
[2025-06-22T07:55:26.084+0000] {logging_mixin.py:190} INFO - [2025-06-22T07:55:26.084+0000] {dagbag.py:588} INFO - Filling up the DagBag from /home/airflow/.local/lib/python3.12/site-packages/airflow/example_dags/example_sensor_decorator.py
[2025-06-22T07:55:26.091+0000] {processor.py:925} INFO - DAG(s) 'example_sensor_decorator' retrieved from /home/airflow/.local/lib/python3.12/site-packages/airflow/example_dags/example_sensor_decorator.py
[2025-06-22T07:55:26.114+0000] {logging_mixin.py:190} INFO - [2025-06-22T07:55:26.114+0000] {dag.py:3239} INFO - Sync 1 DAGs
[2025-06-22T07:55:26.127+0000] {logging_mixin.py:190} INFO - [2025-06-22T07:55:26.127+0000] {dag.py:4180} INFO - Setting next_dagrun for example_sensor_decorator to None, run_after=None
[2025-06-22T07:55:26.143+0000] {processor.py:208} INFO - Processing /home/airflow/.local/lib/python3.12/site-packages/airflow/example_dags/example_sensor_decorator.py took 0.066 seconds
[2025-06-22T08:14:30.063+0000] {processor.py:186} INFO - Started process (PID=13459) to work on /home/airflow/.local/lib/python3.12/site-packages/airflow/example_dags/example_sensor_decorator.py
[2025-06-22T08:14:30.064+0000] {processor.py:914} INFO - Processing file /home/airflow/.local/lib/python3.12/site-packages/airflow/example_dags/example_sensor_decorator.py for tasks to queue
[2025-06-22T08:14:30.065+0000] {logging_mixin.py:190} INFO - [2025-06-22T08:14:30.065+0000] {dagbag.py:588} INFO - Filling up the DagBag from /home/airflow/.local/lib/python3.12/site-packages/airflow/example_dags/example_sensor_decorator.py
[2025-06-22T08:14:30.075+0000] {processor.py:925} INFO - DAG(s) 'example_sensor_decorator' retrieved from /home/airflow/.local/lib/python3.12/site-packages/airflow/example_dags/example_sensor_decorator.py
[2025-06-22T08:14:30.095+0000] {logging_mixin.py:190} INFO - [2025-06-22T08:14:30.095+0000] {dag.py:3239} INFO - Sync 1 DAGs
[2025-06-22T08:14:30.108+0000] {logging_mixin.py:190} INFO - [2025-06-22T08:14:30.108+0000] {dag.py:4180} INFO - Setting next_dagrun for example_sensor_decorator to None, run_after=None
[2025-06-22T08:14:30.124+0000] {processor.py:208} INFO - Processing /home/airflow/.local/lib/python3.12/site-packages/airflow/example_dags/example_sensor_decorator.py took 0.066 seconds
[2025-06-22T08:37:53.555+0000] {processor.py:186} INFO - Started process (PID=13520) to work on /home/airflow/.local/lib/python3.12/site-packages/airflow/example_dags/example_sensor_decorator.py
[2025-06-22T08:37:53.567+0000] {processor.py:914} INFO - Processing file /home/airflow/.local/lib/python3.12/site-packages/airflow/example_dags/example_sensor_decorator.py for tasks to queue
[2025-06-22T08:37:53.587+0000] {logging_mixin.py:190} INFO - [2025-06-22T08:37:53.587+0000] {dagbag.py:588} INFO - Filling up the DagBag from /home/airflow/.local/lib/python3.12/site-packages/airflow/example_dags/example_sensor_decorator.py
[2025-06-22T08:37:53.637+0000] {processor.py:925} INFO - DAG(s) 'example_sensor_decorator' retrieved from /home/airflow/.local/lib/python3.12/site-packages/airflow/example_dags/example_sensor_decorator.py
[2025-06-22T08:37:53.752+0000] {logging_mixin.py:190} INFO - [2025-06-22T08:37:53.751+0000] {dag.py:3239} INFO - Sync 1 DAGs
[2025-06-22T08:37:53.801+0000] {logging_mixin.py:190} INFO - [2025-06-22T08:37:53.801+0000] {dag.py:4180} INFO - Setting next_dagrun for example_sensor_decorator to None, run_after=None
[2025-06-22T08:37:53.836+0000] {processor.py:208} INFO - Processing /home/airflow/.local/lib/python3.12/site-packages/airflow/example_dags/example_sensor_decorator.py took 0.449 seconds
[2025-06-22T08:38:24.602+0000] {processor.py:186} INFO - Started process (PID=13582) to work on /home/airflow/.local/lib/python3.12/site-packages/airflow/example_dags/example_sensor_decorator.py
[2025-06-22T08:38:24.604+0000] {processor.py:914} INFO - Processing file /home/airflow/.local/lib/python3.12/site-packages/airflow/example_dags/example_sensor_decorator.py for tasks to queue
[2025-06-22T08:38:24.609+0000] {logging_mixin.py:190} INFO - [2025-06-22T08:38:24.608+0000] {dagbag.py:588} INFO - Filling up the DagBag from /home/airflow/.local/lib/python3.12/site-packages/airflow/example_dags/example_sensor_decorator.py
[2025-06-22T08:38:24.618+0000] {processor.py:925} INFO - DAG(s) 'example_sensor_decorator' retrieved from /home/airflow/.local/lib/python3.12/site-packages/airflow/example_dags/example_sensor_decorator.py
[2025-06-22T08:38:24.640+0000] {logging_mixin.py:190} INFO - [2025-06-22T08:38:24.640+0000] {dag.py:3239} INFO - Sync 1 DAGs
[2025-06-22T08:38:24.655+0000] {logging_mixin.py:190} INFO - [2025-06-22T08:38:24.655+0000] {dag.py:4180} INFO - Setting next_dagrun for example_sensor_decorator to None, run_after=None
[2025-06-22T08:38:24.674+0000] {processor.py:208} INFO - Processing /home/airflow/.local/lib/python3.12/site-packages/airflow/example_dags/example_sensor_decorator.py took 0.080 seconds
[2025-06-22T08:38:54.739+0000] {processor.py:186} INFO - Started process (PID=13644) to work on /home/airflow/.local/lib/python3.12/site-packages/airflow/example_dags/example_sensor_decorator.py
[2025-06-22T08:38:54.742+0000] {processor.py:914} INFO - Processing file /home/airflow/.local/lib/python3.12/site-packages/airflow/example_dags/example_sensor_decorator.py for tasks to queue
[2025-06-22T08:38:54.744+0000] {logging_mixin.py:190} INFO - [2025-06-22T08:38:54.744+0000] {dagbag.py:588} INFO - Filling up the DagBag from /home/airflow/.local/lib/python3.12/site-packages/airflow/example_dags/example_sensor_decorator.py
[2025-06-22T08:38:54.750+0000] {processor.py:925} INFO - DAG(s) 'example_sensor_decorator' retrieved from /home/airflow/.local/lib/python3.12/site-packages/airflow/example_dags/example_sensor_decorator.py
[2025-06-22T08:38:54.765+0000] {logging_mixin.py:190} INFO - [2025-06-22T08:38:54.764+0000] {dag.py:3239} INFO - Sync 1 DAGs
[2025-06-22T08:38:54.775+0000] {logging_mixin.py:190} INFO - [2025-06-22T08:38:54.775+0000] {dag.py:4180} INFO - Setting next_dagrun for example_sensor_decorator to None, run_after=None
[2025-06-22T08:38:54.793+0000] {processor.py:208} INFO - Processing /home/airflow/.local/lib/python3.12/site-packages/airflow/example_dags/example_sensor_decorator.py took 0.058 seconds
[2025-06-22T08:39:25.172+0000] {processor.py:186} INFO - Started process (PID=13706) to work on /home/airflow/.local/lib/python3.12/site-packages/airflow/example_dags/example_sensor_decorator.py
[2025-06-22T08:39:25.173+0000] {processor.py:914} INFO - Processing file /home/airflow/.local/lib/python3.12/site-packages/airflow/example_dags/example_sensor_decorator.py for tasks to queue
[2025-06-22T08:39:25.173+0000] {logging_mixin.py:190} INFO - [2025-06-22T08:39:25.173+0000] {dagbag.py:588} INFO - Filling up the DagBag from /home/airflow/.local/lib/python3.12/site-packages/airflow/example_dags/example_sensor_decorator.py
[2025-06-22T08:39:25.178+0000] {processor.py:925} INFO - DAG(s) 'example_sensor_decorator' retrieved from /home/airflow/.local/lib/python3.12/site-packages/airflow/example_dags/example_sensor_decorator.py
[2025-06-22T08:39:25.190+0000] {logging_mixin.py:190} INFO - [2025-06-22T08:39:25.190+0000] {dag.py:3239} INFO - Sync 1 DAGs
[2025-06-22T08:39:25.202+0000] {logging_mixin.py:190} INFO - [2025-06-22T08:39:25.202+0000] {dag.py:4180} INFO - Setting next_dagrun for example_sensor_decorator to None, run_after=None
[2025-06-22T08:39:25.215+0000] {processor.py:208} INFO - Processing /home/airflow/.local/lib/python3.12/site-packages/airflow/example_dags/example_sensor_decorator.py took 0.048 seconds
[2025-06-22T08:39:55.477+0000] {processor.py:186} INFO - Started process (PID=13768) to work on /home/airflow/.local/lib/python3.12/site-packages/airflow/example_dags/example_sensor_decorator.py
[2025-06-22T08:39:55.478+0000] {processor.py:914} INFO - Processing file /home/airflow/.local/lib/python3.12/site-packages/airflow/example_dags/example_sensor_decorator.py for tasks to queue
[2025-06-22T08:39:55.479+0000] {logging_mixin.py:190} INFO - [2025-06-22T08:39:55.479+0000] {dagbag.py:588} INFO - Filling up the DagBag from /home/airflow/.local/lib/python3.12/site-packages/airflow/example_dags/example_sensor_decorator.py
[2025-06-22T08:39:55.485+0000] {processor.py:925} INFO - DAG(s) 'example_sensor_decorator' retrieved from /home/airflow/.local/lib/python3.12/site-packages/airflow/example_dags/example_sensor_decorator.py
[2025-06-22T08:39:55.500+0000] {logging_mixin.py:190} INFO - [2025-06-22T08:39:55.500+0000] {dag.py:3239} INFO - Sync 1 DAGs
[2025-06-22T08:39:55.512+0000] {logging_mixin.py:190} INFO - [2025-06-22T08:39:55.512+0000] {dag.py:4180} INFO - Setting next_dagrun for example_sensor_decorator to None, run_after=None
[2025-06-22T08:39:55.527+0000] {processor.py:208} INFO - Processing /home/airflow/.local/lib/python3.12/site-packages/airflow/example_dags/example_sensor_decorator.py took 0.053 seconds
[2025-06-22T08:40:25.966+0000] {processor.py:186} INFO - Started process (PID=13830) to work on /home/airflow/.local/lib/python3.12/site-packages/airflow/example_dags/example_sensor_decorator.py
[2025-06-22T08:40:25.967+0000] {processor.py:914} INFO - Processing file /home/airflow/.local/lib/python3.12/site-packages/airflow/example_dags/example_sensor_decorator.py for tasks to queue
[2025-06-22T08:40:25.968+0000] {logging_mixin.py:190} INFO - [2025-06-22T08:40:25.967+0000] {dagbag.py:588} INFO - Filling up the DagBag from /home/airflow/.local/lib/python3.12/site-packages/airflow/example_dags/example_sensor_decorator.py
[2025-06-22T08:40:25.972+0000] {processor.py:925} INFO - DAG(s) 'example_sensor_decorator' retrieved from /home/airflow/.local/lib/python3.12/site-packages/airflow/example_dags/example_sensor_decorator.py
[2025-06-22T08:40:25.983+0000] {logging_mixin.py:190} INFO - [2025-06-22T08:40:25.983+0000] {dag.py:3239} INFO - Sync 1 DAGs
[2025-06-22T08:40:25.992+0000] {logging_mixin.py:190} INFO - [2025-06-22T08:40:25.992+0000] {dag.py:4180} INFO - Setting next_dagrun for example_sensor_decorator to None, run_after=None
[2025-06-22T08:40:26.001+0000] {processor.py:208} INFO - Processing /home/airflow/.local/lib/python3.12/site-packages/airflow/example_dags/example_sensor_decorator.py took 0.039 seconds
[2025-06-22T08:40:56.259+0000] {processor.py:186} INFO - Started process (PID=13891) to work on /home/airflow/.local/lib/python3.12/site-packages/airflow/example_dags/example_sensor_decorator.py
[2025-06-22T08:40:56.261+0000] {processor.py:914} INFO - Processing file /home/airflow/.local/lib/python3.12/site-packages/airflow/example_dags/example_sensor_decorator.py for tasks to queue
[2025-06-22T08:40:56.262+0000] {logging_mixin.py:190} INFO - [2025-06-22T08:40:56.262+0000] {dagbag.py:588} INFO - Filling up the DagBag from /home/airflow/.local/lib/python3.12/site-packages/airflow/example_dags/example_sensor_decorator.py
[2025-06-22T08:40:56.268+0000] {processor.py:925} INFO - DAG(s) 'example_sensor_decorator' retrieved from /home/airflow/.local/lib/python3.12/site-packages/airflow/example_dags/example_sensor_decorator.py
[2025-06-22T08:40:56.280+0000] {logging_mixin.py:190} INFO - [2025-06-22T08:40:56.280+0000] {dag.py:3239} INFO - Sync 1 DAGs
[2025-06-22T08:40:56.300+0000] {logging_mixin.py:190} INFO - [2025-06-22T08:40:56.300+0000] {dag.py:4180} INFO - Setting next_dagrun for example_sensor_decorator to None, run_after=None
[2025-06-22T08:40:56.317+0000] {processor.py:208} INFO - Processing /home/airflow/.local/lib/python3.12/site-packages/airflow/example_dags/example_sensor_decorator.py took 0.063 seconds
[2025-06-22T08:41:26.584+0000] {processor.py:186} INFO - Started process (PID=13953) to work on /home/airflow/.local/lib/python3.12/site-packages/airflow/example_dags/example_sensor_decorator.py
[2025-06-22T08:41:26.585+0000] {processor.py:914} INFO - Processing file /home/airflow/.local/lib/python3.12/site-packages/airflow/example_dags/example_sensor_decorator.py for tasks to queue
[2025-06-22T08:41:26.586+0000] {logging_mixin.py:190} INFO - [2025-06-22T08:41:26.586+0000] {dagbag.py:588} INFO - Filling up the DagBag from /home/airflow/.local/lib/python3.12/site-packages/airflow/example_dags/example_sensor_decorator.py
[2025-06-22T08:41:26.593+0000] {processor.py:925} INFO - DAG(s) 'example_sensor_decorator' retrieved from /home/airflow/.local/lib/python3.12/site-packages/airflow/example_dags/example_sensor_decorator.py
[2025-06-22T08:41:26.605+0000] {logging_mixin.py:190} INFO - [2025-06-22T08:41:26.604+0000] {dag.py:3239} INFO - Sync 1 DAGs
[2025-06-22T08:41:26.616+0000] {logging_mixin.py:190} INFO - [2025-06-22T08:41:26.616+0000] {dag.py:4180} INFO - Setting next_dagrun for example_sensor_decorator to None, run_after=None
[2025-06-22T08:41:26.631+0000] {processor.py:208} INFO - Processing /home/airflow/.local/lib/python3.12/site-packages/airflow/example_dags/example_sensor_decorator.py took 0.055 seconds
[2025-06-22T08:41:57.568+0000] {processor.py:186} INFO - Started process (PID=14015) to work on /home/airflow/.local/lib/python3.12/site-packages/airflow/example_dags/example_sensor_decorator.py
[2025-06-22T08:41:57.569+0000] {processor.py:914} INFO - Processing file /home/airflow/.local/lib/python3.12/site-packages/airflow/example_dags/example_sensor_decorator.py for tasks to queue
[2025-06-22T08:41:57.570+0000] {logging_mixin.py:190} INFO - [2025-06-22T08:41:57.569+0000] {dagbag.py:588} INFO - Filling up the DagBag from /home/airflow/.local/lib/python3.12/site-packages/airflow/example_dags/example_sensor_decorator.py
[2025-06-22T08:41:57.575+0000] {processor.py:925} INFO - DAG(s) 'example_sensor_decorator' retrieved from /home/airflow/.local/lib/python3.12/site-packages/airflow/example_dags/example_sensor_decorator.py
[2025-06-22T08:41:57.589+0000] {logging_mixin.py:190} INFO - [2025-06-22T08:41:57.589+0000] {dag.py:3239} INFO - Sync 1 DAGs
[2025-06-22T08:41:57.598+0000] {logging_mixin.py:190} INFO - [2025-06-22T08:41:57.598+0000] {dag.py:4180} INFO - Setting next_dagrun for example_sensor_decorator to None, run_after=None
[2025-06-22T08:41:57.613+0000] {processor.py:208} INFO - Processing /home/airflow/.local/lib/python3.12/site-packages/airflow/example_dags/example_sensor_decorator.py took 0.053 seconds
[2025-06-22T08:42:28.770+0000] {processor.py:186} INFO - Started process (PID=14077) to work on /home/airflow/.local/lib/python3.12/site-packages/airflow/example_dags/example_sensor_decorator.py
[2025-06-22T08:42:28.772+0000] {processor.py:914} INFO - Processing file /home/airflow/.local/lib/python3.12/site-packages/airflow/example_dags/example_sensor_decorator.py for tasks to queue
[2025-06-22T08:42:28.773+0000] {logging_mixin.py:190} INFO - [2025-06-22T08:42:28.773+0000] {dagbag.py:588} INFO - Filling up the DagBag from /home/airflow/.local/lib/python3.12/site-packages/airflow/example_dags/example_sensor_decorator.py
[2025-06-22T08:42:28.780+0000] {processor.py:925} INFO - DAG(s) 'example_sensor_decorator' retrieved from /home/airflow/.local/lib/python3.12/site-packages/airflow/example_dags/example_sensor_decorator.py
[2025-06-22T08:42:28.797+0000] {logging_mixin.py:190} INFO - [2025-06-22T08:42:28.797+0000] {dag.py:3239} INFO - Sync 1 DAGs
[2025-06-22T08:42:28.805+0000] {logging_mixin.py:190} INFO - [2025-06-22T08:42:28.805+0000] {dag.py:4180} INFO - Setting next_dagrun for example_sensor_decorator to None, run_after=None
[2025-06-22T08:42:28.819+0000] {processor.py:208} INFO - Processing /home/airflow/.local/lib/python3.12/site-packages/airflow/example_dags/example_sensor_decorator.py took 0.053 seconds
[2025-06-22T08:42:59.026+0000] {processor.py:186} INFO - Started process (PID=14139) to work on /home/airflow/.local/lib/python3.12/site-packages/airflow/example_dags/example_sensor_decorator.py
[2025-06-22T08:42:59.026+0000] {processor.py:914} INFO - Processing file /home/airflow/.local/lib/python3.12/site-packages/airflow/example_dags/example_sensor_decorator.py for tasks to queue
[2025-06-22T08:42:59.027+0000] {logging_mixin.py:190} INFO - [2025-06-22T08:42:59.027+0000] {dagbag.py:588} INFO - Filling up the DagBag from /home/airflow/.local/lib/python3.12/site-packages/airflow/example_dags/example_sensor_decorator.py
[2025-06-22T08:42:59.032+0000] {processor.py:925} INFO - DAG(s) 'example_sensor_decorator' retrieved from /home/airflow/.local/lib/python3.12/site-packages/airflow/example_dags/example_sensor_decorator.py
[2025-06-22T08:42:59.055+0000] {logging_mixin.py:190} INFO - [2025-06-22T08:42:59.054+0000] {dag.py:3239} INFO - Sync 1 DAGs
[2025-06-22T08:42:59.067+0000] {logging_mixin.py:190} INFO - [2025-06-22T08:42:59.067+0000] {dag.py:4180} INFO - Setting next_dagrun for example_sensor_decorator to None, run_after=None
[2025-06-22T08:42:59.081+0000] {processor.py:208} INFO - Processing /home/airflow/.local/lib/python3.12/site-packages/airflow/example_dags/example_sensor_decorator.py took 0.059 seconds
[2025-06-22T08:43:30.082+0000] {processor.py:186} INFO - Started process (PID=14201) to work on /home/airflow/.local/lib/python3.12/site-packages/airflow/example_dags/example_sensor_decorator.py
[2025-06-22T08:43:30.086+0000] {processor.py:914} INFO - Processing file /home/airflow/.local/lib/python3.12/site-packages/airflow/example_dags/example_sensor_decorator.py for tasks to queue
[2025-06-22T08:43:30.088+0000] {logging_mixin.py:190} INFO - [2025-06-22T08:43:30.087+0000] {dagbag.py:588} INFO - Filling up the DagBag from /home/airflow/.local/lib/python3.12/site-packages/airflow/example_dags/example_sensor_decorator.py
[2025-06-22T08:43:30.101+0000] {processor.py:925} INFO - DAG(s) 'example_sensor_decorator' retrieved from /home/airflow/.local/lib/python3.12/site-packages/airflow/example_dags/example_sensor_decorator.py
[2025-06-22T08:43:30.133+0000] {logging_mixin.py:190} INFO - [2025-06-22T08:43:30.133+0000] {dag.py:3239} INFO - Sync 1 DAGs
[2025-06-22T08:43:30.149+0000] {logging_mixin.py:190} INFO - [2025-06-22T08:43:30.149+0000] {dag.py:4180} INFO - Setting next_dagrun for example_sensor_decorator to None, run_after=None
[2025-06-22T08:43:30.175+0000] {processor.py:208} INFO - Processing /home/airflow/.local/lib/python3.12/site-packages/airflow/example_dags/example_sensor_decorator.py took 0.104 seconds
[2025-06-22T08:44:01.213+0000] {processor.py:186} INFO - Started process (PID=14263) to work on /home/airflow/.local/lib/python3.12/site-packages/airflow/example_dags/example_sensor_decorator.py
[2025-06-22T08:44:01.214+0000] {processor.py:914} INFO - Processing file /home/airflow/.local/lib/python3.12/site-packages/airflow/example_dags/example_sensor_decorator.py for tasks to queue
[2025-06-22T08:44:01.215+0000] {logging_mixin.py:190} INFO - [2025-06-22T08:44:01.215+0000] {dagbag.py:588} INFO - Filling up the DagBag from /home/airflow/.local/lib/python3.12/site-packages/airflow/example_dags/example_sensor_decorator.py
[2025-06-22T08:44:01.235+0000] {processor.py:925} INFO - DAG(s) 'example_sensor_decorator' retrieved from /home/airflow/.local/lib/python3.12/site-packages/airflow/example_dags/example_sensor_decorator.py
[2025-06-22T08:44:01.254+0000] {logging_mixin.py:190} INFO - [2025-06-22T08:44:01.254+0000] {dag.py:3239} INFO - Sync 1 DAGs
[2025-06-22T08:44:01.264+0000] {logging_mixin.py:190} INFO - [2025-06-22T08:44:01.264+0000] {dag.py:4180} INFO - Setting next_dagrun for example_sensor_decorator to None, run_after=None
[2025-06-22T08:44:01.279+0000] {processor.py:208} INFO - Processing /home/airflow/.local/lib/python3.12/site-packages/airflow/example_dags/example_sensor_decorator.py took 0.072 seconds
[2025-06-22T08:44:32.117+0000] {processor.py:186} INFO - Started process (PID=14325) to work on /home/airflow/.local/lib/python3.12/site-packages/airflow/example_dags/example_sensor_decorator.py
[2025-06-22T08:44:32.118+0000] {processor.py:914} INFO - Processing file /home/airflow/.local/lib/python3.12/site-packages/airflow/example_dags/example_sensor_decorator.py for tasks to queue
[2025-06-22T08:44:32.118+0000] {logging_mixin.py:190} INFO - [2025-06-22T08:44:32.118+0000] {dagbag.py:588} INFO - Filling up the DagBag from /home/airflow/.local/lib/python3.12/site-packages/airflow/example_dags/example_sensor_decorator.py
[2025-06-22T08:44:32.124+0000] {processor.py:925} INFO - DAG(s) 'example_sensor_decorator' retrieved from /home/airflow/.local/lib/python3.12/site-packages/airflow/example_dags/example_sensor_decorator.py
[2025-06-22T08:44:32.144+0000] {logging_mixin.py:190} INFO - [2025-06-22T08:44:32.143+0000] {dag.py:3239} INFO - Sync 1 DAGs
[2025-06-22T08:44:32.155+0000] {logging_mixin.py:190} INFO - [2025-06-22T08:44:32.155+0000] {dag.py:4180} INFO - Setting next_dagrun for example_sensor_decorator to None, run_after=None
[2025-06-22T08:44:32.168+0000] {processor.py:208} INFO - Processing /home/airflow/.local/lib/python3.12/site-packages/airflow/example_dags/example_sensor_decorator.py took 0.055 seconds
[2025-06-22T08:45:04.124+0000] {processor.py:186} INFO - Started process (PID=14393) to work on /home/airflow/.local/lib/python3.12/site-packages/airflow/example_dags/example_sensor_decorator.py
[2025-06-22T08:45:04.127+0000] {processor.py:914} INFO - Processing file /home/airflow/.local/lib/python3.12/site-packages/airflow/example_dags/example_sensor_decorator.py for tasks to queue
[2025-06-22T08:45:04.131+0000] {logging_mixin.py:190} INFO - [2025-06-22T08:45:04.130+0000] {dagbag.py:588} INFO - Filling up the DagBag from /home/airflow/.local/lib/python3.12/site-packages/airflow/example_dags/example_sensor_decorator.py
[2025-06-22T08:45:04.142+0000] {processor.py:925} INFO - DAG(s) 'example_sensor_decorator' retrieved from /home/airflow/.local/lib/python3.12/site-packages/airflow/example_dags/example_sensor_decorator.py
[2025-06-22T08:45:04.189+0000] {logging_mixin.py:190} INFO - [2025-06-22T08:45:04.188+0000] {dag.py:3239} INFO - Sync 1 DAGs
[2025-06-22T08:45:04.224+0000] {logging_mixin.py:190} INFO - [2025-06-22T08:45:04.223+0000] {dag.py:4180} INFO - Setting next_dagrun for example_sensor_decorator to None, run_after=None
[2025-06-22T08:45:04.245+0000] {processor.py:208} INFO - Processing /home/airflow/.local/lib/python3.12/site-packages/airflow/example_dags/example_sensor_decorator.py took 0.135 seconds
[2025-06-22T08:45:34.579+0000] {processor.py:186} INFO - Started process (PID=14454) to work on /home/airflow/.local/lib/python3.12/site-packages/airflow/example_dags/example_sensor_decorator.py
[2025-06-22T08:45:34.580+0000] {processor.py:914} INFO - Processing file /home/airflow/.local/lib/python3.12/site-packages/airflow/example_dags/example_sensor_decorator.py for tasks to queue
[2025-06-22T08:45:34.581+0000] {logging_mixin.py:190} INFO - [2025-06-22T08:45:34.581+0000] {dagbag.py:588} INFO - Filling up the DagBag from /home/airflow/.local/lib/python3.12/site-packages/airflow/example_dags/example_sensor_decorator.py
[2025-06-22T08:45:34.586+0000] {processor.py:925} INFO - DAG(s) 'example_sensor_decorator' retrieved from /home/airflow/.local/lib/python3.12/site-packages/airflow/example_dags/example_sensor_decorator.py
[2025-06-22T08:45:34.599+0000] {logging_mixin.py:190} INFO - [2025-06-22T08:45:34.599+0000] {dag.py:3239} INFO - Sync 1 DAGs
[2025-06-22T08:45:34.610+0000] {logging_mixin.py:190} INFO - [2025-06-22T08:45:34.610+0000] {dag.py:4180} INFO - Setting next_dagrun for example_sensor_decorator to None, run_after=None
[2025-06-22T08:45:34.624+0000] {processor.py:208} INFO - Processing /home/airflow/.local/lib/python3.12/site-packages/airflow/example_dags/example_sensor_decorator.py took 0.049 seconds
[2025-06-22T08:46:05.039+0000] {processor.py:186} INFO - Started process (PID=14516) to work on /home/airflow/.local/lib/python3.12/site-packages/airflow/example_dags/example_sensor_decorator.py
[2025-06-22T08:46:05.043+0000] {processor.py:914} INFO - Processing file /home/airflow/.local/lib/python3.12/site-packages/airflow/example_dags/example_sensor_decorator.py for tasks to queue
[2025-06-22T08:46:05.045+0000] {logging_mixin.py:190} INFO - [2025-06-22T08:46:05.045+0000] {dagbag.py:588} INFO - Filling up the DagBag from /home/airflow/.local/lib/python3.12/site-packages/airflow/example_dags/example_sensor_decorator.py
[2025-06-22T08:46:05.049+0000] {processor.py:925} INFO - DAG(s) 'example_sensor_decorator' retrieved from /home/airflow/.local/lib/python3.12/site-packages/airflow/example_dags/example_sensor_decorator.py
[2025-06-22T08:46:05.064+0000] {logging_mixin.py:190} INFO - [2025-06-22T08:46:05.064+0000] {dag.py:3239} INFO - Sync 1 DAGs
[2025-06-22T08:46:05.074+0000] {logging_mixin.py:190} INFO - [2025-06-22T08:46:05.074+0000] {dag.py:4180} INFO - Setting next_dagrun for example_sensor_decorator to None, run_after=None
[2025-06-22T08:46:05.088+0000] {processor.py:208} INFO - Processing /home/airflow/.local/lib/python3.12/site-packages/airflow/example_dags/example_sensor_decorator.py took 0.056 seconds
[2025-06-22T08:46:35.273+0000] {processor.py:186} INFO - Started process (PID=14578) to work on /home/airflow/.local/lib/python3.12/site-packages/airflow/example_dags/example_sensor_decorator.py
[2025-06-22T08:46:35.275+0000] {processor.py:914} INFO - Processing file /home/airflow/.local/lib/python3.12/site-packages/airflow/example_dags/example_sensor_decorator.py for tasks to queue
[2025-06-22T08:46:35.276+0000] {logging_mixin.py:190} INFO - [2025-06-22T08:46:35.276+0000] {dagbag.py:588} INFO - Filling up the DagBag from /home/airflow/.local/lib/python3.12/site-packages/airflow/example_dags/example_sensor_decorator.py
[2025-06-22T08:46:35.283+0000] {processor.py:925} INFO - DAG(s) 'example_sensor_decorator' retrieved from /home/airflow/.local/lib/python3.12/site-packages/airflow/example_dags/example_sensor_decorator.py
[2025-06-22T08:46:35.294+0000] {logging_mixin.py:190} INFO - [2025-06-22T08:46:35.294+0000] {dag.py:3239} INFO - Sync 1 DAGs
[2025-06-22T08:46:35.301+0000] {logging_mixin.py:190} INFO - [2025-06-22T08:46:35.301+0000] {dag.py:4180} INFO - Setting next_dagrun for example_sensor_decorator to None, run_after=None
[2025-06-22T08:46:35.310+0000] {processor.py:208} INFO - Processing /home/airflow/.local/lib/python3.12/site-packages/airflow/example_dags/example_sensor_decorator.py took 0.042 seconds
[2025-06-22T08:47:06.073+0000] {processor.py:186} INFO - Started process (PID=14640) to work on /home/airflow/.local/lib/python3.12/site-packages/airflow/example_dags/example_sensor_decorator.py
[2025-06-22T08:47:06.074+0000] {processor.py:914} INFO - Processing file /home/airflow/.local/lib/python3.12/site-packages/airflow/example_dags/example_sensor_decorator.py for tasks to queue
[2025-06-22T08:47:06.074+0000] {logging_mixin.py:190} INFO - [2025-06-22T08:47:06.074+0000] {dagbag.py:588} INFO - Filling up the DagBag from /home/airflow/.local/lib/python3.12/site-packages/airflow/example_dags/example_sensor_decorator.py
[2025-06-22T08:47:06.080+0000] {processor.py:925} INFO - DAG(s) 'example_sensor_decorator' retrieved from /home/airflow/.local/lib/python3.12/site-packages/airflow/example_dags/example_sensor_decorator.py
[2025-06-22T08:47:06.096+0000] {logging_mixin.py:190} INFO - [2025-06-22T08:47:06.095+0000] {dag.py:3239} INFO - Sync 1 DAGs
[2025-06-22T08:47:06.108+0000] {logging_mixin.py:190} INFO - [2025-06-22T08:47:06.108+0000] {dag.py:4180} INFO - Setting next_dagrun for example_sensor_decorator to None, run_after=None
[2025-06-22T08:47:06.123+0000] {processor.py:208} INFO - Processing /home/airflow/.local/lib/python3.12/site-packages/airflow/example_dags/example_sensor_decorator.py took 0.055 seconds
[2025-06-22T08:47:36.674+0000] {processor.py:186} INFO - Started process (PID=14702) to work on /home/airflow/.local/lib/python3.12/site-packages/airflow/example_dags/example_sensor_decorator.py
[2025-06-22T08:47:36.675+0000] {processor.py:914} INFO - Processing file /home/airflow/.local/lib/python3.12/site-packages/airflow/example_dags/example_sensor_decorator.py for tasks to queue
[2025-06-22T08:47:36.676+0000] {logging_mixin.py:190} INFO - [2025-06-22T08:47:36.676+0000] {dagbag.py:588} INFO - Filling up the DagBag from /home/airflow/.local/lib/python3.12/site-packages/airflow/example_dags/example_sensor_decorator.py
[2025-06-22T08:47:36.681+0000] {processor.py:925} INFO - DAG(s) 'example_sensor_decorator' retrieved from /home/airflow/.local/lib/python3.12/site-packages/airflow/example_dags/example_sensor_decorator.py
[2025-06-22T08:47:36.694+0000] {logging_mixin.py:190} INFO - [2025-06-22T08:47:36.694+0000] {dag.py:3239} INFO - Sync 1 DAGs
[2025-06-22T08:47:36.701+0000] {logging_mixin.py:190} INFO - [2025-06-22T08:47:36.701+0000] {dag.py:4180} INFO - Setting next_dagrun for example_sensor_decorator to None, run_after=None
[2025-06-22T08:47:36.714+0000] {processor.py:208} INFO - Processing /home/airflow/.local/lib/python3.12/site-packages/airflow/example_dags/example_sensor_decorator.py took 0.045 seconds
[2025-06-22T08:48:06.918+0000] {processor.py:186} INFO - Started process (PID=14764) to work on /home/airflow/.local/lib/python3.12/site-packages/airflow/example_dags/example_sensor_decorator.py
[2025-06-22T08:48:06.919+0000] {processor.py:914} INFO - Processing file /home/airflow/.local/lib/python3.12/site-packages/airflow/example_dags/example_sensor_decorator.py for tasks to queue
[2025-06-22T08:48:06.920+0000] {logging_mixin.py:190} INFO - [2025-06-22T08:48:06.920+0000] {dagbag.py:588} INFO - Filling up the DagBag from /home/airflow/.local/lib/python3.12/site-packages/airflow/example_dags/example_sensor_decorator.py
[2025-06-22T08:48:06.926+0000] {processor.py:925} INFO - DAG(s) 'example_sensor_decorator' retrieved from /home/airflow/.local/lib/python3.12/site-packages/airflow/example_dags/example_sensor_decorator.py
[2025-06-22T08:48:06.936+0000] {logging_mixin.py:190} INFO - [2025-06-22T08:48:06.936+0000] {dag.py:3239} INFO - Sync 1 DAGs
[2025-06-22T08:48:06.944+0000] {logging_mixin.py:190} INFO - [2025-06-22T08:48:06.944+0000] {dag.py:4180} INFO - Setting next_dagrun for example_sensor_decorator to None, run_after=None
[2025-06-22T08:48:06.954+0000] {processor.py:208} INFO - Processing /home/airflow/.local/lib/python3.12/site-packages/airflow/example_dags/example_sensor_decorator.py took 0.041 seconds
[2025-06-22T08:48:38.626+0000] {processor.py:186} INFO - Started process (PID=14827) to work on /home/airflow/.local/lib/python3.12/site-packages/airflow/example_dags/example_sensor_decorator.py
[2025-06-22T08:48:38.627+0000] {processor.py:914} INFO - Processing file /home/airflow/.local/lib/python3.12/site-packages/airflow/example_dags/example_sensor_decorator.py for tasks to queue
[2025-06-22T08:48:38.628+0000] {logging_mixin.py:190} INFO - [2025-06-22T08:48:38.628+0000] {dagbag.py:588} INFO - Filling up the DagBag from /home/airflow/.local/lib/python3.12/site-packages/airflow/example_dags/example_sensor_decorator.py
[2025-06-22T08:48:38.635+0000] {processor.py:925} INFO - DAG(s) 'example_sensor_decorator' retrieved from /home/airflow/.local/lib/python3.12/site-packages/airflow/example_dags/example_sensor_decorator.py
[2025-06-22T08:48:38.649+0000] {logging_mixin.py:190} INFO - [2025-06-22T08:48:38.649+0000] {dag.py:3239} INFO - Sync 1 DAGs
[2025-06-22T08:48:38.659+0000] {logging_mixin.py:190} INFO - [2025-06-22T08:48:38.659+0000] {dag.py:4180} INFO - Setting next_dagrun for example_sensor_decorator to None, run_after=None
[2025-06-22T08:48:38.668+0000] {processor.py:208} INFO - Processing /home/airflow/.local/lib/python3.12/site-packages/airflow/example_dags/example_sensor_decorator.py took 0.046 seconds
[2025-06-22T08:49:09.987+0000] {processor.py:186} INFO - Started process (PID=14889) to work on /home/airflow/.local/lib/python3.12/site-packages/airflow/example_dags/example_sensor_decorator.py
[2025-06-22T08:49:09.988+0000] {processor.py:914} INFO - Processing file /home/airflow/.local/lib/python3.12/site-packages/airflow/example_dags/example_sensor_decorator.py for tasks to queue
[2025-06-22T08:49:09.989+0000] {logging_mixin.py:190} INFO - [2025-06-22T08:49:09.989+0000] {dagbag.py:588} INFO - Filling up the DagBag from /home/airflow/.local/lib/python3.12/site-packages/airflow/example_dags/example_sensor_decorator.py
[2025-06-22T08:49:09.993+0000] {processor.py:925} INFO - DAG(s) 'example_sensor_decorator' retrieved from /home/airflow/.local/lib/python3.12/site-packages/airflow/example_dags/example_sensor_decorator.py
[2025-06-22T08:49:10.007+0000] {logging_mixin.py:190} INFO - [2025-06-22T08:49:10.007+0000] {dag.py:3239} INFO - Sync 1 DAGs
[2025-06-22T08:49:10.016+0000] {logging_mixin.py:190} INFO - [2025-06-22T08:49:10.016+0000] {dag.py:4180} INFO - Setting next_dagrun for example_sensor_decorator to None, run_after=None
[2025-06-22T08:49:10.027+0000] {processor.py:208} INFO - Processing /home/airflow/.local/lib/python3.12/site-packages/airflow/example_dags/example_sensor_decorator.py took 0.043 seconds
[2025-06-22T08:49:41.146+0000] {processor.py:186} INFO - Started process (PID=14951) to work on /home/airflow/.local/lib/python3.12/site-packages/airflow/example_dags/example_sensor_decorator.py
[2025-06-22T08:49:41.149+0000] {processor.py:914} INFO - Processing file /home/airflow/.local/lib/python3.12/site-packages/airflow/example_dags/example_sensor_decorator.py for tasks to queue
[2025-06-22T08:49:41.150+0000] {logging_mixin.py:190} INFO - [2025-06-22T08:49:41.149+0000] {dagbag.py:588} INFO - Filling up the DagBag from /home/airflow/.local/lib/python3.12/site-packages/airflow/example_dags/example_sensor_decorator.py
[2025-06-22T08:49:41.155+0000] {processor.py:925} INFO - DAG(s) 'example_sensor_decorator' retrieved from /home/airflow/.local/lib/python3.12/site-packages/airflow/example_dags/example_sensor_decorator.py
[2025-06-22T08:49:41.166+0000] {logging_mixin.py:190} INFO - [2025-06-22T08:49:41.166+0000] {dag.py:3239} INFO - Sync 1 DAGs
[2025-06-22T08:49:41.174+0000] {logging_mixin.py:190} INFO - [2025-06-22T08:49:41.174+0000] {dag.py:4180} INFO - Setting next_dagrun for example_sensor_decorator to None, run_after=None
[2025-06-22T08:49:41.183+0000] {processor.py:208} INFO - Processing /home/airflow/.local/lib/python3.12/site-packages/airflow/example_dags/example_sensor_decorator.py took 0.040 seconds
[2025-06-22T08:50:11.977+0000] {processor.py:186} INFO - Started process (PID=15013) to work on /home/airflow/.local/lib/python3.12/site-packages/airflow/example_dags/example_sensor_decorator.py
[2025-06-22T08:50:11.978+0000] {processor.py:914} INFO - Processing file /home/airflow/.local/lib/python3.12/site-packages/airflow/example_dags/example_sensor_decorator.py for tasks to queue
[2025-06-22T08:50:11.979+0000] {logging_mixin.py:190} INFO - [2025-06-22T08:50:11.979+0000] {dagbag.py:588} INFO - Filling up the DagBag from /home/airflow/.local/lib/python3.12/site-packages/airflow/example_dags/example_sensor_decorator.py
[2025-06-22T08:50:11.984+0000] {processor.py:925} INFO - DAG(s) 'example_sensor_decorator' retrieved from /home/airflow/.local/lib/python3.12/site-packages/airflow/example_dags/example_sensor_decorator.py
[2025-06-22T08:50:11.998+0000] {logging_mixin.py:190} INFO - [2025-06-22T08:50:11.998+0000] {dag.py:3239} INFO - Sync 1 DAGs
[2025-06-22T08:50:12.009+0000] {logging_mixin.py:190} INFO - [2025-06-22T08:50:12.009+0000] {dag.py:4180} INFO - Setting next_dagrun for example_sensor_decorator to None, run_after=None
[2025-06-22T08:50:12.019+0000] {processor.py:208} INFO - Processing /home/airflow/.local/lib/python3.12/site-packages/airflow/example_dags/example_sensor_decorator.py took 0.048 seconds
[2025-06-22T08:50:43.302+0000] {processor.py:186} INFO - Started process (PID=15075) to work on /home/airflow/.local/lib/python3.12/site-packages/airflow/example_dags/example_sensor_decorator.py
[2025-06-22T08:50:43.303+0000] {processor.py:914} INFO - Processing file /home/airflow/.local/lib/python3.12/site-packages/airflow/example_dags/example_sensor_decorator.py for tasks to queue
[2025-06-22T08:50:43.304+0000] {logging_mixin.py:190} INFO - [2025-06-22T08:50:43.303+0000] {dagbag.py:588} INFO - Filling up the DagBag from /home/airflow/.local/lib/python3.12/site-packages/airflow/example_dags/example_sensor_decorator.py
[2025-06-22T08:50:43.311+0000] {processor.py:925} INFO - DAG(s) 'example_sensor_decorator' retrieved from /home/airflow/.local/lib/python3.12/site-packages/airflow/example_dags/example_sensor_decorator.py
[2025-06-22T08:50:43.326+0000] {logging_mixin.py:190} INFO - [2025-06-22T08:50:43.326+0000] {dag.py:3239} INFO - Sync 1 DAGs
[2025-06-22T08:50:43.337+0000] {logging_mixin.py:190} INFO - [2025-06-22T08:50:43.337+0000] {dag.py:4180} INFO - Setting next_dagrun for example_sensor_decorator to None, run_after=None
[2025-06-22T08:50:43.348+0000] {processor.py:208} INFO - Processing /home/airflow/.local/lib/python3.12/site-packages/airflow/example_dags/example_sensor_decorator.py took 0.053 seconds
[2025-06-22T08:51:14.855+0000] {processor.py:186} INFO - Started process (PID=15137) to work on /home/airflow/.local/lib/python3.12/site-packages/airflow/example_dags/example_sensor_decorator.py
[2025-06-22T08:51:14.856+0000] {processor.py:914} INFO - Processing file /home/airflow/.local/lib/python3.12/site-packages/airflow/example_dags/example_sensor_decorator.py for tasks to queue
[2025-06-22T08:51:14.858+0000] {logging_mixin.py:190} INFO - [2025-06-22T08:51:14.857+0000] {dagbag.py:588} INFO - Filling up the DagBag from /home/airflow/.local/lib/python3.12/site-packages/airflow/example_dags/example_sensor_decorator.py
[2025-06-22T08:51:14.867+0000] {processor.py:925} INFO - DAG(s) 'example_sensor_decorator' retrieved from /home/airflow/.local/lib/python3.12/site-packages/airflow/example_dags/example_sensor_decorator.py
[2025-06-22T08:51:14.884+0000] {logging_mixin.py:190} INFO - [2025-06-22T08:51:14.884+0000] {dag.py:3239} INFO - Sync 1 DAGs
[2025-06-22T08:51:14.900+0000] {logging_mixin.py:190} INFO - [2025-06-22T08:51:14.899+0000] {dag.py:4180} INFO - Setting next_dagrun for example_sensor_decorator to None, run_after=None
[2025-06-22T08:51:14.914+0000] {processor.py:208} INFO - Processing /home/airflow/.local/lib/python3.12/site-packages/airflow/example_dags/example_sensor_decorator.py took 0.064 seconds
[2025-06-22T08:51:50.763+0000] {processor.py:186} INFO - Started process (PID=15199) to work on /home/airflow/.local/lib/python3.12/site-packages/airflow/example_dags/example_sensor_decorator.py
[2025-06-22T08:51:50.767+0000] {processor.py:914} INFO - Processing file /home/airflow/.local/lib/python3.12/site-packages/airflow/example_dags/example_sensor_decorator.py for tasks to queue
[2025-06-22T08:51:50.768+0000] {logging_mixin.py:190} INFO - [2025-06-22T08:51:50.768+0000] {dagbag.py:588} INFO - Filling up the DagBag from /home/airflow/.local/lib/python3.12/site-packages/airflow/example_dags/example_sensor_decorator.py
[2025-06-22T08:51:50.773+0000] {processor.py:925} INFO - DAG(s) 'example_sensor_decorator' retrieved from /home/airflow/.local/lib/python3.12/site-packages/airflow/example_dags/example_sensor_decorator.py
[2025-06-22T08:51:50.787+0000] {logging_mixin.py:190} INFO - [2025-06-22T08:51:50.786+0000] {dag.py:3239} INFO - Sync 1 DAGs
[2025-06-22T08:51:50.795+0000] {logging_mixin.py:190} INFO - [2025-06-22T08:51:50.795+0000] {dag.py:4180} INFO - Setting next_dagrun for example_sensor_decorator to None, run_after=None
[2025-06-22T08:51:50.806+0000] {processor.py:208} INFO - Processing /home/airflow/.local/lib/python3.12/site-packages/airflow/example_dags/example_sensor_decorator.py took 0.046 seconds
[2025-06-22T08:52:21.890+0000] {processor.py:186} INFO - Started process (PID=15261) to work on /home/airflow/.local/lib/python3.12/site-packages/airflow/example_dags/example_sensor_decorator.py
[2025-06-22T08:52:21.891+0000] {processor.py:914} INFO - Processing file /home/airflow/.local/lib/python3.12/site-packages/airflow/example_dags/example_sensor_decorator.py for tasks to queue
[2025-06-22T08:52:21.892+0000] {logging_mixin.py:190} INFO - [2025-06-22T08:52:21.891+0000] {dagbag.py:588} INFO - Filling up the DagBag from /home/airflow/.local/lib/python3.12/site-packages/airflow/example_dags/example_sensor_decorator.py
[2025-06-22T08:52:21.897+0000] {processor.py:925} INFO - DAG(s) 'example_sensor_decorator' retrieved from /home/airflow/.local/lib/python3.12/site-packages/airflow/example_dags/example_sensor_decorator.py
[2025-06-22T08:52:21.909+0000] {logging_mixin.py:190} INFO - [2025-06-22T08:52:21.908+0000] {dag.py:3239} INFO - Sync 1 DAGs
[2025-06-22T08:52:21.920+0000] {logging_mixin.py:190} INFO - [2025-06-22T08:52:21.919+0000] {dag.py:4180} INFO - Setting next_dagrun for example_sensor_decorator to None, run_after=None
[2025-06-22T08:52:21.929+0000] {processor.py:208} INFO - Processing /home/airflow/.local/lib/python3.12/site-packages/airflow/example_dags/example_sensor_decorator.py took 0.044 seconds
[2025-06-22T08:52:52.432+0000] {processor.py:186} INFO - Started process (PID=15323) to work on /home/airflow/.local/lib/python3.12/site-packages/airflow/example_dags/example_sensor_decorator.py
[2025-06-22T08:52:52.436+0000] {processor.py:914} INFO - Processing file /home/airflow/.local/lib/python3.12/site-packages/airflow/example_dags/example_sensor_decorator.py for tasks to queue
[2025-06-22T08:52:52.437+0000] {logging_mixin.py:190} INFO - [2025-06-22T08:52:52.437+0000] {dagbag.py:588} INFO - Filling up the DagBag from /home/airflow/.local/lib/python3.12/site-packages/airflow/example_dags/example_sensor_decorator.py
[2025-06-22T08:52:52.446+0000] {processor.py:925} INFO - DAG(s) 'example_sensor_decorator' retrieved from /home/airflow/.local/lib/python3.12/site-packages/airflow/example_dags/example_sensor_decorator.py
[2025-06-22T08:52:52.467+0000] {logging_mixin.py:190} INFO - [2025-06-22T08:52:52.466+0000] {dag.py:3239} INFO - Sync 1 DAGs
[2025-06-22T08:52:52.477+0000] {logging_mixin.py:190} INFO - [2025-06-22T08:52:52.477+0000] {dag.py:4180} INFO - Setting next_dagrun for example_sensor_decorator to None, run_after=None
[2025-06-22T08:52:52.488+0000] {processor.py:208} INFO - Processing /home/airflow/.local/lib/python3.12/site-packages/airflow/example_dags/example_sensor_decorator.py took 0.062 seconds
[2025-06-22T08:53:22.856+0000] {processor.py:186} INFO - Started process (PID=15385) to work on /home/airflow/.local/lib/python3.12/site-packages/airflow/example_dags/example_sensor_decorator.py
[2025-06-22T08:53:22.857+0000] {processor.py:914} INFO - Processing file /home/airflow/.local/lib/python3.12/site-packages/airflow/example_dags/example_sensor_decorator.py for tasks to queue
[2025-06-22T08:53:22.858+0000] {logging_mixin.py:190} INFO - [2025-06-22T08:53:22.858+0000] {dagbag.py:588} INFO - Filling up the DagBag from /home/airflow/.local/lib/python3.12/site-packages/airflow/example_dags/example_sensor_decorator.py
[2025-06-22T08:53:22.864+0000] {processor.py:925} INFO - DAG(s) 'example_sensor_decorator' retrieved from /home/airflow/.local/lib/python3.12/site-packages/airflow/example_dags/example_sensor_decorator.py
[2025-06-22T08:53:22.882+0000] {logging_mixin.py:190} INFO - [2025-06-22T08:53:22.882+0000] {dag.py:3239} INFO - Sync 1 DAGs
[2025-06-22T08:53:22.892+0000] {logging_mixin.py:190} INFO - [2025-06-22T08:53:22.892+0000] {dag.py:4180} INFO - Setting next_dagrun for example_sensor_decorator to None, run_after=None
[2025-06-22T08:53:22.903+0000] {processor.py:208} INFO - Processing /home/airflow/.local/lib/python3.12/site-packages/airflow/example_dags/example_sensor_decorator.py took 0.052 seconds
[2025-06-22T08:53:53.694+0000] {processor.py:186} INFO - Started process (PID=15447) to work on /home/airflow/.local/lib/python3.12/site-packages/airflow/example_dags/example_sensor_decorator.py
[2025-06-22T08:53:53.697+0000] {processor.py:914} INFO - Processing file /home/airflow/.local/lib/python3.12/site-packages/airflow/example_dags/example_sensor_decorator.py for tasks to queue
[2025-06-22T08:53:53.698+0000] {logging_mixin.py:190} INFO - [2025-06-22T08:53:53.698+0000] {dagbag.py:588} INFO - Filling up the DagBag from /home/airflow/.local/lib/python3.12/site-packages/airflow/example_dags/example_sensor_decorator.py
[2025-06-22T08:53:53.708+0000] {processor.py:925} INFO - DAG(s) 'example_sensor_decorator' retrieved from /home/airflow/.local/lib/python3.12/site-packages/airflow/example_dags/example_sensor_decorator.py
[2025-06-22T08:53:53.732+0000] {logging_mixin.py:190} INFO - [2025-06-22T08:53:53.732+0000] {dag.py:3239} INFO - Sync 1 DAGs
[2025-06-22T08:53:53.751+0000] {logging_mixin.py:190} INFO - [2025-06-22T08:53:53.751+0000] {dag.py:4180} INFO - Setting next_dagrun for example_sensor_decorator to None, run_after=None
[2025-06-22T08:53:53.766+0000] {processor.py:208} INFO - Processing /home/airflow/.local/lib/python3.12/site-packages/airflow/example_dags/example_sensor_decorator.py took 0.082 seconds
[2025-06-22T08:54:25.305+0000] {processor.py:186} INFO - Started process (PID=15509) to work on /home/airflow/.local/lib/python3.12/site-packages/airflow/example_dags/example_sensor_decorator.py
[2025-06-22T08:54:25.306+0000] {processor.py:914} INFO - Processing file /home/airflow/.local/lib/python3.12/site-packages/airflow/example_dags/example_sensor_decorator.py for tasks to queue
[2025-06-22T08:54:25.307+0000] {logging_mixin.py:190} INFO - [2025-06-22T08:54:25.306+0000] {dagbag.py:588} INFO - Filling up the DagBag from /home/airflow/.local/lib/python3.12/site-packages/airflow/example_dags/example_sensor_decorator.py
[2025-06-22T08:54:25.313+0000] {processor.py:925} INFO - DAG(s) 'example_sensor_decorator' retrieved from /home/airflow/.local/lib/python3.12/site-packages/airflow/example_dags/example_sensor_decorator.py
[2025-06-22T08:54:25.329+0000] {logging_mixin.py:190} INFO - [2025-06-22T08:54:25.329+0000] {dag.py:3239} INFO - Sync 1 DAGs
[2025-06-22T08:54:25.486+0000] {logging_mixin.py:190} INFO - [2025-06-22T08:54:25.486+0000] {dag.py:4180} INFO - Setting next_dagrun for example_sensor_decorator to None, run_after=None
[2025-06-22T08:54:25.502+0000] {processor.py:208} INFO - Processing /home/airflow/.local/lib/python3.12/site-packages/airflow/example_dags/example_sensor_decorator.py took 0.202 seconds
[2025-06-22T08:54:57.883+0000] {processor.py:186} INFO - Started process (PID=15570) to work on /home/airflow/.local/lib/python3.12/site-packages/airflow/example_dags/example_sensor_decorator.py
[2025-06-22T08:54:57.892+0000] {processor.py:914} INFO - Processing file /home/airflow/.local/lib/python3.12/site-packages/airflow/example_dags/example_sensor_decorator.py for tasks to queue
[2025-06-22T08:54:57.900+0000] {logging_mixin.py:190} INFO - [2025-06-22T08:54:57.899+0000] {dagbag.py:588} INFO - Filling up the DagBag from /home/airflow/.local/lib/python3.12/site-packages/airflow/example_dags/example_sensor_decorator.py
[2025-06-22T08:54:57.921+0000] {processor.py:925} INFO - DAG(s) 'example_sensor_decorator' retrieved from /home/airflow/.local/lib/python3.12/site-packages/airflow/example_dags/example_sensor_decorator.py
[2025-06-22T08:54:57.962+0000] {logging_mixin.py:190} INFO - [2025-06-22T08:54:57.962+0000] {dag.py:3239} INFO - Sync 1 DAGs
[2025-06-22T08:54:58.363+0000] {logging_mixin.py:190} INFO - [2025-06-22T08:54:58.362+0000] {dag.py:4180} INFO - Setting next_dagrun for example_sensor_decorator to None, run_after=None
[2025-06-22T08:54:58.386+0000] {processor.py:208} INFO - Processing /home/airflow/.local/lib/python3.12/site-packages/airflow/example_dags/example_sensor_decorator.py took 0.547 seconds
[2025-06-22T08:55:28.657+0000] {processor.py:186} INFO - Started process (PID=15632) to work on /home/airflow/.local/lib/python3.12/site-packages/airflow/example_dags/example_sensor_decorator.py
[2025-06-22T08:55:28.662+0000] {processor.py:914} INFO - Processing file /home/airflow/.local/lib/python3.12/site-packages/airflow/example_dags/example_sensor_decorator.py for tasks to queue
[2025-06-22T08:55:28.664+0000] {logging_mixin.py:190} INFO - [2025-06-22T08:55:28.664+0000] {dagbag.py:588} INFO - Filling up the DagBag from /home/airflow/.local/lib/python3.12/site-packages/airflow/example_dags/example_sensor_decorator.py
[2025-06-22T08:55:28.669+0000] {processor.py:925} INFO - DAG(s) 'example_sensor_decorator' retrieved from /home/airflow/.local/lib/python3.12/site-packages/airflow/example_dags/example_sensor_decorator.py
[2025-06-22T08:55:28.689+0000] {logging_mixin.py:190} INFO - [2025-06-22T08:55:28.688+0000] {dag.py:3239} INFO - Sync 1 DAGs
[2025-06-22T08:55:28.699+0000] {logging_mixin.py:190} INFO - [2025-06-22T08:55:28.699+0000] {dag.py:4180} INFO - Setting next_dagrun for example_sensor_decorator to None, run_after=None
[2025-06-22T08:55:28.714+0000] {processor.py:208} INFO - Processing /home/airflow/.local/lib/python3.12/site-packages/airflow/example_dags/example_sensor_decorator.py took 0.065 seconds
[2025-06-22T08:55:59.065+0000] {processor.py:186} INFO - Started process (PID=15694) to work on /home/airflow/.local/lib/python3.12/site-packages/airflow/example_dags/example_sensor_decorator.py
[2025-06-22T08:55:59.066+0000] {processor.py:914} INFO - Processing file /home/airflow/.local/lib/python3.12/site-packages/airflow/example_dags/example_sensor_decorator.py for tasks to queue
[2025-06-22T08:55:59.068+0000] {logging_mixin.py:190} INFO - [2025-06-22T08:55:59.067+0000] {dagbag.py:588} INFO - Filling up the DagBag from /home/airflow/.local/lib/python3.12/site-packages/airflow/example_dags/example_sensor_decorator.py
[2025-06-22T08:55:59.076+0000] {processor.py:925} INFO - DAG(s) 'example_sensor_decorator' retrieved from /home/airflow/.local/lib/python3.12/site-packages/airflow/example_dags/example_sensor_decorator.py
[2025-06-22T08:55:59.093+0000] {logging_mixin.py:190} INFO - [2025-06-22T08:55:59.093+0000] {dag.py:3239} INFO - Sync 1 DAGs
[2025-06-22T08:55:59.105+0000] {logging_mixin.py:190} INFO - [2025-06-22T08:55:59.105+0000] {dag.py:4180} INFO - Setting next_dagrun for example_sensor_decorator to None, run_after=None
[2025-06-22T08:55:59.121+0000] {processor.py:208} INFO - Processing /home/airflow/.local/lib/python3.12/site-packages/airflow/example_dags/example_sensor_decorator.py took 0.066 seconds
[2025-06-22T08:56:29.856+0000] {processor.py:186} INFO - Started process (PID=15756) to work on /home/airflow/.local/lib/python3.12/site-packages/airflow/example_dags/example_sensor_decorator.py
[2025-06-22T08:56:29.859+0000] {processor.py:914} INFO - Processing file /home/airflow/.local/lib/python3.12/site-packages/airflow/example_dags/example_sensor_decorator.py for tasks to queue
[2025-06-22T08:56:29.861+0000] {logging_mixin.py:190} INFO - [2025-06-22T08:56:29.860+0000] {dagbag.py:588} INFO - Filling up the DagBag from /home/airflow/.local/lib/python3.12/site-packages/airflow/example_dags/example_sensor_decorator.py
[2025-06-22T08:56:29.866+0000] {processor.py:925} INFO - DAG(s) 'example_sensor_decorator' retrieved from /home/airflow/.local/lib/python3.12/site-packages/airflow/example_dags/example_sensor_decorator.py
[2025-06-22T08:56:29.886+0000] {logging_mixin.py:190} INFO - [2025-06-22T08:56:29.885+0000] {dag.py:3239} INFO - Sync 1 DAGs
[2025-06-22T08:56:29.894+0000] {logging_mixin.py:190} INFO - [2025-06-22T08:56:29.894+0000] {dag.py:4180} INFO - Setting next_dagrun for example_sensor_decorator to None, run_after=None
[2025-06-22T08:56:29.907+0000] {processor.py:208} INFO - Processing /home/airflow/.local/lib/python3.12/site-packages/airflow/example_dags/example_sensor_decorator.py took 0.064 seconds
[2025-06-22T08:57:00.777+0000] {processor.py:186} INFO - Started process (PID=15818) to work on /home/airflow/.local/lib/python3.12/site-packages/airflow/example_dags/example_sensor_decorator.py
[2025-06-22T08:57:00.778+0000] {processor.py:914} INFO - Processing file /home/airflow/.local/lib/python3.12/site-packages/airflow/example_dags/example_sensor_decorator.py for tasks to queue
[2025-06-22T08:57:00.779+0000] {logging_mixin.py:190} INFO - [2025-06-22T08:57:00.779+0000] {dagbag.py:588} INFO - Filling up the DagBag from /home/airflow/.local/lib/python3.12/site-packages/airflow/example_dags/example_sensor_decorator.py
[2025-06-22T08:57:00.786+0000] {processor.py:925} INFO - DAG(s) 'example_sensor_decorator' retrieved from /home/airflow/.local/lib/python3.12/site-packages/airflow/example_dags/example_sensor_decorator.py
[2025-06-22T08:57:00.813+0000] {logging_mixin.py:190} INFO - [2025-06-22T08:57:00.812+0000] {dag.py:3239} INFO - Sync 1 DAGs
[2025-06-22T08:57:00.831+0000] {logging_mixin.py:190} INFO - [2025-06-22T08:57:00.830+0000] {dag.py:4180} INFO - Setting next_dagrun for example_sensor_decorator to None, run_after=None
[2025-06-22T08:57:00.848+0000] {processor.py:208} INFO - Processing /home/airflow/.local/lib/python3.12/site-packages/airflow/example_dags/example_sensor_decorator.py took 0.083 seconds
[2025-06-22T08:57:31.780+0000] {processor.py:186} INFO - Started process (PID=15880) to work on /home/airflow/.local/lib/python3.12/site-packages/airflow/example_dags/example_sensor_decorator.py
[2025-06-22T08:57:31.781+0000] {processor.py:914} INFO - Processing file /home/airflow/.local/lib/python3.12/site-packages/airflow/example_dags/example_sensor_decorator.py for tasks to queue
[2025-06-22T08:57:31.783+0000] {logging_mixin.py:190} INFO - [2025-06-22T08:57:31.783+0000] {dagbag.py:588} INFO - Filling up the DagBag from /home/airflow/.local/lib/python3.12/site-packages/airflow/example_dags/example_sensor_decorator.py
[2025-06-22T08:57:31.792+0000] {processor.py:925} INFO - DAG(s) 'example_sensor_decorator' retrieved from /home/airflow/.local/lib/python3.12/site-packages/airflow/example_dags/example_sensor_decorator.py
[2025-06-22T08:57:31.820+0000] {logging_mixin.py:190} INFO - [2025-06-22T08:57:31.820+0000] {dag.py:3239} INFO - Sync 1 DAGs
[2025-06-22T08:57:31.834+0000] {logging_mixin.py:190} INFO - [2025-06-22T08:57:31.834+0000] {dag.py:4180} INFO - Setting next_dagrun for example_sensor_decorator to None, run_after=None
[2025-06-22T08:57:31.853+0000] {processor.py:208} INFO - Processing /home/airflow/.local/lib/python3.12/site-packages/airflow/example_dags/example_sensor_decorator.py took 0.080 seconds
[2025-06-22T08:58:01.934+0000] {processor.py:186} INFO - Started process (PID=15942) to work on /home/airflow/.local/lib/python3.12/site-packages/airflow/example_dags/example_sensor_decorator.py
[2025-06-22T08:58:01.935+0000] {processor.py:914} INFO - Processing file /home/airflow/.local/lib/python3.12/site-packages/airflow/example_dags/example_sensor_decorator.py for tasks to queue
[2025-06-22T08:58:01.936+0000] {logging_mixin.py:190} INFO - [2025-06-22T08:58:01.936+0000] {dagbag.py:588} INFO - Filling up the DagBag from /home/airflow/.local/lib/python3.12/site-packages/airflow/example_dags/example_sensor_decorator.py
[2025-06-22T08:58:01.952+0000] {processor.py:925} INFO - DAG(s) 'example_sensor_decorator' retrieved from /home/airflow/.local/lib/python3.12/site-packages/airflow/example_dags/example_sensor_decorator.py
[2025-06-22T08:58:01.974+0000] {logging_mixin.py:190} INFO - [2025-06-22T08:58:01.974+0000] {dag.py:3239} INFO - Sync 1 DAGs
[2025-06-22T08:58:01.995+0000] {logging_mixin.py:190} INFO - [2025-06-22T08:58:01.995+0000] {dag.py:4180} INFO - Setting next_dagrun for example_sensor_decorator to None, run_after=None
[2025-06-22T08:58:02.009+0000] {processor.py:208} INFO - Processing /home/airflow/.local/lib/python3.12/site-packages/airflow/example_dags/example_sensor_decorator.py took 0.086 seconds
[2025-06-22T08:58:32.683+0000] {processor.py:186} INFO - Started process (PID=16004) to work on /home/airflow/.local/lib/python3.12/site-packages/airflow/example_dags/example_sensor_decorator.py
[2025-06-22T08:58:32.685+0000] {processor.py:914} INFO - Processing file /home/airflow/.local/lib/python3.12/site-packages/airflow/example_dags/example_sensor_decorator.py for tasks to queue
[2025-06-22T08:58:32.687+0000] {logging_mixin.py:190} INFO - [2025-06-22T08:58:32.686+0000] {dagbag.py:588} INFO - Filling up the DagBag from /home/airflow/.local/lib/python3.12/site-packages/airflow/example_dags/example_sensor_decorator.py
[2025-06-22T08:58:32.700+0000] {processor.py:925} INFO - DAG(s) 'example_sensor_decorator' retrieved from /home/airflow/.local/lib/python3.12/site-packages/airflow/example_dags/example_sensor_decorator.py
[2025-06-22T08:58:32.733+0000] {logging_mixin.py:190} INFO - [2025-06-22T08:58:32.733+0000] {dag.py:3239} INFO - Sync 1 DAGs
[2025-06-22T08:58:32.755+0000] {logging_mixin.py:190} INFO - [2025-06-22T08:58:32.755+0000] {dag.py:4180} INFO - Setting next_dagrun for example_sensor_decorator to None, run_after=None
[2025-06-22T08:58:32.782+0000] {processor.py:208} INFO - Processing /home/airflow/.local/lib/python3.12/site-packages/airflow/example_dags/example_sensor_decorator.py took 0.107 seconds
[2025-06-22T08:59:03.240+0000] {processor.py:186} INFO - Started process (PID=16066) to work on /home/airflow/.local/lib/python3.12/site-packages/airflow/example_dags/example_sensor_decorator.py
[2025-06-22T08:59:03.244+0000] {processor.py:914} INFO - Processing file /home/airflow/.local/lib/python3.12/site-packages/airflow/example_dags/example_sensor_decorator.py for tasks to queue
[2025-06-22T08:59:03.247+0000] {logging_mixin.py:190} INFO - [2025-06-22T08:59:03.247+0000] {dagbag.py:588} INFO - Filling up the DagBag from /home/airflow/.local/lib/python3.12/site-packages/airflow/example_dags/example_sensor_decorator.py
[2025-06-22T08:59:03.262+0000] {processor.py:925} INFO - DAG(s) 'example_sensor_decorator' retrieved from /home/airflow/.local/lib/python3.12/site-packages/airflow/example_dags/example_sensor_decorator.py
[2025-06-22T08:59:03.297+0000] {logging_mixin.py:190} INFO - [2025-06-22T08:59:03.296+0000] {dag.py:3239} INFO - Sync 1 DAGs
[2025-06-22T08:59:03.322+0000] {logging_mixin.py:190} INFO - [2025-06-22T08:59:03.322+0000] {dag.py:4180} INFO - Setting next_dagrun for example_sensor_decorator to None, run_after=None
[2025-06-22T08:59:03.340+0000] {processor.py:208} INFO - Processing /home/airflow/.local/lib/python3.12/site-packages/airflow/example_dags/example_sensor_decorator.py took 0.105 seconds
[2025-06-22T08:59:33.466+0000] {processor.py:186} INFO - Started process (PID=16128) to work on /home/airflow/.local/lib/python3.12/site-packages/airflow/example_dags/example_sensor_decorator.py
[2025-06-22T08:59:33.468+0000] {processor.py:914} INFO - Processing file /home/airflow/.local/lib/python3.12/site-packages/airflow/example_dags/example_sensor_decorator.py for tasks to queue
[2025-06-22T08:59:33.470+0000] {logging_mixin.py:190} INFO - [2025-06-22T08:59:33.469+0000] {dagbag.py:588} INFO - Filling up the DagBag from /home/airflow/.local/lib/python3.12/site-packages/airflow/example_dags/example_sensor_decorator.py
[2025-06-22T08:59:33.485+0000] {processor.py:925} INFO - DAG(s) 'example_sensor_decorator' retrieved from /home/airflow/.local/lib/python3.12/site-packages/airflow/example_dags/example_sensor_decorator.py
[2025-06-22T08:59:33.516+0000] {logging_mixin.py:190} INFO - [2025-06-22T08:59:33.516+0000] {dag.py:3239} INFO - Sync 1 DAGs
[2025-06-22T08:59:33.541+0000] {logging_mixin.py:190} INFO - [2025-06-22T08:59:33.541+0000] {dag.py:4180} INFO - Setting next_dagrun for example_sensor_decorator to None, run_after=None
[2025-06-22T08:59:33.570+0000] {processor.py:208} INFO - Processing /home/airflow/.local/lib/python3.12/site-packages/airflow/example_dags/example_sensor_decorator.py took 0.111 seconds
[2025-06-22T09:00:03.937+0000] {processor.py:186} INFO - Started process (PID=16190) to work on /home/airflow/.local/lib/python3.12/site-packages/airflow/example_dags/example_sensor_decorator.py
[2025-06-22T09:00:03.940+0000] {processor.py:914} INFO - Processing file /home/airflow/.local/lib/python3.12/site-packages/airflow/example_dags/example_sensor_decorator.py for tasks to queue
[2025-06-22T09:00:03.946+0000] {logging_mixin.py:190} INFO - [2025-06-22T09:00:03.945+0000] {dagbag.py:588} INFO - Filling up the DagBag from /home/airflow/.local/lib/python3.12/site-packages/airflow/example_dags/example_sensor_decorator.py
[2025-06-22T09:00:03.968+0000] {processor.py:925} INFO - DAG(s) 'example_sensor_decorator' retrieved from /home/airflow/.local/lib/python3.12/site-packages/airflow/example_dags/example_sensor_decorator.py
[2025-06-22T09:00:03.999+0000] {logging_mixin.py:190} INFO - [2025-06-22T09:00:03.998+0000] {dag.py:3239} INFO - Sync 1 DAGs
[2025-06-22T09:00:04.031+0000] {logging_mixin.py:190} INFO - [2025-06-22T09:00:04.030+0000] {dag.py:4180} INFO - Setting next_dagrun for example_sensor_decorator to None, run_after=None
[2025-06-22T09:00:04.053+0000] {processor.py:208} INFO - Processing /home/airflow/.local/lib/python3.12/site-packages/airflow/example_dags/example_sensor_decorator.py took 0.127 seconds
[2025-06-22T09:00:34.128+0000] {processor.py:186} INFO - Started process (PID=16252) to work on /home/airflow/.local/lib/python3.12/site-packages/airflow/example_dags/example_sensor_decorator.py
[2025-06-22T09:00:34.131+0000] {processor.py:914} INFO - Processing file /home/airflow/.local/lib/python3.12/site-packages/airflow/example_dags/example_sensor_decorator.py for tasks to queue
[2025-06-22T09:00:34.132+0000] {logging_mixin.py:190} INFO - [2025-06-22T09:00:34.132+0000] {dagbag.py:588} INFO - Filling up the DagBag from /home/airflow/.local/lib/python3.12/site-packages/airflow/example_dags/example_sensor_decorator.py
[2025-06-22T09:00:34.143+0000] {processor.py:925} INFO - DAG(s) 'example_sensor_decorator' retrieved from /home/airflow/.local/lib/python3.12/site-packages/airflow/example_dags/example_sensor_decorator.py
[2025-06-22T09:00:34.192+0000] {logging_mixin.py:190} INFO - [2025-06-22T09:00:34.191+0000] {dag.py:3239} INFO - Sync 1 DAGs
[2025-06-22T09:00:34.206+0000] {logging_mixin.py:190} INFO - [2025-06-22T09:00:34.206+0000] {dag.py:4180} INFO - Setting next_dagrun for example_sensor_decorator to None, run_after=None
[2025-06-22T09:00:34.222+0000] {processor.py:208} INFO - Processing /home/airflow/.local/lib/python3.12/site-packages/airflow/example_dags/example_sensor_decorator.py took 0.099 seconds
[2025-06-22T09:01:05.363+0000] {processor.py:186} INFO - Started process (PID=16314) to work on /home/airflow/.local/lib/python3.12/site-packages/airflow/example_dags/example_sensor_decorator.py
[2025-06-22T09:01:05.367+0000] {processor.py:914} INFO - Processing file /home/airflow/.local/lib/python3.12/site-packages/airflow/example_dags/example_sensor_decorator.py for tasks to queue
[2025-06-22T09:01:05.368+0000] {logging_mixin.py:190} INFO - [2025-06-22T09:01:05.368+0000] {dagbag.py:588} INFO - Filling up the DagBag from /home/airflow/.local/lib/python3.12/site-packages/airflow/example_dags/example_sensor_decorator.py
[2025-06-22T09:01:05.374+0000] {processor.py:925} INFO - DAG(s) 'example_sensor_decorator' retrieved from /home/airflow/.local/lib/python3.12/site-packages/airflow/example_dags/example_sensor_decorator.py
[2025-06-22T09:01:05.388+0000] {logging_mixin.py:190} INFO - [2025-06-22T09:01:05.387+0000] {dag.py:3239} INFO - Sync 1 DAGs
[2025-06-22T09:01:05.397+0000] {logging_mixin.py:190} INFO - [2025-06-22T09:01:05.397+0000] {dag.py:4180} INFO - Setting next_dagrun for example_sensor_decorator to None, run_after=None
[2025-06-22T09:01:05.406+0000] {processor.py:208} INFO - Processing /home/airflow/.local/lib/python3.12/site-packages/airflow/example_dags/example_sensor_decorator.py took 0.050 seconds
[2025-06-22T09:01:35.488+0000] {processor.py:186} INFO - Started process (PID=16376) to work on /home/airflow/.local/lib/python3.12/site-packages/airflow/example_dags/example_sensor_decorator.py
[2025-06-22T09:01:35.489+0000] {processor.py:914} INFO - Processing file /home/airflow/.local/lib/python3.12/site-packages/airflow/example_dags/example_sensor_decorator.py for tasks to queue
[2025-06-22T09:01:35.490+0000] {logging_mixin.py:190} INFO - [2025-06-22T09:01:35.489+0000] {dagbag.py:588} INFO - Filling up the DagBag from /home/airflow/.local/lib/python3.12/site-packages/airflow/example_dags/example_sensor_decorator.py
[2025-06-22T09:01:35.497+0000] {processor.py:925} INFO - DAG(s) 'example_sensor_decorator' retrieved from /home/airflow/.local/lib/python3.12/site-packages/airflow/example_dags/example_sensor_decorator.py
[2025-06-22T09:01:35.513+0000] {logging_mixin.py:190} INFO - [2025-06-22T09:01:35.512+0000] {dag.py:3239} INFO - Sync 1 DAGs
[2025-06-22T09:01:35.525+0000] {logging_mixin.py:190} INFO - [2025-06-22T09:01:35.525+0000] {dag.py:4180} INFO - Setting next_dagrun for example_sensor_decorator to None, run_after=None
[2025-06-22T09:01:35.557+0000] {processor.py:208} INFO - Processing /home/airflow/.local/lib/python3.12/site-packages/airflow/example_dags/example_sensor_decorator.py took 0.075 seconds
[2025-06-22T09:02:06.525+0000] {processor.py:186} INFO - Started process (PID=16438) to work on /home/airflow/.local/lib/python3.12/site-packages/airflow/example_dags/example_sensor_decorator.py
[2025-06-22T09:02:06.528+0000] {processor.py:914} INFO - Processing file /home/airflow/.local/lib/python3.12/site-packages/airflow/example_dags/example_sensor_decorator.py for tasks to queue
[2025-06-22T09:02:06.530+0000] {logging_mixin.py:190} INFO - [2025-06-22T09:02:06.529+0000] {dagbag.py:588} INFO - Filling up the DagBag from /home/airflow/.local/lib/python3.12/site-packages/airflow/example_dags/example_sensor_decorator.py
[2025-06-22T09:02:06.575+0000] {processor.py:925} INFO - DAG(s) 'example_sensor_decorator' retrieved from /home/airflow/.local/lib/python3.12/site-packages/airflow/example_dags/example_sensor_decorator.py
[2025-06-22T09:02:06.630+0000] {logging_mixin.py:190} INFO - [2025-06-22T09:02:06.630+0000] {dag.py:3239} INFO - Sync 1 DAGs
[2025-06-22T09:02:06.656+0000] {logging_mixin.py:190} INFO - [2025-06-22T09:02:06.656+0000] {dag.py:4180} INFO - Setting next_dagrun for example_sensor_decorator to None, run_after=None
[2025-06-22T09:02:06.691+0000] {processor.py:208} INFO - Processing /home/airflow/.local/lib/python3.12/site-packages/airflow/example_dags/example_sensor_decorator.py took 0.193 seconds
[2025-06-22T09:02:38.022+0000] {processor.py:186} INFO - Started process (PID=16506) to work on /home/airflow/.local/lib/python3.12/site-packages/airflow/example_dags/example_sensor_decorator.py
[2025-06-22T09:02:38.025+0000] {processor.py:914} INFO - Processing file /home/airflow/.local/lib/python3.12/site-packages/airflow/example_dags/example_sensor_decorator.py for tasks to queue
[2025-06-22T09:02:38.027+0000] {logging_mixin.py:190} INFO - [2025-06-22T09:02:38.027+0000] {dagbag.py:588} INFO - Filling up the DagBag from /home/airflow/.local/lib/python3.12/site-packages/airflow/example_dags/example_sensor_decorator.py
[2025-06-22T09:02:38.048+0000] {processor.py:925} INFO - DAG(s) 'example_sensor_decorator' retrieved from /home/airflow/.local/lib/python3.12/site-packages/airflow/example_dags/example_sensor_decorator.py
[2025-06-22T09:02:38.074+0000] {logging_mixin.py:190} INFO - [2025-06-22T09:02:38.074+0000] {dag.py:3239} INFO - Sync 1 DAGs
[2025-06-22T09:02:38.084+0000] {logging_mixin.py:190} INFO - [2025-06-22T09:02:38.084+0000] {dag.py:4180} INFO - Setting next_dagrun for example_sensor_decorator to None, run_after=None
[2025-06-22T09:02:38.097+0000] {processor.py:208} INFO - Processing /home/airflow/.local/lib/python3.12/site-packages/airflow/example_dags/example_sensor_decorator.py took 0.094 seconds
[2025-06-22T09:03:08.945+0000] {processor.py:186} INFO - Started process (PID=16568) to work on /home/airflow/.local/lib/python3.12/site-packages/airflow/example_dags/example_sensor_decorator.py
[2025-06-22T09:03:08.946+0000] {processor.py:914} INFO - Processing file /home/airflow/.local/lib/python3.12/site-packages/airflow/example_dags/example_sensor_decorator.py for tasks to queue
[2025-06-22T09:03:08.947+0000] {logging_mixin.py:190} INFO - [2025-06-22T09:03:08.947+0000] {dagbag.py:588} INFO - Filling up the DagBag from /home/airflow/.local/lib/python3.12/site-packages/airflow/example_dags/example_sensor_decorator.py
[2025-06-22T09:03:08.952+0000] {processor.py:925} INFO - DAG(s) 'example_sensor_decorator' retrieved from /home/airflow/.local/lib/python3.12/site-packages/airflow/example_dags/example_sensor_decorator.py
[2025-06-22T09:03:08.965+0000] {logging_mixin.py:190} INFO - [2025-06-22T09:03:08.964+0000] {dag.py:3239} INFO - Sync 1 DAGs
[2025-06-22T09:03:08.974+0000] {logging_mixin.py:190} INFO - [2025-06-22T09:03:08.973+0000] {dag.py:4180} INFO - Setting next_dagrun for example_sensor_decorator to None, run_after=None
[2025-06-22T09:03:08.986+0000] {processor.py:208} INFO - Processing /home/airflow/.local/lib/python3.12/site-packages/airflow/example_dags/example_sensor_decorator.py took 0.045 seconds
[2025-06-22T09:03:39.071+0000] {processor.py:186} INFO - Started process (PID=16630) to work on /home/airflow/.local/lib/python3.12/site-packages/airflow/example_dags/example_sensor_decorator.py
[2025-06-22T09:03:39.072+0000] {processor.py:914} INFO - Processing file /home/airflow/.local/lib/python3.12/site-packages/airflow/example_dags/example_sensor_decorator.py for tasks to queue
[2025-06-22T09:03:39.073+0000] {logging_mixin.py:190} INFO - [2025-06-22T09:03:39.073+0000] {dagbag.py:588} INFO - Filling up the DagBag from /home/airflow/.local/lib/python3.12/site-packages/airflow/example_dags/example_sensor_decorator.py
[2025-06-22T09:03:39.081+0000] {processor.py:925} INFO - DAG(s) 'example_sensor_decorator' retrieved from /home/airflow/.local/lib/python3.12/site-packages/airflow/example_dags/example_sensor_decorator.py
[2025-06-22T09:03:39.094+0000] {logging_mixin.py:190} INFO - [2025-06-22T09:03:39.094+0000] {dag.py:3239} INFO - Sync 1 DAGs
[2025-06-22T09:03:39.105+0000] {logging_mixin.py:190} INFO - [2025-06-22T09:03:39.105+0000] {dag.py:4180} INFO - Setting next_dagrun for example_sensor_decorator to None, run_after=None
[2025-06-22T09:03:39.122+0000] {processor.py:208} INFO - Processing /home/airflow/.local/lib/python3.12/site-packages/airflow/example_dags/example_sensor_decorator.py took 0.057 seconds
[2025-06-22T09:04:09.436+0000] {processor.py:186} INFO - Started process (PID=16692) to work on /home/airflow/.local/lib/python3.12/site-packages/airflow/example_dags/example_sensor_decorator.py
[2025-06-22T09:04:09.437+0000] {processor.py:914} INFO - Processing file /home/airflow/.local/lib/python3.12/site-packages/airflow/example_dags/example_sensor_decorator.py for tasks to queue
[2025-06-22T09:04:09.437+0000] {logging_mixin.py:190} INFO - [2025-06-22T09:04:09.437+0000] {dagbag.py:588} INFO - Filling up the DagBag from /home/airflow/.local/lib/python3.12/site-packages/airflow/example_dags/example_sensor_decorator.py
[2025-06-22T09:04:09.444+0000] {processor.py:925} INFO - DAG(s) 'example_sensor_decorator' retrieved from /home/airflow/.local/lib/python3.12/site-packages/airflow/example_dags/example_sensor_decorator.py
[2025-06-22T09:04:09.459+0000] {logging_mixin.py:190} INFO - [2025-06-22T09:04:09.459+0000] {dag.py:3239} INFO - Sync 1 DAGs
[2025-06-22T09:04:09.469+0000] {logging_mixin.py:190} INFO - [2025-06-22T09:04:09.468+0000] {dag.py:4180} INFO - Setting next_dagrun for example_sensor_decorator to None, run_after=None
[2025-06-22T09:04:09.479+0000] {processor.py:208} INFO - Processing /home/airflow/.local/lib/python3.12/site-packages/airflow/example_dags/example_sensor_decorator.py took 0.047 seconds
[2025-06-22T09:04:39.869+0000] {processor.py:186} INFO - Started process (PID=16754) to work on /home/airflow/.local/lib/python3.12/site-packages/airflow/example_dags/example_sensor_decorator.py
[2025-06-22T09:04:39.870+0000] {processor.py:914} INFO - Processing file /home/airflow/.local/lib/python3.12/site-packages/airflow/example_dags/example_sensor_decorator.py for tasks to queue
[2025-06-22T09:04:39.870+0000] {logging_mixin.py:190} INFO - [2025-06-22T09:04:39.870+0000] {dagbag.py:588} INFO - Filling up the DagBag from /home/airflow/.local/lib/python3.12/site-packages/airflow/example_dags/example_sensor_decorator.py
[2025-06-22T09:04:39.876+0000] {processor.py:925} INFO - DAG(s) 'example_sensor_decorator' retrieved from /home/airflow/.local/lib/python3.12/site-packages/airflow/example_dags/example_sensor_decorator.py
[2025-06-22T09:04:39.888+0000] {logging_mixin.py:190} INFO - [2025-06-22T09:04:39.888+0000] {dag.py:3239} INFO - Sync 1 DAGs
[2025-06-22T09:04:39.900+0000] {logging_mixin.py:190} INFO - [2025-06-22T09:04:39.899+0000] {dag.py:4180} INFO - Setting next_dagrun for example_sensor_decorator to None, run_after=None
[2025-06-22T09:04:39.911+0000] {processor.py:208} INFO - Processing /home/airflow/.local/lib/python3.12/site-packages/airflow/example_dags/example_sensor_decorator.py took 0.045 seconds
[2025-06-22T09:05:10.556+0000] {processor.py:186} INFO - Started process (PID=16816) to work on /home/airflow/.local/lib/python3.12/site-packages/airflow/example_dags/example_sensor_decorator.py
[2025-06-22T09:05:10.557+0000] {processor.py:914} INFO - Processing file /home/airflow/.local/lib/python3.12/site-packages/airflow/example_dags/example_sensor_decorator.py for tasks to queue
[2025-06-22T09:05:10.557+0000] {logging_mixin.py:190} INFO - [2025-06-22T09:05:10.557+0000] {dagbag.py:588} INFO - Filling up the DagBag from /home/airflow/.local/lib/python3.12/site-packages/airflow/example_dags/example_sensor_decorator.py
[2025-06-22T09:05:10.562+0000] {processor.py:925} INFO - DAG(s) 'example_sensor_decorator' retrieved from /home/airflow/.local/lib/python3.12/site-packages/airflow/example_dags/example_sensor_decorator.py
[2025-06-22T09:05:10.575+0000] {logging_mixin.py:190} INFO - [2025-06-22T09:05:10.575+0000] {dag.py:3239} INFO - Sync 1 DAGs
[2025-06-22T09:05:10.583+0000] {logging_mixin.py:190} INFO - [2025-06-22T09:05:10.583+0000] {dag.py:4180} INFO - Setting next_dagrun for example_sensor_decorator to None, run_after=None
[2025-06-22T09:05:10.594+0000] {processor.py:208} INFO - Processing /home/airflow/.local/lib/python3.12/site-packages/airflow/example_dags/example_sensor_decorator.py took 0.042 seconds
[2025-06-22T09:05:41.749+0000] {processor.py:186} INFO - Started process (PID=16878) to work on /home/airflow/.local/lib/python3.12/site-packages/airflow/example_dags/example_sensor_decorator.py
[2025-06-22T09:05:41.750+0000] {processor.py:914} INFO - Processing file /home/airflow/.local/lib/python3.12/site-packages/airflow/example_dags/example_sensor_decorator.py for tasks to queue
[2025-06-22T09:05:41.751+0000] {logging_mixin.py:190} INFO - [2025-06-22T09:05:41.751+0000] {dagbag.py:588} INFO - Filling up the DagBag from /home/airflow/.local/lib/python3.12/site-packages/airflow/example_dags/example_sensor_decorator.py
[2025-06-22T09:05:41.755+0000] {processor.py:925} INFO - DAG(s) 'example_sensor_decorator' retrieved from /home/airflow/.local/lib/python3.12/site-packages/airflow/example_dags/example_sensor_decorator.py
[2025-06-22T09:05:41.769+0000] {logging_mixin.py:190} INFO - [2025-06-22T09:05:41.769+0000] {dag.py:3239} INFO - Sync 1 DAGs
[2025-06-22T09:05:41.779+0000] {logging_mixin.py:190} INFO - [2025-06-22T09:05:41.779+0000] {dag.py:4180} INFO - Setting next_dagrun for example_sensor_decorator to None, run_after=None
[2025-06-22T09:05:41.794+0000] {processor.py:208} INFO - Processing /home/airflow/.local/lib/python3.12/site-packages/airflow/example_dags/example_sensor_decorator.py took 0.048 seconds
[2025-06-22T09:06:13.067+0000] {processor.py:186} INFO - Started process (PID=16940) to work on /home/airflow/.local/lib/python3.12/site-packages/airflow/example_dags/example_sensor_decorator.py
[2025-06-22T09:06:13.068+0000] {processor.py:914} INFO - Processing file /home/airflow/.local/lib/python3.12/site-packages/airflow/example_dags/example_sensor_decorator.py for tasks to queue
[2025-06-22T09:06:13.069+0000] {logging_mixin.py:190} INFO - [2025-06-22T09:06:13.069+0000] {dagbag.py:588} INFO - Filling up the DagBag from /home/airflow/.local/lib/python3.12/site-packages/airflow/example_dags/example_sensor_decorator.py
[2025-06-22T09:06:13.078+0000] {processor.py:925} INFO - DAG(s) 'example_sensor_decorator' retrieved from /home/airflow/.local/lib/python3.12/site-packages/airflow/example_dags/example_sensor_decorator.py
[2025-06-22T09:06:13.092+0000] {logging_mixin.py:190} INFO - [2025-06-22T09:06:13.092+0000] {dag.py:3239} INFO - Sync 1 DAGs
[2025-06-22T09:06:13.099+0000] {logging_mixin.py:190} INFO - [2025-06-22T09:06:13.099+0000] {dag.py:4180} INFO - Setting next_dagrun for example_sensor_decorator to None, run_after=None
[2025-06-22T09:06:13.109+0000] {processor.py:208} INFO - Processing /home/airflow/.local/lib/python3.12/site-packages/airflow/example_dags/example_sensor_decorator.py took 0.045 seconds
[2025-06-22T09:06:43.880+0000] {processor.py:186} INFO - Started process (PID=17002) to work on /home/airflow/.local/lib/python3.12/site-packages/airflow/example_dags/example_sensor_decorator.py
[2025-06-22T09:06:43.881+0000] {processor.py:914} INFO - Processing file /home/airflow/.local/lib/python3.12/site-packages/airflow/example_dags/example_sensor_decorator.py for tasks to queue
[2025-06-22T09:06:43.882+0000] {logging_mixin.py:190} INFO - [2025-06-22T09:06:43.882+0000] {dagbag.py:588} INFO - Filling up the DagBag from /home/airflow/.local/lib/python3.12/site-packages/airflow/example_dags/example_sensor_decorator.py
[2025-06-22T09:06:43.887+0000] {processor.py:925} INFO - DAG(s) 'example_sensor_decorator' retrieved from /home/airflow/.local/lib/python3.12/site-packages/airflow/example_dags/example_sensor_decorator.py
[2025-06-22T09:06:43.904+0000] {logging_mixin.py:190} INFO - [2025-06-22T09:06:43.904+0000] {dag.py:3239} INFO - Sync 1 DAGs
[2025-06-22T09:06:43.915+0000] {logging_mixin.py:190} INFO - [2025-06-22T09:06:43.915+0000] {dag.py:4180} INFO - Setting next_dagrun for example_sensor_decorator to None, run_after=None
[2025-06-22T09:06:43.929+0000] {processor.py:208} INFO - Processing /home/airflow/.local/lib/python3.12/site-packages/airflow/example_dags/example_sensor_decorator.py took 0.052 seconds
[2025-06-22T09:07:15.246+0000] {processor.py:186} INFO - Started process (PID=17064) to work on /home/airflow/.local/lib/python3.12/site-packages/airflow/example_dags/example_sensor_decorator.py
[2025-06-22T09:07:15.249+0000] {processor.py:914} INFO - Processing file /home/airflow/.local/lib/python3.12/site-packages/airflow/example_dags/example_sensor_decorator.py for tasks to queue
[2025-06-22T09:07:15.251+0000] {logging_mixin.py:190} INFO - [2025-06-22T09:07:15.251+0000] {dagbag.py:588} INFO - Filling up the DagBag from /home/airflow/.local/lib/python3.12/site-packages/airflow/example_dags/example_sensor_decorator.py
[2025-06-22T09:07:15.258+0000] {processor.py:925} INFO - DAG(s) 'example_sensor_decorator' retrieved from /home/airflow/.local/lib/python3.12/site-packages/airflow/example_dags/example_sensor_decorator.py
[2025-06-22T09:07:15.276+0000] {logging_mixin.py:190} INFO - [2025-06-22T09:07:15.276+0000] {dag.py:3239} INFO - Sync 1 DAGs
[2025-06-22T09:07:15.295+0000] {logging_mixin.py:190} INFO - [2025-06-22T09:07:15.294+0000] {dag.py:4180} INFO - Setting next_dagrun for example_sensor_decorator to None, run_after=None
[2025-06-22T09:07:15.309+0000] {processor.py:208} INFO - Processing /home/airflow/.local/lib/python3.12/site-packages/airflow/example_dags/example_sensor_decorator.py took 0.068 seconds
[2025-06-22T09:07:46.017+0000] {processor.py:186} INFO - Started process (PID=17126) to work on /home/airflow/.local/lib/python3.12/site-packages/airflow/example_dags/example_sensor_decorator.py
[2025-06-22T09:07:46.019+0000] {processor.py:914} INFO - Processing file /home/airflow/.local/lib/python3.12/site-packages/airflow/example_dags/example_sensor_decorator.py for tasks to queue
[2025-06-22T09:07:46.019+0000] {logging_mixin.py:190} INFO - [2025-06-22T09:07:46.019+0000] {dagbag.py:588} INFO - Filling up the DagBag from /home/airflow/.local/lib/python3.12/site-packages/airflow/example_dags/example_sensor_decorator.py
[2025-06-22T09:07:46.025+0000] {processor.py:925} INFO - DAG(s) 'example_sensor_decorator' retrieved from /home/airflow/.local/lib/python3.12/site-packages/airflow/example_dags/example_sensor_decorator.py
[2025-06-22T09:07:46.038+0000] {logging_mixin.py:190} INFO - [2025-06-22T09:07:46.038+0000] {dag.py:3239} INFO - Sync 1 DAGs
[2025-06-22T09:07:46.048+0000] {logging_mixin.py:190} INFO - [2025-06-22T09:07:46.048+0000] {dag.py:4180} INFO - Setting next_dagrun for example_sensor_decorator to None, run_after=None
[2025-06-22T09:07:46.061+0000] {processor.py:208} INFO - Processing /home/airflow/.local/lib/python3.12/site-packages/airflow/example_dags/example_sensor_decorator.py took 0.049 seconds
[2025-06-22T09:08:16.860+0000] {processor.py:186} INFO - Started process (PID=17188) to work on /home/airflow/.local/lib/python3.12/site-packages/airflow/example_dags/example_sensor_decorator.py
[2025-06-22T09:08:16.862+0000] {processor.py:914} INFO - Processing file /home/airflow/.local/lib/python3.12/site-packages/airflow/example_dags/example_sensor_decorator.py for tasks to queue
[2025-06-22T09:08:16.862+0000] {logging_mixin.py:190} INFO - [2025-06-22T09:08:16.862+0000] {dagbag.py:588} INFO - Filling up the DagBag from /home/airflow/.local/lib/python3.12/site-packages/airflow/example_dags/example_sensor_decorator.py
[2025-06-22T09:08:16.871+0000] {processor.py:925} INFO - DAG(s) 'example_sensor_decorator' retrieved from /home/airflow/.local/lib/python3.12/site-packages/airflow/example_dags/example_sensor_decorator.py
[2025-06-22T09:08:16.886+0000] {logging_mixin.py:190} INFO - [2025-06-22T09:08:16.886+0000] {dag.py:3239} INFO - Sync 1 DAGs
[2025-06-22T09:08:16.898+0000] {logging_mixin.py:190} INFO - [2025-06-22T09:08:16.898+0000] {dag.py:4180} INFO - Setting next_dagrun for example_sensor_decorator to None, run_after=None
[2025-06-22T09:08:16.909+0000] {processor.py:208} INFO - Processing /home/airflow/.local/lib/python3.12/site-packages/airflow/example_dags/example_sensor_decorator.py took 0.058 seconds
[2025-06-22T09:08:47.274+0000] {processor.py:186} INFO - Started process (PID=17250) to work on /home/airflow/.local/lib/python3.12/site-packages/airflow/example_dags/example_sensor_decorator.py
[2025-06-22T09:08:47.279+0000] {processor.py:914} INFO - Processing file /home/airflow/.local/lib/python3.12/site-packages/airflow/example_dags/example_sensor_decorator.py for tasks to queue
[2025-06-22T09:08:47.280+0000] {logging_mixin.py:190} INFO - [2025-06-22T09:08:47.280+0000] {dagbag.py:588} INFO - Filling up the DagBag from /home/airflow/.local/lib/python3.12/site-packages/airflow/example_dags/example_sensor_decorator.py
[2025-06-22T09:08:47.287+0000] {processor.py:925} INFO - DAG(s) 'example_sensor_decorator' retrieved from /home/airflow/.local/lib/python3.12/site-packages/airflow/example_dags/example_sensor_decorator.py
[2025-06-22T09:08:47.307+0000] {logging_mixin.py:190} INFO - [2025-06-22T09:08:47.306+0000] {dag.py:3239} INFO - Sync 1 DAGs
[2025-06-22T09:08:47.324+0000] {logging_mixin.py:190} INFO - [2025-06-22T09:08:47.324+0000] {dag.py:4180} INFO - Setting next_dagrun for example_sensor_decorator to None, run_after=None
[2025-06-22T09:08:47.341+0000] {processor.py:208} INFO - Processing /home/airflow/.local/lib/python3.12/site-packages/airflow/example_dags/example_sensor_decorator.py took 0.073 seconds
[2025-06-22T09:09:17.776+0000] {processor.py:186} INFO - Started process (PID=17312) to work on /home/airflow/.local/lib/python3.12/site-packages/airflow/example_dags/example_sensor_decorator.py
[2025-06-22T09:09:17.786+0000] {processor.py:914} INFO - Processing file /home/airflow/.local/lib/python3.12/site-packages/airflow/example_dags/example_sensor_decorator.py for tasks to queue
[2025-06-22T09:09:17.787+0000] {logging_mixin.py:190} INFO - [2025-06-22T09:09:17.787+0000] {dagbag.py:588} INFO - Filling up the DagBag from /home/airflow/.local/lib/python3.12/site-packages/airflow/example_dags/example_sensor_decorator.py
[2025-06-22T09:09:17.792+0000] {processor.py:925} INFO - DAG(s) 'example_sensor_decorator' retrieved from /home/airflow/.local/lib/python3.12/site-packages/airflow/example_dags/example_sensor_decorator.py
[2025-06-22T09:09:17.807+0000] {logging_mixin.py:190} INFO - [2025-06-22T09:09:17.807+0000] {dag.py:3239} INFO - Sync 1 DAGs
[2025-06-22T09:09:17.817+0000] {logging_mixin.py:190} INFO - [2025-06-22T09:09:17.816+0000] {dag.py:4180} INFO - Setting next_dagrun for example_sensor_decorator to None, run_after=None
[2025-06-22T09:09:17.828+0000] {processor.py:208} INFO - Processing /home/airflow/.local/lib/python3.12/site-packages/airflow/example_dags/example_sensor_decorator.py took 0.056 seconds
[2025-06-22T09:09:49.063+0000] {processor.py:186} INFO - Started process (PID=17374) to work on /home/airflow/.local/lib/python3.12/site-packages/airflow/example_dags/example_sensor_decorator.py
[2025-06-22T09:09:49.064+0000] {processor.py:914} INFO - Processing file /home/airflow/.local/lib/python3.12/site-packages/airflow/example_dags/example_sensor_decorator.py for tasks to queue
[2025-06-22T09:09:49.066+0000] {logging_mixin.py:190} INFO - [2025-06-22T09:09:49.065+0000] {dagbag.py:588} INFO - Filling up the DagBag from /home/airflow/.local/lib/python3.12/site-packages/airflow/example_dags/example_sensor_decorator.py
[2025-06-22T09:09:49.075+0000] {processor.py:925} INFO - DAG(s) 'example_sensor_decorator' retrieved from /home/airflow/.local/lib/python3.12/site-packages/airflow/example_dags/example_sensor_decorator.py
[2025-06-22T09:09:49.096+0000] {logging_mixin.py:190} INFO - [2025-06-22T09:09:49.096+0000] {dag.py:3239} INFO - Sync 1 DAGs
[2025-06-22T09:09:49.106+0000] {logging_mixin.py:190} INFO - [2025-06-22T09:09:49.106+0000] {dag.py:4180} INFO - Setting next_dagrun for example_sensor_decorator to None, run_after=None
[2025-06-22T09:09:49.117+0000] {processor.py:208} INFO - Processing /home/airflow/.local/lib/python3.12/site-packages/airflow/example_dags/example_sensor_decorator.py took 0.057 seconds
[2025-06-22T09:10:19.513+0000] {processor.py:186} INFO - Started process (PID=17436) to work on /home/airflow/.local/lib/python3.12/site-packages/airflow/example_dags/example_sensor_decorator.py
[2025-06-22T09:10:19.517+0000] {processor.py:914} INFO - Processing file /home/airflow/.local/lib/python3.12/site-packages/airflow/example_dags/example_sensor_decorator.py for tasks to queue
[2025-06-22T09:10:19.518+0000] {logging_mixin.py:190} INFO - [2025-06-22T09:10:19.518+0000] {dagbag.py:588} INFO - Filling up the DagBag from /home/airflow/.local/lib/python3.12/site-packages/airflow/example_dags/example_sensor_decorator.py
[2025-06-22T09:10:19.525+0000] {processor.py:925} INFO - DAG(s) 'example_sensor_decorator' retrieved from /home/airflow/.local/lib/python3.12/site-packages/airflow/example_dags/example_sensor_decorator.py
[2025-06-22T09:10:19.542+0000] {logging_mixin.py:190} INFO - [2025-06-22T09:10:19.542+0000] {dag.py:3239} INFO - Sync 1 DAGs
[2025-06-22T09:10:19.555+0000] {logging_mixin.py:190} INFO - [2025-06-22T09:10:19.555+0000] {dag.py:4180} INFO - Setting next_dagrun for example_sensor_decorator to None, run_after=None
[2025-06-22T09:10:19.566+0000] {processor.py:208} INFO - Processing /home/airflow/.local/lib/python3.12/site-packages/airflow/example_dags/example_sensor_decorator.py took 0.063 seconds
[2025-06-22T09:10:49.999+0000] {processor.py:186} INFO - Started process (PID=17498) to work on /home/airflow/.local/lib/python3.12/site-packages/airflow/example_dags/example_sensor_decorator.py
[2025-06-22T09:10:50.000+0000] {processor.py:914} INFO - Processing file /home/airflow/.local/lib/python3.12/site-packages/airflow/example_dags/example_sensor_decorator.py for tasks to queue
[2025-06-22T09:10:50.001+0000] {logging_mixin.py:190} INFO - [2025-06-22T09:10:50.001+0000] {dagbag.py:588} INFO - Filling up the DagBag from /home/airflow/.local/lib/python3.12/site-packages/airflow/example_dags/example_sensor_decorator.py
[2025-06-22T09:10:50.005+0000] {processor.py:925} INFO - DAG(s) 'example_sensor_decorator' retrieved from /home/airflow/.local/lib/python3.12/site-packages/airflow/example_dags/example_sensor_decorator.py
[2025-06-22T09:10:50.016+0000] {logging_mixin.py:190} INFO - [2025-06-22T09:10:50.016+0000] {dag.py:3239} INFO - Sync 1 DAGs
[2025-06-22T09:10:50.025+0000] {logging_mixin.py:190} INFO - [2025-06-22T09:10:50.025+0000] {dag.py:4180} INFO - Setting next_dagrun for example_sensor_decorator to None, run_after=None
[2025-06-22T09:10:50.036+0000] {processor.py:208} INFO - Processing /home/airflow/.local/lib/python3.12/site-packages/airflow/example_dags/example_sensor_decorator.py took 0.043 seconds
[2025-06-22T09:11:20.398+0000] {processor.py:186} INFO - Started process (PID=17559) to work on /home/airflow/.local/lib/python3.12/site-packages/airflow/example_dags/example_sensor_decorator.py
[2025-06-22T09:11:20.400+0000] {processor.py:914} INFO - Processing file /home/airflow/.local/lib/python3.12/site-packages/airflow/example_dags/example_sensor_decorator.py for tasks to queue
[2025-06-22T09:11:20.401+0000] {logging_mixin.py:190} INFO - [2025-06-22T09:11:20.401+0000] {dagbag.py:588} INFO - Filling up the DagBag from /home/airflow/.local/lib/python3.12/site-packages/airflow/example_dags/example_sensor_decorator.py
[2025-06-22T09:11:20.406+0000] {processor.py:925} INFO - DAG(s) 'example_sensor_decorator' retrieved from /home/airflow/.local/lib/python3.12/site-packages/airflow/example_dags/example_sensor_decorator.py
[2025-06-22T09:11:20.415+0000] {logging_mixin.py:190} INFO - [2025-06-22T09:11:20.415+0000] {dag.py:3239} INFO - Sync 1 DAGs
[2025-06-22T09:11:20.424+0000] {logging_mixin.py:190} INFO - [2025-06-22T09:11:20.423+0000] {dag.py:4180} INFO - Setting next_dagrun for example_sensor_decorator to None, run_after=None
[2025-06-22T09:11:20.434+0000] {processor.py:208} INFO - Processing /home/airflow/.local/lib/python3.12/site-packages/airflow/example_dags/example_sensor_decorator.py took 0.040 seconds
[2025-06-22T09:11:50.874+0000] {processor.py:186} INFO - Started process (PID=17621) to work on /home/airflow/.local/lib/python3.12/site-packages/airflow/example_dags/example_sensor_decorator.py
[2025-06-22T09:11:50.875+0000] {processor.py:914} INFO - Processing file /home/airflow/.local/lib/python3.12/site-packages/airflow/example_dags/example_sensor_decorator.py for tasks to queue
[2025-06-22T09:11:50.876+0000] {logging_mixin.py:190} INFO - [2025-06-22T09:11:50.875+0000] {dagbag.py:588} INFO - Filling up the DagBag from /home/airflow/.local/lib/python3.12/site-packages/airflow/example_dags/example_sensor_decorator.py
[2025-06-22T09:11:50.880+0000] {processor.py:925} INFO - DAG(s) 'example_sensor_decorator' retrieved from /home/airflow/.local/lib/python3.12/site-packages/airflow/example_dags/example_sensor_decorator.py
[2025-06-22T09:11:50.890+0000] {logging_mixin.py:190} INFO - [2025-06-22T09:11:50.890+0000] {dag.py:3239} INFO - Sync 1 DAGs
[2025-06-22T09:11:50.897+0000] {logging_mixin.py:190} INFO - [2025-06-22T09:11:50.897+0000] {dag.py:4180} INFO - Setting next_dagrun for example_sensor_decorator to None, run_after=None
[2025-06-22T09:11:50.904+0000] {processor.py:208} INFO - Processing /home/airflow/.local/lib/python3.12/site-packages/airflow/example_dags/example_sensor_decorator.py took 0.034 seconds
[2025-06-22T09:12:21.294+0000] {processor.py:186} INFO - Started process (PID=17683) to work on /home/airflow/.local/lib/python3.12/site-packages/airflow/example_dags/example_sensor_decorator.py
[2025-06-22T09:12:21.295+0000] {processor.py:914} INFO - Processing file /home/airflow/.local/lib/python3.12/site-packages/airflow/example_dags/example_sensor_decorator.py for tasks to queue
[2025-06-22T09:12:21.295+0000] {logging_mixin.py:190} INFO - [2025-06-22T09:12:21.295+0000] {dagbag.py:588} INFO - Filling up the DagBag from /home/airflow/.local/lib/python3.12/site-packages/airflow/example_dags/example_sensor_decorator.py
[2025-06-22T09:12:21.299+0000] {processor.py:925} INFO - DAG(s) 'example_sensor_decorator' retrieved from /home/airflow/.local/lib/python3.12/site-packages/airflow/example_dags/example_sensor_decorator.py
[2025-06-22T09:12:21.308+0000] {logging_mixin.py:190} INFO - [2025-06-22T09:12:21.308+0000] {dag.py:3239} INFO - Sync 1 DAGs
[2025-06-22T09:12:21.315+0000] {logging_mixin.py:190} INFO - [2025-06-22T09:12:21.315+0000] {dag.py:4180} INFO - Setting next_dagrun for example_sensor_decorator to None, run_after=None
[2025-06-22T09:12:21.322+0000] {processor.py:208} INFO - Processing /home/airflow/.local/lib/python3.12/site-packages/airflow/example_dags/example_sensor_decorator.py took 0.031 seconds
[2025-06-22T09:12:52.419+0000] {processor.py:186} INFO - Started process (PID=17745) to work on /home/airflow/.local/lib/python3.12/site-packages/airflow/example_dags/example_sensor_decorator.py
[2025-06-22T09:12:52.420+0000] {processor.py:914} INFO - Processing file /home/airflow/.local/lib/python3.12/site-packages/airflow/example_dags/example_sensor_decorator.py for tasks to queue
[2025-06-22T09:12:52.422+0000] {logging_mixin.py:190} INFO - [2025-06-22T09:12:52.422+0000] {dagbag.py:588} INFO - Filling up the DagBag from /home/airflow/.local/lib/python3.12/site-packages/airflow/example_dags/example_sensor_decorator.py
[2025-06-22T09:12:52.428+0000] {processor.py:925} INFO - DAG(s) 'example_sensor_decorator' retrieved from /home/airflow/.local/lib/python3.12/site-packages/airflow/example_dags/example_sensor_decorator.py
[2025-06-22T09:12:52.443+0000] {logging_mixin.py:190} INFO - [2025-06-22T09:12:52.443+0000] {dag.py:3239} INFO - Sync 1 DAGs
[2025-06-22T09:12:52.451+0000] {logging_mixin.py:190} INFO - [2025-06-22T09:12:52.451+0000] {dag.py:4180} INFO - Setting next_dagrun for example_sensor_decorator to None, run_after=None
[2025-06-22T09:12:52.461+0000] {processor.py:208} INFO - Processing /home/airflow/.local/lib/python3.12/site-packages/airflow/example_dags/example_sensor_decorator.py took 0.047 seconds
[2025-06-22T09:13:23.444+0000] {processor.py:186} INFO - Started process (PID=17807) to work on /home/airflow/.local/lib/python3.12/site-packages/airflow/example_dags/example_sensor_decorator.py
[2025-06-22T09:13:23.448+0000] {processor.py:914} INFO - Processing file /home/airflow/.local/lib/python3.12/site-packages/airflow/example_dags/example_sensor_decorator.py for tasks to queue
[2025-06-22T09:13:23.456+0000] {logging_mixin.py:190} INFO - [2025-06-22T09:13:23.454+0000] {dagbag.py:588} INFO - Filling up the DagBag from /home/airflow/.local/lib/python3.12/site-packages/airflow/example_dags/example_sensor_decorator.py
[2025-06-22T09:13:23.471+0000] {processor.py:925} INFO - DAG(s) 'example_sensor_decorator' retrieved from /home/airflow/.local/lib/python3.12/site-packages/airflow/example_dags/example_sensor_decorator.py
[2025-06-22T09:13:23.508+0000] {logging_mixin.py:190} INFO - [2025-06-22T09:13:23.508+0000] {dag.py:3239} INFO - Sync 1 DAGs
[2025-06-22T09:13:23.532+0000] {logging_mixin.py:190} INFO - [2025-06-22T09:13:23.532+0000] {dag.py:4180} INFO - Setting next_dagrun for example_sensor_decorator to None, run_after=None
[2025-06-22T09:13:23.545+0000] {processor.py:208} INFO - Processing /home/airflow/.local/lib/python3.12/site-packages/airflow/example_dags/example_sensor_decorator.py took 0.109 seconds
[2025-06-22T09:13:54.751+0000] {processor.py:186} INFO - Started process (PID=17869) to work on /home/airflow/.local/lib/python3.12/site-packages/airflow/example_dags/example_sensor_decorator.py
[2025-06-22T09:13:54.751+0000] {processor.py:914} INFO - Processing file /home/airflow/.local/lib/python3.12/site-packages/airflow/example_dags/example_sensor_decorator.py for tasks to queue
[2025-06-22T09:13:54.752+0000] {logging_mixin.py:190} INFO - [2025-06-22T09:13:54.752+0000] {dagbag.py:588} INFO - Filling up the DagBag from /home/airflow/.local/lib/python3.12/site-packages/airflow/example_dags/example_sensor_decorator.py
[2025-06-22T09:13:54.756+0000] {processor.py:925} INFO - DAG(s) 'example_sensor_decorator' retrieved from /home/airflow/.local/lib/python3.12/site-packages/airflow/example_dags/example_sensor_decorator.py
[2025-06-22T09:13:54.768+0000] {logging_mixin.py:190} INFO - [2025-06-22T09:13:54.768+0000] {dag.py:3239} INFO - Sync 1 DAGs
[2025-06-22T09:13:54.778+0000] {logging_mixin.py:190} INFO - [2025-06-22T09:13:54.777+0000] {dag.py:4180} INFO - Setting next_dagrun for example_sensor_decorator to None, run_after=None
[2025-06-22T09:13:54.791+0000] {processor.py:208} INFO - Processing /home/airflow/.local/lib/python3.12/site-packages/airflow/example_dags/example_sensor_decorator.py took 0.044 seconds
[2025-06-22T09:14:25.673+0000] {processor.py:186} INFO - Started process (PID=17931) to work on /home/airflow/.local/lib/python3.12/site-packages/airflow/example_dags/example_sensor_decorator.py
[2025-06-22T09:14:25.674+0000] {processor.py:914} INFO - Processing file /home/airflow/.local/lib/python3.12/site-packages/airflow/example_dags/example_sensor_decorator.py for tasks to queue
[2025-06-22T09:14:25.675+0000] {logging_mixin.py:190} INFO - [2025-06-22T09:14:25.675+0000] {dagbag.py:588} INFO - Filling up the DagBag from /home/airflow/.local/lib/python3.12/site-packages/airflow/example_dags/example_sensor_decorator.py
[2025-06-22T09:14:25.681+0000] {processor.py:925} INFO - DAG(s) 'example_sensor_decorator' retrieved from /home/airflow/.local/lib/python3.12/site-packages/airflow/example_dags/example_sensor_decorator.py
[2025-06-22T09:14:25.696+0000] {logging_mixin.py:190} INFO - [2025-06-22T09:14:25.696+0000] {dag.py:3239} INFO - Sync 1 DAGs
[2025-06-22T09:14:25.704+0000] {logging_mixin.py:190} INFO - [2025-06-22T09:14:25.704+0000] {dag.py:4180} INFO - Setting next_dagrun for example_sensor_decorator to None, run_after=None
[2025-06-22T09:14:25.717+0000] {processor.py:208} INFO - Processing /home/airflow/.local/lib/python3.12/site-packages/airflow/example_dags/example_sensor_decorator.py took 0.049 seconds
[2025-06-22T09:14:56.649+0000] {processor.py:186} INFO - Started process (PID=17993) to work on /home/airflow/.local/lib/python3.12/site-packages/airflow/example_dags/example_sensor_decorator.py
[2025-06-22T09:14:56.650+0000] {processor.py:914} INFO - Processing file /home/airflow/.local/lib/python3.12/site-packages/airflow/example_dags/example_sensor_decorator.py for tasks to queue
[2025-06-22T09:14:56.651+0000] {logging_mixin.py:190} INFO - [2025-06-22T09:14:56.651+0000] {dagbag.py:588} INFO - Filling up the DagBag from /home/airflow/.local/lib/python3.12/site-packages/airflow/example_dags/example_sensor_decorator.py
[2025-06-22T09:14:56.660+0000] {processor.py:925} INFO - DAG(s) 'example_sensor_decorator' retrieved from /home/airflow/.local/lib/python3.12/site-packages/airflow/example_dags/example_sensor_decorator.py
[2025-06-22T09:14:56.676+0000] {logging_mixin.py:190} INFO - [2025-06-22T09:14:56.676+0000] {dag.py:3239} INFO - Sync 1 DAGs
[2025-06-22T09:14:56.692+0000] {logging_mixin.py:190} INFO - [2025-06-22T09:14:56.692+0000] {dag.py:4180} INFO - Setting next_dagrun for example_sensor_decorator to None, run_after=None
[2025-06-22T09:14:56.703+0000] {processor.py:208} INFO - Processing /home/airflow/.local/lib/python3.12/site-packages/airflow/example_dags/example_sensor_decorator.py took 0.057 seconds
[2025-06-22T09:15:27.708+0000] {processor.py:186} INFO - Started process (PID=18055) to work on /home/airflow/.local/lib/python3.12/site-packages/airflow/example_dags/example_sensor_decorator.py
[2025-06-22T09:15:27.710+0000] {processor.py:914} INFO - Processing file /home/airflow/.local/lib/python3.12/site-packages/airflow/example_dags/example_sensor_decorator.py for tasks to queue
[2025-06-22T09:15:27.711+0000] {logging_mixin.py:190} INFO - [2025-06-22T09:15:27.711+0000] {dagbag.py:588} INFO - Filling up the DagBag from /home/airflow/.local/lib/python3.12/site-packages/airflow/example_dags/example_sensor_decorator.py
[2025-06-22T09:15:27.717+0000] {processor.py:925} INFO - DAG(s) 'example_sensor_decorator' retrieved from /home/airflow/.local/lib/python3.12/site-packages/airflow/example_dags/example_sensor_decorator.py
[2025-06-22T09:15:27.733+0000] {logging_mixin.py:190} INFO - [2025-06-22T09:15:27.733+0000] {dag.py:3239} INFO - Sync 1 DAGs
[2025-06-22T09:15:27.741+0000] {logging_mixin.py:190} INFO - [2025-06-22T09:15:27.741+0000] {dag.py:4180} INFO - Setting next_dagrun for example_sensor_decorator to None, run_after=None
[2025-06-22T09:15:27.751+0000] {processor.py:208} INFO - Processing /home/airflow/.local/lib/python3.12/site-packages/airflow/example_dags/example_sensor_decorator.py took 0.048 seconds
[2025-06-22T09:15:58.394+0000] {processor.py:186} INFO - Started process (PID=18117) to work on /home/airflow/.local/lib/python3.12/site-packages/airflow/example_dags/example_sensor_decorator.py
[2025-06-22T09:15:58.395+0000] {processor.py:914} INFO - Processing file /home/airflow/.local/lib/python3.12/site-packages/airflow/example_dags/example_sensor_decorator.py for tasks to queue
[2025-06-22T09:15:58.396+0000] {logging_mixin.py:190} INFO - [2025-06-22T09:15:58.396+0000] {dagbag.py:588} INFO - Filling up the DagBag from /home/airflow/.local/lib/python3.12/site-packages/airflow/example_dags/example_sensor_decorator.py
[2025-06-22T09:15:58.401+0000] {processor.py:925} INFO - DAG(s) 'example_sensor_decorator' retrieved from /home/airflow/.local/lib/python3.12/site-packages/airflow/example_dags/example_sensor_decorator.py
[2025-06-22T09:15:58.420+0000] {logging_mixin.py:190} INFO - [2025-06-22T09:15:58.420+0000] {dag.py:3239} INFO - Sync 1 DAGs
[2025-06-22T09:15:58.429+0000] {logging_mixin.py:190} INFO - [2025-06-22T09:15:58.429+0000] {dag.py:4180} INFO - Setting next_dagrun for example_sensor_decorator to None, run_after=None
[2025-06-22T09:15:58.443+0000] {processor.py:208} INFO - Processing /home/airflow/.local/lib/python3.12/site-packages/airflow/example_dags/example_sensor_decorator.py took 0.054 seconds
[2025-06-22T09:16:29.078+0000] {processor.py:186} INFO - Started process (PID=18179) to work on /home/airflow/.local/lib/python3.12/site-packages/airflow/example_dags/example_sensor_decorator.py
[2025-06-22T09:16:29.080+0000] {processor.py:914} INFO - Processing file /home/airflow/.local/lib/python3.12/site-packages/airflow/example_dags/example_sensor_decorator.py for tasks to queue
[2025-06-22T09:16:29.081+0000] {logging_mixin.py:190} INFO - [2025-06-22T09:16:29.081+0000] {dagbag.py:588} INFO - Filling up the DagBag from /home/airflow/.local/lib/python3.12/site-packages/airflow/example_dags/example_sensor_decorator.py
[2025-06-22T09:16:29.086+0000] {processor.py:925} INFO - DAG(s) 'example_sensor_decorator' retrieved from /home/airflow/.local/lib/python3.12/site-packages/airflow/example_dags/example_sensor_decorator.py
[2025-06-22T09:16:29.100+0000] {logging_mixin.py:190} INFO - [2025-06-22T09:16:29.100+0000] {dag.py:3239} INFO - Sync 1 DAGs
[2025-06-22T09:16:29.107+0000] {logging_mixin.py:190} INFO - [2025-06-22T09:16:29.107+0000] {dag.py:4180} INFO - Setting next_dagrun for example_sensor_decorator to None, run_after=None
[2025-06-22T09:16:29.122+0000] {processor.py:208} INFO - Processing /home/airflow/.local/lib/python3.12/site-packages/airflow/example_dags/example_sensor_decorator.py took 0.048 seconds
[2025-06-22T09:23:25.035+0000] {processor.py:186} INFO - Started process (PID=81) to work on /home/airflow/.local/lib/python3.12/site-packages/airflow/example_dags/example_sensor_decorator.py
[2025-06-22T09:23:25.040+0000] {processor.py:914} INFO - Processing file /home/airflow/.local/lib/python3.12/site-packages/airflow/example_dags/example_sensor_decorator.py for tasks to queue
[2025-06-22T09:23:25.051+0000] {logging_mixin.py:190} INFO - [2025-06-22T09:23:25.051+0000] {dagbag.py:588} INFO - Filling up the DagBag from /home/airflow/.local/lib/python3.12/site-packages/airflow/example_dags/example_sensor_decorator.py
[2025-06-22T09:23:25.074+0000] {processor.py:925} INFO - DAG(s) 'example_sensor_decorator' retrieved from /home/airflow/.local/lib/python3.12/site-packages/airflow/example_dags/example_sensor_decorator.py
[2025-06-22T09:23:25.095+0000] {logging_mixin.py:190} INFO - [2025-06-22T09:23:25.095+0000] {dag.py:3239} INFO - Sync 1 DAGs
[2025-06-22T09:23:25.107+0000] {logging_mixin.py:190} INFO - [2025-06-22T09:23:25.107+0000] {dag.py:4180} INFO - Setting next_dagrun for example_sensor_decorator to None, run_after=None
[2025-06-22T09:23:25.126+0000] {processor.py:208} INFO - Processing /home/airflow/.local/lib/python3.12/site-packages/airflow/example_dags/example_sensor_decorator.py took 0.095 seconds
[2025-06-22T09:23:56.048+0000] {processor.py:186} INFO - Started process (PID=143) to work on /home/airflow/.local/lib/python3.12/site-packages/airflow/example_dags/example_sensor_decorator.py
[2025-06-22T09:23:56.050+0000] {processor.py:914} INFO - Processing file /home/airflow/.local/lib/python3.12/site-packages/airflow/example_dags/example_sensor_decorator.py for tasks to queue
[2025-06-22T09:23:56.053+0000] {logging_mixin.py:190} INFO - [2025-06-22T09:23:56.052+0000] {dagbag.py:588} INFO - Filling up the DagBag from /home/airflow/.local/lib/python3.12/site-packages/airflow/example_dags/example_sensor_decorator.py
[2025-06-22T09:23:56.062+0000] {processor.py:925} INFO - DAG(s) 'example_sensor_decorator' retrieved from /home/airflow/.local/lib/python3.12/site-packages/airflow/example_dags/example_sensor_decorator.py
[2025-06-22T09:23:56.089+0000] {logging_mixin.py:190} INFO - [2025-06-22T09:23:56.089+0000] {dag.py:3239} INFO - Sync 1 DAGs
[2025-06-22T09:23:56.100+0000] {logging_mixin.py:190} INFO - [2025-06-22T09:23:56.099+0000] {dag.py:4180} INFO - Setting next_dagrun for example_sensor_decorator to None, run_after=None
[2025-06-22T09:23:56.115+0000] {processor.py:208} INFO - Processing /home/airflow/.local/lib/python3.12/site-packages/airflow/example_dags/example_sensor_decorator.py took 0.072 seconds
[2025-06-22T09:24:26.845+0000] {processor.py:186} INFO - Started process (PID=205) to work on /home/airflow/.local/lib/python3.12/site-packages/airflow/example_dags/example_sensor_decorator.py
[2025-06-22T09:24:26.845+0000] {processor.py:914} INFO - Processing file /home/airflow/.local/lib/python3.12/site-packages/airflow/example_dags/example_sensor_decorator.py for tasks to queue
[2025-06-22T09:24:26.847+0000] {logging_mixin.py:190} INFO - [2025-06-22T09:24:26.846+0000] {dagbag.py:588} INFO - Filling up the DagBag from /home/airflow/.local/lib/python3.12/site-packages/airflow/example_dags/example_sensor_decorator.py
[2025-06-22T09:24:26.851+0000] {processor.py:925} INFO - DAG(s) 'example_sensor_decorator' retrieved from /home/airflow/.local/lib/python3.12/site-packages/airflow/example_dags/example_sensor_decorator.py
[2025-06-22T09:24:26.866+0000] {logging_mixin.py:190} INFO - [2025-06-22T09:24:26.865+0000] {dag.py:3239} INFO - Sync 1 DAGs
[2025-06-22T09:24:26.874+0000] {logging_mixin.py:190} INFO - [2025-06-22T09:24:26.873+0000] {dag.py:4180} INFO - Setting next_dagrun for example_sensor_decorator to None, run_after=None
[2025-06-22T09:24:26.889+0000] {processor.py:208} INFO - Processing /home/airflow/.local/lib/python3.12/site-packages/airflow/example_dags/example_sensor_decorator.py took 0.048 seconds
[2025-06-22T09:24:57.690+0000] {processor.py:186} INFO - Started process (PID=267) to work on /home/airflow/.local/lib/python3.12/site-packages/airflow/example_dags/example_sensor_decorator.py
[2025-06-22T09:24:57.691+0000] {processor.py:914} INFO - Processing file /home/airflow/.local/lib/python3.12/site-packages/airflow/example_dags/example_sensor_decorator.py for tasks to queue
[2025-06-22T09:24:57.693+0000] {logging_mixin.py:190} INFO - [2025-06-22T09:24:57.692+0000] {dagbag.py:588} INFO - Filling up the DagBag from /home/airflow/.local/lib/python3.12/site-packages/airflow/example_dags/example_sensor_decorator.py
[2025-06-22T09:24:57.699+0000] {processor.py:925} INFO - DAG(s) 'example_sensor_decorator' retrieved from /home/airflow/.local/lib/python3.12/site-packages/airflow/example_dags/example_sensor_decorator.py
[2025-06-22T09:24:57.728+0000] {logging_mixin.py:190} INFO - [2025-06-22T09:24:57.728+0000] {dag.py:3239} INFO - Sync 1 DAGs
[2025-06-22T09:24:57.738+0000] {logging_mixin.py:190} INFO - [2025-06-22T09:24:57.738+0000] {dag.py:4180} INFO - Setting next_dagrun for example_sensor_decorator to None, run_after=None
[2025-06-22T09:24:57.750+0000] {processor.py:208} INFO - Processing /home/airflow/.local/lib/python3.12/site-packages/airflow/example_dags/example_sensor_decorator.py took 0.069 seconds
[2025-06-22T09:25:27.782+0000] {processor.py:186} INFO - Started process (PID=329) to work on /home/airflow/.local/lib/python3.12/site-packages/airflow/example_dags/example_sensor_decorator.py
[2025-06-22T09:25:27.782+0000] {processor.py:914} INFO - Processing file /home/airflow/.local/lib/python3.12/site-packages/airflow/example_dags/example_sensor_decorator.py for tasks to queue
[2025-06-22T09:25:27.784+0000] {logging_mixin.py:190} INFO - [2025-06-22T09:25:27.784+0000] {dagbag.py:588} INFO - Filling up the DagBag from /home/airflow/.local/lib/python3.12/site-packages/airflow/example_dags/example_sensor_decorator.py
[2025-06-22T09:25:27.789+0000] {processor.py:925} INFO - DAG(s) 'example_sensor_decorator' retrieved from /home/airflow/.local/lib/python3.12/site-packages/airflow/example_dags/example_sensor_decorator.py
[2025-06-22T09:25:27.798+0000] {logging_mixin.py:190} INFO - [2025-06-22T09:25:27.798+0000] {dag.py:3239} INFO - Sync 1 DAGs
[2025-06-22T09:25:27.805+0000] {logging_mixin.py:190} INFO - [2025-06-22T09:25:27.805+0000] {dag.py:4180} INFO - Setting next_dagrun for example_sensor_decorator to None, run_after=None
[2025-06-22T09:25:27.818+0000] {processor.py:208} INFO - Processing /home/airflow/.local/lib/python3.12/site-packages/airflow/example_dags/example_sensor_decorator.py took 0.039 seconds
[2025-06-22T09:25:58.601+0000] {processor.py:186} INFO - Started process (PID=391) to work on /home/airflow/.local/lib/python3.12/site-packages/airflow/example_dags/example_sensor_decorator.py
[2025-06-22T09:25:58.602+0000] {processor.py:914} INFO - Processing file /home/airflow/.local/lib/python3.12/site-packages/airflow/example_dags/example_sensor_decorator.py for tasks to queue
[2025-06-22T09:25:58.604+0000] {logging_mixin.py:190} INFO - [2025-06-22T09:25:58.604+0000] {dagbag.py:588} INFO - Filling up the DagBag from /home/airflow/.local/lib/python3.12/site-packages/airflow/example_dags/example_sensor_decorator.py
[2025-06-22T09:25:58.609+0000] {processor.py:925} INFO - DAG(s) 'example_sensor_decorator' retrieved from /home/airflow/.local/lib/python3.12/site-packages/airflow/example_dags/example_sensor_decorator.py
[2025-06-22T09:25:58.625+0000] {logging_mixin.py:190} INFO - [2025-06-22T09:25:58.625+0000] {dag.py:3239} INFO - Sync 1 DAGs
[2025-06-22T09:25:58.634+0000] {logging_mixin.py:190} INFO - [2025-06-22T09:25:58.634+0000] {dag.py:4180} INFO - Setting next_dagrun for example_sensor_decorator to None, run_after=None
[2025-06-22T09:25:58.645+0000] {processor.py:208} INFO - Processing /home/airflow/.local/lib/python3.12/site-packages/airflow/example_dags/example_sensor_decorator.py took 0.048 seconds
[2025-06-22T09:26:29.573+0000] {processor.py:186} INFO - Started process (PID=453) to work on /home/airflow/.local/lib/python3.12/site-packages/airflow/example_dags/example_sensor_decorator.py
[2025-06-22T09:26:29.574+0000] {processor.py:914} INFO - Processing file /home/airflow/.local/lib/python3.12/site-packages/airflow/example_dags/example_sensor_decorator.py for tasks to queue
[2025-06-22T09:26:29.575+0000] {logging_mixin.py:190} INFO - [2025-06-22T09:26:29.575+0000] {dagbag.py:588} INFO - Filling up the DagBag from /home/airflow/.local/lib/python3.12/site-packages/airflow/example_dags/example_sensor_decorator.py
[2025-06-22T09:26:29.579+0000] {processor.py:925} INFO - DAG(s) 'example_sensor_decorator' retrieved from /home/airflow/.local/lib/python3.12/site-packages/airflow/example_dags/example_sensor_decorator.py
[2025-06-22T09:26:29.591+0000] {logging_mixin.py:190} INFO - [2025-06-22T09:26:29.591+0000] {dag.py:3239} INFO - Sync 1 DAGs
[2025-06-22T09:26:29.600+0000] {logging_mixin.py:190} INFO - [2025-06-22T09:26:29.600+0000] {dag.py:4180} INFO - Setting next_dagrun for example_sensor_decorator to None, run_after=None
[2025-06-22T09:26:29.615+0000] {processor.py:208} INFO - Processing /home/airflow/.local/lib/python3.12/site-packages/airflow/example_dags/example_sensor_decorator.py took 0.045 seconds
[2025-06-22T09:27:00.335+0000] {processor.py:186} INFO - Started process (PID=515) to work on /home/airflow/.local/lib/python3.12/site-packages/airflow/example_dags/example_sensor_decorator.py
[2025-06-22T09:27:00.336+0000] {processor.py:914} INFO - Processing file /home/airflow/.local/lib/python3.12/site-packages/airflow/example_dags/example_sensor_decorator.py for tasks to queue
[2025-06-22T09:27:00.337+0000] {logging_mixin.py:190} INFO - [2025-06-22T09:27:00.337+0000] {dagbag.py:588} INFO - Filling up the DagBag from /home/airflow/.local/lib/python3.12/site-packages/airflow/example_dags/example_sensor_decorator.py
[2025-06-22T09:27:00.342+0000] {processor.py:925} INFO - DAG(s) 'example_sensor_decorator' retrieved from /home/airflow/.local/lib/python3.12/site-packages/airflow/example_dags/example_sensor_decorator.py
[2025-06-22T09:27:00.353+0000] {logging_mixin.py:190} INFO - [2025-06-22T09:27:00.352+0000] {dag.py:3239} INFO - Sync 1 DAGs
[2025-06-22T09:27:00.363+0000] {logging_mixin.py:190} INFO - [2025-06-22T09:27:00.363+0000] {dag.py:4180} INFO - Setting next_dagrun for example_sensor_decorator to None, run_after=None
[2025-06-22T09:27:00.377+0000] {processor.py:208} INFO - Processing /home/airflow/.local/lib/python3.12/site-packages/airflow/example_dags/example_sensor_decorator.py took 0.046 seconds
[2025-06-22T09:27:30.823+0000] {processor.py:186} INFO - Started process (PID=577) to work on /home/airflow/.local/lib/python3.12/site-packages/airflow/example_dags/example_sensor_decorator.py
[2025-06-22T09:27:30.827+0000] {processor.py:914} INFO - Processing file /home/airflow/.local/lib/python3.12/site-packages/airflow/example_dags/example_sensor_decorator.py for tasks to queue
[2025-06-22T09:27:30.828+0000] {logging_mixin.py:190} INFO - [2025-06-22T09:27:30.828+0000] {dagbag.py:588} INFO - Filling up the DagBag from /home/airflow/.local/lib/python3.12/site-packages/airflow/example_dags/example_sensor_decorator.py
[2025-06-22T09:27:30.832+0000] {processor.py:925} INFO - DAG(s) 'example_sensor_decorator' retrieved from /home/airflow/.local/lib/python3.12/site-packages/airflow/example_dags/example_sensor_decorator.py
[2025-06-22T09:27:30.845+0000] {logging_mixin.py:190} INFO - [2025-06-22T09:27:30.845+0000] {dag.py:3239} INFO - Sync 1 DAGs
[2025-06-22T09:27:30.852+0000] {logging_mixin.py:190} INFO - [2025-06-22T09:27:30.852+0000] {dag.py:4180} INFO - Setting next_dagrun for example_sensor_decorator to None, run_after=None
[2025-06-22T09:27:30.861+0000] {processor.py:208} INFO - Processing /home/airflow/.local/lib/python3.12/site-packages/airflow/example_dags/example_sensor_decorator.py took 0.042 seconds
[2025-06-22T09:28:01.183+0000] {processor.py:186} INFO - Started process (PID=639) to work on /home/airflow/.local/lib/python3.12/site-packages/airflow/example_dags/example_sensor_decorator.py
[2025-06-22T09:28:01.186+0000] {processor.py:914} INFO - Processing file /home/airflow/.local/lib/python3.12/site-packages/airflow/example_dags/example_sensor_decorator.py for tasks to queue
[2025-06-22T09:28:01.187+0000] {logging_mixin.py:190} INFO - [2025-06-22T09:28:01.187+0000] {dagbag.py:588} INFO - Filling up the DagBag from /home/airflow/.local/lib/python3.12/site-packages/airflow/example_dags/example_sensor_decorator.py
[2025-06-22T09:28:01.192+0000] {processor.py:925} INFO - DAG(s) 'example_sensor_decorator' retrieved from /home/airflow/.local/lib/python3.12/site-packages/airflow/example_dags/example_sensor_decorator.py
[2025-06-22T09:28:01.203+0000] {logging_mixin.py:190} INFO - [2025-06-22T09:28:01.202+0000] {dag.py:3239} INFO - Sync 1 DAGs
[2025-06-22T09:28:01.212+0000] {logging_mixin.py:190} INFO - [2025-06-22T09:28:01.212+0000] {dag.py:4180} INFO - Setting next_dagrun for example_sensor_decorator to None, run_after=None
[2025-06-22T09:28:01.229+0000] {processor.py:208} INFO - Processing /home/airflow/.local/lib/python3.12/site-packages/airflow/example_dags/example_sensor_decorator.py took 0.050 seconds
[2025-06-22T09:28:31.856+0000] {processor.py:186} INFO - Started process (PID=701) to work on /home/airflow/.local/lib/python3.12/site-packages/airflow/example_dags/example_sensor_decorator.py
[2025-06-22T09:28:31.858+0000] {processor.py:914} INFO - Processing file /home/airflow/.local/lib/python3.12/site-packages/airflow/example_dags/example_sensor_decorator.py for tasks to queue
[2025-06-22T09:28:31.859+0000] {logging_mixin.py:190} INFO - [2025-06-22T09:28:31.859+0000] {dagbag.py:588} INFO - Filling up the DagBag from /home/airflow/.local/lib/python3.12/site-packages/airflow/example_dags/example_sensor_decorator.py
[2025-06-22T09:28:31.863+0000] {processor.py:925} INFO - DAG(s) 'example_sensor_decorator' retrieved from /home/airflow/.local/lib/python3.12/site-packages/airflow/example_dags/example_sensor_decorator.py
[2025-06-22T09:28:31.875+0000] {logging_mixin.py:190} INFO - [2025-06-22T09:28:31.875+0000] {dag.py:3239} INFO - Sync 1 DAGs
[2025-06-22T09:28:31.881+0000] {logging_mixin.py:190} INFO - [2025-06-22T09:28:31.881+0000] {dag.py:4180} INFO - Setting next_dagrun for example_sensor_decorator to None, run_after=None
[2025-06-22T09:28:31.901+0000] {processor.py:208} INFO - Processing /home/airflow/.local/lib/python3.12/site-packages/airflow/example_dags/example_sensor_decorator.py took 0.048 seconds
[2025-06-22T09:29:02.416+0000] {processor.py:186} INFO - Started process (PID=763) to work on /home/airflow/.local/lib/python3.12/site-packages/airflow/example_dags/example_sensor_decorator.py
[2025-06-22T09:29:02.417+0000] {processor.py:914} INFO - Processing file /home/airflow/.local/lib/python3.12/site-packages/airflow/example_dags/example_sensor_decorator.py for tasks to queue
[2025-06-22T09:29:02.418+0000] {logging_mixin.py:190} INFO - [2025-06-22T09:29:02.418+0000] {dagbag.py:588} INFO - Filling up the DagBag from /home/airflow/.local/lib/python3.12/site-packages/airflow/example_dags/example_sensor_decorator.py
[2025-06-22T09:29:02.428+0000] {processor.py:925} INFO - DAG(s) 'example_sensor_decorator' retrieved from /home/airflow/.local/lib/python3.12/site-packages/airflow/example_dags/example_sensor_decorator.py
[2025-06-22T09:29:02.441+0000] {logging_mixin.py:190} INFO - [2025-06-22T09:29:02.441+0000] {dag.py:3239} INFO - Sync 1 DAGs
[2025-06-22T09:29:02.447+0000] {logging_mixin.py:190} INFO - [2025-06-22T09:29:02.447+0000] {dag.py:4180} INFO - Setting next_dagrun for example_sensor_decorator to None, run_after=None
[2025-06-22T09:29:02.460+0000] {processor.py:208} INFO - Processing /home/airflow/.local/lib/python3.12/site-packages/airflow/example_dags/example_sensor_decorator.py took 0.048 seconds
[2025-06-22T09:29:33.040+0000] {processor.py:186} INFO - Started process (PID=825) to work on /home/airflow/.local/lib/python3.12/site-packages/airflow/example_dags/example_sensor_decorator.py
[2025-06-22T09:29:33.040+0000] {processor.py:914} INFO - Processing file /home/airflow/.local/lib/python3.12/site-packages/airflow/example_dags/example_sensor_decorator.py for tasks to queue
[2025-06-22T09:29:33.042+0000] {logging_mixin.py:190} INFO - [2025-06-22T09:29:33.041+0000] {dagbag.py:588} INFO - Filling up the DagBag from /home/airflow/.local/lib/python3.12/site-packages/airflow/example_dags/example_sensor_decorator.py
[2025-06-22T09:29:33.046+0000] {processor.py:925} INFO - DAG(s) 'example_sensor_decorator' retrieved from /home/airflow/.local/lib/python3.12/site-packages/airflow/example_dags/example_sensor_decorator.py
[2025-06-22T09:29:33.056+0000] {logging_mixin.py:190} INFO - [2025-06-22T09:29:33.056+0000] {dag.py:3239} INFO - Sync 1 DAGs
[2025-06-22T09:29:33.063+0000] {logging_mixin.py:190} INFO - [2025-06-22T09:29:33.063+0000] {dag.py:4180} INFO - Setting next_dagrun for example_sensor_decorator to None, run_after=None
[2025-06-22T09:29:33.076+0000] {processor.py:208} INFO - Processing /home/airflow/.local/lib/python3.12/site-packages/airflow/example_dags/example_sensor_decorator.py took 0.040 seconds
[2025-06-22T09:30:03.665+0000] {processor.py:186} INFO - Started process (PID=887) to work on /home/airflow/.local/lib/python3.12/site-packages/airflow/example_dags/example_sensor_decorator.py
[2025-06-22T09:30:03.668+0000] {processor.py:914} INFO - Processing file /home/airflow/.local/lib/python3.12/site-packages/airflow/example_dags/example_sensor_decorator.py for tasks to queue
[2025-06-22T09:30:03.671+0000] {logging_mixin.py:190} INFO - [2025-06-22T09:30:03.671+0000] {dagbag.py:588} INFO - Filling up the DagBag from /home/airflow/.local/lib/python3.12/site-packages/airflow/example_dags/example_sensor_decorator.py
[2025-06-22T09:30:03.679+0000] {processor.py:925} INFO - DAG(s) 'example_sensor_decorator' retrieved from /home/airflow/.local/lib/python3.12/site-packages/airflow/example_dags/example_sensor_decorator.py
[2025-06-22T09:30:03.690+0000] {logging_mixin.py:190} INFO - [2025-06-22T09:30:03.690+0000] {dag.py:3239} INFO - Sync 1 DAGs
[2025-06-22T09:30:03.700+0000] {logging_mixin.py:190} INFO - [2025-06-22T09:30:03.700+0000] {dag.py:4180} INFO - Setting next_dagrun for example_sensor_decorator to None, run_after=None
[2025-06-22T09:30:03.712+0000] {processor.py:208} INFO - Processing /home/airflow/.local/lib/python3.12/site-packages/airflow/example_dags/example_sensor_decorator.py took 0.050 seconds
[2025-06-22T09:30:34.380+0000] {processor.py:186} INFO - Started process (PID=949) to work on /home/airflow/.local/lib/python3.12/site-packages/airflow/example_dags/example_sensor_decorator.py
[2025-06-22T09:30:34.381+0000] {processor.py:914} INFO - Processing file /home/airflow/.local/lib/python3.12/site-packages/airflow/example_dags/example_sensor_decorator.py for tasks to queue
[2025-06-22T09:30:34.382+0000] {logging_mixin.py:190} INFO - [2025-06-22T09:30:34.382+0000] {dagbag.py:588} INFO - Filling up the DagBag from /home/airflow/.local/lib/python3.12/site-packages/airflow/example_dags/example_sensor_decorator.py
[2025-06-22T09:30:34.387+0000] {processor.py:925} INFO - DAG(s) 'example_sensor_decorator' retrieved from /home/airflow/.local/lib/python3.12/site-packages/airflow/example_dags/example_sensor_decorator.py
[2025-06-22T09:30:34.399+0000] {logging_mixin.py:190} INFO - [2025-06-22T09:30:34.399+0000] {dag.py:3239} INFO - Sync 1 DAGs
[2025-06-22T09:30:34.407+0000] {logging_mixin.py:190} INFO - [2025-06-22T09:30:34.406+0000] {dag.py:4180} INFO - Setting next_dagrun for example_sensor_decorator to None, run_after=None
[2025-06-22T09:30:34.421+0000] {processor.py:208} INFO - Processing /home/airflow/.local/lib/python3.12/site-packages/airflow/example_dags/example_sensor_decorator.py took 0.045 seconds
[2025-06-22T09:31:05.033+0000] {processor.py:186} INFO - Started process (PID=1011) to work on /home/airflow/.local/lib/python3.12/site-packages/airflow/example_dags/example_sensor_decorator.py
[2025-06-22T09:31:05.037+0000] {processor.py:914} INFO - Processing file /home/airflow/.local/lib/python3.12/site-packages/airflow/example_dags/example_sensor_decorator.py for tasks to queue
[2025-06-22T09:31:05.038+0000] {logging_mixin.py:190} INFO - [2025-06-22T09:31:05.038+0000] {dagbag.py:588} INFO - Filling up the DagBag from /home/airflow/.local/lib/python3.12/site-packages/airflow/example_dags/example_sensor_decorator.py
[2025-06-22T09:31:05.043+0000] {processor.py:925} INFO - DAG(s) 'example_sensor_decorator' retrieved from /home/airflow/.local/lib/python3.12/site-packages/airflow/example_dags/example_sensor_decorator.py
[2025-06-22T09:31:05.053+0000] {logging_mixin.py:190} INFO - [2025-06-22T09:31:05.052+0000] {dag.py:3239} INFO - Sync 1 DAGs
[2025-06-22T09:31:05.059+0000] {logging_mixin.py:190} INFO - [2025-06-22T09:31:05.059+0000] {dag.py:4180} INFO - Setting next_dagrun for example_sensor_decorator to None, run_after=None
[2025-06-22T09:31:05.069+0000] {processor.py:208} INFO - Processing /home/airflow/.local/lib/python3.12/site-packages/airflow/example_dags/example_sensor_decorator.py took 0.039 seconds
[2025-06-22T09:31:36.087+0000] {processor.py:186} INFO - Started process (PID=1073) to work on /home/airflow/.local/lib/python3.12/site-packages/airflow/example_dags/example_sensor_decorator.py
[2025-06-22T09:31:36.088+0000] {processor.py:914} INFO - Processing file /home/airflow/.local/lib/python3.12/site-packages/airflow/example_dags/example_sensor_decorator.py for tasks to queue
[2025-06-22T09:31:36.096+0000] {logging_mixin.py:190} INFO - [2025-06-22T09:31:36.096+0000] {dagbag.py:588} INFO - Filling up the DagBag from /home/airflow/.local/lib/python3.12/site-packages/airflow/example_dags/example_sensor_decorator.py
[2025-06-22T09:31:36.104+0000] {processor.py:925} INFO - DAG(s) 'example_sensor_decorator' retrieved from /home/airflow/.local/lib/python3.12/site-packages/airflow/example_dags/example_sensor_decorator.py
[2025-06-22T09:31:36.119+0000] {logging_mixin.py:190} INFO - [2025-06-22T09:31:36.119+0000] {dag.py:3239} INFO - Sync 1 DAGs
[2025-06-22T09:31:36.130+0000] {logging_mixin.py:190} INFO - [2025-06-22T09:31:36.129+0000] {dag.py:4180} INFO - Setting next_dagrun for example_sensor_decorator to None, run_after=None
[2025-06-22T09:31:36.142+0000] {processor.py:208} INFO - Processing /home/airflow/.local/lib/python3.12/site-packages/airflow/example_dags/example_sensor_decorator.py took 0.060 seconds
[2025-06-22T09:32:06.496+0000] {processor.py:186} INFO - Started process (PID=1135) to work on /home/airflow/.local/lib/python3.12/site-packages/airflow/example_dags/example_sensor_decorator.py
[2025-06-22T09:32:06.496+0000] {processor.py:914} INFO - Processing file /home/airflow/.local/lib/python3.12/site-packages/airflow/example_dags/example_sensor_decorator.py for tasks to queue
[2025-06-22T09:32:06.498+0000] {logging_mixin.py:190} INFO - [2025-06-22T09:32:06.498+0000] {dagbag.py:588} INFO - Filling up the DagBag from /home/airflow/.local/lib/python3.12/site-packages/airflow/example_dags/example_sensor_decorator.py
[2025-06-22T09:32:06.506+0000] {processor.py:925} INFO - DAG(s) 'example_sensor_decorator' retrieved from /home/airflow/.local/lib/python3.12/site-packages/airflow/example_dags/example_sensor_decorator.py
[2025-06-22T09:32:06.522+0000] {logging_mixin.py:190} INFO - [2025-06-22T09:32:06.522+0000] {dag.py:3239} INFO - Sync 1 DAGs
[2025-06-22T09:32:06.535+0000] {logging_mixin.py:190} INFO - [2025-06-22T09:32:06.535+0000] {dag.py:4180} INFO - Setting next_dagrun for example_sensor_decorator to None, run_after=None
[2025-06-22T09:32:06.551+0000] {processor.py:208} INFO - Processing /home/airflow/.local/lib/python3.12/site-packages/airflow/example_dags/example_sensor_decorator.py took 0.059 seconds
[2025-06-22T09:32:37.485+0000] {processor.py:186} INFO - Started process (PID=1197) to work on /home/airflow/.local/lib/python3.12/site-packages/airflow/example_dags/example_sensor_decorator.py
[2025-06-22T09:32:37.485+0000] {processor.py:914} INFO - Processing file /home/airflow/.local/lib/python3.12/site-packages/airflow/example_dags/example_sensor_decorator.py for tasks to queue
[2025-06-22T09:32:37.487+0000] {logging_mixin.py:190} INFO - [2025-06-22T09:32:37.487+0000] {dagbag.py:588} INFO - Filling up the DagBag from /home/airflow/.local/lib/python3.12/site-packages/airflow/example_dags/example_sensor_decorator.py
[2025-06-22T09:32:37.492+0000] {processor.py:925} INFO - DAG(s) 'example_sensor_decorator' retrieved from /home/airflow/.local/lib/python3.12/site-packages/airflow/example_dags/example_sensor_decorator.py
[2025-06-22T09:32:37.503+0000] {logging_mixin.py:190} INFO - [2025-06-22T09:32:37.503+0000] {dag.py:3239} INFO - Sync 1 DAGs
[2025-06-22T09:32:37.510+0000] {logging_mixin.py:190} INFO - [2025-06-22T09:32:37.510+0000] {dag.py:4180} INFO - Setting next_dagrun for example_sensor_decorator to None, run_after=None
[2025-06-22T09:32:37.520+0000] {processor.py:208} INFO - Processing /home/airflow/.local/lib/python3.12/site-packages/airflow/example_dags/example_sensor_decorator.py took 0.039 seconds
[2025-06-22T09:33:08.472+0000] {processor.py:186} INFO - Started process (PID=1259) to work on /home/airflow/.local/lib/python3.12/site-packages/airflow/example_dags/example_sensor_decorator.py
[2025-06-22T09:33:08.475+0000] {processor.py:914} INFO - Processing file /home/airflow/.local/lib/python3.12/site-packages/airflow/example_dags/example_sensor_decorator.py for tasks to queue
[2025-06-22T09:33:08.477+0000] {logging_mixin.py:190} INFO - [2025-06-22T09:33:08.477+0000] {dagbag.py:588} INFO - Filling up the DagBag from /home/airflow/.local/lib/python3.12/site-packages/airflow/example_dags/example_sensor_decorator.py
[2025-06-22T09:33:08.481+0000] {processor.py:925} INFO - DAG(s) 'example_sensor_decorator' retrieved from /home/airflow/.local/lib/python3.12/site-packages/airflow/example_dags/example_sensor_decorator.py
[2025-06-22T09:33:08.492+0000] {logging_mixin.py:190} INFO - [2025-06-22T09:33:08.492+0000] {dag.py:3239} INFO - Sync 1 DAGs
[2025-06-22T09:33:08.499+0000] {logging_mixin.py:190} INFO - [2025-06-22T09:33:08.499+0000] {dag.py:4180} INFO - Setting next_dagrun for example_sensor_decorator to None, run_after=None
[2025-06-22T09:33:08.511+0000] {processor.py:208} INFO - Processing /home/airflow/.local/lib/python3.12/site-packages/airflow/example_dags/example_sensor_decorator.py took 0.042 seconds
[2025-06-22T09:33:39.159+0000] {processor.py:186} INFO - Started process (PID=1321) to work on /home/airflow/.local/lib/python3.12/site-packages/airflow/example_dags/example_sensor_decorator.py
[2025-06-22T09:33:39.160+0000] {processor.py:914} INFO - Processing file /home/airflow/.local/lib/python3.12/site-packages/airflow/example_dags/example_sensor_decorator.py for tasks to queue
[2025-06-22T09:33:39.161+0000] {logging_mixin.py:190} INFO - [2025-06-22T09:33:39.161+0000] {dagbag.py:588} INFO - Filling up the DagBag from /home/airflow/.local/lib/python3.12/site-packages/airflow/example_dags/example_sensor_decorator.py
[2025-06-22T09:33:39.166+0000] {processor.py:925} INFO - DAG(s) 'example_sensor_decorator' retrieved from /home/airflow/.local/lib/python3.12/site-packages/airflow/example_dags/example_sensor_decorator.py
[2025-06-22T09:33:39.175+0000] {logging_mixin.py:190} INFO - [2025-06-22T09:33:39.175+0000] {dag.py:3239} INFO - Sync 1 DAGs
[2025-06-22T09:33:39.183+0000] {logging_mixin.py:190} INFO - [2025-06-22T09:33:39.183+0000] {dag.py:4180} INFO - Setting next_dagrun for example_sensor_decorator to None, run_after=None
[2025-06-22T09:33:39.197+0000] {processor.py:208} INFO - Processing /home/airflow/.local/lib/python3.12/site-packages/airflow/example_dags/example_sensor_decorator.py took 0.041 seconds
[2025-06-22T09:34:09.810+0000] {processor.py:186} INFO - Started process (PID=1384) to work on /home/airflow/.local/lib/python3.12/site-packages/airflow/example_dags/example_sensor_decorator.py
[2025-06-22T09:34:09.812+0000] {processor.py:914} INFO - Processing file /home/airflow/.local/lib/python3.12/site-packages/airflow/example_dags/example_sensor_decorator.py for tasks to queue
[2025-06-22T09:34:09.813+0000] {logging_mixin.py:190} INFO - [2025-06-22T09:34:09.813+0000] {dagbag.py:588} INFO - Filling up the DagBag from /home/airflow/.local/lib/python3.12/site-packages/airflow/example_dags/example_sensor_decorator.py
[2025-06-22T09:34:09.818+0000] {processor.py:925} INFO - DAG(s) 'example_sensor_decorator' retrieved from /home/airflow/.local/lib/python3.12/site-packages/airflow/example_dags/example_sensor_decorator.py
[2025-06-22T09:34:09.830+0000] {logging_mixin.py:190} INFO - [2025-06-22T09:34:09.830+0000] {dag.py:3239} INFO - Sync 1 DAGs
[2025-06-22T09:34:09.838+0000] {logging_mixin.py:190} INFO - [2025-06-22T09:34:09.838+0000] {dag.py:4180} INFO - Setting next_dagrun for example_sensor_decorator to None, run_after=None
[2025-06-22T09:34:09.848+0000] {processor.py:208} INFO - Processing /home/airflow/.local/lib/python3.12/site-packages/airflow/example_dags/example_sensor_decorator.py took 0.041 seconds
[2025-06-22T09:34:40.322+0000] {processor.py:186} INFO - Started process (PID=1446) to work on /home/airflow/.local/lib/python3.12/site-packages/airflow/example_dags/example_sensor_decorator.py
[2025-06-22T09:34:40.323+0000] {processor.py:914} INFO - Processing file /home/airflow/.local/lib/python3.12/site-packages/airflow/example_dags/example_sensor_decorator.py for tasks to queue
[2025-06-22T09:34:40.325+0000] {logging_mixin.py:190} INFO - [2025-06-22T09:34:40.325+0000] {dagbag.py:588} INFO - Filling up the DagBag from /home/airflow/.local/lib/python3.12/site-packages/airflow/example_dags/example_sensor_decorator.py
[2025-06-22T09:34:40.331+0000] {processor.py:925} INFO - DAG(s) 'example_sensor_decorator' retrieved from /home/airflow/.local/lib/python3.12/site-packages/airflow/example_dags/example_sensor_decorator.py
[2025-06-22T09:34:40.345+0000] {logging_mixin.py:190} INFO - [2025-06-22T09:34:40.345+0000] {dag.py:3239} INFO - Sync 1 DAGs
[2025-06-22T09:34:40.352+0000] {logging_mixin.py:190} INFO - [2025-06-22T09:34:40.352+0000] {dag.py:4180} INFO - Setting next_dagrun for example_sensor_decorator to None, run_after=None
[2025-06-22T09:34:40.361+0000] {processor.py:208} INFO - Processing /home/airflow/.local/lib/python3.12/site-packages/airflow/example_dags/example_sensor_decorator.py took 0.043 seconds
[2025-06-22T09:35:10.947+0000] {processor.py:186} INFO - Started process (PID=1508) to work on /home/airflow/.local/lib/python3.12/site-packages/airflow/example_dags/example_sensor_decorator.py
[2025-06-22T09:35:10.949+0000] {processor.py:914} INFO - Processing file /home/airflow/.local/lib/python3.12/site-packages/airflow/example_dags/example_sensor_decorator.py for tasks to queue
[2025-06-22T09:35:10.951+0000] {logging_mixin.py:190} INFO - [2025-06-22T09:35:10.950+0000] {dagbag.py:588} INFO - Filling up the DagBag from /home/airflow/.local/lib/python3.12/site-packages/airflow/example_dags/example_sensor_decorator.py
[2025-06-22T09:35:10.956+0000] {processor.py:925} INFO - DAG(s) 'example_sensor_decorator' retrieved from /home/airflow/.local/lib/python3.12/site-packages/airflow/example_dags/example_sensor_decorator.py
[2025-06-22T09:35:10.966+0000] {logging_mixin.py:190} INFO - [2025-06-22T09:35:10.966+0000] {dag.py:3239} INFO - Sync 1 DAGs
[2025-06-22T09:35:10.973+0000] {logging_mixin.py:190} INFO - [2025-06-22T09:35:10.973+0000] {dag.py:4180} INFO - Setting next_dagrun for example_sensor_decorator to None, run_after=None
[2025-06-22T09:35:10.982+0000] {processor.py:208} INFO - Processing /home/airflow/.local/lib/python3.12/site-packages/airflow/example_dags/example_sensor_decorator.py took 0.038 seconds
[2025-06-22T09:35:41.577+0000] {processor.py:186} INFO - Started process (PID=1570) to work on /home/airflow/.local/lib/python3.12/site-packages/airflow/example_dags/example_sensor_decorator.py
[2025-06-22T09:35:41.580+0000] {processor.py:914} INFO - Processing file /home/airflow/.local/lib/python3.12/site-packages/airflow/example_dags/example_sensor_decorator.py for tasks to queue
[2025-06-22T09:35:41.582+0000] {logging_mixin.py:190} INFO - [2025-06-22T09:35:41.582+0000] {dagbag.py:588} INFO - Filling up the DagBag from /home/airflow/.local/lib/python3.12/site-packages/airflow/example_dags/example_sensor_decorator.py
[2025-06-22T09:35:41.587+0000] {processor.py:925} INFO - DAG(s) 'example_sensor_decorator' retrieved from /home/airflow/.local/lib/python3.12/site-packages/airflow/example_dags/example_sensor_decorator.py
[2025-06-22T09:35:41.599+0000] {logging_mixin.py:190} INFO - [2025-06-22T09:35:41.598+0000] {dag.py:3239} INFO - Sync 1 DAGs
[2025-06-22T09:35:41.610+0000] {logging_mixin.py:190} INFO - [2025-06-22T09:35:41.610+0000] {dag.py:4180} INFO - Setting next_dagrun for example_sensor_decorator to None, run_after=None
[2025-06-22T09:35:41.621+0000] {processor.py:208} INFO - Processing /home/airflow/.local/lib/python3.12/site-packages/airflow/example_dags/example_sensor_decorator.py took 0.048 seconds
[2025-06-22T09:36:12.335+0000] {processor.py:186} INFO - Started process (PID=1632) to work on /home/airflow/.local/lib/python3.12/site-packages/airflow/example_dags/example_sensor_decorator.py
[2025-06-22T09:36:12.336+0000] {processor.py:914} INFO - Processing file /home/airflow/.local/lib/python3.12/site-packages/airflow/example_dags/example_sensor_decorator.py for tasks to queue
[2025-06-22T09:36:12.337+0000] {logging_mixin.py:190} INFO - [2025-06-22T09:36:12.337+0000] {dagbag.py:588} INFO - Filling up the DagBag from /home/airflow/.local/lib/python3.12/site-packages/airflow/example_dags/example_sensor_decorator.py
[2025-06-22T09:36:12.342+0000] {processor.py:925} INFO - DAG(s) 'example_sensor_decorator' retrieved from /home/airflow/.local/lib/python3.12/site-packages/airflow/example_dags/example_sensor_decorator.py
[2025-06-22T09:36:12.355+0000] {logging_mixin.py:190} INFO - [2025-06-22T09:36:12.355+0000] {dag.py:3239} INFO - Sync 1 DAGs
[2025-06-22T09:36:12.363+0000] {logging_mixin.py:190} INFO - [2025-06-22T09:36:12.362+0000] {dag.py:4180} INFO - Setting next_dagrun for example_sensor_decorator to None, run_after=None
[2025-06-22T09:36:12.376+0000] {processor.py:208} INFO - Processing /home/airflow/.local/lib/python3.12/site-packages/airflow/example_dags/example_sensor_decorator.py took 0.044 seconds
[2025-06-22T09:36:43.080+0000] {processor.py:186} INFO - Started process (PID=1694) to work on /home/airflow/.local/lib/python3.12/site-packages/airflow/example_dags/example_sensor_decorator.py
[2025-06-22T09:36:43.082+0000] {processor.py:914} INFO - Processing file /home/airflow/.local/lib/python3.12/site-packages/airflow/example_dags/example_sensor_decorator.py for tasks to queue
[2025-06-22T09:36:43.084+0000] {logging_mixin.py:190} INFO - [2025-06-22T09:36:43.084+0000] {dagbag.py:588} INFO - Filling up the DagBag from /home/airflow/.local/lib/python3.12/site-packages/airflow/example_dags/example_sensor_decorator.py
[2025-06-22T09:36:43.093+0000] {processor.py:925} INFO - DAG(s) 'example_sensor_decorator' retrieved from /home/airflow/.local/lib/python3.12/site-packages/airflow/example_dags/example_sensor_decorator.py
[2025-06-22T09:36:43.112+0000] {logging_mixin.py:190} INFO - [2025-06-22T09:36:43.112+0000] {dag.py:3239} INFO - Sync 1 DAGs
[2025-06-22T09:36:43.125+0000] {logging_mixin.py:190} INFO - [2025-06-22T09:36:43.125+0000] {dag.py:4180} INFO - Setting next_dagrun for example_sensor_decorator to None, run_after=None
[2025-06-22T09:36:43.137+0000] {processor.py:208} INFO - Processing /home/airflow/.local/lib/python3.12/site-packages/airflow/example_dags/example_sensor_decorator.py took 0.064 seconds
[2025-06-22T09:37:13.621+0000] {processor.py:186} INFO - Started process (PID=1756) to work on /home/airflow/.local/lib/python3.12/site-packages/airflow/example_dags/example_sensor_decorator.py
[2025-06-22T09:37:13.621+0000] {processor.py:914} INFO - Processing file /home/airflow/.local/lib/python3.12/site-packages/airflow/example_dags/example_sensor_decorator.py for tasks to queue
[2025-06-22T09:37:13.625+0000] {logging_mixin.py:190} INFO - [2025-06-22T09:37:13.625+0000] {dagbag.py:588} INFO - Filling up the DagBag from /home/airflow/.local/lib/python3.12/site-packages/airflow/example_dags/example_sensor_decorator.py
[2025-06-22T09:37:13.630+0000] {processor.py:925} INFO - DAG(s) 'example_sensor_decorator' retrieved from /home/airflow/.local/lib/python3.12/site-packages/airflow/example_dags/example_sensor_decorator.py
[2025-06-22T09:37:13.648+0000] {logging_mixin.py:190} INFO - [2025-06-22T09:37:13.646+0000] {dag.py:3239} INFO - Sync 1 DAGs
[2025-06-22T09:37:13.658+0000] {logging_mixin.py:190} INFO - [2025-06-22T09:37:13.658+0000] {dag.py:4180} INFO - Setting next_dagrun for example_sensor_decorator to None, run_after=None
[2025-06-22T09:37:13.676+0000] {processor.py:208} INFO - Processing /home/airflow/.local/lib/python3.12/site-packages/airflow/example_dags/example_sensor_decorator.py took 0.059 seconds
[2025-06-22T09:37:43.978+0000] {processor.py:186} INFO - Started process (PID=1818) to work on /home/airflow/.local/lib/python3.12/site-packages/airflow/example_dags/example_sensor_decorator.py
[2025-06-22T09:37:43.979+0000] {processor.py:914} INFO - Processing file /home/airflow/.local/lib/python3.12/site-packages/airflow/example_dags/example_sensor_decorator.py for tasks to queue
[2025-06-22T09:37:43.981+0000] {logging_mixin.py:190} INFO - [2025-06-22T09:37:43.981+0000] {dagbag.py:588} INFO - Filling up the DagBag from /home/airflow/.local/lib/python3.12/site-packages/airflow/example_dags/example_sensor_decorator.py
[2025-06-22T09:37:43.985+0000] {processor.py:925} INFO - DAG(s) 'example_sensor_decorator' retrieved from /home/airflow/.local/lib/python3.12/site-packages/airflow/example_dags/example_sensor_decorator.py
[2025-06-22T09:37:44.001+0000] {logging_mixin.py:190} INFO - [2025-06-22T09:37:44.000+0000] {dag.py:3239} INFO - Sync 1 DAGs
[2025-06-22T09:37:44.011+0000] {logging_mixin.py:190} INFO - [2025-06-22T09:37:44.011+0000] {dag.py:4180} INFO - Setting next_dagrun for example_sensor_decorator to None, run_after=None
[2025-06-22T09:37:44.022+0000] {processor.py:208} INFO - Processing /home/airflow/.local/lib/python3.12/site-packages/airflow/example_dags/example_sensor_decorator.py took 0.048 seconds
[2025-06-22T09:38:14.908+0000] {processor.py:186} INFO - Started process (PID=1880) to work on /home/airflow/.local/lib/python3.12/site-packages/airflow/example_dags/example_sensor_decorator.py
[2025-06-22T09:38:14.909+0000] {processor.py:914} INFO - Processing file /home/airflow/.local/lib/python3.12/site-packages/airflow/example_dags/example_sensor_decorator.py for tasks to queue
[2025-06-22T09:38:14.911+0000] {logging_mixin.py:190} INFO - [2025-06-22T09:38:14.911+0000] {dagbag.py:588} INFO - Filling up the DagBag from /home/airflow/.local/lib/python3.12/site-packages/airflow/example_dags/example_sensor_decorator.py
[2025-06-22T09:38:14.915+0000] {processor.py:925} INFO - DAG(s) 'example_sensor_decorator' retrieved from /home/airflow/.local/lib/python3.12/site-packages/airflow/example_dags/example_sensor_decorator.py
[2025-06-22T09:38:14.926+0000] {logging_mixin.py:190} INFO - [2025-06-22T09:38:14.926+0000] {dag.py:3239} INFO - Sync 1 DAGs
[2025-06-22T09:38:14.935+0000] {logging_mixin.py:190} INFO - [2025-06-22T09:38:14.934+0000] {dag.py:4180} INFO - Setting next_dagrun for example_sensor_decorator to None, run_after=None
[2025-06-22T09:38:14.946+0000] {processor.py:208} INFO - Processing /home/airflow/.local/lib/python3.12/site-packages/airflow/example_dags/example_sensor_decorator.py took 0.042 seconds
[2025-06-22T09:38:45.597+0000] {processor.py:186} INFO - Started process (PID=1942) to work on /home/airflow/.local/lib/python3.12/site-packages/airflow/example_dags/example_sensor_decorator.py
[2025-06-22T09:38:45.597+0000] {processor.py:914} INFO - Processing file /home/airflow/.local/lib/python3.12/site-packages/airflow/example_dags/example_sensor_decorator.py for tasks to queue
[2025-06-22T09:38:45.599+0000] {logging_mixin.py:190} INFO - [2025-06-22T09:38:45.599+0000] {dagbag.py:588} INFO - Filling up the DagBag from /home/airflow/.local/lib/python3.12/site-packages/airflow/example_dags/example_sensor_decorator.py
[2025-06-22T09:38:45.603+0000] {processor.py:925} INFO - DAG(s) 'example_sensor_decorator' retrieved from /home/airflow/.local/lib/python3.12/site-packages/airflow/example_dags/example_sensor_decorator.py
[2025-06-22T09:38:45.614+0000] {logging_mixin.py:190} INFO - [2025-06-22T09:38:45.614+0000] {dag.py:3239} INFO - Sync 1 DAGs
[2025-06-22T09:38:45.621+0000] {logging_mixin.py:190} INFO - [2025-06-22T09:38:45.621+0000] {dag.py:4180} INFO - Setting next_dagrun for example_sensor_decorator to None, run_after=None
[2025-06-22T09:38:45.632+0000] {processor.py:208} INFO - Processing /home/airflow/.local/lib/python3.12/site-packages/airflow/example_dags/example_sensor_decorator.py took 0.038 seconds
[2025-06-22T09:39:16.534+0000] {processor.py:186} INFO - Started process (PID=2004) to work on /home/airflow/.local/lib/python3.12/site-packages/airflow/example_dags/example_sensor_decorator.py
[2025-06-22T09:39:16.534+0000] {processor.py:914} INFO - Processing file /home/airflow/.local/lib/python3.12/site-packages/airflow/example_dags/example_sensor_decorator.py for tasks to queue
[2025-06-22T09:39:16.536+0000] {logging_mixin.py:190} INFO - [2025-06-22T09:39:16.536+0000] {dagbag.py:588} INFO - Filling up the DagBag from /home/airflow/.local/lib/python3.12/site-packages/airflow/example_dags/example_sensor_decorator.py
[2025-06-22T09:39:16.540+0000] {processor.py:925} INFO - DAG(s) 'example_sensor_decorator' retrieved from /home/airflow/.local/lib/python3.12/site-packages/airflow/example_dags/example_sensor_decorator.py
[2025-06-22T09:39:16.552+0000] {logging_mixin.py:190} INFO - [2025-06-22T09:39:16.551+0000] {dag.py:3239} INFO - Sync 1 DAGs
[2025-06-22T09:39:16.561+0000] {logging_mixin.py:190} INFO - [2025-06-22T09:39:16.560+0000] {dag.py:4180} INFO - Setting next_dagrun for example_sensor_decorator to None, run_after=None
[2025-06-22T09:39:16.572+0000] {processor.py:208} INFO - Processing /home/airflow/.local/lib/python3.12/site-packages/airflow/example_dags/example_sensor_decorator.py took 0.042 seconds
[2025-06-22T09:39:47.627+0000] {processor.py:186} INFO - Started process (PID=2066) to work on /home/airflow/.local/lib/python3.12/site-packages/airflow/example_dags/example_sensor_decorator.py
[2025-06-22T09:39:47.631+0000] {processor.py:914} INFO - Processing file /home/airflow/.local/lib/python3.12/site-packages/airflow/example_dags/example_sensor_decorator.py for tasks to queue
[2025-06-22T09:39:47.632+0000] {logging_mixin.py:190} INFO - [2025-06-22T09:39:47.632+0000] {dagbag.py:588} INFO - Filling up the DagBag from /home/airflow/.local/lib/python3.12/site-packages/airflow/example_dags/example_sensor_decorator.py
[2025-06-22T09:39:47.636+0000] {processor.py:925} INFO - DAG(s) 'example_sensor_decorator' retrieved from /home/airflow/.local/lib/python3.12/site-packages/airflow/example_dags/example_sensor_decorator.py
[2025-06-22T09:39:47.652+0000] {logging_mixin.py:190} INFO - [2025-06-22T09:39:47.651+0000] {dag.py:3239} INFO - Sync 1 DAGs
[2025-06-22T09:39:47.658+0000] {logging_mixin.py:190} INFO - [2025-06-22T09:39:47.658+0000] {dag.py:4180} INFO - Setting next_dagrun for example_sensor_decorator to None, run_after=None
[2025-06-22T09:39:47.669+0000] {processor.py:208} INFO - Processing /home/airflow/.local/lib/python3.12/site-packages/airflow/example_dags/example_sensor_decorator.py took 0.046 seconds
[2025-06-22T09:40:18.491+0000] {processor.py:186} INFO - Started process (PID=2128) to work on /home/airflow/.local/lib/python3.12/site-packages/airflow/example_dags/example_sensor_decorator.py
[2025-06-22T09:40:18.492+0000] {processor.py:914} INFO - Processing file /home/airflow/.local/lib/python3.12/site-packages/airflow/example_dags/example_sensor_decorator.py for tasks to queue
[2025-06-22T09:40:18.494+0000] {logging_mixin.py:190} INFO - [2025-06-22T09:40:18.494+0000] {dagbag.py:588} INFO - Filling up the DagBag from /home/airflow/.local/lib/python3.12/site-packages/airflow/example_dags/example_sensor_decorator.py
[2025-06-22T09:40:18.500+0000] {processor.py:925} INFO - DAG(s) 'example_sensor_decorator' retrieved from /home/airflow/.local/lib/python3.12/site-packages/airflow/example_dags/example_sensor_decorator.py
[2025-06-22T09:40:18.514+0000] {logging_mixin.py:190} INFO - [2025-06-22T09:40:18.513+0000] {dag.py:3239} INFO - Sync 1 DAGs
[2025-06-22T09:40:18.523+0000] {logging_mixin.py:190} INFO - [2025-06-22T09:40:18.522+0000] {dag.py:4180} INFO - Setting next_dagrun for example_sensor_decorator to None, run_after=None
[2025-06-22T09:40:18.534+0000] {processor.py:208} INFO - Processing /home/airflow/.local/lib/python3.12/site-packages/airflow/example_dags/example_sensor_decorator.py took 0.047 seconds
[2025-06-22T09:40:49.681+0000] {processor.py:186} INFO - Started process (PID=2190) to work on /home/airflow/.local/lib/python3.12/site-packages/airflow/example_dags/example_sensor_decorator.py
[2025-06-22T09:40:49.682+0000] {processor.py:914} INFO - Processing file /home/airflow/.local/lib/python3.12/site-packages/airflow/example_dags/example_sensor_decorator.py for tasks to queue
[2025-06-22T09:40:49.686+0000] {logging_mixin.py:190} INFO - [2025-06-22T09:40:49.686+0000] {dagbag.py:588} INFO - Filling up the DagBag from /home/airflow/.local/lib/python3.12/site-packages/airflow/example_dags/example_sensor_decorator.py
[2025-06-22T09:40:49.694+0000] {processor.py:925} INFO - DAG(s) 'example_sensor_decorator' retrieved from /home/airflow/.local/lib/python3.12/site-packages/airflow/example_dags/example_sensor_decorator.py
[2025-06-22T09:40:49.708+0000] {logging_mixin.py:190} INFO - [2025-06-22T09:40:49.708+0000] {dag.py:3239} INFO - Sync 1 DAGs
[2025-06-22T09:40:49.717+0000] {logging_mixin.py:190} INFO - [2025-06-22T09:40:49.717+0000] {dag.py:4180} INFO - Setting next_dagrun for example_sensor_decorator to None, run_after=None
[2025-06-22T09:40:49.727+0000] {processor.py:208} INFO - Processing /home/airflow/.local/lib/python3.12/site-packages/airflow/example_dags/example_sensor_decorator.py took 0.050 seconds
[2025-06-22T09:41:20.550+0000] {processor.py:186} INFO - Started process (PID=2252) to work on /home/airflow/.local/lib/python3.12/site-packages/airflow/example_dags/example_sensor_decorator.py
[2025-06-22T09:41:20.551+0000] {processor.py:914} INFO - Processing file /home/airflow/.local/lib/python3.12/site-packages/airflow/example_dags/example_sensor_decorator.py for tasks to queue
[2025-06-22T09:41:20.553+0000] {logging_mixin.py:190} INFO - [2025-06-22T09:41:20.553+0000] {dagbag.py:588} INFO - Filling up the DagBag from /home/airflow/.local/lib/python3.12/site-packages/airflow/example_dags/example_sensor_decorator.py
[2025-06-22T09:41:20.565+0000] {processor.py:925} INFO - DAG(s) 'example_sensor_decorator' retrieved from /home/airflow/.local/lib/python3.12/site-packages/airflow/example_dags/example_sensor_decorator.py
[2025-06-22T09:41:20.577+0000] {logging_mixin.py:190} INFO - [2025-06-22T09:41:20.577+0000] {dag.py:3239} INFO - Sync 1 DAGs
[2025-06-22T09:41:20.585+0000] {logging_mixin.py:190} INFO - [2025-06-22T09:41:20.585+0000] {dag.py:4180} INFO - Setting next_dagrun for example_sensor_decorator to None, run_after=None
[2025-06-22T09:41:20.596+0000] {processor.py:208} INFO - Processing /home/airflow/.local/lib/python3.12/site-packages/airflow/example_dags/example_sensor_decorator.py took 0.052 seconds
[2025-06-22T09:41:51.824+0000] {processor.py:186} INFO - Started process (PID=2314) to work on /home/airflow/.local/lib/python3.12/site-packages/airflow/example_dags/example_sensor_decorator.py
[2025-06-22T09:41:51.825+0000] {processor.py:914} INFO - Processing file /home/airflow/.local/lib/python3.12/site-packages/airflow/example_dags/example_sensor_decorator.py for tasks to queue
[2025-06-22T09:41:51.827+0000] {logging_mixin.py:190} INFO - [2025-06-22T09:41:51.827+0000] {dagbag.py:588} INFO - Filling up the DagBag from /home/airflow/.local/lib/python3.12/site-packages/airflow/example_dags/example_sensor_decorator.py
[2025-06-22T09:41:51.832+0000] {processor.py:925} INFO - DAG(s) 'example_sensor_decorator' retrieved from /home/airflow/.local/lib/python3.12/site-packages/airflow/example_dags/example_sensor_decorator.py
[2025-06-22T09:41:51.845+0000] {logging_mixin.py:190} INFO - [2025-06-22T09:41:51.845+0000] {dag.py:3239} INFO - Sync 1 DAGs
[2025-06-22T09:41:51.853+0000] {logging_mixin.py:190} INFO - [2025-06-22T09:41:51.853+0000] {dag.py:4180} INFO - Setting next_dagrun for example_sensor_decorator to None, run_after=None
[2025-06-22T09:41:51.868+0000] {processor.py:208} INFO - Processing /home/airflow/.local/lib/python3.12/site-packages/airflow/example_dags/example_sensor_decorator.py took 0.047 seconds
[2025-06-22T09:42:22.990+0000] {processor.py:186} INFO - Started process (PID=2376) to work on /home/airflow/.local/lib/python3.12/site-packages/airflow/example_dags/example_sensor_decorator.py
[2025-06-22T09:42:22.992+0000] {processor.py:914} INFO - Processing file /home/airflow/.local/lib/python3.12/site-packages/airflow/example_dags/example_sensor_decorator.py for tasks to queue
[2025-06-22T09:42:22.998+0000] {logging_mixin.py:190} INFO - [2025-06-22T09:42:22.998+0000] {dagbag.py:588} INFO - Filling up the DagBag from /home/airflow/.local/lib/python3.12/site-packages/airflow/example_dags/example_sensor_decorator.py
[2025-06-22T09:42:23.002+0000] {processor.py:925} INFO - DAG(s) 'example_sensor_decorator' retrieved from /home/airflow/.local/lib/python3.12/site-packages/airflow/example_dags/example_sensor_decorator.py
[2025-06-22T09:42:23.020+0000] {logging_mixin.py:190} INFO - [2025-06-22T09:42:23.020+0000] {dag.py:3239} INFO - Sync 1 DAGs
[2025-06-22T09:42:23.028+0000] {logging_mixin.py:190} INFO - [2025-06-22T09:42:23.027+0000] {dag.py:4180} INFO - Setting next_dagrun for example_sensor_decorator to None, run_after=None
[2025-06-22T09:42:23.038+0000] {processor.py:208} INFO - Processing /home/airflow/.local/lib/python3.12/site-packages/airflow/example_dags/example_sensor_decorator.py took 0.051 seconds
[2025-06-22T09:42:54.156+0000] {processor.py:186} INFO - Started process (PID=2443) to work on /home/airflow/.local/lib/python3.12/site-packages/airflow/example_dags/example_sensor_decorator.py
[2025-06-22T09:42:54.160+0000] {processor.py:914} INFO - Processing file /home/airflow/.local/lib/python3.12/site-packages/airflow/example_dags/example_sensor_decorator.py for tasks to queue
[2025-06-22T09:42:54.164+0000] {logging_mixin.py:190} INFO - [2025-06-22T09:42:54.164+0000] {dagbag.py:588} INFO - Filling up the DagBag from /home/airflow/.local/lib/python3.12/site-packages/airflow/example_dags/example_sensor_decorator.py
[2025-06-22T09:42:54.170+0000] {processor.py:925} INFO - DAG(s) 'example_sensor_decorator' retrieved from /home/airflow/.local/lib/python3.12/site-packages/airflow/example_dags/example_sensor_decorator.py
[2025-06-22T09:42:54.184+0000] {logging_mixin.py:190} INFO - [2025-06-22T09:42:54.184+0000] {dag.py:3239} INFO - Sync 1 DAGs
[2025-06-22T09:42:54.201+0000] {logging_mixin.py:190} INFO - [2025-06-22T09:42:54.201+0000] {dag.py:4180} INFO - Setting next_dagrun for example_sensor_decorator to None, run_after=None
[2025-06-22T09:42:54.211+0000] {processor.py:208} INFO - Processing /home/airflow/.local/lib/python3.12/site-packages/airflow/example_dags/example_sensor_decorator.py took 0.061 seconds
[2025-06-22T09:43:25.879+0000] {processor.py:186} INFO - Started process (PID=2505) to work on /home/airflow/.local/lib/python3.12/site-packages/airflow/example_dags/example_sensor_decorator.py
[2025-06-22T09:43:25.881+0000] {processor.py:914} INFO - Processing file /home/airflow/.local/lib/python3.12/site-packages/airflow/example_dags/example_sensor_decorator.py for tasks to queue
[2025-06-22T09:43:25.883+0000] {logging_mixin.py:190} INFO - [2025-06-22T09:43:25.883+0000] {dagbag.py:588} INFO - Filling up the DagBag from /home/airflow/.local/lib/python3.12/site-packages/airflow/example_dags/example_sensor_decorator.py
[2025-06-22T09:43:25.897+0000] {processor.py:925} INFO - DAG(s) 'example_sensor_decorator' retrieved from /home/airflow/.local/lib/python3.12/site-packages/airflow/example_dags/example_sensor_decorator.py
[2025-06-22T09:43:25.916+0000] {logging_mixin.py:190} INFO - [2025-06-22T09:43:25.916+0000] {dag.py:3239} INFO - Sync 1 DAGs
[2025-06-22T09:43:25.932+0000] {logging_mixin.py:190} INFO - [2025-06-22T09:43:25.932+0000] {dag.py:4180} INFO - Setting next_dagrun for example_sensor_decorator to None, run_after=None
[2025-06-22T09:43:25.942+0000] {processor.py:208} INFO - Processing /home/airflow/.local/lib/python3.12/site-packages/airflow/example_dags/example_sensor_decorator.py took 0.072 seconds
[2025-06-22T09:43:56.184+0000] {processor.py:186} INFO - Started process (PID=2567) to work on /home/airflow/.local/lib/python3.12/site-packages/airflow/example_dags/example_sensor_decorator.py
[2025-06-22T09:43:56.184+0000] {processor.py:914} INFO - Processing file /home/airflow/.local/lib/python3.12/site-packages/airflow/example_dags/example_sensor_decorator.py for tasks to queue
[2025-06-22T09:43:56.185+0000] {logging_mixin.py:190} INFO - [2025-06-22T09:43:56.185+0000] {dagbag.py:588} INFO - Filling up the DagBag from /home/airflow/.local/lib/python3.12/site-packages/airflow/example_dags/example_sensor_decorator.py
[2025-06-22T09:43:56.191+0000] {processor.py:925} INFO - DAG(s) 'example_sensor_decorator' retrieved from /home/airflow/.local/lib/python3.12/site-packages/airflow/example_dags/example_sensor_decorator.py
[2025-06-22T09:43:56.209+0000] {logging_mixin.py:190} INFO - [2025-06-22T09:43:56.209+0000] {dag.py:3239} INFO - Sync 1 DAGs
[2025-06-22T09:43:56.218+0000] {logging_mixin.py:190} INFO - [2025-06-22T09:43:56.217+0000] {dag.py:4180} INFO - Setting next_dagrun for example_sensor_decorator to None, run_after=None
[2025-06-22T09:43:56.230+0000] {processor.py:208} INFO - Processing /home/airflow/.local/lib/python3.12/site-packages/airflow/example_dags/example_sensor_decorator.py took 0.051 seconds
[2025-06-22T09:44:26.851+0000] {processor.py:186} INFO - Started process (PID=2629) to work on /home/airflow/.local/lib/python3.12/site-packages/airflow/example_dags/example_sensor_decorator.py
[2025-06-22T09:44:26.851+0000] {processor.py:914} INFO - Processing file /home/airflow/.local/lib/python3.12/site-packages/airflow/example_dags/example_sensor_decorator.py for tasks to queue
[2025-06-22T09:44:26.853+0000] {logging_mixin.py:190} INFO - [2025-06-22T09:44:26.853+0000] {dagbag.py:588} INFO - Filling up the DagBag from /home/airflow/.local/lib/python3.12/site-packages/airflow/example_dags/example_sensor_decorator.py
[2025-06-22T09:44:26.862+0000] {processor.py:925} INFO - DAG(s) 'example_sensor_decorator' retrieved from /home/airflow/.local/lib/python3.12/site-packages/airflow/example_dags/example_sensor_decorator.py
[2025-06-22T09:44:26.878+0000] {logging_mixin.py:190} INFO - [2025-06-22T09:44:26.877+0000] {dag.py:3239} INFO - Sync 1 DAGs
[2025-06-22T09:44:26.886+0000] {logging_mixin.py:190} INFO - [2025-06-22T09:44:26.886+0000] {dag.py:4180} INFO - Setting next_dagrun for example_sensor_decorator to None, run_after=None
[2025-06-22T09:44:26.895+0000] {processor.py:208} INFO - Processing /home/airflow/.local/lib/python3.12/site-packages/airflow/example_dags/example_sensor_decorator.py took 0.047 seconds
[2025-06-22T09:44:58.084+0000] {processor.py:186} INFO - Started process (PID=2691) to work on /home/airflow/.local/lib/python3.12/site-packages/airflow/example_dags/example_sensor_decorator.py
[2025-06-22T09:44:58.085+0000] {processor.py:914} INFO - Processing file /home/airflow/.local/lib/python3.12/site-packages/airflow/example_dags/example_sensor_decorator.py for tasks to queue
[2025-06-22T09:44:58.086+0000] {logging_mixin.py:190} INFO - [2025-06-22T09:44:58.086+0000] {dagbag.py:588} INFO - Filling up the DagBag from /home/airflow/.local/lib/python3.12/site-packages/airflow/example_dags/example_sensor_decorator.py
[2025-06-22T09:44:58.091+0000] {processor.py:925} INFO - DAG(s) 'example_sensor_decorator' retrieved from /home/airflow/.local/lib/python3.12/site-packages/airflow/example_dags/example_sensor_decorator.py
[2025-06-22T09:44:58.101+0000] {logging_mixin.py:190} INFO - [2025-06-22T09:44:58.101+0000] {dag.py:3239} INFO - Sync 1 DAGs
[2025-06-22T09:44:58.111+0000] {logging_mixin.py:190} INFO - [2025-06-22T09:44:58.111+0000] {dag.py:4180} INFO - Setting next_dagrun for example_sensor_decorator to None, run_after=None
[2025-06-22T09:44:58.130+0000] {processor.py:208} INFO - Processing /home/airflow/.local/lib/python3.12/site-packages/airflow/example_dags/example_sensor_decorator.py took 0.049 seconds
[2025-06-22T09:45:29.167+0000] {processor.py:186} INFO - Started process (PID=2753) to work on /home/airflow/.local/lib/python3.12/site-packages/airflow/example_dags/example_sensor_decorator.py
[2025-06-22T09:45:29.169+0000] {processor.py:914} INFO - Processing file /home/airflow/.local/lib/python3.12/site-packages/airflow/example_dags/example_sensor_decorator.py for tasks to queue
[2025-06-22T09:45:29.170+0000] {logging_mixin.py:190} INFO - [2025-06-22T09:45:29.170+0000] {dagbag.py:588} INFO - Filling up the DagBag from /home/airflow/.local/lib/python3.12/site-packages/airflow/example_dags/example_sensor_decorator.py
[2025-06-22T09:45:29.175+0000] {processor.py:925} INFO - DAG(s) 'example_sensor_decorator' retrieved from /home/airflow/.local/lib/python3.12/site-packages/airflow/example_dags/example_sensor_decorator.py
[2025-06-22T09:45:29.187+0000] {logging_mixin.py:190} INFO - [2025-06-22T09:45:29.187+0000] {dag.py:3239} INFO - Sync 1 DAGs
[2025-06-22T09:45:29.194+0000] {logging_mixin.py:190} INFO - [2025-06-22T09:45:29.194+0000] {dag.py:4180} INFO - Setting next_dagrun for example_sensor_decorator to None, run_after=None
[2025-06-22T09:45:29.209+0000] {processor.py:208} INFO - Processing /home/airflow/.local/lib/python3.12/site-packages/airflow/example_dags/example_sensor_decorator.py took 0.046 seconds
[2025-06-22T09:46:00.524+0000] {processor.py:186} INFO - Started process (PID=2815) to work on /home/airflow/.local/lib/python3.12/site-packages/airflow/example_dags/example_sensor_decorator.py
[2025-06-22T09:46:00.525+0000] {processor.py:914} INFO - Processing file /home/airflow/.local/lib/python3.12/site-packages/airflow/example_dags/example_sensor_decorator.py for tasks to queue
[2025-06-22T09:46:00.527+0000] {logging_mixin.py:190} INFO - [2025-06-22T09:46:00.527+0000] {dagbag.py:588} INFO - Filling up the DagBag from /home/airflow/.local/lib/python3.12/site-packages/airflow/example_dags/example_sensor_decorator.py
[2025-06-22T09:46:00.531+0000] {processor.py:925} INFO - DAG(s) 'example_sensor_decorator' retrieved from /home/airflow/.local/lib/python3.12/site-packages/airflow/example_dags/example_sensor_decorator.py
[2025-06-22T09:46:00.542+0000] {logging_mixin.py:190} INFO - [2025-06-22T09:46:00.541+0000] {dag.py:3239} INFO - Sync 1 DAGs
[2025-06-22T09:46:00.550+0000] {logging_mixin.py:190} INFO - [2025-06-22T09:46:00.550+0000] {dag.py:4180} INFO - Setting next_dagrun for example_sensor_decorator to None, run_after=None
[2025-06-22T09:46:00.569+0000] {processor.py:208} INFO - Processing /home/airflow/.local/lib/python3.12/site-packages/airflow/example_dags/example_sensor_decorator.py took 0.049 seconds
[2025-06-22T09:46:32.850+0000] {processor.py:186} INFO - Started process (PID=2877) to work on /home/airflow/.local/lib/python3.12/site-packages/airflow/example_dags/example_sensor_decorator.py
[2025-06-22T09:46:32.851+0000] {processor.py:914} INFO - Processing file /home/airflow/.local/lib/python3.12/site-packages/airflow/example_dags/example_sensor_decorator.py for tasks to queue
[2025-06-22T09:46:32.853+0000] {logging_mixin.py:190} INFO - [2025-06-22T09:46:32.853+0000] {dagbag.py:588} INFO - Filling up the DagBag from /home/airflow/.local/lib/python3.12/site-packages/airflow/example_dags/example_sensor_decorator.py
[2025-06-22T09:46:32.859+0000] {processor.py:925} INFO - DAG(s) 'example_sensor_decorator' retrieved from /home/airflow/.local/lib/python3.12/site-packages/airflow/example_dags/example_sensor_decorator.py
[2025-06-22T09:46:32.871+0000] {logging_mixin.py:190} INFO - [2025-06-22T09:46:32.871+0000] {dag.py:3239} INFO - Sync 1 DAGs
[2025-06-22T09:46:32.883+0000] {logging_mixin.py:190} INFO - [2025-06-22T09:46:32.883+0000] {dag.py:4180} INFO - Setting next_dagrun for example_sensor_decorator to None, run_after=None
[2025-06-22T09:46:32.897+0000] {processor.py:208} INFO - Processing /home/airflow/.local/lib/python3.12/site-packages/airflow/example_dags/example_sensor_decorator.py took 0.054 seconds
[2025-06-22T09:47:03.756+0000] {processor.py:186} INFO - Started process (PID=2939) to work on /home/airflow/.local/lib/python3.12/site-packages/airflow/example_dags/example_sensor_decorator.py
[2025-06-22T09:47:03.758+0000] {processor.py:914} INFO - Processing file /home/airflow/.local/lib/python3.12/site-packages/airflow/example_dags/example_sensor_decorator.py for tasks to queue
[2025-06-22T09:47:03.759+0000] {logging_mixin.py:190} INFO - [2025-06-22T09:47:03.759+0000] {dagbag.py:588} INFO - Filling up the DagBag from /home/airflow/.local/lib/python3.12/site-packages/airflow/example_dags/example_sensor_decorator.py
[2025-06-22T09:47:03.764+0000] {processor.py:925} INFO - DAG(s) 'example_sensor_decorator' retrieved from /home/airflow/.local/lib/python3.12/site-packages/airflow/example_dags/example_sensor_decorator.py
[2025-06-22T09:47:03.779+0000] {logging_mixin.py:190} INFO - [2025-06-22T09:47:03.779+0000] {dag.py:3239} INFO - Sync 1 DAGs
[2025-06-22T09:47:03.786+0000] {logging_mixin.py:190} INFO - [2025-06-22T09:47:03.786+0000] {dag.py:4180} INFO - Setting next_dagrun for example_sensor_decorator to None, run_after=None
[2025-06-22T09:47:03.798+0000] {processor.py:208} INFO - Processing /home/airflow/.local/lib/python3.12/site-packages/airflow/example_dags/example_sensor_decorator.py took 0.046 seconds
[2025-06-22T09:47:34.479+0000] {processor.py:186} INFO - Started process (PID=3001) to work on /home/airflow/.local/lib/python3.12/site-packages/airflow/example_dags/example_sensor_decorator.py
[2025-06-22T09:47:34.480+0000] {processor.py:914} INFO - Processing file /home/airflow/.local/lib/python3.12/site-packages/airflow/example_dags/example_sensor_decorator.py for tasks to queue
[2025-06-22T09:47:34.481+0000] {logging_mixin.py:190} INFO - [2025-06-22T09:47:34.481+0000] {dagbag.py:588} INFO - Filling up the DagBag from /home/airflow/.local/lib/python3.12/site-packages/airflow/example_dags/example_sensor_decorator.py
[2025-06-22T09:47:34.487+0000] {processor.py:925} INFO - DAG(s) 'example_sensor_decorator' retrieved from /home/airflow/.local/lib/python3.12/site-packages/airflow/example_dags/example_sensor_decorator.py
[2025-06-22T09:47:34.498+0000] {logging_mixin.py:190} INFO - [2025-06-22T09:47:34.498+0000] {dag.py:3239} INFO - Sync 1 DAGs
[2025-06-22T09:47:34.510+0000] {logging_mixin.py:190} INFO - [2025-06-22T09:47:34.510+0000] {dag.py:4180} INFO - Setting next_dagrun for example_sensor_decorator to None, run_after=None
[2025-06-22T09:47:34.519+0000] {processor.py:208} INFO - Processing /home/airflow/.local/lib/python3.12/site-packages/airflow/example_dags/example_sensor_decorator.py took 0.043 seconds
[2025-06-22T09:48:05.025+0000] {processor.py:186} INFO - Started process (PID=3063) to work on /home/airflow/.local/lib/python3.12/site-packages/airflow/example_dags/example_sensor_decorator.py
[2025-06-22T09:48:05.026+0000] {processor.py:914} INFO - Processing file /home/airflow/.local/lib/python3.12/site-packages/airflow/example_dags/example_sensor_decorator.py for tasks to queue
[2025-06-22T09:48:05.028+0000] {logging_mixin.py:190} INFO - [2025-06-22T09:48:05.028+0000] {dagbag.py:588} INFO - Filling up the DagBag from /home/airflow/.local/lib/python3.12/site-packages/airflow/example_dags/example_sensor_decorator.py
[2025-06-22T09:48:05.036+0000] {processor.py:925} INFO - DAG(s) 'example_sensor_decorator' retrieved from /home/airflow/.local/lib/python3.12/site-packages/airflow/example_dags/example_sensor_decorator.py
[2025-06-22T09:48:05.057+0000] {logging_mixin.py:190} INFO - [2025-06-22T09:48:05.057+0000] {dag.py:3239} INFO - Sync 1 DAGs
[2025-06-22T09:48:05.069+0000] {logging_mixin.py:190} INFO - [2025-06-22T09:48:05.069+0000] {dag.py:4180} INFO - Setting next_dagrun for example_sensor_decorator to None, run_after=None
[2025-06-22T09:48:05.268+0000] {processor.py:208} INFO - Processing /home/airflow/.local/lib/python3.12/site-packages/airflow/example_dags/example_sensor_decorator.py took 0.248 seconds
[2025-06-22T09:48:35.745+0000] {processor.py:186} INFO - Started process (PID=3125) to work on /home/airflow/.local/lib/python3.12/site-packages/airflow/example_dags/example_sensor_decorator.py
[2025-06-22T09:48:35.747+0000] {processor.py:914} INFO - Processing file /home/airflow/.local/lib/python3.12/site-packages/airflow/example_dags/example_sensor_decorator.py for tasks to queue
[2025-06-22T09:48:35.748+0000] {logging_mixin.py:190} INFO - [2025-06-22T09:48:35.748+0000] {dagbag.py:588} INFO - Filling up the DagBag from /home/airflow/.local/lib/python3.12/site-packages/airflow/example_dags/example_sensor_decorator.py
[2025-06-22T09:48:35.755+0000] {processor.py:925} INFO - DAG(s) 'example_sensor_decorator' retrieved from /home/airflow/.local/lib/python3.12/site-packages/airflow/example_dags/example_sensor_decorator.py
[2025-06-22T09:48:35.771+0000] {logging_mixin.py:190} INFO - [2025-06-22T09:48:35.771+0000] {dag.py:3239} INFO - Sync 1 DAGs
[2025-06-22T09:48:35.784+0000] {logging_mixin.py:190} INFO - [2025-06-22T09:48:35.784+0000] {dag.py:4180} INFO - Setting next_dagrun for example_sensor_decorator to None, run_after=None
[2025-06-22T09:48:35.936+0000] {processor.py:208} INFO - Processing /home/airflow/.local/lib/python3.12/site-packages/airflow/example_dags/example_sensor_decorator.py took 0.195 seconds
[2025-06-22T09:49:06.802+0000] {processor.py:186} INFO - Started process (PID=3187) to work on /home/airflow/.local/lib/python3.12/site-packages/airflow/example_dags/example_sensor_decorator.py
[2025-06-22T09:49:06.803+0000] {processor.py:914} INFO - Processing file /home/airflow/.local/lib/python3.12/site-packages/airflow/example_dags/example_sensor_decorator.py for tasks to queue
[2025-06-22T09:49:06.805+0000] {logging_mixin.py:190} INFO - [2025-06-22T09:49:06.805+0000] {dagbag.py:588} INFO - Filling up the DagBag from /home/airflow/.local/lib/python3.12/site-packages/airflow/example_dags/example_sensor_decorator.py
[2025-06-22T09:49:06.810+0000] {processor.py:925} INFO - DAG(s) 'example_sensor_decorator' retrieved from /home/airflow/.local/lib/python3.12/site-packages/airflow/example_dags/example_sensor_decorator.py
[2025-06-22T09:49:06.824+0000] {logging_mixin.py:190} INFO - [2025-06-22T09:49:06.824+0000] {dag.py:3239} INFO - Sync 1 DAGs
[2025-06-22T09:49:06.832+0000] {logging_mixin.py:190} INFO - [2025-06-22T09:49:06.832+0000] {dag.py:4180} INFO - Setting next_dagrun for example_sensor_decorator to None, run_after=None
[2025-06-22T09:49:06.842+0000] {processor.py:208} INFO - Processing /home/airflow/.local/lib/python3.12/site-packages/airflow/example_dags/example_sensor_decorator.py took 0.043 seconds
[2025-06-22T09:49:37.802+0000] {processor.py:186} INFO - Started process (PID=3249) to work on /home/airflow/.local/lib/python3.12/site-packages/airflow/example_dags/example_sensor_decorator.py
[2025-06-22T09:49:37.803+0000] {processor.py:914} INFO - Processing file /home/airflow/.local/lib/python3.12/site-packages/airflow/example_dags/example_sensor_decorator.py for tasks to queue
[2025-06-22T09:49:37.804+0000] {logging_mixin.py:190} INFO - [2025-06-22T09:49:37.804+0000] {dagbag.py:588} INFO - Filling up the DagBag from /home/airflow/.local/lib/python3.12/site-packages/airflow/example_dags/example_sensor_decorator.py
[2025-06-22T09:49:37.811+0000] {processor.py:925} INFO - DAG(s) 'example_sensor_decorator' retrieved from /home/airflow/.local/lib/python3.12/site-packages/airflow/example_dags/example_sensor_decorator.py
[2025-06-22T09:49:37.827+0000] {logging_mixin.py:190} INFO - [2025-06-22T09:49:37.827+0000] {dag.py:3239} INFO - Sync 1 DAGs
[2025-06-22T09:49:37.838+0000] {logging_mixin.py:190} INFO - [2025-06-22T09:49:37.838+0000] {dag.py:4180} INFO - Setting next_dagrun for example_sensor_decorator to None, run_after=None
[2025-06-22T09:49:37.851+0000] {processor.py:208} INFO - Processing /home/airflow/.local/lib/python3.12/site-packages/airflow/example_dags/example_sensor_decorator.py took 0.053 seconds
[2025-06-22T09:50:09.350+0000] {processor.py:186} INFO - Started process (PID=3311) to work on /home/airflow/.local/lib/python3.12/site-packages/airflow/example_dags/example_sensor_decorator.py
[2025-06-22T09:50:09.351+0000] {processor.py:914} INFO - Processing file /home/airflow/.local/lib/python3.12/site-packages/airflow/example_dags/example_sensor_decorator.py for tasks to queue
[2025-06-22T09:50:09.354+0000] {logging_mixin.py:190} INFO - [2025-06-22T09:50:09.354+0000] {dagbag.py:588} INFO - Filling up the DagBag from /home/airflow/.local/lib/python3.12/site-packages/airflow/example_dags/example_sensor_decorator.py
[2025-06-22T09:50:09.361+0000] {processor.py:925} INFO - DAG(s) 'example_sensor_decorator' retrieved from /home/airflow/.local/lib/python3.12/site-packages/airflow/example_dags/example_sensor_decorator.py
[2025-06-22T09:50:09.375+0000] {logging_mixin.py:190} INFO - [2025-06-22T09:50:09.375+0000] {dag.py:3239} INFO - Sync 1 DAGs
[2025-06-22T09:50:09.385+0000] {logging_mixin.py:190} INFO - [2025-06-22T09:50:09.385+0000] {dag.py:4180} INFO - Setting next_dagrun for example_sensor_decorator to None, run_after=None
[2025-06-22T09:50:09.398+0000] {processor.py:208} INFO - Processing /home/airflow/.local/lib/python3.12/site-packages/airflow/example_dags/example_sensor_decorator.py took 0.051 seconds
[2025-06-22T09:50:40.109+0000] {processor.py:186} INFO - Started process (PID=3373) to work on /home/airflow/.local/lib/python3.12/site-packages/airflow/example_dags/example_sensor_decorator.py
[2025-06-22T09:50:40.110+0000] {processor.py:914} INFO - Processing file /home/airflow/.local/lib/python3.12/site-packages/airflow/example_dags/example_sensor_decorator.py for tasks to queue
[2025-06-22T09:50:40.111+0000] {logging_mixin.py:190} INFO - [2025-06-22T09:50:40.111+0000] {dagbag.py:588} INFO - Filling up the DagBag from /home/airflow/.local/lib/python3.12/site-packages/airflow/example_dags/example_sensor_decorator.py
[2025-06-22T09:50:40.115+0000] {processor.py:925} INFO - DAG(s) 'example_sensor_decorator' retrieved from /home/airflow/.local/lib/python3.12/site-packages/airflow/example_dags/example_sensor_decorator.py
[2025-06-22T09:50:40.125+0000] {logging_mixin.py:190} INFO - [2025-06-22T09:50:40.125+0000] {dag.py:3239} INFO - Sync 1 DAGs
[2025-06-22T09:50:40.133+0000] {logging_mixin.py:190} INFO - [2025-06-22T09:50:40.133+0000] {dag.py:4180} INFO - Setting next_dagrun for example_sensor_decorator to None, run_after=None
[2025-06-22T09:50:40.145+0000] {processor.py:208} INFO - Processing /home/airflow/.local/lib/python3.12/site-packages/airflow/example_dags/example_sensor_decorator.py took 0.039 seconds
[2025-06-22T09:51:11.721+0000] {processor.py:186} INFO - Started process (PID=3435) to work on /home/airflow/.local/lib/python3.12/site-packages/airflow/example_dags/example_sensor_decorator.py
[2025-06-22T09:51:11.722+0000] {processor.py:914} INFO - Processing file /home/airflow/.local/lib/python3.12/site-packages/airflow/example_dags/example_sensor_decorator.py for tasks to queue
[2025-06-22T09:51:11.724+0000] {logging_mixin.py:190} INFO - [2025-06-22T09:51:11.724+0000] {dagbag.py:588} INFO - Filling up the DagBag from /home/airflow/.local/lib/python3.12/site-packages/airflow/example_dags/example_sensor_decorator.py
[2025-06-22T09:51:11.730+0000] {processor.py:925} INFO - DAG(s) 'example_sensor_decorator' retrieved from /home/airflow/.local/lib/python3.12/site-packages/airflow/example_dags/example_sensor_decorator.py
[2025-06-22T09:51:11.748+0000] {logging_mixin.py:190} INFO - [2025-06-22T09:51:11.747+0000] {dag.py:3239} INFO - Sync 1 DAGs
[2025-06-22T09:51:11.763+0000] {logging_mixin.py:190} INFO - [2025-06-22T09:51:11.763+0000] {dag.py:4180} INFO - Setting next_dagrun for example_sensor_decorator to None, run_after=None
[2025-06-22T09:51:11.775+0000] {processor.py:208} INFO - Processing /home/airflow/.local/lib/python3.12/site-packages/airflow/example_dags/example_sensor_decorator.py took 0.060 seconds
[2025-06-22T09:51:43.677+0000] {processor.py:186} INFO - Started process (PID=3497) to work on /home/airflow/.local/lib/python3.12/site-packages/airflow/example_dags/example_sensor_decorator.py
[2025-06-22T09:51:43.678+0000] {processor.py:914} INFO - Processing file /home/airflow/.local/lib/python3.12/site-packages/airflow/example_dags/example_sensor_decorator.py for tasks to queue
[2025-06-22T09:51:43.679+0000] {logging_mixin.py:190} INFO - [2025-06-22T09:51:43.679+0000] {dagbag.py:588} INFO - Filling up the DagBag from /home/airflow/.local/lib/python3.12/site-packages/airflow/example_dags/example_sensor_decorator.py
[2025-06-22T09:51:43.684+0000] {processor.py:925} INFO - DAG(s) 'example_sensor_decorator' retrieved from /home/airflow/.local/lib/python3.12/site-packages/airflow/example_dags/example_sensor_decorator.py
[2025-06-22T09:51:43.696+0000] {logging_mixin.py:190} INFO - [2025-06-22T09:51:43.696+0000] {dag.py:3239} INFO - Sync 1 DAGs
[2025-06-22T09:51:43.705+0000] {logging_mixin.py:190} INFO - [2025-06-22T09:51:43.705+0000] {dag.py:4180} INFO - Setting next_dagrun for example_sensor_decorator to None, run_after=None
[2025-06-22T09:51:43.725+0000] {processor.py:208} INFO - Processing /home/airflow/.local/lib/python3.12/site-packages/airflow/example_dags/example_sensor_decorator.py took 0.052 seconds
[2025-06-22T09:52:14.300+0000] {processor.py:186} INFO - Started process (PID=3559) to work on /home/airflow/.local/lib/python3.12/site-packages/airflow/example_dags/example_sensor_decorator.py
[2025-06-22T09:52:14.301+0000] {processor.py:914} INFO - Processing file /home/airflow/.local/lib/python3.12/site-packages/airflow/example_dags/example_sensor_decorator.py for tasks to queue
[2025-06-22T09:52:14.304+0000] {logging_mixin.py:190} INFO - [2025-06-22T09:52:14.304+0000] {dagbag.py:588} INFO - Filling up the DagBag from /home/airflow/.local/lib/python3.12/site-packages/airflow/example_dags/example_sensor_decorator.py
[2025-06-22T09:52:14.308+0000] {processor.py:925} INFO - DAG(s) 'example_sensor_decorator' retrieved from /home/airflow/.local/lib/python3.12/site-packages/airflow/example_dags/example_sensor_decorator.py
[2025-06-22T09:52:14.325+0000] {logging_mixin.py:190} INFO - [2025-06-22T09:52:14.325+0000] {dag.py:3239} INFO - Sync 1 DAGs
[2025-06-22T09:52:14.333+0000] {logging_mixin.py:190} INFO - [2025-06-22T09:52:14.333+0000] {dag.py:4180} INFO - Setting next_dagrun for example_sensor_decorator to None, run_after=None
[2025-06-22T09:52:14.343+0000] {processor.py:208} INFO - Processing /home/airflow/.local/lib/python3.12/site-packages/airflow/example_dags/example_sensor_decorator.py took 0.046 seconds
[2025-06-22T09:52:44.497+0000] {processor.py:186} INFO - Started process (PID=3621) to work on /home/airflow/.local/lib/python3.12/site-packages/airflow/example_dags/example_sensor_decorator.py
[2025-06-22T09:52:44.498+0000] {processor.py:914} INFO - Processing file /home/airflow/.local/lib/python3.12/site-packages/airflow/example_dags/example_sensor_decorator.py for tasks to queue
[2025-06-22T09:52:44.500+0000] {logging_mixin.py:190} INFO - [2025-06-22T09:52:44.499+0000] {dagbag.py:588} INFO - Filling up the DagBag from /home/airflow/.local/lib/python3.12/site-packages/airflow/example_dags/example_sensor_decorator.py
[2025-06-22T09:52:44.506+0000] {processor.py:925} INFO - DAG(s) 'example_sensor_decorator' retrieved from /home/airflow/.local/lib/python3.12/site-packages/airflow/example_dags/example_sensor_decorator.py
[2025-06-22T09:52:44.522+0000] {logging_mixin.py:190} INFO - [2025-06-22T09:52:44.522+0000] {dag.py:3239} INFO - Sync 1 DAGs
[2025-06-22T09:52:44.531+0000] {logging_mixin.py:190} INFO - [2025-06-22T09:52:44.531+0000] {dag.py:4180} INFO - Setting next_dagrun for example_sensor_decorator to None, run_after=None
[2025-06-22T09:52:44.542+0000] {processor.py:208} INFO - Processing /home/airflow/.local/lib/python3.12/site-packages/airflow/example_dags/example_sensor_decorator.py took 0.053 seconds
[2025-06-22T09:53:16.612+0000] {processor.py:186} INFO - Started process (PID=3683) to work on /home/airflow/.local/lib/python3.12/site-packages/airflow/example_dags/example_sensor_decorator.py
[2025-06-22T09:53:16.615+0000] {processor.py:914} INFO - Processing file /home/airflow/.local/lib/python3.12/site-packages/airflow/example_dags/example_sensor_decorator.py for tasks to queue
[2025-06-22T09:53:16.617+0000] {logging_mixin.py:190} INFO - [2025-06-22T09:53:16.617+0000] {dagbag.py:588} INFO - Filling up the DagBag from /home/airflow/.local/lib/python3.12/site-packages/airflow/example_dags/example_sensor_decorator.py
[2025-06-22T09:53:16.636+0000] {processor.py:925} INFO - DAG(s) 'example_sensor_decorator' retrieved from /home/airflow/.local/lib/python3.12/site-packages/airflow/example_dags/example_sensor_decorator.py
[2025-06-22T09:53:16.667+0000] {logging_mixin.py:190} INFO - [2025-06-22T09:53:16.665+0000] {dag.py:3239} INFO - Sync 1 DAGs
[2025-06-22T09:53:16.688+0000] {logging_mixin.py:190} INFO - [2025-06-22T09:53:16.688+0000] {dag.py:4180} INFO - Setting next_dagrun for example_sensor_decorator to None, run_after=None
[2025-06-22T09:53:16.704+0000] {processor.py:208} INFO - Processing /home/airflow/.local/lib/python3.12/site-packages/airflow/example_dags/example_sensor_decorator.py took 0.107 seconds
[2025-06-22T09:53:47.378+0000] {processor.py:186} INFO - Started process (PID=3745) to work on /home/airflow/.local/lib/python3.12/site-packages/airflow/example_dags/example_sensor_decorator.py
[2025-06-22T09:53:47.379+0000] {processor.py:914} INFO - Processing file /home/airflow/.local/lib/python3.12/site-packages/airflow/example_dags/example_sensor_decorator.py for tasks to queue
[2025-06-22T09:53:47.382+0000] {logging_mixin.py:190} INFO - [2025-06-22T09:53:47.382+0000] {dagbag.py:588} INFO - Filling up the DagBag from /home/airflow/.local/lib/python3.12/site-packages/airflow/example_dags/example_sensor_decorator.py
[2025-06-22T09:53:47.397+0000] {processor.py:925} INFO - DAG(s) 'example_sensor_decorator' retrieved from /home/airflow/.local/lib/python3.12/site-packages/airflow/example_dags/example_sensor_decorator.py
[2025-06-22T09:53:47.412+0000] {logging_mixin.py:190} INFO - [2025-06-22T09:53:47.411+0000] {dag.py:3239} INFO - Sync 1 DAGs
[2025-06-22T09:53:47.422+0000] {logging_mixin.py:190} INFO - [2025-06-22T09:53:47.422+0000] {dag.py:4180} INFO - Setting next_dagrun for example_sensor_decorator to None, run_after=None
[2025-06-22T09:53:47.437+0000] {processor.py:208} INFO - Processing /home/airflow/.local/lib/python3.12/site-packages/airflow/example_dags/example_sensor_decorator.py took 0.064 seconds
[2025-06-22T09:54:18.197+0000] {processor.py:186} INFO - Started process (PID=3807) to work on /home/airflow/.local/lib/python3.12/site-packages/airflow/example_dags/example_sensor_decorator.py
[2025-06-22T09:54:18.198+0000] {processor.py:914} INFO - Processing file /home/airflow/.local/lib/python3.12/site-packages/airflow/example_dags/example_sensor_decorator.py for tasks to queue
[2025-06-22T09:54:18.200+0000] {logging_mixin.py:190} INFO - [2025-06-22T09:54:18.200+0000] {dagbag.py:588} INFO - Filling up the DagBag from /home/airflow/.local/lib/python3.12/site-packages/airflow/example_dags/example_sensor_decorator.py
[2025-06-22T09:54:18.210+0000] {processor.py:925} INFO - DAG(s) 'example_sensor_decorator' retrieved from /home/airflow/.local/lib/python3.12/site-packages/airflow/example_dags/example_sensor_decorator.py
[2025-06-22T09:54:18.220+0000] {logging_mixin.py:190} INFO - [2025-06-22T09:54:18.220+0000] {dag.py:3239} INFO - Sync 1 DAGs
[2025-06-22T09:54:18.228+0000] {logging_mixin.py:190} INFO - [2025-06-22T09:54:18.228+0000] {dag.py:4180} INFO - Setting next_dagrun for example_sensor_decorator to None, run_after=None
[2025-06-22T09:54:18.244+0000] {processor.py:208} INFO - Processing /home/airflow/.local/lib/python3.12/site-packages/airflow/example_dags/example_sensor_decorator.py took 0.050 seconds
[2025-06-22T09:54:48.853+0000] {processor.py:186} INFO - Started process (PID=3869) to work on /home/airflow/.local/lib/python3.12/site-packages/airflow/example_dags/example_sensor_decorator.py
[2025-06-22T09:54:48.856+0000] {processor.py:914} INFO - Processing file /home/airflow/.local/lib/python3.12/site-packages/airflow/example_dags/example_sensor_decorator.py for tasks to queue
[2025-06-22T09:54:48.858+0000] {logging_mixin.py:190} INFO - [2025-06-22T09:54:48.857+0000] {dagbag.py:588} INFO - Filling up the DagBag from /home/airflow/.local/lib/python3.12/site-packages/airflow/example_dags/example_sensor_decorator.py
[2025-06-22T09:54:48.863+0000] {processor.py:925} INFO - DAG(s) 'example_sensor_decorator' retrieved from /home/airflow/.local/lib/python3.12/site-packages/airflow/example_dags/example_sensor_decorator.py
[2025-06-22T09:54:48.877+0000] {logging_mixin.py:190} INFO - [2025-06-22T09:54:48.877+0000] {dag.py:3239} INFO - Sync 1 DAGs
[2025-06-22T09:54:48.886+0000] {logging_mixin.py:190} INFO - [2025-06-22T09:54:48.886+0000] {dag.py:4180} INFO - Setting next_dagrun for example_sensor_decorator to None, run_after=None
[2025-06-22T09:54:48.898+0000] {processor.py:208} INFO - Processing /home/airflow/.local/lib/python3.12/site-packages/airflow/example_dags/example_sensor_decorator.py took 0.048 seconds
[2025-06-22T09:55:19.856+0000] {processor.py:186} INFO - Started process (PID=3931) to work on /home/airflow/.local/lib/python3.12/site-packages/airflow/example_dags/example_sensor_decorator.py
[2025-06-22T09:55:19.857+0000] {processor.py:914} INFO - Processing file /home/airflow/.local/lib/python3.12/site-packages/airflow/example_dags/example_sensor_decorator.py for tasks to queue
[2025-06-22T09:55:19.859+0000] {logging_mixin.py:190} INFO - [2025-06-22T09:55:19.859+0000] {dagbag.py:588} INFO - Filling up the DagBag from /home/airflow/.local/lib/python3.12/site-packages/airflow/example_dags/example_sensor_decorator.py
[2025-06-22T09:55:19.863+0000] {processor.py:925} INFO - DAG(s) 'example_sensor_decorator' retrieved from /home/airflow/.local/lib/python3.12/site-packages/airflow/example_dags/example_sensor_decorator.py
[2025-06-22T09:55:19.874+0000] {logging_mixin.py:190} INFO - [2025-06-22T09:55:19.874+0000] {dag.py:3239} INFO - Sync 1 DAGs
[2025-06-22T09:55:19.883+0000] {logging_mixin.py:190} INFO - [2025-06-22T09:55:19.883+0000] {dag.py:4180} INFO - Setting next_dagrun for example_sensor_decorator to None, run_after=None
[2025-06-22T09:55:19.893+0000] {processor.py:208} INFO - Processing /home/airflow/.local/lib/python3.12/site-packages/airflow/example_dags/example_sensor_decorator.py took 0.040 seconds
[2025-06-22T09:55:52.765+0000] {processor.py:186} INFO - Started process (PID=3993) to work on /home/airflow/.local/lib/python3.12/site-packages/airflow/example_dags/example_sensor_decorator.py
[2025-06-22T09:55:52.775+0000] {processor.py:914} INFO - Processing file /home/airflow/.local/lib/python3.12/site-packages/airflow/example_dags/example_sensor_decorator.py for tasks to queue
[2025-06-22T09:55:52.779+0000] {logging_mixin.py:190} INFO - [2025-06-22T09:55:52.778+0000] {dagbag.py:588} INFO - Filling up the DagBag from /home/airflow/.local/lib/python3.12/site-packages/airflow/example_dags/example_sensor_decorator.py
[2025-06-22T09:55:52.822+0000] {processor.py:925} INFO - DAG(s) 'example_sensor_decorator' retrieved from /home/airflow/.local/lib/python3.12/site-packages/airflow/example_dags/example_sensor_decorator.py
[2025-06-22T09:55:52.872+0000] {logging_mixin.py:190} INFO - [2025-06-22T09:55:52.872+0000] {dag.py:3239} INFO - Sync 1 DAGs
[2025-06-22T09:55:52.906+0000] {logging_mixin.py:190} INFO - [2025-06-22T09:55:52.905+0000] {dag.py:4180} INFO - Setting next_dagrun for example_sensor_decorator to None, run_after=None
[2025-06-22T09:55:52.937+0000] {processor.py:208} INFO - Processing /home/airflow/.local/lib/python3.12/site-packages/airflow/example_dags/example_sensor_decorator.py took 0.213 seconds
[2025-06-22T09:56:23.914+0000] {processor.py:186} INFO - Started process (PID=4055) to work on /home/airflow/.local/lib/python3.12/site-packages/airflow/example_dags/example_sensor_decorator.py
[2025-06-22T09:56:23.922+0000] {processor.py:914} INFO - Processing file /home/airflow/.local/lib/python3.12/site-packages/airflow/example_dags/example_sensor_decorator.py for tasks to queue
[2025-06-22T09:56:23.933+0000] {logging_mixin.py:190} INFO - [2025-06-22T09:56:23.933+0000] {dagbag.py:588} INFO - Filling up the DagBag from /home/airflow/.local/lib/python3.12/site-packages/airflow/example_dags/example_sensor_decorator.py
[2025-06-22T09:56:23.953+0000] {processor.py:925} INFO - DAG(s) 'example_sensor_decorator' retrieved from /home/airflow/.local/lib/python3.12/site-packages/airflow/example_dags/example_sensor_decorator.py
[2025-06-22T09:56:24.014+0000] {logging_mixin.py:190} INFO - [2025-06-22T09:56:24.013+0000] {dag.py:3239} INFO - Sync 1 DAGs
[2025-06-22T09:56:24.045+0000] {logging_mixin.py:190} INFO - [2025-06-22T09:56:24.045+0000] {dag.py:4180} INFO - Setting next_dagrun for example_sensor_decorator to None, run_after=None
[2025-06-22T09:56:24.085+0000] {processor.py:208} INFO - Processing /home/airflow/.local/lib/python3.12/site-packages/airflow/example_dags/example_sensor_decorator.py took 0.188 seconds
[2025-06-22T09:56:54.472+0000] {processor.py:186} INFO - Started process (PID=4117) to work on /home/airflow/.local/lib/python3.12/site-packages/airflow/example_dags/example_sensor_decorator.py
[2025-06-22T09:56:54.475+0000] {processor.py:914} INFO - Processing file /home/airflow/.local/lib/python3.12/site-packages/airflow/example_dags/example_sensor_decorator.py for tasks to queue
[2025-06-22T09:56:54.477+0000] {logging_mixin.py:190} INFO - [2025-06-22T09:56:54.477+0000] {dagbag.py:588} INFO - Filling up the DagBag from /home/airflow/.local/lib/python3.12/site-packages/airflow/example_dags/example_sensor_decorator.py
[2025-06-22T09:56:54.490+0000] {processor.py:925} INFO - DAG(s) 'example_sensor_decorator' retrieved from /home/airflow/.local/lib/python3.12/site-packages/airflow/example_dags/example_sensor_decorator.py
[2025-06-22T09:56:54.520+0000] {logging_mixin.py:190} INFO - [2025-06-22T09:56:54.520+0000] {dag.py:3239} INFO - Sync 1 DAGs
[2025-06-22T09:56:54.535+0000] {logging_mixin.py:190} INFO - [2025-06-22T09:56:54.535+0000] {dag.py:4180} INFO - Setting next_dagrun for example_sensor_decorator to None, run_after=None
[2025-06-22T09:56:54.552+0000] {processor.py:208} INFO - Processing /home/airflow/.local/lib/python3.12/site-packages/airflow/example_dags/example_sensor_decorator.py took 0.092 seconds
[2025-06-22T09:57:24.842+0000] {processor.py:186} INFO - Started process (PID=4179) to work on /home/airflow/.local/lib/python3.12/site-packages/airflow/example_dags/example_sensor_decorator.py
[2025-06-22T09:57:24.844+0000] {processor.py:914} INFO - Processing file /home/airflow/.local/lib/python3.12/site-packages/airflow/example_dags/example_sensor_decorator.py for tasks to queue
[2025-06-22T09:57:24.847+0000] {logging_mixin.py:190} INFO - [2025-06-22T09:57:24.847+0000] {dagbag.py:588} INFO - Filling up the DagBag from /home/airflow/.local/lib/python3.12/site-packages/airflow/example_dags/example_sensor_decorator.py
[2025-06-22T09:57:24.856+0000] {processor.py:925} INFO - DAG(s) 'example_sensor_decorator' retrieved from /home/airflow/.local/lib/python3.12/site-packages/airflow/example_dags/example_sensor_decorator.py
[2025-06-22T09:57:24.875+0000] {logging_mixin.py:190} INFO - [2025-06-22T09:57:24.875+0000] {dag.py:3239} INFO - Sync 1 DAGs
[2025-06-22T09:57:24.886+0000] {logging_mixin.py:190} INFO - [2025-06-22T09:57:24.886+0000] {dag.py:4180} INFO - Setting next_dagrun for example_sensor_decorator to None, run_after=None
[2025-06-22T09:57:24.900+0000] {processor.py:208} INFO - Processing /home/airflow/.local/lib/python3.12/site-packages/airflow/example_dags/example_sensor_decorator.py took 0.070 seconds
[2025-06-22T09:57:55.686+0000] {processor.py:186} INFO - Started process (PID=4241) to work on /home/airflow/.local/lib/python3.12/site-packages/airflow/example_dags/example_sensor_decorator.py
[2025-06-22T09:57:55.693+0000] {processor.py:914} INFO - Processing file /home/airflow/.local/lib/python3.12/site-packages/airflow/example_dags/example_sensor_decorator.py for tasks to queue
[2025-06-22T09:57:55.697+0000] {logging_mixin.py:190} INFO - [2025-06-22T09:57:55.697+0000] {dagbag.py:588} INFO - Filling up the DagBag from /home/airflow/.local/lib/python3.12/site-packages/airflow/example_dags/example_sensor_decorator.py
[2025-06-22T09:57:55.705+0000] {processor.py:925} INFO - DAG(s) 'example_sensor_decorator' retrieved from /home/airflow/.local/lib/python3.12/site-packages/airflow/example_dags/example_sensor_decorator.py
[2025-06-22T09:57:55.722+0000] {logging_mixin.py:190} INFO - [2025-06-22T09:57:55.722+0000] {dag.py:3239} INFO - Sync 1 DAGs
[2025-06-22T09:57:55.731+0000] {logging_mixin.py:190} INFO - [2025-06-22T09:57:55.731+0000] {dag.py:4180} INFO - Setting next_dagrun for example_sensor_decorator to None, run_after=None
[2025-06-22T09:57:55.747+0000] {processor.py:208} INFO - Processing /home/airflow/.local/lib/python3.12/site-packages/airflow/example_dags/example_sensor_decorator.py took 0.067 seconds
[2025-06-22T09:58:26.041+0000] {processor.py:186} INFO - Started process (PID=4303) to work on /home/airflow/.local/lib/python3.12/site-packages/airflow/example_dags/example_sensor_decorator.py
[2025-06-22T09:58:26.042+0000] {processor.py:914} INFO - Processing file /home/airflow/.local/lib/python3.12/site-packages/airflow/example_dags/example_sensor_decorator.py for tasks to queue
[2025-06-22T09:58:26.044+0000] {logging_mixin.py:190} INFO - [2025-06-22T09:58:26.043+0000] {dagbag.py:588} INFO - Filling up the DagBag from /home/airflow/.local/lib/python3.12/site-packages/airflow/example_dags/example_sensor_decorator.py
[2025-06-22T09:58:26.049+0000] {processor.py:925} INFO - DAG(s) 'example_sensor_decorator' retrieved from /home/airflow/.local/lib/python3.12/site-packages/airflow/example_dags/example_sensor_decorator.py
[2025-06-22T09:58:26.060+0000] {logging_mixin.py:190} INFO - [2025-06-22T09:58:26.060+0000] {dag.py:3239} INFO - Sync 1 DAGs
[2025-06-22T09:58:26.068+0000] {logging_mixin.py:190} INFO - [2025-06-22T09:58:26.068+0000] {dag.py:4180} INFO - Setting next_dagrun for example_sensor_decorator to None, run_after=None
[2025-06-22T09:58:26.078+0000] {processor.py:208} INFO - Processing /home/airflow/.local/lib/python3.12/site-packages/airflow/example_dags/example_sensor_decorator.py took 0.044 seconds
[2025-06-22T09:58:56.874+0000] {processor.py:186} INFO - Started process (PID=4371) to work on /home/airflow/.local/lib/python3.12/site-packages/airflow/example_dags/example_sensor_decorator.py
[2025-06-22T09:58:56.875+0000] {processor.py:914} INFO - Processing file /home/airflow/.local/lib/python3.12/site-packages/airflow/example_dags/example_sensor_decorator.py for tasks to queue
[2025-06-22T09:58:56.877+0000] {logging_mixin.py:190} INFO - [2025-06-22T09:58:56.877+0000] {dagbag.py:588} INFO - Filling up the DagBag from /home/airflow/.local/lib/python3.12/site-packages/airflow/example_dags/example_sensor_decorator.py
[2025-06-22T09:58:56.883+0000] {processor.py:925} INFO - DAG(s) 'example_sensor_decorator' retrieved from /home/airflow/.local/lib/python3.12/site-packages/airflow/example_dags/example_sensor_decorator.py
[2025-06-22T09:58:56.900+0000] {logging_mixin.py:190} INFO - [2025-06-22T09:58:56.900+0000] {dag.py:3239} INFO - Sync 1 DAGs
[2025-06-22T09:58:56.918+0000] {logging_mixin.py:190} INFO - [2025-06-22T09:58:56.917+0000] {dag.py:4180} INFO - Setting next_dagrun for example_sensor_decorator to None, run_after=None
[2025-06-22T09:58:56.936+0000] {processor.py:208} INFO - Processing /home/airflow/.local/lib/python3.12/site-packages/airflow/example_dags/example_sensor_decorator.py took 0.065 seconds
[2025-06-22T09:59:27.883+0000] {processor.py:186} INFO - Started process (PID=4433) to work on /home/airflow/.local/lib/python3.12/site-packages/airflow/example_dags/example_sensor_decorator.py
[2025-06-22T09:59:27.884+0000] {processor.py:914} INFO - Processing file /home/airflow/.local/lib/python3.12/site-packages/airflow/example_dags/example_sensor_decorator.py for tasks to queue
[2025-06-22T09:59:27.885+0000] {logging_mixin.py:190} INFO - [2025-06-22T09:59:27.885+0000] {dagbag.py:588} INFO - Filling up the DagBag from /home/airflow/.local/lib/python3.12/site-packages/airflow/example_dags/example_sensor_decorator.py
[2025-06-22T09:59:27.896+0000] {processor.py:925} INFO - DAG(s) 'example_sensor_decorator' retrieved from /home/airflow/.local/lib/python3.12/site-packages/airflow/example_dags/example_sensor_decorator.py
[2025-06-22T09:59:27.912+0000] {logging_mixin.py:190} INFO - [2025-06-22T09:59:27.912+0000] {dag.py:3239} INFO - Sync 1 DAGs
[2025-06-22T09:59:27.920+0000] {logging_mixin.py:190} INFO - [2025-06-22T09:59:27.920+0000] {dag.py:4180} INFO - Setting next_dagrun for example_sensor_decorator to None, run_after=None
[2025-06-22T09:59:27.931+0000] {processor.py:208} INFO - Processing /home/airflow/.local/lib/python3.12/site-packages/airflow/example_dags/example_sensor_decorator.py took 0.052 seconds
[2025-06-22T09:59:58.007+0000] {processor.py:186} INFO - Started process (PID=4495) to work on /home/airflow/.local/lib/python3.12/site-packages/airflow/example_dags/example_sensor_decorator.py
[2025-06-22T09:59:58.008+0000] {processor.py:914} INFO - Processing file /home/airflow/.local/lib/python3.12/site-packages/airflow/example_dags/example_sensor_decorator.py for tasks to queue
[2025-06-22T09:59:58.009+0000] {logging_mixin.py:190} INFO - [2025-06-22T09:59:58.009+0000] {dagbag.py:588} INFO - Filling up the DagBag from /home/airflow/.local/lib/python3.12/site-packages/airflow/example_dags/example_sensor_decorator.py
[2025-06-22T09:59:58.013+0000] {processor.py:925} INFO - DAG(s) 'example_sensor_decorator' retrieved from /home/airflow/.local/lib/python3.12/site-packages/airflow/example_dags/example_sensor_decorator.py
[2025-06-22T09:59:58.023+0000] {logging_mixin.py:190} INFO - [2025-06-22T09:59:58.023+0000] {dag.py:3239} INFO - Sync 1 DAGs
[2025-06-22T09:59:58.030+0000] {logging_mixin.py:190} INFO - [2025-06-22T09:59:58.030+0000] {dag.py:4180} INFO - Setting next_dagrun for example_sensor_decorator to None, run_after=None
[2025-06-22T09:59:58.045+0000] {processor.py:208} INFO - Processing /home/airflow/.local/lib/python3.12/site-packages/airflow/example_dags/example_sensor_decorator.py took 0.041 seconds
[2025-06-22T10:00:29.085+0000] {processor.py:186} INFO - Started process (PID=4557) to work on /home/airflow/.local/lib/python3.12/site-packages/airflow/example_dags/example_sensor_decorator.py
[2025-06-22T10:00:29.086+0000] {processor.py:914} INFO - Processing file /home/airflow/.local/lib/python3.12/site-packages/airflow/example_dags/example_sensor_decorator.py for tasks to queue
[2025-06-22T10:00:29.087+0000] {logging_mixin.py:190} INFO - [2025-06-22T10:00:29.087+0000] {dagbag.py:588} INFO - Filling up the DagBag from /home/airflow/.local/lib/python3.12/site-packages/airflow/example_dags/example_sensor_decorator.py
[2025-06-22T10:00:29.091+0000] {processor.py:925} INFO - DAG(s) 'example_sensor_decorator' retrieved from /home/airflow/.local/lib/python3.12/site-packages/airflow/example_dags/example_sensor_decorator.py
[2025-06-22T10:00:29.106+0000] {logging_mixin.py:190} INFO - [2025-06-22T10:00:29.105+0000] {dag.py:3239} INFO - Sync 1 DAGs
[2025-06-22T10:00:29.112+0000] {logging_mixin.py:190} INFO - [2025-06-22T10:00:29.112+0000] {dag.py:4180} INFO - Setting next_dagrun for example_sensor_decorator to None, run_after=None
[2025-06-22T10:00:29.124+0000] {processor.py:208} INFO - Processing /home/airflow/.local/lib/python3.12/site-packages/airflow/example_dags/example_sensor_decorator.py took 0.043 seconds
[2025-06-22T10:01:00.147+0000] {processor.py:186} INFO - Started process (PID=4619) to work on /home/airflow/.local/lib/python3.12/site-packages/airflow/example_dags/example_sensor_decorator.py
[2025-06-22T10:01:00.148+0000] {processor.py:914} INFO - Processing file /home/airflow/.local/lib/python3.12/site-packages/airflow/example_dags/example_sensor_decorator.py for tasks to queue
[2025-06-22T10:01:00.150+0000] {logging_mixin.py:190} INFO - [2025-06-22T10:01:00.150+0000] {dagbag.py:588} INFO - Filling up the DagBag from /home/airflow/.local/lib/python3.12/site-packages/airflow/example_dags/example_sensor_decorator.py
[2025-06-22T10:01:00.154+0000] {processor.py:925} INFO - DAG(s) 'example_sensor_decorator' retrieved from /home/airflow/.local/lib/python3.12/site-packages/airflow/example_dags/example_sensor_decorator.py
[2025-06-22T10:01:00.166+0000] {logging_mixin.py:190} INFO - [2025-06-22T10:01:00.166+0000] {dag.py:3239} INFO - Sync 1 DAGs
[2025-06-22T10:01:00.174+0000] {logging_mixin.py:190} INFO - [2025-06-22T10:01:00.174+0000] {dag.py:4180} INFO - Setting next_dagrun for example_sensor_decorator to None, run_after=None
[2025-06-22T10:01:00.185+0000] {processor.py:208} INFO - Processing /home/airflow/.local/lib/python3.12/site-packages/airflow/example_dags/example_sensor_decorator.py took 0.040 seconds
[2025-06-22T10:01:31.505+0000] {processor.py:186} INFO - Started process (PID=4681) to work on /home/airflow/.local/lib/python3.12/site-packages/airflow/example_dags/example_sensor_decorator.py
[2025-06-22T10:01:31.506+0000] {processor.py:914} INFO - Processing file /home/airflow/.local/lib/python3.12/site-packages/airflow/example_dags/example_sensor_decorator.py for tasks to queue
[2025-06-22T10:01:31.508+0000] {logging_mixin.py:190} INFO - [2025-06-22T10:01:31.508+0000] {dagbag.py:588} INFO - Filling up the DagBag from /home/airflow/.local/lib/python3.12/site-packages/airflow/example_dags/example_sensor_decorator.py
[2025-06-22T10:01:31.513+0000] {processor.py:925} INFO - DAG(s) 'example_sensor_decorator' retrieved from /home/airflow/.local/lib/python3.12/site-packages/airflow/example_dags/example_sensor_decorator.py
[2025-06-22T10:01:31.531+0000] {logging_mixin.py:190} INFO - [2025-06-22T10:01:31.531+0000] {dag.py:3239} INFO - Sync 1 DAGs
[2025-06-22T10:01:31.540+0000] {logging_mixin.py:190} INFO - [2025-06-22T10:01:31.540+0000] {dag.py:4180} INFO - Setting next_dagrun for example_sensor_decorator to None, run_after=None
[2025-06-22T10:01:31.550+0000] {processor.py:208} INFO - Processing /home/airflow/.local/lib/python3.12/site-packages/airflow/example_dags/example_sensor_decorator.py took 0.052 seconds
[2025-06-22T10:02:02.545+0000] {processor.py:186} INFO - Started process (PID=4743) to work on /home/airflow/.local/lib/python3.12/site-packages/airflow/example_dags/example_sensor_decorator.py
[2025-06-22T10:02:02.548+0000] {processor.py:914} INFO - Processing file /home/airflow/.local/lib/python3.12/site-packages/airflow/example_dags/example_sensor_decorator.py for tasks to queue
[2025-06-22T10:02:02.550+0000] {logging_mixin.py:190} INFO - [2025-06-22T10:02:02.550+0000] {dagbag.py:588} INFO - Filling up the DagBag from /home/airflow/.local/lib/python3.12/site-packages/airflow/example_dags/example_sensor_decorator.py
[2025-06-22T10:02:02.554+0000] {processor.py:925} INFO - DAG(s) 'example_sensor_decorator' retrieved from /home/airflow/.local/lib/python3.12/site-packages/airflow/example_dags/example_sensor_decorator.py
[2025-06-22T10:02:02.566+0000] {logging_mixin.py:190} INFO - [2025-06-22T10:02:02.566+0000] {dag.py:3239} INFO - Sync 1 DAGs
[2025-06-22T10:02:02.575+0000] {logging_mixin.py:190} INFO - [2025-06-22T10:02:02.575+0000] {dag.py:4180} INFO - Setting next_dagrun for example_sensor_decorator to None, run_after=None
[2025-06-22T10:02:02.588+0000] {processor.py:208} INFO - Processing /home/airflow/.local/lib/python3.12/site-packages/airflow/example_dags/example_sensor_decorator.py took 0.046 seconds
[2025-06-22T10:02:33.449+0000] {processor.py:186} INFO - Started process (PID=4805) to work on /home/airflow/.local/lib/python3.12/site-packages/airflow/example_dags/example_sensor_decorator.py
[2025-06-22T10:02:33.450+0000] {processor.py:914} INFO - Processing file /home/airflow/.local/lib/python3.12/site-packages/airflow/example_dags/example_sensor_decorator.py for tasks to queue
[2025-06-22T10:02:33.452+0000] {logging_mixin.py:190} INFO - [2025-06-22T10:02:33.452+0000] {dagbag.py:588} INFO - Filling up the DagBag from /home/airflow/.local/lib/python3.12/site-packages/airflow/example_dags/example_sensor_decorator.py
[2025-06-22T10:02:33.456+0000] {processor.py:925} INFO - DAG(s) 'example_sensor_decorator' retrieved from /home/airflow/.local/lib/python3.12/site-packages/airflow/example_dags/example_sensor_decorator.py
[2025-06-22T10:02:33.467+0000] {logging_mixin.py:190} INFO - [2025-06-22T10:02:33.467+0000] {dag.py:3239} INFO - Sync 1 DAGs
[2025-06-22T10:02:33.475+0000] {logging_mixin.py:190} INFO - [2025-06-22T10:02:33.475+0000] {dag.py:4180} INFO - Setting next_dagrun for example_sensor_decorator to None, run_after=None
[2025-06-22T10:02:33.485+0000] {processor.py:208} INFO - Processing /home/airflow/.local/lib/python3.12/site-packages/airflow/example_dags/example_sensor_decorator.py took 0.040 seconds
[2025-06-22T10:03:04.690+0000] {processor.py:186} INFO - Started process (PID=4867) to work on /home/airflow/.local/lib/python3.12/site-packages/airflow/example_dags/example_sensor_decorator.py
[2025-06-22T10:03:04.693+0000] {processor.py:914} INFO - Processing file /home/airflow/.local/lib/python3.12/site-packages/airflow/example_dags/example_sensor_decorator.py for tasks to queue
[2025-06-22T10:03:04.696+0000] {logging_mixin.py:190} INFO - [2025-06-22T10:03:04.696+0000] {dagbag.py:588} INFO - Filling up the DagBag from /home/airflow/.local/lib/python3.12/site-packages/airflow/example_dags/example_sensor_decorator.py
[2025-06-22T10:03:04.702+0000] {processor.py:925} INFO - DAG(s) 'example_sensor_decorator' retrieved from /home/airflow/.local/lib/python3.12/site-packages/airflow/example_dags/example_sensor_decorator.py
[2025-06-22T10:03:04.715+0000] {logging_mixin.py:190} INFO - [2025-06-22T10:03:04.715+0000] {dag.py:3239} INFO - Sync 1 DAGs
[2025-06-22T10:03:04.727+0000] {logging_mixin.py:190} INFO - [2025-06-22T10:03:04.727+0000] {dag.py:4180} INFO - Setting next_dagrun for example_sensor_decorator to None, run_after=None
[2025-06-22T10:03:04.745+0000] {processor.py:208} INFO - Processing /home/airflow/.local/lib/python3.12/site-packages/airflow/example_dags/example_sensor_decorator.py took 0.059 seconds
[2025-06-22T10:03:35.259+0000] {processor.py:186} INFO - Started process (PID=4929) to work on /home/airflow/.local/lib/python3.12/site-packages/airflow/example_dags/example_sensor_decorator.py
[2025-06-22T10:03:35.259+0000] {processor.py:914} INFO - Processing file /home/airflow/.local/lib/python3.12/site-packages/airflow/example_dags/example_sensor_decorator.py for tasks to queue
[2025-06-22T10:03:35.262+0000] {logging_mixin.py:190} INFO - [2025-06-22T10:03:35.261+0000] {dagbag.py:588} INFO - Filling up the DagBag from /home/airflow/.local/lib/python3.12/site-packages/airflow/example_dags/example_sensor_decorator.py
[2025-06-22T10:03:35.272+0000] {processor.py:925} INFO - DAG(s) 'example_sensor_decorator' retrieved from /home/airflow/.local/lib/python3.12/site-packages/airflow/example_dags/example_sensor_decorator.py
[2025-06-22T10:03:35.286+0000] {logging_mixin.py:190} INFO - [2025-06-22T10:03:35.286+0000] {dag.py:3239} INFO - Sync 1 DAGs
[2025-06-22T10:03:35.294+0000] {logging_mixin.py:190} INFO - [2025-06-22T10:03:35.294+0000] {dag.py:4180} INFO - Setting next_dagrun for example_sensor_decorator to None, run_after=None
[2025-06-22T10:03:35.303+0000] {processor.py:208} INFO - Processing /home/airflow/.local/lib/python3.12/site-packages/airflow/example_dags/example_sensor_decorator.py took 0.048 seconds
[2025-06-22T10:04:06.289+0000] {processor.py:186} INFO - Started process (PID=4991) to work on /home/airflow/.local/lib/python3.12/site-packages/airflow/example_dags/example_sensor_decorator.py
[2025-06-22T10:04:06.290+0000] {processor.py:914} INFO - Processing file /home/airflow/.local/lib/python3.12/site-packages/airflow/example_dags/example_sensor_decorator.py for tasks to queue
[2025-06-22T10:04:06.291+0000] {logging_mixin.py:190} INFO - [2025-06-22T10:04:06.291+0000] {dagbag.py:588} INFO - Filling up the DagBag from /home/airflow/.local/lib/python3.12/site-packages/airflow/example_dags/example_sensor_decorator.py
[2025-06-22T10:04:06.296+0000] {processor.py:925} INFO - DAG(s) 'example_sensor_decorator' retrieved from /home/airflow/.local/lib/python3.12/site-packages/airflow/example_dags/example_sensor_decorator.py
[2025-06-22T10:04:06.308+0000] {logging_mixin.py:190} INFO - [2025-06-22T10:04:06.308+0000] {dag.py:3239} INFO - Sync 1 DAGs
[2025-06-22T10:04:06.316+0000] {logging_mixin.py:190} INFO - [2025-06-22T10:04:06.316+0000] {dag.py:4180} INFO - Setting next_dagrun for example_sensor_decorator to None, run_after=None
[2025-06-22T10:04:06.326+0000] {processor.py:208} INFO - Processing /home/airflow/.local/lib/python3.12/site-packages/airflow/example_dags/example_sensor_decorator.py took 0.040 seconds
[2025-06-22T10:04:37.683+0000] {processor.py:186} INFO - Started process (PID=5053) to work on /home/airflow/.local/lib/python3.12/site-packages/airflow/example_dags/example_sensor_decorator.py
[2025-06-22T10:04:37.685+0000] {processor.py:914} INFO - Processing file /home/airflow/.local/lib/python3.12/site-packages/airflow/example_dags/example_sensor_decorator.py for tasks to queue
[2025-06-22T10:04:37.687+0000] {logging_mixin.py:190} INFO - [2025-06-22T10:04:37.687+0000] {dagbag.py:588} INFO - Filling up the DagBag from /home/airflow/.local/lib/python3.12/site-packages/airflow/example_dags/example_sensor_decorator.py
[2025-06-22T10:04:37.699+0000] {processor.py:925} INFO - DAG(s) 'example_sensor_decorator' retrieved from /home/airflow/.local/lib/python3.12/site-packages/airflow/example_dags/example_sensor_decorator.py
[2025-06-22T10:04:37.729+0000] {logging_mixin.py:190} INFO - [2025-06-22T10:04:37.729+0000] {dag.py:3239} INFO - Sync 1 DAGs
[2025-06-22T10:04:37.741+0000] {logging_mixin.py:190} INFO - [2025-06-22T10:04:37.740+0000] {dag.py:4180} INFO - Setting next_dagrun for example_sensor_decorator to None, run_after=None
[2025-06-22T10:04:37.755+0000] {processor.py:208} INFO - Processing /home/airflow/.local/lib/python3.12/site-packages/airflow/example_dags/example_sensor_decorator.py took 0.085 seconds
[2025-06-22T10:05:07.926+0000] {processor.py:186} INFO - Started process (PID=5115) to work on /home/airflow/.local/lib/python3.12/site-packages/airflow/example_dags/example_sensor_decorator.py
[2025-06-22T10:05:07.926+0000] {processor.py:914} INFO - Processing file /home/airflow/.local/lib/python3.12/site-packages/airflow/example_dags/example_sensor_decorator.py for tasks to queue
[2025-06-22T10:05:07.928+0000] {logging_mixin.py:190} INFO - [2025-06-22T10:05:07.928+0000] {dagbag.py:588} INFO - Filling up the DagBag from /home/airflow/.local/lib/python3.12/site-packages/airflow/example_dags/example_sensor_decorator.py
[2025-06-22T10:05:07.938+0000] {processor.py:925} INFO - DAG(s) 'example_sensor_decorator' retrieved from /home/airflow/.local/lib/python3.12/site-packages/airflow/example_dags/example_sensor_decorator.py
[2025-06-22T10:05:07.950+0000] {logging_mixin.py:190} INFO - [2025-06-22T10:05:07.949+0000] {dag.py:3239} INFO - Sync 1 DAGs
[2025-06-22T10:05:07.957+0000] {logging_mixin.py:190} INFO - [2025-06-22T10:05:07.957+0000] {dag.py:4180} INFO - Setting next_dagrun for example_sensor_decorator to None, run_after=None
[2025-06-22T10:05:07.968+0000] {processor.py:208} INFO - Processing /home/airflow/.local/lib/python3.12/site-packages/airflow/example_dags/example_sensor_decorator.py took 0.046 seconds
[2025-06-22T10:05:39.422+0000] {processor.py:186} INFO - Started process (PID=5177) to work on /home/airflow/.local/lib/python3.12/site-packages/airflow/example_dags/example_sensor_decorator.py
[2025-06-22T10:05:39.423+0000] {processor.py:914} INFO - Processing file /home/airflow/.local/lib/python3.12/site-packages/airflow/example_dags/example_sensor_decorator.py for tasks to queue
[2025-06-22T10:05:39.425+0000] {logging_mixin.py:190} INFO - [2025-06-22T10:05:39.424+0000] {dagbag.py:588} INFO - Filling up the DagBag from /home/airflow/.local/lib/python3.12/site-packages/airflow/example_dags/example_sensor_decorator.py
[2025-06-22T10:05:39.430+0000] {processor.py:925} INFO - DAG(s) 'example_sensor_decorator' retrieved from /home/airflow/.local/lib/python3.12/site-packages/airflow/example_dags/example_sensor_decorator.py
[2025-06-22T10:05:39.445+0000] {logging_mixin.py:190} INFO - [2025-06-22T10:05:39.445+0000] {dag.py:3239} INFO - Sync 1 DAGs
[2025-06-22T10:05:39.455+0000] {logging_mixin.py:190} INFO - [2025-06-22T10:05:39.455+0000] {dag.py:4180} INFO - Setting next_dagrun for example_sensor_decorator to None, run_after=None
[2025-06-22T10:05:39.467+0000] {processor.py:208} INFO - Processing /home/airflow/.local/lib/python3.12/site-packages/airflow/example_dags/example_sensor_decorator.py took 0.051 seconds
[2025-06-22T10:06:10.694+0000] {processor.py:186} INFO - Started process (PID=5239) to work on /home/airflow/.local/lib/python3.12/site-packages/airflow/example_dags/example_sensor_decorator.py
[2025-06-22T10:06:10.697+0000] {processor.py:914} INFO - Processing file /home/airflow/.local/lib/python3.12/site-packages/airflow/example_dags/example_sensor_decorator.py for tasks to queue
[2025-06-22T10:06:10.702+0000] {logging_mixin.py:190} INFO - [2025-06-22T10:06:10.702+0000] {dagbag.py:588} INFO - Filling up the DagBag from /home/airflow/.local/lib/python3.12/site-packages/airflow/example_dags/example_sensor_decorator.py
[2025-06-22T10:06:10.726+0000] {processor.py:925} INFO - DAG(s) 'example_sensor_decorator' retrieved from /home/airflow/.local/lib/python3.12/site-packages/airflow/example_dags/example_sensor_decorator.py
[2025-06-22T10:06:10.761+0000] {logging_mixin.py:190} INFO - [2025-06-22T10:06:10.761+0000] {dag.py:3239} INFO - Sync 1 DAGs
[2025-06-22T10:06:10.780+0000] {logging_mixin.py:190} INFO - [2025-06-22T10:06:10.780+0000] {dag.py:4180} INFO - Setting next_dagrun for example_sensor_decorator to None, run_after=None
[2025-06-22T10:06:10.805+0000] {processor.py:208} INFO - Processing /home/airflow/.local/lib/python3.12/site-packages/airflow/example_dags/example_sensor_decorator.py took 0.128 seconds
[2025-06-22T10:06:41.066+0000] {processor.py:186} INFO - Started process (PID=5301) to work on /home/airflow/.local/lib/python3.12/site-packages/airflow/example_dags/example_sensor_decorator.py
[2025-06-22T10:06:41.070+0000] {processor.py:914} INFO - Processing file /home/airflow/.local/lib/python3.12/site-packages/airflow/example_dags/example_sensor_decorator.py for tasks to queue
[2025-06-22T10:06:41.071+0000] {logging_mixin.py:190} INFO - [2025-06-22T10:06:41.071+0000] {dagbag.py:588} INFO - Filling up the DagBag from /home/airflow/.local/lib/python3.12/site-packages/airflow/example_dags/example_sensor_decorator.py
[2025-06-22T10:06:41.076+0000] {processor.py:925} INFO - DAG(s) 'example_sensor_decorator' retrieved from /home/airflow/.local/lib/python3.12/site-packages/airflow/example_dags/example_sensor_decorator.py
[2025-06-22T10:06:41.086+0000] {logging_mixin.py:190} INFO - [2025-06-22T10:06:41.086+0000] {dag.py:3239} INFO - Sync 1 DAGs
[2025-06-22T10:06:41.093+0000] {logging_mixin.py:190} INFO - [2025-06-22T10:06:41.093+0000] {dag.py:4180} INFO - Setting next_dagrun for example_sensor_decorator to None, run_after=None
[2025-06-22T10:06:41.105+0000] {processor.py:208} INFO - Processing /home/airflow/.local/lib/python3.12/site-packages/airflow/example_dags/example_sensor_decorator.py took 0.042 seconds
[2025-06-22T10:07:12.431+0000] {processor.py:186} INFO - Started process (PID=5363) to work on /home/airflow/.local/lib/python3.12/site-packages/airflow/example_dags/example_sensor_decorator.py
[2025-06-22T10:07:12.432+0000] {processor.py:914} INFO - Processing file /home/airflow/.local/lib/python3.12/site-packages/airflow/example_dags/example_sensor_decorator.py for tasks to queue
[2025-06-22T10:07:12.435+0000] {logging_mixin.py:190} INFO - [2025-06-22T10:07:12.434+0000] {dagbag.py:588} INFO - Filling up the DagBag from /home/airflow/.local/lib/python3.12/site-packages/airflow/example_dags/example_sensor_decorator.py
[2025-06-22T10:07:12.441+0000] {processor.py:925} INFO - DAG(s) 'example_sensor_decorator' retrieved from /home/airflow/.local/lib/python3.12/site-packages/airflow/example_dags/example_sensor_decorator.py
[2025-06-22T10:07:12.451+0000] {logging_mixin.py:190} INFO - [2025-06-22T10:07:12.451+0000] {dag.py:3239} INFO - Sync 1 DAGs
[2025-06-22T10:07:12.458+0000] {logging_mixin.py:190} INFO - [2025-06-22T10:07:12.457+0000] {dag.py:4180} INFO - Setting next_dagrun for example_sensor_decorator to None, run_after=None
[2025-06-22T10:07:12.473+0000] {processor.py:208} INFO - Processing /home/airflow/.local/lib/python3.12/site-packages/airflow/example_dags/example_sensor_decorator.py took 0.045 seconds
[2025-06-22T10:07:44.023+0000] {processor.py:186} INFO - Started process (PID=5425) to work on /home/airflow/.local/lib/python3.12/site-packages/airflow/example_dags/example_sensor_decorator.py
[2025-06-22T10:07:44.025+0000] {processor.py:914} INFO - Processing file /home/airflow/.local/lib/python3.12/site-packages/airflow/example_dags/example_sensor_decorator.py for tasks to queue
[2025-06-22T10:07:44.032+0000] {logging_mixin.py:190} INFO - [2025-06-22T10:07:44.031+0000] {dagbag.py:588} INFO - Filling up the DagBag from /home/airflow/.local/lib/python3.12/site-packages/airflow/example_dags/example_sensor_decorator.py
[2025-06-22T10:07:44.049+0000] {processor.py:925} INFO - DAG(s) 'example_sensor_decorator' retrieved from /home/airflow/.local/lib/python3.12/site-packages/airflow/example_dags/example_sensor_decorator.py
[2025-06-22T10:07:44.103+0000] {logging_mixin.py:190} INFO - [2025-06-22T10:07:44.102+0000] {dag.py:3239} INFO - Sync 1 DAGs
[2025-06-22T10:07:44.138+0000] {logging_mixin.py:190} INFO - [2025-06-22T10:07:44.138+0000] {dag.py:4180} INFO - Setting next_dagrun for example_sensor_decorator to None, run_after=None
[2025-06-22T10:07:44.170+0000] {processor.py:208} INFO - Processing /home/airflow/.local/lib/python3.12/site-packages/airflow/example_dags/example_sensor_decorator.py took 0.157 seconds
[2025-06-22T10:08:15.173+0000] {processor.py:186} INFO - Started process (PID=5486) to work on /home/airflow/.local/lib/python3.12/site-packages/airflow/example_dags/example_sensor_decorator.py
[2025-06-22T10:08:15.176+0000] {processor.py:914} INFO - Processing file /home/airflow/.local/lib/python3.12/site-packages/airflow/example_dags/example_sensor_decorator.py for tasks to queue
[2025-06-22T10:08:15.180+0000] {logging_mixin.py:190} INFO - [2025-06-22T10:08:15.180+0000] {dagbag.py:588} INFO - Filling up the DagBag from /home/airflow/.local/lib/python3.12/site-packages/airflow/example_dags/example_sensor_decorator.py
[2025-06-22T10:08:15.197+0000] {processor.py:925} INFO - DAG(s) 'example_sensor_decorator' retrieved from /home/airflow/.local/lib/python3.12/site-packages/airflow/example_dags/example_sensor_decorator.py
[2025-06-22T10:08:15.221+0000] {logging_mixin.py:190} INFO - [2025-06-22T10:08:15.220+0000] {dag.py:3239} INFO - Sync 1 DAGs
[2025-06-22T10:08:15.234+0000] {logging_mixin.py:190} INFO - [2025-06-22T10:08:15.233+0000] {dag.py:4180} INFO - Setting next_dagrun for example_sensor_decorator to None, run_after=None
[2025-06-22T10:08:15.252+0000] {processor.py:208} INFO - Processing /home/airflow/.local/lib/python3.12/site-packages/airflow/example_dags/example_sensor_decorator.py took 0.090 seconds
[2025-06-22T10:08:45.455+0000] {processor.py:186} INFO - Started process (PID=5548) to work on /home/airflow/.local/lib/python3.12/site-packages/airflow/example_dags/example_sensor_decorator.py
[2025-06-22T10:08:45.463+0000] {processor.py:914} INFO - Processing file /home/airflow/.local/lib/python3.12/site-packages/airflow/example_dags/example_sensor_decorator.py for tasks to queue
[2025-06-22T10:08:45.465+0000] {logging_mixin.py:190} INFO - [2025-06-22T10:08:45.465+0000] {dagbag.py:588} INFO - Filling up the DagBag from /home/airflow/.local/lib/python3.12/site-packages/airflow/example_dags/example_sensor_decorator.py
[2025-06-22T10:08:45.473+0000] {processor.py:925} INFO - DAG(s) 'example_sensor_decorator' retrieved from /home/airflow/.local/lib/python3.12/site-packages/airflow/example_dags/example_sensor_decorator.py
[2025-06-22T10:08:45.491+0000] {logging_mixin.py:190} INFO - [2025-06-22T10:08:45.491+0000] {dag.py:3239} INFO - Sync 1 DAGs
[2025-06-22T10:08:45.502+0000] {logging_mixin.py:190} INFO - [2025-06-22T10:08:45.502+0000] {dag.py:4180} INFO - Setting next_dagrun for example_sensor_decorator to None, run_after=None
[2025-06-22T10:08:45.518+0000] {processor.py:208} INFO - Processing /home/airflow/.local/lib/python3.12/site-packages/airflow/example_dags/example_sensor_decorator.py took 0.071 seconds
[2025-06-22T10:09:15.919+0000] {processor.py:186} INFO - Started process (PID=5610) to work on /home/airflow/.local/lib/python3.12/site-packages/airflow/example_dags/example_sensor_decorator.py
[2025-06-22T10:09:15.920+0000] {processor.py:914} INFO - Processing file /home/airflow/.local/lib/python3.12/site-packages/airflow/example_dags/example_sensor_decorator.py for tasks to queue
[2025-06-22T10:09:15.922+0000] {logging_mixin.py:190} INFO - [2025-06-22T10:09:15.922+0000] {dagbag.py:588} INFO - Filling up the DagBag from /home/airflow/.local/lib/python3.12/site-packages/airflow/example_dags/example_sensor_decorator.py
[2025-06-22T10:09:15.933+0000] {processor.py:925} INFO - DAG(s) 'example_sensor_decorator' retrieved from /home/airflow/.local/lib/python3.12/site-packages/airflow/example_dags/example_sensor_decorator.py
[2025-06-22T10:09:15.956+0000] {logging_mixin.py:190} INFO - [2025-06-22T10:09:15.956+0000] {dag.py:3239} INFO - Sync 1 DAGs
[2025-06-22T10:09:15.969+0000] {logging_mixin.py:190} INFO - [2025-06-22T10:09:15.969+0000] {dag.py:4180} INFO - Setting next_dagrun for example_sensor_decorator to None, run_after=None
[2025-06-22T10:09:15.981+0000] {processor.py:208} INFO - Processing /home/airflow/.local/lib/python3.12/site-packages/airflow/example_dags/example_sensor_decorator.py took 0.069 seconds
[2025-06-22T10:09:46.928+0000] {processor.py:186} INFO - Started process (PID=5672) to work on /home/airflow/.local/lib/python3.12/site-packages/airflow/example_dags/example_sensor_decorator.py
[2025-06-22T10:09:46.930+0000] {processor.py:914} INFO - Processing file /home/airflow/.local/lib/python3.12/site-packages/airflow/example_dags/example_sensor_decorator.py for tasks to queue
[2025-06-22T10:09:46.933+0000] {logging_mixin.py:190} INFO - [2025-06-22T10:09:46.932+0000] {dagbag.py:588} INFO - Filling up the DagBag from /home/airflow/.local/lib/python3.12/site-packages/airflow/example_dags/example_sensor_decorator.py
[2025-06-22T10:09:46.943+0000] {processor.py:925} INFO - DAG(s) 'example_sensor_decorator' retrieved from /home/airflow/.local/lib/python3.12/site-packages/airflow/example_dags/example_sensor_decorator.py
[2025-06-22T10:09:46.965+0000] {logging_mixin.py:190} INFO - [2025-06-22T10:09:46.965+0000] {dag.py:3239} INFO - Sync 1 DAGs
[2025-06-22T10:09:46.979+0000] {logging_mixin.py:190} INFO - [2025-06-22T10:09:46.979+0000] {dag.py:4180} INFO - Setting next_dagrun for example_sensor_decorator to None, run_after=None
[2025-06-22T10:09:46.996+0000] {processor.py:208} INFO - Processing /home/airflow/.local/lib/python3.12/site-packages/airflow/example_dags/example_sensor_decorator.py took 0.075 seconds
[2025-06-22T10:10:17.403+0000] {processor.py:186} INFO - Started process (PID=5734) to work on /home/airflow/.local/lib/python3.12/site-packages/airflow/example_dags/example_sensor_decorator.py
[2025-06-22T10:10:17.405+0000] {processor.py:914} INFO - Processing file /home/airflow/.local/lib/python3.12/site-packages/airflow/example_dags/example_sensor_decorator.py for tasks to queue
[2025-06-22T10:10:17.415+0000] {logging_mixin.py:190} INFO - [2025-06-22T10:10:17.413+0000] {dagbag.py:588} INFO - Filling up the DagBag from /home/airflow/.local/lib/python3.12/site-packages/airflow/example_dags/example_sensor_decorator.py
[2025-06-22T10:10:17.422+0000] {processor.py:925} INFO - DAG(s) 'example_sensor_decorator' retrieved from /home/airflow/.local/lib/python3.12/site-packages/airflow/example_dags/example_sensor_decorator.py
[2025-06-22T10:10:17.438+0000] {logging_mixin.py:190} INFO - [2025-06-22T10:10:17.437+0000] {dag.py:3239} INFO - Sync 1 DAGs
[2025-06-22T10:10:17.454+0000] {logging_mixin.py:190} INFO - [2025-06-22T10:10:17.453+0000] {dag.py:4180} INFO - Setting next_dagrun for example_sensor_decorator to None, run_after=None
[2025-06-22T10:10:17.466+0000] {processor.py:208} INFO - Processing /home/airflow/.local/lib/python3.12/site-packages/airflow/example_dags/example_sensor_decorator.py took 0.067 seconds
[2025-06-22T10:10:48.694+0000] {processor.py:186} INFO - Started process (PID=5796) to work on /home/airflow/.local/lib/python3.12/site-packages/airflow/example_dags/example_sensor_decorator.py
[2025-06-22T10:10:48.696+0000] {processor.py:914} INFO - Processing file /home/airflow/.local/lib/python3.12/site-packages/airflow/example_dags/example_sensor_decorator.py for tasks to queue
[2025-06-22T10:10:48.699+0000] {logging_mixin.py:190} INFO - [2025-06-22T10:10:48.699+0000] {dagbag.py:588} INFO - Filling up the DagBag from /home/airflow/.local/lib/python3.12/site-packages/airflow/example_dags/example_sensor_decorator.py
[2025-06-22T10:10:48.708+0000] {processor.py:925} INFO - DAG(s) 'example_sensor_decorator' retrieved from /home/airflow/.local/lib/python3.12/site-packages/airflow/example_dags/example_sensor_decorator.py
[2025-06-22T10:10:48.733+0000] {logging_mixin.py:190} INFO - [2025-06-22T10:10:48.732+0000] {dag.py:3239} INFO - Sync 1 DAGs
[2025-06-22T10:10:48.743+0000] {logging_mixin.py:190} INFO - [2025-06-22T10:10:48.742+0000] {dag.py:4180} INFO - Setting next_dagrun for example_sensor_decorator to None, run_after=None
[2025-06-22T10:10:48.754+0000] {processor.py:208} INFO - Processing /home/airflow/.local/lib/python3.12/site-packages/airflow/example_dags/example_sensor_decorator.py took 0.065 seconds
[2025-06-22T10:11:19.977+0000] {processor.py:186} INFO - Started process (PID=5858) to work on /home/airflow/.local/lib/python3.12/site-packages/airflow/example_dags/example_sensor_decorator.py
[2025-06-22T10:11:19.977+0000] {processor.py:914} INFO - Processing file /home/airflow/.local/lib/python3.12/site-packages/airflow/example_dags/example_sensor_decorator.py for tasks to queue
[2025-06-22T10:11:19.979+0000] {logging_mixin.py:190} INFO - [2025-06-22T10:11:19.978+0000] {dagbag.py:588} INFO - Filling up the DagBag from /home/airflow/.local/lib/python3.12/site-packages/airflow/example_dags/example_sensor_decorator.py
[2025-06-22T10:11:19.984+0000] {processor.py:925} INFO - DAG(s) 'example_sensor_decorator' retrieved from /home/airflow/.local/lib/python3.12/site-packages/airflow/example_dags/example_sensor_decorator.py
[2025-06-22T10:11:19.997+0000] {logging_mixin.py:190} INFO - [2025-06-22T10:11:19.997+0000] {dag.py:3239} INFO - Sync 1 DAGs
[2025-06-22T10:11:20.005+0000] {logging_mixin.py:190} INFO - [2025-06-22T10:11:20.005+0000] {dag.py:4180} INFO - Setting next_dagrun for example_sensor_decorator to None, run_after=None
[2025-06-22T10:11:20.018+0000] {processor.py:208} INFO - Processing /home/airflow/.local/lib/python3.12/site-packages/airflow/example_dags/example_sensor_decorator.py took 0.045 seconds
[2025-06-22T10:11:51.111+0000] {processor.py:186} INFO - Started process (PID=5920) to work on /home/airflow/.local/lib/python3.12/site-packages/airflow/example_dags/example_sensor_decorator.py
[2025-06-22T10:11:51.115+0000] {processor.py:914} INFO - Processing file /home/airflow/.local/lib/python3.12/site-packages/airflow/example_dags/example_sensor_decorator.py for tasks to queue
[2025-06-22T10:11:51.117+0000] {logging_mixin.py:190} INFO - [2025-06-22T10:11:51.117+0000] {dagbag.py:588} INFO - Filling up the DagBag from /home/airflow/.local/lib/python3.12/site-packages/airflow/example_dags/example_sensor_decorator.py
[2025-06-22T10:11:51.122+0000] {processor.py:925} INFO - DAG(s) 'example_sensor_decorator' retrieved from /home/airflow/.local/lib/python3.12/site-packages/airflow/example_dags/example_sensor_decorator.py
[2025-06-22T10:11:51.133+0000] {logging_mixin.py:190} INFO - [2025-06-22T10:11:51.133+0000] {dag.py:3239} INFO - Sync 1 DAGs
[2025-06-22T10:11:51.140+0000] {logging_mixin.py:190} INFO - [2025-06-22T10:11:51.140+0000] {dag.py:4180} INFO - Setting next_dagrun for example_sensor_decorator to None, run_after=None
[2025-06-22T10:11:51.152+0000] {processor.py:208} INFO - Processing /home/airflow/.local/lib/python3.12/site-packages/airflow/example_dags/example_sensor_decorator.py took 0.044 seconds
[2025-06-22T10:12:22.733+0000] {processor.py:186} INFO - Started process (PID=5982) to work on /home/airflow/.local/lib/python3.12/site-packages/airflow/example_dags/example_sensor_decorator.py
[2025-06-22T10:12:22.736+0000] {processor.py:914} INFO - Processing file /home/airflow/.local/lib/python3.12/site-packages/airflow/example_dags/example_sensor_decorator.py for tasks to queue
[2025-06-22T10:12:22.738+0000] {logging_mixin.py:190} INFO - [2025-06-22T10:12:22.737+0000] {dagbag.py:588} INFO - Filling up the DagBag from /home/airflow/.local/lib/python3.12/site-packages/airflow/example_dags/example_sensor_decorator.py
[2025-06-22T10:12:22.743+0000] {processor.py:925} INFO - DAG(s) 'example_sensor_decorator' retrieved from /home/airflow/.local/lib/python3.12/site-packages/airflow/example_dags/example_sensor_decorator.py
[2025-06-22T10:12:22.761+0000] {logging_mixin.py:190} INFO - [2025-06-22T10:12:22.761+0000] {dag.py:3239} INFO - Sync 1 DAGs
[2025-06-22T10:12:22.770+0000] {logging_mixin.py:190} INFO - [2025-06-22T10:12:22.770+0000] {dag.py:4180} INFO - Setting next_dagrun for example_sensor_decorator to None, run_after=None
[2025-06-22T10:12:22.794+0000] {processor.py:208} INFO - Processing /home/airflow/.local/lib/python3.12/site-packages/airflow/example_dags/example_sensor_decorator.py took 0.065 seconds
[2025-06-22T10:12:54.020+0000] {processor.py:186} INFO - Started process (PID=6044) to work on /home/airflow/.local/lib/python3.12/site-packages/airflow/example_dags/example_sensor_decorator.py
[2025-06-22T10:12:54.022+0000] {processor.py:914} INFO - Processing file /home/airflow/.local/lib/python3.12/site-packages/airflow/example_dags/example_sensor_decorator.py for tasks to queue
[2025-06-22T10:12:54.023+0000] {logging_mixin.py:190} INFO - [2025-06-22T10:12:54.023+0000] {dagbag.py:588} INFO - Filling up the DagBag from /home/airflow/.local/lib/python3.12/site-packages/airflow/example_dags/example_sensor_decorator.py
[2025-06-22T10:12:54.029+0000] {processor.py:925} INFO - DAG(s) 'example_sensor_decorator' retrieved from /home/airflow/.local/lib/python3.12/site-packages/airflow/example_dags/example_sensor_decorator.py
[2025-06-22T10:12:54.050+0000] {logging_mixin.py:190} INFO - [2025-06-22T10:12:54.050+0000] {dag.py:3239} INFO - Sync 1 DAGs
[2025-06-22T10:12:54.058+0000] {logging_mixin.py:190} INFO - [2025-06-22T10:12:54.058+0000] {dag.py:4180} INFO - Setting next_dagrun for example_sensor_decorator to None, run_after=None
[2025-06-22T10:12:54.080+0000] {processor.py:208} INFO - Processing /home/airflow/.local/lib/python3.12/site-packages/airflow/example_dags/example_sensor_decorator.py took 0.064 seconds
[2025-06-22T10:13:25.402+0000] {processor.py:186} INFO - Started process (PID=6106) to work on /home/airflow/.local/lib/python3.12/site-packages/airflow/example_dags/example_sensor_decorator.py
[2025-06-22T10:13:25.403+0000] {processor.py:914} INFO - Processing file /home/airflow/.local/lib/python3.12/site-packages/airflow/example_dags/example_sensor_decorator.py for tasks to queue
[2025-06-22T10:13:25.405+0000] {logging_mixin.py:190} INFO - [2025-06-22T10:13:25.405+0000] {dagbag.py:588} INFO - Filling up the DagBag from /home/airflow/.local/lib/python3.12/site-packages/airflow/example_dags/example_sensor_decorator.py
[2025-06-22T10:13:25.411+0000] {processor.py:925} INFO - DAG(s) 'example_sensor_decorator' retrieved from /home/airflow/.local/lib/python3.12/site-packages/airflow/example_dags/example_sensor_decorator.py
[2025-06-22T10:13:25.427+0000] {logging_mixin.py:190} INFO - [2025-06-22T10:13:25.427+0000] {dag.py:3239} INFO - Sync 1 DAGs
[2025-06-22T10:13:25.435+0000] {logging_mixin.py:190} INFO - [2025-06-22T10:13:25.435+0000] {dag.py:4180} INFO - Setting next_dagrun for example_sensor_decorator to None, run_after=None
[2025-06-22T10:13:25.451+0000] {processor.py:208} INFO - Processing /home/airflow/.local/lib/python3.12/site-packages/airflow/example_dags/example_sensor_decorator.py took 0.059 seconds
[2025-06-22T10:13:57.327+0000] {processor.py:186} INFO - Started process (PID=6167) to work on /home/airflow/.local/lib/python3.12/site-packages/airflow/example_dags/example_sensor_decorator.py
[2025-06-22T10:13:57.330+0000] {processor.py:914} INFO - Processing file /home/airflow/.local/lib/python3.12/site-packages/airflow/example_dags/example_sensor_decorator.py for tasks to queue
[2025-06-22T10:13:57.335+0000] {logging_mixin.py:190} INFO - [2025-06-22T10:13:57.334+0000] {dagbag.py:588} INFO - Filling up the DagBag from /home/airflow/.local/lib/python3.12/site-packages/airflow/example_dags/example_sensor_decorator.py
[2025-06-22T10:13:57.341+0000] {processor.py:925} INFO - DAG(s) 'example_sensor_decorator' retrieved from /home/airflow/.local/lib/python3.12/site-packages/airflow/example_dags/example_sensor_decorator.py
[2025-06-22T10:13:57.499+0000] {logging_mixin.py:190} INFO - [2025-06-22T10:13:57.498+0000] {dag.py:3239} INFO - Sync 1 DAGs
[2025-06-22T10:13:57.531+0000] {logging_mixin.py:190} INFO - [2025-06-22T10:13:57.531+0000] {dag.py:4180} INFO - Setting next_dagrun for example_sensor_decorator to None, run_after=None
[2025-06-22T10:13:57.558+0000] {processor.py:208} INFO - Processing /home/airflow/.local/lib/python3.12/site-packages/airflow/example_dags/example_sensor_decorator.py took 0.240 seconds
[2025-06-22T10:14:28.938+0000] {processor.py:186} INFO - Started process (PID=6228) to work on /home/airflow/.local/lib/python3.12/site-packages/airflow/example_dags/example_sensor_decorator.py
[2025-06-22T10:14:28.939+0000] {processor.py:914} INFO - Processing file /home/airflow/.local/lib/python3.12/site-packages/airflow/example_dags/example_sensor_decorator.py for tasks to queue
[2025-06-22T10:14:28.942+0000] {logging_mixin.py:190} INFO - [2025-06-22T10:14:28.941+0000] {dagbag.py:588} INFO - Filling up the DagBag from /home/airflow/.local/lib/python3.12/site-packages/airflow/example_dags/example_sensor_decorator.py
[2025-06-22T10:14:28.949+0000] {processor.py:925} INFO - DAG(s) 'example_sensor_decorator' retrieved from /home/airflow/.local/lib/python3.12/site-packages/airflow/example_dags/example_sensor_decorator.py
[2025-06-22T10:14:28.977+0000] {logging_mixin.py:190} INFO - [2025-06-22T10:14:28.975+0000] {dag.py:3239} INFO - Sync 1 DAGs
[2025-06-22T10:14:28.999+0000] {logging_mixin.py:190} INFO - [2025-06-22T10:14:28.999+0000] {dag.py:4180} INFO - Setting next_dagrun for example_sensor_decorator to None, run_after=None
[2025-06-22T10:14:29.012+0000] {processor.py:208} INFO - Processing /home/airflow/.local/lib/python3.12/site-packages/airflow/example_dags/example_sensor_decorator.py took 0.085 seconds
[2025-06-22T10:38:31.786+0000] {processor.py:186} INFO - Started process (PID=81) to work on /home/airflow/.local/lib/python3.12/site-packages/airflow/example_dags/example_sensor_decorator.py
[2025-06-22T10:38:31.788+0000] {processor.py:914} INFO - Processing file /home/airflow/.local/lib/python3.12/site-packages/airflow/example_dags/example_sensor_decorator.py for tasks to queue
[2025-06-22T10:38:31.789+0000] {logging_mixin.py:190} INFO - [2025-06-22T10:38:31.789+0000] {dagbag.py:588} INFO - Filling up the DagBag from /home/airflow/.local/lib/python3.12/site-packages/airflow/example_dags/example_sensor_decorator.py
[2025-06-22T10:38:31.795+0000] {processor.py:925} INFO - DAG(s) 'example_sensor_decorator' retrieved from /home/airflow/.local/lib/python3.12/site-packages/airflow/example_dags/example_sensor_decorator.py
[2025-06-22T10:38:31.811+0000] {logging_mixin.py:190} INFO - [2025-06-22T10:38:31.810+0000] {dag.py:3239} INFO - Sync 1 DAGs
[2025-06-22T10:38:31.818+0000] {logging_mixin.py:190} INFO - [2025-06-22T10:38:31.818+0000] {dag.py:4180} INFO - Setting next_dagrun for example_sensor_decorator to None, run_after=None
[2025-06-22T10:38:31.835+0000] {processor.py:208} INFO - Processing /home/airflow/.local/lib/python3.12/site-packages/airflow/example_dags/example_sensor_decorator.py took 0.057 seconds
[2025-06-22T10:39:01.934+0000] {processor.py:186} INFO - Started process (PID=143) to work on /home/airflow/.local/lib/python3.12/site-packages/airflow/example_dags/example_sensor_decorator.py
[2025-06-22T10:39:01.936+0000] {processor.py:914} INFO - Processing file /home/airflow/.local/lib/python3.12/site-packages/airflow/example_dags/example_sensor_decorator.py for tasks to queue
[2025-06-22T10:39:01.938+0000] {logging_mixin.py:190} INFO - [2025-06-22T10:39:01.937+0000] {dagbag.py:588} INFO - Filling up the DagBag from /home/airflow/.local/lib/python3.12/site-packages/airflow/example_dags/example_sensor_decorator.py
[2025-06-22T10:39:01.942+0000] {processor.py:925} INFO - DAG(s) 'example_sensor_decorator' retrieved from /home/airflow/.local/lib/python3.12/site-packages/airflow/example_dags/example_sensor_decorator.py
[2025-06-22T10:39:01.953+0000] {logging_mixin.py:190} INFO - [2025-06-22T10:39:01.953+0000] {dag.py:3239} INFO - Sync 1 DAGs
[2025-06-22T10:39:01.961+0000] {logging_mixin.py:190} INFO - [2025-06-22T10:39:01.961+0000] {dag.py:4180} INFO - Setting next_dagrun for example_sensor_decorator to None, run_after=None
[2025-06-22T10:39:01.978+0000] {processor.py:208} INFO - Processing /home/airflow/.local/lib/python3.12/site-packages/airflow/example_dags/example_sensor_decorator.py took 0.048 seconds
[2025-06-22T10:39:32.735+0000] {processor.py:186} INFO - Started process (PID=211) to work on /home/airflow/.local/lib/python3.12/site-packages/airflow/example_dags/example_sensor_decorator.py
[2025-06-22T10:39:32.736+0000] {processor.py:914} INFO - Processing file /home/airflow/.local/lib/python3.12/site-packages/airflow/example_dags/example_sensor_decorator.py for tasks to queue
[2025-06-22T10:39:32.738+0000] {logging_mixin.py:190} INFO - [2025-06-22T10:39:32.738+0000] {dagbag.py:588} INFO - Filling up the DagBag from /home/airflow/.local/lib/python3.12/site-packages/airflow/example_dags/example_sensor_decorator.py
[2025-06-22T10:39:32.744+0000] {processor.py:925} INFO - DAG(s) 'example_sensor_decorator' retrieved from /home/airflow/.local/lib/python3.12/site-packages/airflow/example_dags/example_sensor_decorator.py
[2025-06-22T10:39:32.764+0000] {logging_mixin.py:190} INFO - [2025-06-22T10:39:32.764+0000] {dag.py:3239} INFO - Sync 1 DAGs
[2025-06-22T10:39:32.773+0000] {logging_mixin.py:190} INFO - [2025-06-22T10:39:32.773+0000] {dag.py:4180} INFO - Setting next_dagrun for example_sensor_decorator to None, run_after=None
[2025-06-22T10:39:32.784+0000] {processor.py:208} INFO - Processing /home/airflow/.local/lib/python3.12/site-packages/airflow/example_dags/example_sensor_decorator.py took 0.053 seconds
[2025-06-22T10:40:03.598+0000] {processor.py:186} INFO - Started process (PID=273) to work on /home/airflow/.local/lib/python3.12/site-packages/airflow/example_dags/example_sensor_decorator.py
[2025-06-22T10:40:03.598+0000] {processor.py:914} INFO - Processing file /home/airflow/.local/lib/python3.12/site-packages/airflow/example_dags/example_sensor_decorator.py for tasks to queue
[2025-06-22T10:40:03.599+0000] {logging_mixin.py:190} INFO - [2025-06-22T10:40:03.599+0000] {dagbag.py:588} INFO - Filling up the DagBag from /home/airflow/.local/lib/python3.12/site-packages/airflow/example_dags/example_sensor_decorator.py
[2025-06-22T10:40:03.604+0000] {processor.py:925} INFO - DAG(s) 'example_sensor_decorator' retrieved from /home/airflow/.local/lib/python3.12/site-packages/airflow/example_dags/example_sensor_decorator.py
[2025-06-22T10:40:03.618+0000] {logging_mixin.py:190} INFO - [2025-06-22T10:40:03.618+0000] {dag.py:3239} INFO - Sync 1 DAGs
[2025-06-22T10:40:03.627+0000] {logging_mixin.py:190} INFO - [2025-06-22T10:40:03.627+0000] {dag.py:4180} INFO - Setting next_dagrun for example_sensor_decorator to None, run_after=None
[2025-06-22T10:40:03.639+0000] {processor.py:208} INFO - Processing /home/airflow/.local/lib/python3.12/site-packages/airflow/example_dags/example_sensor_decorator.py took 0.044 seconds
[2025-06-22T10:40:33.881+0000] {processor.py:186} INFO - Started process (PID=335) to work on /home/airflow/.local/lib/python3.12/site-packages/airflow/example_dags/example_sensor_decorator.py
[2025-06-22T10:40:33.883+0000] {processor.py:914} INFO - Processing file /home/airflow/.local/lib/python3.12/site-packages/airflow/example_dags/example_sensor_decorator.py for tasks to queue
[2025-06-22T10:40:33.887+0000] {logging_mixin.py:190} INFO - [2025-06-22T10:40:33.886+0000] {dagbag.py:588} INFO - Filling up the DagBag from /home/airflow/.local/lib/python3.12/site-packages/airflow/example_dags/example_sensor_decorator.py
[2025-06-22T10:40:33.892+0000] {processor.py:925} INFO - DAG(s) 'example_sensor_decorator' retrieved from /home/airflow/.local/lib/python3.12/site-packages/airflow/example_dags/example_sensor_decorator.py
[2025-06-22T10:40:33.905+0000] {logging_mixin.py:190} INFO - [2025-06-22T10:40:33.905+0000] {dag.py:3239} INFO - Sync 1 DAGs
[2025-06-22T10:40:33.911+0000] {logging_mixin.py:190} INFO - [2025-06-22T10:40:33.911+0000] {dag.py:4180} INFO - Setting next_dagrun for example_sensor_decorator to None, run_after=None
[2025-06-22T10:40:33.924+0000] {processor.py:208} INFO - Processing /home/airflow/.local/lib/python3.12/site-packages/airflow/example_dags/example_sensor_decorator.py took 0.047 seconds
[2025-06-22T10:41:04.396+0000] {processor.py:186} INFO - Started process (PID=397) to work on /home/airflow/.local/lib/python3.12/site-packages/airflow/example_dags/example_sensor_decorator.py
[2025-06-22T10:41:04.398+0000] {processor.py:914} INFO - Processing file /home/airflow/.local/lib/python3.12/site-packages/airflow/example_dags/example_sensor_decorator.py for tasks to queue
[2025-06-22T10:41:04.400+0000] {logging_mixin.py:190} INFO - [2025-06-22T10:41:04.400+0000] {dagbag.py:588} INFO - Filling up the DagBag from /home/airflow/.local/lib/python3.12/site-packages/airflow/example_dags/example_sensor_decorator.py
[2025-06-22T10:41:04.406+0000] {processor.py:925} INFO - DAG(s) 'example_sensor_decorator' retrieved from /home/airflow/.local/lib/python3.12/site-packages/airflow/example_dags/example_sensor_decorator.py
[2025-06-22T10:41:04.421+0000] {logging_mixin.py:190} INFO - [2025-06-22T10:41:04.421+0000] {dag.py:3239} INFO - Sync 1 DAGs
[2025-06-22T10:41:04.430+0000] {logging_mixin.py:190} INFO - [2025-06-22T10:41:04.430+0000] {dag.py:4180} INFO - Setting next_dagrun for example_sensor_decorator to None, run_after=None
[2025-06-22T10:41:04.439+0000] {processor.py:208} INFO - Processing /home/airflow/.local/lib/python3.12/site-packages/airflow/example_dags/example_sensor_decorator.py took 0.047 seconds
[2025-06-22T10:41:35.777+0000] {processor.py:186} INFO - Started process (PID=459) to work on /home/airflow/.local/lib/python3.12/site-packages/airflow/example_dags/example_sensor_decorator.py
[2025-06-22T10:41:35.778+0000] {processor.py:914} INFO - Processing file /home/airflow/.local/lib/python3.12/site-packages/airflow/example_dags/example_sensor_decorator.py for tasks to queue
[2025-06-22T10:41:35.779+0000] {logging_mixin.py:190} INFO - [2025-06-22T10:41:35.779+0000] {dagbag.py:588} INFO - Filling up the DagBag from /home/airflow/.local/lib/python3.12/site-packages/airflow/example_dags/example_sensor_decorator.py
[2025-06-22T10:41:35.785+0000] {processor.py:925} INFO - DAG(s) 'example_sensor_decorator' retrieved from /home/airflow/.local/lib/python3.12/site-packages/airflow/example_dags/example_sensor_decorator.py
[2025-06-22T10:41:35.801+0000] {logging_mixin.py:190} INFO - [2025-06-22T10:41:35.801+0000] {dag.py:3239} INFO - Sync 1 DAGs
[2025-06-22T10:41:35.813+0000] {logging_mixin.py:190} INFO - [2025-06-22T10:41:35.813+0000] {dag.py:4180} INFO - Setting next_dagrun for example_sensor_decorator to None, run_after=None
[2025-06-22T10:41:35.828+0000] {processor.py:208} INFO - Processing /home/airflow/.local/lib/python3.12/site-packages/airflow/example_dags/example_sensor_decorator.py took 0.058 seconds
[2025-06-22T10:42:06.428+0000] {processor.py:186} INFO - Started process (PID=521) to work on /home/airflow/.local/lib/python3.12/site-packages/airflow/example_dags/example_sensor_decorator.py
[2025-06-22T10:42:06.429+0000] {processor.py:914} INFO - Processing file /home/airflow/.local/lib/python3.12/site-packages/airflow/example_dags/example_sensor_decorator.py for tasks to queue
[2025-06-22T10:42:06.434+0000] {logging_mixin.py:190} INFO - [2025-06-22T10:42:06.434+0000] {dagbag.py:588} INFO - Filling up the DagBag from /home/airflow/.local/lib/python3.12/site-packages/airflow/example_dags/example_sensor_decorator.py
[2025-06-22T10:42:06.438+0000] {processor.py:925} INFO - DAG(s) 'example_sensor_decorator' retrieved from /home/airflow/.local/lib/python3.12/site-packages/airflow/example_dags/example_sensor_decorator.py
[2025-06-22T10:42:06.450+0000] {logging_mixin.py:190} INFO - [2025-06-22T10:42:06.450+0000] {dag.py:3239} INFO - Sync 1 DAGs
[2025-06-22T10:42:06.457+0000] {logging_mixin.py:190} INFO - [2025-06-22T10:42:06.457+0000] {dag.py:4180} INFO - Setting next_dagrun for example_sensor_decorator to None, run_after=None
[2025-06-22T10:42:06.467+0000] {processor.py:208} INFO - Processing /home/airflow/.local/lib/python3.12/site-packages/airflow/example_dags/example_sensor_decorator.py took 0.047 seconds
[2025-06-22T10:42:37.185+0000] {processor.py:186} INFO - Started process (PID=583) to work on /home/airflow/.local/lib/python3.12/site-packages/airflow/example_dags/example_sensor_decorator.py
[2025-06-22T10:42:37.187+0000] {processor.py:914} INFO - Processing file /home/airflow/.local/lib/python3.12/site-packages/airflow/example_dags/example_sensor_decorator.py for tasks to queue
[2025-06-22T10:42:37.190+0000] {logging_mixin.py:190} INFO - [2025-06-22T10:42:37.190+0000] {dagbag.py:588} INFO - Filling up the DagBag from /home/airflow/.local/lib/python3.12/site-packages/airflow/example_dags/example_sensor_decorator.py
[2025-06-22T10:42:37.195+0000] {processor.py:925} INFO - DAG(s) 'example_sensor_decorator' retrieved from /home/airflow/.local/lib/python3.12/site-packages/airflow/example_dags/example_sensor_decorator.py
[2025-06-22T10:42:37.211+0000] {logging_mixin.py:190} INFO - [2025-06-22T10:42:37.211+0000] {dag.py:3239} INFO - Sync 1 DAGs
[2025-06-22T10:42:37.220+0000] {logging_mixin.py:190} INFO - [2025-06-22T10:42:37.220+0000] {dag.py:4180} INFO - Setting next_dagrun for example_sensor_decorator to None, run_after=None
[2025-06-22T10:42:37.236+0000] {processor.py:208} INFO - Processing /home/airflow/.local/lib/python3.12/site-packages/airflow/example_dags/example_sensor_decorator.py took 0.061 seconds
[2025-06-22T10:43:07.748+0000] {processor.py:186} INFO - Started process (PID=645) to work on /home/airflow/.local/lib/python3.12/site-packages/airflow/example_dags/example_sensor_decorator.py
[2025-06-22T10:43:07.749+0000] {processor.py:914} INFO - Processing file /home/airflow/.local/lib/python3.12/site-packages/airflow/example_dags/example_sensor_decorator.py for tasks to queue
[2025-06-22T10:43:07.751+0000] {logging_mixin.py:190} INFO - [2025-06-22T10:43:07.750+0000] {dagbag.py:588} INFO - Filling up the DagBag from /home/airflow/.local/lib/python3.12/site-packages/airflow/example_dags/example_sensor_decorator.py
[2025-06-22T10:43:07.755+0000] {processor.py:925} INFO - DAG(s) 'example_sensor_decorator' retrieved from /home/airflow/.local/lib/python3.12/site-packages/airflow/example_dags/example_sensor_decorator.py
[2025-06-22T10:43:07.768+0000] {logging_mixin.py:190} INFO - [2025-06-22T10:43:07.767+0000] {dag.py:3239} INFO - Sync 1 DAGs
[2025-06-22T10:43:07.777+0000] {logging_mixin.py:190} INFO - [2025-06-22T10:43:07.777+0000] {dag.py:4180} INFO - Setting next_dagrun for example_sensor_decorator to None, run_after=None
[2025-06-22T10:43:07.785+0000] {processor.py:208} INFO - Processing /home/airflow/.local/lib/python3.12/site-packages/airflow/example_dags/example_sensor_decorator.py took 0.041 seconds
[2025-06-22T10:43:37.917+0000] {processor.py:186} INFO - Started process (PID=707) to work on /home/airflow/.local/lib/python3.12/site-packages/airflow/example_dags/example_sensor_decorator.py
[2025-06-22T10:43:37.919+0000] {processor.py:914} INFO - Processing file /home/airflow/.local/lib/python3.12/site-packages/airflow/example_dags/example_sensor_decorator.py for tasks to queue
[2025-06-22T10:43:37.920+0000] {logging_mixin.py:190} INFO - [2025-06-22T10:43:37.920+0000] {dagbag.py:588} INFO - Filling up the DagBag from /home/airflow/.local/lib/python3.12/site-packages/airflow/example_dags/example_sensor_decorator.py
[2025-06-22T10:43:37.924+0000] {processor.py:925} INFO - DAG(s) 'example_sensor_decorator' retrieved from /home/airflow/.local/lib/python3.12/site-packages/airflow/example_dags/example_sensor_decorator.py
[2025-06-22T10:43:37.934+0000] {logging_mixin.py:190} INFO - [2025-06-22T10:43:37.934+0000] {dag.py:3239} INFO - Sync 1 DAGs
[2025-06-22T10:43:37.942+0000] {logging_mixin.py:190} INFO - [2025-06-22T10:43:37.942+0000] {dag.py:4180} INFO - Setting next_dagrun for example_sensor_decorator to None, run_after=None
[2025-06-22T10:43:37.956+0000] {processor.py:208} INFO - Processing /home/airflow/.local/lib/python3.12/site-packages/airflow/example_dags/example_sensor_decorator.py took 0.045 seconds
[2025-06-22T10:44:08.201+0000] {processor.py:186} INFO - Started process (PID=769) to work on /home/airflow/.local/lib/python3.12/site-packages/airflow/example_dags/example_sensor_decorator.py
[2025-06-22T10:44:08.202+0000] {processor.py:914} INFO - Processing file /home/airflow/.local/lib/python3.12/site-packages/airflow/example_dags/example_sensor_decorator.py for tasks to queue
[2025-06-22T10:44:08.203+0000] {logging_mixin.py:190} INFO - [2025-06-22T10:44:08.203+0000] {dagbag.py:588} INFO - Filling up the DagBag from /home/airflow/.local/lib/python3.12/site-packages/airflow/example_dags/example_sensor_decorator.py
[2025-06-22T10:44:08.208+0000] {processor.py:925} INFO - DAG(s) 'example_sensor_decorator' retrieved from /home/airflow/.local/lib/python3.12/site-packages/airflow/example_dags/example_sensor_decorator.py
[2025-06-22T10:44:08.219+0000] {logging_mixin.py:190} INFO - [2025-06-22T10:44:08.219+0000] {dag.py:3239} INFO - Sync 1 DAGs
[2025-06-22T10:44:08.226+0000] {logging_mixin.py:190} INFO - [2025-06-22T10:44:08.225+0000] {dag.py:4180} INFO - Setting next_dagrun for example_sensor_decorator to None, run_after=None
[2025-06-22T10:44:08.240+0000] {processor.py:208} INFO - Processing /home/airflow/.local/lib/python3.12/site-packages/airflow/example_dags/example_sensor_decorator.py took 0.042 seconds
[2025-06-22T10:44:38.701+0000] {processor.py:186} INFO - Started process (PID=831) to work on /home/airflow/.local/lib/python3.12/site-packages/airflow/example_dags/example_sensor_decorator.py
[2025-06-22T10:44:38.702+0000] {processor.py:914} INFO - Processing file /home/airflow/.local/lib/python3.12/site-packages/airflow/example_dags/example_sensor_decorator.py for tasks to queue
[2025-06-22T10:44:38.705+0000] {logging_mixin.py:190} INFO - [2025-06-22T10:44:38.705+0000] {dagbag.py:588} INFO - Filling up the DagBag from /home/airflow/.local/lib/python3.12/site-packages/airflow/example_dags/example_sensor_decorator.py
[2025-06-22T10:44:38.709+0000] {processor.py:925} INFO - DAG(s) 'example_sensor_decorator' retrieved from /home/airflow/.local/lib/python3.12/site-packages/airflow/example_dags/example_sensor_decorator.py
[2025-06-22T10:44:38.720+0000] {logging_mixin.py:190} INFO - [2025-06-22T10:44:38.720+0000] {dag.py:3239} INFO - Sync 1 DAGs
[2025-06-22T10:44:38.728+0000] {logging_mixin.py:190} INFO - [2025-06-22T10:44:38.728+0000] {dag.py:4180} INFO - Setting next_dagrun for example_sensor_decorator to None, run_after=None
[2025-06-22T10:44:38.738+0000] {processor.py:208} INFO - Processing /home/airflow/.local/lib/python3.12/site-packages/airflow/example_dags/example_sensor_decorator.py took 0.040 seconds
[2025-06-22T10:45:09.079+0000] {processor.py:186} INFO - Started process (PID=893) to work on /home/airflow/.local/lib/python3.12/site-packages/airflow/example_dags/example_sensor_decorator.py
[2025-06-22T10:45:09.080+0000] {processor.py:914} INFO - Processing file /home/airflow/.local/lib/python3.12/site-packages/airflow/example_dags/example_sensor_decorator.py for tasks to queue
[2025-06-22T10:45:09.081+0000] {logging_mixin.py:190} INFO - [2025-06-22T10:45:09.081+0000] {dagbag.py:588} INFO - Filling up the DagBag from /home/airflow/.local/lib/python3.12/site-packages/airflow/example_dags/example_sensor_decorator.py
[2025-06-22T10:45:09.086+0000] {processor.py:925} INFO - DAG(s) 'example_sensor_decorator' retrieved from /home/airflow/.local/lib/python3.12/site-packages/airflow/example_dags/example_sensor_decorator.py
[2025-06-22T10:45:09.096+0000] {logging_mixin.py:190} INFO - [2025-06-22T10:45:09.095+0000] {dag.py:3239} INFO - Sync 1 DAGs
[2025-06-22T10:45:09.107+0000] {logging_mixin.py:190} INFO - [2025-06-22T10:45:09.107+0000] {dag.py:4180} INFO - Setting next_dagrun for example_sensor_decorator to None, run_after=None
[2025-06-22T10:45:09.118+0000] {processor.py:208} INFO - Processing /home/airflow/.local/lib/python3.12/site-packages/airflow/example_dags/example_sensor_decorator.py took 0.043 seconds
[2025-06-22T10:45:39.461+0000] {processor.py:186} INFO - Started process (PID=955) to work on /home/airflow/.local/lib/python3.12/site-packages/airflow/example_dags/example_sensor_decorator.py
[2025-06-22T10:45:39.462+0000] {processor.py:914} INFO - Processing file /home/airflow/.local/lib/python3.12/site-packages/airflow/example_dags/example_sensor_decorator.py for tasks to queue
[2025-06-22T10:45:39.465+0000] {logging_mixin.py:190} INFO - [2025-06-22T10:45:39.463+0000] {dagbag.py:588} INFO - Filling up the DagBag from /home/airflow/.local/lib/python3.12/site-packages/airflow/example_dags/example_sensor_decorator.py
[2025-06-22T10:45:39.470+0000] {processor.py:925} INFO - DAG(s) 'example_sensor_decorator' retrieved from /home/airflow/.local/lib/python3.12/site-packages/airflow/example_dags/example_sensor_decorator.py
[2025-06-22T10:45:39.483+0000] {logging_mixin.py:190} INFO - [2025-06-22T10:45:39.483+0000] {dag.py:3239} INFO - Sync 1 DAGs
[2025-06-22T10:45:39.491+0000] {logging_mixin.py:190} INFO - [2025-06-22T10:45:39.491+0000] {dag.py:4180} INFO - Setting next_dagrun for example_sensor_decorator to None, run_after=None
[2025-06-22T10:45:39.500+0000] {processor.py:208} INFO - Processing /home/airflow/.local/lib/python3.12/site-packages/airflow/example_dags/example_sensor_decorator.py took 0.042 seconds
[2025-06-22T10:46:10.131+0000] {processor.py:186} INFO - Started process (PID=1017) to work on /home/airflow/.local/lib/python3.12/site-packages/airflow/example_dags/example_sensor_decorator.py
[2025-06-22T10:46:10.134+0000] {processor.py:914} INFO - Processing file /home/airflow/.local/lib/python3.12/site-packages/airflow/example_dags/example_sensor_decorator.py for tasks to queue
[2025-06-22T10:46:10.136+0000] {logging_mixin.py:190} INFO - [2025-06-22T10:46:10.136+0000] {dagbag.py:588} INFO - Filling up the DagBag from /home/airflow/.local/lib/python3.12/site-packages/airflow/example_dags/example_sensor_decorator.py
[2025-06-22T10:46:10.145+0000] {processor.py:925} INFO - DAG(s) 'example_sensor_decorator' retrieved from /home/airflow/.local/lib/python3.12/site-packages/airflow/example_dags/example_sensor_decorator.py
[2025-06-22T10:46:10.164+0000] {logging_mixin.py:190} INFO - [2025-06-22T10:46:10.164+0000] {dag.py:3239} INFO - Sync 1 DAGs
[2025-06-22T10:46:10.176+0000] {logging_mixin.py:190} INFO - [2025-06-22T10:46:10.175+0000] {dag.py:4180} INFO - Setting next_dagrun for example_sensor_decorator to None, run_after=None
[2025-06-22T10:46:10.198+0000] {processor.py:208} INFO - Processing /home/airflow/.local/lib/python3.12/site-packages/airflow/example_dags/example_sensor_decorator.py took 0.074 seconds
[2025-06-22T10:46:41.356+0000] {processor.py:186} INFO - Started process (PID=1079) to work on /home/airflow/.local/lib/python3.12/site-packages/airflow/example_dags/example_sensor_decorator.py
[2025-06-22T10:46:41.358+0000] {processor.py:914} INFO - Processing file /home/airflow/.local/lib/python3.12/site-packages/airflow/example_dags/example_sensor_decorator.py for tasks to queue
[2025-06-22T10:46:41.361+0000] {logging_mixin.py:190} INFO - [2025-06-22T10:46:41.361+0000] {dagbag.py:588} INFO - Filling up the DagBag from /home/airflow/.local/lib/python3.12/site-packages/airflow/example_dags/example_sensor_decorator.py
[2025-06-22T10:46:41.365+0000] {processor.py:925} INFO - DAG(s) 'example_sensor_decorator' retrieved from /home/airflow/.local/lib/python3.12/site-packages/airflow/example_dags/example_sensor_decorator.py
[2025-06-22T10:46:41.376+0000] {logging_mixin.py:190} INFO - [2025-06-22T10:46:41.376+0000] {dag.py:3239} INFO - Sync 1 DAGs
[2025-06-22T10:46:41.384+0000] {logging_mixin.py:190} INFO - [2025-06-22T10:46:41.384+0000] {dag.py:4180} INFO - Setting next_dagrun for example_sensor_decorator to None, run_after=None
[2025-06-22T10:46:41.394+0000] {processor.py:208} INFO - Processing /home/airflow/.local/lib/python3.12/site-packages/airflow/example_dags/example_sensor_decorator.py took 0.042 seconds
[2025-06-22T10:47:12.177+0000] {processor.py:186} INFO - Started process (PID=1141) to work on /home/airflow/.local/lib/python3.12/site-packages/airflow/example_dags/example_sensor_decorator.py
[2025-06-22T10:47:12.179+0000] {processor.py:914} INFO - Processing file /home/airflow/.local/lib/python3.12/site-packages/airflow/example_dags/example_sensor_decorator.py for tasks to queue
[2025-06-22T10:47:12.182+0000] {logging_mixin.py:190} INFO - [2025-06-22T10:47:12.182+0000] {dagbag.py:588} INFO - Filling up the DagBag from /home/airflow/.local/lib/python3.12/site-packages/airflow/example_dags/example_sensor_decorator.py
[2025-06-22T10:47:12.187+0000] {processor.py:925} INFO - DAG(s) 'example_sensor_decorator' retrieved from /home/airflow/.local/lib/python3.12/site-packages/airflow/example_dags/example_sensor_decorator.py
[2025-06-22T10:47:12.205+0000] {logging_mixin.py:190} INFO - [2025-06-22T10:47:12.204+0000] {dag.py:3239} INFO - Sync 1 DAGs
[2025-06-22T10:47:12.215+0000] {logging_mixin.py:190} INFO - [2025-06-22T10:47:12.214+0000] {dag.py:4180} INFO - Setting next_dagrun for example_sensor_decorator to None, run_after=None
[2025-06-22T10:47:12.225+0000] {processor.py:208} INFO - Processing /home/airflow/.local/lib/python3.12/site-packages/airflow/example_dags/example_sensor_decorator.py took 0.052 seconds
[2025-06-22T10:47:43.590+0000] {processor.py:186} INFO - Started process (PID=1203) to work on /home/airflow/.local/lib/python3.12/site-packages/airflow/example_dags/example_sensor_decorator.py
[2025-06-22T10:47:43.591+0000] {processor.py:914} INFO - Processing file /home/airflow/.local/lib/python3.12/site-packages/airflow/example_dags/example_sensor_decorator.py for tasks to queue
[2025-06-22T10:47:43.594+0000] {logging_mixin.py:190} INFO - [2025-06-22T10:47:43.594+0000] {dagbag.py:588} INFO - Filling up the DagBag from /home/airflow/.local/lib/python3.12/site-packages/airflow/example_dags/example_sensor_decorator.py
[2025-06-22T10:47:43.599+0000] {processor.py:925} INFO - DAG(s) 'example_sensor_decorator' retrieved from /home/airflow/.local/lib/python3.12/site-packages/airflow/example_dags/example_sensor_decorator.py
[2025-06-22T10:47:43.609+0000] {logging_mixin.py:190} INFO - [2025-06-22T10:47:43.609+0000] {dag.py:3239} INFO - Sync 1 DAGs
[2025-06-22T10:47:43.618+0000] {logging_mixin.py:190} INFO - [2025-06-22T10:47:43.617+0000] {dag.py:4180} INFO - Setting next_dagrun for example_sensor_decorator to None, run_after=None
[2025-06-22T10:47:43.629+0000] {processor.py:208} INFO - Processing /home/airflow/.local/lib/python3.12/site-packages/airflow/example_dags/example_sensor_decorator.py took 0.043 seconds
[2025-06-22T10:48:14.218+0000] {processor.py:186} INFO - Started process (PID=1265) to work on /home/airflow/.local/lib/python3.12/site-packages/airflow/example_dags/example_sensor_decorator.py
[2025-06-22T10:48:14.220+0000] {processor.py:914} INFO - Processing file /home/airflow/.local/lib/python3.12/site-packages/airflow/example_dags/example_sensor_decorator.py for tasks to queue
[2025-06-22T10:48:14.221+0000] {logging_mixin.py:190} INFO - [2025-06-22T10:48:14.221+0000] {dagbag.py:588} INFO - Filling up the DagBag from /home/airflow/.local/lib/python3.12/site-packages/airflow/example_dags/example_sensor_decorator.py
[2025-06-22T10:48:14.225+0000] {processor.py:925} INFO - DAG(s) 'example_sensor_decorator' retrieved from /home/airflow/.local/lib/python3.12/site-packages/airflow/example_dags/example_sensor_decorator.py
[2025-06-22T10:48:14.238+0000] {logging_mixin.py:190} INFO - [2025-06-22T10:48:14.238+0000] {dag.py:3239} INFO - Sync 1 DAGs
[2025-06-22T10:48:14.246+0000] {logging_mixin.py:190} INFO - [2025-06-22T10:48:14.246+0000] {dag.py:4180} INFO - Setting next_dagrun for example_sensor_decorator to None, run_after=None
[2025-06-22T10:48:14.256+0000] {processor.py:208} INFO - Processing /home/airflow/.local/lib/python3.12/site-packages/airflow/example_dags/example_sensor_decorator.py took 0.041 seconds
[2025-06-22T10:48:45.426+0000] {processor.py:186} INFO - Started process (PID=1327) to work on /home/airflow/.local/lib/python3.12/site-packages/airflow/example_dags/example_sensor_decorator.py
[2025-06-22T10:48:45.428+0000] {processor.py:914} INFO - Processing file /home/airflow/.local/lib/python3.12/site-packages/airflow/example_dags/example_sensor_decorator.py for tasks to queue
[2025-06-22T10:48:45.432+0000] {logging_mixin.py:190} INFO - [2025-06-22T10:48:45.432+0000] {dagbag.py:588} INFO - Filling up the DagBag from /home/airflow/.local/lib/python3.12/site-packages/airflow/example_dags/example_sensor_decorator.py
[2025-06-22T10:48:45.439+0000] {processor.py:925} INFO - DAG(s) 'example_sensor_decorator' retrieved from /home/airflow/.local/lib/python3.12/site-packages/airflow/example_dags/example_sensor_decorator.py
[2025-06-22T10:48:45.457+0000] {logging_mixin.py:190} INFO - [2025-06-22T10:48:45.457+0000] {dag.py:3239} INFO - Sync 1 DAGs
[2025-06-22T10:48:45.466+0000] {logging_mixin.py:190} INFO - [2025-06-22T10:48:45.466+0000] {dag.py:4180} INFO - Setting next_dagrun for example_sensor_decorator to None, run_after=None
[2025-06-22T10:48:45.482+0000] {processor.py:208} INFO - Processing /home/airflow/.local/lib/python3.12/site-packages/airflow/example_dags/example_sensor_decorator.py took 0.061 seconds
[2025-06-22T10:49:16.367+0000] {processor.py:186} INFO - Started process (PID=1389) to work on /home/airflow/.local/lib/python3.12/site-packages/airflow/example_dags/example_sensor_decorator.py
[2025-06-22T10:49:16.369+0000] {processor.py:914} INFO - Processing file /home/airflow/.local/lib/python3.12/site-packages/airflow/example_dags/example_sensor_decorator.py for tasks to queue
[2025-06-22T10:49:16.372+0000] {logging_mixin.py:190} INFO - [2025-06-22T10:49:16.372+0000] {dagbag.py:588} INFO - Filling up the DagBag from /home/airflow/.local/lib/python3.12/site-packages/airflow/example_dags/example_sensor_decorator.py
[2025-06-22T10:49:16.377+0000] {processor.py:925} INFO - DAG(s) 'example_sensor_decorator' retrieved from /home/airflow/.local/lib/python3.12/site-packages/airflow/example_dags/example_sensor_decorator.py
[2025-06-22T10:49:16.391+0000] {logging_mixin.py:190} INFO - [2025-06-22T10:49:16.391+0000] {dag.py:3239} INFO - Sync 1 DAGs
[2025-06-22T10:49:16.400+0000] {logging_mixin.py:190} INFO - [2025-06-22T10:49:16.399+0000] {dag.py:4180} INFO - Setting next_dagrun for example_sensor_decorator to None, run_after=None
[2025-06-22T10:49:16.414+0000] {processor.py:208} INFO - Processing /home/airflow/.local/lib/python3.12/site-packages/airflow/example_dags/example_sensor_decorator.py took 0.052 seconds
[2025-06-22T10:49:46.945+0000] {processor.py:186} INFO - Started process (PID=1451) to work on /home/airflow/.local/lib/python3.12/site-packages/airflow/example_dags/example_sensor_decorator.py
[2025-06-22T10:49:46.947+0000] {processor.py:914} INFO - Processing file /home/airflow/.local/lib/python3.12/site-packages/airflow/example_dags/example_sensor_decorator.py for tasks to queue
[2025-06-22T10:49:46.948+0000] {logging_mixin.py:190} INFO - [2025-06-22T10:49:46.948+0000] {dagbag.py:588} INFO - Filling up the DagBag from /home/airflow/.local/lib/python3.12/site-packages/airflow/example_dags/example_sensor_decorator.py
[2025-06-22T10:49:46.953+0000] {processor.py:925} INFO - DAG(s) 'example_sensor_decorator' retrieved from /home/airflow/.local/lib/python3.12/site-packages/airflow/example_dags/example_sensor_decorator.py
[2025-06-22T10:49:46.964+0000] {logging_mixin.py:190} INFO - [2025-06-22T10:49:46.964+0000] {dag.py:3239} INFO - Sync 1 DAGs
[2025-06-22T10:49:46.971+0000] {logging_mixin.py:190} INFO - [2025-06-22T10:49:46.970+0000] {dag.py:4180} INFO - Setting next_dagrun for example_sensor_decorator to None, run_after=None
[2025-06-22T10:49:46.979+0000] {processor.py:208} INFO - Processing /home/airflow/.local/lib/python3.12/site-packages/airflow/example_dags/example_sensor_decorator.py took 0.037 seconds
[2025-06-22T10:50:17.491+0000] {processor.py:186} INFO - Started process (PID=1513) to work on /home/airflow/.local/lib/python3.12/site-packages/airflow/example_dags/example_sensor_decorator.py
[2025-06-22T10:50:17.492+0000] {processor.py:914} INFO - Processing file /home/airflow/.local/lib/python3.12/site-packages/airflow/example_dags/example_sensor_decorator.py for tasks to queue
[2025-06-22T10:50:17.494+0000] {logging_mixin.py:190} INFO - [2025-06-22T10:50:17.494+0000] {dagbag.py:588} INFO - Filling up the DagBag from /home/airflow/.local/lib/python3.12/site-packages/airflow/example_dags/example_sensor_decorator.py
[2025-06-22T10:50:17.499+0000] {processor.py:925} INFO - DAG(s) 'example_sensor_decorator' retrieved from /home/airflow/.local/lib/python3.12/site-packages/airflow/example_dags/example_sensor_decorator.py
[2025-06-22T10:50:17.512+0000] {logging_mixin.py:190} INFO - [2025-06-22T10:50:17.512+0000] {dag.py:3239} INFO - Sync 1 DAGs
[2025-06-22T10:50:17.520+0000] {logging_mixin.py:190} INFO - [2025-06-22T10:50:17.520+0000] {dag.py:4180} INFO - Setting next_dagrun for example_sensor_decorator to None, run_after=None
[2025-06-22T10:50:17.530+0000] {processor.py:208} INFO - Processing /home/airflow/.local/lib/python3.12/site-packages/airflow/example_dags/example_sensor_decorator.py took 0.042 seconds
[2025-06-22T10:50:48.453+0000] {processor.py:186} INFO - Started process (PID=1575) to work on /home/airflow/.local/lib/python3.12/site-packages/airflow/example_dags/example_sensor_decorator.py
[2025-06-22T10:50:48.457+0000] {processor.py:914} INFO - Processing file /home/airflow/.local/lib/python3.12/site-packages/airflow/example_dags/example_sensor_decorator.py for tasks to queue
[2025-06-22T10:50:48.474+0000] {logging_mixin.py:190} INFO - [2025-06-22T10:50:48.473+0000] {dagbag.py:588} INFO - Filling up the DagBag from /home/airflow/.local/lib/python3.12/site-packages/airflow/example_dags/example_sensor_decorator.py
[2025-06-22T10:50:48.499+0000] {processor.py:925} INFO - DAG(s) 'example_sensor_decorator' retrieved from /home/airflow/.local/lib/python3.12/site-packages/airflow/example_dags/example_sensor_decorator.py
[2025-06-22T10:50:48.533+0000] {logging_mixin.py:190} INFO - [2025-06-22T10:50:48.533+0000] {dag.py:3239} INFO - Sync 1 DAGs
[2025-06-22T10:50:48.547+0000] {logging_mixin.py:190} INFO - [2025-06-22T10:50:48.547+0000] {dag.py:4180} INFO - Setting next_dagrun for example_sensor_decorator to None, run_after=None
[2025-06-22T10:50:48.561+0000] {processor.py:208} INFO - Processing /home/airflow/.local/lib/python3.12/site-packages/airflow/example_dags/example_sensor_decorator.py took 0.138 seconds
[2025-06-22T10:51:19.377+0000] {processor.py:186} INFO - Started process (PID=1637) to work on /home/airflow/.local/lib/python3.12/site-packages/airflow/example_dags/example_sensor_decorator.py
[2025-06-22T10:51:19.379+0000] {processor.py:914} INFO - Processing file /home/airflow/.local/lib/python3.12/site-packages/airflow/example_dags/example_sensor_decorator.py for tasks to queue
[2025-06-22T10:51:19.381+0000] {logging_mixin.py:190} INFO - [2025-06-22T10:51:19.381+0000] {dagbag.py:588} INFO - Filling up the DagBag from /home/airflow/.local/lib/python3.12/site-packages/airflow/example_dags/example_sensor_decorator.py
[2025-06-22T10:51:19.387+0000] {processor.py:925} INFO - DAG(s) 'example_sensor_decorator' retrieved from /home/airflow/.local/lib/python3.12/site-packages/airflow/example_dags/example_sensor_decorator.py
[2025-06-22T10:51:19.398+0000] {logging_mixin.py:190} INFO - [2025-06-22T10:51:19.398+0000] {dag.py:3239} INFO - Sync 1 DAGs
[2025-06-22T10:51:19.408+0000] {logging_mixin.py:190} INFO - [2025-06-22T10:51:19.408+0000] {dag.py:4180} INFO - Setting next_dagrun for example_sensor_decorator to None, run_after=None
[2025-06-22T10:51:19.418+0000] {processor.py:208} INFO - Processing /home/airflow/.local/lib/python3.12/site-packages/airflow/example_dags/example_sensor_decorator.py took 0.044 seconds
[2025-06-22T10:51:50.663+0000] {processor.py:186} INFO - Started process (PID=1699) to work on /home/airflow/.local/lib/python3.12/site-packages/airflow/example_dags/example_sensor_decorator.py
[2025-06-22T10:51:50.666+0000] {processor.py:914} INFO - Processing file /home/airflow/.local/lib/python3.12/site-packages/airflow/example_dags/example_sensor_decorator.py for tasks to queue
[2025-06-22T10:51:50.670+0000] {logging_mixin.py:190} INFO - [2025-06-22T10:51:50.669+0000] {dagbag.py:588} INFO - Filling up the DagBag from /home/airflow/.local/lib/python3.12/site-packages/airflow/example_dags/example_sensor_decorator.py
[2025-06-22T10:51:50.685+0000] {processor.py:925} INFO - DAG(s) 'example_sensor_decorator' retrieved from /home/airflow/.local/lib/python3.12/site-packages/airflow/example_dags/example_sensor_decorator.py
[2025-06-22T10:51:50.709+0000] {logging_mixin.py:190} INFO - [2025-06-22T10:51:50.708+0000] {dag.py:3239} INFO - Sync 1 DAGs
[2025-06-22T10:51:50.727+0000] {logging_mixin.py:190} INFO - [2025-06-22T10:51:50.727+0000] {dag.py:4180} INFO - Setting next_dagrun for example_sensor_decorator to None, run_after=None
[2025-06-22T10:51:50.743+0000] {processor.py:208} INFO - Processing /home/airflow/.local/lib/python3.12/site-packages/airflow/example_dags/example_sensor_decorator.py took 0.102 seconds
[2025-06-22T10:52:20.781+0000] {processor.py:186} INFO - Started process (PID=1761) to work on /home/airflow/.local/lib/python3.12/site-packages/airflow/example_dags/example_sensor_decorator.py
[2025-06-22T10:52:20.781+0000] {processor.py:914} INFO - Processing file /home/airflow/.local/lib/python3.12/site-packages/airflow/example_dags/example_sensor_decorator.py for tasks to queue
[2025-06-22T10:52:20.783+0000] {logging_mixin.py:190} INFO - [2025-06-22T10:52:20.782+0000] {dagbag.py:588} INFO - Filling up the DagBag from /home/airflow/.local/lib/python3.12/site-packages/airflow/example_dags/example_sensor_decorator.py
[2025-06-22T10:52:20.788+0000] {processor.py:925} INFO - DAG(s) 'example_sensor_decorator' retrieved from /home/airflow/.local/lib/python3.12/site-packages/airflow/example_dags/example_sensor_decorator.py
[2025-06-22T10:52:20.797+0000] {logging_mixin.py:190} INFO - [2025-06-22T10:52:20.797+0000] {dag.py:3239} INFO - Sync 1 DAGs
[2025-06-22T10:52:20.807+0000] {logging_mixin.py:190} INFO - [2025-06-22T10:52:20.807+0000] {dag.py:4180} INFO - Setting next_dagrun for example_sensor_decorator to None, run_after=None
[2025-06-22T10:52:20.820+0000] {processor.py:208} INFO - Processing /home/airflow/.local/lib/python3.12/site-packages/airflow/example_dags/example_sensor_decorator.py took 0.042 seconds
[2025-06-22T10:52:51.952+0000] {processor.py:186} INFO - Started process (PID=1823) to work on /home/airflow/.local/lib/python3.12/site-packages/airflow/example_dags/example_sensor_decorator.py
[2025-06-22T10:52:51.953+0000] {processor.py:914} INFO - Processing file /home/airflow/.local/lib/python3.12/site-packages/airflow/example_dags/example_sensor_decorator.py for tasks to queue
[2025-06-22T10:52:51.954+0000] {logging_mixin.py:190} INFO - [2025-06-22T10:52:51.954+0000] {dagbag.py:588} INFO - Filling up the DagBag from /home/airflow/.local/lib/python3.12/site-packages/airflow/example_dags/example_sensor_decorator.py
[2025-06-22T10:52:51.958+0000] {processor.py:925} INFO - DAG(s) 'example_sensor_decorator' retrieved from /home/airflow/.local/lib/python3.12/site-packages/airflow/example_dags/example_sensor_decorator.py
[2025-06-22T10:52:51.968+0000] {logging_mixin.py:190} INFO - [2025-06-22T10:52:51.968+0000] {dag.py:3239} INFO - Sync 1 DAGs
[2025-06-22T10:52:51.975+0000] {logging_mixin.py:190} INFO - [2025-06-22T10:52:51.975+0000] {dag.py:4180} INFO - Setting next_dagrun for example_sensor_decorator to None, run_after=None
[2025-06-22T10:52:51.989+0000] {processor.py:208} INFO - Processing /home/airflow/.local/lib/python3.12/site-packages/airflow/example_dags/example_sensor_decorator.py took 0.040 seconds
[2025-06-22T10:53:22.794+0000] {processor.py:186} INFO - Started process (PID=1885) to work on /home/airflow/.local/lib/python3.12/site-packages/airflow/example_dags/example_sensor_decorator.py
[2025-06-22T10:53:22.798+0000] {processor.py:914} INFO - Processing file /home/airflow/.local/lib/python3.12/site-packages/airflow/example_dags/example_sensor_decorator.py for tasks to queue
[2025-06-22T10:53:22.800+0000] {logging_mixin.py:190} INFO - [2025-06-22T10:53:22.800+0000] {dagbag.py:588} INFO - Filling up the DagBag from /home/airflow/.local/lib/python3.12/site-packages/airflow/example_dags/example_sensor_decorator.py
[2025-06-22T10:53:22.805+0000] {processor.py:925} INFO - DAG(s) 'example_sensor_decorator' retrieved from /home/airflow/.local/lib/python3.12/site-packages/airflow/example_dags/example_sensor_decorator.py
[2025-06-22T10:53:22.819+0000] {logging_mixin.py:190} INFO - [2025-06-22T10:53:22.819+0000] {dag.py:3239} INFO - Sync 1 DAGs
[2025-06-22T10:53:22.829+0000] {logging_mixin.py:190} INFO - [2025-06-22T10:53:22.829+0000] {dag.py:4180} INFO - Setting next_dagrun for example_sensor_decorator to None, run_after=None
[2025-06-22T10:53:22.842+0000] {processor.py:208} INFO - Processing /home/airflow/.local/lib/python3.12/site-packages/airflow/example_dags/example_sensor_decorator.py took 0.051 seconds
[2025-06-22T10:53:54.342+0000] {processor.py:186} INFO - Started process (PID=1947) to work on /home/airflow/.local/lib/python3.12/site-packages/airflow/example_dags/example_sensor_decorator.py
[2025-06-22T10:53:54.345+0000] {processor.py:914} INFO - Processing file /home/airflow/.local/lib/python3.12/site-packages/airflow/example_dags/example_sensor_decorator.py for tasks to queue
[2025-06-22T10:53:54.346+0000] {logging_mixin.py:190} INFO - [2025-06-22T10:53:54.346+0000] {dagbag.py:588} INFO - Filling up the DagBag from /home/airflow/.local/lib/python3.12/site-packages/airflow/example_dags/example_sensor_decorator.py
[2025-06-22T10:53:54.352+0000] {processor.py:925} INFO - DAG(s) 'example_sensor_decorator' retrieved from /home/airflow/.local/lib/python3.12/site-packages/airflow/example_dags/example_sensor_decorator.py
[2025-06-22T10:53:54.367+0000] {logging_mixin.py:190} INFO - [2025-06-22T10:53:54.367+0000] {dag.py:3239} INFO - Sync 1 DAGs
[2025-06-22T10:53:54.377+0000] {logging_mixin.py:190} INFO - [2025-06-22T10:53:54.377+0000] {dag.py:4180} INFO - Setting next_dagrun for example_sensor_decorator to None, run_after=None
[2025-06-22T10:53:54.396+0000] {processor.py:208} INFO - Processing /home/airflow/.local/lib/python3.12/site-packages/airflow/example_dags/example_sensor_decorator.py took 0.057 seconds
[2025-06-22T10:54:25.645+0000] {processor.py:186} INFO - Started process (PID=2009) to work on /home/airflow/.local/lib/python3.12/site-packages/airflow/example_dags/example_sensor_decorator.py
[2025-06-22T10:54:25.647+0000] {processor.py:914} INFO - Processing file /home/airflow/.local/lib/python3.12/site-packages/airflow/example_dags/example_sensor_decorator.py for tasks to queue
[2025-06-22T10:54:25.648+0000] {logging_mixin.py:190} INFO - [2025-06-22T10:54:25.648+0000] {dagbag.py:588} INFO - Filling up the DagBag from /home/airflow/.local/lib/python3.12/site-packages/airflow/example_dags/example_sensor_decorator.py
[2025-06-22T10:54:25.654+0000] {processor.py:925} INFO - DAG(s) 'example_sensor_decorator' retrieved from /home/airflow/.local/lib/python3.12/site-packages/airflow/example_dags/example_sensor_decorator.py
[2025-06-22T10:54:25.669+0000] {logging_mixin.py:190} INFO - [2025-06-22T10:54:25.669+0000] {dag.py:3239} INFO - Sync 1 DAGs
[2025-06-22T10:54:25.677+0000] {logging_mixin.py:190} INFO - [2025-06-22T10:54:25.677+0000] {dag.py:4180} INFO - Setting next_dagrun for example_sensor_decorator to None, run_after=None
[2025-06-22T10:54:25.690+0000] {processor.py:208} INFO - Processing /home/airflow/.local/lib/python3.12/site-packages/airflow/example_dags/example_sensor_decorator.py took 0.048 seconds
[2025-06-22T10:54:56.214+0000] {processor.py:186} INFO - Started process (PID=2071) to work on /home/airflow/.local/lib/python3.12/site-packages/airflow/example_dags/example_sensor_decorator.py
[2025-06-22T10:54:56.216+0000] {processor.py:914} INFO - Processing file /home/airflow/.local/lib/python3.12/site-packages/airflow/example_dags/example_sensor_decorator.py for tasks to queue
[2025-06-22T10:54:56.217+0000] {logging_mixin.py:190} INFO - [2025-06-22T10:54:56.217+0000] {dagbag.py:588} INFO - Filling up the DagBag from /home/airflow/.local/lib/python3.12/site-packages/airflow/example_dags/example_sensor_decorator.py
[2025-06-22T10:54:56.224+0000] {processor.py:925} INFO - DAG(s) 'example_sensor_decorator' retrieved from /home/airflow/.local/lib/python3.12/site-packages/airflow/example_dags/example_sensor_decorator.py
[2025-06-22T10:54:56.236+0000] {logging_mixin.py:190} INFO - [2025-06-22T10:54:56.236+0000] {dag.py:3239} INFO - Sync 1 DAGs
[2025-06-22T10:54:56.246+0000] {logging_mixin.py:190} INFO - [2025-06-22T10:54:56.246+0000] {dag.py:4180} INFO - Setting next_dagrun for example_sensor_decorator to None, run_after=None
[2025-06-22T10:54:56.258+0000] {processor.py:208} INFO - Processing /home/airflow/.local/lib/python3.12/site-packages/airflow/example_dags/example_sensor_decorator.py took 0.047 seconds
[2025-06-22T10:55:26.905+0000] {processor.py:186} INFO - Started process (PID=2133) to work on /home/airflow/.local/lib/python3.12/site-packages/airflow/example_dags/example_sensor_decorator.py
[2025-06-22T10:55:26.910+0000] {processor.py:914} INFO - Processing file /home/airflow/.local/lib/python3.12/site-packages/airflow/example_dags/example_sensor_decorator.py for tasks to queue
[2025-06-22T10:55:26.913+0000] {logging_mixin.py:190} INFO - [2025-06-22T10:55:26.913+0000] {dagbag.py:588} INFO - Filling up the DagBag from /home/airflow/.local/lib/python3.12/site-packages/airflow/example_dags/example_sensor_decorator.py
[2025-06-22T10:55:26.921+0000] {processor.py:925} INFO - DAG(s) 'example_sensor_decorator' retrieved from /home/airflow/.local/lib/python3.12/site-packages/airflow/example_dags/example_sensor_decorator.py
[2025-06-22T10:55:26.940+0000] {logging_mixin.py:190} INFO - [2025-06-22T10:55:26.940+0000] {dag.py:3239} INFO - Sync 1 DAGs
[2025-06-22T10:55:26.950+0000] {logging_mixin.py:190} INFO - [2025-06-22T10:55:26.950+0000] {dag.py:4180} INFO - Setting next_dagrun for example_sensor_decorator to None, run_after=None
[2025-06-22T10:55:26.992+0000] {processor.py:208} INFO - Processing /home/airflow/.local/lib/python3.12/site-packages/airflow/example_dags/example_sensor_decorator.py took 0.092 seconds
[2025-06-22T10:55:58.451+0000] {processor.py:186} INFO - Started process (PID=2195) to work on /home/airflow/.local/lib/python3.12/site-packages/airflow/example_dags/example_sensor_decorator.py
[2025-06-22T10:55:58.452+0000] {processor.py:914} INFO - Processing file /home/airflow/.local/lib/python3.12/site-packages/airflow/example_dags/example_sensor_decorator.py for tasks to queue
[2025-06-22T10:55:58.455+0000] {logging_mixin.py:190} INFO - [2025-06-22T10:55:58.455+0000] {dagbag.py:588} INFO - Filling up the DagBag from /home/airflow/.local/lib/python3.12/site-packages/airflow/example_dags/example_sensor_decorator.py
[2025-06-22T10:55:58.460+0000] {processor.py:925} INFO - DAG(s) 'example_sensor_decorator' retrieved from /home/airflow/.local/lib/python3.12/site-packages/airflow/example_dags/example_sensor_decorator.py
[2025-06-22T10:55:58.479+0000] {logging_mixin.py:190} INFO - [2025-06-22T10:55:58.478+0000] {dag.py:3239} INFO - Sync 1 DAGs
[2025-06-22T10:55:58.488+0000] {logging_mixin.py:190} INFO - [2025-06-22T10:55:58.488+0000] {dag.py:4180} INFO - Setting next_dagrun for example_sensor_decorator to None, run_after=None
[2025-06-22T10:55:58.497+0000] {processor.py:208} INFO - Processing /home/airflow/.local/lib/python3.12/site-packages/airflow/example_dags/example_sensor_decorator.py took 0.052 seconds
[2025-06-22T10:56:28.956+0000] {processor.py:186} INFO - Started process (PID=2257) to work on /home/airflow/.local/lib/python3.12/site-packages/airflow/example_dags/example_sensor_decorator.py
[2025-06-22T10:56:28.961+0000] {processor.py:914} INFO - Processing file /home/airflow/.local/lib/python3.12/site-packages/airflow/example_dags/example_sensor_decorator.py for tasks to queue
[2025-06-22T10:56:28.962+0000] {logging_mixin.py:190} INFO - [2025-06-22T10:56:28.962+0000] {dagbag.py:588} INFO - Filling up the DagBag from /home/airflow/.local/lib/python3.12/site-packages/airflow/example_dags/example_sensor_decorator.py
[2025-06-22T10:56:28.966+0000] {processor.py:925} INFO - DAG(s) 'example_sensor_decorator' retrieved from /home/airflow/.local/lib/python3.12/site-packages/airflow/example_dags/example_sensor_decorator.py
[2025-06-22T10:56:28.981+0000] {logging_mixin.py:190} INFO - [2025-06-22T10:56:28.981+0000] {dag.py:3239} INFO - Sync 1 DAGs
[2025-06-22T10:56:28.990+0000] {logging_mixin.py:190} INFO - [2025-06-22T10:56:28.990+0000] {dag.py:4180} INFO - Setting next_dagrun for example_sensor_decorator to None, run_after=None
[2025-06-22T10:56:29.004+0000] {processor.py:208} INFO - Processing /home/airflow/.local/lib/python3.12/site-packages/airflow/example_dags/example_sensor_decorator.py took 0.052 seconds
[2025-06-22T10:57:00.652+0000] {processor.py:186} INFO - Started process (PID=2319) to work on /home/airflow/.local/lib/python3.12/site-packages/airflow/example_dags/example_sensor_decorator.py
[2025-06-22T10:57:00.655+0000] {processor.py:914} INFO - Processing file /home/airflow/.local/lib/python3.12/site-packages/airflow/example_dags/example_sensor_decorator.py for tasks to queue
[2025-06-22T10:57:00.657+0000] {logging_mixin.py:190} INFO - [2025-06-22T10:57:00.657+0000] {dagbag.py:588} INFO - Filling up the DagBag from /home/airflow/.local/lib/python3.12/site-packages/airflow/example_dags/example_sensor_decorator.py
[2025-06-22T10:57:00.664+0000] {processor.py:925} INFO - DAG(s) 'example_sensor_decorator' retrieved from /home/airflow/.local/lib/python3.12/site-packages/airflow/example_dags/example_sensor_decorator.py
[2025-06-22T10:57:00.680+0000] {logging_mixin.py:190} INFO - [2025-06-22T10:57:00.680+0000] {dag.py:3239} INFO - Sync 1 DAGs
[2025-06-22T10:57:00.688+0000] {logging_mixin.py:190} INFO - [2025-06-22T10:57:00.688+0000] {dag.py:4180} INFO - Setting next_dagrun for example_sensor_decorator to None, run_after=None
[2025-06-22T10:57:00.704+0000] {processor.py:208} INFO - Processing /home/airflow/.local/lib/python3.12/site-packages/airflow/example_dags/example_sensor_decorator.py took 0.057 seconds
[2025-06-22T10:57:31.241+0000] {processor.py:186} INFO - Started process (PID=2381) to work on /home/airflow/.local/lib/python3.12/site-packages/airflow/example_dags/example_sensor_decorator.py
[2025-06-22T10:57:31.244+0000] {processor.py:914} INFO - Processing file /home/airflow/.local/lib/python3.12/site-packages/airflow/example_dags/example_sensor_decorator.py for tasks to queue
[2025-06-22T10:57:31.245+0000] {logging_mixin.py:190} INFO - [2025-06-22T10:57:31.245+0000] {dagbag.py:588} INFO - Filling up the DagBag from /home/airflow/.local/lib/python3.12/site-packages/airflow/example_dags/example_sensor_decorator.py
[2025-06-22T10:57:31.252+0000] {processor.py:925} INFO - DAG(s) 'example_sensor_decorator' retrieved from /home/airflow/.local/lib/python3.12/site-packages/airflow/example_dags/example_sensor_decorator.py
[2025-06-22T10:57:31.267+0000] {logging_mixin.py:190} INFO - [2025-06-22T10:57:31.267+0000] {dag.py:3239} INFO - Sync 1 DAGs
[2025-06-22T10:57:31.274+0000] {logging_mixin.py:190} INFO - [2025-06-22T10:57:31.274+0000] {dag.py:4180} INFO - Setting next_dagrun for example_sensor_decorator to None, run_after=None
[2025-06-22T10:57:31.287+0000] {processor.py:208} INFO - Processing /home/airflow/.local/lib/python3.12/site-packages/airflow/example_dags/example_sensor_decorator.py took 0.050 seconds
[2025-06-22T10:58:02.149+0000] {processor.py:186} INFO - Started process (PID=2443) to work on /home/airflow/.local/lib/python3.12/site-packages/airflow/example_dags/example_sensor_decorator.py
[2025-06-22T10:58:02.150+0000] {processor.py:914} INFO - Processing file /home/airflow/.local/lib/python3.12/site-packages/airflow/example_dags/example_sensor_decorator.py for tasks to queue
[2025-06-22T10:58:02.151+0000] {logging_mixin.py:190} INFO - [2025-06-22T10:58:02.151+0000] {dagbag.py:588} INFO - Filling up the DagBag from /home/airflow/.local/lib/python3.12/site-packages/airflow/example_dags/example_sensor_decorator.py
[2025-06-22T10:58:02.157+0000] {processor.py:925} INFO - DAG(s) 'example_sensor_decorator' retrieved from /home/airflow/.local/lib/python3.12/site-packages/airflow/example_dags/example_sensor_decorator.py
[2025-06-22T10:58:02.168+0000] {logging_mixin.py:190} INFO - [2025-06-22T10:58:02.168+0000] {dag.py:3239} INFO - Sync 1 DAGs
[2025-06-22T10:58:02.175+0000] {logging_mixin.py:190} INFO - [2025-06-22T10:58:02.174+0000] {dag.py:4180} INFO - Setting next_dagrun for example_sensor_decorator to None, run_after=None
[2025-06-22T10:58:02.183+0000] {processor.py:208} INFO - Processing /home/airflow/.local/lib/python3.12/site-packages/airflow/example_dags/example_sensor_decorator.py took 0.037 seconds
[2025-06-22T10:58:38.735+0000] {processor.py:186} INFO - Started process (PID=2511) to work on /home/airflow/.local/lib/python3.12/site-packages/airflow/example_dags/example_sensor_decorator.py
[2025-06-22T10:58:38.739+0000] {processor.py:914} INFO - Processing file /home/airflow/.local/lib/python3.12/site-packages/airflow/example_dags/example_sensor_decorator.py for tasks to queue
[2025-06-22T10:58:38.747+0000] {logging_mixin.py:190} INFO - [2025-06-22T10:58:38.746+0000] {dagbag.py:588} INFO - Filling up the DagBag from /home/airflow/.local/lib/python3.12/site-packages/airflow/example_dags/example_sensor_decorator.py
[2025-06-22T10:58:38.763+0000] {processor.py:925} INFO - DAG(s) 'example_sensor_decorator' retrieved from /home/airflow/.local/lib/python3.12/site-packages/airflow/example_dags/example_sensor_decorator.py
[2025-06-22T10:58:38.787+0000] {logging_mixin.py:190} INFO - [2025-06-22T10:58:38.786+0000] {dag.py:3239} INFO - Sync 1 DAGs
[2025-06-22T10:58:38.797+0000] {logging_mixin.py:190} INFO - [2025-06-22T10:58:38.796+0000] {dag.py:4180} INFO - Setting next_dagrun for example_sensor_decorator to None, run_after=None
[2025-06-22T10:58:38.823+0000] {processor.py:208} INFO - Processing /home/airflow/.local/lib/python3.12/site-packages/airflow/example_dags/example_sensor_decorator.py took 0.104 seconds
[2025-06-22T10:59:09.620+0000] {processor.py:186} INFO - Started process (PID=2573) to work on /home/airflow/.local/lib/python3.12/site-packages/airflow/example_dags/example_sensor_decorator.py
[2025-06-22T10:59:09.621+0000] {processor.py:914} INFO - Processing file /home/airflow/.local/lib/python3.12/site-packages/airflow/example_dags/example_sensor_decorator.py for tasks to queue
[2025-06-22T10:59:09.623+0000] {logging_mixin.py:190} INFO - [2025-06-22T10:59:09.623+0000] {dagbag.py:588} INFO - Filling up the DagBag from /home/airflow/.local/lib/python3.12/site-packages/airflow/example_dags/example_sensor_decorator.py
[2025-06-22T10:59:09.634+0000] {processor.py:925} INFO - DAG(s) 'example_sensor_decorator' retrieved from /home/airflow/.local/lib/python3.12/site-packages/airflow/example_dags/example_sensor_decorator.py
[2025-06-22T10:59:09.653+0000] {logging_mixin.py:190} INFO - [2025-06-22T10:59:09.653+0000] {dag.py:3239} INFO - Sync 1 DAGs
[2025-06-22T10:59:09.666+0000] {logging_mixin.py:190} INFO - [2025-06-22T10:59:09.666+0000] {dag.py:4180} INFO - Setting next_dagrun for example_sensor_decorator to None, run_after=None
[2025-06-22T10:59:09.677+0000] {processor.py:208} INFO - Processing /home/airflow/.local/lib/python3.12/site-packages/airflow/example_dags/example_sensor_decorator.py took 0.067 seconds
[2025-06-22T10:59:39.867+0000] {processor.py:186} INFO - Started process (PID=2634) to work on /home/airflow/.local/lib/python3.12/site-packages/airflow/example_dags/example_sensor_decorator.py
[2025-06-22T10:59:39.868+0000] {processor.py:914} INFO - Processing file /home/airflow/.local/lib/python3.12/site-packages/airflow/example_dags/example_sensor_decorator.py for tasks to queue
[2025-06-22T10:59:39.870+0000] {logging_mixin.py:190} INFO - [2025-06-22T10:59:39.869+0000] {dagbag.py:588} INFO - Filling up the DagBag from /home/airflow/.local/lib/python3.12/site-packages/airflow/example_dags/example_sensor_decorator.py
[2025-06-22T10:59:39.877+0000] {processor.py:925} INFO - DAG(s) 'example_sensor_decorator' retrieved from /home/airflow/.local/lib/python3.12/site-packages/airflow/example_dags/example_sensor_decorator.py
[2025-06-22T10:59:39.896+0000] {logging_mixin.py:190} INFO - [2025-06-22T10:59:39.895+0000] {dag.py:3239} INFO - Sync 1 DAGs
[2025-06-22T10:59:39.905+0000] {logging_mixin.py:190} INFO - [2025-06-22T10:59:39.905+0000] {dag.py:4180} INFO - Setting next_dagrun for example_sensor_decorator to None, run_after=None
[2025-06-22T10:59:39.915+0000] {processor.py:208} INFO - Processing /home/airflow/.local/lib/python3.12/site-packages/airflow/example_dags/example_sensor_decorator.py took 0.053 seconds
[2025-06-22T11:00:10.139+0000] {processor.py:186} INFO - Started process (PID=2695) to work on /home/airflow/.local/lib/python3.12/site-packages/airflow/example_dags/example_sensor_decorator.py
[2025-06-22T11:00:10.140+0000] {processor.py:914} INFO - Processing file /home/airflow/.local/lib/python3.12/site-packages/airflow/example_dags/example_sensor_decorator.py for tasks to queue
[2025-06-22T11:00:10.142+0000] {logging_mixin.py:190} INFO - [2025-06-22T11:00:10.141+0000] {dagbag.py:588} INFO - Filling up the DagBag from /home/airflow/.local/lib/python3.12/site-packages/airflow/example_dags/example_sensor_decorator.py
[2025-06-22T11:00:10.146+0000] {processor.py:925} INFO - DAG(s) 'example_sensor_decorator' retrieved from /home/airflow/.local/lib/python3.12/site-packages/airflow/example_dags/example_sensor_decorator.py
[2025-06-22T11:00:10.167+0000] {logging_mixin.py:190} INFO - [2025-06-22T11:00:10.166+0000] {dag.py:3239} INFO - Sync 1 DAGs
[2025-06-22T11:00:10.177+0000] {logging_mixin.py:190} INFO - [2025-06-22T11:00:10.177+0000] {dag.py:4180} INFO - Setting next_dagrun for example_sensor_decorator to None, run_after=None
[2025-06-22T11:00:10.187+0000] {processor.py:208} INFO - Processing /home/airflow/.local/lib/python3.12/site-packages/airflow/example_dags/example_sensor_decorator.py took 0.052 seconds
[2025-06-22T11:00:40.401+0000] {processor.py:186} INFO - Started process (PID=2757) to work on /home/airflow/.local/lib/python3.12/site-packages/airflow/example_dags/example_sensor_decorator.py
[2025-06-22T11:00:40.402+0000] {processor.py:914} INFO - Processing file /home/airflow/.local/lib/python3.12/site-packages/airflow/example_dags/example_sensor_decorator.py for tasks to queue
[2025-06-22T11:00:40.404+0000] {logging_mixin.py:190} INFO - [2025-06-22T11:00:40.404+0000] {dagbag.py:588} INFO - Filling up the DagBag from /home/airflow/.local/lib/python3.12/site-packages/airflow/example_dags/example_sensor_decorator.py
[2025-06-22T11:00:40.408+0000] {processor.py:925} INFO - DAG(s) 'example_sensor_decorator' retrieved from /home/airflow/.local/lib/python3.12/site-packages/airflow/example_dags/example_sensor_decorator.py
[2025-06-22T11:00:40.420+0000] {logging_mixin.py:190} INFO - [2025-06-22T11:00:40.420+0000] {dag.py:3239} INFO - Sync 1 DAGs
[2025-06-22T11:00:40.428+0000] {logging_mixin.py:190} INFO - [2025-06-22T11:00:40.428+0000] {dag.py:4180} INFO - Setting next_dagrun for example_sensor_decorator to None, run_after=None
[2025-06-22T11:00:40.438+0000] {processor.py:208} INFO - Processing /home/airflow/.local/lib/python3.12/site-packages/airflow/example_dags/example_sensor_decorator.py took 0.040 seconds
[2025-06-22T11:01:10.527+0000] {processor.py:186} INFO - Started process (PID=2819) to work on /home/airflow/.local/lib/python3.12/site-packages/airflow/example_dags/example_sensor_decorator.py
[2025-06-22T11:01:10.531+0000] {processor.py:914} INFO - Processing file /home/airflow/.local/lib/python3.12/site-packages/airflow/example_dags/example_sensor_decorator.py for tasks to queue
[2025-06-22T11:01:10.532+0000] {logging_mixin.py:190} INFO - [2025-06-22T11:01:10.532+0000] {dagbag.py:588} INFO - Filling up the DagBag from /home/airflow/.local/lib/python3.12/site-packages/airflow/example_dags/example_sensor_decorator.py
[2025-06-22T11:01:10.536+0000] {processor.py:925} INFO - DAG(s) 'example_sensor_decorator' retrieved from /home/airflow/.local/lib/python3.12/site-packages/airflow/example_dags/example_sensor_decorator.py
[2025-06-22T11:01:10.547+0000] {logging_mixin.py:190} INFO - [2025-06-22T11:01:10.547+0000] {dag.py:3239} INFO - Sync 1 DAGs
[2025-06-22T11:01:10.556+0000] {logging_mixin.py:190} INFO - [2025-06-22T11:01:10.556+0000] {dag.py:4180} INFO - Setting next_dagrun for example_sensor_decorator to None, run_after=None
[2025-06-22T11:01:10.568+0000] {processor.py:208} INFO - Processing /home/airflow/.local/lib/python3.12/site-packages/airflow/example_dags/example_sensor_decorator.py took 0.046 seconds
[2025-06-22T11:01:42.074+0000] {processor.py:186} INFO - Started process (PID=2881) to work on /home/airflow/.local/lib/python3.12/site-packages/airflow/example_dags/example_sensor_decorator.py
[2025-06-22T11:01:42.075+0000] {processor.py:914} INFO - Processing file /home/airflow/.local/lib/python3.12/site-packages/airflow/example_dags/example_sensor_decorator.py for tasks to queue
[2025-06-22T11:01:42.077+0000] {logging_mixin.py:190} INFO - [2025-06-22T11:01:42.077+0000] {dagbag.py:588} INFO - Filling up the DagBag from /home/airflow/.local/lib/python3.12/site-packages/airflow/example_dags/example_sensor_decorator.py
[2025-06-22T11:01:42.082+0000] {processor.py:925} INFO - DAG(s) 'example_sensor_decorator' retrieved from /home/airflow/.local/lib/python3.12/site-packages/airflow/example_dags/example_sensor_decorator.py
[2025-06-22T11:01:42.093+0000] {logging_mixin.py:190} INFO - [2025-06-22T11:01:42.093+0000] {dag.py:3239} INFO - Sync 1 DAGs
[2025-06-22T11:01:42.100+0000] {logging_mixin.py:190} INFO - [2025-06-22T11:01:42.100+0000] {dag.py:4180} INFO - Setting next_dagrun for example_sensor_decorator to None, run_after=None
[2025-06-22T11:01:42.109+0000] {processor.py:208} INFO - Processing /home/airflow/.local/lib/python3.12/site-packages/airflow/example_dags/example_sensor_decorator.py took 0.039 seconds
[2025-06-22T11:02:13.509+0000] {processor.py:186} INFO - Started process (PID=2943) to work on /home/airflow/.local/lib/python3.12/site-packages/airflow/example_dags/example_sensor_decorator.py
[2025-06-22T11:02:13.510+0000] {processor.py:914} INFO - Processing file /home/airflow/.local/lib/python3.12/site-packages/airflow/example_dags/example_sensor_decorator.py for tasks to queue
[2025-06-22T11:02:13.512+0000] {logging_mixin.py:190} INFO - [2025-06-22T11:02:13.512+0000] {dagbag.py:588} INFO - Filling up the DagBag from /home/airflow/.local/lib/python3.12/site-packages/airflow/example_dags/example_sensor_decorator.py
[2025-06-22T11:02:13.517+0000] {processor.py:925} INFO - DAG(s) 'example_sensor_decorator' retrieved from /home/airflow/.local/lib/python3.12/site-packages/airflow/example_dags/example_sensor_decorator.py
[2025-06-22T11:02:13.529+0000] {logging_mixin.py:190} INFO - [2025-06-22T11:02:13.529+0000] {dag.py:3239} INFO - Sync 1 DAGs
[2025-06-22T11:02:13.537+0000] {logging_mixin.py:190} INFO - [2025-06-22T11:02:13.536+0000] {dag.py:4180} INFO - Setting next_dagrun for example_sensor_decorator to None, run_after=None
[2025-06-22T11:02:13.546+0000] {processor.py:208} INFO - Processing /home/airflow/.local/lib/python3.12/site-packages/airflow/example_dags/example_sensor_decorator.py took 0.040 seconds
[2025-06-22T11:02:46.955+0000] {processor.py:186} INFO - Started process (PID=3006) to work on /home/airflow/.local/lib/python3.12/site-packages/airflow/example_dags/example_sensor_decorator.py
[2025-06-22T11:02:46.956+0000] {processor.py:914} INFO - Processing file /home/airflow/.local/lib/python3.12/site-packages/airflow/example_dags/example_sensor_decorator.py for tasks to queue
[2025-06-22T11:02:46.958+0000] {logging_mixin.py:190} INFO - [2025-06-22T11:02:46.958+0000] {dagbag.py:588} INFO - Filling up the DagBag from /home/airflow/.local/lib/python3.12/site-packages/airflow/example_dags/example_sensor_decorator.py
[2025-06-22T11:02:46.963+0000] {processor.py:925} INFO - DAG(s) 'example_sensor_decorator' retrieved from /home/airflow/.local/lib/python3.12/site-packages/airflow/example_dags/example_sensor_decorator.py
[2025-06-22T11:02:46.976+0000] {logging_mixin.py:190} INFO - [2025-06-22T11:02:46.975+0000] {dag.py:3239} INFO - Sync 1 DAGs
[2025-06-22T11:02:46.984+0000] {logging_mixin.py:190} INFO - [2025-06-22T11:02:46.984+0000] {dag.py:4180} INFO - Setting next_dagrun for example_sensor_decorator to None, run_after=None
[2025-06-22T11:02:46.998+0000] {processor.py:208} INFO - Processing /home/airflow/.local/lib/python3.12/site-packages/airflow/example_dags/example_sensor_decorator.py took 0.048 seconds
[2025-06-22T11:03:17.499+0000] {processor.py:186} INFO - Started process (PID=3068) to work on /home/airflow/.local/lib/python3.12/site-packages/airflow/example_dags/example_sensor_decorator.py
[2025-06-22T11:03:17.500+0000] {processor.py:914} INFO - Processing file /home/airflow/.local/lib/python3.12/site-packages/airflow/example_dags/example_sensor_decorator.py for tasks to queue
[2025-06-22T11:03:17.502+0000] {logging_mixin.py:190} INFO - [2025-06-22T11:03:17.502+0000] {dagbag.py:588} INFO - Filling up the DagBag from /home/airflow/.local/lib/python3.12/site-packages/airflow/example_dags/example_sensor_decorator.py
[2025-06-22T11:03:17.507+0000] {processor.py:925} INFO - DAG(s) 'example_sensor_decorator' retrieved from /home/airflow/.local/lib/python3.12/site-packages/airflow/example_dags/example_sensor_decorator.py
[2025-06-22T11:03:17.522+0000] {logging_mixin.py:190} INFO - [2025-06-22T11:03:17.522+0000] {dag.py:3239} INFO - Sync 1 DAGs
[2025-06-22T11:03:17.530+0000] {logging_mixin.py:190} INFO - [2025-06-22T11:03:17.530+0000] {dag.py:4180} INFO - Setting next_dagrun for example_sensor_decorator to None, run_after=None
[2025-06-22T11:03:17.541+0000] {processor.py:208} INFO - Processing /home/airflow/.local/lib/python3.12/site-packages/airflow/example_dags/example_sensor_decorator.py took 0.046 seconds
[2025-06-22T11:03:48.169+0000] {processor.py:186} INFO - Started process (PID=3130) to work on /home/airflow/.local/lib/python3.12/site-packages/airflow/example_dags/example_sensor_decorator.py
[2025-06-22T11:03:48.170+0000] {processor.py:914} INFO - Processing file /home/airflow/.local/lib/python3.12/site-packages/airflow/example_dags/example_sensor_decorator.py for tasks to queue
[2025-06-22T11:03:48.171+0000] {logging_mixin.py:190} INFO - [2025-06-22T11:03:48.171+0000] {dagbag.py:588} INFO - Filling up the DagBag from /home/airflow/.local/lib/python3.12/site-packages/airflow/example_dags/example_sensor_decorator.py
[2025-06-22T11:03:48.175+0000] {processor.py:925} INFO - DAG(s) 'example_sensor_decorator' retrieved from /home/airflow/.local/lib/python3.12/site-packages/airflow/example_dags/example_sensor_decorator.py
[2025-06-22T11:03:48.186+0000] {logging_mixin.py:190} INFO - [2025-06-22T11:03:48.185+0000] {dag.py:3239} INFO - Sync 1 DAGs
[2025-06-22T11:03:48.193+0000] {logging_mixin.py:190} INFO - [2025-06-22T11:03:48.193+0000] {dag.py:4180} INFO - Setting next_dagrun for example_sensor_decorator to None, run_after=None
[2025-06-22T11:03:48.205+0000] {processor.py:208} INFO - Processing /home/airflow/.local/lib/python3.12/site-packages/airflow/example_dags/example_sensor_decorator.py took 0.039 seconds
[2025-06-22T11:04:20.863+0000] {processor.py:186} INFO - Started process (PID=3192) to work on /home/airflow/.local/lib/python3.12/site-packages/airflow/example_dags/example_sensor_decorator.py
[2025-06-22T11:04:20.864+0000] {processor.py:914} INFO - Processing file /home/airflow/.local/lib/python3.12/site-packages/airflow/example_dags/example_sensor_decorator.py for tasks to queue
[2025-06-22T11:04:20.869+0000] {logging_mixin.py:190} INFO - [2025-06-22T11:04:20.869+0000] {dagbag.py:588} INFO - Filling up the DagBag from /home/airflow/.local/lib/python3.12/site-packages/airflow/example_dags/example_sensor_decorator.py
[2025-06-22T11:04:20.875+0000] {processor.py:925} INFO - DAG(s) 'example_sensor_decorator' retrieved from /home/airflow/.local/lib/python3.12/site-packages/airflow/example_dags/example_sensor_decorator.py
[2025-06-22T11:04:20.887+0000] {logging_mixin.py:190} INFO - [2025-06-22T11:04:20.887+0000] {dag.py:3239} INFO - Sync 1 DAGs
[2025-06-22T11:04:20.894+0000] {logging_mixin.py:190} INFO - [2025-06-22T11:04:20.894+0000] {dag.py:4180} INFO - Setting next_dagrun for example_sensor_decorator to None, run_after=None
[2025-06-22T11:04:20.905+0000] {processor.py:208} INFO - Processing /home/airflow/.local/lib/python3.12/site-packages/airflow/example_dags/example_sensor_decorator.py took 0.046 seconds
[2025-06-22T11:04:54.355+0000] {processor.py:186} INFO - Started process (PID=3254) to work on /home/airflow/.local/lib/python3.12/site-packages/airflow/example_dags/example_sensor_decorator.py
[2025-06-22T11:04:54.356+0000] {processor.py:914} INFO - Processing file /home/airflow/.local/lib/python3.12/site-packages/airflow/example_dags/example_sensor_decorator.py for tasks to queue
[2025-06-22T11:04:54.358+0000] {logging_mixin.py:190} INFO - [2025-06-22T11:04:54.358+0000] {dagbag.py:588} INFO - Filling up the DagBag from /home/airflow/.local/lib/python3.12/site-packages/airflow/example_dags/example_sensor_decorator.py
[2025-06-22T11:04:54.364+0000] {processor.py:925} INFO - DAG(s) 'example_sensor_decorator' retrieved from /home/airflow/.local/lib/python3.12/site-packages/airflow/example_dags/example_sensor_decorator.py
[2025-06-22T11:04:54.376+0000] {logging_mixin.py:190} INFO - [2025-06-22T11:04:54.376+0000] {dag.py:3239} INFO - Sync 1 DAGs
[2025-06-22T11:04:54.385+0000] {logging_mixin.py:190} INFO - [2025-06-22T11:04:54.384+0000] {dag.py:4180} INFO - Setting next_dagrun for example_sensor_decorator to None, run_after=None
[2025-06-22T11:04:54.615+0000] {processor.py:208} INFO - Processing /home/airflow/.local/lib/python3.12/site-packages/airflow/example_dags/example_sensor_decorator.py took 0.265 seconds
[2025-06-22T11:05:25.360+0000] {processor.py:186} INFO - Started process (PID=3316) to work on /home/airflow/.local/lib/python3.12/site-packages/airflow/example_dags/example_sensor_decorator.py
[2025-06-22T11:05:25.361+0000] {processor.py:914} INFO - Processing file /home/airflow/.local/lib/python3.12/site-packages/airflow/example_dags/example_sensor_decorator.py for tasks to queue
[2025-06-22T11:05:25.362+0000] {logging_mixin.py:190} INFO - [2025-06-22T11:05:25.361+0000] {dagbag.py:588} INFO - Filling up the DagBag from /home/airflow/.local/lib/python3.12/site-packages/airflow/example_dags/example_sensor_decorator.py
[2025-06-22T11:05:25.367+0000] {processor.py:925} INFO - DAG(s) 'example_sensor_decorator' retrieved from /home/airflow/.local/lib/python3.12/site-packages/airflow/example_dags/example_sensor_decorator.py
[2025-06-22T11:05:25.377+0000] {logging_mixin.py:190} INFO - [2025-06-22T11:05:25.377+0000] {dag.py:3239} INFO - Sync 1 DAGs
[2025-06-22T11:05:25.383+0000] {logging_mixin.py:190} INFO - [2025-06-22T11:05:25.383+0000] {dag.py:4180} INFO - Setting next_dagrun for example_sensor_decorator to None, run_after=None
[2025-06-22T11:05:25.391+0000] {processor.py:208} INFO - Processing /home/airflow/.local/lib/python3.12/site-packages/airflow/example_dags/example_sensor_decorator.py took 0.034 seconds
[2025-06-22T11:05:55.774+0000] {processor.py:186} INFO - Started process (PID=3378) to work on /home/airflow/.local/lib/python3.12/site-packages/airflow/example_dags/example_sensor_decorator.py
[2025-06-22T11:05:55.777+0000] {processor.py:914} INFO - Processing file /home/airflow/.local/lib/python3.12/site-packages/airflow/example_dags/example_sensor_decorator.py for tasks to queue
[2025-06-22T11:05:55.779+0000] {logging_mixin.py:190} INFO - [2025-06-22T11:05:55.779+0000] {dagbag.py:588} INFO - Filling up the DagBag from /home/airflow/.local/lib/python3.12/site-packages/airflow/example_dags/example_sensor_decorator.py
[2025-06-22T11:05:55.785+0000] {processor.py:925} INFO - DAG(s) 'example_sensor_decorator' retrieved from /home/airflow/.local/lib/python3.12/site-packages/airflow/example_dags/example_sensor_decorator.py
[2025-06-22T11:05:55.798+0000] {logging_mixin.py:190} INFO - [2025-06-22T11:05:55.798+0000] {dag.py:3239} INFO - Sync 1 DAGs
[2025-06-22T11:05:55.806+0000] {logging_mixin.py:190} INFO - [2025-06-22T11:05:55.806+0000] {dag.py:4180} INFO - Setting next_dagrun for example_sensor_decorator to None, run_after=None
[2025-06-22T11:05:55.817+0000] {processor.py:208} INFO - Processing /home/airflow/.local/lib/python3.12/site-packages/airflow/example_dags/example_sensor_decorator.py took 0.048 seconds
[2025-06-22T11:06:25.882+0000] {processor.py:186} INFO - Started process (PID=3439) to work on /home/airflow/.local/lib/python3.12/site-packages/airflow/example_dags/example_sensor_decorator.py
[2025-06-22T11:06:25.884+0000] {processor.py:914} INFO - Processing file /home/airflow/.local/lib/python3.12/site-packages/airflow/example_dags/example_sensor_decorator.py for tasks to queue
[2025-06-22T11:06:25.886+0000] {logging_mixin.py:190} INFO - [2025-06-22T11:06:25.886+0000] {dagbag.py:588} INFO - Filling up the DagBag from /home/airflow/.local/lib/python3.12/site-packages/airflow/example_dags/example_sensor_decorator.py
[2025-06-22T11:06:25.907+0000] {processor.py:925} INFO - DAG(s) 'example_sensor_decorator' retrieved from /home/airflow/.local/lib/python3.12/site-packages/airflow/example_dags/example_sensor_decorator.py
[2025-06-22T11:06:25.925+0000] {logging_mixin.py:190} INFO - [2025-06-22T11:06:25.924+0000] {dag.py:3239} INFO - Sync 1 DAGs
[2025-06-22T11:06:25.936+0000] {logging_mixin.py:190} INFO - [2025-06-22T11:06:25.936+0000] {dag.py:4180} INFO - Setting next_dagrun for example_sensor_decorator to None, run_after=None
[2025-06-22T11:06:25.951+0000] {processor.py:208} INFO - Processing /home/airflow/.local/lib/python3.12/site-packages/airflow/example_dags/example_sensor_decorator.py took 0.077 seconds
[2025-06-22T11:06:56.767+0000] {processor.py:186} INFO - Started process (PID=3502) to work on /home/airflow/.local/lib/python3.12/site-packages/airflow/example_dags/example_sensor_decorator.py
[2025-06-22T11:06:56.768+0000] {processor.py:914} INFO - Processing file /home/airflow/.local/lib/python3.12/site-packages/airflow/example_dags/example_sensor_decorator.py for tasks to queue
[2025-06-22T11:06:56.775+0000] {logging_mixin.py:190} INFO - [2025-06-22T11:06:56.773+0000] {dagbag.py:588} INFO - Filling up the DagBag from /home/airflow/.local/lib/python3.12/site-packages/airflow/example_dags/example_sensor_decorator.py
[2025-06-22T11:06:56.786+0000] {processor.py:925} INFO - DAG(s) 'example_sensor_decorator' retrieved from /home/airflow/.local/lib/python3.12/site-packages/airflow/example_dags/example_sensor_decorator.py
[2025-06-22T11:06:56.808+0000] {logging_mixin.py:190} INFO - [2025-06-22T11:06:56.807+0000] {dag.py:3239} INFO - Sync 1 DAGs
[2025-06-22T11:06:56.823+0000] {logging_mixin.py:190} INFO - [2025-06-22T11:06:56.822+0000] {dag.py:4180} INFO - Setting next_dagrun for example_sensor_decorator to None, run_after=None
[2025-06-22T11:06:56.854+0000] {processor.py:208} INFO - Processing /home/airflow/.local/lib/python3.12/site-packages/airflow/example_dags/example_sensor_decorator.py took 0.092 seconds
[2025-06-22T11:07:27.746+0000] {processor.py:186} INFO - Started process (PID=3564) to work on /home/airflow/.local/lib/python3.12/site-packages/airflow/example_dags/example_sensor_decorator.py
[2025-06-22T11:07:27.750+0000] {processor.py:914} INFO - Processing file /home/airflow/.local/lib/python3.12/site-packages/airflow/example_dags/example_sensor_decorator.py for tasks to queue
[2025-06-22T11:07:27.755+0000] {logging_mixin.py:190} INFO - [2025-06-22T11:07:27.754+0000] {dagbag.py:588} INFO - Filling up the DagBag from /home/airflow/.local/lib/python3.12/site-packages/airflow/example_dags/example_sensor_decorator.py
[2025-06-22T11:07:27.766+0000] {processor.py:925} INFO - DAG(s) 'example_sensor_decorator' retrieved from /home/airflow/.local/lib/python3.12/site-packages/airflow/example_dags/example_sensor_decorator.py
[2025-06-22T11:07:27.788+0000] {logging_mixin.py:190} INFO - [2025-06-22T11:07:27.788+0000] {dag.py:3239} INFO - Sync 1 DAGs
[2025-06-22T11:07:27.801+0000] {logging_mixin.py:190} INFO - [2025-06-22T11:07:27.801+0000] {dag.py:4180} INFO - Setting next_dagrun for example_sensor_decorator to None, run_after=None
[2025-06-22T11:07:27.818+0000] {processor.py:208} INFO - Processing /home/airflow/.local/lib/python3.12/site-packages/airflow/example_dags/example_sensor_decorator.py took 0.083 seconds
[2025-06-22T11:07:58.517+0000] {processor.py:186} INFO - Started process (PID=3626) to work on /home/airflow/.local/lib/python3.12/site-packages/airflow/example_dags/example_sensor_decorator.py
[2025-06-22T11:07:58.518+0000] {processor.py:914} INFO - Processing file /home/airflow/.local/lib/python3.12/site-packages/airflow/example_dags/example_sensor_decorator.py for tasks to queue
[2025-06-22T11:07:58.520+0000] {logging_mixin.py:190} INFO - [2025-06-22T11:07:58.520+0000] {dagbag.py:588} INFO - Filling up the DagBag from /home/airflow/.local/lib/python3.12/site-packages/airflow/example_dags/example_sensor_decorator.py
[2025-06-22T11:07:58.526+0000] {processor.py:925} INFO - DAG(s) 'example_sensor_decorator' retrieved from /home/airflow/.local/lib/python3.12/site-packages/airflow/example_dags/example_sensor_decorator.py
[2025-06-22T11:07:58.541+0000] {logging_mixin.py:190} INFO - [2025-06-22T11:07:58.541+0000] {dag.py:3239} INFO - Sync 1 DAGs
[2025-06-22T11:07:58.550+0000] {logging_mixin.py:190} INFO - [2025-06-22T11:07:58.550+0000] {dag.py:4180} INFO - Setting next_dagrun for example_sensor_decorator to None, run_after=None
[2025-06-22T11:07:58.560+0000] {processor.py:208} INFO - Processing /home/airflow/.local/lib/python3.12/site-packages/airflow/example_dags/example_sensor_decorator.py took 0.049 seconds
[2025-06-22T11:08:29.162+0000] {processor.py:186} INFO - Started process (PID=3688) to work on /home/airflow/.local/lib/python3.12/site-packages/airflow/example_dags/example_sensor_decorator.py
[2025-06-22T11:08:29.163+0000] {processor.py:914} INFO - Processing file /home/airflow/.local/lib/python3.12/site-packages/airflow/example_dags/example_sensor_decorator.py for tasks to queue
[2025-06-22T11:08:29.165+0000] {logging_mixin.py:190} INFO - [2025-06-22T11:08:29.164+0000] {dagbag.py:588} INFO - Filling up the DagBag from /home/airflow/.local/lib/python3.12/site-packages/airflow/example_dags/example_sensor_decorator.py
[2025-06-22T11:08:29.170+0000] {processor.py:925} INFO - DAG(s) 'example_sensor_decorator' retrieved from /home/airflow/.local/lib/python3.12/site-packages/airflow/example_dags/example_sensor_decorator.py
[2025-06-22T11:08:29.182+0000] {logging_mixin.py:190} INFO - [2025-06-22T11:08:29.182+0000] {dag.py:3239} INFO - Sync 1 DAGs
[2025-06-22T11:08:29.190+0000] {logging_mixin.py:190} INFO - [2025-06-22T11:08:29.189+0000] {dag.py:4180} INFO - Setting next_dagrun for example_sensor_decorator to None, run_after=None
[2025-06-22T11:08:29.201+0000] {processor.py:208} INFO - Processing /home/airflow/.local/lib/python3.12/site-packages/airflow/example_dags/example_sensor_decorator.py took 0.043 seconds
[2025-06-22T11:09:00.007+0000] {processor.py:186} INFO - Started process (PID=3750) to work on /home/airflow/.local/lib/python3.12/site-packages/airflow/example_dags/example_sensor_decorator.py
[2025-06-22T11:09:00.009+0000] {processor.py:914} INFO - Processing file /home/airflow/.local/lib/python3.12/site-packages/airflow/example_dags/example_sensor_decorator.py for tasks to queue
[2025-06-22T11:09:00.014+0000] {logging_mixin.py:190} INFO - [2025-06-22T11:09:00.013+0000] {dagbag.py:588} INFO - Filling up the DagBag from /home/airflow/.local/lib/python3.12/site-packages/airflow/example_dags/example_sensor_decorator.py
[2025-06-22T11:09:00.026+0000] {processor.py:925} INFO - DAG(s) 'example_sensor_decorator' retrieved from /home/airflow/.local/lib/python3.12/site-packages/airflow/example_dags/example_sensor_decorator.py
[2025-06-22T11:09:00.058+0000] {logging_mixin.py:190} INFO - [2025-06-22T11:09:00.058+0000] {dag.py:3239} INFO - Sync 1 DAGs
[2025-06-22T11:09:00.069+0000] {logging_mixin.py:190} INFO - [2025-06-22T11:09:00.069+0000] {dag.py:4180} INFO - Setting next_dagrun for example_sensor_decorator to None, run_after=None
[2025-06-22T11:09:00.086+0000] {processor.py:208} INFO - Processing /home/airflow/.local/lib/python3.12/site-packages/airflow/example_dags/example_sensor_decorator.py took 0.090 seconds
[2025-06-22T11:09:30.199+0000] {processor.py:186} INFO - Started process (PID=3812) to work on /home/airflow/.local/lib/python3.12/site-packages/airflow/example_dags/example_sensor_decorator.py
[2025-06-22T11:09:30.200+0000] {processor.py:914} INFO - Processing file /home/airflow/.local/lib/python3.12/site-packages/airflow/example_dags/example_sensor_decorator.py for tasks to queue
[2025-06-22T11:09:30.201+0000] {logging_mixin.py:190} INFO - [2025-06-22T11:09:30.201+0000] {dagbag.py:588} INFO - Filling up the DagBag from /home/airflow/.local/lib/python3.12/site-packages/airflow/example_dags/example_sensor_decorator.py
[2025-06-22T11:09:30.207+0000] {processor.py:925} INFO - DAG(s) 'example_sensor_decorator' retrieved from /home/airflow/.local/lib/python3.12/site-packages/airflow/example_dags/example_sensor_decorator.py
[2025-06-22T11:09:30.223+0000] {logging_mixin.py:190} INFO - [2025-06-22T11:09:30.223+0000] {dag.py:3239} INFO - Sync 1 DAGs
[2025-06-22T11:09:30.233+0000] {logging_mixin.py:190} INFO - [2025-06-22T11:09:30.233+0000] {dag.py:4180} INFO - Setting next_dagrun for example_sensor_decorator to None, run_after=None
[2025-06-22T11:09:30.247+0000] {processor.py:208} INFO - Processing /home/airflow/.local/lib/python3.12/site-packages/airflow/example_dags/example_sensor_decorator.py took 0.053 seconds
[2025-06-22T11:10:00.792+0000] {processor.py:186} INFO - Started process (PID=3874) to work on /home/airflow/.local/lib/python3.12/site-packages/airflow/example_dags/example_sensor_decorator.py
[2025-06-22T11:10:00.799+0000] {processor.py:914} INFO - Processing file /home/airflow/.local/lib/python3.12/site-packages/airflow/example_dags/example_sensor_decorator.py for tasks to queue
[2025-06-22T11:10:00.805+0000] {logging_mixin.py:190} INFO - [2025-06-22T11:10:00.804+0000] {dagbag.py:588} INFO - Filling up the DagBag from /home/airflow/.local/lib/python3.12/site-packages/airflow/example_dags/example_sensor_decorator.py
[2025-06-22T11:10:00.812+0000] {processor.py:925} INFO - DAG(s) 'example_sensor_decorator' retrieved from /home/airflow/.local/lib/python3.12/site-packages/airflow/example_dags/example_sensor_decorator.py
[2025-06-22T11:10:00.835+0000] {logging_mixin.py:190} INFO - [2025-06-22T11:10:00.835+0000] {dag.py:3239} INFO - Sync 1 DAGs
[2025-06-22T11:10:00.844+0000] {logging_mixin.py:190} INFO - [2025-06-22T11:10:00.844+0000] {dag.py:4180} INFO - Setting next_dagrun for example_sensor_decorator to None, run_after=None
[2025-06-22T11:10:00.856+0000] {processor.py:208} INFO - Processing /home/airflow/.local/lib/python3.12/site-packages/airflow/example_dags/example_sensor_decorator.py took 0.069 seconds
[2025-06-22T11:10:31.266+0000] {processor.py:186} INFO - Started process (PID=3936) to work on /home/airflow/.local/lib/python3.12/site-packages/airflow/example_dags/example_sensor_decorator.py
[2025-06-22T11:10:31.267+0000] {processor.py:914} INFO - Processing file /home/airflow/.local/lib/python3.12/site-packages/airflow/example_dags/example_sensor_decorator.py for tasks to queue
[2025-06-22T11:10:31.268+0000] {logging_mixin.py:190} INFO - [2025-06-22T11:10:31.268+0000] {dagbag.py:588} INFO - Filling up the DagBag from /home/airflow/.local/lib/python3.12/site-packages/airflow/example_dags/example_sensor_decorator.py
[2025-06-22T11:10:31.273+0000] {processor.py:925} INFO - DAG(s) 'example_sensor_decorator' retrieved from /home/airflow/.local/lib/python3.12/site-packages/airflow/example_dags/example_sensor_decorator.py
[2025-06-22T11:10:31.289+0000] {logging_mixin.py:190} INFO - [2025-06-22T11:10:31.289+0000] {dag.py:3239} INFO - Sync 1 DAGs
[2025-06-22T11:10:31.298+0000] {logging_mixin.py:190} INFO - [2025-06-22T11:10:31.298+0000] {dag.py:4180} INFO - Setting next_dagrun for example_sensor_decorator to None, run_after=None
[2025-06-22T11:10:31.307+0000] {processor.py:208} INFO - Processing /home/airflow/.local/lib/python3.12/site-packages/airflow/example_dags/example_sensor_decorator.py took 0.046 seconds
[2025-06-22T11:11:01.922+0000] {processor.py:186} INFO - Started process (PID=3998) to work on /home/airflow/.local/lib/python3.12/site-packages/airflow/example_dags/example_sensor_decorator.py
[2025-06-22T11:11:01.923+0000] {processor.py:914} INFO - Processing file /home/airflow/.local/lib/python3.12/site-packages/airflow/example_dags/example_sensor_decorator.py for tasks to queue
[2025-06-22T11:11:01.925+0000] {logging_mixin.py:190} INFO - [2025-06-22T11:11:01.925+0000] {dagbag.py:588} INFO - Filling up the DagBag from /home/airflow/.local/lib/python3.12/site-packages/airflow/example_dags/example_sensor_decorator.py
[2025-06-22T11:11:01.932+0000] {processor.py:925} INFO - DAG(s) 'example_sensor_decorator' retrieved from /home/airflow/.local/lib/python3.12/site-packages/airflow/example_dags/example_sensor_decorator.py
[2025-06-22T11:11:01.950+0000] {logging_mixin.py:190} INFO - [2025-06-22T11:11:01.950+0000] {dag.py:3239} INFO - Sync 1 DAGs
[2025-06-22T11:11:01.959+0000] {logging_mixin.py:190} INFO - [2025-06-22T11:11:01.959+0000] {dag.py:4180} INFO - Setting next_dagrun for example_sensor_decorator to None, run_after=None
[2025-06-22T11:11:01.971+0000] {processor.py:208} INFO - Processing /home/airflow/.local/lib/python3.12/site-packages/airflow/example_dags/example_sensor_decorator.py took 0.057 seconds
[2025-06-22T11:11:33.062+0000] {processor.py:186} INFO - Started process (PID=4060) to work on /home/airflow/.local/lib/python3.12/site-packages/airflow/example_dags/example_sensor_decorator.py
[2025-06-22T11:11:33.063+0000] {processor.py:914} INFO - Processing file /home/airflow/.local/lib/python3.12/site-packages/airflow/example_dags/example_sensor_decorator.py for tasks to queue
[2025-06-22T11:11:33.065+0000] {logging_mixin.py:190} INFO - [2025-06-22T11:11:33.065+0000] {dagbag.py:588} INFO - Filling up the DagBag from /home/airflow/.local/lib/python3.12/site-packages/airflow/example_dags/example_sensor_decorator.py
[2025-06-22T11:11:33.080+0000] {processor.py:925} INFO - DAG(s) 'example_sensor_decorator' retrieved from /home/airflow/.local/lib/python3.12/site-packages/airflow/example_dags/example_sensor_decorator.py
[2025-06-22T11:11:33.099+0000] {logging_mixin.py:190} INFO - [2025-06-22T11:11:33.099+0000] {dag.py:3239} INFO - Sync 1 DAGs
[2025-06-22T11:11:33.109+0000] {logging_mixin.py:190} INFO - [2025-06-22T11:11:33.109+0000] {dag.py:4180} INFO - Setting next_dagrun for example_sensor_decorator to None, run_after=None
[2025-06-22T11:11:33.127+0000] {processor.py:208} INFO - Processing /home/airflow/.local/lib/python3.12/site-packages/airflow/example_dags/example_sensor_decorator.py took 0.074 seconds
[2025-06-22T11:12:05.168+0000] {processor.py:186} INFO - Started process (PID=4122) to work on /home/airflow/.local/lib/python3.12/site-packages/airflow/example_dags/example_sensor_decorator.py
[2025-06-22T11:12:05.171+0000] {processor.py:914} INFO - Processing file /home/airflow/.local/lib/python3.12/site-packages/airflow/example_dags/example_sensor_decorator.py for tasks to queue
[2025-06-22T11:12:05.173+0000] {logging_mixin.py:190} INFO - [2025-06-22T11:12:05.173+0000] {dagbag.py:588} INFO - Filling up the DagBag from /home/airflow/.local/lib/python3.12/site-packages/airflow/example_dags/example_sensor_decorator.py
[2025-06-22T11:12:05.182+0000] {processor.py:925} INFO - DAG(s) 'example_sensor_decorator' retrieved from /home/airflow/.local/lib/python3.12/site-packages/airflow/example_dags/example_sensor_decorator.py
[2025-06-22T11:12:05.209+0000] {logging_mixin.py:190} INFO - [2025-06-22T11:12:05.209+0000] {dag.py:3239} INFO - Sync 1 DAGs
[2025-06-22T11:12:05.221+0000] {logging_mixin.py:190} INFO - [2025-06-22T11:12:05.221+0000] {dag.py:4180} INFO - Setting next_dagrun for example_sensor_decorator to None, run_after=None
[2025-06-22T11:12:05.237+0000] {processor.py:208} INFO - Processing /home/airflow/.local/lib/python3.12/site-packages/airflow/example_dags/example_sensor_decorator.py took 0.089 seconds
[2025-06-22T11:12:35.775+0000] {processor.py:186} INFO - Started process (PID=4184) to work on /home/airflow/.local/lib/python3.12/site-packages/airflow/example_dags/example_sensor_decorator.py
[2025-06-22T11:12:35.776+0000] {processor.py:914} INFO - Processing file /home/airflow/.local/lib/python3.12/site-packages/airflow/example_dags/example_sensor_decorator.py for tasks to queue
[2025-06-22T11:12:35.777+0000] {logging_mixin.py:190} INFO - [2025-06-22T11:12:35.777+0000] {dagbag.py:588} INFO - Filling up the DagBag from /home/airflow/.local/lib/python3.12/site-packages/airflow/example_dags/example_sensor_decorator.py
[2025-06-22T11:12:35.783+0000] {processor.py:925} INFO - DAG(s) 'example_sensor_decorator' retrieved from /home/airflow/.local/lib/python3.12/site-packages/airflow/example_dags/example_sensor_decorator.py
[2025-06-22T11:12:35.797+0000] {logging_mixin.py:190} INFO - [2025-06-22T11:12:35.797+0000] {dag.py:3239} INFO - Sync 1 DAGs
[2025-06-22T11:12:35.808+0000] {logging_mixin.py:190} INFO - [2025-06-22T11:12:35.808+0000] {dag.py:4180} INFO - Setting next_dagrun for example_sensor_decorator to None, run_after=None
[2025-06-22T11:12:35.823+0000] {processor.py:208} INFO - Processing /home/airflow/.local/lib/python3.12/site-packages/airflow/example_dags/example_sensor_decorator.py took 0.053 seconds
[2025-06-22T11:13:06.436+0000] {processor.py:186} INFO - Started process (PID=4246) to work on /home/airflow/.local/lib/python3.12/site-packages/airflow/example_dags/example_sensor_decorator.py
[2025-06-22T11:13:06.437+0000] {processor.py:914} INFO - Processing file /home/airflow/.local/lib/python3.12/site-packages/airflow/example_dags/example_sensor_decorator.py for tasks to queue
[2025-06-22T11:13:06.439+0000] {logging_mixin.py:190} INFO - [2025-06-22T11:13:06.438+0000] {dagbag.py:588} INFO - Filling up the DagBag from /home/airflow/.local/lib/python3.12/site-packages/airflow/example_dags/example_sensor_decorator.py
[2025-06-22T11:13:06.443+0000] {processor.py:925} INFO - DAG(s) 'example_sensor_decorator' retrieved from /home/airflow/.local/lib/python3.12/site-packages/airflow/example_dags/example_sensor_decorator.py
[2025-06-22T11:13:06.462+0000] {logging_mixin.py:190} INFO - [2025-06-22T11:13:06.461+0000] {dag.py:3239} INFO - Sync 1 DAGs
[2025-06-22T11:13:06.475+0000] {logging_mixin.py:190} INFO - [2025-06-22T11:13:06.475+0000] {dag.py:4180} INFO - Setting next_dagrun for example_sensor_decorator to None, run_after=None
[2025-06-22T11:13:06.486+0000] {processor.py:208} INFO - Processing /home/airflow/.local/lib/python3.12/site-packages/airflow/example_dags/example_sensor_decorator.py took 0.054 seconds
[2025-06-22T11:13:36.644+0000] {processor.py:186} INFO - Started process (PID=4307) to work on /home/airflow/.local/lib/python3.12/site-packages/airflow/example_dags/example_sensor_decorator.py
[2025-06-22T11:13:36.647+0000] {processor.py:914} INFO - Processing file /home/airflow/.local/lib/python3.12/site-packages/airflow/example_dags/example_sensor_decorator.py for tasks to queue
[2025-06-22T11:13:36.651+0000] {logging_mixin.py:190} INFO - [2025-06-22T11:13:36.651+0000] {dagbag.py:588} INFO - Filling up the DagBag from /home/airflow/.local/lib/python3.12/site-packages/airflow/example_dags/example_sensor_decorator.py
[2025-06-22T11:13:36.671+0000] {processor.py:925} INFO - DAG(s) 'example_sensor_decorator' retrieved from /home/airflow/.local/lib/python3.12/site-packages/airflow/example_dags/example_sensor_decorator.py
[2025-06-22T11:13:36.699+0000] {logging_mixin.py:190} INFO - [2025-06-22T11:13:36.699+0000] {dag.py:3239} INFO - Sync 1 DAGs
[2025-06-22T11:13:36.716+0000] {logging_mixin.py:190} INFO - [2025-06-22T11:13:36.716+0000] {dag.py:4180} INFO - Setting next_dagrun for example_sensor_decorator to None, run_after=None
[2025-06-22T11:13:36.736+0000] {processor.py:208} INFO - Processing /home/airflow/.local/lib/python3.12/site-packages/airflow/example_dags/example_sensor_decorator.py took 0.101 seconds
[2025-06-22T11:14:07.048+0000] {processor.py:186} INFO - Started process (PID=4368) to work on /home/airflow/.local/lib/python3.12/site-packages/airflow/example_dags/example_sensor_decorator.py
[2025-06-22T11:14:07.058+0000] {processor.py:914} INFO - Processing file /home/airflow/.local/lib/python3.12/site-packages/airflow/example_dags/example_sensor_decorator.py for tasks to queue
[2025-06-22T11:14:07.063+0000] {logging_mixin.py:190} INFO - [2025-06-22T11:14:07.063+0000] {dagbag.py:588} INFO - Filling up the DagBag from /home/airflow/.local/lib/python3.12/site-packages/airflow/example_dags/example_sensor_decorator.py
[2025-06-22T11:14:07.085+0000] {processor.py:925} INFO - DAG(s) 'example_sensor_decorator' retrieved from /home/airflow/.local/lib/python3.12/site-packages/airflow/example_dags/example_sensor_decorator.py
[2025-06-22T11:14:07.129+0000] {logging_mixin.py:190} INFO - [2025-06-22T11:14:07.129+0000] {dag.py:3239} INFO - Sync 1 DAGs
[2025-06-22T11:14:07.150+0000] {logging_mixin.py:190} INFO - [2025-06-22T11:14:07.150+0000] {dag.py:4180} INFO - Setting next_dagrun for example_sensor_decorator to None, run_after=None
[2025-06-22T11:14:07.176+0000] {processor.py:208} INFO - Processing /home/airflow/.local/lib/python3.12/site-packages/airflow/example_dags/example_sensor_decorator.py took 0.143 seconds
[2025-06-22T11:14:38.266+0000] {processor.py:186} INFO - Started process (PID=4431) to work on /home/airflow/.local/lib/python3.12/site-packages/airflow/example_dags/example_sensor_decorator.py
[2025-06-22T11:14:38.267+0000] {processor.py:914} INFO - Processing file /home/airflow/.local/lib/python3.12/site-packages/airflow/example_dags/example_sensor_decorator.py for tasks to queue
[2025-06-22T11:14:38.268+0000] {logging_mixin.py:190} INFO - [2025-06-22T11:14:38.268+0000] {dagbag.py:588} INFO - Filling up the DagBag from /home/airflow/.local/lib/python3.12/site-packages/airflow/example_dags/example_sensor_decorator.py
[2025-06-22T11:14:38.274+0000] {processor.py:925} INFO - DAG(s) 'example_sensor_decorator' retrieved from /home/airflow/.local/lib/python3.12/site-packages/airflow/example_dags/example_sensor_decorator.py
[2025-06-22T11:14:38.293+0000] {logging_mixin.py:190} INFO - [2025-06-22T11:14:38.293+0000] {dag.py:3239} INFO - Sync 1 DAGs
[2025-06-22T11:14:38.308+0000] {logging_mixin.py:190} INFO - [2025-06-22T11:14:38.308+0000] {dag.py:4180} INFO - Setting next_dagrun for example_sensor_decorator to None, run_after=None
[2025-06-22T11:14:38.322+0000] {processor.py:208} INFO - Processing /home/airflow/.local/lib/python3.12/site-packages/airflow/example_dags/example_sensor_decorator.py took 0.060 seconds
[2025-06-22T11:15:08.624+0000] {processor.py:186} INFO - Started process (PID=4493) to work on /home/airflow/.local/lib/python3.12/site-packages/airflow/example_dags/example_sensor_decorator.py
[2025-06-22T11:15:08.625+0000] {processor.py:914} INFO - Processing file /home/airflow/.local/lib/python3.12/site-packages/airflow/example_dags/example_sensor_decorator.py for tasks to queue
[2025-06-22T11:15:08.626+0000] {logging_mixin.py:190} INFO - [2025-06-22T11:15:08.626+0000] {dagbag.py:588} INFO - Filling up the DagBag from /home/airflow/.local/lib/python3.12/site-packages/airflow/example_dags/example_sensor_decorator.py
[2025-06-22T11:15:08.631+0000] {processor.py:925} INFO - DAG(s) 'example_sensor_decorator' retrieved from /home/airflow/.local/lib/python3.12/site-packages/airflow/example_dags/example_sensor_decorator.py
[2025-06-22T11:15:08.646+0000] {logging_mixin.py:190} INFO - [2025-06-22T11:15:08.646+0000] {dag.py:3239} INFO - Sync 1 DAGs
[2025-06-22T11:15:08.658+0000] {logging_mixin.py:190} INFO - [2025-06-22T11:15:08.657+0000] {dag.py:4180} INFO - Setting next_dagrun for example_sensor_decorator to None, run_after=None
[2025-06-22T11:15:08.672+0000] {processor.py:208} INFO - Processing /home/airflow/.local/lib/python3.12/site-packages/airflow/example_dags/example_sensor_decorator.py took 0.051 seconds
[2025-06-22T11:15:41.683+0000] {processor.py:186} INFO - Started process (PID=4561) to work on /home/airflow/.local/lib/python3.12/site-packages/airflow/example_dags/example_sensor_decorator.py
[2025-06-22T11:15:41.696+0000] {processor.py:914} INFO - Processing file /home/airflow/.local/lib/python3.12/site-packages/airflow/example_dags/example_sensor_decorator.py for tasks to queue
[2025-06-22T11:15:41.743+0000] {logging_mixin.py:190} INFO - [2025-06-22T11:15:41.742+0000] {dagbag.py:588} INFO - Filling up the DagBag from /home/airflow/.local/lib/python3.12/site-packages/airflow/example_dags/example_sensor_decorator.py
[2025-06-22T11:15:41.831+0000] {processor.py:925} INFO - DAG(s) 'example_sensor_decorator' retrieved from /home/airflow/.local/lib/python3.12/site-packages/airflow/example_dags/example_sensor_decorator.py
[2025-06-22T11:15:42.001+0000] {logging_mixin.py:190} INFO - [2025-06-22T11:15:42.001+0000] {dag.py:3239} INFO - Sync 1 DAGs
[2025-06-22T11:15:42.109+0000] {logging_mixin.py:190} INFO - [2025-06-22T11:15:42.108+0000] {dag.py:4180} INFO - Setting next_dagrun for example_sensor_decorator to None, run_after=None
[2025-06-22T11:15:42.171+0000] {processor.py:208} INFO - Processing /home/airflow/.local/lib/python3.12/site-packages/airflow/example_dags/example_sensor_decorator.py took 0.587 seconds
[2025-06-22T11:16:12.365+0000] {processor.py:186} INFO - Started process (PID=4623) to work on /home/airflow/.local/lib/python3.12/site-packages/airflow/example_dags/example_sensor_decorator.py
[2025-06-22T11:16:12.366+0000] {processor.py:914} INFO - Processing file /home/airflow/.local/lib/python3.12/site-packages/airflow/example_dags/example_sensor_decorator.py for tasks to queue
[2025-06-22T11:16:12.367+0000] {logging_mixin.py:190} INFO - [2025-06-22T11:16:12.367+0000] {dagbag.py:588} INFO - Filling up the DagBag from /home/airflow/.local/lib/python3.12/site-packages/airflow/example_dags/example_sensor_decorator.py
[2025-06-22T11:16:12.371+0000] {processor.py:925} INFO - DAG(s) 'example_sensor_decorator' retrieved from /home/airflow/.local/lib/python3.12/site-packages/airflow/example_dags/example_sensor_decorator.py
[2025-06-22T11:16:12.381+0000] {logging_mixin.py:190} INFO - [2025-06-22T11:16:12.380+0000] {dag.py:3239} INFO - Sync 1 DAGs
[2025-06-22T11:16:12.387+0000] {logging_mixin.py:190} INFO - [2025-06-22T11:16:12.387+0000] {dag.py:4180} INFO - Setting next_dagrun for example_sensor_decorator to None, run_after=None
[2025-06-22T11:16:12.394+0000] {processor.py:208} INFO - Processing /home/airflow/.local/lib/python3.12/site-packages/airflow/example_dags/example_sensor_decorator.py took 0.032 seconds
[2025-06-22T11:16:42.888+0000] {processor.py:186} INFO - Started process (PID=4685) to work on /home/airflow/.local/lib/python3.12/site-packages/airflow/example_dags/example_sensor_decorator.py
[2025-06-22T11:16:42.889+0000] {processor.py:914} INFO - Processing file /home/airflow/.local/lib/python3.12/site-packages/airflow/example_dags/example_sensor_decorator.py for tasks to queue
[2025-06-22T11:16:42.892+0000] {logging_mixin.py:190} INFO - [2025-06-22T11:16:42.891+0000] {dagbag.py:588} INFO - Filling up the DagBag from /home/airflow/.local/lib/python3.12/site-packages/airflow/example_dags/example_sensor_decorator.py
[2025-06-22T11:16:42.899+0000] {processor.py:925} INFO - DAG(s) 'example_sensor_decorator' retrieved from /home/airflow/.local/lib/python3.12/site-packages/airflow/example_dags/example_sensor_decorator.py
[2025-06-22T11:16:42.913+0000] {logging_mixin.py:190} INFO - [2025-06-22T11:16:42.913+0000] {dag.py:3239} INFO - Sync 1 DAGs
[2025-06-22T11:16:42.926+0000] {logging_mixin.py:190} INFO - [2025-06-22T11:16:42.926+0000] {dag.py:4180} INFO - Setting next_dagrun for example_sensor_decorator to None, run_after=None
[2025-06-22T11:16:42.942+0000] {processor.py:208} INFO - Processing /home/airflow/.local/lib/python3.12/site-packages/airflow/example_dags/example_sensor_decorator.py took 0.060 seconds
[2025-06-22T11:17:13.885+0000] {processor.py:186} INFO - Started process (PID=4747) to work on /home/airflow/.local/lib/python3.12/site-packages/airflow/example_dags/example_sensor_decorator.py
[2025-06-22T11:17:13.891+0000] {processor.py:914} INFO - Processing file /home/airflow/.local/lib/python3.12/site-packages/airflow/example_dags/example_sensor_decorator.py for tasks to queue
[2025-06-22T11:17:13.896+0000] {logging_mixin.py:190} INFO - [2025-06-22T11:17:13.895+0000] {dagbag.py:588} INFO - Filling up the DagBag from /home/airflow/.local/lib/python3.12/site-packages/airflow/example_dags/example_sensor_decorator.py
[2025-06-22T11:17:13.911+0000] {processor.py:925} INFO - DAG(s) 'example_sensor_decorator' retrieved from /home/airflow/.local/lib/python3.12/site-packages/airflow/example_dags/example_sensor_decorator.py
[2025-06-22T11:17:13.970+0000] {logging_mixin.py:190} INFO - [2025-06-22T11:17:13.969+0000] {dag.py:3239} INFO - Sync 1 DAGs
[2025-06-22T11:17:14.001+0000] {logging_mixin.py:190} INFO - [2025-06-22T11:17:14.001+0000] {dag.py:4180} INFO - Setting next_dagrun for example_sensor_decorator to None, run_after=None
[2025-06-22T11:17:14.036+0000] {processor.py:208} INFO - Processing /home/airflow/.local/lib/python3.12/site-packages/airflow/example_dags/example_sensor_decorator.py took 0.180 seconds
[2025-06-22T11:17:44.058+0000] {processor.py:186} INFO - Started process (PID=4808) to work on /home/airflow/.local/lib/python3.12/site-packages/airflow/example_dags/example_sensor_decorator.py
[2025-06-22T11:17:44.058+0000] {processor.py:914} INFO - Processing file /home/airflow/.local/lib/python3.12/site-packages/airflow/example_dags/example_sensor_decorator.py for tasks to queue
[2025-06-22T11:17:44.060+0000] {logging_mixin.py:190} INFO - [2025-06-22T11:17:44.060+0000] {dagbag.py:588} INFO - Filling up the DagBag from /home/airflow/.local/lib/python3.12/site-packages/airflow/example_dags/example_sensor_decorator.py
[2025-06-22T11:17:44.064+0000] {processor.py:925} INFO - DAG(s) 'example_sensor_decorator' retrieved from /home/airflow/.local/lib/python3.12/site-packages/airflow/example_dags/example_sensor_decorator.py
[2025-06-22T11:17:44.079+0000] {logging_mixin.py:190} INFO - [2025-06-22T11:17:44.079+0000] {dag.py:3239} INFO - Sync 1 DAGs
[2025-06-22T11:17:44.091+0000] {logging_mixin.py:190} INFO - [2025-06-22T11:17:44.091+0000] {dag.py:4180} INFO - Setting next_dagrun for example_sensor_decorator to None, run_after=None
[2025-06-22T11:17:44.105+0000] {processor.py:208} INFO - Processing /home/airflow/.local/lib/python3.12/site-packages/airflow/example_dags/example_sensor_decorator.py took 0.050 seconds
[2025-06-22T11:18:14.321+0000] {processor.py:186} INFO - Started process (PID=4870) to work on /home/airflow/.local/lib/python3.12/site-packages/airflow/example_dags/example_sensor_decorator.py
[2025-06-22T11:18:14.323+0000] {processor.py:914} INFO - Processing file /home/airflow/.local/lib/python3.12/site-packages/airflow/example_dags/example_sensor_decorator.py for tasks to queue
[2025-06-22T11:18:14.328+0000] {logging_mixin.py:190} INFO - [2025-06-22T11:18:14.327+0000] {dagbag.py:588} INFO - Filling up the DagBag from /home/airflow/.local/lib/python3.12/site-packages/airflow/example_dags/example_sensor_decorator.py
[2025-06-22T11:18:14.345+0000] {processor.py:925} INFO - DAG(s) 'example_sensor_decorator' retrieved from /home/airflow/.local/lib/python3.12/site-packages/airflow/example_dags/example_sensor_decorator.py
[2025-06-22T11:18:14.370+0000] {logging_mixin.py:190} INFO - [2025-06-22T11:18:14.370+0000] {dag.py:3239} INFO - Sync 1 DAGs
[2025-06-22T11:18:14.386+0000] {logging_mixin.py:190} INFO - [2025-06-22T11:18:14.386+0000] {dag.py:4180} INFO - Setting next_dagrun for example_sensor_decorator to None, run_after=None
[2025-06-22T11:18:14.421+0000] {processor.py:208} INFO - Processing /home/airflow/.local/lib/python3.12/site-packages/airflow/example_dags/example_sensor_decorator.py took 0.105 seconds
[2025-06-22T11:18:44.465+0000] {processor.py:186} INFO - Started process (PID=4931) to work on /home/airflow/.local/lib/python3.12/site-packages/airflow/example_dags/example_sensor_decorator.py
[2025-06-22T11:18:44.467+0000] {processor.py:914} INFO - Processing file /home/airflow/.local/lib/python3.12/site-packages/airflow/example_dags/example_sensor_decorator.py for tasks to queue
[2025-06-22T11:18:44.468+0000] {logging_mixin.py:190} INFO - [2025-06-22T11:18:44.468+0000] {dagbag.py:588} INFO - Filling up the DagBag from /home/airflow/.local/lib/python3.12/site-packages/airflow/example_dags/example_sensor_decorator.py
[2025-06-22T11:18:44.480+0000] {processor.py:925} INFO - DAG(s) 'example_sensor_decorator' retrieved from /home/airflow/.local/lib/python3.12/site-packages/airflow/example_dags/example_sensor_decorator.py
[2025-06-22T11:18:44.491+0000] {logging_mixin.py:190} INFO - [2025-06-22T11:18:44.491+0000] {dag.py:3239} INFO - Sync 1 DAGs
[2025-06-22T11:18:44.499+0000] {logging_mixin.py:190} INFO - [2025-06-22T11:18:44.499+0000] {dag.py:4180} INFO - Setting next_dagrun for example_sensor_decorator to None, run_after=None
[2025-06-22T11:18:44.513+0000] {processor.py:208} INFO - Processing /home/airflow/.local/lib/python3.12/site-packages/airflow/example_dags/example_sensor_decorator.py took 0.052 seconds
[2025-06-22T11:19:15.515+0000] {processor.py:186} INFO - Started process (PID=4994) to work on /home/airflow/.local/lib/python3.12/site-packages/airflow/example_dags/example_sensor_decorator.py
[2025-06-22T11:19:15.517+0000] {processor.py:914} INFO - Processing file /home/airflow/.local/lib/python3.12/site-packages/airflow/example_dags/example_sensor_decorator.py for tasks to queue
[2025-06-22T11:19:15.519+0000] {logging_mixin.py:190} INFO - [2025-06-22T11:19:15.518+0000] {dagbag.py:588} INFO - Filling up the DagBag from /home/airflow/.local/lib/python3.12/site-packages/airflow/example_dags/example_sensor_decorator.py
[2025-06-22T11:19:15.528+0000] {processor.py:925} INFO - DAG(s) 'example_sensor_decorator' retrieved from /home/airflow/.local/lib/python3.12/site-packages/airflow/example_dags/example_sensor_decorator.py
[2025-06-22T11:19:15.543+0000] {logging_mixin.py:190} INFO - [2025-06-22T11:19:15.543+0000] {dag.py:3239} INFO - Sync 1 DAGs
[2025-06-22T11:19:15.554+0000] {logging_mixin.py:190} INFO - [2025-06-22T11:19:15.554+0000] {dag.py:4180} INFO - Setting next_dagrun for example_sensor_decorator to None, run_after=None
[2025-06-22T11:19:15.562+0000] {processor.py:208} INFO - Processing /home/airflow/.local/lib/python3.12/site-packages/airflow/example_dags/example_sensor_decorator.py took 0.051 seconds
[2025-06-22T11:19:48.514+0000] {processor.py:186} INFO - Started process (PID=5056) to work on /home/airflow/.local/lib/python3.12/site-packages/airflow/example_dags/example_sensor_decorator.py
[2025-06-22T11:19:48.518+0000] {processor.py:914} INFO - Processing file /home/airflow/.local/lib/python3.12/site-packages/airflow/example_dags/example_sensor_decorator.py for tasks to queue
[2025-06-22T11:19:48.522+0000] {logging_mixin.py:190} INFO - [2025-06-22T11:19:48.522+0000] {dagbag.py:588} INFO - Filling up the DagBag from /home/airflow/.local/lib/python3.12/site-packages/airflow/example_dags/example_sensor_decorator.py
[2025-06-22T11:19:48.528+0000] {processor.py:925} INFO - DAG(s) 'example_sensor_decorator' retrieved from /home/airflow/.local/lib/python3.12/site-packages/airflow/example_dags/example_sensor_decorator.py
[2025-06-22T11:19:48.543+0000] {logging_mixin.py:190} INFO - [2025-06-22T11:19:48.543+0000] {dag.py:3239} INFO - Sync 1 DAGs
[2025-06-22T11:19:48.553+0000] {logging_mixin.py:190} INFO - [2025-06-22T11:19:48.553+0000] {dag.py:4180} INFO - Setting next_dagrun for example_sensor_decorator to None, run_after=None
[2025-06-22T11:19:48.572+0000] {processor.py:208} INFO - Processing /home/airflow/.local/lib/python3.12/site-packages/airflow/example_dags/example_sensor_decorator.py took 0.067 seconds
[2025-06-22T11:20:19.558+0000] {processor.py:186} INFO - Started process (PID=5119) to work on /home/airflow/.local/lib/python3.12/site-packages/airflow/example_dags/example_sensor_decorator.py
[2025-06-22T11:20:19.561+0000] {processor.py:914} INFO - Processing file /home/airflow/.local/lib/python3.12/site-packages/airflow/example_dags/example_sensor_decorator.py for tasks to queue
[2025-06-22T11:20:19.563+0000] {logging_mixin.py:190} INFO - [2025-06-22T11:20:19.562+0000] {dagbag.py:588} INFO - Filling up the DagBag from /home/airflow/.local/lib/python3.12/site-packages/airflow/example_dags/example_sensor_decorator.py
[2025-06-22T11:20:19.567+0000] {processor.py:925} INFO - DAG(s) 'example_sensor_decorator' retrieved from /home/airflow/.local/lib/python3.12/site-packages/airflow/example_dags/example_sensor_decorator.py
[2025-06-22T11:20:19.578+0000] {logging_mixin.py:190} INFO - [2025-06-22T11:20:19.578+0000] {dag.py:3239} INFO - Sync 1 DAGs
[2025-06-22T11:20:19.587+0000] {logging_mixin.py:190} INFO - [2025-06-22T11:20:19.587+0000] {dag.py:4180} INFO - Setting next_dagrun for example_sensor_decorator to None, run_after=None
[2025-06-22T11:20:19.598+0000] {processor.py:208} INFO - Processing /home/airflow/.local/lib/python3.12/site-packages/airflow/example_dags/example_sensor_decorator.py took 0.047 seconds
[2025-06-22T11:20:50.560+0000] {processor.py:186} INFO - Started process (PID=5181) to work on /home/airflow/.local/lib/python3.12/site-packages/airflow/example_dags/example_sensor_decorator.py
[2025-06-22T11:20:50.563+0000] {processor.py:914} INFO - Processing file /home/airflow/.local/lib/python3.12/site-packages/airflow/example_dags/example_sensor_decorator.py for tasks to queue
[2025-06-22T11:20:50.565+0000] {logging_mixin.py:190} INFO - [2025-06-22T11:20:50.564+0000] {dagbag.py:588} INFO - Filling up the DagBag from /home/airflow/.local/lib/python3.12/site-packages/airflow/example_dags/example_sensor_decorator.py
[2025-06-22T11:20:50.569+0000] {processor.py:925} INFO - DAG(s) 'example_sensor_decorator' retrieved from /home/airflow/.local/lib/python3.12/site-packages/airflow/example_dags/example_sensor_decorator.py
[2025-06-22T11:20:50.590+0000] {logging_mixin.py:190} INFO - [2025-06-22T11:20:50.590+0000] {dag.py:3239} INFO - Sync 1 DAGs
[2025-06-22T11:20:50.601+0000] {logging_mixin.py:190} INFO - [2025-06-22T11:20:50.601+0000] {dag.py:4180} INFO - Setting next_dagrun for example_sensor_decorator to None, run_after=None
[2025-06-22T11:20:50.615+0000] {processor.py:208} INFO - Processing /home/airflow/.local/lib/python3.12/site-packages/airflow/example_dags/example_sensor_decorator.py took 0.064 seconds
[2025-06-22T11:21:21.647+0000] {processor.py:186} INFO - Started process (PID=5243) to work on /home/airflow/.local/lib/python3.12/site-packages/airflow/example_dags/example_sensor_decorator.py
[2025-06-22T11:21:21.648+0000] {processor.py:914} INFO - Processing file /home/airflow/.local/lib/python3.12/site-packages/airflow/example_dags/example_sensor_decorator.py for tasks to queue
[2025-06-22T11:21:21.651+0000] {logging_mixin.py:190} INFO - [2025-06-22T11:21:21.651+0000] {dagbag.py:588} INFO - Filling up the DagBag from /home/airflow/.local/lib/python3.12/site-packages/airflow/example_dags/example_sensor_decorator.py
[2025-06-22T11:21:21.658+0000] {processor.py:925} INFO - DAG(s) 'example_sensor_decorator' retrieved from /home/airflow/.local/lib/python3.12/site-packages/airflow/example_dags/example_sensor_decorator.py
[2025-06-22T11:21:21.673+0000] {logging_mixin.py:190} INFO - [2025-06-22T11:21:21.673+0000] {dag.py:3239} INFO - Sync 1 DAGs
[2025-06-22T11:21:21.682+0000] {logging_mixin.py:190} INFO - [2025-06-22T11:21:21.682+0000] {dag.py:4180} INFO - Setting next_dagrun for example_sensor_decorator to None, run_after=None
[2025-06-22T11:21:21.698+0000] {processor.py:208} INFO - Processing /home/airflow/.local/lib/python3.12/site-packages/airflow/example_dags/example_sensor_decorator.py took 0.059 seconds
[2025-06-22T11:21:52.415+0000] {processor.py:186} INFO - Started process (PID=5305) to work on /home/airflow/.local/lib/python3.12/site-packages/airflow/example_dags/example_sensor_decorator.py
[2025-06-22T11:21:52.417+0000] {processor.py:914} INFO - Processing file /home/airflow/.local/lib/python3.12/site-packages/airflow/example_dags/example_sensor_decorator.py for tasks to queue
[2025-06-22T11:21:52.418+0000] {logging_mixin.py:190} INFO - [2025-06-22T11:21:52.418+0000] {dagbag.py:588} INFO - Filling up the DagBag from /home/airflow/.local/lib/python3.12/site-packages/airflow/example_dags/example_sensor_decorator.py
[2025-06-22T11:21:52.426+0000] {processor.py:925} INFO - DAG(s) 'example_sensor_decorator' retrieved from /home/airflow/.local/lib/python3.12/site-packages/airflow/example_dags/example_sensor_decorator.py
[2025-06-22T11:21:52.444+0000] {logging_mixin.py:190} INFO - [2025-06-22T11:21:52.444+0000] {dag.py:3239} INFO - Sync 1 DAGs
[2025-06-22T11:21:52.456+0000] {logging_mixin.py:190} INFO - [2025-06-22T11:21:52.456+0000] {dag.py:4180} INFO - Setting next_dagrun for example_sensor_decorator to None, run_after=None
[2025-06-22T11:21:52.466+0000] {processor.py:208} INFO - Processing /home/airflow/.local/lib/python3.12/site-packages/airflow/example_dags/example_sensor_decorator.py took 0.057 seconds
[2025-06-22T11:22:23.375+0000] {processor.py:186} INFO - Started process (PID=5367) to work on /home/airflow/.local/lib/python3.12/site-packages/airflow/example_dags/example_sensor_decorator.py
[2025-06-22T11:22:23.376+0000] {processor.py:914} INFO - Processing file /home/airflow/.local/lib/python3.12/site-packages/airflow/example_dags/example_sensor_decorator.py for tasks to queue
[2025-06-22T11:22:23.377+0000] {logging_mixin.py:190} INFO - [2025-06-22T11:22:23.377+0000] {dagbag.py:588} INFO - Filling up the DagBag from /home/airflow/.local/lib/python3.12/site-packages/airflow/example_dags/example_sensor_decorator.py
[2025-06-22T11:22:23.381+0000] {processor.py:925} INFO - DAG(s) 'example_sensor_decorator' retrieved from /home/airflow/.local/lib/python3.12/site-packages/airflow/example_dags/example_sensor_decorator.py
[2025-06-22T11:22:23.577+0000] {logging_mixin.py:190} INFO - [2025-06-22T11:22:23.574+0000] {dag.py:3239} INFO - Sync 1 DAGs
[2025-06-22T11:22:23.652+0000] {logging_mixin.py:190} INFO - [2025-06-22T11:22:23.651+0000] {dag.py:4180} INFO - Setting next_dagrun for example_sensor_decorator to None, run_after=None
[2025-06-22T11:22:23.690+0000] {processor.py:208} INFO - Processing /home/airflow/.local/lib/python3.12/site-packages/airflow/example_dags/example_sensor_decorator.py took 0.318 seconds
[2025-06-22T11:22:53.914+0000] {processor.py:186} INFO - Started process (PID=5429) to work on /home/airflow/.local/lib/python3.12/site-packages/airflow/example_dags/example_sensor_decorator.py
[2025-06-22T11:22:53.915+0000] {processor.py:914} INFO - Processing file /home/airflow/.local/lib/python3.12/site-packages/airflow/example_dags/example_sensor_decorator.py for tasks to queue
[2025-06-22T11:22:53.919+0000] {logging_mixin.py:190} INFO - [2025-06-22T11:22:53.919+0000] {dagbag.py:588} INFO - Filling up the DagBag from /home/airflow/.local/lib/python3.12/site-packages/airflow/example_dags/example_sensor_decorator.py
[2025-06-22T11:22:53.932+0000] {processor.py:925} INFO - DAG(s) 'example_sensor_decorator' retrieved from /home/airflow/.local/lib/python3.12/site-packages/airflow/example_dags/example_sensor_decorator.py
[2025-06-22T11:22:53.953+0000] {logging_mixin.py:190} INFO - [2025-06-22T11:22:53.953+0000] {dag.py:3239} INFO - Sync 1 DAGs
[2025-06-22T11:22:53.965+0000] {logging_mixin.py:190} INFO - [2025-06-22T11:22:53.965+0000] {dag.py:4180} INFO - Setting next_dagrun for example_sensor_decorator to None, run_after=None
[2025-06-22T11:22:53.978+0000] {processor.py:208} INFO - Processing /home/airflow/.local/lib/python3.12/site-packages/airflow/example_dags/example_sensor_decorator.py took 0.069 seconds
[2025-06-22T11:23:24.874+0000] {processor.py:186} INFO - Started process (PID=5491) to work on /home/airflow/.local/lib/python3.12/site-packages/airflow/example_dags/example_sensor_decorator.py
[2025-06-22T11:23:24.875+0000] {processor.py:914} INFO - Processing file /home/airflow/.local/lib/python3.12/site-packages/airflow/example_dags/example_sensor_decorator.py for tasks to queue
[2025-06-22T11:23:24.877+0000] {logging_mixin.py:190} INFO - [2025-06-22T11:23:24.876+0000] {dagbag.py:588} INFO - Filling up the DagBag from /home/airflow/.local/lib/python3.12/site-packages/airflow/example_dags/example_sensor_decorator.py
[2025-06-22T11:23:24.883+0000] {processor.py:925} INFO - DAG(s) 'example_sensor_decorator' retrieved from /home/airflow/.local/lib/python3.12/site-packages/airflow/example_dags/example_sensor_decorator.py
[2025-06-22T11:23:24.894+0000] {logging_mixin.py:190} INFO - [2025-06-22T11:23:24.894+0000] {dag.py:3239} INFO - Sync 1 DAGs
[2025-06-22T11:23:24.905+0000] {logging_mixin.py:190} INFO - [2025-06-22T11:23:24.905+0000] {dag.py:4180} INFO - Setting next_dagrun for example_sensor_decorator to None, run_after=None
[2025-06-22T11:23:24.921+0000] {processor.py:208} INFO - Processing /home/airflow/.local/lib/python3.12/site-packages/airflow/example_dags/example_sensor_decorator.py took 0.051 seconds
[2025-06-22T11:23:55.719+0000] {processor.py:186} INFO - Started process (PID=5552) to work on /home/airflow/.local/lib/python3.12/site-packages/airflow/example_dags/example_sensor_decorator.py
[2025-06-22T11:23:55.720+0000] {processor.py:914} INFO - Processing file /home/airflow/.local/lib/python3.12/site-packages/airflow/example_dags/example_sensor_decorator.py for tasks to queue
[2025-06-22T11:23:55.723+0000] {logging_mixin.py:190} INFO - [2025-06-22T11:23:55.722+0000] {dagbag.py:588} INFO - Filling up the DagBag from /home/airflow/.local/lib/python3.12/site-packages/airflow/example_dags/example_sensor_decorator.py
[2025-06-22T11:23:55.728+0000] {processor.py:925} INFO - DAG(s) 'example_sensor_decorator' retrieved from /home/airflow/.local/lib/python3.12/site-packages/airflow/example_dags/example_sensor_decorator.py
[2025-06-22T11:23:55.754+0000] {logging_mixin.py:190} INFO - [2025-06-22T11:23:55.754+0000] {dag.py:3239} INFO - Sync 1 DAGs
[2025-06-22T11:23:55.763+0000] {logging_mixin.py:190} INFO - [2025-06-22T11:23:55.763+0000] {dag.py:4180} INFO - Setting next_dagrun for example_sensor_decorator to None, run_after=None
[2025-06-22T11:23:55.780+0000] {processor.py:208} INFO - Processing /home/airflow/.local/lib/python3.12/site-packages/airflow/example_dags/example_sensor_decorator.py took 0.066 seconds
[2025-06-22T11:24:26.483+0000] {processor.py:186} INFO - Started process (PID=5614) to work on /home/airflow/.local/lib/python3.12/site-packages/airflow/example_dags/example_sensor_decorator.py
[2025-06-22T11:24:26.487+0000] {processor.py:914} INFO - Processing file /home/airflow/.local/lib/python3.12/site-packages/airflow/example_dags/example_sensor_decorator.py for tasks to queue
[2025-06-22T11:24:26.490+0000] {logging_mixin.py:190} INFO - [2025-06-22T11:24:26.490+0000] {dagbag.py:588} INFO - Filling up the DagBag from /home/airflow/.local/lib/python3.12/site-packages/airflow/example_dags/example_sensor_decorator.py
[2025-06-22T11:24:26.495+0000] {processor.py:925} INFO - DAG(s) 'example_sensor_decorator' retrieved from /home/airflow/.local/lib/python3.12/site-packages/airflow/example_dags/example_sensor_decorator.py
[2025-06-22T11:24:26.509+0000] {logging_mixin.py:190} INFO - [2025-06-22T11:24:26.509+0000] {dag.py:3239} INFO - Sync 1 DAGs
[2025-06-22T11:24:26.518+0000] {logging_mixin.py:190} INFO - [2025-06-22T11:24:26.517+0000] {dag.py:4180} INFO - Setting next_dagrun for example_sensor_decorator to None, run_after=None
[2025-06-22T11:24:26.530+0000] {processor.py:208} INFO - Processing /home/airflow/.local/lib/python3.12/site-packages/airflow/example_dags/example_sensor_decorator.py took 0.050 seconds
[2025-06-22T11:24:56.696+0000] {processor.py:186} INFO - Started process (PID=5676) to work on /home/airflow/.local/lib/python3.12/site-packages/airflow/example_dags/example_sensor_decorator.py
[2025-06-22T11:24:56.697+0000] {processor.py:914} INFO - Processing file /home/airflow/.local/lib/python3.12/site-packages/airflow/example_dags/example_sensor_decorator.py for tasks to queue
[2025-06-22T11:24:56.698+0000] {logging_mixin.py:190} INFO - [2025-06-22T11:24:56.698+0000] {dagbag.py:588} INFO - Filling up the DagBag from /home/airflow/.local/lib/python3.12/site-packages/airflow/example_dags/example_sensor_decorator.py
[2025-06-22T11:24:56.703+0000] {processor.py:925} INFO - DAG(s) 'example_sensor_decorator' retrieved from /home/airflow/.local/lib/python3.12/site-packages/airflow/example_dags/example_sensor_decorator.py
[2025-06-22T11:24:56.718+0000] {logging_mixin.py:190} INFO - [2025-06-22T11:24:56.718+0000] {dag.py:3239} INFO - Sync 1 DAGs
[2025-06-22T11:24:56.726+0000] {logging_mixin.py:190} INFO - [2025-06-22T11:24:56.726+0000] {dag.py:4180} INFO - Setting next_dagrun for example_sensor_decorator to None, run_after=None
[2025-06-22T11:24:56.738+0000] {processor.py:208} INFO - Processing /home/airflow/.local/lib/python3.12/site-packages/airflow/example_dags/example_sensor_decorator.py took 0.047 seconds
[2025-06-22T11:25:27.476+0000] {processor.py:186} INFO - Started process (PID=5738) to work on /home/airflow/.local/lib/python3.12/site-packages/airflow/example_dags/example_sensor_decorator.py
[2025-06-22T11:25:27.478+0000] {processor.py:914} INFO - Processing file /home/airflow/.local/lib/python3.12/site-packages/airflow/example_dags/example_sensor_decorator.py for tasks to queue
[2025-06-22T11:25:27.480+0000] {logging_mixin.py:190} INFO - [2025-06-22T11:25:27.480+0000] {dagbag.py:588} INFO - Filling up the DagBag from /home/airflow/.local/lib/python3.12/site-packages/airflow/example_dags/example_sensor_decorator.py
[2025-06-22T11:25:27.494+0000] {processor.py:925} INFO - DAG(s) 'example_sensor_decorator' retrieved from /home/airflow/.local/lib/python3.12/site-packages/airflow/example_dags/example_sensor_decorator.py
[2025-06-22T11:25:27.512+0000] {logging_mixin.py:190} INFO - [2025-06-22T11:25:27.512+0000] {dag.py:3239} INFO - Sync 1 DAGs
[2025-06-22T11:25:27.522+0000] {logging_mixin.py:190} INFO - [2025-06-22T11:25:27.522+0000] {dag.py:4180} INFO - Setting next_dagrun for example_sensor_decorator to None, run_after=None
[2025-06-22T11:25:27.536+0000] {processor.py:208} INFO - Processing /home/airflow/.local/lib/python3.12/site-packages/airflow/example_dags/example_sensor_decorator.py took 0.064 seconds
[2025-06-22T11:25:58.738+0000] {processor.py:186} INFO - Started process (PID=5800) to work on /home/airflow/.local/lib/python3.12/site-packages/airflow/example_dags/example_sensor_decorator.py
[2025-06-22T11:25:58.739+0000] {processor.py:914} INFO - Processing file /home/airflow/.local/lib/python3.12/site-packages/airflow/example_dags/example_sensor_decorator.py for tasks to queue
[2025-06-22T11:25:58.740+0000] {logging_mixin.py:190} INFO - [2025-06-22T11:25:58.740+0000] {dagbag.py:588} INFO - Filling up the DagBag from /home/airflow/.local/lib/python3.12/site-packages/airflow/example_dags/example_sensor_decorator.py
[2025-06-22T11:25:58.746+0000] {processor.py:925} INFO - DAG(s) 'example_sensor_decorator' retrieved from /home/airflow/.local/lib/python3.12/site-packages/airflow/example_dags/example_sensor_decorator.py
[2025-06-22T11:25:58.775+0000] {logging_mixin.py:190} INFO - [2025-06-22T11:25:58.775+0000] {dag.py:3239} INFO - Sync 1 DAGs
[2025-06-22T11:25:58.789+0000] {logging_mixin.py:190} INFO - [2025-06-22T11:25:58.788+0000] {dag.py:4180} INFO - Setting next_dagrun for example_sensor_decorator to None, run_after=None
[2025-06-22T11:25:58.802+0000] {processor.py:208} INFO - Processing /home/airflow/.local/lib/python3.12/site-packages/airflow/example_dags/example_sensor_decorator.py took 0.069 seconds
[2025-06-22T11:36:38.023+0000] {processor.py:186} INFO - Started process (PID=5868) to work on /home/airflow/.local/lib/python3.12/site-packages/airflow/example_dags/example_sensor_decorator.py
[2025-06-22T11:36:38.024+0000] {processor.py:914} INFO - Processing file /home/airflow/.local/lib/python3.12/site-packages/airflow/example_dags/example_sensor_decorator.py for tasks to queue
[2025-06-22T11:36:38.026+0000] {logging_mixin.py:190} INFO - [2025-06-22T11:36:38.025+0000] {dagbag.py:588} INFO - Filling up the DagBag from /home/airflow/.local/lib/python3.12/site-packages/airflow/example_dags/example_sensor_decorator.py
[2025-06-22T11:36:38.032+0000] {processor.py:925} INFO - DAG(s) 'example_sensor_decorator' retrieved from /home/airflow/.local/lib/python3.12/site-packages/airflow/example_dags/example_sensor_decorator.py
[2025-06-22T11:36:38.062+0000] {logging_mixin.py:190} INFO - [2025-06-22T11:36:38.062+0000] {dag.py:3239} INFO - Sync 1 DAGs
[2025-06-22T11:36:38.074+0000] {logging_mixin.py:190} INFO - [2025-06-22T11:36:38.074+0000] {dag.py:4180} INFO - Setting next_dagrun for example_sensor_decorator to None, run_after=None
[2025-06-22T11:36:38.096+0000] {processor.py:208} INFO - Processing /home/airflow/.local/lib/python3.12/site-packages/airflow/example_dags/example_sensor_decorator.py took 0.078 seconds
[2025-06-22T12:26:20.677+0000] {processor.py:186} INFO - Started process (PID=5930) to work on /home/airflow/.local/lib/python3.12/site-packages/airflow/example_dags/example_sensor_decorator.py
[2025-06-22T12:26:20.679+0000] {processor.py:914} INFO - Processing file /home/airflow/.local/lib/python3.12/site-packages/airflow/example_dags/example_sensor_decorator.py for tasks to queue
[2025-06-22T12:26:20.681+0000] {logging_mixin.py:190} INFO - [2025-06-22T12:26:20.681+0000] {dagbag.py:588} INFO - Filling up the DagBag from /home/airflow/.local/lib/python3.12/site-packages/airflow/example_dags/example_sensor_decorator.py
[2025-06-22T12:26:20.691+0000] {processor.py:925} INFO - DAG(s) 'example_sensor_decorator' retrieved from /home/airflow/.local/lib/python3.12/site-packages/airflow/example_dags/example_sensor_decorator.py
[2025-06-22T12:26:20.710+0000] {logging_mixin.py:190} INFO - [2025-06-22T12:26:20.710+0000] {dag.py:3239} INFO - Sync 1 DAGs
[2025-06-22T12:26:20.720+0000] {logging_mixin.py:190} INFO - [2025-06-22T12:26:20.719+0000] {dag.py:4180} INFO - Setting next_dagrun for example_sensor_decorator to None, run_after=None
[2025-06-22T12:26:20.734+0000] {processor.py:208} INFO - Processing /home/airflow/.local/lib/python3.12/site-packages/airflow/example_dags/example_sensor_decorator.py took 0.061 seconds
[2025-06-22T13:41:26.357+0000] {processor.py:186} INFO - Started process (PID=5992) to work on /home/airflow/.local/lib/python3.12/site-packages/airflow/example_dags/example_sensor_decorator.py
[2025-06-22T13:41:26.357+0000] {processor.py:914} INFO - Processing file /home/airflow/.local/lib/python3.12/site-packages/airflow/example_dags/example_sensor_decorator.py for tasks to queue
[2025-06-22T13:41:26.359+0000] {logging_mixin.py:190} INFO - [2025-06-22T13:41:26.359+0000] {dagbag.py:588} INFO - Filling up the DagBag from /home/airflow/.local/lib/python3.12/site-packages/airflow/example_dags/example_sensor_decorator.py
[2025-06-22T13:41:26.366+0000] {processor.py:925} INFO - DAG(s) 'example_sensor_decorator' retrieved from /home/airflow/.local/lib/python3.12/site-packages/airflow/example_dags/example_sensor_decorator.py
[2025-06-22T13:41:26.379+0000] {logging_mixin.py:190} INFO - [2025-06-22T13:41:26.379+0000] {dag.py:3239} INFO - Sync 1 DAGs
[2025-06-22T13:41:26.389+0000] {logging_mixin.py:190} INFO - [2025-06-22T13:41:26.389+0000] {dag.py:4180} INFO - Setting next_dagrun for example_sensor_decorator to None, run_after=None
[2025-06-22T13:41:26.407+0000] {processor.py:208} INFO - Processing /home/airflow/.local/lib/python3.12/site-packages/airflow/example_dags/example_sensor_decorator.py took 0.057 seconds
[2025-06-22T13:57:45.472+0000] {processor.py:186} INFO - Started process (PID=6054) to work on /home/airflow/.local/lib/python3.12/site-packages/airflow/example_dags/example_sensor_decorator.py
[2025-06-22T13:57:45.474+0000] {processor.py:914} INFO - Processing file /home/airflow/.local/lib/python3.12/site-packages/airflow/example_dags/example_sensor_decorator.py for tasks to queue
[2025-06-22T13:57:45.477+0000] {logging_mixin.py:190} INFO - [2025-06-22T13:57:45.476+0000] {dagbag.py:588} INFO - Filling up the DagBag from /home/airflow/.local/lib/python3.12/site-packages/airflow/example_dags/example_sensor_decorator.py
[2025-06-22T13:57:45.484+0000] {processor.py:925} INFO - DAG(s) 'example_sensor_decorator' retrieved from /home/airflow/.local/lib/python3.12/site-packages/airflow/example_dags/example_sensor_decorator.py
[2025-06-22T13:57:45.508+0000] {logging_mixin.py:190} INFO - [2025-06-22T13:57:45.508+0000] {dag.py:3239} INFO - Sync 1 DAGs
[2025-06-22T13:57:45.517+0000] {logging_mixin.py:190} INFO - [2025-06-22T13:57:45.517+0000] {dag.py:4180} INFO - Setting next_dagrun for example_sensor_decorator to None, run_after=None
[2025-06-22T13:57:45.527+0000] {processor.py:208} INFO - Processing /home/airflow/.local/lib/python3.12/site-packages/airflow/example_dags/example_sensor_decorator.py took 0.059 seconds
[2025-06-22T14:28:03.763+0000] {processor.py:186} INFO - Started process (PID=6116) to work on /home/airflow/.local/lib/python3.12/site-packages/airflow/example_dags/example_sensor_decorator.py
[2025-06-22T14:28:03.764+0000] {processor.py:914} INFO - Processing file /home/airflow/.local/lib/python3.12/site-packages/airflow/example_dags/example_sensor_decorator.py for tasks to queue
[2025-06-22T14:28:03.768+0000] {logging_mixin.py:190} INFO - [2025-06-22T14:28:03.767+0000] {dagbag.py:588} INFO - Filling up the DagBag from /home/airflow/.local/lib/python3.12/site-packages/airflow/example_dags/example_sensor_decorator.py
[2025-06-22T14:28:03.774+0000] {processor.py:925} INFO - DAG(s) 'example_sensor_decorator' retrieved from /home/airflow/.local/lib/python3.12/site-packages/airflow/example_dags/example_sensor_decorator.py
[2025-06-22T14:28:03.787+0000] {logging_mixin.py:190} INFO - [2025-06-22T14:28:03.787+0000] {dag.py:3239} INFO - Sync 1 DAGs
[2025-06-22T14:28:03.795+0000] {logging_mixin.py:190} INFO - [2025-06-22T14:28:03.795+0000] {dag.py:4180} INFO - Setting next_dagrun for example_sensor_decorator to None, run_after=None
[2025-06-22T14:28:03.821+0000] {processor.py:208} INFO - Processing /home/airflow/.local/lib/python3.12/site-packages/airflow/example_dags/example_sensor_decorator.py took 0.066 seconds
[2025-06-22T14:59:12.778+0000] {processor.py:186} INFO - Started process (PID=6177) to work on /home/airflow/.local/lib/python3.12/site-packages/airflow/example_dags/example_sensor_decorator.py
[2025-06-22T14:59:12.779+0000] {processor.py:914} INFO - Processing file /home/airflow/.local/lib/python3.12/site-packages/airflow/example_dags/example_sensor_decorator.py for tasks to queue
[2025-06-22T14:59:12.782+0000] {logging_mixin.py:190} INFO - [2025-06-22T14:59:12.781+0000] {dagbag.py:588} INFO - Filling up the DagBag from /home/airflow/.local/lib/python3.12/site-packages/airflow/example_dags/example_sensor_decorator.py
[2025-06-22T14:59:12.788+0000] {processor.py:925} INFO - DAG(s) 'example_sensor_decorator' retrieved from /home/airflow/.local/lib/python3.12/site-packages/airflow/example_dags/example_sensor_decorator.py
[2025-06-22T14:59:12.802+0000] {logging_mixin.py:190} INFO - [2025-06-22T14:59:12.802+0000] {dag.py:3239} INFO - Sync 1 DAGs
[2025-06-22T14:59:12.812+0000] {logging_mixin.py:190} INFO - [2025-06-22T14:59:12.812+0000] {dag.py:4180} INFO - Setting next_dagrun for example_sensor_decorator to None, run_after=None
[2025-06-22T14:59:12.825+0000] {processor.py:208} INFO - Processing /home/airflow/.local/lib/python3.12/site-packages/airflow/example_dags/example_sensor_decorator.py took 0.052 seconds
[2025-06-22T15:30:50.770+0000] {processor.py:186} INFO - Started process (PID=6239) to work on /home/airflow/.local/lib/python3.12/site-packages/airflow/example_dags/example_sensor_decorator.py
[2025-06-22T15:30:50.771+0000] {processor.py:914} INFO - Processing file /home/airflow/.local/lib/python3.12/site-packages/airflow/example_dags/example_sensor_decorator.py for tasks to queue
[2025-06-22T15:30:50.772+0000] {logging_mixin.py:190} INFO - [2025-06-22T15:30:50.772+0000] {dagbag.py:588} INFO - Filling up the DagBag from /home/airflow/.local/lib/python3.12/site-packages/airflow/example_dags/example_sensor_decorator.py
[2025-06-22T15:30:50.778+0000] {processor.py:925} INFO - DAG(s) 'example_sensor_decorator' retrieved from /home/airflow/.local/lib/python3.12/site-packages/airflow/example_dags/example_sensor_decorator.py
[2025-06-22T15:30:50.791+0000] {logging_mixin.py:190} INFO - [2025-06-22T15:30:50.790+0000] {dag.py:3239} INFO - Sync 1 DAGs
[2025-06-22T15:30:50.800+0000] {logging_mixin.py:190} INFO - [2025-06-22T15:30:50.800+0000] {dag.py:4180} INFO - Setting next_dagrun for example_sensor_decorator to None, run_after=None
[2025-06-22T15:30:50.816+0000] {processor.py:208} INFO - Processing /home/airflow/.local/lib/python3.12/site-packages/airflow/example_dags/example_sensor_decorator.py took 0.052 seconds
[2025-06-22T16:22:19.127+0000] {processor.py:186} INFO - Started process (PID=6301) to work on /home/airflow/.local/lib/python3.12/site-packages/airflow/example_dags/example_sensor_decorator.py
[2025-06-22T16:22:19.129+0000] {processor.py:914} INFO - Processing file /home/airflow/.local/lib/python3.12/site-packages/airflow/example_dags/example_sensor_decorator.py for tasks to queue
[2025-06-22T16:22:19.130+0000] {logging_mixin.py:190} INFO - [2025-06-22T16:22:19.130+0000] {dagbag.py:588} INFO - Filling up the DagBag from /home/airflow/.local/lib/python3.12/site-packages/airflow/example_dags/example_sensor_decorator.py
[2025-06-22T16:22:19.137+0000] {processor.py:925} INFO - DAG(s) 'example_sensor_decorator' retrieved from /home/airflow/.local/lib/python3.12/site-packages/airflow/example_dags/example_sensor_decorator.py
[2025-06-22T16:22:19.160+0000] {logging_mixin.py:190} INFO - [2025-06-22T16:22:19.160+0000] {dag.py:3239} INFO - Sync 1 DAGs
[2025-06-22T16:22:19.172+0000] {logging_mixin.py:190} INFO - [2025-06-22T16:22:19.172+0000] {dag.py:4180} INFO - Setting next_dagrun for example_sensor_decorator to None, run_after=None
[2025-06-22T16:22:19.188+0000] {processor.py:208} INFO - Processing /home/airflow/.local/lib/python3.12/site-packages/airflow/example_dags/example_sensor_decorator.py took 0.064 seconds
[2025-06-22T17:14:01.306+0000] {processor.py:186} INFO - Started process (PID=6363) to work on /home/airflow/.local/lib/python3.12/site-packages/airflow/example_dags/example_sensor_decorator.py
[2025-06-22T17:14:01.308+0000] {processor.py:914} INFO - Processing file /home/airflow/.local/lib/python3.12/site-packages/airflow/example_dags/example_sensor_decorator.py for tasks to queue
[2025-06-22T17:14:01.312+0000] {logging_mixin.py:190} INFO - [2025-06-22T17:14:01.311+0000] {dagbag.py:588} INFO - Filling up the DagBag from /home/airflow/.local/lib/python3.12/site-packages/airflow/example_dags/example_sensor_decorator.py
[2025-06-22T17:14:01.317+0000] {processor.py:925} INFO - DAG(s) 'example_sensor_decorator' retrieved from /home/airflow/.local/lib/python3.12/site-packages/airflow/example_dags/example_sensor_decorator.py
[2025-06-22T17:14:01.486+0000] {logging_mixin.py:190} INFO - [2025-06-22T17:14:01.486+0000] {dag.py:3239} INFO - Sync 1 DAGs
[2025-06-22T17:14:01.509+0000] {logging_mixin.py:190} INFO - [2025-06-22T17:14:01.509+0000] {dag.py:4180} INFO - Setting next_dagrun for example_sensor_decorator to None, run_after=None
[2025-06-22T17:14:01.541+0000] {processor.py:208} INFO - Processing /home/airflow/.local/lib/python3.12/site-packages/airflow/example_dags/example_sensor_decorator.py took 0.239 seconds
[2025-06-22T18:21:15.597+0000] {processor.py:186} INFO - Started process (PID=6425) to work on /home/airflow/.local/lib/python3.12/site-packages/airflow/example_dags/example_sensor_decorator.py
[2025-06-22T18:21:15.598+0000] {processor.py:914} INFO - Processing file /home/airflow/.local/lib/python3.12/site-packages/airflow/example_dags/example_sensor_decorator.py for tasks to queue
[2025-06-22T18:21:15.600+0000] {logging_mixin.py:190} INFO - [2025-06-22T18:21:15.600+0000] {dagbag.py:588} INFO - Filling up the DagBag from /home/airflow/.local/lib/python3.12/site-packages/airflow/example_dags/example_sensor_decorator.py
[2025-06-22T18:21:15.606+0000] {processor.py:925} INFO - DAG(s) 'example_sensor_decorator' retrieved from /home/airflow/.local/lib/python3.12/site-packages/airflow/example_dags/example_sensor_decorator.py
[2025-06-22T18:21:15.623+0000] {logging_mixin.py:190} INFO - [2025-06-22T18:21:15.623+0000] {dag.py:3239} INFO - Sync 1 DAGs
[2025-06-22T18:21:15.635+0000] {logging_mixin.py:190} INFO - [2025-06-22T18:21:15.634+0000] {dag.py:4180} INFO - Setting next_dagrun for example_sensor_decorator to None, run_after=None
[2025-06-22T18:21:15.654+0000] {processor.py:208} INFO - Processing /home/airflow/.local/lib/python3.12/site-packages/airflow/example_dags/example_sensor_decorator.py took 0.061 seconds
[2025-06-22T18:56:47.836+0000] {processor.py:186} INFO - Started process (PID=6487) to work on /home/airflow/.local/lib/python3.12/site-packages/airflow/example_dags/example_sensor_decorator.py
[2025-06-22T18:56:47.842+0000] {processor.py:914} INFO - Processing file /home/airflow/.local/lib/python3.12/site-packages/airflow/example_dags/example_sensor_decorator.py for tasks to queue
[2025-06-22T18:56:47.848+0000] {logging_mixin.py:190} INFO - [2025-06-22T18:56:47.847+0000] {dagbag.py:588} INFO - Filling up the DagBag from /home/airflow/.local/lib/python3.12/site-packages/airflow/example_dags/example_sensor_decorator.py
[2025-06-22T18:56:47.861+0000] {processor.py:925} INFO - DAG(s) 'example_sensor_decorator' retrieved from /home/airflow/.local/lib/python3.12/site-packages/airflow/example_dags/example_sensor_decorator.py
[2025-06-22T18:56:47.886+0000] {logging_mixin.py:190} INFO - [2025-06-22T18:56:47.886+0000] {dag.py:3239} INFO - Sync 1 DAGs
[2025-06-22T18:56:47.902+0000] {logging_mixin.py:190} INFO - [2025-06-22T18:56:47.902+0000] {dag.py:4180} INFO - Setting next_dagrun for example_sensor_decorator to None, run_after=None
[2025-06-22T18:56:47.927+0000] {processor.py:208} INFO - Processing /home/airflow/.local/lib/python3.12/site-packages/airflow/example_dags/example_sensor_decorator.py took 0.111 seconds
