[2025-06-21T20:01:29.452+0000] {processor.py:186} INFO - Started process (PID=85) to work on /home/airflow/.local/lib/python3.12/site-packages/airflow/example_dags/example_inlet_event_extra.py
[2025-06-21T20:01:29.453+0000] {processor.py:914} INFO - Processing file /home/airflow/.local/lib/python3.12/site-packages/airflow/example_dags/example_inlet_event_extra.py for tasks to queue
[2025-06-21T20:01:29.457+0000] {logging_mixin.py:190} INFO - [2025-06-21T20:01:29.456+0000] {dagbag.py:588} INFO - Filling up the DagBag from /home/airflow/.local/lib/python3.12/site-packages/airflow/example_dags/example_inlet_event_extra.py
[2025-06-21T20:01:29.584+0000] {processor.py:925} INFO - DAG(s) 'read_dataset_event', 'read_dataset_event_from_classic' retrieved from /home/airflow/.local/lib/python3.12/site-packages/airflow/example_dags/example_inlet_event_extra.py
[2025-06-21T20:01:29.602+0000] {logging_mixin.py:190} INFO - [2025-06-21T20:01:29.602+0000] {dag.py:3239} INFO - Sync 2 DAGs
[2025-06-21T20:01:29.638+0000] {logging_mixin.py:190} INFO - [2025-06-21T20:01:29.637+0000] {dag.py:4180} INFO - Setting next_dagrun for read_dataset_event to 2025-06-20 00:00:00+00:00, run_after=2025-06-21 00:00:00+00:00
[2025-06-21T20:01:29.646+0000] {logging_mixin.py:190} INFO - [2025-06-21T20:01:29.646+0000] {dag.py:4180} INFO - Setting next_dagrun for read_dataset_event_from_classic to 2025-06-20 00:00:00+00:00, run_after=2025-06-21 00:00:00+00:00
[2025-06-21T20:01:29.663+0000] {processor.py:208} INFO - Processing /home/airflow/.local/lib/python3.12/site-packages/airflow/example_dags/example_inlet_event_extra.py took 0.215 seconds
[2025-06-21T20:20:34.934+0000] {processor.py:186} INFO - Started process (PID=85) to work on /home/airflow/.local/lib/python3.12/site-packages/airflow/example_dags/example_inlet_event_extra.py
[2025-06-21T20:20:34.935+0000] {processor.py:914} INFO - Processing file /home/airflow/.local/lib/python3.12/site-packages/airflow/example_dags/example_inlet_event_extra.py for tasks to queue
[2025-06-21T20:20:34.937+0000] {logging_mixin.py:190} INFO - [2025-06-21T20:20:34.937+0000] {dagbag.py:588} INFO - Filling up the DagBag from /home/airflow/.local/lib/python3.12/site-packages/airflow/example_dags/example_inlet_event_extra.py
[2025-06-21T20:20:35.027+0000] {processor.py:925} INFO - DAG(s) 'read_dataset_event', 'read_dataset_event_from_classic' retrieved from /home/airflow/.local/lib/python3.12/site-packages/airflow/example_dags/example_inlet_event_extra.py
[2025-06-21T20:20:35.049+0000] {logging_mixin.py:190} INFO - [2025-06-21T20:20:35.049+0000] {dag.py:3239} INFO - Sync 2 DAGs
[2025-06-21T20:20:35.067+0000] {logging_mixin.py:190} INFO - [2025-06-21T20:20:35.067+0000] {dag.py:4180} INFO - Setting next_dagrun for read_dataset_event to 2025-06-20 00:00:00+00:00, run_after=2025-06-21 00:00:00+00:00
[2025-06-21T20:20:35.071+0000] {logging_mixin.py:190} INFO - [2025-06-21T20:20:35.070+0000] {dag.py:4180} INFO - Setting next_dagrun for read_dataset_event_from_classic to 2025-06-20 00:00:00+00:00, run_after=2025-06-21 00:00:00+00:00
[2025-06-21T20:20:35.081+0000] {processor.py:208} INFO - Processing /home/airflow/.local/lib/python3.12/site-packages/airflow/example_dags/example_inlet_event_extra.py took 0.156 seconds
[2025-06-21T20:21:06.014+0000] {processor.py:186} INFO - Started process (PID=148) to work on /home/airflow/.local/lib/python3.12/site-packages/airflow/example_dags/example_inlet_event_extra.py
[2025-06-21T20:21:06.015+0000] {processor.py:914} INFO - Processing file /home/airflow/.local/lib/python3.12/site-packages/airflow/example_dags/example_inlet_event_extra.py for tasks to queue
[2025-06-21T20:21:06.017+0000] {logging_mixin.py:190} INFO - [2025-06-21T20:21:06.016+0000] {dagbag.py:588} INFO - Filling up the DagBag from /home/airflow/.local/lib/python3.12/site-packages/airflow/example_dags/example_inlet_event_extra.py
[2025-06-21T20:21:06.130+0000] {processor.py:925} INFO - DAG(s) 'read_dataset_event', 'read_dataset_event_from_classic' retrieved from /home/airflow/.local/lib/python3.12/site-packages/airflow/example_dags/example_inlet_event_extra.py
[2025-06-21T20:21:06.152+0000] {logging_mixin.py:190} INFO - [2025-06-21T20:21:06.152+0000] {dag.py:3239} INFO - Sync 2 DAGs
[2025-06-21T20:21:06.166+0000] {logging_mixin.py:190} INFO - [2025-06-21T20:21:06.166+0000] {dag.py:4180} INFO - Setting next_dagrun for read_dataset_event to 2025-06-20 00:00:00+00:00, run_after=2025-06-21 00:00:00+00:00
[2025-06-21T20:21:06.170+0000] {logging_mixin.py:190} INFO - [2025-06-21T20:21:06.170+0000] {dag.py:4180} INFO - Setting next_dagrun for read_dataset_event_from_classic to 2025-06-20 00:00:00+00:00, run_after=2025-06-21 00:00:00+00:00
[2025-06-21T20:21:06.182+0000] {processor.py:208} INFO - Processing /home/airflow/.local/lib/python3.12/site-packages/airflow/example_dags/example_inlet_event_extra.py took 0.172 seconds
[2025-06-21T20:21:36.988+0000] {processor.py:186} INFO - Started process (PID=210) to work on /home/airflow/.local/lib/python3.12/site-packages/airflow/example_dags/example_inlet_event_extra.py
[2025-06-21T20:21:36.989+0000] {processor.py:914} INFO - Processing file /home/airflow/.local/lib/python3.12/site-packages/airflow/example_dags/example_inlet_event_extra.py for tasks to queue
[2025-06-21T20:21:36.998+0000] {logging_mixin.py:190} INFO - [2025-06-21T20:21:36.997+0000] {dagbag.py:588} INFO - Filling up the DagBag from /home/airflow/.local/lib/python3.12/site-packages/airflow/example_dags/example_inlet_event_extra.py
[2025-06-21T20:21:37.272+0000] {processor.py:925} INFO - DAG(s) 'read_dataset_event_from_classic', 'read_dataset_event' retrieved from /home/airflow/.local/lib/python3.12/site-packages/airflow/example_dags/example_inlet_event_extra.py
[2025-06-21T20:21:37.302+0000] {logging_mixin.py:190} INFO - [2025-06-21T20:21:37.301+0000] {dag.py:3239} INFO - Sync 2 DAGs
[2025-06-21T20:21:37.349+0000] {logging_mixin.py:190} INFO - [2025-06-21T20:21:37.348+0000] {dag.py:4180} INFO - Setting next_dagrun for read_dataset_event to 2025-06-20 00:00:00+00:00, run_after=2025-06-21 00:00:00+00:00
[2025-06-21T20:21:37.357+0000] {logging_mixin.py:190} INFO - [2025-06-21T20:21:37.357+0000] {dag.py:4180} INFO - Setting next_dagrun for read_dataset_event_from_classic to 2025-06-20 00:00:00+00:00, run_after=2025-06-21 00:00:00+00:00
[2025-06-21T20:21:37.384+0000] {processor.py:208} INFO - Processing /home/airflow/.local/lib/python3.12/site-packages/airflow/example_dags/example_inlet_event_extra.py took 0.409 seconds
[2025-06-21T20:22:08.074+0000] {processor.py:186} INFO - Started process (PID=272) to work on /home/airflow/.local/lib/python3.12/site-packages/airflow/example_dags/example_inlet_event_extra.py
[2025-06-21T20:22:08.076+0000] {processor.py:914} INFO - Processing file /home/airflow/.local/lib/python3.12/site-packages/airflow/example_dags/example_inlet_event_extra.py for tasks to queue
[2025-06-21T20:22:08.079+0000] {logging_mixin.py:190} INFO - [2025-06-21T20:22:08.079+0000] {dagbag.py:588} INFO - Filling up the DagBag from /home/airflow/.local/lib/python3.12/site-packages/airflow/example_dags/example_inlet_event_extra.py
[2025-06-21T20:22:08.181+0000] {processor.py:925} INFO - DAG(s) 'read_dataset_event', 'read_dataset_event_from_classic' retrieved from /home/airflow/.local/lib/python3.12/site-packages/airflow/example_dags/example_inlet_event_extra.py
[2025-06-21T20:22:08.204+0000] {logging_mixin.py:190} INFO - [2025-06-21T20:22:08.203+0000] {dag.py:3239} INFO - Sync 2 DAGs
[2025-06-21T20:22:08.217+0000] {logging_mixin.py:190} INFO - [2025-06-21T20:22:08.216+0000] {dag.py:4180} INFO - Setting next_dagrun for read_dataset_event to 2025-06-20 00:00:00+00:00, run_after=2025-06-21 00:00:00+00:00
[2025-06-21T20:22:08.219+0000] {logging_mixin.py:190} INFO - [2025-06-21T20:22:08.219+0000] {dag.py:4180} INFO - Setting next_dagrun for read_dataset_event_from_classic to 2025-06-20 00:00:00+00:00, run_after=2025-06-21 00:00:00+00:00
[2025-06-21T20:22:08.229+0000] {processor.py:208} INFO - Processing /home/airflow/.local/lib/python3.12/site-packages/airflow/example_dags/example_inlet_event_extra.py took 0.165 seconds
[2025-06-21T20:22:38.581+0000] {processor.py:186} INFO - Started process (PID=334) to work on /home/airflow/.local/lib/python3.12/site-packages/airflow/example_dags/example_inlet_event_extra.py
[2025-06-21T20:22:38.583+0000] {processor.py:914} INFO - Processing file /home/airflow/.local/lib/python3.12/site-packages/airflow/example_dags/example_inlet_event_extra.py for tasks to queue
[2025-06-21T20:22:38.587+0000] {logging_mixin.py:190} INFO - [2025-06-21T20:22:38.587+0000] {dagbag.py:588} INFO - Filling up the DagBag from /home/airflow/.local/lib/python3.12/site-packages/airflow/example_dags/example_inlet_event_extra.py
[2025-06-21T20:22:38.689+0000] {processor.py:925} INFO - DAG(s) 'read_dataset_event_from_classic', 'read_dataset_event' retrieved from /home/airflow/.local/lib/python3.12/site-packages/airflow/example_dags/example_inlet_event_extra.py
[2025-06-21T20:22:38.702+0000] {logging_mixin.py:190} INFO - [2025-06-21T20:22:38.702+0000] {dag.py:3239} INFO - Sync 2 DAGs
[2025-06-21T20:22:38.716+0000] {logging_mixin.py:190} INFO - [2025-06-21T20:22:38.716+0000] {dag.py:4180} INFO - Setting next_dagrun for read_dataset_event to 2025-06-20 00:00:00+00:00, run_after=2025-06-21 00:00:00+00:00
[2025-06-21T20:22:38.720+0000] {logging_mixin.py:190} INFO - [2025-06-21T20:22:38.720+0000] {dag.py:4180} INFO - Setting next_dagrun for read_dataset_event_from_classic to 2025-06-20 00:00:00+00:00, run_after=2025-06-21 00:00:00+00:00
[2025-06-21T20:22:38.728+0000] {processor.py:208} INFO - Processing /home/airflow/.local/lib/python3.12/site-packages/airflow/example_dags/example_inlet_event_extra.py took 0.158 seconds
[2025-06-21T20:23:09.136+0000] {processor.py:186} INFO - Started process (PID=396) to work on /home/airflow/.local/lib/python3.12/site-packages/airflow/example_dags/example_inlet_event_extra.py
[2025-06-21T20:23:09.138+0000] {processor.py:914} INFO - Processing file /home/airflow/.local/lib/python3.12/site-packages/airflow/example_dags/example_inlet_event_extra.py for tasks to queue
[2025-06-21T20:23:09.141+0000] {logging_mixin.py:190} INFO - [2025-06-21T20:23:09.141+0000] {dagbag.py:588} INFO - Filling up the DagBag from /home/airflow/.local/lib/python3.12/site-packages/airflow/example_dags/example_inlet_event_extra.py
[2025-06-21T20:23:09.274+0000] {processor.py:925} INFO - DAG(s) 'read_dataset_event', 'read_dataset_event_from_classic' retrieved from /home/airflow/.local/lib/python3.12/site-packages/airflow/example_dags/example_inlet_event_extra.py
[2025-06-21T20:23:09.295+0000] {logging_mixin.py:190} INFO - [2025-06-21T20:23:09.293+0000] {dag.py:3239} INFO - Sync 2 DAGs
[2025-06-21T20:23:09.315+0000] {logging_mixin.py:190} INFO - [2025-06-21T20:23:09.315+0000] {dag.py:4180} INFO - Setting next_dagrun for read_dataset_event to 2025-06-20 00:00:00+00:00, run_after=2025-06-21 00:00:00+00:00
[2025-06-21T20:23:09.319+0000] {logging_mixin.py:190} INFO - [2025-06-21T20:23:09.319+0000] {dag.py:4180} INFO - Setting next_dagrun for read_dataset_event_from_classic to 2025-06-20 00:00:00+00:00, run_after=2025-06-21 00:00:00+00:00
[2025-06-21T20:23:09.329+0000] {processor.py:208} INFO - Processing /home/airflow/.local/lib/python3.12/site-packages/airflow/example_dags/example_inlet_event_extra.py took 0.200 seconds
[2025-06-21T20:23:40.321+0000] {processor.py:186} INFO - Started process (PID=459) to work on /home/airflow/.local/lib/python3.12/site-packages/airflow/example_dags/example_inlet_event_extra.py
[2025-06-21T20:23:40.323+0000] {processor.py:914} INFO - Processing file /home/airflow/.local/lib/python3.12/site-packages/airflow/example_dags/example_inlet_event_extra.py for tasks to queue
[2025-06-21T20:23:40.326+0000] {logging_mixin.py:190} INFO - [2025-06-21T20:23:40.326+0000] {dagbag.py:588} INFO - Filling up the DagBag from /home/airflow/.local/lib/python3.12/site-packages/airflow/example_dags/example_inlet_event_extra.py
[2025-06-21T20:23:40.467+0000] {processor.py:925} INFO - DAG(s) 'read_dataset_event_from_classic', 'read_dataset_event' retrieved from /home/airflow/.local/lib/python3.12/site-packages/airflow/example_dags/example_inlet_event_extra.py
[2025-06-21T20:23:40.483+0000] {logging_mixin.py:190} INFO - [2025-06-21T20:23:40.483+0000] {dag.py:3239} INFO - Sync 2 DAGs
[2025-06-21T20:23:40.500+0000] {logging_mixin.py:190} INFO - [2025-06-21T20:23:40.500+0000] {dag.py:4180} INFO - Setting next_dagrun for read_dataset_event to 2025-06-20 00:00:00+00:00, run_after=2025-06-21 00:00:00+00:00
[2025-06-21T20:23:40.504+0000] {logging_mixin.py:190} INFO - [2025-06-21T20:23:40.504+0000] {dag.py:4180} INFO - Setting next_dagrun for read_dataset_event_from_classic to 2025-06-20 00:00:00+00:00, run_after=2025-06-21 00:00:00+00:00
[2025-06-21T20:23:40.518+0000] {processor.py:208} INFO - Processing /home/airflow/.local/lib/python3.12/site-packages/airflow/example_dags/example_inlet_event_extra.py took 0.203 seconds
[2025-06-21T20:24:10.762+0000] {processor.py:186} INFO - Started process (PID=521) to work on /home/airflow/.local/lib/python3.12/site-packages/airflow/example_dags/example_inlet_event_extra.py
[2025-06-21T20:24:10.764+0000] {processor.py:914} INFO - Processing file /home/airflow/.local/lib/python3.12/site-packages/airflow/example_dags/example_inlet_event_extra.py for tasks to queue
[2025-06-21T20:24:10.776+0000] {logging_mixin.py:190} INFO - [2025-06-21T20:24:10.775+0000] {dagbag.py:588} INFO - Filling up the DagBag from /home/airflow/.local/lib/python3.12/site-packages/airflow/example_dags/example_inlet_event_extra.py
[2025-06-21T20:24:11.012+0000] {processor.py:925} INFO - DAG(s) 'read_dataset_event_from_classic', 'read_dataset_event' retrieved from /home/airflow/.local/lib/python3.12/site-packages/airflow/example_dags/example_inlet_event_extra.py
[2025-06-21T20:24:11.033+0000] {logging_mixin.py:190} INFO - [2025-06-21T20:24:11.033+0000] {dag.py:3239} INFO - Sync 2 DAGs
[2025-06-21T20:24:11.050+0000] {logging_mixin.py:190} INFO - [2025-06-21T20:24:11.050+0000] {dag.py:4180} INFO - Setting next_dagrun for read_dataset_event to 2025-06-20 00:00:00+00:00, run_after=2025-06-21 00:00:00+00:00
[2025-06-21T20:24:11.054+0000] {logging_mixin.py:190} INFO - [2025-06-21T20:24:11.054+0000] {dag.py:4180} INFO - Setting next_dagrun for read_dataset_event_from_classic to 2025-06-20 00:00:00+00:00, run_after=2025-06-21 00:00:00+00:00
[2025-06-21T20:24:11.066+0000] {processor.py:208} INFO - Processing /home/airflow/.local/lib/python3.12/site-packages/airflow/example_dags/example_inlet_event_extra.py took 0.333 seconds
[2025-06-21T20:24:41.096+0000] {processor.py:186} INFO - Started process (PID=583) to work on /home/airflow/.local/lib/python3.12/site-packages/airflow/example_dags/example_inlet_event_extra.py
[2025-06-21T20:24:41.098+0000] {processor.py:914} INFO - Processing file /home/airflow/.local/lib/python3.12/site-packages/airflow/example_dags/example_inlet_event_extra.py for tasks to queue
[2025-06-21T20:24:41.103+0000] {logging_mixin.py:190} INFO - [2025-06-21T20:24:41.103+0000] {dagbag.py:588} INFO - Filling up the DagBag from /home/airflow/.local/lib/python3.12/site-packages/airflow/example_dags/example_inlet_event_extra.py
[2025-06-21T20:24:41.249+0000] {processor.py:925} INFO - DAG(s) 'read_dataset_event', 'read_dataset_event_from_classic' retrieved from /home/airflow/.local/lib/python3.12/site-packages/airflow/example_dags/example_inlet_event_extra.py
[2025-06-21T20:24:41.279+0000] {logging_mixin.py:190} INFO - [2025-06-21T20:24:41.278+0000] {dag.py:3239} INFO - Sync 2 DAGs
[2025-06-21T20:24:41.297+0000] {logging_mixin.py:190} INFO - [2025-06-21T20:24:41.297+0000] {dag.py:4180} INFO - Setting next_dagrun for read_dataset_event to 2025-06-20 00:00:00+00:00, run_after=2025-06-21 00:00:00+00:00
[2025-06-21T20:24:41.302+0000] {logging_mixin.py:190} INFO - [2025-06-21T20:24:41.302+0000] {dag.py:4180} INFO - Setting next_dagrun for read_dataset_event_from_classic to 2025-06-20 00:00:00+00:00, run_after=2025-06-21 00:00:00+00:00
[2025-06-21T20:24:41.321+0000] {processor.py:208} INFO - Processing /home/airflow/.local/lib/python3.12/site-packages/airflow/example_dags/example_inlet_event_extra.py took 0.232 seconds
[2025-06-21T20:25:11.722+0000] {processor.py:186} INFO - Started process (PID=645) to work on /home/airflow/.local/lib/python3.12/site-packages/airflow/example_dags/example_inlet_event_extra.py
[2025-06-21T20:25:11.724+0000] {processor.py:914} INFO - Processing file /home/airflow/.local/lib/python3.12/site-packages/airflow/example_dags/example_inlet_event_extra.py for tasks to queue
[2025-06-21T20:25:11.727+0000] {logging_mixin.py:190} INFO - [2025-06-21T20:25:11.727+0000] {dagbag.py:588} INFO - Filling up the DagBag from /home/airflow/.local/lib/python3.12/site-packages/airflow/example_dags/example_inlet_event_extra.py
[2025-06-21T20:25:11.819+0000] {processor.py:925} INFO - DAG(s) 'read_dataset_event_from_classic', 'read_dataset_event' retrieved from /home/airflow/.local/lib/python3.12/site-packages/airflow/example_dags/example_inlet_event_extra.py
[2025-06-21T20:25:11.830+0000] {logging_mixin.py:190} INFO - [2025-06-21T20:25:11.830+0000] {dag.py:3239} INFO - Sync 2 DAGs
[2025-06-21T20:25:11.843+0000] {logging_mixin.py:190} INFO - [2025-06-21T20:25:11.842+0000] {dag.py:4180} INFO - Setting next_dagrun for read_dataset_event to 2025-06-20 00:00:00+00:00, run_after=2025-06-21 00:00:00+00:00
[2025-06-21T20:25:11.845+0000] {logging_mixin.py:190} INFO - [2025-06-21T20:25:11.845+0000] {dag.py:4180} INFO - Setting next_dagrun for read_dataset_event_from_classic to 2025-06-20 00:00:00+00:00, run_after=2025-06-21 00:00:00+00:00
[2025-06-21T20:25:11.857+0000] {processor.py:208} INFO - Processing /home/airflow/.local/lib/python3.12/site-packages/airflow/example_dags/example_inlet_event_extra.py took 0.142 seconds
[2025-06-21T20:25:42.509+0000] {processor.py:186} INFO - Started process (PID=707) to work on /home/airflow/.local/lib/python3.12/site-packages/airflow/example_dags/example_inlet_event_extra.py
[2025-06-21T20:25:42.511+0000] {processor.py:914} INFO - Processing file /home/airflow/.local/lib/python3.12/site-packages/airflow/example_dags/example_inlet_event_extra.py for tasks to queue
[2025-06-21T20:25:42.515+0000] {logging_mixin.py:190} INFO - [2025-06-21T20:25:42.514+0000] {dagbag.py:588} INFO - Filling up the DagBag from /home/airflow/.local/lib/python3.12/site-packages/airflow/example_dags/example_inlet_event_extra.py
[2025-06-21T20:25:42.760+0000] {processor.py:925} INFO - DAG(s) 'read_dataset_event', 'read_dataset_event_from_classic' retrieved from /home/airflow/.local/lib/python3.12/site-packages/airflow/example_dags/example_inlet_event_extra.py
[2025-06-21T20:25:42.804+0000] {logging_mixin.py:190} INFO - [2025-06-21T20:25:42.804+0000] {dag.py:3239} INFO - Sync 2 DAGs
[2025-06-21T20:25:42.844+0000] {logging_mixin.py:190} INFO - [2025-06-21T20:25:42.843+0000] {dag.py:4180} INFO - Setting next_dagrun for read_dataset_event to 2025-06-20 00:00:00+00:00, run_after=2025-06-21 00:00:00+00:00
[2025-06-21T20:25:42.852+0000] {logging_mixin.py:190} INFO - [2025-06-21T20:25:42.850+0000] {dag.py:4180} INFO - Setting next_dagrun for read_dataset_event_from_classic to 2025-06-20 00:00:00+00:00, run_after=2025-06-21 00:00:00+00:00
[2025-06-21T20:25:42.880+0000] {processor.py:208} INFO - Processing /home/airflow/.local/lib/python3.12/site-packages/airflow/example_dags/example_inlet_event_extra.py took 0.387 seconds
[2025-06-21T20:26:13.425+0000] {processor.py:186} INFO - Started process (PID=769) to work on /home/airflow/.local/lib/python3.12/site-packages/airflow/example_dags/example_inlet_event_extra.py
[2025-06-21T20:26:13.429+0000] {processor.py:914} INFO - Processing file /home/airflow/.local/lib/python3.12/site-packages/airflow/example_dags/example_inlet_event_extra.py for tasks to queue
[2025-06-21T20:26:13.432+0000] {logging_mixin.py:190} INFO - [2025-06-21T20:26:13.432+0000] {dagbag.py:588} INFO - Filling up the DagBag from /home/airflow/.local/lib/python3.12/site-packages/airflow/example_dags/example_inlet_event_extra.py
[2025-06-21T20:26:13.523+0000] {processor.py:925} INFO - DAG(s) 'read_dataset_event_from_classic', 'read_dataset_event' retrieved from /home/airflow/.local/lib/python3.12/site-packages/airflow/example_dags/example_inlet_event_extra.py
[2025-06-21T20:26:13.534+0000] {logging_mixin.py:190} INFO - [2025-06-21T20:26:13.534+0000] {dag.py:3239} INFO - Sync 2 DAGs
[2025-06-21T20:26:13.547+0000] {logging_mixin.py:190} INFO - [2025-06-21T20:26:13.547+0000] {dag.py:4180} INFO - Setting next_dagrun for read_dataset_event to 2025-06-20 00:00:00+00:00, run_after=2025-06-21 00:00:00+00:00
[2025-06-21T20:26:13.549+0000] {logging_mixin.py:190} INFO - [2025-06-21T20:26:13.549+0000] {dag.py:4180} INFO - Setting next_dagrun for read_dataset_event_from_classic to 2025-06-20 00:00:00+00:00, run_after=2025-06-21 00:00:00+00:00
[2025-06-21T20:26:13.559+0000] {processor.py:208} INFO - Processing /home/airflow/.local/lib/python3.12/site-packages/airflow/example_dags/example_inlet_event_extra.py took 0.142 seconds
[2025-06-21T20:26:44.226+0000] {processor.py:186} INFO - Started process (PID=831) to work on /home/airflow/.local/lib/python3.12/site-packages/airflow/example_dags/example_inlet_event_extra.py
[2025-06-21T20:26:44.227+0000] {processor.py:914} INFO - Processing file /home/airflow/.local/lib/python3.12/site-packages/airflow/example_dags/example_inlet_event_extra.py for tasks to queue
[2025-06-21T20:26:44.228+0000] {logging_mixin.py:190} INFO - [2025-06-21T20:26:44.228+0000] {dagbag.py:588} INFO - Filling up the DagBag from /home/airflow/.local/lib/python3.12/site-packages/airflow/example_dags/example_inlet_event_extra.py
[2025-06-21T20:26:44.308+0000] {processor.py:925} INFO - DAG(s) 'read_dataset_event', 'read_dataset_event_from_classic' retrieved from /home/airflow/.local/lib/python3.12/site-packages/airflow/example_dags/example_inlet_event_extra.py
[2025-06-21T20:26:44.325+0000] {logging_mixin.py:190} INFO - [2025-06-21T20:26:44.325+0000] {dag.py:3239} INFO - Sync 2 DAGs
[2025-06-21T20:26:44.340+0000] {logging_mixin.py:190} INFO - [2025-06-21T20:26:44.340+0000] {dag.py:4180} INFO - Setting next_dagrun for read_dataset_event to 2025-06-20 00:00:00+00:00, run_after=2025-06-21 00:00:00+00:00
[2025-06-21T20:26:44.345+0000] {logging_mixin.py:190} INFO - [2025-06-21T20:26:44.345+0000] {dag.py:4180} INFO - Setting next_dagrun for read_dataset_event_from_classic to 2025-06-20 00:00:00+00:00, run_after=2025-06-21 00:00:00+00:00
[2025-06-21T20:26:44.356+0000] {processor.py:208} INFO - Processing /home/airflow/.local/lib/python3.12/site-packages/airflow/example_dags/example_inlet_event_extra.py took 0.135 seconds
[2025-06-21T22:07:57.075+0000] {processor.py:186} INFO - Started process (PID=85) to work on /home/airflow/.local/lib/python3.12/site-packages/airflow/example_dags/example_inlet_event_extra.py
[2025-06-21T22:07:57.076+0000] {processor.py:914} INFO - Processing file /home/airflow/.local/lib/python3.12/site-packages/airflow/example_dags/example_inlet_event_extra.py for tasks to queue
[2025-06-21T22:07:57.078+0000] {logging_mixin.py:190} INFO - [2025-06-21T22:07:57.078+0000] {dagbag.py:588} INFO - Filling up the DagBag from /home/airflow/.local/lib/python3.12/site-packages/airflow/example_dags/example_inlet_event_extra.py
[2025-06-21T22:07:57.222+0000] {processor.py:925} INFO - DAG(s) 'read_dataset_event', 'read_dataset_event_from_classic' retrieved from /home/airflow/.local/lib/python3.12/site-packages/airflow/example_dags/example_inlet_event_extra.py
[2025-06-21T22:07:57.241+0000] {logging_mixin.py:190} INFO - [2025-06-21T22:07:57.241+0000] {dag.py:3239} INFO - Sync 2 DAGs
[2025-06-21T22:07:57.266+0000] {logging_mixin.py:190} INFO - [2025-06-21T22:07:57.266+0000] {dag.py:4180} INFO - Setting next_dagrun for read_dataset_event to 2025-06-20 00:00:00+00:00, run_after=2025-06-21 00:00:00+00:00
[2025-06-21T22:07:57.269+0000] {logging_mixin.py:190} INFO - [2025-06-21T22:07:57.268+0000] {dag.py:4180} INFO - Setting next_dagrun for read_dataset_event_from_classic to 2025-06-20 00:00:00+00:00, run_after=2025-06-21 00:00:00+00:00
[2025-06-21T22:07:57.285+0000] {processor.py:208} INFO - Processing /home/airflow/.local/lib/python3.12/site-packages/airflow/example_dags/example_inlet_event_extra.py took 0.214 seconds
[2025-06-21T22:08:28.216+0000] {processor.py:186} INFO - Started process (PID=148) to work on /home/airflow/.local/lib/python3.12/site-packages/airflow/example_dags/example_inlet_event_extra.py
[2025-06-21T22:08:28.223+0000] {processor.py:914} INFO - Processing file /home/airflow/.local/lib/python3.12/site-packages/airflow/example_dags/example_inlet_event_extra.py for tasks to queue
[2025-06-21T22:08:28.225+0000] {logging_mixin.py:190} INFO - [2025-06-21T22:08:28.224+0000] {dagbag.py:588} INFO - Filling up the DagBag from /home/airflow/.local/lib/python3.12/site-packages/airflow/example_dags/example_inlet_event_extra.py
[2025-06-21T22:08:28.480+0000] {processor.py:925} INFO - DAG(s) 'read_dataset_event', 'read_dataset_event_from_classic' retrieved from /home/airflow/.local/lib/python3.12/site-packages/airflow/example_dags/example_inlet_event_extra.py
[2025-06-21T22:08:28.538+0000] {logging_mixin.py:190} INFO - [2025-06-21T22:08:28.537+0000] {dag.py:3239} INFO - Sync 2 DAGs
[2025-06-21T22:08:28.565+0000] {logging_mixin.py:190} INFO - [2025-06-21T22:08:28.564+0000] {dag.py:4180} INFO - Setting next_dagrun for read_dataset_event to 2025-06-20 00:00:00+00:00, run_after=2025-06-21 00:00:00+00:00
[2025-06-21T22:08:28.570+0000] {logging_mixin.py:190} INFO - [2025-06-21T22:08:28.570+0000] {dag.py:4180} INFO - Setting next_dagrun for read_dataset_event_from_classic to 2025-06-20 00:00:00+00:00, run_after=2025-06-21 00:00:00+00:00
[2025-06-21T22:08:28.583+0000] {processor.py:208} INFO - Processing /home/airflow/.local/lib/python3.12/site-packages/airflow/example_dags/example_inlet_event_extra.py took 0.374 seconds
[2025-06-21T22:08:59.232+0000] {processor.py:186} INFO - Started process (PID=210) to work on /home/airflow/.local/lib/python3.12/site-packages/airflow/example_dags/example_inlet_event_extra.py
[2025-06-21T22:08:59.234+0000] {processor.py:914} INFO - Processing file /home/airflow/.local/lib/python3.12/site-packages/airflow/example_dags/example_inlet_event_extra.py for tasks to queue
[2025-06-21T22:08:59.238+0000] {logging_mixin.py:190} INFO - [2025-06-21T22:08:59.238+0000] {dagbag.py:588} INFO - Filling up the DagBag from /home/airflow/.local/lib/python3.12/site-packages/airflow/example_dags/example_inlet_event_extra.py
[2025-06-21T22:08:59.406+0000] {processor.py:925} INFO - DAG(s) 'read_dataset_event', 'read_dataset_event_from_classic' retrieved from /home/airflow/.local/lib/python3.12/site-packages/airflow/example_dags/example_inlet_event_extra.py
[2025-06-21T22:08:59.438+0000] {logging_mixin.py:190} INFO - [2025-06-21T22:08:59.438+0000] {dag.py:3239} INFO - Sync 2 DAGs
[2025-06-21T22:08:59.454+0000] {logging_mixin.py:190} INFO - [2025-06-21T22:08:59.454+0000] {dag.py:4180} INFO - Setting next_dagrun for read_dataset_event to 2025-06-20 00:00:00+00:00, run_after=2025-06-21 00:00:00+00:00
[2025-06-21T22:08:59.462+0000] {logging_mixin.py:190} INFO - [2025-06-21T22:08:59.461+0000] {dag.py:4180} INFO - Setting next_dagrun for read_dataset_event_from_classic to 2025-06-20 00:00:00+00:00, run_after=2025-06-21 00:00:00+00:00
[2025-06-21T22:08:59.475+0000] {processor.py:208} INFO - Processing /home/airflow/.local/lib/python3.12/site-packages/airflow/example_dags/example_inlet_event_extra.py took 0.250 seconds
[2025-06-21T22:09:29.892+0000] {processor.py:186} INFO - Started process (PID=272) to work on /home/airflow/.local/lib/python3.12/site-packages/airflow/example_dags/example_inlet_event_extra.py
[2025-06-21T22:09:29.895+0000] {processor.py:914} INFO - Processing file /home/airflow/.local/lib/python3.12/site-packages/airflow/example_dags/example_inlet_event_extra.py for tasks to queue
[2025-06-21T22:09:29.900+0000] {logging_mixin.py:190} INFO - [2025-06-21T22:09:29.899+0000] {dagbag.py:588} INFO - Filling up the DagBag from /home/airflow/.local/lib/python3.12/site-packages/airflow/example_dags/example_inlet_event_extra.py
[2025-06-21T22:09:30.227+0000] {processor.py:925} INFO - DAG(s) 'read_dataset_event_from_classic', 'read_dataset_event' retrieved from /home/airflow/.local/lib/python3.12/site-packages/airflow/example_dags/example_inlet_event_extra.py
[2025-06-21T22:09:30.256+0000] {logging_mixin.py:190} INFO - [2025-06-21T22:09:30.256+0000] {dag.py:3239} INFO - Sync 2 DAGs
[2025-06-21T22:09:30.281+0000] {logging_mixin.py:190} INFO - [2025-06-21T22:09:30.281+0000] {dag.py:4180} INFO - Setting next_dagrun for read_dataset_event to 2025-06-20 00:00:00+00:00, run_after=2025-06-21 00:00:00+00:00
[2025-06-21T22:09:30.285+0000] {logging_mixin.py:190} INFO - [2025-06-21T22:09:30.285+0000] {dag.py:4180} INFO - Setting next_dagrun for read_dataset_event_from_classic to 2025-06-20 00:00:00+00:00, run_after=2025-06-21 00:00:00+00:00
[2025-06-21T22:09:30.341+0000] {processor.py:208} INFO - Processing /home/airflow/.local/lib/python3.12/site-packages/airflow/example_dags/example_inlet_event_extra.py took 0.465 seconds
[2025-06-21T22:10:01.107+0000] {processor.py:186} INFO - Started process (PID=335) to work on /home/airflow/.local/lib/python3.12/site-packages/airflow/example_dags/example_inlet_event_extra.py
[2025-06-21T22:10:01.112+0000] {processor.py:914} INFO - Processing file /home/airflow/.local/lib/python3.12/site-packages/airflow/example_dags/example_inlet_event_extra.py for tasks to queue
[2025-06-21T22:10:01.115+0000] {logging_mixin.py:190} INFO - [2025-06-21T22:10:01.114+0000] {dagbag.py:588} INFO - Filling up the DagBag from /home/airflow/.local/lib/python3.12/site-packages/airflow/example_dags/example_inlet_event_extra.py
[2025-06-21T22:10:01.247+0000] {processor.py:925} INFO - DAG(s) 'read_dataset_event', 'read_dataset_event_from_classic' retrieved from /home/airflow/.local/lib/python3.12/site-packages/airflow/example_dags/example_inlet_event_extra.py
[2025-06-21T22:10:01.265+0000] {logging_mixin.py:190} INFO - [2025-06-21T22:10:01.265+0000] {dag.py:3239} INFO - Sync 2 DAGs
[2025-06-21T22:10:01.279+0000] {logging_mixin.py:190} INFO - [2025-06-21T22:10:01.278+0000] {dag.py:4180} INFO - Setting next_dagrun for read_dataset_event to 2025-06-20 00:00:00+00:00, run_after=2025-06-21 00:00:00+00:00
[2025-06-21T22:10:01.282+0000] {logging_mixin.py:190} INFO - [2025-06-21T22:10:01.281+0000] {dag.py:4180} INFO - Setting next_dagrun for read_dataset_event_from_classic to 2025-06-20 00:00:00+00:00, run_after=2025-06-21 00:00:00+00:00
[2025-06-21T22:10:01.293+0000] {processor.py:208} INFO - Processing /home/airflow/.local/lib/python3.12/site-packages/airflow/example_dags/example_inlet_event_extra.py took 0.196 seconds
[2025-06-21T22:10:31.614+0000] {processor.py:186} INFO - Started process (PID=397) to work on /home/airflow/.local/lib/python3.12/site-packages/airflow/example_dags/example_inlet_event_extra.py
[2025-06-21T22:10:31.617+0000] {processor.py:914} INFO - Processing file /home/airflow/.local/lib/python3.12/site-packages/airflow/example_dags/example_inlet_event_extra.py for tasks to queue
[2025-06-21T22:10:31.620+0000] {logging_mixin.py:190} INFO - [2025-06-21T22:10:31.620+0000] {dagbag.py:588} INFO - Filling up the DagBag from /home/airflow/.local/lib/python3.12/site-packages/airflow/example_dags/example_inlet_event_extra.py
[2025-06-21T22:10:31.779+0000] {processor.py:925} INFO - DAG(s) 'read_dataset_event', 'read_dataset_event_from_classic' retrieved from /home/airflow/.local/lib/python3.12/site-packages/airflow/example_dags/example_inlet_event_extra.py
[2025-06-21T22:10:31.796+0000] {logging_mixin.py:190} INFO - [2025-06-21T22:10:31.796+0000] {dag.py:3239} INFO - Sync 2 DAGs
[2025-06-21T22:10:31.814+0000] {logging_mixin.py:190} INFO - [2025-06-21T22:10:31.813+0000] {dag.py:4180} INFO - Setting next_dagrun for read_dataset_event to 2025-06-20 00:00:00+00:00, run_after=2025-06-21 00:00:00+00:00
[2025-06-21T22:10:31.817+0000] {logging_mixin.py:190} INFO - [2025-06-21T22:10:31.817+0000] {dag.py:4180} INFO - Setting next_dagrun for read_dataset_event_from_classic to 2025-06-20 00:00:00+00:00, run_after=2025-06-21 00:00:00+00:00
[2025-06-21T22:10:31.830+0000] {processor.py:208} INFO - Processing /home/airflow/.local/lib/python3.12/site-packages/airflow/example_dags/example_inlet_event_extra.py took 0.225 seconds
[2025-06-21T22:11:02.202+0000] {processor.py:186} INFO - Started process (PID=459) to work on /home/airflow/.local/lib/python3.12/site-packages/airflow/example_dags/example_inlet_event_extra.py
[2025-06-21T22:11:02.204+0000] {processor.py:914} INFO - Processing file /home/airflow/.local/lib/python3.12/site-packages/airflow/example_dags/example_inlet_event_extra.py for tasks to queue
[2025-06-21T22:11:02.207+0000] {logging_mixin.py:190} INFO - [2025-06-21T22:11:02.207+0000] {dagbag.py:588} INFO - Filling up the DagBag from /home/airflow/.local/lib/python3.12/site-packages/airflow/example_dags/example_inlet_event_extra.py
[2025-06-21T22:11:02.320+0000] {processor.py:925} INFO - DAG(s) 'read_dataset_event_from_classic', 'read_dataset_event' retrieved from /home/airflow/.local/lib/python3.12/site-packages/airflow/example_dags/example_inlet_event_extra.py
[2025-06-21T22:11:02.341+0000] {logging_mixin.py:190} INFO - [2025-06-21T22:11:02.341+0000] {dag.py:3239} INFO - Sync 2 DAGs
[2025-06-21T22:11:02.356+0000] {logging_mixin.py:190} INFO - [2025-06-21T22:11:02.356+0000] {dag.py:4180} INFO - Setting next_dagrun for read_dataset_event to 2025-06-20 00:00:00+00:00, run_after=2025-06-21 00:00:00+00:00
[2025-06-21T22:11:02.359+0000] {logging_mixin.py:190} INFO - [2025-06-21T22:11:02.358+0000] {dag.py:4180} INFO - Setting next_dagrun for read_dataset_event_from_classic to 2025-06-20 00:00:00+00:00, run_after=2025-06-21 00:00:00+00:00
[2025-06-21T22:11:02.366+0000] {processor.py:208} INFO - Processing /home/airflow/.local/lib/python3.12/site-packages/airflow/example_dags/example_inlet_event_extra.py took 0.173 seconds
[2025-06-21T22:11:32.668+0000] {processor.py:186} INFO - Started process (PID=521) to work on /home/airflow/.local/lib/python3.12/site-packages/airflow/example_dags/example_inlet_event_extra.py
[2025-06-21T22:11:32.670+0000] {processor.py:914} INFO - Processing file /home/airflow/.local/lib/python3.12/site-packages/airflow/example_dags/example_inlet_event_extra.py for tasks to queue
[2025-06-21T22:11:32.673+0000] {logging_mixin.py:190} INFO - [2025-06-21T22:11:32.673+0000] {dagbag.py:588} INFO - Filling up the DagBag from /home/airflow/.local/lib/python3.12/site-packages/airflow/example_dags/example_inlet_event_extra.py
[2025-06-21T22:11:32.824+0000] {processor.py:925} INFO - DAG(s) 'read_dataset_event_from_classic', 'read_dataset_event' retrieved from /home/airflow/.local/lib/python3.12/site-packages/airflow/example_dags/example_inlet_event_extra.py
[2025-06-21T22:11:32.841+0000] {logging_mixin.py:190} INFO - [2025-06-21T22:11:32.840+0000] {dag.py:3239} INFO - Sync 2 DAGs
[2025-06-21T22:11:32.860+0000] {logging_mixin.py:190} INFO - [2025-06-21T22:11:32.860+0000] {dag.py:4180} INFO - Setting next_dagrun for read_dataset_event to 2025-06-20 00:00:00+00:00, run_after=2025-06-21 00:00:00+00:00
[2025-06-21T22:11:32.864+0000] {logging_mixin.py:190} INFO - [2025-06-21T22:11:32.864+0000] {dag.py:4180} INFO - Setting next_dagrun for read_dataset_event_from_classic to 2025-06-20 00:00:00+00:00, run_after=2025-06-21 00:00:00+00:00
[2025-06-21T22:11:32.874+0000] {processor.py:208} INFO - Processing /home/airflow/.local/lib/python3.12/site-packages/airflow/example_dags/example_inlet_event_extra.py took 0.214 seconds
[2025-06-21T22:12:03.211+0000] {processor.py:186} INFO - Started process (PID=583) to work on /home/airflow/.local/lib/python3.12/site-packages/airflow/example_dags/example_inlet_event_extra.py
[2025-06-21T22:12:03.214+0000] {processor.py:914} INFO - Processing file /home/airflow/.local/lib/python3.12/site-packages/airflow/example_dags/example_inlet_event_extra.py for tasks to queue
[2025-06-21T22:12:03.216+0000] {logging_mixin.py:190} INFO - [2025-06-21T22:12:03.216+0000] {dagbag.py:588} INFO - Filling up the DagBag from /home/airflow/.local/lib/python3.12/site-packages/airflow/example_dags/example_inlet_event_extra.py
[2025-06-21T22:12:03.344+0000] {processor.py:925} INFO - DAG(s) 'read_dataset_event', 'read_dataset_event_from_classic' retrieved from /home/airflow/.local/lib/python3.12/site-packages/airflow/example_dags/example_inlet_event_extra.py
[2025-06-21T22:12:03.358+0000] {logging_mixin.py:190} INFO - [2025-06-21T22:12:03.357+0000] {dag.py:3239} INFO - Sync 2 DAGs
[2025-06-21T22:12:03.372+0000] {logging_mixin.py:190} INFO - [2025-06-21T22:12:03.372+0000] {dag.py:4180} INFO - Setting next_dagrun for read_dataset_event to 2025-06-20 00:00:00+00:00, run_after=2025-06-21 00:00:00+00:00
[2025-06-21T22:12:03.377+0000] {logging_mixin.py:190} INFO - [2025-06-21T22:12:03.377+0000] {dag.py:4180} INFO - Setting next_dagrun for read_dataset_event_from_classic to 2025-06-20 00:00:00+00:00, run_after=2025-06-21 00:00:00+00:00
[2025-06-21T22:12:03.389+0000] {processor.py:208} INFO - Processing /home/airflow/.local/lib/python3.12/site-packages/airflow/example_dags/example_inlet_event_extra.py took 0.188 seconds
[2025-06-21T22:12:33.699+0000] {processor.py:186} INFO - Started process (PID=645) to work on /home/airflow/.local/lib/python3.12/site-packages/airflow/example_dags/example_inlet_event_extra.py
[2025-06-21T22:12:33.702+0000] {processor.py:914} INFO - Processing file /home/airflow/.local/lib/python3.12/site-packages/airflow/example_dags/example_inlet_event_extra.py for tasks to queue
[2025-06-21T22:12:33.705+0000] {logging_mixin.py:190} INFO - [2025-06-21T22:12:33.704+0000] {dagbag.py:588} INFO - Filling up the DagBag from /home/airflow/.local/lib/python3.12/site-packages/airflow/example_dags/example_inlet_event_extra.py
[2025-06-21T22:12:33.844+0000] {processor.py:925} INFO - DAG(s) 'read_dataset_event_from_classic', 'read_dataset_event' retrieved from /home/airflow/.local/lib/python3.12/site-packages/airflow/example_dags/example_inlet_event_extra.py
[2025-06-21T22:12:33.868+0000] {logging_mixin.py:190} INFO - [2025-06-21T22:12:33.868+0000] {dag.py:3239} INFO - Sync 2 DAGs
[2025-06-21T22:12:33.882+0000] {logging_mixin.py:190} INFO - [2025-06-21T22:12:33.882+0000] {dag.py:4180} INFO - Setting next_dagrun for read_dataset_event to 2025-06-20 00:00:00+00:00, run_after=2025-06-21 00:00:00+00:00
[2025-06-21T22:12:33.885+0000] {logging_mixin.py:190} INFO - [2025-06-21T22:12:33.885+0000] {dag.py:4180} INFO - Setting next_dagrun for read_dataset_event_from_classic to 2025-06-20 00:00:00+00:00, run_after=2025-06-21 00:00:00+00:00
[2025-06-21T22:12:33.894+0000] {processor.py:208} INFO - Processing /home/airflow/.local/lib/python3.12/site-packages/airflow/example_dags/example_inlet_event_extra.py took 0.204 seconds
[2025-06-21T22:13:04.224+0000] {processor.py:186} INFO - Started process (PID=707) to work on /home/airflow/.local/lib/python3.12/site-packages/airflow/example_dags/example_inlet_event_extra.py
[2025-06-21T22:13:04.227+0000] {processor.py:914} INFO - Processing file /home/airflow/.local/lib/python3.12/site-packages/airflow/example_dags/example_inlet_event_extra.py for tasks to queue
[2025-06-21T22:13:04.232+0000] {logging_mixin.py:190} INFO - [2025-06-21T22:13:04.232+0000] {dagbag.py:588} INFO - Filling up the DagBag from /home/airflow/.local/lib/python3.12/site-packages/airflow/example_dags/example_inlet_event_extra.py
[2025-06-21T22:13:04.341+0000] {processor.py:925} INFO - DAG(s) 'read_dataset_event', 'read_dataset_event_from_classic' retrieved from /home/airflow/.local/lib/python3.12/site-packages/airflow/example_dags/example_inlet_event_extra.py
[2025-06-21T22:13:04.356+0000] {logging_mixin.py:190} INFO - [2025-06-21T22:13:04.356+0000] {dag.py:3239} INFO - Sync 2 DAGs
[2025-06-21T22:13:04.370+0000] {logging_mixin.py:190} INFO - [2025-06-21T22:13:04.370+0000] {dag.py:4180} INFO - Setting next_dagrun for read_dataset_event to 2025-06-20 00:00:00+00:00, run_after=2025-06-21 00:00:00+00:00
[2025-06-21T22:13:04.372+0000] {logging_mixin.py:190} INFO - [2025-06-21T22:13:04.372+0000] {dag.py:4180} INFO - Setting next_dagrun for read_dataset_event_from_classic to 2025-06-20 00:00:00+00:00, run_after=2025-06-21 00:00:00+00:00
[2025-06-21T22:13:04.380+0000] {processor.py:208} INFO - Processing /home/airflow/.local/lib/python3.12/site-packages/airflow/example_dags/example_inlet_event_extra.py took 0.171 seconds
[2025-06-21T22:13:34.824+0000] {processor.py:186} INFO - Started process (PID=769) to work on /home/airflow/.local/lib/python3.12/site-packages/airflow/example_dags/example_inlet_event_extra.py
[2025-06-21T22:13:34.827+0000] {processor.py:914} INFO - Processing file /home/airflow/.local/lib/python3.12/site-packages/airflow/example_dags/example_inlet_event_extra.py for tasks to queue
[2025-06-21T22:13:34.839+0000] {logging_mixin.py:190} INFO - [2025-06-21T22:13:34.837+0000] {dagbag.py:588} INFO - Filling up the DagBag from /home/airflow/.local/lib/python3.12/site-packages/airflow/example_dags/example_inlet_event_extra.py
[2025-06-21T22:13:35.009+0000] {processor.py:925} INFO - DAG(s) 'read_dataset_event', 'read_dataset_event_from_classic' retrieved from /home/airflow/.local/lib/python3.12/site-packages/airflow/example_dags/example_inlet_event_extra.py
[2025-06-21T22:13:35.027+0000] {logging_mixin.py:190} INFO - [2025-06-21T22:13:35.027+0000] {dag.py:3239} INFO - Sync 2 DAGs
[2025-06-21T22:13:35.051+0000] {logging_mixin.py:190} INFO - [2025-06-21T22:13:35.050+0000] {dag.py:4180} INFO - Setting next_dagrun for read_dataset_event to 2025-06-20 00:00:00+00:00, run_after=2025-06-21 00:00:00+00:00
[2025-06-21T22:13:35.054+0000] {logging_mixin.py:190} INFO - [2025-06-21T22:13:35.054+0000] {dag.py:4180} INFO - Setting next_dagrun for read_dataset_event_from_classic to 2025-06-20 00:00:00+00:00, run_after=2025-06-21 00:00:00+00:00
[2025-06-21T22:13:35.067+0000] {processor.py:208} INFO - Processing /home/airflow/.local/lib/python3.12/site-packages/airflow/example_dags/example_inlet_event_extra.py took 0.258 seconds
[2025-06-21T22:14:05.763+0000] {processor.py:186} INFO - Started process (PID=831) to work on /home/airflow/.local/lib/python3.12/site-packages/airflow/example_dags/example_inlet_event_extra.py
[2025-06-21T22:14:05.765+0000] {processor.py:914} INFO - Processing file /home/airflow/.local/lib/python3.12/site-packages/airflow/example_dags/example_inlet_event_extra.py for tasks to queue
[2025-06-21T22:14:05.768+0000] {logging_mixin.py:190} INFO - [2025-06-21T22:14:05.768+0000] {dagbag.py:588} INFO - Filling up the DagBag from /home/airflow/.local/lib/python3.12/site-packages/airflow/example_dags/example_inlet_event_extra.py
[2025-06-21T22:14:05.895+0000] {processor.py:925} INFO - DAG(s) 'read_dataset_event', 'read_dataset_event_from_classic' retrieved from /home/airflow/.local/lib/python3.12/site-packages/airflow/example_dags/example_inlet_event_extra.py
[2025-06-21T22:14:05.916+0000] {logging_mixin.py:190} INFO - [2025-06-21T22:14:05.915+0000] {dag.py:3239} INFO - Sync 2 DAGs
[2025-06-21T22:14:05.933+0000] {logging_mixin.py:190} INFO - [2025-06-21T22:14:05.933+0000] {dag.py:4180} INFO - Setting next_dagrun for read_dataset_event to 2025-06-20 00:00:00+00:00, run_after=2025-06-21 00:00:00+00:00
[2025-06-21T22:14:05.936+0000] {logging_mixin.py:190} INFO - [2025-06-21T22:14:05.936+0000] {dag.py:4180} INFO - Setting next_dagrun for read_dataset_event_from_classic to 2025-06-20 00:00:00+00:00, run_after=2025-06-21 00:00:00+00:00
[2025-06-21T22:14:05.948+0000] {processor.py:208} INFO - Processing /home/airflow/.local/lib/python3.12/site-packages/airflow/example_dags/example_inlet_event_extra.py took 0.197 seconds
[2025-06-21T22:14:36.563+0000] {processor.py:186} INFO - Started process (PID=893) to work on /home/airflow/.local/lib/python3.12/site-packages/airflow/example_dags/example_inlet_event_extra.py
[2025-06-21T22:14:36.564+0000] {processor.py:914} INFO - Processing file /home/airflow/.local/lib/python3.12/site-packages/airflow/example_dags/example_inlet_event_extra.py for tasks to queue
[2025-06-21T22:14:36.566+0000] {logging_mixin.py:190} INFO - [2025-06-21T22:14:36.565+0000] {dagbag.py:588} INFO - Filling up the DagBag from /home/airflow/.local/lib/python3.12/site-packages/airflow/example_dags/example_inlet_event_extra.py
[2025-06-21T22:14:36.665+0000] {processor.py:925} INFO - DAG(s) 'read_dataset_event', 'read_dataset_event_from_classic' retrieved from /home/airflow/.local/lib/python3.12/site-packages/airflow/example_dags/example_inlet_event_extra.py
[2025-06-21T22:14:36.679+0000] {logging_mixin.py:190} INFO - [2025-06-21T22:14:36.679+0000] {dag.py:3239} INFO - Sync 2 DAGs
[2025-06-21T22:14:36.696+0000] {logging_mixin.py:190} INFO - [2025-06-21T22:14:36.696+0000] {dag.py:4180} INFO - Setting next_dagrun for read_dataset_event to 2025-06-20 00:00:00+00:00, run_after=2025-06-21 00:00:00+00:00
[2025-06-21T22:14:36.700+0000] {logging_mixin.py:190} INFO - [2025-06-21T22:14:36.700+0000] {dag.py:4180} INFO - Setting next_dagrun for read_dataset_event_from_classic to 2025-06-20 00:00:00+00:00, run_after=2025-06-21 00:00:00+00:00
[2025-06-21T22:14:36.713+0000] {processor.py:208} INFO - Processing /home/airflow/.local/lib/python3.12/site-packages/airflow/example_dags/example_inlet_event_extra.py took 0.156 seconds
[2025-06-21T22:15:07.331+0000] {processor.py:186} INFO - Started process (PID=955) to work on /home/airflow/.local/lib/python3.12/site-packages/airflow/example_dags/example_inlet_event_extra.py
[2025-06-21T22:15:07.396+0000] {processor.py:914} INFO - Processing file /home/airflow/.local/lib/python3.12/site-packages/airflow/example_dags/example_inlet_event_extra.py for tasks to queue
[2025-06-21T22:15:07.400+0000] {logging_mixin.py:190} INFO - [2025-06-21T22:15:07.400+0000] {dagbag.py:588} INFO - Filling up the DagBag from /home/airflow/.local/lib/python3.12/site-packages/airflow/example_dags/example_inlet_event_extra.py
[2025-06-21T22:15:07.560+0000] {processor.py:925} INFO - DAG(s) 'read_dataset_event', 'read_dataset_event_from_classic' retrieved from /home/airflow/.local/lib/python3.12/site-packages/airflow/example_dags/example_inlet_event_extra.py
[2025-06-21T22:15:07.582+0000] {logging_mixin.py:190} INFO - [2025-06-21T22:15:07.582+0000] {dag.py:3239} INFO - Sync 2 DAGs
[2025-06-21T22:15:07.597+0000] {logging_mixin.py:190} INFO - [2025-06-21T22:15:07.597+0000] {dag.py:4180} INFO - Setting next_dagrun for read_dataset_event to 2025-06-20 00:00:00+00:00, run_after=2025-06-21 00:00:00+00:00
[2025-06-21T22:15:07.600+0000] {logging_mixin.py:190} INFO - [2025-06-21T22:15:07.600+0000] {dag.py:4180} INFO - Setting next_dagrun for read_dataset_event_from_classic to 2025-06-20 00:00:00+00:00, run_after=2025-06-21 00:00:00+00:00
[2025-06-21T22:15:07.612+0000] {processor.py:208} INFO - Processing /home/airflow/.local/lib/python3.12/site-packages/airflow/example_dags/example_inlet_event_extra.py took 0.303 seconds
[2025-06-21T22:15:37.796+0000] {processor.py:186} INFO - Started process (PID=1017) to work on /home/airflow/.local/lib/python3.12/site-packages/airflow/example_dags/example_inlet_event_extra.py
[2025-06-21T22:15:37.798+0000] {processor.py:914} INFO - Processing file /home/airflow/.local/lib/python3.12/site-packages/airflow/example_dags/example_inlet_event_extra.py for tasks to queue
[2025-06-21T22:15:37.801+0000] {logging_mixin.py:190} INFO - [2025-06-21T22:15:37.800+0000] {dagbag.py:588} INFO - Filling up the DagBag from /home/airflow/.local/lib/python3.12/site-packages/airflow/example_dags/example_inlet_event_extra.py
[2025-06-21T22:15:37.994+0000] {processor.py:925} INFO - DAG(s) 'read_dataset_event_from_classic', 'read_dataset_event' retrieved from /home/airflow/.local/lib/python3.12/site-packages/airflow/example_dags/example_inlet_event_extra.py
[2025-06-21T22:15:38.021+0000] {logging_mixin.py:190} INFO - [2025-06-21T22:15:38.020+0000] {dag.py:3239} INFO - Sync 2 DAGs
[2025-06-21T22:15:38.048+0000] {logging_mixin.py:190} INFO - [2025-06-21T22:15:38.048+0000] {dag.py:4180} INFO - Setting next_dagrun for read_dataset_event to 2025-06-20 00:00:00+00:00, run_after=2025-06-21 00:00:00+00:00
[2025-06-21T22:15:38.052+0000] {logging_mixin.py:190} INFO - [2025-06-21T22:15:38.052+0000] {dag.py:4180} INFO - Setting next_dagrun for read_dataset_event_from_classic to 2025-06-20 00:00:00+00:00, run_after=2025-06-21 00:00:00+00:00
[2025-06-21T22:15:38.067+0000] {processor.py:208} INFO - Processing /home/airflow/.local/lib/python3.12/site-packages/airflow/example_dags/example_inlet_event_extra.py took 0.279 seconds
[2025-06-21T22:16:08.749+0000] {processor.py:186} INFO - Started process (PID=1079) to work on /home/airflow/.local/lib/python3.12/site-packages/airflow/example_dags/example_inlet_event_extra.py
[2025-06-21T22:16:08.754+0000] {processor.py:914} INFO - Processing file /home/airflow/.local/lib/python3.12/site-packages/airflow/example_dags/example_inlet_event_extra.py for tasks to queue
[2025-06-21T22:16:08.756+0000] {logging_mixin.py:190} INFO - [2025-06-21T22:16:08.756+0000] {dagbag.py:588} INFO - Filling up the DagBag from /home/airflow/.local/lib/python3.12/site-packages/airflow/example_dags/example_inlet_event_extra.py
[2025-06-21T22:16:08.878+0000] {processor.py:925} INFO - DAG(s) 'read_dataset_event_from_classic', 'read_dataset_event' retrieved from /home/airflow/.local/lib/python3.12/site-packages/airflow/example_dags/example_inlet_event_extra.py
[2025-06-21T22:16:08.901+0000] {logging_mixin.py:190} INFO - [2025-06-21T22:16:08.901+0000] {dag.py:3239} INFO - Sync 2 DAGs
[2025-06-21T22:16:08.923+0000] {logging_mixin.py:190} INFO - [2025-06-21T22:16:08.923+0000] {dag.py:4180} INFO - Setting next_dagrun for read_dataset_event to 2025-06-20 00:00:00+00:00, run_after=2025-06-21 00:00:00+00:00
[2025-06-21T22:16:08.927+0000] {logging_mixin.py:190} INFO - [2025-06-21T22:16:08.927+0000] {dag.py:4180} INFO - Setting next_dagrun for read_dataset_event_from_classic to 2025-06-20 00:00:00+00:00, run_after=2025-06-21 00:00:00+00:00
[2025-06-21T22:16:08.940+0000] {processor.py:208} INFO - Processing /home/airflow/.local/lib/python3.12/site-packages/airflow/example_dags/example_inlet_event_extra.py took 0.200 seconds
[2025-06-21T22:16:39.699+0000] {processor.py:186} INFO - Started process (PID=1141) to work on /home/airflow/.local/lib/python3.12/site-packages/airflow/example_dags/example_inlet_event_extra.py
[2025-06-21T22:16:39.701+0000] {processor.py:914} INFO - Processing file /home/airflow/.local/lib/python3.12/site-packages/airflow/example_dags/example_inlet_event_extra.py for tasks to queue
[2025-06-21T22:16:39.703+0000] {logging_mixin.py:190} INFO - [2025-06-21T22:16:39.703+0000] {dagbag.py:588} INFO - Filling up the DagBag from /home/airflow/.local/lib/python3.12/site-packages/airflow/example_dags/example_inlet_event_extra.py
[2025-06-21T22:16:39.793+0000] {processor.py:925} INFO - DAG(s) 'read_dataset_event', 'read_dataset_event_from_classic' retrieved from /home/airflow/.local/lib/python3.12/site-packages/airflow/example_dags/example_inlet_event_extra.py
[2025-06-21T22:16:39.817+0000] {logging_mixin.py:190} INFO - [2025-06-21T22:16:39.816+0000] {dag.py:3239} INFO - Sync 2 DAGs
[2025-06-21T22:16:39.831+0000] {logging_mixin.py:190} INFO - [2025-06-21T22:16:39.831+0000] {dag.py:4180} INFO - Setting next_dagrun for read_dataset_event to 2025-06-20 00:00:00+00:00, run_after=2025-06-21 00:00:00+00:00
[2025-06-21T22:16:39.835+0000] {logging_mixin.py:190} INFO - [2025-06-21T22:16:39.835+0000] {dag.py:4180} INFO - Setting next_dagrun for read_dataset_event_from_classic to 2025-06-20 00:00:00+00:00, run_after=2025-06-21 00:00:00+00:00
[2025-06-21T22:16:39.844+0000] {processor.py:208} INFO - Processing /home/airflow/.local/lib/python3.12/site-packages/airflow/example_dags/example_inlet_event_extra.py took 0.151 seconds
[2025-06-21T22:17:10.201+0000] {processor.py:186} INFO - Started process (PID=1203) to work on /home/airflow/.local/lib/python3.12/site-packages/airflow/example_dags/example_inlet_event_extra.py
[2025-06-21T22:17:10.203+0000] {processor.py:914} INFO - Processing file /home/airflow/.local/lib/python3.12/site-packages/airflow/example_dags/example_inlet_event_extra.py for tasks to queue
[2025-06-21T22:17:10.209+0000] {logging_mixin.py:190} INFO - [2025-06-21T22:17:10.209+0000] {dagbag.py:588} INFO - Filling up the DagBag from /home/airflow/.local/lib/python3.12/site-packages/airflow/example_dags/example_inlet_event_extra.py
[2025-06-21T22:17:10.427+0000] {processor.py:925} INFO - DAG(s) 'read_dataset_event', 'read_dataset_event_from_classic' retrieved from /home/airflow/.local/lib/python3.12/site-packages/airflow/example_dags/example_inlet_event_extra.py
[2025-06-21T22:17:10.448+0000] {logging_mixin.py:190} INFO - [2025-06-21T22:17:10.448+0000] {dag.py:3239} INFO - Sync 2 DAGs
[2025-06-21T22:17:10.470+0000] {logging_mixin.py:190} INFO - [2025-06-21T22:17:10.469+0000] {dag.py:4180} INFO - Setting next_dagrun for read_dataset_event to 2025-06-20 00:00:00+00:00, run_after=2025-06-21 00:00:00+00:00
[2025-06-21T22:17:10.475+0000] {logging_mixin.py:190} INFO - [2025-06-21T22:17:10.475+0000] {dag.py:4180} INFO - Setting next_dagrun for read_dataset_event_from_classic to 2025-06-20 00:00:00+00:00, run_after=2025-06-21 00:00:00+00:00
[2025-06-21T22:17:10.488+0000] {processor.py:208} INFO - Processing /home/airflow/.local/lib/python3.12/site-packages/airflow/example_dags/example_inlet_event_extra.py took 0.304 seconds
[2025-06-21T22:17:40.572+0000] {processor.py:186} INFO - Started process (PID=1265) to work on /home/airflow/.local/lib/python3.12/site-packages/airflow/example_dags/example_inlet_event_extra.py
[2025-06-21T22:17:40.574+0000] {processor.py:914} INFO - Processing file /home/airflow/.local/lib/python3.12/site-packages/airflow/example_dags/example_inlet_event_extra.py for tasks to queue
[2025-06-21T22:17:40.582+0000] {logging_mixin.py:190} INFO - [2025-06-21T22:17:40.582+0000] {dagbag.py:588} INFO - Filling up the DagBag from /home/airflow/.local/lib/python3.12/site-packages/airflow/example_dags/example_inlet_event_extra.py
[2025-06-21T22:17:40.805+0000] {processor.py:925} INFO - DAG(s) 'read_dataset_event_from_classic', 'read_dataset_event' retrieved from /home/airflow/.local/lib/python3.12/site-packages/airflow/example_dags/example_inlet_event_extra.py
[2025-06-21T22:17:40.821+0000] {logging_mixin.py:190} INFO - [2025-06-21T22:17:40.821+0000] {dag.py:3239} INFO - Sync 2 DAGs
[2025-06-21T22:17:40.838+0000] {logging_mixin.py:190} INFO - [2025-06-21T22:17:40.837+0000] {dag.py:4180} INFO - Setting next_dagrun for read_dataset_event to 2025-06-20 00:00:00+00:00, run_after=2025-06-21 00:00:00+00:00
[2025-06-21T22:17:40.841+0000] {logging_mixin.py:190} INFO - [2025-06-21T22:17:40.841+0000] {dag.py:4180} INFO - Setting next_dagrun for read_dataset_event_from_classic to 2025-06-20 00:00:00+00:00, run_after=2025-06-21 00:00:00+00:00
[2025-06-21T22:17:40.853+0000] {processor.py:208} INFO - Processing /home/airflow/.local/lib/python3.12/site-packages/airflow/example_dags/example_inlet_event_extra.py took 0.305 seconds
[2025-06-21T22:18:11.808+0000] {processor.py:186} INFO - Started process (PID=1327) to work on /home/airflow/.local/lib/python3.12/site-packages/airflow/example_dags/example_inlet_event_extra.py
[2025-06-21T22:18:11.810+0000] {processor.py:914} INFO - Processing file /home/airflow/.local/lib/python3.12/site-packages/airflow/example_dags/example_inlet_event_extra.py for tasks to queue
[2025-06-21T22:18:11.818+0000] {logging_mixin.py:190} INFO - [2025-06-21T22:18:11.818+0000] {dagbag.py:588} INFO - Filling up the DagBag from /home/airflow/.local/lib/python3.12/site-packages/airflow/example_dags/example_inlet_event_extra.py
[2025-06-21T22:18:11.982+0000] {processor.py:925} INFO - DAG(s) 'read_dataset_event', 'read_dataset_event_from_classic' retrieved from /home/airflow/.local/lib/python3.12/site-packages/airflow/example_dags/example_inlet_event_extra.py
[2025-06-21T22:18:12.000+0000] {logging_mixin.py:190} INFO - [2025-06-21T22:18:12.000+0000] {dag.py:3239} INFO - Sync 2 DAGs
[2025-06-21T22:18:12.014+0000] {logging_mixin.py:190} INFO - [2025-06-21T22:18:12.014+0000] {dag.py:4180} INFO - Setting next_dagrun for read_dataset_event to 2025-06-20 00:00:00+00:00, run_after=2025-06-21 00:00:00+00:00
[2025-06-21T22:18:12.016+0000] {logging_mixin.py:190} INFO - [2025-06-21T22:18:12.016+0000] {dag.py:4180} INFO - Setting next_dagrun for read_dataset_event_from_classic to 2025-06-20 00:00:00+00:00, run_after=2025-06-21 00:00:00+00:00
[2025-06-21T22:18:12.031+0000] {processor.py:208} INFO - Processing /home/airflow/.local/lib/python3.12/site-packages/airflow/example_dags/example_inlet_event_extra.py took 0.237 seconds
[2025-06-21T22:18:42.536+0000] {processor.py:186} INFO - Started process (PID=1389) to work on /home/airflow/.local/lib/python3.12/site-packages/airflow/example_dags/example_inlet_event_extra.py
[2025-06-21T22:18:42.540+0000] {processor.py:914} INFO - Processing file /home/airflow/.local/lib/python3.12/site-packages/airflow/example_dags/example_inlet_event_extra.py for tasks to queue
[2025-06-21T22:18:42.544+0000] {logging_mixin.py:190} INFO - [2025-06-21T22:18:42.544+0000] {dagbag.py:588} INFO - Filling up the DagBag from /home/airflow/.local/lib/python3.12/site-packages/airflow/example_dags/example_inlet_event_extra.py
[2025-06-21T22:18:42.657+0000] {processor.py:925} INFO - DAG(s) 'read_dataset_event_from_classic', 'read_dataset_event' retrieved from /home/airflow/.local/lib/python3.12/site-packages/airflow/example_dags/example_inlet_event_extra.py
[2025-06-21T22:18:42.675+0000] {logging_mixin.py:190} INFO - [2025-06-21T22:18:42.675+0000] {dag.py:3239} INFO - Sync 2 DAGs
[2025-06-21T22:18:42.687+0000] {logging_mixin.py:190} INFO - [2025-06-21T22:18:42.687+0000] {dag.py:4180} INFO - Setting next_dagrun for read_dataset_event to 2025-06-20 00:00:00+00:00, run_after=2025-06-21 00:00:00+00:00
[2025-06-21T22:18:42.691+0000] {logging_mixin.py:190} INFO - [2025-06-21T22:18:42.691+0000] {dag.py:4180} INFO - Setting next_dagrun for read_dataset_event_from_classic to 2025-06-20 00:00:00+00:00, run_after=2025-06-21 00:00:00+00:00
[2025-06-21T22:18:42.702+0000] {processor.py:208} INFO - Processing /home/airflow/.local/lib/python3.12/site-packages/airflow/example_dags/example_inlet_event_extra.py took 0.181 seconds
[2025-06-21T22:19:13.382+0000] {processor.py:186} INFO - Started process (PID=1451) to work on /home/airflow/.local/lib/python3.12/site-packages/airflow/example_dags/example_inlet_event_extra.py
[2025-06-21T22:19:13.384+0000] {processor.py:914} INFO - Processing file /home/airflow/.local/lib/python3.12/site-packages/airflow/example_dags/example_inlet_event_extra.py for tasks to queue
[2025-06-21T22:19:13.387+0000] {logging_mixin.py:190} INFO - [2025-06-21T22:19:13.386+0000] {dagbag.py:588} INFO - Filling up the DagBag from /home/airflow/.local/lib/python3.12/site-packages/airflow/example_dags/example_inlet_event_extra.py
[2025-06-21T22:19:13.530+0000] {processor.py:925} INFO - DAG(s) 'read_dataset_event', 'read_dataset_event_from_classic' retrieved from /home/airflow/.local/lib/python3.12/site-packages/airflow/example_dags/example_inlet_event_extra.py
[2025-06-21T22:19:13.548+0000] {logging_mixin.py:190} INFO - [2025-06-21T22:19:13.548+0000] {dag.py:3239} INFO - Sync 2 DAGs
[2025-06-21T22:19:13.564+0000] {logging_mixin.py:190} INFO - [2025-06-21T22:19:13.563+0000] {dag.py:4180} INFO - Setting next_dagrun for read_dataset_event to 2025-06-20 00:00:00+00:00, run_after=2025-06-21 00:00:00+00:00
[2025-06-21T22:19:13.566+0000] {logging_mixin.py:190} INFO - [2025-06-21T22:19:13.566+0000] {dag.py:4180} INFO - Setting next_dagrun for read_dataset_event_from_classic to 2025-06-20 00:00:00+00:00, run_after=2025-06-21 00:00:00+00:00
[2025-06-21T22:19:13.575+0000] {processor.py:208} INFO - Processing /home/airflow/.local/lib/python3.12/site-packages/airflow/example_dags/example_inlet_event_extra.py took 0.201 seconds
[2025-06-21T22:19:44.237+0000] {processor.py:186} INFO - Started process (PID=1513) to work on /home/airflow/.local/lib/python3.12/site-packages/airflow/example_dags/example_inlet_event_extra.py
[2025-06-21T22:19:44.239+0000] {processor.py:914} INFO - Processing file /home/airflow/.local/lib/python3.12/site-packages/airflow/example_dags/example_inlet_event_extra.py for tasks to queue
[2025-06-21T22:19:44.245+0000] {logging_mixin.py:190} INFO - [2025-06-21T22:19:44.244+0000] {dagbag.py:588} INFO - Filling up the DagBag from /home/airflow/.local/lib/python3.12/site-packages/airflow/example_dags/example_inlet_event_extra.py
[2025-06-21T22:19:44.333+0000] {processor.py:925} INFO - DAG(s) 'read_dataset_event', 'read_dataset_event_from_classic' retrieved from /home/airflow/.local/lib/python3.12/site-packages/airflow/example_dags/example_inlet_event_extra.py
[2025-06-21T22:19:44.344+0000] {logging_mixin.py:190} INFO - [2025-06-21T22:19:44.344+0000] {dag.py:3239} INFO - Sync 2 DAGs
[2025-06-21T22:19:44.355+0000] {logging_mixin.py:190} INFO - [2025-06-21T22:19:44.355+0000] {dag.py:4180} INFO - Setting next_dagrun for read_dataset_event to 2025-06-20 00:00:00+00:00, run_after=2025-06-21 00:00:00+00:00
[2025-06-21T22:19:44.360+0000] {logging_mixin.py:190} INFO - [2025-06-21T22:19:44.359+0000] {dag.py:4180} INFO - Setting next_dagrun for read_dataset_event_from_classic to 2025-06-20 00:00:00+00:00, run_after=2025-06-21 00:00:00+00:00
[2025-06-21T22:19:44.370+0000] {processor.py:208} INFO - Processing /home/airflow/.local/lib/python3.12/site-packages/airflow/example_dags/example_inlet_event_extra.py took 0.141 seconds
[2025-06-21T22:20:15.117+0000] {processor.py:186} INFO - Started process (PID=1575) to work on /home/airflow/.local/lib/python3.12/site-packages/airflow/example_dags/example_inlet_event_extra.py
[2025-06-21T22:20:15.118+0000] {processor.py:914} INFO - Processing file /home/airflow/.local/lib/python3.12/site-packages/airflow/example_dags/example_inlet_event_extra.py for tasks to queue
[2025-06-21T22:20:15.120+0000] {logging_mixin.py:190} INFO - [2025-06-21T22:20:15.120+0000] {dagbag.py:588} INFO - Filling up the DagBag from /home/airflow/.local/lib/python3.12/site-packages/airflow/example_dags/example_inlet_event_extra.py
[2025-06-21T22:20:15.253+0000] {processor.py:925} INFO - DAG(s) 'read_dataset_event', 'read_dataset_event_from_classic' retrieved from /home/airflow/.local/lib/python3.12/site-packages/airflow/example_dags/example_inlet_event_extra.py
[2025-06-21T22:20:15.282+0000] {logging_mixin.py:190} INFO - [2025-06-21T22:20:15.281+0000] {dag.py:3239} INFO - Sync 2 DAGs
[2025-06-21T22:20:15.301+0000] {logging_mixin.py:190} INFO - [2025-06-21T22:20:15.301+0000] {dag.py:4180} INFO - Setting next_dagrun for read_dataset_event to 2025-06-20 00:00:00+00:00, run_after=2025-06-21 00:00:00+00:00
[2025-06-21T22:20:15.304+0000] {logging_mixin.py:190} INFO - [2025-06-21T22:20:15.304+0000] {dag.py:4180} INFO - Setting next_dagrun for read_dataset_event_from_classic to 2025-06-20 00:00:00+00:00, run_after=2025-06-21 00:00:00+00:00
[2025-06-21T22:20:15.319+0000] {processor.py:208} INFO - Processing /home/airflow/.local/lib/python3.12/site-packages/airflow/example_dags/example_inlet_event_extra.py took 0.206 seconds
[2025-06-21T22:20:45.544+0000] {processor.py:186} INFO - Started process (PID=1637) to work on /home/airflow/.local/lib/python3.12/site-packages/airflow/example_dags/example_inlet_event_extra.py
[2025-06-21T22:20:45.546+0000] {processor.py:914} INFO - Processing file /home/airflow/.local/lib/python3.12/site-packages/airflow/example_dags/example_inlet_event_extra.py for tasks to queue
[2025-06-21T22:20:45.549+0000] {logging_mixin.py:190} INFO - [2025-06-21T22:20:45.548+0000] {dagbag.py:588} INFO - Filling up the DagBag from /home/airflow/.local/lib/python3.12/site-packages/airflow/example_dags/example_inlet_event_extra.py
[2025-06-21T22:20:45.680+0000] {processor.py:925} INFO - DAG(s) 'read_dataset_event_from_classic', 'read_dataset_event' retrieved from /home/airflow/.local/lib/python3.12/site-packages/airflow/example_dags/example_inlet_event_extra.py
[2025-06-21T22:20:45.716+0000] {logging_mixin.py:190} INFO - [2025-06-21T22:20:45.716+0000] {dag.py:3239} INFO - Sync 2 DAGs
[2025-06-21T22:20:45.736+0000] {logging_mixin.py:190} INFO - [2025-06-21T22:20:45.736+0000] {dag.py:4180} INFO - Setting next_dagrun for read_dataset_event to 2025-06-20 00:00:00+00:00, run_after=2025-06-21 00:00:00+00:00
[2025-06-21T22:20:45.740+0000] {logging_mixin.py:190} INFO - [2025-06-21T22:20:45.739+0000] {dag.py:4180} INFO - Setting next_dagrun for read_dataset_event_from_classic to 2025-06-20 00:00:00+00:00, run_after=2025-06-21 00:00:00+00:00
[2025-06-21T22:20:45.757+0000] {processor.py:208} INFO - Processing /home/airflow/.local/lib/python3.12/site-packages/airflow/example_dags/example_inlet_event_extra.py took 0.217 seconds
[2025-06-21T22:21:15.829+0000] {processor.py:186} INFO - Started process (PID=1699) to work on /home/airflow/.local/lib/python3.12/site-packages/airflow/example_dags/example_inlet_event_extra.py
[2025-06-21T22:21:15.831+0000] {processor.py:914} INFO - Processing file /home/airflow/.local/lib/python3.12/site-packages/airflow/example_dags/example_inlet_event_extra.py for tasks to queue
[2025-06-21T22:21:15.834+0000] {logging_mixin.py:190} INFO - [2025-06-21T22:21:15.833+0000] {dagbag.py:588} INFO - Filling up the DagBag from /home/airflow/.local/lib/python3.12/site-packages/airflow/example_dags/example_inlet_event_extra.py
[2025-06-21T22:21:15.929+0000] {processor.py:925} INFO - DAG(s) 'read_dataset_event', 'read_dataset_event_from_classic' retrieved from /home/airflow/.local/lib/python3.12/site-packages/airflow/example_dags/example_inlet_event_extra.py
[2025-06-21T22:21:15.951+0000] {logging_mixin.py:190} INFO - [2025-06-21T22:21:15.951+0000] {dag.py:3239} INFO - Sync 2 DAGs
[2025-06-21T22:21:15.964+0000] {logging_mixin.py:190} INFO - [2025-06-21T22:21:15.964+0000] {dag.py:4180} INFO - Setting next_dagrun for read_dataset_event to 2025-06-20 00:00:00+00:00, run_after=2025-06-21 00:00:00+00:00
[2025-06-21T22:21:15.967+0000] {logging_mixin.py:190} INFO - [2025-06-21T22:21:15.967+0000] {dag.py:4180} INFO - Setting next_dagrun for read_dataset_event_from_classic to 2025-06-20 00:00:00+00:00, run_after=2025-06-21 00:00:00+00:00
[2025-06-21T22:21:15.980+0000] {processor.py:208} INFO - Processing /home/airflow/.local/lib/python3.12/site-packages/airflow/example_dags/example_inlet_event_extra.py took 0.161 seconds
[2025-06-21T22:21:46.339+0000] {processor.py:186} INFO - Started process (PID=1761) to work on /home/airflow/.local/lib/python3.12/site-packages/airflow/example_dags/example_inlet_event_extra.py
[2025-06-21T22:21:46.342+0000] {processor.py:914} INFO - Processing file /home/airflow/.local/lib/python3.12/site-packages/airflow/example_dags/example_inlet_event_extra.py for tasks to queue
[2025-06-21T22:21:46.344+0000] {logging_mixin.py:190} INFO - [2025-06-21T22:21:46.344+0000] {dagbag.py:588} INFO - Filling up the DagBag from /home/airflow/.local/lib/python3.12/site-packages/airflow/example_dags/example_inlet_event_extra.py
[2025-06-21T22:21:46.426+0000] {processor.py:925} INFO - DAG(s) 'read_dataset_event', 'read_dataset_event_from_classic' retrieved from /home/airflow/.local/lib/python3.12/site-packages/airflow/example_dags/example_inlet_event_extra.py
[2025-06-21T22:21:46.439+0000] {logging_mixin.py:190} INFO - [2025-06-21T22:21:46.439+0000] {dag.py:3239} INFO - Sync 2 DAGs
[2025-06-21T22:21:46.449+0000] {logging_mixin.py:190} INFO - [2025-06-21T22:21:46.449+0000] {dag.py:4180} INFO - Setting next_dagrun for read_dataset_event to 2025-06-20 00:00:00+00:00, run_after=2025-06-21 00:00:00+00:00
[2025-06-21T22:21:46.455+0000] {logging_mixin.py:190} INFO - [2025-06-21T22:21:46.455+0000] {dag.py:4180} INFO - Setting next_dagrun for read_dataset_event_from_classic to 2025-06-20 00:00:00+00:00, run_after=2025-06-21 00:00:00+00:00
[2025-06-21T22:21:46.466+0000] {processor.py:208} INFO - Processing /home/airflow/.local/lib/python3.12/site-packages/airflow/example_dags/example_inlet_event_extra.py took 0.131 seconds
[2025-06-21T22:22:16.651+0000] {processor.py:186} INFO - Started process (PID=1823) to work on /home/airflow/.local/lib/python3.12/site-packages/airflow/example_dags/example_inlet_event_extra.py
[2025-06-21T22:22:16.652+0000] {processor.py:914} INFO - Processing file /home/airflow/.local/lib/python3.12/site-packages/airflow/example_dags/example_inlet_event_extra.py for tasks to queue
[2025-06-21T22:22:16.657+0000] {logging_mixin.py:190} INFO - [2025-06-21T22:22:16.657+0000] {dagbag.py:588} INFO - Filling up the DagBag from /home/airflow/.local/lib/python3.12/site-packages/airflow/example_dags/example_inlet_event_extra.py
[2025-06-21T22:22:16.784+0000] {processor.py:925} INFO - DAG(s) 'read_dataset_event', 'read_dataset_event_from_classic' retrieved from /home/airflow/.local/lib/python3.12/site-packages/airflow/example_dags/example_inlet_event_extra.py
[2025-06-21T22:22:16.818+0000] {logging_mixin.py:190} INFO - [2025-06-21T22:22:16.817+0000] {dag.py:3239} INFO - Sync 2 DAGs
[2025-06-21T22:22:16.836+0000] {logging_mixin.py:190} INFO - [2025-06-21T22:22:16.835+0000] {dag.py:4180} INFO - Setting next_dagrun for read_dataset_event to 2025-06-20 00:00:00+00:00, run_after=2025-06-21 00:00:00+00:00
[2025-06-21T22:22:16.840+0000] {logging_mixin.py:190} INFO - [2025-06-21T22:22:16.840+0000] {dag.py:4180} INFO - Setting next_dagrun for read_dataset_event_from_classic to 2025-06-20 00:00:00+00:00, run_after=2025-06-21 00:00:00+00:00
[2025-06-21T22:22:16.852+0000] {processor.py:208} INFO - Processing /home/airflow/.local/lib/python3.12/site-packages/airflow/example_dags/example_inlet_event_extra.py took 0.219 seconds
[2025-06-21T22:22:46.895+0000] {processor.py:186} INFO - Started process (PID=1886) to work on /home/airflow/.local/lib/python3.12/site-packages/airflow/example_dags/example_inlet_event_extra.py
[2025-06-21T22:22:46.896+0000] {processor.py:914} INFO - Processing file /home/airflow/.local/lib/python3.12/site-packages/airflow/example_dags/example_inlet_event_extra.py for tasks to queue
[2025-06-21T22:22:46.898+0000] {logging_mixin.py:190} INFO - [2025-06-21T22:22:46.898+0000] {dagbag.py:588} INFO - Filling up the DagBag from /home/airflow/.local/lib/python3.12/site-packages/airflow/example_dags/example_inlet_event_extra.py
[2025-06-21T22:22:47.029+0000] {processor.py:925} INFO - DAG(s) 'read_dataset_event', 'read_dataset_event_from_classic' retrieved from /home/airflow/.local/lib/python3.12/site-packages/airflow/example_dags/example_inlet_event_extra.py
[2025-06-21T22:22:47.042+0000] {logging_mixin.py:190} INFO - [2025-06-21T22:22:47.042+0000] {dag.py:3239} INFO - Sync 2 DAGs
[2025-06-21T22:22:47.057+0000] {logging_mixin.py:190} INFO - [2025-06-21T22:22:47.057+0000] {dag.py:4180} INFO - Setting next_dagrun for read_dataset_event to 2025-06-20 00:00:00+00:00, run_after=2025-06-21 00:00:00+00:00
[2025-06-21T22:22:47.060+0000] {logging_mixin.py:190} INFO - [2025-06-21T22:22:47.060+0000] {dag.py:4180} INFO - Setting next_dagrun for read_dataset_event_from_classic to 2025-06-20 00:00:00+00:00, run_after=2025-06-21 00:00:00+00:00
[2025-06-21T22:22:47.073+0000] {processor.py:208} INFO - Processing /home/airflow/.local/lib/python3.12/site-packages/airflow/example_dags/example_inlet_event_extra.py took 0.181 seconds
[2025-06-21T22:23:17.570+0000] {processor.py:186} INFO - Started process (PID=1947) to work on /home/airflow/.local/lib/python3.12/site-packages/airflow/example_dags/example_inlet_event_extra.py
[2025-06-21T22:23:17.571+0000] {processor.py:914} INFO - Processing file /home/airflow/.local/lib/python3.12/site-packages/airflow/example_dags/example_inlet_event_extra.py for tasks to queue
[2025-06-21T22:23:17.574+0000] {logging_mixin.py:190} INFO - [2025-06-21T22:23:17.573+0000] {dagbag.py:588} INFO - Filling up the DagBag from /home/airflow/.local/lib/python3.12/site-packages/airflow/example_dags/example_inlet_event_extra.py
[2025-06-21T22:23:17.665+0000] {processor.py:925} INFO - DAG(s) 'read_dataset_event_from_classic', 'read_dataset_event' retrieved from /home/airflow/.local/lib/python3.12/site-packages/airflow/example_dags/example_inlet_event_extra.py
[2025-06-21T22:23:17.681+0000] {logging_mixin.py:190} INFO - [2025-06-21T22:23:17.681+0000] {dag.py:3239} INFO - Sync 2 DAGs
[2025-06-21T22:23:17.701+0000] {logging_mixin.py:190} INFO - [2025-06-21T22:23:17.700+0000] {dag.py:4180} INFO - Setting next_dagrun for read_dataset_event to 2025-06-20 00:00:00+00:00, run_after=2025-06-21 00:00:00+00:00
[2025-06-21T22:23:17.704+0000] {logging_mixin.py:190} INFO - [2025-06-21T22:23:17.704+0000] {dag.py:4180} INFO - Setting next_dagrun for read_dataset_event_from_classic to 2025-06-20 00:00:00+00:00, run_after=2025-06-21 00:00:00+00:00
[2025-06-21T22:23:17.714+0000] {processor.py:208} INFO - Processing /home/airflow/.local/lib/python3.12/site-packages/airflow/example_dags/example_inlet_event_extra.py took 0.151 seconds
[2025-06-21T22:23:48.216+0000] {processor.py:186} INFO - Started process (PID=2009) to work on /home/airflow/.local/lib/python3.12/site-packages/airflow/example_dags/example_inlet_event_extra.py
[2025-06-21T22:23:48.221+0000] {processor.py:914} INFO - Processing file /home/airflow/.local/lib/python3.12/site-packages/airflow/example_dags/example_inlet_event_extra.py for tasks to queue
[2025-06-21T22:23:48.229+0000] {logging_mixin.py:190} INFO - [2025-06-21T22:23:48.228+0000] {dagbag.py:588} INFO - Filling up the DagBag from /home/airflow/.local/lib/python3.12/site-packages/airflow/example_dags/example_inlet_event_extra.py
[2025-06-21T22:23:48.567+0000] {processor.py:925} INFO - DAG(s) 'read_dataset_event', 'read_dataset_event_from_classic' retrieved from /home/airflow/.local/lib/python3.12/site-packages/airflow/example_dags/example_inlet_event_extra.py
[2025-06-21T22:23:48.593+0000] {logging_mixin.py:190} INFO - [2025-06-21T22:23:48.593+0000] {dag.py:3239} INFO - Sync 2 DAGs
[2025-06-21T22:23:48.611+0000] {logging_mixin.py:190} INFO - [2025-06-21T22:23:48.611+0000] {dag.py:4180} INFO - Setting next_dagrun for read_dataset_event to 2025-06-20 00:00:00+00:00, run_after=2025-06-21 00:00:00+00:00
[2025-06-21T22:23:48.615+0000] {logging_mixin.py:190} INFO - [2025-06-21T22:23:48.615+0000] {dag.py:4180} INFO - Setting next_dagrun for read_dataset_event_from_classic to 2025-06-20 00:00:00+00:00, run_after=2025-06-21 00:00:00+00:00
[2025-06-21T22:23:48.865+0000] {processor.py:208} INFO - Processing /home/airflow/.local/lib/python3.12/site-packages/airflow/example_dags/example_inlet_event_extra.py took 0.670 seconds
[2025-06-21T22:24:19.063+0000] {processor.py:186} INFO - Started process (PID=2075) to work on /home/airflow/.local/lib/python3.12/site-packages/airflow/example_dags/example_inlet_event_extra.py
[2025-06-21T22:24:19.064+0000] {processor.py:914} INFO - Processing file /home/airflow/.local/lib/python3.12/site-packages/airflow/example_dags/example_inlet_event_extra.py for tasks to queue
[2025-06-21T22:24:19.066+0000] {logging_mixin.py:190} INFO - [2025-06-21T22:24:19.065+0000] {dagbag.py:588} INFO - Filling up the DagBag from /home/airflow/.local/lib/python3.12/site-packages/airflow/example_dags/example_inlet_event_extra.py
[2025-06-21T22:24:19.146+0000] {processor.py:925} INFO - DAG(s) 'read_dataset_event', 'read_dataset_event_from_classic' retrieved from /home/airflow/.local/lib/python3.12/site-packages/airflow/example_dags/example_inlet_event_extra.py
[2025-06-21T22:24:19.157+0000] {logging_mixin.py:190} INFO - [2025-06-21T22:24:19.157+0000] {dag.py:3239} INFO - Sync 2 DAGs
[2025-06-21T22:24:19.168+0000] {logging_mixin.py:190} INFO - [2025-06-21T22:24:19.168+0000] {dag.py:4180} INFO - Setting next_dagrun for read_dataset_event to 2025-06-20 00:00:00+00:00, run_after=2025-06-21 00:00:00+00:00
[2025-06-21T22:24:19.171+0000] {logging_mixin.py:190} INFO - [2025-06-21T22:24:19.171+0000] {dag.py:4180} INFO - Setting next_dagrun for read_dataset_event_from_classic to 2025-06-20 00:00:00+00:00, run_after=2025-06-21 00:00:00+00:00
[2025-06-21T22:24:19.306+0000] {processor.py:208} INFO - Processing /home/airflow/.local/lib/python3.12/site-packages/airflow/example_dags/example_inlet_event_extra.py took 0.247 seconds
[2025-06-21T22:24:49.747+0000] {processor.py:186} INFO - Started process (PID=2133) to work on /home/airflow/.local/lib/python3.12/site-packages/airflow/example_dags/example_inlet_event_extra.py
[2025-06-21T22:24:49.749+0000] {processor.py:914} INFO - Processing file /home/airflow/.local/lib/python3.12/site-packages/airflow/example_dags/example_inlet_event_extra.py for tasks to queue
[2025-06-21T22:24:49.751+0000] {logging_mixin.py:190} INFO - [2025-06-21T22:24:49.751+0000] {dagbag.py:588} INFO - Filling up the DagBag from /home/airflow/.local/lib/python3.12/site-packages/airflow/example_dags/example_inlet_event_extra.py
[2025-06-21T22:24:49.851+0000] {processor.py:925} INFO - DAG(s) 'read_dataset_event', 'read_dataset_event_from_classic' retrieved from /home/airflow/.local/lib/python3.12/site-packages/airflow/example_dags/example_inlet_event_extra.py
[2025-06-21T22:24:49.864+0000] {logging_mixin.py:190} INFO - [2025-06-21T22:24:49.864+0000] {dag.py:3239} INFO - Sync 2 DAGs
[2025-06-21T22:24:49.877+0000] {logging_mixin.py:190} INFO - [2025-06-21T22:24:49.877+0000] {dag.py:4180} INFO - Setting next_dagrun for read_dataset_event to 2025-06-20 00:00:00+00:00, run_after=2025-06-21 00:00:00+00:00
[2025-06-21T22:24:49.879+0000] {logging_mixin.py:190} INFO - [2025-06-21T22:24:49.879+0000] {dag.py:4180} INFO - Setting next_dagrun for read_dataset_event_from_classic to 2025-06-20 00:00:00+00:00, run_after=2025-06-21 00:00:00+00:00
[2025-06-21T22:24:49.887+0000] {processor.py:208} INFO - Processing /home/airflow/.local/lib/python3.12/site-packages/airflow/example_dags/example_inlet_event_extra.py took 0.148 seconds
[2025-06-21T22:25:20.049+0000] {processor.py:186} INFO - Started process (PID=2195) to work on /home/airflow/.local/lib/python3.12/site-packages/airflow/example_dags/example_inlet_event_extra.py
[2025-06-21T22:25:20.052+0000] {processor.py:914} INFO - Processing file /home/airflow/.local/lib/python3.12/site-packages/airflow/example_dags/example_inlet_event_extra.py for tasks to queue
[2025-06-21T22:25:20.053+0000] {logging_mixin.py:190} INFO - [2025-06-21T22:25:20.053+0000] {dagbag.py:588} INFO - Filling up the DagBag from /home/airflow/.local/lib/python3.12/site-packages/airflow/example_dags/example_inlet_event_extra.py
[2025-06-21T22:25:20.189+0000] {processor.py:925} INFO - DAG(s) 'read_dataset_event_from_classic', 'read_dataset_event' retrieved from /home/airflow/.local/lib/python3.12/site-packages/airflow/example_dags/example_inlet_event_extra.py
[2025-06-21T22:25:20.200+0000] {logging_mixin.py:190} INFO - [2025-06-21T22:25:20.200+0000] {dag.py:3239} INFO - Sync 2 DAGs
[2025-06-21T22:25:20.213+0000] {logging_mixin.py:190} INFO - [2025-06-21T22:25:20.213+0000] {dag.py:4180} INFO - Setting next_dagrun for read_dataset_event to 2025-06-20 00:00:00+00:00, run_after=2025-06-21 00:00:00+00:00
[2025-06-21T22:25:20.216+0000] {logging_mixin.py:190} INFO - [2025-06-21T22:25:20.215+0000] {dag.py:4180} INFO - Setting next_dagrun for read_dataset_event_from_classic to 2025-06-20 00:00:00+00:00, run_after=2025-06-21 00:00:00+00:00
[2025-06-21T22:25:20.223+0000] {processor.py:208} INFO - Processing /home/airflow/.local/lib/python3.12/site-packages/airflow/example_dags/example_inlet_event_extra.py took 0.178 seconds
[2025-06-21T22:25:50.247+0000] {processor.py:186} INFO - Started process (PID=2258) to work on /home/airflow/.local/lib/python3.12/site-packages/airflow/example_dags/example_inlet_event_extra.py
[2025-06-21T22:25:50.248+0000] {processor.py:914} INFO - Processing file /home/airflow/.local/lib/python3.12/site-packages/airflow/example_dags/example_inlet_event_extra.py for tasks to queue
[2025-06-21T22:25:50.250+0000] {logging_mixin.py:190} INFO - [2025-06-21T22:25:50.250+0000] {dagbag.py:588} INFO - Filling up the DagBag from /home/airflow/.local/lib/python3.12/site-packages/airflow/example_dags/example_inlet_event_extra.py
[2025-06-21T22:25:50.330+0000] {processor.py:925} INFO - DAG(s) 'read_dataset_event_from_classic', 'read_dataset_event' retrieved from /home/airflow/.local/lib/python3.12/site-packages/airflow/example_dags/example_inlet_event_extra.py
[2025-06-21T22:25:50.516+0000] {logging_mixin.py:190} INFO - [2025-06-21T22:25:50.516+0000] {dag.py:3239} INFO - Sync 2 DAGs
[2025-06-21T22:25:50.529+0000] {logging_mixin.py:190} INFO - [2025-06-21T22:25:50.528+0000] {dag.py:4180} INFO - Setting next_dagrun for read_dataset_event to 2025-06-20 00:00:00+00:00, run_after=2025-06-21 00:00:00+00:00
[2025-06-21T22:25:50.531+0000] {logging_mixin.py:190} INFO - [2025-06-21T22:25:50.531+0000] {dag.py:4180} INFO - Setting next_dagrun for read_dataset_event_from_classic to 2025-06-20 00:00:00+00:00, run_after=2025-06-21 00:00:00+00:00
[2025-06-21T22:25:50.538+0000] {processor.py:208} INFO - Processing /home/airflow/.local/lib/python3.12/site-packages/airflow/example_dags/example_inlet_event_extra.py took 0.294 seconds
[2025-06-21T22:26:20.603+0000] {processor.py:186} INFO - Started process (PID=2319) to work on /home/airflow/.local/lib/python3.12/site-packages/airflow/example_dags/example_inlet_event_extra.py
[2025-06-21T22:26:20.604+0000] {processor.py:914} INFO - Processing file /home/airflow/.local/lib/python3.12/site-packages/airflow/example_dags/example_inlet_event_extra.py for tasks to queue
[2025-06-21T22:26:20.605+0000] {logging_mixin.py:190} INFO - [2025-06-21T22:26:20.605+0000] {dagbag.py:588} INFO - Filling up the DagBag from /home/airflow/.local/lib/python3.12/site-packages/airflow/example_dags/example_inlet_event_extra.py
[2025-06-21T22:26:20.676+0000] {processor.py:925} INFO - DAG(s) 'read_dataset_event', 'read_dataset_event_from_classic' retrieved from /home/airflow/.local/lib/python3.12/site-packages/airflow/example_dags/example_inlet_event_extra.py
[2025-06-21T22:26:20.787+0000] {logging_mixin.py:190} INFO - [2025-06-21T22:26:20.787+0000] {dag.py:3239} INFO - Sync 2 DAGs
[2025-06-21T22:26:20.797+0000] {logging_mixin.py:190} INFO - [2025-06-21T22:26:20.797+0000] {dag.py:4180} INFO - Setting next_dagrun for read_dataset_event to 2025-06-20 00:00:00+00:00, run_after=2025-06-21 00:00:00+00:00
[2025-06-21T22:26:20.800+0000] {logging_mixin.py:190} INFO - [2025-06-21T22:26:20.800+0000] {dag.py:4180} INFO - Setting next_dagrun for read_dataset_event_from_classic to 2025-06-20 00:00:00+00:00, run_after=2025-06-21 00:00:00+00:00
[2025-06-21T22:26:20.807+0000] {processor.py:208} INFO - Processing /home/airflow/.local/lib/python3.12/site-packages/airflow/example_dags/example_inlet_event_extra.py took 0.206 seconds
[2025-06-21T22:26:50.950+0000] {processor.py:186} INFO - Started process (PID=2383) to work on /home/airflow/.local/lib/python3.12/site-packages/airflow/example_dags/example_inlet_event_extra.py
[2025-06-21T22:26:50.951+0000] {processor.py:914} INFO - Processing file /home/airflow/.local/lib/python3.12/site-packages/airflow/example_dags/example_inlet_event_extra.py for tasks to queue
[2025-06-21T22:26:50.952+0000] {logging_mixin.py:190} INFO - [2025-06-21T22:26:50.952+0000] {dagbag.py:588} INFO - Filling up the DagBag from /home/airflow/.local/lib/python3.12/site-packages/airflow/example_dags/example_inlet_event_extra.py
[2025-06-21T22:26:51.037+0000] {processor.py:925} INFO - DAG(s) 'read_dataset_event', 'read_dataset_event_from_classic' retrieved from /home/airflow/.local/lib/python3.12/site-packages/airflow/example_dags/example_inlet_event_extra.py
[2025-06-21T22:26:51.158+0000] {logging_mixin.py:190} INFO - [2025-06-21T22:26:51.158+0000] {dag.py:3239} INFO - Sync 2 DAGs
[2025-06-21T22:26:51.169+0000] {logging_mixin.py:190} INFO - [2025-06-21T22:26:51.168+0000] {dag.py:4180} INFO - Setting next_dagrun for read_dataset_event to 2025-06-20 00:00:00+00:00, run_after=2025-06-21 00:00:00+00:00
[2025-06-21T22:26:51.171+0000] {logging_mixin.py:190} INFO - [2025-06-21T22:26:51.171+0000] {dag.py:4180} INFO - Setting next_dagrun for read_dataset_event_from_classic to 2025-06-20 00:00:00+00:00, run_after=2025-06-21 00:00:00+00:00
[2025-06-21T22:26:51.177+0000] {processor.py:208} INFO - Processing /home/airflow/.local/lib/python3.12/site-packages/airflow/example_dags/example_inlet_event_extra.py took 0.231 seconds
[2025-06-21T22:27:21.668+0000] {processor.py:186} INFO - Started process (PID=2446) to work on /home/airflow/.local/lib/python3.12/site-packages/airflow/example_dags/example_inlet_event_extra.py
[2025-06-21T22:27:21.669+0000] {processor.py:914} INFO - Processing file /home/airflow/.local/lib/python3.12/site-packages/airflow/example_dags/example_inlet_event_extra.py for tasks to queue
[2025-06-21T22:27:21.670+0000] {logging_mixin.py:190} INFO - [2025-06-21T22:27:21.670+0000] {dagbag.py:588} INFO - Filling up the DagBag from /home/airflow/.local/lib/python3.12/site-packages/airflow/example_dags/example_inlet_event_extra.py
[2025-06-21T22:27:21.746+0000] {processor.py:925} INFO - DAG(s) 'read_dataset_event', 'read_dataset_event_from_classic' retrieved from /home/airflow/.local/lib/python3.12/site-packages/airflow/example_dags/example_inlet_event_extra.py
[2025-06-21T22:27:21.774+0000] {logging_mixin.py:190} INFO - [2025-06-21T22:27:21.774+0000] {dag.py:3239} INFO - Sync 2 DAGs
[2025-06-21T22:27:21.887+0000] {logging_mixin.py:190} INFO - [2025-06-21T22:27:21.887+0000] {dag.py:4180} INFO - Setting next_dagrun for read_dataset_event to 2025-06-20 00:00:00+00:00, run_after=2025-06-21 00:00:00+00:00
[2025-06-21T22:27:21.889+0000] {logging_mixin.py:190} INFO - [2025-06-21T22:27:21.889+0000] {dag.py:4180} INFO - Setting next_dagrun for read_dataset_event_from_classic to 2025-06-20 00:00:00+00:00, run_after=2025-06-21 00:00:00+00:00
[2025-06-21T22:27:21.900+0000] {processor.py:208} INFO - Processing /home/airflow/.local/lib/python3.12/site-packages/airflow/example_dags/example_inlet_event_extra.py took 0.235 seconds
[2025-06-21T22:27:53.641+0000] {processor.py:186} INFO - Started process (PID=2510) to work on /home/airflow/.local/lib/python3.12/site-packages/airflow/example_dags/example_inlet_event_extra.py
[2025-06-21T22:27:53.643+0000] {processor.py:914} INFO - Processing file /home/airflow/.local/lib/python3.12/site-packages/airflow/example_dags/example_inlet_event_extra.py for tasks to queue
[2025-06-21T22:27:53.645+0000] {logging_mixin.py:190} INFO - [2025-06-21T22:27:53.645+0000] {dagbag.py:588} INFO - Filling up the DagBag from /home/airflow/.local/lib/python3.12/site-packages/airflow/example_dags/example_inlet_event_extra.py
[2025-06-21T22:27:54.008+0000] {processor.py:925} INFO - DAG(s) 'read_dataset_event', 'read_dataset_event_from_classic' retrieved from /home/airflow/.local/lib/python3.12/site-packages/airflow/example_dags/example_inlet_event_extra.py
[2025-06-21T22:27:54.019+0000] {logging_mixin.py:190} INFO - [2025-06-21T22:27:54.019+0000] {dag.py:3239} INFO - Sync 2 DAGs
[2025-06-21T22:27:54.036+0000] {logging_mixin.py:190} INFO - [2025-06-21T22:27:54.036+0000] {dag.py:4180} INFO - Setting next_dagrun for read_dataset_event to 2025-06-20 00:00:00+00:00, run_after=2025-06-21 00:00:00+00:00
[2025-06-21T22:27:54.039+0000] {logging_mixin.py:190} INFO - [2025-06-21T22:27:54.039+0000] {dag.py:4180} INFO - Setting next_dagrun for read_dataset_event_from_classic to 2025-06-20 00:00:00+00:00, run_after=2025-06-21 00:00:00+00:00
[2025-06-21T22:27:54.047+0000] {processor.py:208} INFO - Processing /home/airflow/.local/lib/python3.12/site-packages/airflow/example_dags/example_inlet_event_extra.py took 0.414 seconds
[2025-06-21T22:28:24.227+0000] {processor.py:186} INFO - Started process (PID=2574) to work on /home/airflow/.local/lib/python3.12/site-packages/airflow/example_dags/example_inlet_event_extra.py
[2025-06-21T22:28:24.228+0000] {processor.py:914} INFO - Processing file /home/airflow/.local/lib/python3.12/site-packages/airflow/example_dags/example_inlet_event_extra.py for tasks to queue
[2025-06-21T22:28:24.229+0000] {logging_mixin.py:190} INFO - [2025-06-21T22:28:24.229+0000] {dagbag.py:588} INFO - Filling up the DagBag from /home/airflow/.local/lib/python3.12/site-packages/airflow/example_dags/example_inlet_event_extra.py
[2025-06-21T22:28:24.465+0000] {processor.py:925} INFO - DAG(s) 'read_dataset_event_from_classic', 'read_dataset_event' retrieved from /home/airflow/.local/lib/python3.12/site-packages/airflow/example_dags/example_inlet_event_extra.py
[2025-06-21T22:28:24.477+0000] {logging_mixin.py:190} INFO - [2025-06-21T22:28:24.477+0000] {dag.py:3239} INFO - Sync 2 DAGs
[2025-06-21T22:28:24.490+0000] {logging_mixin.py:190} INFO - [2025-06-21T22:28:24.490+0000] {dag.py:4180} INFO - Setting next_dagrun for read_dataset_event to 2025-06-20 00:00:00+00:00, run_after=2025-06-21 00:00:00+00:00
[2025-06-21T22:28:24.492+0000] {logging_mixin.py:190} INFO - [2025-06-21T22:28:24.492+0000] {dag.py:4180} INFO - Setting next_dagrun for read_dataset_event_from_classic to 2025-06-20 00:00:00+00:00, run_after=2025-06-21 00:00:00+00:00
[2025-06-21T22:28:24.499+0000] {processor.py:208} INFO - Processing /home/airflow/.local/lib/python3.12/site-packages/airflow/example_dags/example_inlet_event_extra.py took 0.274 seconds
[2025-06-21T22:28:55.189+0000] {processor.py:186} INFO - Started process (PID=2627) to work on /home/airflow/.local/lib/python3.12/site-packages/airflow/example_dags/example_inlet_event_extra.py
[2025-06-21T22:28:55.193+0000] {processor.py:914} INFO - Processing file /home/airflow/.local/lib/python3.12/site-packages/airflow/example_dags/example_inlet_event_extra.py for tasks to queue
[2025-06-21T22:28:55.195+0000] {logging_mixin.py:190} INFO - [2025-06-21T22:28:55.195+0000] {dagbag.py:588} INFO - Filling up the DagBag from /home/airflow/.local/lib/python3.12/site-packages/airflow/example_dags/example_inlet_event_extra.py
[2025-06-21T22:28:55.390+0000] {processor.py:925} INFO - DAG(s) 'read_dataset_event_from_classic', 'read_dataset_event' retrieved from /home/airflow/.local/lib/python3.12/site-packages/airflow/example_dags/example_inlet_event_extra.py
[2025-06-21T22:28:55.399+0000] {logging_mixin.py:190} INFO - [2025-06-21T22:28:55.399+0000] {dag.py:3239} INFO - Sync 2 DAGs
[2025-06-21T22:28:55.411+0000] {logging_mixin.py:190} INFO - [2025-06-21T22:28:55.410+0000] {dag.py:4180} INFO - Setting next_dagrun for read_dataset_event to 2025-06-20 00:00:00+00:00, run_after=2025-06-21 00:00:00+00:00
[2025-06-21T22:28:55.417+0000] {logging_mixin.py:190} INFO - [2025-06-21T22:28:55.417+0000] {dag.py:4180} INFO - Setting next_dagrun for read_dataset_event_from_classic to 2025-06-20 00:00:00+00:00, run_after=2025-06-21 00:00:00+00:00
[2025-06-21T22:28:55.426+0000] {processor.py:208} INFO - Processing /home/airflow/.local/lib/python3.12/site-packages/airflow/example_dags/example_inlet_event_extra.py took 0.239 seconds
[2025-06-21T22:29:26.055+0000] {processor.py:186} INFO - Started process (PID=2691) to work on /home/airflow/.local/lib/python3.12/site-packages/airflow/example_dags/example_inlet_event_extra.py
[2025-06-21T22:29:26.055+0000] {processor.py:914} INFO - Processing file /home/airflow/.local/lib/python3.12/site-packages/airflow/example_dags/example_inlet_event_extra.py for tasks to queue
[2025-06-21T22:29:26.057+0000] {logging_mixin.py:190} INFO - [2025-06-21T22:29:26.057+0000] {dagbag.py:588} INFO - Filling up the DagBag from /home/airflow/.local/lib/python3.12/site-packages/airflow/example_dags/example_inlet_event_extra.py
[2025-06-21T22:29:26.251+0000] {processor.py:925} INFO - DAG(s) 'read_dataset_event_from_classic', 'read_dataset_event' retrieved from /home/airflow/.local/lib/python3.12/site-packages/airflow/example_dags/example_inlet_event_extra.py
[2025-06-21T22:29:26.267+0000] {logging_mixin.py:190} INFO - [2025-06-21T22:29:26.266+0000] {dag.py:3239} INFO - Sync 2 DAGs
[2025-06-21T22:29:26.280+0000] {logging_mixin.py:190} INFO - [2025-06-21T22:29:26.280+0000] {dag.py:4180} INFO - Setting next_dagrun for read_dataset_event to 2025-06-20 00:00:00+00:00, run_after=2025-06-21 00:00:00+00:00
[2025-06-21T22:29:26.285+0000] {logging_mixin.py:190} INFO - [2025-06-21T22:29:26.285+0000] {dag.py:4180} INFO - Setting next_dagrun for read_dataset_event_from_classic to 2025-06-20 00:00:00+00:00, run_after=2025-06-21 00:00:00+00:00
[2025-06-21T22:29:26.296+0000] {processor.py:208} INFO - Processing /home/airflow/.local/lib/python3.12/site-packages/airflow/example_dags/example_inlet_event_extra.py took 0.244 seconds
[2025-06-21T22:29:58.263+0000] {processor.py:186} INFO - Started process (PID=2757) to work on /home/airflow/.local/lib/python3.12/site-packages/airflow/example_dags/example_inlet_event_extra.py
[2025-06-21T22:29:58.265+0000] {processor.py:914} INFO - Processing file /home/airflow/.local/lib/python3.12/site-packages/airflow/example_dags/example_inlet_event_extra.py for tasks to queue
[2025-06-21T22:29:58.266+0000] {logging_mixin.py:190} INFO - [2025-06-21T22:29:58.266+0000] {dagbag.py:588} INFO - Filling up the DagBag from /home/airflow/.local/lib/python3.12/site-packages/airflow/example_dags/example_inlet_event_extra.py
[2025-06-21T22:29:58.626+0000] {processor.py:925} INFO - DAG(s) 'read_dataset_event_from_classic', 'read_dataset_event' retrieved from /home/airflow/.local/lib/python3.12/site-packages/airflow/example_dags/example_inlet_event_extra.py
[2025-06-21T22:29:58.640+0000] {logging_mixin.py:190} INFO - [2025-06-21T22:29:58.640+0000] {dag.py:3239} INFO - Sync 2 DAGs
[2025-06-21T22:29:58.653+0000] {logging_mixin.py:190} INFO - [2025-06-21T22:29:58.653+0000] {dag.py:4180} INFO - Setting next_dagrun for read_dataset_event to 2025-06-20 00:00:00+00:00, run_after=2025-06-21 00:00:00+00:00
[2025-06-21T22:29:58.656+0000] {logging_mixin.py:190} INFO - [2025-06-21T22:29:58.656+0000] {dag.py:4180} INFO - Setting next_dagrun for read_dataset_event_from_classic to 2025-06-20 00:00:00+00:00, run_after=2025-06-21 00:00:00+00:00
[2025-06-21T22:29:58.668+0000] {processor.py:208} INFO - Processing /home/airflow/.local/lib/python3.12/site-packages/airflow/example_dags/example_inlet_event_extra.py took 0.412 seconds
[2025-06-21T22:30:29.286+0000] {processor.py:186} INFO - Started process (PID=2820) to work on /home/airflow/.local/lib/python3.12/site-packages/airflow/example_dags/example_inlet_event_extra.py
[2025-06-21T22:30:29.287+0000] {processor.py:914} INFO - Processing file /home/airflow/.local/lib/python3.12/site-packages/airflow/example_dags/example_inlet_event_extra.py for tasks to queue
[2025-06-21T22:30:29.289+0000] {logging_mixin.py:190} INFO - [2025-06-21T22:30:29.289+0000] {dagbag.py:588} INFO - Filling up the DagBag from /home/airflow/.local/lib/python3.12/site-packages/airflow/example_dags/example_inlet_event_extra.py
[2025-06-21T22:30:29.583+0000] {processor.py:925} INFO - DAG(s) 'read_dataset_event', 'read_dataset_event_from_classic' retrieved from /home/airflow/.local/lib/python3.12/site-packages/airflow/example_dags/example_inlet_event_extra.py
[2025-06-21T22:30:29.602+0000] {logging_mixin.py:190} INFO - [2025-06-21T22:30:29.601+0000] {dag.py:3239} INFO - Sync 2 DAGs
[2025-06-21T22:30:29.615+0000] {logging_mixin.py:190} INFO - [2025-06-21T22:30:29.615+0000] {dag.py:4180} INFO - Setting next_dagrun for read_dataset_event to 2025-06-20 00:00:00+00:00, run_after=2025-06-21 00:00:00+00:00
[2025-06-21T22:30:29.617+0000] {logging_mixin.py:190} INFO - [2025-06-21T22:30:29.617+0000] {dag.py:4180} INFO - Setting next_dagrun for read_dataset_event_from_classic to 2025-06-20 00:00:00+00:00, run_after=2025-06-21 00:00:00+00:00
[2025-06-21T22:30:29.627+0000] {processor.py:208} INFO - Processing /home/airflow/.local/lib/python3.12/site-packages/airflow/example_dags/example_inlet_event_extra.py took 0.345 seconds
[2025-06-21T22:31:00.559+0000] {processor.py:186} INFO - Started process (PID=2881) to work on /home/airflow/.local/lib/python3.12/site-packages/airflow/example_dags/example_inlet_event_extra.py
[2025-06-21T22:31:00.560+0000] {processor.py:914} INFO - Processing file /home/airflow/.local/lib/python3.12/site-packages/airflow/example_dags/example_inlet_event_extra.py for tasks to queue
[2025-06-21T22:31:00.561+0000] {logging_mixin.py:190} INFO - [2025-06-21T22:31:00.561+0000] {dagbag.py:588} INFO - Filling up the DagBag from /home/airflow/.local/lib/python3.12/site-packages/airflow/example_dags/example_inlet_event_extra.py
[2025-06-21T22:31:00.783+0000] {processor.py:925} INFO - DAG(s) 'read_dataset_event', 'read_dataset_event_from_classic' retrieved from /home/airflow/.local/lib/python3.12/site-packages/airflow/example_dags/example_inlet_event_extra.py
[2025-06-21T22:31:00.803+0000] {logging_mixin.py:190} INFO - [2025-06-21T22:31:00.803+0000] {dag.py:3239} INFO - Sync 2 DAGs
[2025-06-21T22:31:00.816+0000] {logging_mixin.py:190} INFO - [2025-06-21T22:31:00.816+0000] {dag.py:4180} INFO - Setting next_dagrun for read_dataset_event to 2025-06-20 00:00:00+00:00, run_after=2025-06-21 00:00:00+00:00
[2025-06-21T22:31:00.819+0000] {logging_mixin.py:190} INFO - [2025-06-21T22:31:00.819+0000] {dag.py:4180} INFO - Setting next_dagrun for read_dataset_event_from_classic to 2025-06-20 00:00:00+00:00, run_after=2025-06-21 00:00:00+00:00
[2025-06-21T22:31:00.829+0000] {processor.py:208} INFO - Processing /home/airflow/.local/lib/python3.12/site-packages/airflow/example_dags/example_inlet_event_extra.py took 0.274 seconds
[2025-06-21T22:31:31.384+0000] {processor.py:186} INFO - Started process (PID=2945) to work on /home/airflow/.local/lib/python3.12/site-packages/airflow/example_dags/example_inlet_event_extra.py
[2025-06-21T22:31:31.386+0000] {processor.py:914} INFO - Processing file /home/airflow/.local/lib/python3.12/site-packages/airflow/example_dags/example_inlet_event_extra.py for tasks to queue
[2025-06-21T22:31:31.387+0000] {logging_mixin.py:190} INFO - [2025-06-21T22:31:31.387+0000] {dagbag.py:588} INFO - Filling up the DagBag from /home/airflow/.local/lib/python3.12/site-packages/airflow/example_dags/example_inlet_event_extra.py
[2025-06-21T22:31:31.614+0000] {processor.py:925} INFO - DAG(s) 'read_dataset_event', 'read_dataset_event_from_classic' retrieved from /home/airflow/.local/lib/python3.12/site-packages/airflow/example_dags/example_inlet_event_extra.py
[2025-06-21T22:31:31.630+0000] {logging_mixin.py:190} INFO - [2025-06-21T22:31:31.630+0000] {dag.py:3239} INFO - Sync 2 DAGs
[2025-06-21T22:31:31.642+0000] {logging_mixin.py:190} INFO - [2025-06-21T22:31:31.642+0000] {dag.py:4180} INFO - Setting next_dagrun for read_dataset_event to 2025-06-20 00:00:00+00:00, run_after=2025-06-21 00:00:00+00:00
[2025-06-21T22:31:31.646+0000] {logging_mixin.py:190} INFO - [2025-06-21T22:31:31.646+0000] {dag.py:4180} INFO - Setting next_dagrun for read_dataset_event_from_classic to 2025-06-20 00:00:00+00:00, run_after=2025-06-21 00:00:00+00:00
[2025-06-21T22:31:31.653+0000] {processor.py:208} INFO - Processing /home/airflow/.local/lib/python3.12/site-packages/airflow/example_dags/example_inlet_event_extra.py took 0.273 seconds
[2025-06-21T22:32:02.078+0000] {processor.py:186} INFO - Started process (PID=3005) to work on /home/airflow/.local/lib/python3.12/site-packages/airflow/example_dags/example_inlet_event_extra.py
[2025-06-21T22:32:02.079+0000] {processor.py:914} INFO - Processing file /home/airflow/.local/lib/python3.12/site-packages/airflow/example_dags/example_inlet_event_extra.py for tasks to queue
[2025-06-21T22:32:02.080+0000] {logging_mixin.py:190} INFO - [2025-06-21T22:32:02.080+0000] {dagbag.py:588} INFO - Filling up the DagBag from /home/airflow/.local/lib/python3.12/site-packages/airflow/example_dags/example_inlet_event_extra.py
[2025-06-21T22:32:02.301+0000] {processor.py:925} INFO - DAG(s) 'read_dataset_event', 'read_dataset_event_from_classic' retrieved from /home/airflow/.local/lib/python3.12/site-packages/airflow/example_dags/example_inlet_event_extra.py
[2025-06-21T22:32:02.311+0000] {logging_mixin.py:190} INFO - [2025-06-21T22:32:02.311+0000] {dag.py:3239} INFO - Sync 2 DAGs
[2025-06-21T22:32:02.324+0000] {logging_mixin.py:190} INFO - [2025-06-21T22:32:02.324+0000] {dag.py:4180} INFO - Setting next_dagrun for read_dataset_event to 2025-06-20 00:00:00+00:00, run_after=2025-06-21 00:00:00+00:00
[2025-06-21T22:32:02.327+0000] {logging_mixin.py:190} INFO - [2025-06-21T22:32:02.327+0000] {dag.py:4180} INFO - Setting next_dagrun for read_dataset_event_from_classic to 2025-06-20 00:00:00+00:00, run_after=2025-06-21 00:00:00+00:00
[2025-06-21T22:32:02.335+0000] {processor.py:208} INFO - Processing /home/airflow/.local/lib/python3.12/site-packages/airflow/example_dags/example_inlet_event_extra.py took 0.260 seconds
[2025-06-21T22:32:32.428+0000] {processor.py:186} INFO - Started process (PID=3067) to work on /home/airflow/.local/lib/python3.12/site-packages/airflow/example_dags/example_inlet_event_extra.py
[2025-06-21T22:32:32.429+0000] {processor.py:914} INFO - Processing file /home/airflow/.local/lib/python3.12/site-packages/airflow/example_dags/example_inlet_event_extra.py for tasks to queue
[2025-06-21T22:32:32.431+0000] {logging_mixin.py:190} INFO - [2025-06-21T22:32:32.430+0000] {dagbag.py:588} INFO - Filling up the DagBag from /home/airflow/.local/lib/python3.12/site-packages/airflow/example_dags/example_inlet_event_extra.py
[2025-06-21T22:32:32.617+0000] {processor.py:925} INFO - DAG(s) 'read_dataset_event_from_classic', 'read_dataset_event' retrieved from /home/airflow/.local/lib/python3.12/site-packages/airflow/example_dags/example_inlet_event_extra.py
[2025-06-21T22:32:32.629+0000] {logging_mixin.py:190} INFO - [2025-06-21T22:32:32.628+0000] {dag.py:3239} INFO - Sync 2 DAGs
[2025-06-21T22:32:32.638+0000] {logging_mixin.py:190} INFO - [2025-06-21T22:32:32.638+0000] {dag.py:4180} INFO - Setting next_dagrun for read_dataset_event to 2025-06-20 00:00:00+00:00, run_after=2025-06-21 00:00:00+00:00
[2025-06-21T22:32:32.642+0000] {logging_mixin.py:190} INFO - [2025-06-21T22:32:32.642+0000] {dag.py:4180} INFO - Setting next_dagrun for read_dataset_event_from_classic to 2025-06-20 00:00:00+00:00, run_after=2025-06-21 00:00:00+00:00
[2025-06-21T22:32:32.648+0000] {processor.py:208} INFO - Processing /home/airflow/.local/lib/python3.12/site-packages/airflow/example_dags/example_inlet_event_extra.py took 0.223 seconds
[2025-06-21T22:33:03.520+0000] {processor.py:186} INFO - Started process (PID=3129) to work on /home/airflow/.local/lib/python3.12/site-packages/airflow/example_dags/example_inlet_event_extra.py
[2025-06-21T22:33:03.522+0000] {processor.py:914} INFO - Processing file /home/airflow/.local/lib/python3.12/site-packages/airflow/example_dags/example_inlet_event_extra.py for tasks to queue
[2025-06-21T22:33:03.523+0000] {logging_mixin.py:190} INFO - [2025-06-21T22:33:03.523+0000] {dagbag.py:588} INFO - Filling up the DagBag from /home/airflow/.local/lib/python3.12/site-packages/airflow/example_dags/example_inlet_event_extra.py
[2025-06-21T22:33:03.713+0000] {processor.py:925} INFO - DAG(s) 'read_dataset_event', 'read_dataset_event_from_classic' retrieved from /home/airflow/.local/lib/python3.12/site-packages/airflow/example_dags/example_inlet_event_extra.py
[2025-06-21T22:33:03.724+0000] {logging_mixin.py:190} INFO - [2025-06-21T22:33:03.724+0000] {dag.py:3239} INFO - Sync 2 DAGs
[2025-06-21T22:33:03.736+0000] {logging_mixin.py:190} INFO - [2025-06-21T22:33:03.736+0000] {dag.py:4180} INFO - Setting next_dagrun for read_dataset_event to 2025-06-20 00:00:00+00:00, run_after=2025-06-21 00:00:00+00:00
[2025-06-21T22:33:03.740+0000] {logging_mixin.py:190} INFO - [2025-06-21T22:33:03.739+0000] {dag.py:4180} INFO - Setting next_dagrun for read_dataset_event_from_classic to 2025-06-20 00:00:00+00:00, run_after=2025-06-21 00:00:00+00:00
[2025-06-21T22:33:03.748+0000] {processor.py:208} INFO - Processing /home/airflow/.local/lib/python3.12/site-packages/airflow/example_dags/example_inlet_event_extra.py took 0.232 seconds
[2025-06-21T22:33:35.097+0000] {processor.py:186} INFO - Started process (PID=3191) to work on /home/airflow/.local/lib/python3.12/site-packages/airflow/example_dags/example_inlet_event_extra.py
[2025-06-21T22:33:35.099+0000] {processor.py:914} INFO - Processing file /home/airflow/.local/lib/python3.12/site-packages/airflow/example_dags/example_inlet_event_extra.py for tasks to queue
[2025-06-21T22:33:35.100+0000] {logging_mixin.py:190} INFO - [2025-06-21T22:33:35.100+0000] {dagbag.py:588} INFO - Filling up the DagBag from /home/airflow/.local/lib/python3.12/site-packages/airflow/example_dags/example_inlet_event_extra.py
[2025-06-21T22:33:35.330+0000] {processor.py:925} INFO - DAG(s) 'read_dataset_event_from_classic', 'read_dataset_event' retrieved from /home/airflow/.local/lib/python3.12/site-packages/airflow/example_dags/example_inlet_event_extra.py
[2025-06-21T22:33:35.424+0000] {logging_mixin.py:190} INFO - [2025-06-21T22:33:35.421+0000] {dag.py:3239} INFO - Sync 2 DAGs
[2025-06-21T22:33:35.464+0000] {logging_mixin.py:190} INFO - [2025-06-21T22:33:35.463+0000] {dag.py:4180} INFO - Setting next_dagrun for read_dataset_event to 2025-06-20 00:00:00+00:00, run_after=2025-06-21 00:00:00+00:00
[2025-06-21T22:33:35.468+0000] {logging_mixin.py:190} INFO - [2025-06-21T22:33:35.467+0000] {dag.py:4180} INFO - Setting next_dagrun for read_dataset_event_from_classic to 2025-06-20 00:00:00+00:00, run_after=2025-06-21 00:00:00+00:00
[2025-06-21T22:33:35.483+0000] {processor.py:208} INFO - Processing /home/airflow/.local/lib/python3.12/site-packages/airflow/example_dags/example_inlet_event_extra.py took 0.390 seconds
[2025-06-21T22:34:05.848+0000] {processor.py:186} INFO - Started process (PID=3254) to work on /home/airflow/.local/lib/python3.12/site-packages/airflow/example_dags/example_inlet_event_extra.py
[2025-06-21T22:34:05.850+0000] {processor.py:914} INFO - Processing file /home/airflow/.local/lib/python3.12/site-packages/airflow/example_dags/example_inlet_event_extra.py for tasks to queue
[2025-06-21T22:34:05.852+0000] {logging_mixin.py:190} INFO - [2025-06-21T22:34:05.852+0000] {dagbag.py:588} INFO - Filling up the DagBag from /home/airflow/.local/lib/python3.12/site-packages/airflow/example_dags/example_inlet_event_extra.py
[2025-06-21T22:34:06.056+0000] {processor.py:925} INFO - DAG(s) 'read_dataset_event', 'read_dataset_event_from_classic' retrieved from /home/airflow/.local/lib/python3.12/site-packages/airflow/example_dags/example_inlet_event_extra.py
[2025-06-21T22:34:06.066+0000] {logging_mixin.py:190} INFO - [2025-06-21T22:34:06.066+0000] {dag.py:3239} INFO - Sync 2 DAGs
[2025-06-21T22:34:06.079+0000] {logging_mixin.py:190} INFO - [2025-06-21T22:34:06.079+0000] {dag.py:4180} INFO - Setting next_dagrun for read_dataset_event to 2025-06-20 00:00:00+00:00, run_after=2025-06-21 00:00:00+00:00
[2025-06-21T22:34:06.082+0000] {logging_mixin.py:190} INFO - [2025-06-21T22:34:06.081+0000] {dag.py:4180} INFO - Setting next_dagrun for read_dataset_event_from_classic to 2025-06-20 00:00:00+00:00, run_after=2025-06-21 00:00:00+00:00
[2025-06-21T22:34:06.093+0000] {processor.py:208} INFO - Processing /home/airflow/.local/lib/python3.12/site-packages/airflow/example_dags/example_inlet_event_extra.py took 0.248 seconds
[2025-06-21T22:34:38.182+0000] {processor.py:186} INFO - Started process (PID=3315) to work on /home/airflow/.local/lib/python3.12/site-packages/airflow/example_dags/example_inlet_event_extra.py
[2025-06-21T22:34:38.183+0000] {processor.py:914} INFO - Processing file /home/airflow/.local/lib/python3.12/site-packages/airflow/example_dags/example_inlet_event_extra.py for tasks to queue
[2025-06-21T22:34:38.184+0000] {logging_mixin.py:190} INFO - [2025-06-21T22:34:38.184+0000] {dagbag.py:588} INFO - Filling up the DagBag from /home/airflow/.local/lib/python3.12/site-packages/airflow/example_dags/example_inlet_event_extra.py
[2025-06-21T22:34:38.359+0000] {processor.py:925} INFO - DAG(s) 'read_dataset_event_from_classic', 'read_dataset_event' retrieved from /home/airflow/.local/lib/python3.12/site-packages/airflow/example_dags/example_inlet_event_extra.py
[2025-06-21T22:34:38.371+0000] {logging_mixin.py:190} INFO - [2025-06-21T22:34:38.371+0000] {dag.py:3239} INFO - Sync 2 DAGs
[2025-06-21T22:34:38.382+0000] {logging_mixin.py:190} INFO - [2025-06-21T22:34:38.381+0000] {dag.py:4180} INFO - Setting next_dagrun for read_dataset_event to 2025-06-20 00:00:00+00:00, run_after=2025-06-21 00:00:00+00:00
[2025-06-21T22:34:38.383+0000] {logging_mixin.py:190} INFO - [2025-06-21T22:34:38.383+0000] {dag.py:4180} INFO - Setting next_dagrun for read_dataset_event_from_classic to 2025-06-20 00:00:00+00:00, run_after=2025-06-21 00:00:00+00:00
[2025-06-21T22:34:38.390+0000] {processor.py:208} INFO - Processing /home/airflow/.local/lib/python3.12/site-packages/airflow/example_dags/example_inlet_event_extra.py took 0.211 seconds
[2025-06-21T22:35:08.832+0000] {processor.py:186} INFO - Started process (PID=3377) to work on /home/airflow/.local/lib/python3.12/site-packages/airflow/example_dags/example_inlet_event_extra.py
[2025-06-21T22:35:08.833+0000] {processor.py:914} INFO - Processing file /home/airflow/.local/lib/python3.12/site-packages/airflow/example_dags/example_inlet_event_extra.py for tasks to queue
[2025-06-21T22:35:08.834+0000] {logging_mixin.py:190} INFO - [2025-06-21T22:35:08.834+0000] {dagbag.py:588} INFO - Filling up the DagBag from /home/airflow/.local/lib/python3.12/site-packages/airflow/example_dags/example_inlet_event_extra.py
[2025-06-21T22:35:08.973+0000] {processor.py:925} INFO - DAG(s) 'read_dataset_event_from_classic', 'read_dataset_event' retrieved from /home/airflow/.local/lib/python3.12/site-packages/airflow/example_dags/example_inlet_event_extra.py
[2025-06-21T22:35:08.997+0000] {logging_mixin.py:190} INFO - [2025-06-21T22:35:08.997+0000] {dag.py:3239} INFO - Sync 2 DAGs
[2025-06-21T22:35:09.024+0000] {logging_mixin.py:190} INFO - [2025-06-21T22:35:09.024+0000] {dag.py:4180} INFO - Setting next_dagrun for read_dataset_event to 2025-06-20 00:00:00+00:00, run_after=2025-06-21 00:00:00+00:00
[2025-06-21T22:35:09.032+0000] {logging_mixin.py:190} INFO - [2025-06-21T22:35:09.032+0000] {dag.py:4180} INFO - Setting next_dagrun for read_dataset_event_from_classic to 2025-06-20 00:00:00+00:00, run_after=2025-06-21 00:00:00+00:00
[2025-06-21T22:35:09.047+0000] {processor.py:208} INFO - Processing /home/airflow/.local/lib/python3.12/site-packages/airflow/example_dags/example_inlet_event_extra.py took 0.219 seconds
[2025-06-21T22:35:39.715+0000] {processor.py:186} INFO - Started process (PID=3439) to work on /home/airflow/.local/lib/python3.12/site-packages/airflow/example_dags/example_inlet_event_extra.py
[2025-06-21T22:35:39.716+0000] {processor.py:914} INFO - Processing file /home/airflow/.local/lib/python3.12/site-packages/airflow/example_dags/example_inlet_event_extra.py for tasks to queue
[2025-06-21T22:35:39.717+0000] {logging_mixin.py:190} INFO - [2025-06-21T22:35:39.717+0000] {dagbag.py:588} INFO - Filling up the DagBag from /home/airflow/.local/lib/python3.12/site-packages/airflow/example_dags/example_inlet_event_extra.py
[2025-06-21T22:35:39.806+0000] {processor.py:925} INFO - DAG(s) 'read_dataset_event_from_classic', 'read_dataset_event' retrieved from /home/airflow/.local/lib/python3.12/site-packages/airflow/example_dags/example_inlet_event_extra.py
[2025-06-21T22:35:39.824+0000] {logging_mixin.py:190} INFO - [2025-06-21T22:35:39.822+0000] {dag.py:3239} INFO - Sync 2 DAGs
[2025-06-21T22:35:39.843+0000] {logging_mixin.py:190} INFO - [2025-06-21T22:35:39.843+0000] {dag.py:4180} INFO - Setting next_dagrun for read_dataset_event to 2025-06-20 00:00:00+00:00, run_after=2025-06-21 00:00:00+00:00
[2025-06-21T22:35:39.847+0000] {logging_mixin.py:190} INFO - [2025-06-21T22:35:39.847+0000] {dag.py:4180} INFO - Setting next_dagrun for read_dataset_event_from_classic to 2025-06-20 00:00:00+00:00, run_after=2025-06-21 00:00:00+00:00
[2025-06-21T22:35:39.860+0000] {processor.py:208} INFO - Processing /home/airflow/.local/lib/python3.12/site-packages/airflow/example_dags/example_inlet_event_extra.py took 0.152 seconds
[2025-06-21T22:36:10.460+0000] {processor.py:186} INFO - Started process (PID=3502) to work on /home/airflow/.local/lib/python3.12/site-packages/airflow/example_dags/example_inlet_event_extra.py
[2025-06-21T22:36:10.465+0000] {processor.py:914} INFO - Processing file /home/airflow/.local/lib/python3.12/site-packages/airflow/example_dags/example_inlet_event_extra.py for tasks to queue
[2025-06-21T22:36:10.466+0000] {logging_mixin.py:190} INFO - [2025-06-21T22:36:10.466+0000] {dagbag.py:588} INFO - Filling up the DagBag from /home/airflow/.local/lib/python3.12/site-packages/airflow/example_dags/example_inlet_event_extra.py
[2025-06-21T22:36:10.563+0000] {processor.py:925} INFO - DAG(s) 'read_dataset_event', 'read_dataset_event_from_classic' retrieved from /home/airflow/.local/lib/python3.12/site-packages/airflow/example_dags/example_inlet_event_extra.py
[2025-06-21T22:36:10.582+0000] {logging_mixin.py:190} INFO - [2025-06-21T22:36:10.582+0000] {dag.py:3239} INFO - Sync 2 DAGs
[2025-06-21T22:36:10.657+0000] {logging_mixin.py:190} INFO - [2025-06-21T22:36:10.656+0000] {dag.py:4180} INFO - Setting next_dagrun for read_dataset_event to 2025-06-20 00:00:00+00:00, run_after=2025-06-21 00:00:00+00:00
[2025-06-21T22:36:10.661+0000] {logging_mixin.py:190} INFO - [2025-06-21T22:36:10.661+0000] {dag.py:4180} INFO - Setting next_dagrun for read_dataset_event_from_classic to 2025-06-20 00:00:00+00:00, run_after=2025-06-21 00:00:00+00:00
[2025-06-21T22:36:10.673+0000] {processor.py:208} INFO - Processing /home/airflow/.local/lib/python3.12/site-packages/airflow/example_dags/example_inlet_event_extra.py took 0.216 seconds
[2025-06-21T22:36:40.946+0000] {processor.py:186} INFO - Started process (PID=3563) to work on /home/airflow/.local/lib/python3.12/site-packages/airflow/example_dags/example_inlet_event_extra.py
[2025-06-21T22:36:40.947+0000] {processor.py:914} INFO - Processing file /home/airflow/.local/lib/python3.12/site-packages/airflow/example_dags/example_inlet_event_extra.py for tasks to queue
[2025-06-21T22:36:40.948+0000] {logging_mixin.py:190} INFO - [2025-06-21T22:36:40.948+0000] {dagbag.py:588} INFO - Filling up the DagBag from /home/airflow/.local/lib/python3.12/site-packages/airflow/example_dags/example_inlet_event_extra.py
[2025-06-21T22:36:41.015+0000] {processor.py:925} INFO - DAG(s) 'read_dataset_event', 'read_dataset_event_from_classic' retrieved from /home/airflow/.local/lib/python3.12/site-packages/airflow/example_dags/example_inlet_event_extra.py
[2025-06-21T22:36:41.025+0000] {logging_mixin.py:190} INFO - [2025-06-21T22:36:41.025+0000] {dag.py:3239} INFO - Sync 2 DAGs
[2025-06-21T22:36:41.037+0000] {logging_mixin.py:190} INFO - [2025-06-21T22:36:41.037+0000] {dag.py:4180} INFO - Setting next_dagrun for read_dataset_event to 2025-06-20 00:00:00+00:00, run_after=2025-06-21 00:00:00+00:00
[2025-06-21T22:36:41.040+0000] {logging_mixin.py:190} INFO - [2025-06-21T22:36:41.040+0000] {dag.py:4180} INFO - Setting next_dagrun for read_dataset_event_from_classic to 2025-06-20 00:00:00+00:00, run_after=2025-06-21 00:00:00+00:00
[2025-06-21T22:36:41.049+0000] {processor.py:208} INFO - Processing /home/airflow/.local/lib/python3.12/site-packages/airflow/example_dags/example_inlet_event_extra.py took 0.107 seconds
[2025-06-21T22:37:11.880+0000] {processor.py:186} INFO - Started process (PID=3625) to work on /home/airflow/.local/lib/python3.12/site-packages/airflow/example_dags/example_inlet_event_extra.py
[2025-06-21T22:37:11.882+0000] {processor.py:914} INFO - Processing file /home/airflow/.local/lib/python3.12/site-packages/airflow/example_dags/example_inlet_event_extra.py for tasks to queue
[2025-06-21T22:37:11.884+0000] {logging_mixin.py:190} INFO - [2025-06-21T22:37:11.883+0000] {dagbag.py:588} INFO - Filling up the DagBag from /home/airflow/.local/lib/python3.12/site-packages/airflow/example_dags/example_inlet_event_extra.py
[2025-06-21T22:37:11.965+0000] {processor.py:925} INFO - DAG(s) 'read_dataset_event_from_classic', 'read_dataset_event' retrieved from /home/airflow/.local/lib/python3.12/site-packages/airflow/example_dags/example_inlet_event_extra.py
[2025-06-21T22:37:11.976+0000] {logging_mixin.py:190} INFO - [2025-06-21T22:37:11.976+0000] {dag.py:3239} INFO - Sync 2 DAGs
[2025-06-21T22:37:11.988+0000] {logging_mixin.py:190} INFO - [2025-06-21T22:37:11.988+0000] {dag.py:4180} INFO - Setting next_dagrun for read_dataset_event to 2025-06-20 00:00:00+00:00, run_after=2025-06-21 00:00:00+00:00
[2025-06-21T22:37:11.991+0000] {logging_mixin.py:190} INFO - [2025-06-21T22:37:11.991+0000] {dag.py:4180} INFO - Setting next_dagrun for read_dataset_event_from_classic to 2025-06-20 00:00:00+00:00, run_after=2025-06-21 00:00:00+00:00
[2025-06-21T22:37:12.004+0000] {processor.py:208} INFO - Processing /home/airflow/.local/lib/python3.12/site-packages/airflow/example_dags/example_inlet_event_extra.py took 0.128 seconds
[2025-06-21T22:37:43.016+0000] {processor.py:186} INFO - Started process (PID=3687) to work on /home/airflow/.local/lib/python3.12/site-packages/airflow/example_dags/example_inlet_event_extra.py
[2025-06-21T22:37:43.020+0000] {processor.py:914} INFO - Processing file /home/airflow/.local/lib/python3.12/site-packages/airflow/example_dags/example_inlet_event_extra.py for tasks to queue
[2025-06-21T22:37:43.022+0000] {logging_mixin.py:190} INFO - [2025-06-21T22:37:43.021+0000] {dagbag.py:588} INFO - Filling up the DagBag from /home/airflow/.local/lib/python3.12/site-packages/airflow/example_dags/example_inlet_event_extra.py
[2025-06-21T22:37:43.130+0000] {processor.py:925} INFO - DAG(s) 'read_dataset_event_from_classic', 'read_dataset_event' retrieved from /home/airflow/.local/lib/python3.12/site-packages/airflow/example_dags/example_inlet_event_extra.py
[2025-06-21T22:37:43.144+0000] {logging_mixin.py:190} INFO - [2025-06-21T22:37:43.143+0000] {dag.py:3239} INFO - Sync 2 DAGs
[2025-06-21T22:37:43.160+0000] {logging_mixin.py:190} INFO - [2025-06-21T22:37:43.160+0000] {dag.py:4180} INFO - Setting next_dagrun for read_dataset_event to 2025-06-20 00:00:00+00:00, run_after=2025-06-21 00:00:00+00:00
[2025-06-21T22:37:43.166+0000] {logging_mixin.py:190} INFO - [2025-06-21T22:37:43.166+0000] {dag.py:4180} INFO - Setting next_dagrun for read_dataset_event_from_classic to 2025-06-20 00:00:00+00:00, run_after=2025-06-21 00:00:00+00:00
[2025-06-21T22:37:43.183+0000] {processor.py:208} INFO - Processing /home/airflow/.local/lib/python3.12/site-packages/airflow/example_dags/example_inlet_event_extra.py took 0.172 seconds
[2025-06-21T22:38:14.421+0000] {processor.py:186} INFO - Started process (PID=3750) to work on /home/airflow/.local/lib/python3.12/site-packages/airflow/example_dags/example_inlet_event_extra.py
[2025-06-21T22:38:14.423+0000] {processor.py:914} INFO - Processing file /home/airflow/.local/lib/python3.12/site-packages/airflow/example_dags/example_inlet_event_extra.py for tasks to queue
[2025-06-21T22:38:14.426+0000] {logging_mixin.py:190} INFO - [2025-06-21T22:38:14.426+0000] {dagbag.py:588} INFO - Filling up the DagBag from /home/airflow/.local/lib/python3.12/site-packages/airflow/example_dags/example_inlet_event_extra.py
[2025-06-21T22:38:14.589+0000] {processor.py:925} INFO - DAG(s) 'read_dataset_event_from_classic', 'read_dataset_event' retrieved from /home/airflow/.local/lib/python3.12/site-packages/airflow/example_dags/example_inlet_event_extra.py
[2025-06-21T22:38:14.615+0000] {logging_mixin.py:190} INFO - [2025-06-21T22:38:14.615+0000] {dag.py:3239} INFO - Sync 2 DAGs
[2025-06-21T22:38:14.642+0000] {logging_mixin.py:190} INFO - [2025-06-21T22:38:14.641+0000] {dag.py:4180} INFO - Setting next_dagrun for read_dataset_event to 2025-06-20 00:00:00+00:00, run_after=2025-06-21 00:00:00+00:00
[2025-06-21T22:38:14.648+0000] {logging_mixin.py:190} INFO - [2025-06-21T22:38:14.648+0000] {dag.py:4180} INFO - Setting next_dagrun for read_dataset_event_from_classic to 2025-06-20 00:00:00+00:00, run_after=2025-06-21 00:00:00+00:00
[2025-06-21T22:38:14.663+0000] {processor.py:208} INFO - Processing /home/airflow/.local/lib/python3.12/site-packages/airflow/example_dags/example_inlet_event_extra.py took 0.252 seconds
[2025-06-21T22:38:45.238+0000] {processor.py:186} INFO - Started process (PID=3812) to work on /home/airflow/.local/lib/python3.12/site-packages/airflow/example_dags/example_inlet_event_extra.py
[2025-06-21T22:38:45.239+0000] {processor.py:914} INFO - Processing file /home/airflow/.local/lib/python3.12/site-packages/airflow/example_dags/example_inlet_event_extra.py for tasks to queue
[2025-06-21T22:38:45.241+0000] {logging_mixin.py:190} INFO - [2025-06-21T22:38:45.240+0000] {dagbag.py:588} INFO - Filling up the DagBag from /home/airflow/.local/lib/python3.12/site-packages/airflow/example_dags/example_inlet_event_extra.py
[2025-06-21T22:38:45.314+0000] {processor.py:925} INFO - DAG(s) 'read_dataset_event', 'read_dataset_event_from_classic' retrieved from /home/airflow/.local/lib/python3.12/site-packages/airflow/example_dags/example_inlet_event_extra.py
[2025-06-21T22:38:45.331+0000] {logging_mixin.py:190} INFO - [2025-06-21T22:38:45.331+0000] {dag.py:3239} INFO - Sync 2 DAGs
[2025-06-21T22:38:45.375+0000] {logging_mixin.py:190} INFO - [2025-06-21T22:38:45.375+0000] {dag.py:4180} INFO - Setting next_dagrun for read_dataset_event to 2025-06-20 00:00:00+00:00, run_after=2025-06-21 00:00:00+00:00
[2025-06-21T22:38:45.381+0000] {logging_mixin.py:190} INFO - [2025-06-21T22:38:45.381+0000] {dag.py:4180} INFO - Setting next_dagrun for read_dataset_event_from_classic to 2025-06-20 00:00:00+00:00, run_after=2025-06-21 00:00:00+00:00
[2025-06-21T22:38:45.392+0000] {processor.py:208} INFO - Processing /home/airflow/.local/lib/python3.12/site-packages/airflow/example_dags/example_inlet_event_extra.py took 0.159 seconds
[2025-06-21T22:39:16.370+0000] {processor.py:186} INFO - Started process (PID=3873) to work on /home/airflow/.local/lib/python3.12/site-packages/airflow/example_dags/example_inlet_event_extra.py
[2025-06-21T22:39:16.371+0000] {processor.py:914} INFO - Processing file /home/airflow/.local/lib/python3.12/site-packages/airflow/example_dags/example_inlet_event_extra.py for tasks to queue
[2025-06-21T22:39:16.373+0000] {logging_mixin.py:190} INFO - [2025-06-21T22:39:16.372+0000] {dagbag.py:588} INFO - Filling up the DagBag from /home/airflow/.local/lib/python3.12/site-packages/airflow/example_dags/example_inlet_event_extra.py
[2025-06-21T22:39:16.462+0000] {processor.py:925} INFO - DAG(s) 'read_dataset_event_from_classic', 'read_dataset_event' retrieved from /home/airflow/.local/lib/python3.12/site-packages/airflow/example_dags/example_inlet_event_extra.py
[2025-06-21T22:39:16.474+0000] {logging_mixin.py:190} INFO - [2025-06-21T22:39:16.474+0000] {dag.py:3239} INFO - Sync 2 DAGs
[2025-06-21T22:39:16.485+0000] {logging_mixin.py:190} INFO - [2025-06-21T22:39:16.485+0000] {dag.py:4180} INFO - Setting next_dagrun for read_dataset_event to 2025-06-20 00:00:00+00:00, run_after=2025-06-21 00:00:00+00:00
[2025-06-21T22:39:16.488+0000] {logging_mixin.py:190} INFO - [2025-06-21T22:39:16.488+0000] {dag.py:4180} INFO - Setting next_dagrun for read_dataset_event_from_classic to 2025-06-20 00:00:00+00:00, run_after=2025-06-21 00:00:00+00:00
[2025-06-21T22:39:16.500+0000] {processor.py:208} INFO - Processing /home/airflow/.local/lib/python3.12/site-packages/airflow/example_dags/example_inlet_event_extra.py took 0.133 seconds
[2025-06-21T22:39:47.518+0000] {processor.py:186} INFO - Started process (PID=3935) to work on /home/airflow/.local/lib/python3.12/site-packages/airflow/example_dags/example_inlet_event_extra.py
[2025-06-21T22:39:47.521+0000] {processor.py:914} INFO - Processing file /home/airflow/.local/lib/python3.12/site-packages/airflow/example_dags/example_inlet_event_extra.py for tasks to queue
[2025-06-21T22:39:47.522+0000] {logging_mixin.py:190} INFO - [2025-06-21T22:39:47.522+0000] {dagbag.py:588} INFO - Filling up the DagBag from /home/airflow/.local/lib/python3.12/site-packages/airflow/example_dags/example_inlet_event_extra.py
[2025-06-21T22:39:47.605+0000] {processor.py:925} INFO - DAG(s) 'read_dataset_event', 'read_dataset_event_from_classic' retrieved from /home/airflow/.local/lib/python3.12/site-packages/airflow/example_dags/example_inlet_event_extra.py
[2025-06-21T22:39:47.617+0000] {logging_mixin.py:190} INFO - [2025-06-21T22:39:47.616+0000] {dag.py:3239} INFO - Sync 2 DAGs
[2025-06-21T22:39:47.629+0000] {logging_mixin.py:190} INFO - [2025-06-21T22:39:47.628+0000] {dag.py:4180} INFO - Setting next_dagrun for read_dataset_event to 2025-06-20 00:00:00+00:00, run_after=2025-06-21 00:00:00+00:00
[2025-06-21T22:39:47.632+0000] {logging_mixin.py:190} INFO - [2025-06-21T22:39:47.632+0000] {dag.py:4180} INFO - Setting next_dagrun for read_dataset_event_from_classic to 2025-06-20 00:00:00+00:00, run_after=2025-06-21 00:00:00+00:00
[2025-06-21T22:39:47.639+0000] {processor.py:208} INFO - Processing /home/airflow/.local/lib/python3.12/site-packages/airflow/example_dags/example_inlet_event_extra.py took 0.131 seconds
[2025-06-21T22:40:18.616+0000] {processor.py:186} INFO - Started process (PID=3997) to work on /home/airflow/.local/lib/python3.12/site-packages/airflow/example_dags/example_inlet_event_extra.py
[2025-06-21T22:40:18.617+0000] {processor.py:914} INFO - Processing file /home/airflow/.local/lib/python3.12/site-packages/airflow/example_dags/example_inlet_event_extra.py for tasks to queue
[2025-06-21T22:40:18.620+0000] {logging_mixin.py:190} INFO - [2025-06-21T22:40:18.619+0000] {dagbag.py:588} INFO - Filling up the DagBag from /home/airflow/.local/lib/python3.12/site-packages/airflow/example_dags/example_inlet_event_extra.py
[2025-06-21T22:40:18.715+0000] {processor.py:925} INFO - DAG(s) 'read_dataset_event', 'read_dataset_event_from_classic' retrieved from /home/airflow/.local/lib/python3.12/site-packages/airflow/example_dags/example_inlet_event_extra.py
[2025-06-21T22:40:18.732+0000] {logging_mixin.py:190} INFO - [2025-06-21T22:40:18.732+0000] {dag.py:3239} INFO - Sync 2 DAGs
[2025-06-21T22:40:18.747+0000] {logging_mixin.py:190} INFO - [2025-06-21T22:40:18.747+0000] {dag.py:4180} INFO - Setting next_dagrun for read_dataset_event to 2025-06-20 00:00:00+00:00, run_after=2025-06-21 00:00:00+00:00
[2025-06-21T22:40:18.750+0000] {logging_mixin.py:190} INFO - [2025-06-21T22:40:18.750+0000] {dag.py:4180} INFO - Setting next_dagrun for read_dataset_event_from_classic to 2025-06-20 00:00:00+00:00, run_after=2025-06-21 00:00:00+00:00
[2025-06-21T22:40:18.759+0000] {processor.py:208} INFO - Processing /home/airflow/.local/lib/python3.12/site-packages/airflow/example_dags/example_inlet_event_extra.py took 0.148 seconds
[2025-06-21T22:40:49.101+0000] {processor.py:186} INFO - Started process (PID=4059) to work on /home/airflow/.local/lib/python3.12/site-packages/airflow/example_dags/example_inlet_event_extra.py
[2025-06-21T22:40:49.102+0000] {processor.py:914} INFO - Processing file /home/airflow/.local/lib/python3.12/site-packages/airflow/example_dags/example_inlet_event_extra.py for tasks to queue
[2025-06-21T22:40:49.103+0000] {logging_mixin.py:190} INFO - [2025-06-21T22:40:49.103+0000] {dagbag.py:588} INFO - Filling up the DagBag from /home/airflow/.local/lib/python3.12/site-packages/airflow/example_dags/example_inlet_event_extra.py
[2025-06-21T22:40:49.204+0000] {processor.py:925} INFO - DAG(s) 'read_dataset_event_from_classic', 'read_dataset_event' retrieved from /home/airflow/.local/lib/python3.12/site-packages/airflow/example_dags/example_inlet_event_extra.py
[2025-06-21T22:40:49.219+0000] {logging_mixin.py:190} INFO - [2025-06-21T22:40:49.219+0000] {dag.py:3239} INFO - Sync 2 DAGs
[2025-06-21T22:40:49.233+0000] {logging_mixin.py:190} INFO - [2025-06-21T22:40:49.232+0000] {dag.py:4180} INFO - Setting next_dagrun for read_dataset_event to 2025-06-20 00:00:00+00:00, run_after=2025-06-21 00:00:00+00:00
[2025-06-21T22:40:49.237+0000] {logging_mixin.py:190} INFO - [2025-06-21T22:40:49.237+0000] {dag.py:4180} INFO - Setting next_dagrun for read_dataset_event_from_classic to 2025-06-20 00:00:00+00:00, run_after=2025-06-21 00:00:00+00:00
[2025-06-21T22:40:49.251+0000] {processor.py:208} INFO - Processing /home/airflow/.local/lib/python3.12/site-packages/airflow/example_dags/example_inlet_event_extra.py took 0.155 seconds
[2025-06-21T22:41:20.207+0000] {processor.py:186} INFO - Started process (PID=4121) to work on /home/airflow/.local/lib/python3.12/site-packages/airflow/example_dags/example_inlet_event_extra.py
[2025-06-21T22:41:20.209+0000] {processor.py:914} INFO - Processing file /home/airflow/.local/lib/python3.12/site-packages/airflow/example_dags/example_inlet_event_extra.py for tasks to queue
[2025-06-21T22:41:20.211+0000] {logging_mixin.py:190} INFO - [2025-06-21T22:41:20.211+0000] {dagbag.py:588} INFO - Filling up the DagBag from /home/airflow/.local/lib/python3.12/site-packages/airflow/example_dags/example_inlet_event_extra.py
[2025-06-21T22:41:20.304+0000] {processor.py:925} INFO - DAG(s) 'read_dataset_event', 'read_dataset_event_from_classic' retrieved from /home/airflow/.local/lib/python3.12/site-packages/airflow/example_dags/example_inlet_event_extra.py
[2025-06-21T22:41:20.322+0000] {logging_mixin.py:190} INFO - [2025-06-21T22:41:20.321+0000] {dag.py:3239} INFO - Sync 2 DAGs
[2025-06-21T22:41:20.344+0000] {logging_mixin.py:190} INFO - [2025-06-21T22:41:20.344+0000] {dag.py:4180} INFO - Setting next_dagrun for read_dataset_event to 2025-06-20 00:00:00+00:00, run_after=2025-06-21 00:00:00+00:00
[2025-06-21T22:41:20.347+0000] {logging_mixin.py:190} INFO - [2025-06-21T22:41:20.347+0000] {dag.py:4180} INFO - Setting next_dagrun for read_dataset_event_from_classic to 2025-06-20 00:00:00+00:00, run_after=2025-06-21 00:00:00+00:00
[2025-06-21T22:41:20.357+0000] {processor.py:208} INFO - Processing /home/airflow/.local/lib/python3.12/site-packages/airflow/example_dags/example_inlet_event_extra.py took 0.152 seconds
[2025-06-21T22:41:50.564+0000] {processor.py:186} INFO - Started process (PID=4184) to work on /home/airflow/.local/lib/python3.12/site-packages/airflow/example_dags/example_inlet_event_extra.py
[2025-06-21T22:41:50.565+0000] {processor.py:914} INFO - Processing file /home/airflow/.local/lib/python3.12/site-packages/airflow/example_dags/example_inlet_event_extra.py for tasks to queue
[2025-06-21T22:41:50.570+0000] {logging_mixin.py:190} INFO - [2025-06-21T22:41:50.569+0000] {dagbag.py:588} INFO - Filling up the DagBag from /home/airflow/.local/lib/python3.12/site-packages/airflow/example_dags/example_inlet_event_extra.py
[2025-06-21T22:41:50.648+0000] {processor.py:925} INFO - DAG(s) 'read_dataset_event', 'read_dataset_event_from_classic' retrieved from /home/airflow/.local/lib/python3.12/site-packages/airflow/example_dags/example_inlet_event_extra.py
[2025-06-21T22:41:50.665+0000] {logging_mixin.py:190} INFO - [2025-06-21T22:41:50.665+0000] {dag.py:3239} INFO - Sync 2 DAGs
[2025-06-21T22:41:50.681+0000] {logging_mixin.py:190} INFO - [2025-06-21T22:41:50.681+0000] {dag.py:4180} INFO - Setting next_dagrun for read_dataset_event to 2025-06-20 00:00:00+00:00, run_after=2025-06-21 00:00:00+00:00
[2025-06-21T22:41:50.683+0000] {logging_mixin.py:190} INFO - [2025-06-21T22:41:50.683+0000] {dag.py:4180} INFO - Setting next_dagrun for read_dataset_event_from_classic to 2025-06-20 00:00:00+00:00, run_after=2025-06-21 00:00:00+00:00
[2025-06-21T22:41:50.694+0000] {processor.py:208} INFO - Processing /home/airflow/.local/lib/python3.12/site-packages/airflow/example_dags/example_inlet_event_extra.py took 0.133 seconds
[2025-06-21T22:42:21.631+0000] {processor.py:186} INFO - Started process (PID=4245) to work on /home/airflow/.local/lib/python3.12/site-packages/airflow/example_dags/example_inlet_event_extra.py
[2025-06-21T22:42:21.632+0000] {processor.py:914} INFO - Processing file /home/airflow/.local/lib/python3.12/site-packages/airflow/example_dags/example_inlet_event_extra.py for tasks to queue
[2025-06-21T22:42:21.633+0000] {logging_mixin.py:190} INFO - [2025-06-21T22:42:21.633+0000] {dagbag.py:588} INFO - Filling up the DagBag from /home/airflow/.local/lib/python3.12/site-packages/airflow/example_dags/example_inlet_event_extra.py
[2025-06-21T22:42:21.698+0000] {processor.py:925} INFO - DAG(s) 'read_dataset_event_from_classic', 'read_dataset_event' retrieved from /home/airflow/.local/lib/python3.12/site-packages/airflow/example_dags/example_inlet_event_extra.py
[2025-06-21T22:42:21.708+0000] {logging_mixin.py:190} INFO - [2025-06-21T22:42:21.708+0000] {dag.py:3239} INFO - Sync 2 DAGs
[2025-06-21T22:42:21.719+0000] {logging_mixin.py:190} INFO - [2025-06-21T22:42:21.718+0000] {dag.py:4180} INFO - Setting next_dagrun for read_dataset_event to 2025-06-20 00:00:00+00:00, run_after=2025-06-21 00:00:00+00:00
[2025-06-21T22:42:21.721+0000] {logging_mixin.py:190} INFO - [2025-06-21T22:42:21.721+0000] {dag.py:4180} INFO - Setting next_dagrun for read_dataset_event_from_classic to 2025-06-20 00:00:00+00:00, run_after=2025-06-21 00:00:00+00:00
[2025-06-21T22:42:21.727+0000] {processor.py:208} INFO - Processing /home/airflow/.local/lib/python3.12/site-packages/airflow/example_dags/example_inlet_event_extra.py took 0.099 seconds
[2025-06-21T22:42:52.631+0000] {processor.py:186} INFO - Started process (PID=4307) to work on /home/airflow/.local/lib/python3.12/site-packages/airflow/example_dags/example_inlet_event_extra.py
[2025-06-21T22:42:52.631+0000] {processor.py:914} INFO - Processing file /home/airflow/.local/lib/python3.12/site-packages/airflow/example_dags/example_inlet_event_extra.py for tasks to queue
[2025-06-21T22:42:52.633+0000] {logging_mixin.py:190} INFO - [2025-06-21T22:42:52.633+0000] {dagbag.py:588} INFO - Filling up the DagBag from /home/airflow/.local/lib/python3.12/site-packages/airflow/example_dags/example_inlet_event_extra.py
[2025-06-21T22:42:52.702+0000] {processor.py:925} INFO - DAG(s) 'read_dataset_event', 'read_dataset_event_from_classic' retrieved from /home/airflow/.local/lib/python3.12/site-packages/airflow/example_dags/example_inlet_event_extra.py
[2025-06-21T22:42:52.712+0000] {logging_mixin.py:190} INFO - [2025-06-21T22:42:52.712+0000] {dag.py:3239} INFO - Sync 2 DAGs
[2025-06-21T22:42:52.724+0000] {logging_mixin.py:190} INFO - [2025-06-21T22:42:52.724+0000] {dag.py:4180} INFO - Setting next_dagrun for read_dataset_event to 2025-06-20 00:00:00+00:00, run_after=2025-06-21 00:00:00+00:00
[2025-06-21T22:42:52.726+0000] {logging_mixin.py:190} INFO - [2025-06-21T22:42:52.726+0000] {dag.py:4180} INFO - Setting next_dagrun for read_dataset_event_from_classic to 2025-06-20 00:00:00+00:00, run_after=2025-06-21 00:00:00+00:00
[2025-06-21T22:42:52.733+0000] {processor.py:208} INFO - Processing /home/airflow/.local/lib/python3.12/site-packages/airflow/example_dags/example_inlet_event_extra.py took 0.107 seconds
[2025-06-21T22:43:23.619+0000] {processor.py:186} INFO - Started process (PID=4369) to work on /home/airflow/.local/lib/python3.12/site-packages/airflow/example_dags/example_inlet_event_extra.py
[2025-06-21T22:43:23.620+0000] {processor.py:914} INFO - Processing file /home/airflow/.local/lib/python3.12/site-packages/airflow/example_dags/example_inlet_event_extra.py for tasks to queue
[2025-06-21T22:43:23.622+0000] {logging_mixin.py:190} INFO - [2025-06-21T22:43:23.622+0000] {dagbag.py:588} INFO - Filling up the DagBag from /home/airflow/.local/lib/python3.12/site-packages/airflow/example_dags/example_inlet_event_extra.py
[2025-06-21T22:43:23.727+0000] {processor.py:925} INFO - DAG(s) 'read_dataset_event', 'read_dataset_event_from_classic' retrieved from /home/airflow/.local/lib/python3.12/site-packages/airflow/example_dags/example_inlet_event_extra.py
[2025-06-21T22:43:23.741+0000] {logging_mixin.py:190} INFO - [2025-06-21T22:43:23.741+0000] {dag.py:3239} INFO - Sync 2 DAGs
[2025-06-21T22:43:23.758+0000] {logging_mixin.py:190} INFO - [2025-06-21T22:43:23.758+0000] {dag.py:4180} INFO - Setting next_dagrun for read_dataset_event to 2025-06-20 00:00:00+00:00, run_after=2025-06-21 00:00:00+00:00
[2025-06-21T22:43:23.762+0000] {logging_mixin.py:190} INFO - [2025-06-21T22:43:23.762+0000] {dag.py:4180} INFO - Setting next_dagrun for read_dataset_event_from_classic to 2025-06-20 00:00:00+00:00, run_after=2025-06-21 00:00:00+00:00
[2025-06-21T22:43:23.773+0000] {processor.py:208} INFO - Processing /home/airflow/.local/lib/python3.12/site-packages/airflow/example_dags/example_inlet_event_extra.py took 0.160 seconds
[2025-06-21T22:43:54.542+0000] {processor.py:186} INFO - Started process (PID=4431) to work on /home/airflow/.local/lib/python3.12/site-packages/airflow/example_dags/example_inlet_event_extra.py
[2025-06-21T22:43:54.542+0000] {processor.py:914} INFO - Processing file /home/airflow/.local/lib/python3.12/site-packages/airflow/example_dags/example_inlet_event_extra.py for tasks to queue
[2025-06-21T22:43:54.544+0000] {logging_mixin.py:190} INFO - [2025-06-21T22:43:54.544+0000] {dagbag.py:588} INFO - Filling up the DagBag from /home/airflow/.local/lib/python3.12/site-packages/airflow/example_dags/example_inlet_event_extra.py
[2025-06-21T22:43:54.625+0000] {processor.py:925} INFO - DAG(s) 'read_dataset_event_from_classic', 'read_dataset_event' retrieved from /home/airflow/.local/lib/python3.12/site-packages/airflow/example_dags/example_inlet_event_extra.py
[2025-06-21T22:43:54.640+0000] {logging_mixin.py:190} INFO - [2025-06-21T22:43:54.640+0000] {dag.py:3239} INFO - Sync 2 DAGs
[2025-06-21T22:43:54.655+0000] {logging_mixin.py:190} INFO - [2025-06-21T22:43:54.655+0000] {dag.py:4180} INFO - Setting next_dagrun for read_dataset_event to 2025-06-20 00:00:00+00:00, run_after=2025-06-21 00:00:00+00:00
[2025-06-21T22:43:54.657+0000] {logging_mixin.py:190} INFO - [2025-06-21T22:43:54.657+0000] {dag.py:4180} INFO - Setting next_dagrun for read_dataset_event_from_classic to 2025-06-20 00:00:00+00:00, run_after=2025-06-21 00:00:00+00:00
[2025-06-21T22:43:54.666+0000] {processor.py:208} INFO - Processing /home/airflow/.local/lib/python3.12/site-packages/airflow/example_dags/example_inlet_event_extra.py took 0.128 seconds
[2025-06-21T22:44:25.009+0000] {processor.py:186} INFO - Started process (PID=4493) to work on /home/airflow/.local/lib/python3.12/site-packages/airflow/example_dags/example_inlet_event_extra.py
[2025-06-21T22:44:25.010+0000] {processor.py:914} INFO - Processing file /home/airflow/.local/lib/python3.12/site-packages/airflow/example_dags/example_inlet_event_extra.py for tasks to queue
[2025-06-21T22:44:25.012+0000] {logging_mixin.py:190} INFO - [2025-06-21T22:44:25.011+0000] {dagbag.py:588} INFO - Filling up the DagBag from /home/airflow/.local/lib/python3.12/site-packages/airflow/example_dags/example_inlet_event_extra.py
[2025-06-21T22:44:25.090+0000] {processor.py:925} INFO - DAG(s) 'read_dataset_event_from_classic', 'read_dataset_event' retrieved from /home/airflow/.local/lib/python3.12/site-packages/airflow/example_dags/example_inlet_event_extra.py
[2025-06-21T22:44:25.101+0000] {logging_mixin.py:190} INFO - [2025-06-21T22:44:25.101+0000] {dag.py:3239} INFO - Sync 2 DAGs
[2025-06-21T22:44:25.115+0000] {logging_mixin.py:190} INFO - [2025-06-21T22:44:25.115+0000] {dag.py:4180} INFO - Setting next_dagrun for read_dataset_event to 2025-06-20 00:00:00+00:00, run_after=2025-06-21 00:00:00+00:00
[2025-06-21T22:44:25.118+0000] {logging_mixin.py:190} INFO - [2025-06-21T22:44:25.118+0000] {dag.py:4180} INFO - Setting next_dagrun for read_dataset_event_from_classic to 2025-06-20 00:00:00+00:00, run_after=2025-06-21 00:00:00+00:00
[2025-06-21T22:44:25.133+0000] {processor.py:208} INFO - Processing /home/airflow/.local/lib/python3.12/site-packages/airflow/example_dags/example_inlet_event_extra.py took 0.129 seconds
[2025-06-21T22:44:56.358+0000] {processor.py:186} INFO - Started process (PID=4555) to work on /home/airflow/.local/lib/python3.12/site-packages/airflow/example_dags/example_inlet_event_extra.py
[2025-06-21T22:44:56.362+0000] {processor.py:914} INFO - Processing file /home/airflow/.local/lib/python3.12/site-packages/airflow/example_dags/example_inlet_event_extra.py for tasks to queue
[2025-06-21T22:44:56.364+0000] {logging_mixin.py:190} INFO - [2025-06-21T22:44:56.364+0000] {dagbag.py:588} INFO - Filling up the DagBag from /home/airflow/.local/lib/python3.12/site-packages/airflow/example_dags/example_inlet_event_extra.py
[2025-06-21T22:44:56.454+0000] {processor.py:925} INFO - DAG(s) 'read_dataset_event_from_classic', 'read_dataset_event' retrieved from /home/airflow/.local/lib/python3.12/site-packages/airflow/example_dags/example_inlet_event_extra.py
[2025-06-21T22:44:56.474+0000] {logging_mixin.py:190} INFO - [2025-06-21T22:44:56.473+0000] {dag.py:3239} INFO - Sync 2 DAGs
[2025-06-21T22:44:56.487+0000] {logging_mixin.py:190} INFO - [2025-06-21T22:44:56.487+0000] {dag.py:4180} INFO - Setting next_dagrun for read_dataset_event to 2025-06-20 00:00:00+00:00, run_after=2025-06-21 00:00:00+00:00
[2025-06-21T22:44:56.490+0000] {logging_mixin.py:190} INFO - [2025-06-21T22:44:56.490+0000] {dag.py:4180} INFO - Setting next_dagrun for read_dataset_event_from_classic to 2025-06-20 00:00:00+00:00, run_after=2025-06-21 00:00:00+00:00
[2025-06-21T22:44:56.500+0000] {processor.py:208} INFO - Processing /home/airflow/.local/lib/python3.12/site-packages/airflow/example_dags/example_inlet_event_extra.py took 0.147 seconds
[2025-06-21T22:45:26.705+0000] {processor.py:186} INFO - Started process (PID=4617) to work on /home/airflow/.local/lib/python3.12/site-packages/airflow/example_dags/example_inlet_event_extra.py
[2025-06-21T22:45:26.707+0000] {processor.py:914} INFO - Processing file /home/airflow/.local/lib/python3.12/site-packages/airflow/example_dags/example_inlet_event_extra.py for tasks to queue
[2025-06-21T22:45:26.708+0000] {logging_mixin.py:190} INFO - [2025-06-21T22:45:26.708+0000] {dagbag.py:588} INFO - Filling up the DagBag from /home/airflow/.local/lib/python3.12/site-packages/airflow/example_dags/example_inlet_event_extra.py
[2025-06-21T22:45:26.790+0000] {processor.py:925} INFO - DAG(s) 'read_dataset_event', 'read_dataset_event_from_classic' retrieved from /home/airflow/.local/lib/python3.12/site-packages/airflow/example_dags/example_inlet_event_extra.py
[2025-06-21T22:45:26.807+0000] {logging_mixin.py:190} INFO - [2025-06-21T22:45:26.807+0000] {dag.py:3239} INFO - Sync 2 DAGs
[2025-06-21T22:45:26.823+0000] {logging_mixin.py:190} INFO - [2025-06-21T22:45:26.823+0000] {dag.py:4180} INFO - Setting next_dagrun for read_dataset_event to 2025-06-20 00:00:00+00:00, run_after=2025-06-21 00:00:00+00:00
[2025-06-21T22:45:26.828+0000] {logging_mixin.py:190} INFO - [2025-06-21T22:45:26.828+0000] {dag.py:4180} INFO - Setting next_dagrun for read_dataset_event_from_classic to 2025-06-20 00:00:00+00:00, run_after=2025-06-21 00:00:00+00:00
[2025-06-21T22:45:26.840+0000] {processor.py:208} INFO - Processing /home/airflow/.local/lib/python3.12/site-packages/airflow/example_dags/example_inlet_event_extra.py took 0.140 seconds
[2025-06-21T22:45:57.582+0000] {processor.py:186} INFO - Started process (PID=4679) to work on /home/airflow/.local/lib/python3.12/site-packages/airflow/example_dags/example_inlet_event_extra.py
[2025-06-21T22:45:57.585+0000] {processor.py:914} INFO - Processing file /home/airflow/.local/lib/python3.12/site-packages/airflow/example_dags/example_inlet_event_extra.py for tasks to queue
[2025-06-21T22:45:57.590+0000] {logging_mixin.py:190} INFO - [2025-06-21T22:45:57.590+0000] {dagbag.py:588} INFO - Filling up the DagBag from /home/airflow/.local/lib/python3.12/site-packages/airflow/example_dags/example_inlet_event_extra.py
[2025-06-21T22:45:57.668+0000] {processor.py:925} INFO - DAG(s) 'read_dataset_event_from_classic', 'read_dataset_event' retrieved from /home/airflow/.local/lib/python3.12/site-packages/airflow/example_dags/example_inlet_event_extra.py
[2025-06-21T22:45:57.683+0000] {logging_mixin.py:190} INFO - [2025-06-21T22:45:57.683+0000] {dag.py:3239} INFO - Sync 2 DAGs
[2025-06-21T22:45:57.702+0000] {logging_mixin.py:190} INFO - [2025-06-21T22:45:57.702+0000] {dag.py:4180} INFO - Setting next_dagrun for read_dataset_event to 2025-06-20 00:00:00+00:00, run_after=2025-06-21 00:00:00+00:00
[2025-06-21T22:45:57.707+0000] {logging_mixin.py:190} INFO - [2025-06-21T22:45:57.707+0000] {dag.py:4180} INFO - Setting next_dagrun for read_dataset_event_from_classic to 2025-06-20 00:00:00+00:00, run_after=2025-06-21 00:00:00+00:00
[2025-06-21T22:45:57.717+0000] {processor.py:208} INFO - Processing /home/airflow/.local/lib/python3.12/site-packages/airflow/example_dags/example_inlet_event_extra.py took 0.138 seconds
[2025-06-21T22:46:28.666+0000] {processor.py:186} INFO - Started process (PID=4741) to work on /home/airflow/.local/lib/python3.12/site-packages/airflow/example_dags/example_inlet_event_extra.py
[2025-06-21T22:46:28.666+0000] {processor.py:914} INFO - Processing file /home/airflow/.local/lib/python3.12/site-packages/airflow/example_dags/example_inlet_event_extra.py for tasks to queue
[2025-06-21T22:46:28.668+0000] {logging_mixin.py:190} INFO - [2025-06-21T22:46:28.668+0000] {dagbag.py:588} INFO - Filling up the DagBag from /home/airflow/.local/lib/python3.12/site-packages/airflow/example_dags/example_inlet_event_extra.py
[2025-06-21T22:46:28.764+0000] {processor.py:925} INFO - DAG(s) 'read_dataset_event', 'read_dataset_event_from_classic' retrieved from /home/airflow/.local/lib/python3.12/site-packages/airflow/example_dags/example_inlet_event_extra.py
[2025-06-21T22:46:28.777+0000] {logging_mixin.py:190} INFO - [2025-06-21T22:46:28.777+0000] {dag.py:3239} INFO - Sync 2 DAGs
[2025-06-21T22:46:28.791+0000] {logging_mixin.py:190} INFO - [2025-06-21T22:46:28.791+0000] {dag.py:4180} INFO - Setting next_dagrun for read_dataset_event to 2025-06-20 00:00:00+00:00, run_after=2025-06-21 00:00:00+00:00
[2025-06-21T22:46:28.794+0000] {logging_mixin.py:190} INFO - [2025-06-21T22:46:28.794+0000] {dag.py:4180} INFO - Setting next_dagrun for read_dataset_event_from_classic to 2025-06-20 00:00:00+00:00, run_after=2025-06-21 00:00:00+00:00
[2025-06-21T22:46:28.803+0000] {processor.py:208} INFO - Processing /home/airflow/.local/lib/python3.12/site-packages/airflow/example_dags/example_inlet_event_extra.py took 0.141 seconds
[2025-06-21T22:46:59.787+0000] {processor.py:186} INFO - Started process (PID=4809) to work on /home/airflow/.local/lib/python3.12/site-packages/airflow/example_dags/example_inlet_event_extra.py
[2025-06-21T22:46:59.789+0000] {processor.py:914} INFO - Processing file /home/airflow/.local/lib/python3.12/site-packages/airflow/example_dags/example_inlet_event_extra.py for tasks to queue
[2025-06-21T22:46:59.791+0000] {logging_mixin.py:190} INFO - [2025-06-21T22:46:59.790+0000] {dagbag.py:588} INFO - Filling up the DagBag from /home/airflow/.local/lib/python3.12/site-packages/airflow/example_dags/example_inlet_event_extra.py
[2025-06-21T22:46:59.906+0000] {processor.py:925} INFO - DAG(s) 'read_dataset_event_from_classic', 'read_dataset_event' retrieved from /home/airflow/.local/lib/python3.12/site-packages/airflow/example_dags/example_inlet_event_extra.py
[2025-06-21T22:46:59.928+0000] {logging_mixin.py:190} INFO - [2025-06-21T22:46:59.928+0000] {dag.py:3239} INFO - Sync 2 DAGs
[2025-06-21T22:46:59.955+0000] {logging_mixin.py:190} INFO - [2025-06-21T22:46:59.955+0000] {dag.py:4180} INFO - Setting next_dagrun for read_dataset_event to 2025-06-20 00:00:00+00:00, run_after=2025-06-21 00:00:00+00:00
[2025-06-21T22:46:59.960+0000] {logging_mixin.py:190} INFO - [2025-06-21T22:46:59.960+0000] {dag.py:4180} INFO - Setting next_dagrun for read_dataset_event_from_classic to 2025-06-20 00:00:00+00:00, run_after=2025-06-21 00:00:00+00:00
[2025-06-21T22:46:59.978+0000] {processor.py:208} INFO - Processing /home/airflow/.local/lib/python3.12/site-packages/airflow/example_dags/example_inlet_event_extra.py took 0.198 seconds
[2025-06-21T22:47:30.871+0000] {processor.py:186} INFO - Started process (PID=4871) to work on /home/airflow/.local/lib/python3.12/site-packages/airflow/example_dags/example_inlet_event_extra.py
[2025-06-21T22:47:30.872+0000] {processor.py:914} INFO - Processing file /home/airflow/.local/lib/python3.12/site-packages/airflow/example_dags/example_inlet_event_extra.py for tasks to queue
[2025-06-21T22:47:30.874+0000] {logging_mixin.py:190} INFO - [2025-06-21T22:47:30.874+0000] {dagbag.py:588} INFO - Filling up the DagBag from /home/airflow/.local/lib/python3.12/site-packages/airflow/example_dags/example_inlet_event_extra.py
[2025-06-21T22:47:30.962+0000] {processor.py:925} INFO - DAG(s) 'read_dataset_event', 'read_dataset_event_from_classic' retrieved from /home/airflow/.local/lib/python3.12/site-packages/airflow/example_dags/example_inlet_event_extra.py
[2025-06-21T22:47:30.984+0000] {logging_mixin.py:190} INFO - [2025-06-21T22:47:30.984+0000] {dag.py:3239} INFO - Sync 2 DAGs
[2025-06-21T22:47:30.998+0000] {logging_mixin.py:190} INFO - [2025-06-21T22:47:30.998+0000] {dag.py:4180} INFO - Setting next_dagrun for read_dataset_event to 2025-06-20 00:00:00+00:00, run_after=2025-06-21 00:00:00+00:00
[2025-06-21T22:47:31.002+0000] {logging_mixin.py:190} INFO - [2025-06-21T22:47:31.002+0000] {dag.py:4180} INFO - Setting next_dagrun for read_dataset_event_from_classic to 2025-06-20 00:00:00+00:00, run_after=2025-06-21 00:00:00+00:00
[2025-06-21T22:47:31.010+0000] {processor.py:208} INFO - Processing /home/airflow/.local/lib/python3.12/site-packages/airflow/example_dags/example_inlet_event_extra.py took 0.142 seconds
[2025-06-21T22:48:01.930+0000] {processor.py:186} INFO - Started process (PID=4933) to work on /home/airflow/.local/lib/python3.12/site-packages/airflow/example_dags/example_inlet_event_extra.py
[2025-06-21T22:48:01.931+0000] {processor.py:914} INFO - Processing file /home/airflow/.local/lib/python3.12/site-packages/airflow/example_dags/example_inlet_event_extra.py for tasks to queue
[2025-06-21T22:48:01.934+0000] {logging_mixin.py:190} INFO - [2025-06-21T22:48:01.934+0000] {dagbag.py:588} INFO - Filling up the DagBag from /home/airflow/.local/lib/python3.12/site-packages/airflow/example_dags/example_inlet_event_extra.py
[2025-06-21T22:48:02.037+0000] {processor.py:925} INFO - DAG(s) 'read_dataset_event_from_classic', 'read_dataset_event' retrieved from /home/airflow/.local/lib/python3.12/site-packages/airflow/example_dags/example_inlet_event_extra.py
[2025-06-21T22:48:02.049+0000] {logging_mixin.py:190} INFO - [2025-06-21T22:48:02.049+0000] {dag.py:3239} INFO - Sync 2 DAGs
[2025-06-21T22:48:02.061+0000] {logging_mixin.py:190} INFO - [2025-06-21T22:48:02.061+0000] {dag.py:4180} INFO - Setting next_dagrun for read_dataset_event to 2025-06-20 00:00:00+00:00, run_after=2025-06-21 00:00:00+00:00
[2025-06-21T22:48:02.063+0000] {logging_mixin.py:190} INFO - [2025-06-21T22:48:02.063+0000] {dag.py:4180} INFO - Setting next_dagrun for read_dataset_event_from_classic to 2025-06-20 00:00:00+00:00, run_after=2025-06-21 00:00:00+00:00
[2025-06-21T22:48:02.072+0000] {processor.py:208} INFO - Processing /home/airflow/.local/lib/python3.12/site-packages/airflow/example_dags/example_inlet_event_extra.py took 0.145 seconds
[2025-06-21T22:48:32.532+0000] {processor.py:186} INFO - Started process (PID=4995) to work on /home/airflow/.local/lib/python3.12/site-packages/airflow/example_dags/example_inlet_event_extra.py
[2025-06-21T22:48:32.533+0000] {processor.py:914} INFO - Processing file /home/airflow/.local/lib/python3.12/site-packages/airflow/example_dags/example_inlet_event_extra.py for tasks to queue
[2025-06-21T22:48:32.535+0000] {logging_mixin.py:190} INFO - [2025-06-21T22:48:32.534+0000] {dagbag.py:588} INFO - Filling up the DagBag from /home/airflow/.local/lib/python3.12/site-packages/airflow/example_dags/example_inlet_event_extra.py
[2025-06-21T22:48:32.632+0000] {processor.py:925} INFO - DAG(s) 'read_dataset_event', 'read_dataset_event_from_classic' retrieved from /home/airflow/.local/lib/python3.12/site-packages/airflow/example_dags/example_inlet_event_extra.py
[2025-06-21T22:48:32.647+0000] {logging_mixin.py:190} INFO - [2025-06-21T22:48:32.647+0000] {dag.py:3239} INFO - Sync 2 DAGs
[2025-06-21T22:48:32.659+0000] {logging_mixin.py:190} INFO - [2025-06-21T22:48:32.659+0000] {dag.py:4180} INFO - Setting next_dagrun for read_dataset_event to 2025-06-20 00:00:00+00:00, run_after=2025-06-21 00:00:00+00:00
[2025-06-21T22:48:32.661+0000] {logging_mixin.py:190} INFO - [2025-06-21T22:48:32.661+0000] {dag.py:4180} INFO - Setting next_dagrun for read_dataset_event_from_classic to 2025-06-20 00:00:00+00:00, run_after=2025-06-21 00:00:00+00:00
[2025-06-21T22:48:32.672+0000] {processor.py:208} INFO - Processing /home/airflow/.local/lib/python3.12/site-packages/airflow/example_dags/example_inlet_event_extra.py took 0.144 seconds
[2025-06-21T22:49:03.533+0000] {processor.py:186} INFO - Started process (PID=5057) to work on /home/airflow/.local/lib/python3.12/site-packages/airflow/example_dags/example_inlet_event_extra.py
[2025-06-21T22:49:03.534+0000] {processor.py:914} INFO - Processing file /home/airflow/.local/lib/python3.12/site-packages/airflow/example_dags/example_inlet_event_extra.py for tasks to queue
[2025-06-21T22:49:03.539+0000] {logging_mixin.py:190} INFO - [2025-06-21T22:49:03.539+0000] {dagbag.py:588} INFO - Filling up the DagBag from /home/airflow/.local/lib/python3.12/site-packages/airflow/example_dags/example_inlet_event_extra.py
[2025-06-21T22:49:03.619+0000] {processor.py:925} INFO - DAG(s) 'read_dataset_event_from_classic', 'read_dataset_event' retrieved from /home/airflow/.local/lib/python3.12/site-packages/airflow/example_dags/example_inlet_event_extra.py
[2025-06-21T22:49:03.632+0000] {logging_mixin.py:190} INFO - [2025-06-21T22:49:03.632+0000] {dag.py:3239} INFO - Sync 2 DAGs
[2025-06-21T22:49:03.648+0000] {logging_mixin.py:190} INFO - [2025-06-21T22:49:03.648+0000] {dag.py:4180} INFO - Setting next_dagrun for read_dataset_event to 2025-06-20 00:00:00+00:00, run_after=2025-06-21 00:00:00+00:00
[2025-06-21T22:49:03.651+0000] {logging_mixin.py:190} INFO - [2025-06-21T22:49:03.651+0000] {dag.py:4180} INFO - Setting next_dagrun for read_dataset_event_from_classic to 2025-06-20 00:00:00+00:00, run_after=2025-06-21 00:00:00+00:00
[2025-06-21T22:49:03.663+0000] {processor.py:208} INFO - Processing /home/airflow/.local/lib/python3.12/site-packages/airflow/example_dags/example_inlet_event_extra.py took 0.134 seconds
[2025-06-21T22:49:34.457+0000] {processor.py:186} INFO - Started process (PID=5119) to work on /home/airflow/.local/lib/python3.12/site-packages/airflow/example_dags/example_inlet_event_extra.py
[2025-06-21T22:49:34.461+0000] {processor.py:914} INFO - Processing file /home/airflow/.local/lib/python3.12/site-packages/airflow/example_dags/example_inlet_event_extra.py for tasks to queue
[2025-06-21T22:49:34.462+0000] {logging_mixin.py:190} INFO - [2025-06-21T22:49:34.462+0000] {dagbag.py:588} INFO - Filling up the DagBag from /home/airflow/.local/lib/python3.12/site-packages/airflow/example_dags/example_inlet_event_extra.py
[2025-06-21T22:49:34.570+0000] {processor.py:925} INFO - DAG(s) 'read_dataset_event', 'read_dataset_event_from_classic' retrieved from /home/airflow/.local/lib/python3.12/site-packages/airflow/example_dags/example_inlet_event_extra.py
[2025-06-21T22:49:34.583+0000] {logging_mixin.py:190} INFO - [2025-06-21T22:49:34.583+0000] {dag.py:3239} INFO - Sync 2 DAGs
[2025-06-21T22:49:34.606+0000] {logging_mixin.py:190} INFO - [2025-06-21T22:49:34.606+0000] {dag.py:4180} INFO - Setting next_dagrun for read_dataset_event to 2025-06-20 00:00:00+00:00, run_after=2025-06-21 00:00:00+00:00
[2025-06-21T22:49:34.610+0000] {logging_mixin.py:190} INFO - [2025-06-21T22:49:34.610+0000] {dag.py:4180} INFO - Setting next_dagrun for read_dataset_event_from_classic to 2025-06-20 00:00:00+00:00, run_after=2025-06-21 00:00:00+00:00
[2025-06-21T22:49:34.624+0000] {processor.py:208} INFO - Processing /home/airflow/.local/lib/python3.12/site-packages/airflow/example_dags/example_inlet_event_extra.py took 0.172 seconds
[2025-06-21T22:50:05.419+0000] {processor.py:186} INFO - Started process (PID=5181) to work on /home/airflow/.local/lib/python3.12/site-packages/airflow/example_dags/example_inlet_event_extra.py
[2025-06-21T22:50:05.420+0000] {processor.py:914} INFO - Processing file /home/airflow/.local/lib/python3.12/site-packages/airflow/example_dags/example_inlet_event_extra.py for tasks to queue
[2025-06-21T22:50:05.421+0000] {logging_mixin.py:190} INFO - [2025-06-21T22:50:05.421+0000] {dagbag.py:588} INFO - Filling up the DagBag from /home/airflow/.local/lib/python3.12/site-packages/airflow/example_dags/example_inlet_event_extra.py
[2025-06-21T22:50:05.508+0000] {processor.py:925} INFO - DAG(s) 'read_dataset_event', 'read_dataset_event_from_classic' retrieved from /home/airflow/.local/lib/python3.12/site-packages/airflow/example_dags/example_inlet_event_extra.py
[2025-06-21T22:50:05.524+0000] {logging_mixin.py:190} INFO - [2025-06-21T22:50:05.524+0000] {dag.py:3239} INFO - Sync 2 DAGs
[2025-06-21T22:50:05.537+0000] {logging_mixin.py:190} INFO - [2025-06-21T22:50:05.537+0000] {dag.py:4180} INFO - Setting next_dagrun for read_dataset_event to 2025-06-20 00:00:00+00:00, run_after=2025-06-21 00:00:00+00:00
[2025-06-21T22:50:05.541+0000] {logging_mixin.py:190} INFO - [2025-06-21T22:50:05.541+0000] {dag.py:4180} INFO - Setting next_dagrun for read_dataset_event_from_classic to 2025-06-20 00:00:00+00:00, run_after=2025-06-21 00:00:00+00:00
[2025-06-21T22:50:05.551+0000] {processor.py:208} INFO - Processing /home/airflow/.local/lib/python3.12/site-packages/airflow/example_dags/example_inlet_event_extra.py took 0.136 seconds
[2025-06-21T22:50:37.831+0000] {processor.py:186} INFO - Started process (PID=5243) to work on /home/airflow/.local/lib/python3.12/site-packages/airflow/example_dags/example_inlet_event_extra.py
[2025-06-21T22:50:37.837+0000] {processor.py:914} INFO - Processing file /home/airflow/.local/lib/python3.12/site-packages/airflow/example_dags/example_inlet_event_extra.py for tasks to queue
[2025-06-21T22:50:37.839+0000] {logging_mixin.py:190} INFO - [2025-06-21T22:50:37.839+0000] {dagbag.py:588} INFO - Filling up the DagBag from /home/airflow/.local/lib/python3.12/site-packages/airflow/example_dags/example_inlet_event_extra.py
[2025-06-21T22:50:38.043+0000] {processor.py:925} INFO - DAG(s) 'read_dataset_event_from_classic', 'read_dataset_event' retrieved from /home/airflow/.local/lib/python3.12/site-packages/airflow/example_dags/example_inlet_event_extra.py
[2025-06-21T22:50:38.062+0000] {logging_mixin.py:190} INFO - [2025-06-21T22:50:38.062+0000] {dag.py:3239} INFO - Sync 2 DAGs
[2025-06-21T22:50:38.076+0000] {logging_mixin.py:190} INFO - [2025-06-21T22:50:38.076+0000] {dag.py:4180} INFO - Setting next_dagrun for read_dataset_event to 2025-06-20 00:00:00+00:00, run_after=2025-06-21 00:00:00+00:00
[2025-06-21T22:50:38.078+0000] {logging_mixin.py:190} INFO - [2025-06-21T22:50:38.078+0000] {dag.py:4180} INFO - Setting next_dagrun for read_dataset_event_from_classic to 2025-06-20 00:00:00+00:00, run_after=2025-06-21 00:00:00+00:00
[2025-06-21T22:50:38.090+0000] {processor.py:208} INFO - Processing /home/airflow/.local/lib/python3.12/site-packages/airflow/example_dags/example_inlet_event_extra.py took 0.273 seconds
[2025-06-21T22:51:09.026+0000] {processor.py:186} INFO - Started process (PID=5305) to work on /home/airflow/.local/lib/python3.12/site-packages/airflow/example_dags/example_inlet_event_extra.py
[2025-06-21T22:51:09.029+0000] {processor.py:914} INFO - Processing file /home/airflow/.local/lib/python3.12/site-packages/airflow/example_dags/example_inlet_event_extra.py for tasks to queue
[2025-06-21T22:51:09.035+0000] {logging_mixin.py:190} INFO - [2025-06-21T22:51:09.033+0000] {dagbag.py:588} INFO - Filling up the DagBag from /home/airflow/.local/lib/python3.12/site-packages/airflow/example_dags/example_inlet_event_extra.py
[2025-06-21T22:51:09.190+0000] {processor.py:925} INFO - DAG(s) 'read_dataset_event', 'read_dataset_event_from_classic' retrieved from /home/airflow/.local/lib/python3.12/site-packages/airflow/example_dags/example_inlet_event_extra.py
[2025-06-21T22:51:09.208+0000] {logging_mixin.py:190} INFO - [2025-06-21T22:51:09.208+0000] {dag.py:3239} INFO - Sync 2 DAGs
[2025-06-21T22:51:09.225+0000] {logging_mixin.py:190} INFO - [2025-06-21T22:51:09.224+0000] {dag.py:4180} INFO - Setting next_dagrun for read_dataset_event to 2025-06-20 00:00:00+00:00, run_after=2025-06-21 00:00:00+00:00
[2025-06-21T22:51:09.228+0000] {logging_mixin.py:190} INFO - [2025-06-21T22:51:09.228+0000] {dag.py:4180} INFO - Setting next_dagrun for read_dataset_event_from_classic to 2025-06-20 00:00:00+00:00, run_after=2025-06-21 00:00:00+00:00
[2025-06-21T22:51:09.238+0000] {processor.py:208} INFO - Processing /home/airflow/.local/lib/python3.12/site-packages/airflow/example_dags/example_inlet_event_extra.py took 0.223 seconds
[2025-06-21T22:51:39.594+0000] {processor.py:186} INFO - Started process (PID=5367) to work on /home/airflow/.local/lib/python3.12/site-packages/airflow/example_dags/example_inlet_event_extra.py
[2025-06-21T22:51:39.596+0000] {processor.py:914} INFO - Processing file /home/airflow/.local/lib/python3.12/site-packages/airflow/example_dags/example_inlet_event_extra.py for tasks to queue
[2025-06-21T22:51:39.598+0000] {logging_mixin.py:190} INFO - [2025-06-21T22:51:39.598+0000] {dagbag.py:588} INFO - Filling up the DagBag from /home/airflow/.local/lib/python3.12/site-packages/airflow/example_dags/example_inlet_event_extra.py
[2025-06-21T22:51:39.758+0000] {processor.py:925} INFO - DAG(s) 'read_dataset_event', 'read_dataset_event_from_classic' retrieved from /home/airflow/.local/lib/python3.12/site-packages/airflow/example_dags/example_inlet_event_extra.py
[2025-06-21T22:51:39.781+0000] {logging_mixin.py:190} INFO - [2025-06-21T22:51:39.781+0000] {dag.py:3239} INFO - Sync 2 DAGs
[2025-06-21T22:51:39.797+0000] {logging_mixin.py:190} INFO - [2025-06-21T22:51:39.797+0000] {dag.py:4180} INFO - Setting next_dagrun for read_dataset_event to 2025-06-20 00:00:00+00:00, run_after=2025-06-21 00:00:00+00:00
[2025-06-21T22:51:39.803+0000] {logging_mixin.py:190} INFO - [2025-06-21T22:51:39.803+0000] {dag.py:4180} INFO - Setting next_dagrun for read_dataset_event_from_classic to 2025-06-20 00:00:00+00:00, run_after=2025-06-21 00:00:00+00:00
[2025-06-21T22:51:39.817+0000] {processor.py:208} INFO - Processing /home/airflow/.local/lib/python3.12/site-packages/airflow/example_dags/example_inlet_event_extra.py took 0.230 seconds
[2025-06-21T22:52:10.261+0000] {processor.py:186} INFO - Started process (PID=5429) to work on /home/airflow/.local/lib/python3.12/site-packages/airflow/example_dags/example_inlet_event_extra.py
[2025-06-21T22:52:10.267+0000] {processor.py:914} INFO - Processing file /home/airflow/.local/lib/python3.12/site-packages/airflow/example_dags/example_inlet_event_extra.py for tasks to queue
[2025-06-21T22:52:10.269+0000] {logging_mixin.py:190} INFO - [2025-06-21T22:52:10.269+0000] {dagbag.py:588} INFO - Filling up the DagBag from /home/airflow/.local/lib/python3.12/site-packages/airflow/example_dags/example_inlet_event_extra.py
[2025-06-21T22:52:10.402+0000] {processor.py:925} INFO - DAG(s) 'read_dataset_event_from_classic', 'read_dataset_event' retrieved from /home/airflow/.local/lib/python3.12/site-packages/airflow/example_dags/example_inlet_event_extra.py
[2025-06-21T22:52:10.427+0000] {logging_mixin.py:190} INFO - [2025-06-21T22:52:10.427+0000] {dag.py:3239} INFO - Sync 2 DAGs
[2025-06-21T22:52:10.450+0000] {logging_mixin.py:190} INFO - [2025-06-21T22:52:10.449+0000] {dag.py:4180} INFO - Setting next_dagrun for read_dataset_event to 2025-06-20 00:00:00+00:00, run_after=2025-06-21 00:00:00+00:00
[2025-06-21T22:52:10.453+0000] {logging_mixin.py:190} INFO - [2025-06-21T22:52:10.453+0000] {dag.py:4180} INFO - Setting next_dagrun for read_dataset_event_from_classic to 2025-06-20 00:00:00+00:00, run_after=2025-06-21 00:00:00+00:00
[2025-06-21T22:52:10.466+0000] {processor.py:208} INFO - Processing /home/airflow/.local/lib/python3.12/site-packages/airflow/example_dags/example_inlet_event_extra.py took 0.218 seconds
[2025-06-21T22:52:40.863+0000] {processor.py:186} INFO - Started process (PID=5491) to work on /home/airflow/.local/lib/python3.12/site-packages/airflow/example_dags/example_inlet_event_extra.py
[2025-06-21T22:52:40.864+0000] {processor.py:914} INFO - Processing file /home/airflow/.local/lib/python3.12/site-packages/airflow/example_dags/example_inlet_event_extra.py for tasks to queue
[2025-06-21T22:52:40.867+0000] {logging_mixin.py:190} INFO - [2025-06-21T22:52:40.866+0000] {dagbag.py:588} INFO - Filling up the DagBag from /home/airflow/.local/lib/python3.12/site-packages/airflow/example_dags/example_inlet_event_extra.py
[2025-06-21T22:52:40.987+0000] {processor.py:925} INFO - DAG(s) 'read_dataset_event', 'read_dataset_event_from_classic' retrieved from /home/airflow/.local/lib/python3.12/site-packages/airflow/example_dags/example_inlet_event_extra.py
[2025-06-21T22:52:41.015+0000] {logging_mixin.py:190} INFO - [2025-06-21T22:52:41.015+0000] {dag.py:3239} INFO - Sync 2 DAGs
[2025-06-21T22:52:41.043+0000] {logging_mixin.py:190} INFO - [2025-06-21T22:52:41.042+0000] {dag.py:4180} INFO - Setting next_dagrun for read_dataset_event to 2025-06-20 00:00:00+00:00, run_after=2025-06-21 00:00:00+00:00
[2025-06-21T22:52:41.047+0000] {logging_mixin.py:190} INFO - [2025-06-21T22:52:41.047+0000] {dag.py:4180} INFO - Setting next_dagrun for read_dataset_event_from_classic to 2025-06-20 00:00:00+00:00, run_after=2025-06-21 00:00:00+00:00
[2025-06-21T22:52:41.064+0000] {processor.py:208} INFO - Processing /home/airflow/.local/lib/python3.12/site-packages/airflow/example_dags/example_inlet_event_extra.py took 0.212 seconds
[2025-06-21T22:53:11.733+0000] {processor.py:186} INFO - Started process (PID=5553) to work on /home/airflow/.local/lib/python3.12/site-packages/airflow/example_dags/example_inlet_event_extra.py
[2025-06-21T22:53:11.735+0000] {processor.py:914} INFO - Processing file /home/airflow/.local/lib/python3.12/site-packages/airflow/example_dags/example_inlet_event_extra.py for tasks to queue
[2025-06-21T22:53:11.738+0000] {logging_mixin.py:190} INFO - [2025-06-21T22:53:11.738+0000] {dagbag.py:588} INFO - Filling up the DagBag from /home/airflow/.local/lib/python3.12/site-packages/airflow/example_dags/example_inlet_event_extra.py
[2025-06-21T22:53:11.832+0000] {processor.py:925} INFO - DAG(s) 'read_dataset_event', 'read_dataset_event_from_classic' retrieved from /home/airflow/.local/lib/python3.12/site-packages/airflow/example_dags/example_inlet_event_extra.py
[2025-06-21T22:53:11.843+0000] {logging_mixin.py:190} INFO - [2025-06-21T22:53:11.843+0000] {dag.py:3239} INFO - Sync 2 DAGs
[2025-06-21T22:53:11.855+0000] {logging_mixin.py:190} INFO - [2025-06-21T22:53:11.855+0000] {dag.py:4180} INFO - Setting next_dagrun for read_dataset_event to 2025-06-20 00:00:00+00:00, run_after=2025-06-21 00:00:00+00:00
[2025-06-21T22:53:11.858+0000] {logging_mixin.py:190} INFO - [2025-06-21T22:53:11.858+0000] {dag.py:4180} INFO - Setting next_dagrun for read_dataset_event_from_classic to 2025-06-20 00:00:00+00:00, run_after=2025-06-21 00:00:00+00:00
[2025-06-21T22:53:11.867+0000] {processor.py:208} INFO - Processing /home/airflow/.local/lib/python3.12/site-packages/airflow/example_dags/example_inlet_event_extra.py took 0.140 seconds
[2025-06-21T22:53:42.049+0000] {processor.py:186} INFO - Started process (PID=5615) to work on /home/airflow/.local/lib/python3.12/site-packages/airflow/example_dags/example_inlet_event_extra.py
[2025-06-21T22:53:42.053+0000] {processor.py:914} INFO - Processing file /home/airflow/.local/lib/python3.12/site-packages/airflow/example_dags/example_inlet_event_extra.py for tasks to queue
[2025-06-21T22:53:42.065+0000] {logging_mixin.py:190} INFO - [2025-06-21T22:53:42.063+0000] {dagbag.py:588} INFO - Filling up the DagBag from /home/airflow/.local/lib/python3.12/site-packages/airflow/example_dags/example_inlet_event_extra.py
[2025-06-21T22:53:42.322+0000] {processor.py:925} INFO - DAG(s) 'read_dataset_event', 'read_dataset_event_from_classic' retrieved from /home/airflow/.local/lib/python3.12/site-packages/airflow/example_dags/example_inlet_event_extra.py
[2025-06-21T22:53:42.347+0000] {logging_mixin.py:190} INFO - [2025-06-21T22:53:42.347+0000] {dag.py:3239} INFO - Sync 2 DAGs
[2025-06-21T22:53:42.376+0000] {logging_mixin.py:190} INFO - [2025-06-21T22:53:42.375+0000] {dag.py:4180} INFO - Setting next_dagrun for read_dataset_event to 2025-06-20 00:00:00+00:00, run_after=2025-06-21 00:00:00+00:00
[2025-06-21T22:53:42.382+0000] {logging_mixin.py:190} INFO - [2025-06-21T22:53:42.382+0000] {dag.py:4180} INFO - Setting next_dagrun for read_dataset_event_from_classic to 2025-06-20 00:00:00+00:00, run_after=2025-06-21 00:00:00+00:00
[2025-06-21T22:53:42.399+0000] {processor.py:208} INFO - Processing /home/airflow/.local/lib/python3.12/site-packages/airflow/example_dags/example_inlet_event_extra.py took 0.383 seconds
[2025-06-21T22:54:12.505+0000] {processor.py:186} INFO - Started process (PID=5679) to work on /home/airflow/.local/lib/python3.12/site-packages/airflow/example_dags/example_inlet_event_extra.py
[2025-06-21T22:54:12.506+0000] {processor.py:914} INFO - Processing file /home/airflow/.local/lib/python3.12/site-packages/airflow/example_dags/example_inlet_event_extra.py for tasks to queue
[2025-06-21T22:54:12.507+0000] {logging_mixin.py:190} INFO - [2025-06-21T22:54:12.507+0000] {dagbag.py:588} INFO - Filling up the DagBag from /home/airflow/.local/lib/python3.12/site-packages/airflow/example_dags/example_inlet_event_extra.py
[2025-06-21T22:54:12.705+0000] {processor.py:925} INFO - DAG(s) 'read_dataset_event_from_classic', 'read_dataset_event' retrieved from /home/airflow/.local/lib/python3.12/site-packages/airflow/example_dags/example_inlet_event_extra.py
[2025-06-21T22:54:12.732+0000] {logging_mixin.py:190} INFO - [2025-06-21T22:54:12.732+0000] {dag.py:3239} INFO - Sync 2 DAGs
[2025-06-21T22:54:12.756+0000] {logging_mixin.py:190} INFO - [2025-06-21T22:54:12.756+0000] {dag.py:4180} INFO - Setting next_dagrun for read_dataset_event to 2025-06-20 00:00:00+00:00, run_after=2025-06-21 00:00:00+00:00
[2025-06-21T22:54:12.759+0000] {logging_mixin.py:190} INFO - [2025-06-21T22:54:12.759+0000] {dag.py:4180} INFO - Setting next_dagrun for read_dataset_event_from_classic to 2025-06-20 00:00:00+00:00, run_after=2025-06-21 00:00:00+00:00
[2025-06-21T22:54:12.768+0000] {processor.py:208} INFO - Processing /home/airflow/.local/lib/python3.12/site-packages/airflow/example_dags/example_inlet_event_extra.py took 0.268 seconds
[2025-06-21T22:54:42.949+0000] {processor.py:186} INFO - Started process (PID=5739) to work on /home/airflow/.local/lib/python3.12/site-packages/airflow/example_dags/example_inlet_event_extra.py
[2025-06-21T22:54:42.951+0000] {processor.py:914} INFO - Processing file /home/airflow/.local/lib/python3.12/site-packages/airflow/example_dags/example_inlet_event_extra.py for tasks to queue
[2025-06-21T22:54:42.953+0000] {logging_mixin.py:190} INFO - [2025-06-21T22:54:42.953+0000] {dagbag.py:588} INFO - Filling up the DagBag from /home/airflow/.local/lib/python3.12/site-packages/airflow/example_dags/example_inlet_event_extra.py
[2025-06-21T22:54:43.047+0000] {processor.py:925} INFO - DAG(s) 'read_dataset_event_from_classic', 'read_dataset_event' retrieved from /home/airflow/.local/lib/python3.12/site-packages/airflow/example_dags/example_inlet_event_extra.py
[2025-06-21T22:54:43.072+0000] {logging_mixin.py:190} INFO - [2025-06-21T22:54:43.072+0000] {dag.py:3239} INFO - Sync 2 DAGs
[2025-06-21T22:54:43.085+0000] {logging_mixin.py:190} INFO - [2025-06-21T22:54:43.085+0000] {dag.py:4180} INFO - Setting next_dagrun for read_dataset_event to 2025-06-20 00:00:00+00:00, run_after=2025-06-21 00:00:00+00:00
[2025-06-21T22:54:43.089+0000] {logging_mixin.py:190} INFO - [2025-06-21T22:54:43.089+0000] {dag.py:4180} INFO - Setting next_dagrun for read_dataset_event_from_classic to 2025-06-20 00:00:00+00:00, run_after=2025-06-21 00:00:00+00:00
[2025-06-21T22:54:43.103+0000] {processor.py:208} INFO - Processing /home/airflow/.local/lib/python3.12/site-packages/airflow/example_dags/example_inlet_event_extra.py took 0.161 seconds
[2025-06-21T22:55:13.153+0000] {processor.py:186} INFO - Started process (PID=5801) to work on /home/airflow/.local/lib/python3.12/site-packages/airflow/example_dags/example_inlet_event_extra.py
[2025-06-21T22:55:13.157+0000] {processor.py:914} INFO - Processing file /home/airflow/.local/lib/python3.12/site-packages/airflow/example_dags/example_inlet_event_extra.py for tasks to queue
[2025-06-21T22:55:13.161+0000] {logging_mixin.py:190} INFO - [2025-06-21T22:55:13.161+0000] {dagbag.py:588} INFO - Filling up the DagBag from /home/airflow/.local/lib/python3.12/site-packages/airflow/example_dags/example_inlet_event_extra.py
[2025-06-21T22:55:13.265+0000] {processor.py:925} INFO - DAG(s) 'read_dataset_event', 'read_dataset_event_from_classic' retrieved from /home/airflow/.local/lib/python3.12/site-packages/airflow/example_dags/example_inlet_event_extra.py
[2025-06-21T22:55:13.279+0000] {logging_mixin.py:190} INFO - [2025-06-21T22:55:13.279+0000] {dag.py:3239} INFO - Sync 2 DAGs
[2025-06-21T22:55:13.294+0000] {logging_mixin.py:190} INFO - [2025-06-21T22:55:13.294+0000] {dag.py:4180} INFO - Setting next_dagrun for read_dataset_event to 2025-06-20 00:00:00+00:00, run_after=2025-06-21 00:00:00+00:00
[2025-06-21T22:55:13.297+0000] {logging_mixin.py:190} INFO - [2025-06-21T22:55:13.297+0000] {dag.py:4180} INFO - Setting next_dagrun for read_dataset_event_from_classic to 2025-06-20 00:00:00+00:00, run_after=2025-06-21 00:00:00+00:00
[2025-06-21T22:55:13.307+0000] {processor.py:208} INFO - Processing /home/airflow/.local/lib/python3.12/site-packages/airflow/example_dags/example_inlet_event_extra.py took 0.167 seconds
[2025-06-21T22:55:43.400+0000] {processor.py:186} INFO - Started process (PID=5863) to work on /home/airflow/.local/lib/python3.12/site-packages/airflow/example_dags/example_inlet_event_extra.py
[2025-06-21T22:55:43.401+0000] {processor.py:914} INFO - Processing file /home/airflow/.local/lib/python3.12/site-packages/airflow/example_dags/example_inlet_event_extra.py for tasks to queue
[2025-06-21T22:55:43.403+0000] {logging_mixin.py:190} INFO - [2025-06-21T22:55:43.402+0000] {dagbag.py:588} INFO - Filling up the DagBag from /home/airflow/.local/lib/python3.12/site-packages/airflow/example_dags/example_inlet_event_extra.py
[2025-06-21T22:55:43.531+0000] {processor.py:925} INFO - DAG(s) 'read_dataset_event', 'read_dataset_event_from_classic' retrieved from /home/airflow/.local/lib/python3.12/site-packages/airflow/example_dags/example_inlet_event_extra.py
[2025-06-21T22:55:43.551+0000] {logging_mixin.py:190} INFO - [2025-06-21T22:55:43.551+0000] {dag.py:3239} INFO - Sync 2 DAGs
[2025-06-21T22:55:43.569+0000] {logging_mixin.py:190} INFO - [2025-06-21T22:55:43.569+0000] {dag.py:4180} INFO - Setting next_dagrun for read_dataset_event to 2025-06-20 00:00:00+00:00, run_after=2025-06-21 00:00:00+00:00
[2025-06-21T22:55:43.573+0000] {logging_mixin.py:190} INFO - [2025-06-21T22:55:43.572+0000] {dag.py:4180} INFO - Setting next_dagrun for read_dataset_event_from_classic to 2025-06-20 00:00:00+00:00, run_after=2025-06-21 00:00:00+00:00
[2025-06-21T22:55:43.583+0000] {processor.py:208} INFO - Processing /home/airflow/.local/lib/python3.12/site-packages/airflow/example_dags/example_inlet_event_extra.py took 0.187 seconds
[2025-06-21T22:56:14.564+0000] {processor.py:186} INFO - Started process (PID=5925) to work on /home/airflow/.local/lib/python3.12/site-packages/airflow/example_dags/example_inlet_event_extra.py
[2025-06-21T22:56:14.565+0000] {processor.py:914} INFO - Processing file /home/airflow/.local/lib/python3.12/site-packages/airflow/example_dags/example_inlet_event_extra.py for tasks to queue
[2025-06-21T22:56:14.566+0000] {logging_mixin.py:190} INFO - [2025-06-21T22:56:14.566+0000] {dagbag.py:588} INFO - Filling up the DagBag from /home/airflow/.local/lib/python3.12/site-packages/airflow/example_dags/example_inlet_event_extra.py
[2025-06-21T22:56:14.644+0000] {processor.py:925} INFO - DAG(s) 'read_dataset_event_from_classic', 'read_dataset_event' retrieved from /home/airflow/.local/lib/python3.12/site-packages/airflow/example_dags/example_inlet_event_extra.py
[2025-06-21T22:56:14.660+0000] {logging_mixin.py:190} INFO - [2025-06-21T22:56:14.659+0000] {dag.py:3239} INFO - Sync 2 DAGs
[2025-06-21T22:56:14.674+0000] {logging_mixin.py:190} INFO - [2025-06-21T22:56:14.674+0000] {dag.py:4180} INFO - Setting next_dagrun for read_dataset_event to 2025-06-20 00:00:00+00:00, run_after=2025-06-21 00:00:00+00:00
[2025-06-21T22:56:14.677+0000] {logging_mixin.py:190} INFO - [2025-06-21T22:56:14.677+0000] {dag.py:4180} INFO - Setting next_dagrun for read_dataset_event_from_classic to 2025-06-20 00:00:00+00:00, run_after=2025-06-21 00:00:00+00:00
[2025-06-21T22:56:14.689+0000] {processor.py:208} INFO - Processing /home/airflow/.local/lib/python3.12/site-packages/airflow/example_dags/example_inlet_event_extra.py took 0.129 seconds
[2025-06-21T22:56:45.751+0000] {processor.py:186} INFO - Started process (PID=5987) to work on /home/airflow/.local/lib/python3.12/site-packages/airflow/example_dags/example_inlet_event_extra.py
[2025-06-21T22:56:45.753+0000] {processor.py:914} INFO - Processing file /home/airflow/.local/lib/python3.12/site-packages/airflow/example_dags/example_inlet_event_extra.py for tasks to queue
[2025-06-21T22:56:45.754+0000] {logging_mixin.py:190} INFO - [2025-06-21T22:56:45.754+0000] {dagbag.py:588} INFO - Filling up the DagBag from /home/airflow/.local/lib/python3.12/site-packages/airflow/example_dags/example_inlet_event_extra.py
[2025-06-21T22:56:45.862+0000] {processor.py:925} INFO - DAG(s) 'read_dataset_event', 'read_dataset_event_from_classic' retrieved from /home/airflow/.local/lib/python3.12/site-packages/airflow/example_dags/example_inlet_event_extra.py
[2025-06-21T22:56:45.874+0000] {logging_mixin.py:190} INFO - [2025-06-21T22:56:45.874+0000] {dag.py:3239} INFO - Sync 2 DAGs
[2025-06-21T22:56:45.887+0000] {logging_mixin.py:190} INFO - [2025-06-21T22:56:45.887+0000] {dag.py:4180} INFO - Setting next_dagrun for read_dataset_event to 2025-06-20 00:00:00+00:00, run_after=2025-06-21 00:00:00+00:00
[2025-06-21T22:56:45.890+0000] {logging_mixin.py:190} INFO - [2025-06-21T22:56:45.890+0000] {dag.py:4180} INFO - Setting next_dagrun for read_dataset_event_from_classic to 2025-06-20 00:00:00+00:00, run_after=2025-06-21 00:00:00+00:00
[2025-06-21T22:56:45.900+0000] {processor.py:208} INFO - Processing /home/airflow/.local/lib/python3.12/site-packages/airflow/example_dags/example_inlet_event_extra.py took 0.166 seconds
[2025-06-21T22:57:16.323+0000] {processor.py:186} INFO - Started process (PID=6049) to work on /home/airflow/.local/lib/python3.12/site-packages/airflow/example_dags/example_inlet_event_extra.py
[2025-06-21T22:57:16.325+0000] {processor.py:914} INFO - Processing file /home/airflow/.local/lib/python3.12/site-packages/airflow/example_dags/example_inlet_event_extra.py for tasks to queue
[2025-06-21T22:57:16.327+0000] {logging_mixin.py:190} INFO - [2025-06-21T22:57:16.327+0000] {dagbag.py:588} INFO - Filling up the DagBag from /home/airflow/.local/lib/python3.12/site-packages/airflow/example_dags/example_inlet_event_extra.py
[2025-06-21T22:57:16.418+0000] {processor.py:925} INFO - DAG(s) 'read_dataset_event_from_classic', 'read_dataset_event' retrieved from /home/airflow/.local/lib/python3.12/site-packages/airflow/example_dags/example_inlet_event_extra.py
[2025-06-21T22:57:16.433+0000] {logging_mixin.py:190} INFO - [2025-06-21T22:57:16.432+0000] {dag.py:3239} INFO - Sync 2 DAGs
[2025-06-21T22:57:16.444+0000] {logging_mixin.py:190} INFO - [2025-06-21T22:57:16.444+0000] {dag.py:4180} INFO - Setting next_dagrun for read_dataset_event to 2025-06-20 00:00:00+00:00, run_after=2025-06-21 00:00:00+00:00
[2025-06-21T22:57:16.447+0000] {logging_mixin.py:190} INFO - [2025-06-21T22:57:16.447+0000] {dag.py:4180} INFO - Setting next_dagrun for read_dataset_event_from_classic to 2025-06-20 00:00:00+00:00, run_after=2025-06-21 00:00:00+00:00
[2025-06-21T22:57:16.462+0000] {processor.py:208} INFO - Processing /home/airflow/.local/lib/python3.12/site-packages/airflow/example_dags/example_inlet_event_extra.py took 0.146 seconds
[2025-06-21T22:57:47.177+0000] {processor.py:186} INFO - Started process (PID=6111) to work on /home/airflow/.local/lib/python3.12/site-packages/airflow/example_dags/example_inlet_event_extra.py
[2025-06-21T22:57:47.178+0000] {processor.py:914} INFO - Processing file /home/airflow/.local/lib/python3.12/site-packages/airflow/example_dags/example_inlet_event_extra.py for tasks to queue
[2025-06-21T22:57:47.179+0000] {logging_mixin.py:190} INFO - [2025-06-21T22:57:47.179+0000] {dagbag.py:588} INFO - Filling up the DagBag from /home/airflow/.local/lib/python3.12/site-packages/airflow/example_dags/example_inlet_event_extra.py
[2025-06-21T22:57:47.328+0000] {processor.py:925} INFO - DAG(s) 'read_dataset_event', 'read_dataset_event_from_classic' retrieved from /home/airflow/.local/lib/python3.12/site-packages/airflow/example_dags/example_inlet_event_extra.py
[2025-06-21T22:57:47.339+0000] {logging_mixin.py:190} INFO - [2025-06-21T22:57:47.339+0000] {dag.py:3239} INFO - Sync 2 DAGs
[2025-06-21T22:57:47.357+0000] {logging_mixin.py:190} INFO - [2025-06-21T22:57:47.357+0000] {dag.py:4180} INFO - Setting next_dagrun for read_dataset_event to 2025-06-20 00:00:00+00:00, run_after=2025-06-21 00:00:00+00:00
[2025-06-21T22:57:47.362+0000] {logging_mixin.py:190} INFO - [2025-06-21T22:57:47.362+0000] {dag.py:4180} INFO - Setting next_dagrun for read_dataset_event_from_classic to 2025-06-20 00:00:00+00:00, run_after=2025-06-21 00:00:00+00:00
[2025-06-21T22:57:47.375+0000] {processor.py:208} INFO - Processing /home/airflow/.local/lib/python3.12/site-packages/airflow/example_dags/example_inlet_event_extra.py took 0.212 seconds
[2025-06-21T22:58:17.735+0000] {processor.py:186} INFO - Started process (PID=6173) to work on /home/airflow/.local/lib/python3.12/site-packages/airflow/example_dags/example_inlet_event_extra.py
[2025-06-21T22:58:17.736+0000] {processor.py:914} INFO - Processing file /home/airflow/.local/lib/python3.12/site-packages/airflow/example_dags/example_inlet_event_extra.py for tasks to queue
[2025-06-21T22:58:17.738+0000] {logging_mixin.py:190} INFO - [2025-06-21T22:58:17.738+0000] {dagbag.py:588} INFO - Filling up the DagBag from /home/airflow/.local/lib/python3.12/site-packages/airflow/example_dags/example_inlet_event_extra.py
[2025-06-21T22:58:17.818+0000] {processor.py:925} INFO - DAG(s) 'read_dataset_event', 'read_dataset_event_from_classic' retrieved from /home/airflow/.local/lib/python3.12/site-packages/airflow/example_dags/example_inlet_event_extra.py
[2025-06-21T22:58:17.834+0000] {logging_mixin.py:190} INFO - [2025-06-21T22:58:17.834+0000] {dag.py:3239} INFO - Sync 2 DAGs
[2025-06-21T22:58:17.849+0000] {logging_mixin.py:190} INFO - [2025-06-21T22:58:17.849+0000] {dag.py:4180} INFO - Setting next_dagrun for read_dataset_event to 2025-06-20 00:00:00+00:00, run_after=2025-06-21 00:00:00+00:00
[2025-06-21T22:58:17.851+0000] {logging_mixin.py:190} INFO - [2025-06-21T22:58:17.851+0000] {dag.py:4180} INFO - Setting next_dagrun for read_dataset_event_from_classic to 2025-06-20 00:00:00+00:00, run_after=2025-06-21 00:00:00+00:00
[2025-06-21T22:58:17.863+0000] {processor.py:208} INFO - Processing /home/airflow/.local/lib/python3.12/site-packages/airflow/example_dags/example_inlet_event_extra.py took 0.131 seconds
[2025-06-21T22:58:48.881+0000] {processor.py:186} INFO - Started process (PID=6235) to work on /home/airflow/.local/lib/python3.12/site-packages/airflow/example_dags/example_inlet_event_extra.py
[2025-06-21T22:58:48.882+0000] {processor.py:914} INFO - Processing file /home/airflow/.local/lib/python3.12/site-packages/airflow/example_dags/example_inlet_event_extra.py for tasks to queue
[2025-06-21T22:58:48.885+0000] {logging_mixin.py:190} INFO - [2025-06-21T22:58:48.885+0000] {dagbag.py:588} INFO - Filling up the DagBag from /home/airflow/.local/lib/python3.12/site-packages/airflow/example_dags/example_inlet_event_extra.py
[2025-06-21T22:58:48.971+0000] {processor.py:925} INFO - DAG(s) 'read_dataset_event', 'read_dataset_event_from_classic' retrieved from /home/airflow/.local/lib/python3.12/site-packages/airflow/example_dags/example_inlet_event_extra.py
[2025-06-21T22:58:48.987+0000] {logging_mixin.py:190} INFO - [2025-06-21T22:58:48.987+0000] {dag.py:3239} INFO - Sync 2 DAGs
[2025-06-21T22:58:49.009+0000] {logging_mixin.py:190} INFO - [2025-06-21T22:58:49.009+0000] {dag.py:4180} INFO - Setting next_dagrun for read_dataset_event to 2025-06-20 00:00:00+00:00, run_after=2025-06-21 00:00:00+00:00
[2025-06-21T22:58:49.011+0000] {logging_mixin.py:190} INFO - [2025-06-21T22:58:49.011+0000] {dag.py:4180} INFO - Setting next_dagrun for read_dataset_event_from_classic to 2025-06-20 00:00:00+00:00, run_after=2025-06-21 00:00:00+00:00
[2025-06-21T22:58:49.024+0000] {processor.py:208} INFO - Processing /home/airflow/.local/lib/python3.12/site-packages/airflow/example_dags/example_inlet_event_extra.py took 0.148 seconds
[2025-06-21T22:59:19.806+0000] {processor.py:186} INFO - Started process (PID=6297) to work on /home/airflow/.local/lib/python3.12/site-packages/airflow/example_dags/example_inlet_event_extra.py
[2025-06-21T22:59:19.807+0000] {processor.py:914} INFO - Processing file /home/airflow/.local/lib/python3.12/site-packages/airflow/example_dags/example_inlet_event_extra.py for tasks to queue
[2025-06-21T22:59:19.810+0000] {logging_mixin.py:190} INFO - [2025-06-21T22:59:19.809+0000] {dagbag.py:588} INFO - Filling up the DagBag from /home/airflow/.local/lib/python3.12/site-packages/airflow/example_dags/example_inlet_event_extra.py
[2025-06-21T22:59:19.894+0000] {processor.py:925} INFO - DAG(s) 'read_dataset_event', 'read_dataset_event_from_classic' retrieved from /home/airflow/.local/lib/python3.12/site-packages/airflow/example_dags/example_inlet_event_extra.py
[2025-06-21T22:59:19.906+0000] {logging_mixin.py:190} INFO - [2025-06-21T22:59:19.906+0000] {dag.py:3239} INFO - Sync 2 DAGs
[2025-06-21T22:59:19.918+0000] {logging_mixin.py:190} INFO - [2025-06-21T22:59:19.918+0000] {dag.py:4180} INFO - Setting next_dagrun for read_dataset_event to 2025-06-20 00:00:00+00:00, run_after=2025-06-21 00:00:00+00:00
[2025-06-21T22:59:19.921+0000] {logging_mixin.py:190} INFO - [2025-06-21T22:59:19.921+0000] {dag.py:4180} INFO - Setting next_dagrun for read_dataset_event_from_classic to 2025-06-20 00:00:00+00:00, run_after=2025-06-21 00:00:00+00:00
[2025-06-21T22:59:19.929+0000] {processor.py:208} INFO - Processing /home/airflow/.local/lib/python3.12/site-packages/airflow/example_dags/example_inlet_event_extra.py took 0.127 seconds
[2025-06-21T22:59:50.747+0000] {processor.py:186} INFO - Started process (PID=6359) to work on /home/airflow/.local/lib/python3.12/site-packages/airflow/example_dags/example_inlet_event_extra.py
[2025-06-21T22:59:50.748+0000] {processor.py:914} INFO - Processing file /home/airflow/.local/lib/python3.12/site-packages/airflow/example_dags/example_inlet_event_extra.py for tasks to queue
[2025-06-21T22:59:50.750+0000] {logging_mixin.py:190} INFO - [2025-06-21T22:59:50.750+0000] {dagbag.py:588} INFO - Filling up the DagBag from /home/airflow/.local/lib/python3.12/site-packages/airflow/example_dags/example_inlet_event_extra.py
[2025-06-21T22:59:50.839+0000] {processor.py:925} INFO - DAG(s) 'read_dataset_event', 'read_dataset_event_from_classic' retrieved from /home/airflow/.local/lib/python3.12/site-packages/airflow/example_dags/example_inlet_event_extra.py
[2025-06-21T22:59:50.851+0000] {logging_mixin.py:190} INFO - [2025-06-21T22:59:50.851+0000] {dag.py:3239} INFO - Sync 2 DAGs
[2025-06-21T22:59:50.863+0000] {logging_mixin.py:190} INFO - [2025-06-21T22:59:50.862+0000] {dag.py:4180} INFO - Setting next_dagrun for read_dataset_event to 2025-06-20 00:00:00+00:00, run_after=2025-06-21 00:00:00+00:00
[2025-06-21T22:59:50.865+0000] {logging_mixin.py:190} INFO - [2025-06-21T22:59:50.865+0000] {dag.py:4180} INFO - Setting next_dagrun for read_dataset_event_from_classic to 2025-06-20 00:00:00+00:00, run_after=2025-06-21 00:00:00+00:00
[2025-06-21T22:59:50.872+0000] {processor.py:208} INFO - Processing /home/airflow/.local/lib/python3.12/site-packages/airflow/example_dags/example_inlet_event_extra.py took 0.129 seconds
[2025-06-21T23:00:21.985+0000] {processor.py:186} INFO - Started process (PID=6421) to work on /home/airflow/.local/lib/python3.12/site-packages/airflow/example_dags/example_inlet_event_extra.py
[2025-06-21T23:00:21.988+0000] {processor.py:914} INFO - Processing file /home/airflow/.local/lib/python3.12/site-packages/airflow/example_dags/example_inlet_event_extra.py for tasks to queue
[2025-06-21T23:00:21.992+0000] {logging_mixin.py:190} INFO - [2025-06-21T23:00:21.992+0000] {dagbag.py:588} INFO - Filling up the DagBag from /home/airflow/.local/lib/python3.12/site-packages/airflow/example_dags/example_inlet_event_extra.py
[2025-06-21T23:00:22.082+0000] {processor.py:925} INFO - DAG(s) 'read_dataset_event', 'read_dataset_event_from_classic' retrieved from /home/airflow/.local/lib/python3.12/site-packages/airflow/example_dags/example_inlet_event_extra.py
[2025-06-21T23:00:22.097+0000] {logging_mixin.py:190} INFO - [2025-06-21T23:00:22.097+0000] {dag.py:3239} INFO - Sync 2 DAGs
[2025-06-21T23:00:22.113+0000] {logging_mixin.py:190} INFO - [2025-06-21T23:00:22.113+0000] {dag.py:4180} INFO - Setting next_dagrun for read_dataset_event to 2025-06-20 00:00:00+00:00, run_after=2025-06-21 00:00:00+00:00
[2025-06-21T23:00:22.116+0000] {logging_mixin.py:190} INFO - [2025-06-21T23:00:22.116+0000] {dag.py:4180} INFO - Setting next_dagrun for read_dataset_event_from_classic to 2025-06-20 00:00:00+00:00, run_after=2025-06-21 00:00:00+00:00
[2025-06-21T23:00:22.124+0000] {processor.py:208} INFO - Processing /home/airflow/.local/lib/python3.12/site-packages/airflow/example_dags/example_inlet_event_extra.py took 0.143 seconds
[2025-06-21T23:00:52.878+0000] {processor.py:186} INFO - Started process (PID=6483) to work on /home/airflow/.local/lib/python3.12/site-packages/airflow/example_dags/example_inlet_event_extra.py
[2025-06-21T23:00:52.879+0000] {processor.py:914} INFO - Processing file /home/airflow/.local/lib/python3.12/site-packages/airflow/example_dags/example_inlet_event_extra.py for tasks to queue
[2025-06-21T23:00:52.881+0000] {logging_mixin.py:190} INFO - [2025-06-21T23:00:52.881+0000] {dagbag.py:588} INFO - Filling up the DagBag from /home/airflow/.local/lib/python3.12/site-packages/airflow/example_dags/example_inlet_event_extra.py
[2025-06-21T23:00:52.975+0000] {processor.py:925} INFO - DAG(s) 'read_dataset_event', 'read_dataset_event_from_classic' retrieved from /home/airflow/.local/lib/python3.12/site-packages/airflow/example_dags/example_inlet_event_extra.py
[2025-06-21T23:00:52.988+0000] {logging_mixin.py:190} INFO - [2025-06-21T23:00:52.988+0000] {dag.py:3239} INFO - Sync 2 DAGs
[2025-06-21T23:00:53.002+0000] {logging_mixin.py:190} INFO - [2025-06-21T23:00:53.002+0000] {dag.py:4180} INFO - Setting next_dagrun for read_dataset_event to 2025-06-20 00:00:00+00:00, run_after=2025-06-21 00:00:00+00:00
[2025-06-21T23:00:53.004+0000] {logging_mixin.py:190} INFO - [2025-06-21T23:00:53.004+0000] {dag.py:4180} INFO - Setting next_dagrun for read_dataset_event_from_classic to 2025-06-20 00:00:00+00:00, run_after=2025-06-21 00:00:00+00:00
[2025-06-21T23:00:53.011+0000] {processor.py:208} INFO - Processing /home/airflow/.local/lib/python3.12/site-packages/airflow/example_dags/example_inlet_event_extra.py took 0.141 seconds
[2025-06-21T23:01:23.938+0000] {processor.py:186} INFO - Started process (PID=6545) to work on /home/airflow/.local/lib/python3.12/site-packages/airflow/example_dags/example_inlet_event_extra.py
[2025-06-21T23:01:23.939+0000] {processor.py:914} INFO - Processing file /home/airflow/.local/lib/python3.12/site-packages/airflow/example_dags/example_inlet_event_extra.py for tasks to queue
[2025-06-21T23:01:23.941+0000] {logging_mixin.py:190} INFO - [2025-06-21T23:01:23.940+0000] {dagbag.py:588} INFO - Filling up the DagBag from /home/airflow/.local/lib/python3.12/site-packages/airflow/example_dags/example_inlet_event_extra.py
[2025-06-21T23:01:24.055+0000] {processor.py:925} INFO - DAG(s) 'read_dataset_event_from_classic', 'read_dataset_event' retrieved from /home/airflow/.local/lib/python3.12/site-packages/airflow/example_dags/example_inlet_event_extra.py
[2025-06-21T23:01:24.075+0000] {logging_mixin.py:190} INFO - [2025-06-21T23:01:24.075+0000] {dag.py:3239} INFO - Sync 2 DAGs
[2025-06-21T23:01:24.092+0000] {logging_mixin.py:190} INFO - [2025-06-21T23:01:24.092+0000] {dag.py:4180} INFO - Setting next_dagrun for read_dataset_event to 2025-06-20 00:00:00+00:00, run_after=2025-06-21 00:00:00+00:00
[2025-06-21T23:01:24.096+0000] {logging_mixin.py:190} INFO - [2025-06-21T23:01:24.096+0000] {dag.py:4180} INFO - Setting next_dagrun for read_dataset_event_from_classic to 2025-06-20 00:00:00+00:00, run_after=2025-06-21 00:00:00+00:00
[2025-06-21T23:01:24.103+0000] {processor.py:208} INFO - Processing /home/airflow/.local/lib/python3.12/site-packages/airflow/example_dags/example_inlet_event_extra.py took 0.171 seconds
[2025-06-21T23:01:55.045+0000] {processor.py:186} INFO - Started process (PID=6607) to work on /home/airflow/.local/lib/python3.12/site-packages/airflow/example_dags/example_inlet_event_extra.py
[2025-06-21T23:01:55.046+0000] {processor.py:914} INFO - Processing file /home/airflow/.local/lib/python3.12/site-packages/airflow/example_dags/example_inlet_event_extra.py for tasks to queue
[2025-06-21T23:01:55.048+0000] {logging_mixin.py:190} INFO - [2025-06-21T23:01:55.048+0000] {dagbag.py:588} INFO - Filling up the DagBag from /home/airflow/.local/lib/python3.12/site-packages/airflow/example_dags/example_inlet_event_extra.py
[2025-06-21T23:01:55.186+0000] {processor.py:925} INFO - DAG(s) 'read_dataset_event_from_classic', 'read_dataset_event' retrieved from /home/airflow/.local/lib/python3.12/site-packages/airflow/example_dags/example_inlet_event_extra.py
[2025-06-21T23:01:55.210+0000] {logging_mixin.py:190} INFO - [2025-06-21T23:01:55.210+0000] {dag.py:3239} INFO - Sync 2 DAGs
[2025-06-21T23:01:55.231+0000] {logging_mixin.py:190} INFO - [2025-06-21T23:01:55.231+0000] {dag.py:4180} INFO - Setting next_dagrun for read_dataset_event to 2025-06-20 00:00:00+00:00, run_after=2025-06-21 00:00:00+00:00
[2025-06-21T23:01:55.234+0000] {logging_mixin.py:190} INFO - [2025-06-21T23:01:55.234+0000] {dag.py:4180} INFO - Setting next_dagrun for read_dataset_event_from_classic to 2025-06-20 00:00:00+00:00, run_after=2025-06-21 00:00:00+00:00
[2025-06-21T23:01:55.245+0000] {processor.py:208} INFO - Processing /home/airflow/.local/lib/python3.12/site-packages/airflow/example_dags/example_inlet_event_extra.py took 0.205 seconds
[2025-06-21T23:02:25.482+0000] {processor.py:186} INFO - Started process (PID=6669) to work on /home/airflow/.local/lib/python3.12/site-packages/airflow/example_dags/example_inlet_event_extra.py
[2025-06-21T23:02:25.483+0000] {processor.py:914} INFO - Processing file /home/airflow/.local/lib/python3.12/site-packages/airflow/example_dags/example_inlet_event_extra.py for tasks to queue
[2025-06-21T23:02:25.485+0000] {logging_mixin.py:190} INFO - [2025-06-21T23:02:25.485+0000] {dagbag.py:588} INFO - Filling up the DagBag from /home/airflow/.local/lib/python3.12/site-packages/airflow/example_dags/example_inlet_event_extra.py
[2025-06-21T23:02:25.588+0000] {processor.py:925} INFO - DAG(s) 'read_dataset_event', 'read_dataset_event_from_classic' retrieved from /home/airflow/.local/lib/python3.12/site-packages/airflow/example_dags/example_inlet_event_extra.py
[2025-06-21T23:02:25.606+0000] {logging_mixin.py:190} INFO - [2025-06-21T23:02:25.605+0000] {dag.py:3239} INFO - Sync 2 DAGs
[2025-06-21T23:02:25.626+0000] {logging_mixin.py:190} INFO - [2025-06-21T23:02:25.626+0000] {dag.py:4180} INFO - Setting next_dagrun for read_dataset_event to 2025-06-20 00:00:00+00:00, run_after=2025-06-21 00:00:00+00:00
[2025-06-21T23:02:25.631+0000] {logging_mixin.py:190} INFO - [2025-06-21T23:02:25.631+0000] {dag.py:4180} INFO - Setting next_dagrun for read_dataset_event_from_classic to 2025-06-20 00:00:00+00:00, run_after=2025-06-21 00:00:00+00:00
[2025-06-21T23:02:25.641+0000] {processor.py:208} INFO - Processing /home/airflow/.local/lib/python3.12/site-packages/airflow/example_dags/example_inlet_event_extra.py took 0.168 seconds
[2025-06-21T23:02:56.489+0000] {processor.py:186} INFO - Started process (PID=6731) to work on /home/airflow/.local/lib/python3.12/site-packages/airflow/example_dags/example_inlet_event_extra.py
[2025-06-21T23:02:56.490+0000] {processor.py:914} INFO - Processing file /home/airflow/.local/lib/python3.12/site-packages/airflow/example_dags/example_inlet_event_extra.py for tasks to queue
[2025-06-21T23:02:56.492+0000] {logging_mixin.py:190} INFO - [2025-06-21T23:02:56.492+0000] {dagbag.py:588} INFO - Filling up the DagBag from /home/airflow/.local/lib/python3.12/site-packages/airflow/example_dags/example_inlet_event_extra.py
[2025-06-21T23:02:56.632+0000] {processor.py:925} INFO - DAG(s) 'read_dataset_event', 'read_dataset_event_from_classic' retrieved from /home/airflow/.local/lib/python3.12/site-packages/airflow/example_dags/example_inlet_event_extra.py
[2025-06-21T23:02:56.651+0000] {logging_mixin.py:190} INFO - [2025-06-21T23:02:56.651+0000] {dag.py:3239} INFO - Sync 2 DAGs
[2025-06-21T23:02:56.667+0000] {logging_mixin.py:190} INFO - [2025-06-21T23:02:56.667+0000] {dag.py:4180} INFO - Setting next_dagrun for read_dataset_event to 2025-06-20 00:00:00+00:00, run_after=2025-06-21 00:00:00+00:00
[2025-06-21T23:02:56.676+0000] {logging_mixin.py:190} INFO - [2025-06-21T23:02:56.676+0000] {dag.py:4180} INFO - Setting next_dagrun for read_dataset_event_from_classic to 2025-06-20 00:00:00+00:00, run_after=2025-06-21 00:00:00+00:00
[2025-06-21T23:02:56.686+0000] {processor.py:208} INFO - Processing /home/airflow/.local/lib/python3.12/site-packages/airflow/example_dags/example_inlet_event_extra.py took 0.202 seconds
[2025-06-21T23:03:27.502+0000] {processor.py:186} INFO - Started process (PID=6793) to work on /home/airflow/.local/lib/python3.12/site-packages/airflow/example_dags/example_inlet_event_extra.py
[2025-06-21T23:03:27.502+0000] {processor.py:914} INFO - Processing file /home/airflow/.local/lib/python3.12/site-packages/airflow/example_dags/example_inlet_event_extra.py for tasks to queue
[2025-06-21T23:03:27.504+0000] {logging_mixin.py:190} INFO - [2025-06-21T23:03:27.504+0000] {dagbag.py:588} INFO - Filling up the DagBag from /home/airflow/.local/lib/python3.12/site-packages/airflow/example_dags/example_inlet_event_extra.py
[2025-06-21T23:03:27.611+0000] {processor.py:925} INFO - DAG(s) 'read_dataset_event_from_classic', 'read_dataset_event' retrieved from /home/airflow/.local/lib/python3.12/site-packages/airflow/example_dags/example_inlet_event_extra.py
[2025-06-21T23:03:27.630+0000] {logging_mixin.py:190} INFO - [2025-06-21T23:03:27.630+0000] {dag.py:3239} INFO - Sync 2 DAGs
[2025-06-21T23:03:27.645+0000] {logging_mixin.py:190} INFO - [2025-06-21T23:03:27.645+0000] {dag.py:4180} INFO - Setting next_dagrun for read_dataset_event to 2025-06-20 00:00:00+00:00, run_after=2025-06-21 00:00:00+00:00
[2025-06-21T23:03:27.648+0000] {logging_mixin.py:190} INFO - [2025-06-21T23:03:27.648+0000] {dag.py:4180} INFO - Setting next_dagrun for read_dataset_event_from_classic to 2025-06-20 00:00:00+00:00, run_after=2025-06-21 00:00:00+00:00
[2025-06-21T23:03:27.660+0000] {processor.py:208} INFO - Processing /home/airflow/.local/lib/python3.12/site-packages/airflow/example_dags/example_inlet_event_extra.py took 0.162 seconds
[2025-06-21T23:03:58.347+0000] {processor.py:186} INFO - Started process (PID=6855) to work on /home/airflow/.local/lib/python3.12/site-packages/airflow/example_dags/example_inlet_event_extra.py
[2025-06-21T23:03:58.349+0000] {processor.py:914} INFO - Processing file /home/airflow/.local/lib/python3.12/site-packages/airflow/example_dags/example_inlet_event_extra.py for tasks to queue
[2025-06-21T23:03:58.353+0000] {logging_mixin.py:190} INFO - [2025-06-21T23:03:58.352+0000] {dagbag.py:588} INFO - Filling up the DagBag from /home/airflow/.local/lib/python3.12/site-packages/airflow/example_dags/example_inlet_event_extra.py
[2025-06-21T23:03:58.441+0000] {processor.py:925} INFO - DAG(s) 'read_dataset_event_from_classic', 'read_dataset_event' retrieved from /home/airflow/.local/lib/python3.12/site-packages/airflow/example_dags/example_inlet_event_extra.py
[2025-06-21T23:03:58.468+0000] {logging_mixin.py:190} INFO - [2025-06-21T23:03:58.468+0000] {dag.py:3239} INFO - Sync 2 DAGs
[2025-06-21T23:03:58.487+0000] {logging_mixin.py:190} INFO - [2025-06-21T23:03:58.487+0000] {dag.py:4180} INFO - Setting next_dagrun for read_dataset_event to 2025-06-20 00:00:00+00:00, run_after=2025-06-21 00:00:00+00:00
[2025-06-21T23:03:58.490+0000] {logging_mixin.py:190} INFO - [2025-06-21T23:03:58.490+0000] {dag.py:4180} INFO - Setting next_dagrun for read_dataset_event_from_classic to 2025-06-20 00:00:00+00:00, run_after=2025-06-21 00:00:00+00:00
[2025-06-21T23:03:58.502+0000] {processor.py:208} INFO - Processing /home/airflow/.local/lib/python3.12/site-packages/airflow/example_dags/example_inlet_event_extra.py took 0.159 seconds
[2025-06-21T23:04:29.536+0000] {processor.py:186} INFO - Started process (PID=6917) to work on /home/airflow/.local/lib/python3.12/site-packages/airflow/example_dags/example_inlet_event_extra.py
[2025-06-21T23:04:29.537+0000] {processor.py:914} INFO - Processing file /home/airflow/.local/lib/python3.12/site-packages/airflow/example_dags/example_inlet_event_extra.py for tasks to queue
[2025-06-21T23:04:29.539+0000] {logging_mixin.py:190} INFO - [2025-06-21T23:04:29.539+0000] {dagbag.py:588} INFO - Filling up the DagBag from /home/airflow/.local/lib/python3.12/site-packages/airflow/example_dags/example_inlet_event_extra.py
[2025-06-21T23:04:29.676+0000] {processor.py:925} INFO - DAG(s) 'read_dataset_event', 'read_dataset_event_from_classic' retrieved from /home/airflow/.local/lib/python3.12/site-packages/airflow/example_dags/example_inlet_event_extra.py
[2025-06-21T23:04:29.709+0000] {logging_mixin.py:190} INFO - [2025-06-21T23:04:29.708+0000] {dag.py:3239} INFO - Sync 2 DAGs
[2025-06-21T23:04:29.725+0000] {logging_mixin.py:190} INFO - [2025-06-21T23:04:29.725+0000] {dag.py:4180} INFO - Setting next_dagrun for read_dataset_event to 2025-06-20 00:00:00+00:00, run_after=2025-06-21 00:00:00+00:00
[2025-06-21T23:04:29.727+0000] {logging_mixin.py:190} INFO - [2025-06-21T23:04:29.727+0000] {dag.py:4180} INFO - Setting next_dagrun for read_dataset_event_from_classic to 2025-06-20 00:00:00+00:00, run_after=2025-06-21 00:00:00+00:00
[2025-06-21T23:04:29.739+0000] {processor.py:208} INFO - Processing /home/airflow/.local/lib/python3.12/site-packages/airflow/example_dags/example_inlet_event_extra.py took 0.213 seconds
[2025-06-21T23:05:00.741+0000] {processor.py:186} INFO - Started process (PID=6979) to work on /home/airflow/.local/lib/python3.12/site-packages/airflow/example_dags/example_inlet_event_extra.py
[2025-06-21T23:05:00.742+0000] {processor.py:914} INFO - Processing file /home/airflow/.local/lib/python3.12/site-packages/airflow/example_dags/example_inlet_event_extra.py for tasks to queue
[2025-06-21T23:05:00.744+0000] {logging_mixin.py:190} INFO - [2025-06-21T23:05:00.744+0000] {dagbag.py:588} INFO - Filling up the DagBag from /home/airflow/.local/lib/python3.12/site-packages/airflow/example_dags/example_inlet_event_extra.py
[2025-06-21T23:05:00.823+0000] {processor.py:925} INFO - DAG(s) 'read_dataset_event', 'read_dataset_event_from_classic' retrieved from /home/airflow/.local/lib/python3.12/site-packages/airflow/example_dags/example_inlet_event_extra.py
[2025-06-21T23:05:00.837+0000] {logging_mixin.py:190} INFO - [2025-06-21T23:05:00.837+0000] {dag.py:3239} INFO - Sync 2 DAGs
[2025-06-21T23:05:00.851+0000] {logging_mixin.py:190} INFO - [2025-06-21T23:05:00.850+0000] {dag.py:4180} INFO - Setting next_dagrun for read_dataset_event to 2025-06-20 00:00:00+00:00, run_after=2025-06-21 00:00:00+00:00
[2025-06-21T23:05:00.855+0000] {logging_mixin.py:190} INFO - [2025-06-21T23:05:00.854+0000] {dag.py:4180} INFO - Setting next_dagrun for read_dataset_event_from_classic to 2025-06-20 00:00:00+00:00, run_after=2025-06-21 00:00:00+00:00
[2025-06-21T23:05:00.867+0000] {processor.py:208} INFO - Processing /home/airflow/.local/lib/python3.12/site-packages/airflow/example_dags/example_inlet_event_extra.py took 0.129 seconds
[2025-06-21T23:05:31.481+0000] {processor.py:186} INFO - Started process (PID=7041) to work on /home/airflow/.local/lib/python3.12/site-packages/airflow/example_dags/example_inlet_event_extra.py
[2025-06-21T23:05:31.482+0000] {processor.py:914} INFO - Processing file /home/airflow/.local/lib/python3.12/site-packages/airflow/example_dags/example_inlet_event_extra.py for tasks to queue
[2025-06-21T23:05:31.483+0000] {logging_mixin.py:190} INFO - [2025-06-21T23:05:31.483+0000] {dagbag.py:588} INFO - Filling up the DagBag from /home/airflow/.local/lib/python3.12/site-packages/airflow/example_dags/example_inlet_event_extra.py
[2025-06-21T23:05:31.580+0000] {processor.py:925} INFO - DAG(s) 'read_dataset_event', 'read_dataset_event_from_classic' retrieved from /home/airflow/.local/lib/python3.12/site-packages/airflow/example_dags/example_inlet_event_extra.py
[2025-06-21T23:05:31.593+0000] {logging_mixin.py:190} INFO - [2025-06-21T23:05:31.593+0000] {dag.py:3239} INFO - Sync 2 DAGs
[2025-06-21T23:05:31.608+0000] {logging_mixin.py:190} INFO - [2025-06-21T23:05:31.608+0000] {dag.py:4180} INFO - Setting next_dagrun for read_dataset_event to 2025-06-20 00:00:00+00:00, run_after=2025-06-21 00:00:00+00:00
[2025-06-21T23:05:31.613+0000] {logging_mixin.py:190} INFO - [2025-06-21T23:05:31.613+0000] {dag.py:4180} INFO - Setting next_dagrun for read_dataset_event_from_classic to 2025-06-20 00:00:00+00:00, run_after=2025-06-21 00:00:00+00:00
[2025-06-21T23:05:31.624+0000] {processor.py:208} INFO - Processing /home/airflow/.local/lib/python3.12/site-packages/airflow/example_dags/example_inlet_event_extra.py took 0.147 seconds
[2025-06-21T23:06:01.848+0000] {processor.py:186} INFO - Started process (PID=7103) to work on /home/airflow/.local/lib/python3.12/site-packages/airflow/example_dags/example_inlet_event_extra.py
[2025-06-21T23:06:01.848+0000] {processor.py:914} INFO - Processing file /home/airflow/.local/lib/python3.12/site-packages/airflow/example_dags/example_inlet_event_extra.py for tasks to queue
[2025-06-21T23:06:01.850+0000] {logging_mixin.py:190} INFO - [2025-06-21T23:06:01.850+0000] {dagbag.py:588} INFO - Filling up the DagBag from /home/airflow/.local/lib/python3.12/site-packages/airflow/example_dags/example_inlet_event_extra.py
[2025-06-21T23:06:01.935+0000] {processor.py:925} INFO - DAG(s) 'read_dataset_event', 'read_dataset_event_from_classic' retrieved from /home/airflow/.local/lib/python3.12/site-packages/airflow/example_dags/example_inlet_event_extra.py
[2025-06-21T23:06:01.956+0000] {logging_mixin.py:190} INFO - [2025-06-21T23:06:01.956+0000] {dag.py:3239} INFO - Sync 2 DAGs
[2025-06-21T23:06:01.972+0000] {logging_mixin.py:190} INFO - [2025-06-21T23:06:01.972+0000] {dag.py:4180} INFO - Setting next_dagrun for read_dataset_event to 2025-06-20 00:00:00+00:00, run_after=2025-06-21 00:00:00+00:00
[2025-06-21T23:06:01.977+0000] {logging_mixin.py:190} INFO - [2025-06-21T23:06:01.977+0000] {dag.py:4180} INFO - Setting next_dagrun for read_dataset_event_from_classic to 2025-06-20 00:00:00+00:00, run_after=2025-06-21 00:00:00+00:00
[2025-06-21T23:06:01.985+0000] {processor.py:208} INFO - Processing /home/airflow/.local/lib/python3.12/site-packages/airflow/example_dags/example_inlet_event_extra.py took 0.140 seconds
[2025-06-21T23:06:32.930+0000] {processor.py:186} INFO - Started process (PID=7165) to work on /home/airflow/.local/lib/python3.12/site-packages/airflow/example_dags/example_inlet_event_extra.py
[2025-06-21T23:06:32.931+0000] {processor.py:914} INFO - Processing file /home/airflow/.local/lib/python3.12/site-packages/airflow/example_dags/example_inlet_event_extra.py for tasks to queue
[2025-06-21T23:06:32.933+0000] {logging_mixin.py:190} INFO - [2025-06-21T23:06:32.933+0000] {dagbag.py:588} INFO - Filling up the DagBag from /home/airflow/.local/lib/python3.12/site-packages/airflow/example_dags/example_inlet_event_extra.py
[2025-06-21T23:06:33.009+0000] {processor.py:925} INFO - DAG(s) 'read_dataset_event', 'read_dataset_event_from_classic' retrieved from /home/airflow/.local/lib/python3.12/site-packages/airflow/example_dags/example_inlet_event_extra.py
[2025-06-21T23:06:33.023+0000] {logging_mixin.py:190} INFO - [2025-06-21T23:06:33.023+0000] {dag.py:3239} INFO - Sync 2 DAGs
[2025-06-21T23:06:33.037+0000] {logging_mixin.py:190} INFO - [2025-06-21T23:06:33.037+0000] {dag.py:4180} INFO - Setting next_dagrun for read_dataset_event to 2025-06-20 00:00:00+00:00, run_after=2025-06-21 00:00:00+00:00
[2025-06-21T23:06:33.042+0000] {logging_mixin.py:190} INFO - [2025-06-21T23:06:33.042+0000] {dag.py:4180} INFO - Setting next_dagrun for read_dataset_event_from_classic to 2025-06-20 00:00:00+00:00, run_after=2025-06-21 00:00:00+00:00
[2025-06-21T23:06:33.050+0000] {processor.py:208} INFO - Processing /home/airflow/.local/lib/python3.12/site-packages/airflow/example_dags/example_inlet_event_extra.py took 0.124 seconds
[2025-06-21T23:07:03.868+0000] {processor.py:186} INFO - Started process (PID=7233) to work on /home/airflow/.local/lib/python3.12/site-packages/airflow/example_dags/example_inlet_event_extra.py
[2025-06-21T23:07:03.869+0000] {processor.py:914} INFO - Processing file /home/airflow/.local/lib/python3.12/site-packages/airflow/example_dags/example_inlet_event_extra.py for tasks to queue
[2025-06-21T23:07:03.872+0000] {logging_mixin.py:190} INFO - [2025-06-21T23:07:03.872+0000] {dagbag.py:588} INFO - Filling up the DagBag from /home/airflow/.local/lib/python3.12/site-packages/airflow/example_dags/example_inlet_event_extra.py
[2025-06-21T23:07:03.958+0000] {processor.py:925} INFO - DAG(s) 'read_dataset_event_from_classic', 'read_dataset_event' retrieved from /home/airflow/.local/lib/python3.12/site-packages/airflow/example_dags/example_inlet_event_extra.py
[2025-06-21T23:07:03.973+0000] {logging_mixin.py:190} INFO - [2025-06-21T23:07:03.972+0000] {dag.py:3239} INFO - Sync 2 DAGs
[2025-06-21T23:07:03.988+0000] {logging_mixin.py:190} INFO - [2025-06-21T23:07:03.988+0000] {dag.py:4180} INFO - Setting next_dagrun for read_dataset_event to 2025-06-20 00:00:00+00:00, run_after=2025-06-21 00:00:00+00:00
[2025-06-21T23:07:03.991+0000] {logging_mixin.py:190} INFO - [2025-06-21T23:07:03.991+0000] {dag.py:4180} INFO - Setting next_dagrun for read_dataset_event_from_classic to 2025-06-20 00:00:00+00:00, run_after=2025-06-21 00:00:00+00:00
[2025-06-21T23:07:03.999+0000] {processor.py:208} INFO - Processing /home/airflow/.local/lib/python3.12/site-packages/airflow/example_dags/example_inlet_event_extra.py took 0.136 seconds
[2025-06-21T23:07:34.703+0000] {processor.py:186} INFO - Started process (PID=7295) to work on /home/airflow/.local/lib/python3.12/site-packages/airflow/example_dags/example_inlet_event_extra.py
[2025-06-21T23:07:34.705+0000] {processor.py:914} INFO - Processing file /home/airflow/.local/lib/python3.12/site-packages/airflow/example_dags/example_inlet_event_extra.py for tasks to queue
[2025-06-21T23:07:34.707+0000] {logging_mixin.py:190} INFO - [2025-06-21T23:07:34.707+0000] {dagbag.py:588} INFO - Filling up the DagBag from /home/airflow/.local/lib/python3.12/site-packages/airflow/example_dags/example_inlet_event_extra.py
[2025-06-21T23:07:34.806+0000] {processor.py:925} INFO - DAG(s) 'read_dataset_event', 'read_dataset_event_from_classic' retrieved from /home/airflow/.local/lib/python3.12/site-packages/airflow/example_dags/example_inlet_event_extra.py
[2025-06-21T23:07:34.822+0000] {logging_mixin.py:190} INFO - [2025-06-21T23:07:34.822+0000] {dag.py:3239} INFO - Sync 2 DAGs
[2025-06-21T23:07:34.838+0000] {logging_mixin.py:190} INFO - [2025-06-21T23:07:34.838+0000] {dag.py:4180} INFO - Setting next_dagrun for read_dataset_event to 2025-06-20 00:00:00+00:00, run_after=2025-06-21 00:00:00+00:00
[2025-06-21T23:07:34.841+0000] {logging_mixin.py:190} INFO - [2025-06-21T23:07:34.841+0000] {dag.py:4180} INFO - Setting next_dagrun for read_dataset_event_from_classic to 2025-06-20 00:00:00+00:00, run_after=2025-06-21 00:00:00+00:00
[2025-06-21T23:07:34.852+0000] {processor.py:208} INFO - Processing /home/airflow/.local/lib/python3.12/site-packages/airflow/example_dags/example_inlet_event_extra.py took 0.153 seconds
[2025-06-21T23:08:05.717+0000] {processor.py:186} INFO - Started process (PID=7357) to work on /home/airflow/.local/lib/python3.12/site-packages/airflow/example_dags/example_inlet_event_extra.py
[2025-06-21T23:08:05.719+0000] {processor.py:914} INFO - Processing file /home/airflow/.local/lib/python3.12/site-packages/airflow/example_dags/example_inlet_event_extra.py for tasks to queue
[2025-06-21T23:08:05.720+0000] {logging_mixin.py:190} INFO - [2025-06-21T23:08:05.720+0000] {dagbag.py:588} INFO - Filling up the DagBag from /home/airflow/.local/lib/python3.12/site-packages/airflow/example_dags/example_inlet_event_extra.py
[2025-06-21T23:08:05.819+0000] {processor.py:925} INFO - DAG(s) 'read_dataset_event', 'read_dataset_event_from_classic' retrieved from /home/airflow/.local/lib/python3.12/site-packages/airflow/example_dags/example_inlet_event_extra.py
[2025-06-21T23:08:05.832+0000] {logging_mixin.py:190} INFO - [2025-06-21T23:08:05.832+0000] {dag.py:3239} INFO - Sync 2 DAGs
[2025-06-21T23:08:05.843+0000] {logging_mixin.py:190} INFO - [2025-06-21T23:08:05.843+0000] {dag.py:4180} INFO - Setting next_dagrun for read_dataset_event to 2025-06-20 00:00:00+00:00, run_after=2025-06-21 00:00:00+00:00
[2025-06-21T23:08:05.845+0000] {logging_mixin.py:190} INFO - [2025-06-21T23:08:05.845+0000] {dag.py:4180} INFO - Setting next_dagrun for read_dataset_event_from_classic to 2025-06-20 00:00:00+00:00, run_after=2025-06-21 00:00:00+00:00
[2025-06-21T23:08:05.854+0000] {processor.py:208} INFO - Processing /home/airflow/.local/lib/python3.12/site-packages/airflow/example_dags/example_inlet_event_extra.py took 0.140 seconds
[2025-06-21T23:08:36.553+0000] {processor.py:186} INFO - Started process (PID=7419) to work on /home/airflow/.local/lib/python3.12/site-packages/airflow/example_dags/example_inlet_event_extra.py
[2025-06-21T23:08:36.554+0000] {processor.py:914} INFO - Processing file /home/airflow/.local/lib/python3.12/site-packages/airflow/example_dags/example_inlet_event_extra.py for tasks to queue
[2025-06-21T23:08:36.557+0000] {logging_mixin.py:190} INFO - [2025-06-21T23:08:36.556+0000] {dagbag.py:588} INFO - Filling up the DagBag from /home/airflow/.local/lib/python3.12/site-packages/airflow/example_dags/example_inlet_event_extra.py
[2025-06-21T23:08:36.635+0000] {processor.py:925} INFO - DAG(s) 'read_dataset_event', 'read_dataset_event_from_classic' retrieved from /home/airflow/.local/lib/python3.12/site-packages/airflow/example_dags/example_inlet_event_extra.py
[2025-06-21T23:08:36.648+0000] {logging_mixin.py:190} INFO - [2025-06-21T23:08:36.647+0000] {dag.py:3239} INFO - Sync 2 DAGs
[2025-06-21T23:08:36.660+0000] {logging_mixin.py:190} INFO - [2025-06-21T23:08:36.660+0000] {dag.py:4180} INFO - Setting next_dagrun for read_dataset_event to 2025-06-20 00:00:00+00:00, run_after=2025-06-21 00:00:00+00:00
[2025-06-21T23:08:36.662+0000] {logging_mixin.py:190} INFO - [2025-06-21T23:08:36.662+0000] {dag.py:4180} INFO - Setting next_dagrun for read_dataset_event_from_classic to 2025-06-20 00:00:00+00:00, run_after=2025-06-21 00:00:00+00:00
[2025-06-21T23:08:36.671+0000] {processor.py:208} INFO - Processing /home/airflow/.local/lib/python3.12/site-packages/airflow/example_dags/example_inlet_event_extra.py took 0.122 seconds
[2025-06-21T23:09:07.340+0000] {processor.py:186} INFO - Started process (PID=7481) to work on /home/airflow/.local/lib/python3.12/site-packages/airflow/example_dags/example_inlet_event_extra.py
[2025-06-21T23:09:07.341+0000] {processor.py:914} INFO - Processing file /home/airflow/.local/lib/python3.12/site-packages/airflow/example_dags/example_inlet_event_extra.py for tasks to queue
[2025-06-21T23:09:07.342+0000] {logging_mixin.py:190} INFO - [2025-06-21T23:09:07.342+0000] {dagbag.py:588} INFO - Filling up the DagBag from /home/airflow/.local/lib/python3.12/site-packages/airflow/example_dags/example_inlet_event_extra.py
[2025-06-21T23:09:07.420+0000] {processor.py:925} INFO - DAG(s) 'read_dataset_event_from_classic', 'read_dataset_event' retrieved from /home/airflow/.local/lib/python3.12/site-packages/airflow/example_dags/example_inlet_event_extra.py
[2025-06-21T23:09:07.433+0000] {logging_mixin.py:190} INFO - [2025-06-21T23:09:07.433+0000] {dag.py:3239} INFO - Sync 2 DAGs
[2025-06-21T23:09:07.444+0000] {logging_mixin.py:190} INFO - [2025-06-21T23:09:07.444+0000] {dag.py:4180} INFO - Setting next_dagrun for read_dataset_event to 2025-06-20 00:00:00+00:00, run_after=2025-06-21 00:00:00+00:00
[2025-06-21T23:09:07.447+0000] {logging_mixin.py:190} INFO - [2025-06-21T23:09:07.447+0000] {dag.py:4180} INFO - Setting next_dagrun for read_dataset_event_from_classic to 2025-06-20 00:00:00+00:00, run_after=2025-06-21 00:00:00+00:00
[2025-06-21T23:09:07.457+0000] {processor.py:208} INFO - Processing /home/airflow/.local/lib/python3.12/site-packages/airflow/example_dags/example_inlet_event_extra.py took 0.120 seconds
[2025-06-21T23:09:38.692+0000] {processor.py:186} INFO - Started process (PID=7543) to work on /home/airflow/.local/lib/python3.12/site-packages/airflow/example_dags/example_inlet_event_extra.py
[2025-06-21T23:09:38.696+0000] {processor.py:914} INFO - Processing file /home/airflow/.local/lib/python3.12/site-packages/airflow/example_dags/example_inlet_event_extra.py for tasks to queue
[2025-06-21T23:09:38.698+0000] {logging_mixin.py:190} INFO - [2025-06-21T23:09:38.698+0000] {dagbag.py:588} INFO - Filling up the DagBag from /home/airflow/.local/lib/python3.12/site-packages/airflow/example_dags/example_inlet_event_extra.py
[2025-06-21T23:09:38.966+0000] {processor.py:925} INFO - DAG(s) 'read_dataset_event', 'read_dataset_event_from_classic' retrieved from /home/airflow/.local/lib/python3.12/site-packages/airflow/example_dags/example_inlet_event_extra.py
[2025-06-21T23:09:38.998+0000] {logging_mixin.py:190} INFO - [2025-06-21T23:09:38.998+0000] {dag.py:3239} INFO - Sync 2 DAGs
[2025-06-21T23:09:39.037+0000] {logging_mixin.py:190} INFO - [2025-06-21T23:09:39.036+0000] {dag.py:4180} INFO - Setting next_dagrun for read_dataset_event to 2025-06-20 00:00:00+00:00, run_after=2025-06-21 00:00:00+00:00
[2025-06-21T23:09:39.042+0000] {logging_mixin.py:190} INFO - [2025-06-21T23:09:39.042+0000] {dag.py:4180} INFO - Setting next_dagrun for read_dataset_event_from_classic to 2025-06-20 00:00:00+00:00, run_after=2025-06-21 00:00:00+00:00
[2025-06-21T23:09:39.060+0000] {processor.py:208} INFO - Processing /home/airflow/.local/lib/python3.12/site-packages/airflow/example_dags/example_inlet_event_extra.py took 0.375 seconds
[2025-06-21T23:10:09.304+0000] {processor.py:186} INFO - Started process (PID=7605) to work on /home/airflow/.local/lib/python3.12/site-packages/airflow/example_dags/example_inlet_event_extra.py
[2025-06-21T23:10:09.305+0000] {processor.py:914} INFO - Processing file /home/airflow/.local/lib/python3.12/site-packages/airflow/example_dags/example_inlet_event_extra.py for tasks to queue
[2025-06-21T23:10:09.307+0000] {logging_mixin.py:190} INFO - [2025-06-21T23:10:09.307+0000] {dagbag.py:588} INFO - Filling up the DagBag from /home/airflow/.local/lib/python3.12/site-packages/airflow/example_dags/example_inlet_event_extra.py
[2025-06-21T23:10:09.392+0000] {processor.py:925} INFO - DAG(s) 'read_dataset_event_from_classic', 'read_dataset_event' retrieved from /home/airflow/.local/lib/python3.12/site-packages/airflow/example_dags/example_inlet_event_extra.py
[2025-06-21T23:10:09.410+0000] {logging_mixin.py:190} INFO - [2025-06-21T23:10:09.409+0000] {dag.py:3239} INFO - Sync 2 DAGs
[2025-06-21T23:10:09.423+0000] {logging_mixin.py:190} INFO - [2025-06-21T23:10:09.423+0000] {dag.py:4180} INFO - Setting next_dagrun for read_dataset_event to 2025-06-20 00:00:00+00:00, run_after=2025-06-21 00:00:00+00:00
[2025-06-21T23:10:09.427+0000] {logging_mixin.py:190} INFO - [2025-06-21T23:10:09.427+0000] {dag.py:4180} INFO - Setting next_dagrun for read_dataset_event_from_classic to 2025-06-20 00:00:00+00:00, run_after=2025-06-21 00:00:00+00:00
[2025-06-21T23:10:09.438+0000] {processor.py:208} INFO - Processing /home/airflow/.local/lib/python3.12/site-packages/airflow/example_dags/example_inlet_event_extra.py took 0.138 seconds
[2025-06-21T23:10:39.962+0000] {processor.py:186} INFO - Started process (PID=7667) to work on /home/airflow/.local/lib/python3.12/site-packages/airflow/example_dags/example_inlet_event_extra.py
[2025-06-21T23:10:39.963+0000] {processor.py:914} INFO - Processing file /home/airflow/.local/lib/python3.12/site-packages/airflow/example_dags/example_inlet_event_extra.py for tasks to queue
[2025-06-21T23:10:39.972+0000] {logging_mixin.py:190} INFO - [2025-06-21T23:10:39.972+0000] {dagbag.py:588} INFO - Filling up the DagBag from /home/airflow/.local/lib/python3.12/site-packages/airflow/example_dags/example_inlet_event_extra.py
[2025-06-21T23:10:40.047+0000] {processor.py:925} INFO - DAG(s) 'read_dataset_event_from_classic', 'read_dataset_event' retrieved from /home/airflow/.local/lib/python3.12/site-packages/airflow/example_dags/example_inlet_event_extra.py
[2025-06-21T23:10:40.062+0000] {logging_mixin.py:190} INFO - [2025-06-21T23:10:40.062+0000] {dag.py:3239} INFO - Sync 2 DAGs
[2025-06-21T23:10:40.080+0000] {logging_mixin.py:190} INFO - [2025-06-21T23:10:40.080+0000] {dag.py:4180} INFO - Setting next_dagrun for read_dataset_event to 2025-06-20 00:00:00+00:00, run_after=2025-06-21 00:00:00+00:00
[2025-06-21T23:10:40.086+0000] {logging_mixin.py:190} INFO - [2025-06-21T23:10:40.086+0000] {dag.py:4180} INFO - Setting next_dagrun for read_dataset_event_from_classic to 2025-06-20 00:00:00+00:00, run_after=2025-06-21 00:00:00+00:00
[2025-06-21T23:10:40.095+0000] {processor.py:208} INFO - Processing /home/airflow/.local/lib/python3.12/site-packages/airflow/example_dags/example_inlet_event_extra.py took 0.138 seconds
[2025-06-21T23:11:10.737+0000] {processor.py:186} INFO - Started process (PID=7729) to work on /home/airflow/.local/lib/python3.12/site-packages/airflow/example_dags/example_inlet_event_extra.py
[2025-06-21T23:11:10.741+0000] {processor.py:914} INFO - Processing file /home/airflow/.local/lib/python3.12/site-packages/airflow/example_dags/example_inlet_event_extra.py for tasks to queue
[2025-06-21T23:11:10.742+0000] {logging_mixin.py:190} INFO - [2025-06-21T23:11:10.742+0000] {dagbag.py:588} INFO - Filling up the DagBag from /home/airflow/.local/lib/python3.12/site-packages/airflow/example_dags/example_inlet_event_extra.py
[2025-06-21T23:11:10.819+0000] {processor.py:925} INFO - DAG(s) 'read_dataset_event', 'read_dataset_event_from_classic' retrieved from /home/airflow/.local/lib/python3.12/site-packages/airflow/example_dags/example_inlet_event_extra.py
[2025-06-21T23:11:10.834+0000] {logging_mixin.py:190} INFO - [2025-06-21T23:11:10.834+0000] {dag.py:3239} INFO - Sync 2 DAGs
[2025-06-21T23:11:10.848+0000] {logging_mixin.py:190} INFO - [2025-06-21T23:11:10.848+0000] {dag.py:4180} INFO - Setting next_dagrun for read_dataset_event to 2025-06-20 00:00:00+00:00, run_after=2025-06-21 00:00:00+00:00
[2025-06-21T23:11:10.855+0000] {logging_mixin.py:190} INFO - [2025-06-21T23:11:10.855+0000] {dag.py:4180} INFO - Setting next_dagrun for read_dataset_event_from_classic to 2025-06-20 00:00:00+00:00, run_after=2025-06-21 00:00:00+00:00
[2025-06-21T23:11:10.863+0000] {processor.py:208} INFO - Processing /home/airflow/.local/lib/python3.12/site-packages/airflow/example_dags/example_inlet_event_extra.py took 0.129 seconds
[2025-06-21T23:11:41.867+0000] {processor.py:186} INFO - Started process (PID=7791) to work on /home/airflow/.local/lib/python3.12/site-packages/airflow/example_dags/example_inlet_event_extra.py
[2025-06-21T23:11:41.868+0000] {processor.py:914} INFO - Processing file /home/airflow/.local/lib/python3.12/site-packages/airflow/example_dags/example_inlet_event_extra.py for tasks to queue
[2025-06-21T23:11:41.870+0000] {logging_mixin.py:190} INFO - [2025-06-21T23:11:41.870+0000] {dagbag.py:588} INFO - Filling up the DagBag from /home/airflow/.local/lib/python3.12/site-packages/airflow/example_dags/example_inlet_event_extra.py
[2025-06-21T23:11:41.992+0000] {processor.py:925} INFO - DAG(s) 'read_dataset_event', 'read_dataset_event_from_classic' retrieved from /home/airflow/.local/lib/python3.12/site-packages/airflow/example_dags/example_inlet_event_extra.py
[2025-06-21T23:11:42.010+0000] {logging_mixin.py:190} INFO - [2025-06-21T23:11:42.010+0000] {dag.py:3239} INFO - Sync 2 DAGs
[2025-06-21T23:11:42.027+0000] {logging_mixin.py:190} INFO - [2025-06-21T23:11:42.027+0000] {dag.py:4180} INFO - Setting next_dagrun for read_dataset_event to 2025-06-20 00:00:00+00:00, run_after=2025-06-21 00:00:00+00:00
[2025-06-21T23:11:42.031+0000] {logging_mixin.py:190} INFO - [2025-06-21T23:11:42.031+0000] {dag.py:4180} INFO - Setting next_dagrun for read_dataset_event_from_classic to 2025-06-20 00:00:00+00:00, run_after=2025-06-21 00:00:00+00:00
[2025-06-21T23:11:42.180+0000] {processor.py:208} INFO - Processing /home/airflow/.local/lib/python3.12/site-packages/airflow/example_dags/example_inlet_event_extra.py took 0.317 seconds
[2025-06-21T23:12:13.050+0000] {processor.py:186} INFO - Started process (PID=7852) to work on /home/airflow/.local/lib/python3.12/site-packages/airflow/example_dags/example_inlet_event_extra.py
[2025-06-21T23:12:13.051+0000] {processor.py:914} INFO - Processing file /home/airflow/.local/lib/python3.12/site-packages/airflow/example_dags/example_inlet_event_extra.py for tasks to queue
[2025-06-21T23:12:13.054+0000] {logging_mixin.py:190} INFO - [2025-06-21T23:12:13.054+0000] {dagbag.py:588} INFO - Filling up the DagBag from /home/airflow/.local/lib/python3.12/site-packages/airflow/example_dags/example_inlet_event_extra.py
[2025-06-21T23:12:13.159+0000] {processor.py:925} INFO - DAG(s) 'read_dataset_event_from_classic', 'read_dataset_event' retrieved from /home/airflow/.local/lib/python3.12/site-packages/airflow/example_dags/example_inlet_event_extra.py
[2025-06-21T23:12:13.185+0000] {logging_mixin.py:190} INFO - [2025-06-21T23:12:13.184+0000] {dag.py:3239} INFO - Sync 2 DAGs
[2025-06-21T23:12:13.206+0000] {logging_mixin.py:190} INFO - [2025-06-21T23:12:13.206+0000] {dag.py:4180} INFO - Setting next_dagrun for read_dataset_event to 2025-06-20 00:00:00+00:00, run_after=2025-06-21 00:00:00+00:00
[2025-06-21T23:12:13.211+0000] {logging_mixin.py:190} INFO - [2025-06-21T23:12:13.211+0000] {dag.py:4180} INFO - Setting next_dagrun for read_dataset_event_from_classic to 2025-06-20 00:00:00+00:00, run_after=2025-06-21 00:00:00+00:00
[2025-06-21T23:12:13.225+0000] {processor.py:208} INFO - Processing /home/airflow/.local/lib/python3.12/site-packages/airflow/example_dags/example_inlet_event_extra.py took 0.178 seconds
[2025-06-21T23:12:43.771+0000] {processor.py:186} INFO - Started process (PID=7914) to work on /home/airflow/.local/lib/python3.12/site-packages/airflow/example_dags/example_inlet_event_extra.py
[2025-06-21T23:12:43.772+0000] {processor.py:914} INFO - Processing file /home/airflow/.local/lib/python3.12/site-packages/airflow/example_dags/example_inlet_event_extra.py for tasks to queue
[2025-06-21T23:12:43.776+0000] {logging_mixin.py:190} INFO - [2025-06-21T23:12:43.775+0000] {dagbag.py:588} INFO - Filling up the DagBag from /home/airflow/.local/lib/python3.12/site-packages/airflow/example_dags/example_inlet_event_extra.py
[2025-06-21T23:12:43.888+0000] {processor.py:925} INFO - DAG(s) 'read_dataset_event_from_classic', 'read_dataset_event' retrieved from /home/airflow/.local/lib/python3.12/site-packages/airflow/example_dags/example_inlet_event_extra.py
[2025-06-21T23:12:43.909+0000] {logging_mixin.py:190} INFO - [2025-06-21T23:12:43.909+0000] {dag.py:3239} INFO - Sync 2 DAGs
[2025-06-21T23:12:43.924+0000] {logging_mixin.py:190} INFO - [2025-06-21T23:12:43.924+0000] {dag.py:4180} INFO - Setting next_dagrun for read_dataset_event to 2025-06-20 00:00:00+00:00, run_after=2025-06-21 00:00:00+00:00
[2025-06-21T23:12:43.928+0000] {logging_mixin.py:190} INFO - [2025-06-21T23:12:43.928+0000] {dag.py:4180} INFO - Setting next_dagrun for read_dataset_event_from_classic to 2025-06-20 00:00:00+00:00, run_after=2025-06-21 00:00:00+00:00
[2025-06-21T23:12:43.940+0000] {processor.py:208} INFO - Processing /home/airflow/.local/lib/python3.12/site-packages/airflow/example_dags/example_inlet_event_extra.py took 0.174 seconds
[2025-06-21T23:13:14.393+0000] {processor.py:186} INFO - Started process (PID=7975) to work on /home/airflow/.local/lib/python3.12/site-packages/airflow/example_dags/example_inlet_event_extra.py
[2025-06-21T23:13:14.394+0000] {processor.py:914} INFO - Processing file /home/airflow/.local/lib/python3.12/site-packages/airflow/example_dags/example_inlet_event_extra.py for tasks to queue
[2025-06-21T23:13:14.395+0000] {logging_mixin.py:190} INFO - [2025-06-21T23:13:14.395+0000] {dagbag.py:588} INFO - Filling up the DagBag from /home/airflow/.local/lib/python3.12/site-packages/airflow/example_dags/example_inlet_event_extra.py
[2025-06-21T23:13:14.536+0000] {processor.py:925} INFO - DAG(s) 'read_dataset_event_from_classic', 'read_dataset_event' retrieved from /home/airflow/.local/lib/python3.12/site-packages/airflow/example_dags/example_inlet_event_extra.py
[2025-06-21T23:13:14.559+0000] {logging_mixin.py:190} INFO - [2025-06-21T23:13:14.558+0000] {dag.py:3239} INFO - Sync 2 DAGs
[2025-06-21T23:13:14.573+0000] {logging_mixin.py:190} INFO - [2025-06-21T23:13:14.573+0000] {dag.py:4180} INFO - Setting next_dagrun for read_dataset_event to 2025-06-20 00:00:00+00:00, run_after=2025-06-21 00:00:00+00:00
[2025-06-21T23:13:14.575+0000] {logging_mixin.py:190} INFO - [2025-06-21T23:13:14.575+0000] {dag.py:4180} INFO - Setting next_dagrun for read_dataset_event_from_classic to 2025-06-20 00:00:00+00:00, run_after=2025-06-21 00:00:00+00:00
[2025-06-21T23:13:14.583+0000] {processor.py:208} INFO - Processing /home/airflow/.local/lib/python3.12/site-packages/airflow/example_dags/example_inlet_event_extra.py took 0.194 seconds
[2025-06-21T23:13:44.668+0000] {processor.py:186} INFO - Started process (PID=8038) to work on /home/airflow/.local/lib/python3.12/site-packages/airflow/example_dags/example_inlet_event_extra.py
[2025-06-21T23:13:44.671+0000] {processor.py:914} INFO - Processing file /home/airflow/.local/lib/python3.12/site-packages/airflow/example_dags/example_inlet_event_extra.py for tasks to queue
[2025-06-21T23:13:44.674+0000] {logging_mixin.py:190} INFO - [2025-06-21T23:13:44.673+0000] {dagbag.py:588} INFO - Filling up the DagBag from /home/airflow/.local/lib/python3.12/site-packages/airflow/example_dags/example_inlet_event_extra.py
[2025-06-21T23:13:44.758+0000] {processor.py:925} INFO - DAG(s) 'read_dataset_event_from_classic', 'read_dataset_event' retrieved from /home/airflow/.local/lib/python3.12/site-packages/airflow/example_dags/example_inlet_event_extra.py
[2025-06-21T23:13:44.769+0000] {logging_mixin.py:190} INFO - [2025-06-21T23:13:44.769+0000] {dag.py:3239} INFO - Sync 2 DAGs
[2025-06-21T23:13:44.787+0000] {logging_mixin.py:190} INFO - [2025-06-21T23:13:44.786+0000] {dag.py:4180} INFO - Setting next_dagrun for read_dataset_event to 2025-06-20 00:00:00+00:00, run_after=2025-06-21 00:00:00+00:00
[2025-06-21T23:13:44.790+0000] {logging_mixin.py:190} INFO - [2025-06-21T23:13:44.790+0000] {dag.py:4180} INFO - Setting next_dagrun for read_dataset_event_from_classic to 2025-06-20 00:00:00+00:00, run_after=2025-06-21 00:00:00+00:00
[2025-06-21T23:13:44.803+0000] {processor.py:208} INFO - Processing /home/airflow/.local/lib/python3.12/site-packages/airflow/example_dags/example_inlet_event_extra.py took 0.139 seconds
[2025-06-21T23:14:16.244+0000] {processor.py:186} INFO - Started process (PID=8099) to work on /home/airflow/.local/lib/python3.12/site-packages/airflow/example_dags/example_inlet_event_extra.py
[2025-06-21T23:14:16.245+0000] {processor.py:914} INFO - Processing file /home/airflow/.local/lib/python3.12/site-packages/airflow/example_dags/example_inlet_event_extra.py for tasks to queue
[2025-06-21T23:14:16.246+0000] {logging_mixin.py:190} INFO - [2025-06-21T23:14:16.246+0000] {dagbag.py:588} INFO - Filling up the DagBag from /home/airflow/.local/lib/python3.12/site-packages/airflow/example_dags/example_inlet_event_extra.py
[2025-06-21T23:14:16.351+0000] {processor.py:925} INFO - DAG(s) 'read_dataset_event', 'read_dataset_event_from_classic' retrieved from /home/airflow/.local/lib/python3.12/site-packages/airflow/example_dags/example_inlet_event_extra.py
[2025-06-21T23:14:16.368+0000] {logging_mixin.py:190} INFO - [2025-06-21T23:14:16.368+0000] {dag.py:3239} INFO - Sync 2 DAGs
[2025-06-21T23:14:16.581+0000] {logging_mixin.py:190} INFO - [2025-06-21T23:14:16.581+0000] {dag.py:4180} INFO - Setting next_dagrun for read_dataset_event to 2025-06-20 00:00:00+00:00, run_after=2025-06-21 00:00:00+00:00
[2025-06-21T23:14:16.589+0000] {logging_mixin.py:190} INFO - [2025-06-21T23:14:16.589+0000] {dag.py:4180} INFO - Setting next_dagrun for read_dataset_event_from_classic to 2025-06-20 00:00:00+00:00, run_after=2025-06-21 00:00:00+00:00
[2025-06-21T23:14:16.598+0000] {processor.py:208} INFO - Processing /home/airflow/.local/lib/python3.12/site-packages/airflow/example_dags/example_inlet_event_extra.py took 0.357 seconds
[2025-06-21T23:14:46.980+0000] {processor.py:186} INFO - Started process (PID=8164) to work on /home/airflow/.local/lib/python3.12/site-packages/airflow/example_dags/example_inlet_event_extra.py
[2025-06-21T23:14:46.981+0000] {processor.py:914} INFO - Processing file /home/airflow/.local/lib/python3.12/site-packages/airflow/example_dags/example_inlet_event_extra.py for tasks to queue
[2025-06-21T23:14:46.982+0000] {logging_mixin.py:190} INFO - [2025-06-21T23:14:46.982+0000] {dagbag.py:588} INFO - Filling up the DagBag from /home/airflow/.local/lib/python3.12/site-packages/airflow/example_dags/example_inlet_event_extra.py
[2025-06-21T23:14:47.065+0000] {processor.py:925} INFO - DAG(s) 'read_dataset_event', 'read_dataset_event_from_classic' retrieved from /home/airflow/.local/lib/python3.12/site-packages/airflow/example_dags/example_inlet_event_extra.py
[2025-06-21T23:14:47.083+0000] {logging_mixin.py:190} INFO - [2025-06-21T23:14:47.083+0000] {dag.py:3239} INFO - Sync 2 DAGs
[2025-06-21T23:14:47.297+0000] {logging_mixin.py:190} INFO - [2025-06-21T23:14:47.297+0000] {dag.py:4180} INFO - Setting next_dagrun for read_dataset_event to 2025-06-20 00:00:00+00:00, run_after=2025-06-21 00:00:00+00:00
[2025-06-21T23:14:47.301+0000] {logging_mixin.py:190} INFO - [2025-06-21T23:14:47.300+0000] {dag.py:4180} INFO - Setting next_dagrun for read_dataset_event_from_classic to 2025-06-20 00:00:00+00:00, run_after=2025-06-21 00:00:00+00:00
[2025-06-21T23:14:47.310+0000] {processor.py:208} INFO - Processing /home/airflow/.local/lib/python3.12/site-packages/airflow/example_dags/example_inlet_event_extra.py took 0.334 seconds
[2025-06-21T23:15:17.723+0000] {processor.py:186} INFO - Started process (PID=8226) to work on /home/airflow/.local/lib/python3.12/site-packages/airflow/example_dags/example_inlet_event_extra.py
[2025-06-21T23:15:17.724+0000] {processor.py:914} INFO - Processing file /home/airflow/.local/lib/python3.12/site-packages/airflow/example_dags/example_inlet_event_extra.py for tasks to queue
[2025-06-21T23:15:17.728+0000] {logging_mixin.py:190} INFO - [2025-06-21T23:15:17.727+0000] {dagbag.py:588} INFO - Filling up the DagBag from /home/airflow/.local/lib/python3.12/site-packages/airflow/example_dags/example_inlet_event_extra.py
[2025-06-21T23:15:17.852+0000] {processor.py:925} INFO - DAG(s) 'read_dataset_event', 'read_dataset_event_from_classic' retrieved from /home/airflow/.local/lib/python3.12/site-packages/airflow/example_dags/example_inlet_event_extra.py
[2025-06-21T23:15:17.872+0000] {logging_mixin.py:190} INFO - [2025-06-21T23:15:17.872+0000] {dag.py:3239} INFO - Sync 2 DAGs
[2025-06-21T23:15:18.193+0000] {logging_mixin.py:190} INFO - [2025-06-21T23:15:18.192+0000] {dag.py:4180} INFO - Setting next_dagrun for read_dataset_event to 2025-06-20 00:00:00+00:00, run_after=2025-06-21 00:00:00+00:00
[2025-06-21T23:15:18.197+0000] {logging_mixin.py:190} INFO - [2025-06-21T23:15:18.197+0000] {dag.py:4180} INFO - Setting next_dagrun for read_dataset_event_from_classic to 2025-06-20 00:00:00+00:00, run_after=2025-06-21 00:00:00+00:00
[2025-06-21T23:15:18.211+0000] {processor.py:208} INFO - Processing /home/airflow/.local/lib/python3.12/site-packages/airflow/example_dags/example_inlet_event_extra.py took 0.493 seconds
[2025-06-21T23:15:48.873+0000] {processor.py:186} INFO - Started process (PID=8286) to work on /home/airflow/.local/lib/python3.12/site-packages/airflow/example_dags/example_inlet_event_extra.py
[2025-06-21T23:15:48.874+0000] {processor.py:914} INFO - Processing file /home/airflow/.local/lib/python3.12/site-packages/airflow/example_dags/example_inlet_event_extra.py for tasks to queue
[2025-06-21T23:15:48.876+0000] {logging_mixin.py:190} INFO - [2025-06-21T23:15:48.876+0000] {dagbag.py:588} INFO - Filling up the DagBag from /home/airflow/.local/lib/python3.12/site-packages/airflow/example_dags/example_inlet_event_extra.py
[2025-06-21T23:15:48.961+0000] {processor.py:925} INFO - DAG(s) 'read_dataset_event', 'read_dataset_event_from_classic' retrieved from /home/airflow/.local/lib/python3.12/site-packages/airflow/example_dags/example_inlet_event_extra.py
[2025-06-21T23:15:48.977+0000] {logging_mixin.py:190} INFO - [2025-06-21T23:15:48.977+0000] {dag.py:3239} INFO - Sync 2 DAGs
[2025-06-21T23:15:48.993+0000] {logging_mixin.py:190} INFO - [2025-06-21T23:15:48.993+0000] {dag.py:4180} INFO - Setting next_dagrun for read_dataset_event to 2025-06-20 00:00:00+00:00, run_after=2025-06-21 00:00:00+00:00
[2025-06-21T23:15:49.001+0000] {logging_mixin.py:190} INFO - [2025-06-21T23:15:49.000+0000] {dag.py:4180} INFO - Setting next_dagrun for read_dataset_event_from_classic to 2025-06-20 00:00:00+00:00, run_after=2025-06-21 00:00:00+00:00
[2025-06-21T23:15:49.154+0000] {processor.py:208} INFO - Processing /home/airflow/.local/lib/python3.12/site-packages/airflow/example_dags/example_inlet_event_extra.py took 0.284 seconds
[2025-06-21T23:16:20.870+0000] {processor.py:186} INFO - Started process (PID=8348) to work on /home/airflow/.local/lib/python3.12/site-packages/airflow/example_dags/example_inlet_event_extra.py
[2025-06-21T23:16:20.872+0000] {processor.py:914} INFO - Processing file /home/airflow/.local/lib/python3.12/site-packages/airflow/example_dags/example_inlet_event_extra.py for tasks to queue
[2025-06-21T23:16:20.874+0000] {logging_mixin.py:190} INFO - [2025-06-21T23:16:20.874+0000] {dagbag.py:588} INFO - Filling up the DagBag from /home/airflow/.local/lib/python3.12/site-packages/airflow/example_dags/example_inlet_event_extra.py
[2025-06-21T23:16:21.068+0000] {processor.py:925} INFO - DAG(s) 'read_dataset_event_from_classic', 'read_dataset_event' retrieved from /home/airflow/.local/lib/python3.12/site-packages/airflow/example_dags/example_inlet_event_extra.py
[2025-06-21T23:16:21.090+0000] {logging_mixin.py:190} INFO - [2025-06-21T23:16:21.090+0000] {dag.py:3239} INFO - Sync 2 DAGs
[2025-06-21T23:16:21.117+0000] {logging_mixin.py:190} INFO - [2025-06-21T23:16:21.117+0000] {dag.py:4180} INFO - Setting next_dagrun for read_dataset_event to 2025-06-20 00:00:00+00:00, run_after=2025-06-21 00:00:00+00:00
[2025-06-21T23:16:21.123+0000] {logging_mixin.py:190} INFO - [2025-06-21T23:16:21.122+0000] {dag.py:4180} INFO - Setting next_dagrun for read_dataset_event_from_classic to 2025-06-20 00:00:00+00:00, run_after=2025-06-21 00:00:00+00:00
[2025-06-21T23:16:21.138+0000] {processor.py:208} INFO - Processing /home/airflow/.local/lib/python3.12/site-packages/airflow/example_dags/example_inlet_event_extra.py took 0.284 seconds
[2025-06-21T23:16:51.639+0000] {processor.py:186} INFO - Started process (PID=8409) to work on /home/airflow/.local/lib/python3.12/site-packages/airflow/example_dags/example_inlet_event_extra.py
[2025-06-21T23:16:51.641+0000] {processor.py:914} INFO - Processing file /home/airflow/.local/lib/python3.12/site-packages/airflow/example_dags/example_inlet_event_extra.py for tasks to queue
[2025-06-21T23:16:51.642+0000] {logging_mixin.py:190} INFO - [2025-06-21T23:16:51.642+0000] {dagbag.py:588} INFO - Filling up the DagBag from /home/airflow/.local/lib/python3.12/site-packages/airflow/example_dags/example_inlet_event_extra.py
[2025-06-21T23:16:51.933+0000] {processor.py:925} INFO - DAG(s) 'read_dataset_event_from_classic', 'read_dataset_event' retrieved from /home/airflow/.local/lib/python3.12/site-packages/airflow/example_dags/example_inlet_event_extra.py
[2025-06-21T23:16:51.964+0000] {logging_mixin.py:190} INFO - [2025-06-21T23:16:51.963+0000] {dag.py:3239} INFO - Sync 2 DAGs
[2025-06-21T23:16:51.981+0000] {logging_mixin.py:190} INFO - [2025-06-21T23:16:51.981+0000] {dag.py:4180} INFO - Setting next_dagrun for read_dataset_event to 2025-06-20 00:00:00+00:00, run_after=2025-06-21 00:00:00+00:00
[2025-06-21T23:16:51.987+0000] {logging_mixin.py:190} INFO - [2025-06-21T23:16:51.987+0000] {dag.py:4180} INFO - Setting next_dagrun for read_dataset_event_from_classic to 2025-06-20 00:00:00+00:00, run_after=2025-06-21 00:00:00+00:00
[2025-06-21T23:16:51.995+0000] {processor.py:208} INFO - Processing /home/airflow/.local/lib/python3.12/site-packages/airflow/example_dags/example_inlet_event_extra.py took 0.360 seconds
[2025-06-21T23:17:22.471+0000] {processor.py:186} INFO - Started process (PID=8472) to work on /home/airflow/.local/lib/python3.12/site-packages/airflow/example_dags/example_inlet_event_extra.py
[2025-06-21T23:17:22.472+0000] {processor.py:914} INFO - Processing file /home/airflow/.local/lib/python3.12/site-packages/airflow/example_dags/example_inlet_event_extra.py for tasks to queue
[2025-06-21T23:17:22.473+0000] {logging_mixin.py:190} INFO - [2025-06-21T23:17:22.473+0000] {dagbag.py:588} INFO - Filling up the DagBag from /home/airflow/.local/lib/python3.12/site-packages/airflow/example_dags/example_inlet_event_extra.py
[2025-06-21T23:17:23.044+0000] {processor.py:925} INFO - DAG(s) 'read_dataset_event', 'read_dataset_event_from_classic' retrieved from /home/airflow/.local/lib/python3.12/site-packages/airflow/example_dags/example_inlet_event_extra.py
[2025-06-21T23:17:23.056+0000] {logging_mixin.py:190} INFO - [2025-06-21T23:17:23.056+0000] {dag.py:3239} INFO - Sync 2 DAGs
[2025-06-21T23:17:23.070+0000] {logging_mixin.py:190} INFO - [2025-06-21T23:17:23.070+0000] {dag.py:4180} INFO - Setting next_dagrun for read_dataset_event to 2025-06-20 00:00:00+00:00, run_after=2025-06-21 00:00:00+00:00
[2025-06-21T23:17:23.073+0000] {logging_mixin.py:190} INFO - [2025-06-21T23:17:23.073+0000] {dag.py:4180} INFO - Setting next_dagrun for read_dataset_event_from_classic to 2025-06-20 00:00:00+00:00, run_after=2025-06-21 00:00:00+00:00
[2025-06-21T23:17:23.084+0000] {processor.py:208} INFO - Processing /home/airflow/.local/lib/python3.12/site-packages/airflow/example_dags/example_inlet_event_extra.py took 0.617 seconds
[2025-06-21T23:17:53.809+0000] {processor.py:186} INFO - Started process (PID=8533) to work on /home/airflow/.local/lib/python3.12/site-packages/airflow/example_dags/example_inlet_event_extra.py
[2025-06-21T23:17:53.811+0000] {processor.py:914} INFO - Processing file /home/airflow/.local/lib/python3.12/site-packages/airflow/example_dags/example_inlet_event_extra.py for tasks to queue
[2025-06-21T23:17:53.812+0000] {logging_mixin.py:190} INFO - [2025-06-21T23:17:53.812+0000] {dagbag.py:588} INFO - Filling up the DagBag from /home/airflow/.local/lib/python3.12/site-packages/airflow/example_dags/example_inlet_event_extra.py
[2025-06-21T23:17:54.068+0000] {processor.py:925} INFO - DAG(s) 'read_dataset_event_from_classic', 'read_dataset_event' retrieved from /home/airflow/.local/lib/python3.12/site-packages/airflow/example_dags/example_inlet_event_extra.py
[2025-06-21T23:17:54.085+0000] {logging_mixin.py:190} INFO - [2025-06-21T23:17:54.085+0000] {dag.py:3239} INFO - Sync 2 DAGs
[2025-06-21T23:17:54.098+0000] {logging_mixin.py:190} INFO - [2025-06-21T23:17:54.098+0000] {dag.py:4180} INFO - Setting next_dagrun for read_dataset_event to 2025-06-20 00:00:00+00:00, run_after=2025-06-21 00:00:00+00:00
[2025-06-21T23:17:54.101+0000] {logging_mixin.py:190} INFO - [2025-06-21T23:17:54.101+0000] {dag.py:4180} INFO - Setting next_dagrun for read_dataset_event_from_classic to 2025-06-20 00:00:00+00:00, run_after=2025-06-21 00:00:00+00:00
[2025-06-21T23:17:54.111+0000] {processor.py:208} INFO - Processing /home/airflow/.local/lib/python3.12/site-packages/airflow/example_dags/example_inlet_event_extra.py took 0.305 seconds
[2025-06-21T23:18:24.827+0000] {processor.py:186} INFO - Started process (PID=8597) to work on /home/airflow/.local/lib/python3.12/site-packages/airflow/example_dags/example_inlet_event_extra.py
[2025-06-21T23:18:24.828+0000] {processor.py:914} INFO - Processing file /home/airflow/.local/lib/python3.12/site-packages/airflow/example_dags/example_inlet_event_extra.py for tasks to queue
[2025-06-21T23:18:24.830+0000] {logging_mixin.py:190} INFO - [2025-06-21T23:18:24.830+0000] {dagbag.py:588} INFO - Filling up the DagBag from /home/airflow/.local/lib/python3.12/site-packages/airflow/example_dags/example_inlet_event_extra.py
[2025-06-21T23:18:25.198+0000] {processor.py:925} INFO - DAG(s) 'read_dataset_event_from_classic', 'read_dataset_event' retrieved from /home/airflow/.local/lib/python3.12/site-packages/airflow/example_dags/example_inlet_event_extra.py
[2025-06-21T23:18:25.210+0000] {logging_mixin.py:190} INFO - [2025-06-21T23:18:25.210+0000] {dag.py:3239} INFO - Sync 2 DAGs
[2025-06-21T23:18:25.225+0000] {logging_mixin.py:190} INFO - [2025-06-21T23:18:25.224+0000] {dag.py:4180} INFO - Setting next_dagrun for read_dataset_event to 2025-06-20 00:00:00+00:00, run_after=2025-06-21 00:00:00+00:00
[2025-06-21T23:18:25.228+0000] {logging_mixin.py:190} INFO - [2025-06-21T23:18:25.228+0000] {dag.py:4180} INFO - Setting next_dagrun for read_dataset_event_from_classic to 2025-06-20 00:00:00+00:00, run_after=2025-06-21 00:00:00+00:00
[2025-06-21T23:18:25.239+0000] {processor.py:208} INFO - Processing /home/airflow/.local/lib/python3.12/site-packages/airflow/example_dags/example_inlet_event_extra.py took 0.416 seconds
[2025-06-21T23:18:55.838+0000] {processor.py:186} INFO - Started process (PID=8660) to work on /home/airflow/.local/lib/python3.12/site-packages/airflow/example_dags/example_inlet_event_extra.py
[2025-06-21T23:18:55.839+0000] {processor.py:914} INFO - Processing file /home/airflow/.local/lib/python3.12/site-packages/airflow/example_dags/example_inlet_event_extra.py for tasks to queue
[2025-06-21T23:18:55.842+0000] {logging_mixin.py:190} INFO - [2025-06-21T23:18:55.842+0000] {dagbag.py:588} INFO - Filling up the DagBag from /home/airflow/.local/lib/python3.12/site-packages/airflow/example_dags/example_inlet_event_extra.py
[2025-06-21T23:18:56.141+0000] {processor.py:925} INFO - DAG(s) 'read_dataset_event', 'read_dataset_event_from_classic' retrieved from /home/airflow/.local/lib/python3.12/site-packages/airflow/example_dags/example_inlet_event_extra.py
[2025-06-21T23:18:56.154+0000] {logging_mixin.py:190} INFO - [2025-06-21T23:18:56.154+0000] {dag.py:3239} INFO - Sync 2 DAGs
[2025-06-21T23:18:56.165+0000] {logging_mixin.py:190} INFO - [2025-06-21T23:18:56.165+0000] {dag.py:4180} INFO - Setting next_dagrun for read_dataset_event to 2025-06-20 00:00:00+00:00, run_after=2025-06-21 00:00:00+00:00
[2025-06-21T23:18:56.168+0000] {logging_mixin.py:190} INFO - [2025-06-21T23:18:56.168+0000] {dag.py:4180} INFO - Setting next_dagrun for read_dataset_event_from_classic to 2025-06-20 00:00:00+00:00, run_after=2025-06-21 00:00:00+00:00
[2025-06-21T23:18:56.176+0000] {processor.py:208} INFO - Processing /home/airflow/.local/lib/python3.12/site-packages/airflow/example_dags/example_inlet_event_extra.py took 0.349 seconds
[2025-06-21T23:19:27.334+0000] {processor.py:186} INFO - Started process (PID=8719) to work on /home/airflow/.local/lib/python3.12/site-packages/airflow/example_dags/example_inlet_event_extra.py
[2025-06-21T23:19:27.335+0000] {processor.py:914} INFO - Processing file /home/airflow/.local/lib/python3.12/site-packages/airflow/example_dags/example_inlet_event_extra.py for tasks to queue
[2025-06-21T23:19:27.336+0000] {logging_mixin.py:190} INFO - [2025-06-21T23:19:27.336+0000] {dagbag.py:588} INFO - Filling up the DagBag from /home/airflow/.local/lib/python3.12/site-packages/airflow/example_dags/example_inlet_event_extra.py
[2025-06-21T23:19:27.660+0000] {processor.py:925} INFO - DAG(s) 'read_dataset_event_from_classic', 'read_dataset_event' retrieved from /home/airflow/.local/lib/python3.12/site-packages/airflow/example_dags/example_inlet_event_extra.py
[2025-06-21T23:19:27.685+0000] {logging_mixin.py:190} INFO - [2025-06-21T23:19:27.685+0000] {dag.py:3239} INFO - Sync 2 DAGs
[2025-06-21T23:19:27.704+0000] {logging_mixin.py:190} INFO - [2025-06-21T23:19:27.704+0000] {dag.py:4180} INFO - Setting next_dagrun for read_dataset_event to 2025-06-20 00:00:00+00:00, run_after=2025-06-21 00:00:00+00:00
[2025-06-21T23:19:27.707+0000] {logging_mixin.py:190} INFO - [2025-06-21T23:19:27.707+0000] {dag.py:4180} INFO - Setting next_dagrun for read_dataset_event_from_classic to 2025-06-20 00:00:00+00:00, run_after=2025-06-21 00:00:00+00:00
[2025-06-21T23:19:27.718+0000] {processor.py:208} INFO - Processing /home/airflow/.local/lib/python3.12/site-packages/airflow/example_dags/example_inlet_event_extra.py took 0.389 seconds
[2025-06-21T23:19:58.044+0000] {processor.py:186} INFO - Started process (PID=8783) to work on /home/airflow/.local/lib/python3.12/site-packages/airflow/example_dags/example_inlet_event_extra.py
[2025-06-21T23:19:58.046+0000] {processor.py:914} INFO - Processing file /home/airflow/.local/lib/python3.12/site-packages/airflow/example_dags/example_inlet_event_extra.py for tasks to queue
[2025-06-21T23:19:58.048+0000] {logging_mixin.py:190} INFO - [2025-06-21T23:19:58.048+0000] {dagbag.py:588} INFO - Filling up the DagBag from /home/airflow/.local/lib/python3.12/site-packages/airflow/example_dags/example_inlet_event_extra.py
[2025-06-21T23:19:58.252+0000] {processor.py:925} INFO - DAG(s) 'read_dataset_event_from_classic', 'read_dataset_event' retrieved from /home/airflow/.local/lib/python3.12/site-packages/airflow/example_dags/example_inlet_event_extra.py
[2025-06-21T23:19:58.263+0000] {logging_mixin.py:190} INFO - [2025-06-21T23:19:58.263+0000] {dag.py:3239} INFO - Sync 2 DAGs
[2025-06-21T23:19:58.277+0000] {logging_mixin.py:190} INFO - [2025-06-21T23:19:58.277+0000] {dag.py:4180} INFO - Setting next_dagrun for read_dataset_event to 2025-06-20 00:00:00+00:00, run_after=2025-06-21 00:00:00+00:00
[2025-06-21T23:19:58.283+0000] {logging_mixin.py:190} INFO - [2025-06-21T23:19:58.283+0000] {dag.py:4180} INFO - Setting next_dagrun for read_dataset_event_from_classic to 2025-06-20 00:00:00+00:00, run_after=2025-06-21 00:00:00+00:00
[2025-06-21T23:19:58.297+0000] {processor.py:208} INFO - Processing /home/airflow/.local/lib/python3.12/site-packages/airflow/example_dags/example_inlet_event_extra.py took 0.257 seconds
[2025-06-21T23:20:29.058+0000] {processor.py:186} INFO - Started process (PID=8843) to work on /home/airflow/.local/lib/python3.12/site-packages/airflow/example_dags/example_inlet_event_extra.py
[2025-06-21T23:20:29.062+0000] {processor.py:914} INFO - Processing file /home/airflow/.local/lib/python3.12/site-packages/airflow/example_dags/example_inlet_event_extra.py for tasks to queue
[2025-06-21T23:20:29.063+0000] {logging_mixin.py:190} INFO - [2025-06-21T23:20:29.063+0000] {dagbag.py:588} INFO - Filling up the DagBag from /home/airflow/.local/lib/python3.12/site-packages/airflow/example_dags/example_inlet_event_extra.py
[2025-06-21T23:20:29.262+0000] {processor.py:925} INFO - DAG(s) 'read_dataset_event_from_classic', 'read_dataset_event' retrieved from /home/airflow/.local/lib/python3.12/site-packages/airflow/example_dags/example_inlet_event_extra.py
[2025-06-21T23:20:29.276+0000] {logging_mixin.py:190} INFO - [2025-06-21T23:20:29.276+0000] {dag.py:3239} INFO - Sync 2 DAGs
[2025-06-21T23:20:29.287+0000] {logging_mixin.py:190} INFO - [2025-06-21T23:20:29.287+0000] {dag.py:4180} INFO - Setting next_dagrun for read_dataset_event to 2025-06-20 00:00:00+00:00, run_after=2025-06-21 00:00:00+00:00
[2025-06-21T23:20:29.290+0000] {logging_mixin.py:190} INFO - [2025-06-21T23:20:29.290+0000] {dag.py:4180} INFO - Setting next_dagrun for read_dataset_event_from_classic to 2025-06-20 00:00:00+00:00, run_after=2025-06-21 00:00:00+00:00
[2025-06-21T23:20:29.298+0000] {processor.py:208} INFO - Processing /home/airflow/.local/lib/python3.12/site-packages/airflow/example_dags/example_inlet_event_extra.py took 0.244 seconds
[2025-06-21T23:21:01.496+0000] {processor.py:186} INFO - Started process (PID=8905) to work on /home/airflow/.local/lib/python3.12/site-packages/airflow/example_dags/example_inlet_event_extra.py
[2025-06-21T23:21:01.497+0000] {processor.py:914} INFO - Processing file /home/airflow/.local/lib/python3.12/site-packages/airflow/example_dags/example_inlet_event_extra.py for tasks to queue
[2025-06-21T23:21:01.499+0000] {logging_mixin.py:190} INFO - [2025-06-21T23:21:01.498+0000] {dagbag.py:588} INFO - Filling up the DagBag from /home/airflow/.local/lib/python3.12/site-packages/airflow/example_dags/example_inlet_event_extra.py
[2025-06-21T23:21:01.849+0000] {processor.py:925} INFO - DAG(s) 'read_dataset_event', 'read_dataset_event_from_classic' retrieved from /home/airflow/.local/lib/python3.12/site-packages/airflow/example_dags/example_inlet_event_extra.py
[2025-06-21T23:21:01.860+0000] {logging_mixin.py:190} INFO - [2025-06-21T23:21:01.860+0000] {dag.py:3239} INFO - Sync 2 DAGs
[2025-06-21T23:21:01.871+0000] {logging_mixin.py:190} INFO - [2025-06-21T23:21:01.871+0000] {dag.py:4180} INFO - Setting next_dagrun for read_dataset_event to 2025-06-20 00:00:00+00:00, run_after=2025-06-21 00:00:00+00:00
[2025-06-21T23:21:01.875+0000] {logging_mixin.py:190} INFO - [2025-06-21T23:21:01.874+0000] {dag.py:4180} INFO - Setting next_dagrun for read_dataset_event_from_classic to 2025-06-20 00:00:00+00:00, run_after=2025-06-21 00:00:00+00:00
[2025-06-21T23:21:01.885+0000] {processor.py:208} INFO - Processing /home/airflow/.local/lib/python3.12/site-packages/airflow/example_dags/example_inlet_event_extra.py took 0.395 seconds
[2025-06-21T23:21:32.319+0000] {processor.py:186} INFO - Started process (PID=8968) to work on /home/airflow/.local/lib/python3.12/site-packages/airflow/example_dags/example_inlet_event_extra.py
[2025-06-21T23:21:32.321+0000] {processor.py:914} INFO - Processing file /home/airflow/.local/lib/python3.12/site-packages/airflow/example_dags/example_inlet_event_extra.py for tasks to queue
[2025-06-21T23:21:32.323+0000] {logging_mixin.py:190} INFO - [2025-06-21T23:21:32.323+0000] {dagbag.py:588} INFO - Filling up the DagBag from /home/airflow/.local/lib/python3.12/site-packages/airflow/example_dags/example_inlet_event_extra.py
[2025-06-21T23:21:32.542+0000] {processor.py:925} INFO - DAG(s) 'read_dataset_event_from_classic', 'read_dataset_event' retrieved from /home/airflow/.local/lib/python3.12/site-packages/airflow/example_dags/example_inlet_event_extra.py
[2025-06-21T23:21:32.554+0000] {logging_mixin.py:190} INFO - [2025-06-21T23:21:32.554+0000] {dag.py:3239} INFO - Sync 2 DAGs
[2025-06-21T23:21:32.569+0000] {logging_mixin.py:190} INFO - [2025-06-21T23:21:32.569+0000] {dag.py:4180} INFO - Setting next_dagrun for read_dataset_event to 2025-06-20 00:00:00+00:00, run_after=2025-06-21 00:00:00+00:00
[2025-06-21T23:21:32.574+0000] {logging_mixin.py:190} INFO - [2025-06-21T23:21:32.574+0000] {dag.py:4180} INFO - Setting next_dagrun for read_dataset_event_from_classic to 2025-06-20 00:00:00+00:00, run_after=2025-06-21 00:00:00+00:00
[2025-06-21T23:21:32.585+0000] {processor.py:208} INFO - Processing /home/airflow/.local/lib/python3.12/site-packages/airflow/example_dags/example_inlet_event_extra.py took 0.270 seconds
[2025-06-21T23:22:03.743+0000] {processor.py:186} INFO - Started process (PID=9029) to work on /home/airflow/.local/lib/python3.12/site-packages/airflow/example_dags/example_inlet_event_extra.py
[2025-06-21T23:22:03.744+0000] {processor.py:914} INFO - Processing file /home/airflow/.local/lib/python3.12/site-packages/airflow/example_dags/example_inlet_event_extra.py for tasks to queue
[2025-06-21T23:22:03.746+0000] {logging_mixin.py:190} INFO - [2025-06-21T23:22:03.746+0000] {dagbag.py:588} INFO - Filling up the DagBag from /home/airflow/.local/lib/python3.12/site-packages/airflow/example_dags/example_inlet_event_extra.py
[2025-06-21T23:22:04.127+0000] {processor.py:925} INFO - DAG(s) 'read_dataset_event', 'read_dataset_event_from_classic' retrieved from /home/airflow/.local/lib/python3.12/site-packages/airflow/example_dags/example_inlet_event_extra.py
[2025-06-21T23:22:04.143+0000] {logging_mixin.py:190} INFO - [2025-06-21T23:22:04.143+0000] {dag.py:3239} INFO - Sync 2 DAGs
[2025-06-21T23:22:04.154+0000] {logging_mixin.py:190} INFO - [2025-06-21T23:22:04.154+0000] {dag.py:4180} INFO - Setting next_dagrun for read_dataset_event to 2025-06-20 00:00:00+00:00, run_after=2025-06-21 00:00:00+00:00
[2025-06-21T23:22:04.156+0000] {logging_mixin.py:190} INFO - [2025-06-21T23:22:04.156+0000] {dag.py:4180} INFO - Setting next_dagrun for read_dataset_event_from_classic to 2025-06-20 00:00:00+00:00, run_after=2025-06-21 00:00:00+00:00
[2025-06-21T23:22:04.165+0000] {processor.py:208} INFO - Processing /home/airflow/.local/lib/python3.12/site-packages/airflow/example_dags/example_inlet_event_extra.py took 0.427 seconds
[2025-06-21T23:22:34.581+0000] {processor.py:186} INFO - Started process (PID=9091) to work on /home/airflow/.local/lib/python3.12/site-packages/airflow/example_dags/example_inlet_event_extra.py
[2025-06-21T23:22:34.581+0000] {processor.py:914} INFO - Processing file /home/airflow/.local/lib/python3.12/site-packages/airflow/example_dags/example_inlet_event_extra.py for tasks to queue
[2025-06-21T23:22:34.583+0000] {logging_mixin.py:190} INFO - [2025-06-21T23:22:34.583+0000] {dagbag.py:588} INFO - Filling up the DagBag from /home/airflow/.local/lib/python3.12/site-packages/airflow/example_dags/example_inlet_event_extra.py
[2025-06-21T23:22:34.834+0000] {processor.py:925} INFO - DAG(s) 'read_dataset_event_from_classic', 'read_dataset_event' retrieved from /home/airflow/.local/lib/python3.12/site-packages/airflow/example_dags/example_inlet_event_extra.py
[2025-06-21T23:22:34.844+0000] {logging_mixin.py:190} INFO - [2025-06-21T23:22:34.844+0000] {dag.py:3239} INFO - Sync 2 DAGs
[2025-06-21T23:22:34.856+0000] {logging_mixin.py:190} INFO - [2025-06-21T23:22:34.856+0000] {dag.py:4180} INFO - Setting next_dagrun for read_dataset_event to 2025-06-20 00:00:00+00:00, run_after=2025-06-21 00:00:00+00:00
[2025-06-21T23:22:34.860+0000] {logging_mixin.py:190} INFO - [2025-06-21T23:22:34.860+0000] {dag.py:4180} INFO - Setting next_dagrun for read_dataset_event_from_classic to 2025-06-20 00:00:00+00:00, run_after=2025-06-21 00:00:00+00:00
[2025-06-21T23:22:34.870+0000] {processor.py:208} INFO - Processing /home/airflow/.local/lib/python3.12/site-packages/airflow/example_dags/example_inlet_event_extra.py took 0.293 seconds
[2025-06-21T23:23:05.803+0000] {processor.py:186} INFO - Started process (PID=9153) to work on /home/airflow/.local/lib/python3.12/site-packages/airflow/example_dags/example_inlet_event_extra.py
[2025-06-21T23:23:05.804+0000] {processor.py:914} INFO - Processing file /home/airflow/.local/lib/python3.12/site-packages/airflow/example_dags/example_inlet_event_extra.py for tasks to queue
[2025-06-21T23:23:05.806+0000] {logging_mixin.py:190} INFO - [2025-06-21T23:23:05.805+0000] {dagbag.py:588} INFO - Filling up the DagBag from /home/airflow/.local/lib/python3.12/site-packages/airflow/example_dags/example_inlet_event_extra.py
[2025-06-21T23:23:06.020+0000] {processor.py:925} INFO - DAG(s) 'read_dataset_event_from_classic', 'read_dataset_event' retrieved from /home/airflow/.local/lib/python3.12/site-packages/airflow/example_dags/example_inlet_event_extra.py
[2025-06-21T23:23:06.035+0000] {logging_mixin.py:190} INFO - [2025-06-21T23:23:06.035+0000] {dag.py:3239} INFO - Sync 2 DAGs
[2025-06-21T23:23:06.050+0000] {logging_mixin.py:190} INFO - [2025-06-21T23:23:06.050+0000] {dag.py:4180} INFO - Setting next_dagrun for read_dataset_event to 2025-06-20 00:00:00+00:00, run_after=2025-06-21 00:00:00+00:00
[2025-06-21T23:23:06.053+0000] {logging_mixin.py:190} INFO - [2025-06-21T23:23:06.053+0000] {dag.py:4180} INFO - Setting next_dagrun for read_dataset_event_from_classic to 2025-06-20 00:00:00+00:00, run_after=2025-06-21 00:00:00+00:00
[2025-06-21T23:23:06.063+0000] {processor.py:208} INFO - Processing /home/airflow/.local/lib/python3.12/site-packages/airflow/example_dags/example_inlet_event_extra.py took 0.264 seconds
[2025-06-21T23:23:37.337+0000] {processor.py:186} INFO - Started process (PID=9215) to work on /home/airflow/.local/lib/python3.12/site-packages/airflow/example_dags/example_inlet_event_extra.py
[2025-06-21T23:23:37.339+0000] {processor.py:914} INFO - Processing file /home/airflow/.local/lib/python3.12/site-packages/airflow/example_dags/example_inlet_event_extra.py for tasks to queue
[2025-06-21T23:23:37.342+0000] {logging_mixin.py:190} INFO - [2025-06-21T23:23:37.342+0000] {dagbag.py:588} INFO - Filling up the DagBag from /home/airflow/.local/lib/python3.12/site-packages/airflow/example_dags/example_inlet_event_extra.py
[2025-06-21T23:23:37.723+0000] {processor.py:925} INFO - DAG(s) 'read_dataset_event_from_classic', 'read_dataset_event' retrieved from /home/airflow/.local/lib/python3.12/site-packages/airflow/example_dags/example_inlet_event_extra.py
[2025-06-21T23:23:37.744+0000] {logging_mixin.py:190} INFO - [2025-06-21T23:23:37.744+0000] {dag.py:3239} INFO - Sync 2 DAGs
[2025-06-21T23:23:37.764+0000] {logging_mixin.py:190} INFO - [2025-06-21T23:23:37.764+0000] {dag.py:4180} INFO - Setting next_dagrun for read_dataset_event to 2025-06-20 00:00:00+00:00, run_after=2025-06-21 00:00:00+00:00
[2025-06-21T23:23:37.769+0000] {logging_mixin.py:190} INFO - [2025-06-21T23:23:37.768+0000] {dag.py:4180} INFO - Setting next_dagrun for read_dataset_event_from_classic to 2025-06-20 00:00:00+00:00, run_after=2025-06-21 00:00:00+00:00
[2025-06-21T23:23:37.787+0000] {processor.py:208} INFO - Processing /home/airflow/.local/lib/python3.12/site-packages/airflow/example_dags/example_inlet_event_extra.py took 0.456 seconds
[2025-06-21T23:24:07.885+0000] {processor.py:186} INFO - Started process (PID=9283) to work on /home/airflow/.local/lib/python3.12/site-packages/airflow/example_dags/example_inlet_event_extra.py
[2025-06-21T23:24:07.887+0000] {processor.py:914} INFO - Processing file /home/airflow/.local/lib/python3.12/site-packages/airflow/example_dags/example_inlet_event_extra.py for tasks to queue
[2025-06-21T23:24:07.889+0000] {logging_mixin.py:190} INFO - [2025-06-21T23:24:07.889+0000] {dagbag.py:588} INFO - Filling up the DagBag from /home/airflow/.local/lib/python3.12/site-packages/airflow/example_dags/example_inlet_event_extra.py
[2025-06-21T23:24:08.470+0000] {processor.py:925} INFO - DAG(s) 'read_dataset_event', 'read_dataset_event_from_classic' retrieved from /home/airflow/.local/lib/python3.12/site-packages/airflow/example_dags/example_inlet_event_extra.py
[2025-06-21T23:24:08.503+0000] {logging_mixin.py:190} INFO - [2025-06-21T23:24:08.502+0000] {dag.py:3239} INFO - Sync 2 DAGs
[2025-06-21T23:24:08.543+0000] {logging_mixin.py:190} INFO - [2025-06-21T23:24:08.542+0000] {dag.py:4180} INFO - Setting next_dagrun for read_dataset_event to 2025-06-20 00:00:00+00:00, run_after=2025-06-21 00:00:00+00:00
[2025-06-21T23:24:08.547+0000] {logging_mixin.py:190} INFO - [2025-06-21T23:24:08.547+0000] {dag.py:4180} INFO - Setting next_dagrun for read_dataset_event_from_classic to 2025-06-20 00:00:00+00:00, run_after=2025-06-21 00:00:00+00:00
[2025-06-21T23:24:08.564+0000] {processor.py:208} INFO - Processing /home/airflow/.local/lib/python3.12/site-packages/airflow/example_dags/example_inlet_event_extra.py took 0.684 seconds
[2025-06-21T23:24:40.313+0000] {processor.py:186} INFO - Started process (PID=9346) to work on /home/airflow/.local/lib/python3.12/site-packages/airflow/example_dags/example_inlet_event_extra.py
[2025-06-21T23:24:40.314+0000] {processor.py:914} INFO - Processing file /home/airflow/.local/lib/python3.12/site-packages/airflow/example_dags/example_inlet_event_extra.py for tasks to queue
[2025-06-21T23:24:40.315+0000] {logging_mixin.py:190} INFO - [2025-06-21T23:24:40.315+0000] {dagbag.py:588} INFO - Filling up the DagBag from /home/airflow/.local/lib/python3.12/site-packages/airflow/example_dags/example_inlet_event_extra.py
[2025-06-21T23:24:40.448+0000] {processor.py:925} INFO - DAG(s) 'read_dataset_event_from_classic', 'read_dataset_event' retrieved from /home/airflow/.local/lib/python3.12/site-packages/airflow/example_dags/example_inlet_event_extra.py
[2025-06-21T23:24:40.464+0000] {logging_mixin.py:190} INFO - [2025-06-21T23:24:40.464+0000] {dag.py:3239} INFO - Sync 2 DAGs
[2025-06-21T23:24:40.477+0000] {logging_mixin.py:190} INFO - [2025-06-21T23:24:40.477+0000] {dag.py:4180} INFO - Setting next_dagrun for read_dataset_event to 2025-06-20 00:00:00+00:00, run_after=2025-06-21 00:00:00+00:00
[2025-06-21T23:24:40.479+0000] {logging_mixin.py:190} INFO - [2025-06-21T23:24:40.479+0000] {dag.py:4180} INFO - Setting next_dagrun for read_dataset_event_from_classic to 2025-06-20 00:00:00+00:00, run_after=2025-06-21 00:00:00+00:00
[2025-06-21T23:24:40.490+0000] {processor.py:208} INFO - Processing /home/airflow/.local/lib/python3.12/site-packages/airflow/example_dags/example_inlet_event_extra.py took 0.181 seconds
[2025-06-21T23:25:10.619+0000] {processor.py:186} INFO - Started process (PID=9405) to work on /home/airflow/.local/lib/python3.12/site-packages/airflow/example_dags/example_inlet_event_extra.py
[2025-06-21T23:25:10.620+0000] {processor.py:914} INFO - Processing file /home/airflow/.local/lib/python3.12/site-packages/airflow/example_dags/example_inlet_event_extra.py for tasks to queue
[2025-06-21T23:25:10.621+0000] {logging_mixin.py:190} INFO - [2025-06-21T23:25:10.621+0000] {dagbag.py:588} INFO - Filling up the DagBag from /home/airflow/.local/lib/python3.12/site-packages/airflow/example_dags/example_inlet_event_extra.py
[2025-06-21T23:25:10.739+0000] {processor.py:925} INFO - DAG(s) 'read_dataset_event_from_classic', 'read_dataset_event' retrieved from /home/airflow/.local/lib/python3.12/site-packages/airflow/example_dags/example_inlet_event_extra.py
[2025-06-21T23:25:10.752+0000] {logging_mixin.py:190} INFO - [2025-06-21T23:25:10.752+0000] {dag.py:3239} INFO - Sync 2 DAGs
[2025-06-21T23:25:10.765+0000] {logging_mixin.py:190} INFO - [2025-06-21T23:25:10.765+0000] {dag.py:4180} INFO - Setting next_dagrun for read_dataset_event to 2025-06-20 00:00:00+00:00, run_after=2025-06-21 00:00:00+00:00
[2025-06-21T23:25:10.768+0000] {logging_mixin.py:190} INFO - [2025-06-21T23:25:10.768+0000] {dag.py:4180} INFO - Setting next_dagrun for read_dataset_event_from_classic to 2025-06-20 00:00:00+00:00, run_after=2025-06-21 00:00:00+00:00
[2025-06-21T23:25:10.776+0000] {processor.py:208} INFO - Processing /home/airflow/.local/lib/python3.12/site-packages/airflow/example_dags/example_inlet_event_extra.py took 0.161 seconds
[2025-06-21T23:25:40.829+0000] {processor.py:186} INFO - Started process (PID=9469) to work on /home/airflow/.local/lib/python3.12/site-packages/airflow/example_dags/example_inlet_event_extra.py
[2025-06-21T23:25:40.829+0000] {processor.py:914} INFO - Processing file /home/airflow/.local/lib/python3.12/site-packages/airflow/example_dags/example_inlet_event_extra.py for tasks to queue
[2025-06-21T23:25:40.832+0000] {logging_mixin.py:190} INFO - [2025-06-21T23:25:40.832+0000] {dagbag.py:588} INFO - Filling up the DagBag from /home/airflow/.local/lib/python3.12/site-packages/airflow/example_dags/example_inlet_event_extra.py
[2025-06-21T23:25:40.919+0000] {processor.py:925} INFO - DAG(s) 'read_dataset_event_from_classic', 'read_dataset_event' retrieved from /home/airflow/.local/lib/python3.12/site-packages/airflow/example_dags/example_inlet_event_extra.py
[2025-06-21T23:25:40.930+0000] {logging_mixin.py:190} INFO - [2025-06-21T23:25:40.930+0000] {dag.py:3239} INFO - Sync 2 DAGs
[2025-06-21T23:25:40.941+0000] {logging_mixin.py:190} INFO - [2025-06-21T23:25:40.941+0000] {dag.py:4180} INFO - Setting next_dagrun for read_dataset_event to 2025-06-20 00:00:00+00:00, run_after=2025-06-21 00:00:00+00:00
[2025-06-21T23:25:40.943+0000] {logging_mixin.py:190} INFO - [2025-06-21T23:25:40.943+0000] {dag.py:4180} INFO - Setting next_dagrun for read_dataset_event_from_classic to 2025-06-20 00:00:00+00:00, run_after=2025-06-21 00:00:00+00:00
[2025-06-21T23:25:40.949+0000] {processor.py:208} INFO - Processing /home/airflow/.local/lib/python3.12/site-packages/airflow/example_dags/example_inlet_event_extra.py took 0.124 seconds
[2025-06-21T23:26:11.203+0000] {processor.py:186} INFO - Started process (PID=9529) to work on /home/airflow/.local/lib/python3.12/site-packages/airflow/example_dags/example_inlet_event_extra.py
[2025-06-21T23:26:11.204+0000] {processor.py:914} INFO - Processing file /home/airflow/.local/lib/python3.12/site-packages/airflow/example_dags/example_inlet_event_extra.py for tasks to queue
[2025-06-21T23:26:11.207+0000] {logging_mixin.py:190} INFO - [2025-06-21T23:26:11.207+0000] {dagbag.py:588} INFO - Filling up the DagBag from /home/airflow/.local/lib/python3.12/site-packages/airflow/example_dags/example_inlet_event_extra.py
[2025-06-21T23:26:11.284+0000] {processor.py:925} INFO - DAG(s) 'read_dataset_event_from_classic', 'read_dataset_event' retrieved from /home/airflow/.local/lib/python3.12/site-packages/airflow/example_dags/example_inlet_event_extra.py
[2025-06-21T23:26:11.296+0000] {logging_mixin.py:190} INFO - [2025-06-21T23:26:11.296+0000] {dag.py:3239} INFO - Sync 2 DAGs
[2025-06-21T23:26:11.309+0000] {logging_mixin.py:190} INFO - [2025-06-21T23:26:11.309+0000] {dag.py:4180} INFO - Setting next_dagrun for read_dataset_event to 2025-06-20 00:00:00+00:00, run_after=2025-06-21 00:00:00+00:00
[2025-06-21T23:26:11.312+0000] {logging_mixin.py:190} INFO - [2025-06-21T23:26:11.312+0000] {dag.py:4180} INFO - Setting next_dagrun for read_dataset_event_from_classic to 2025-06-20 00:00:00+00:00, run_after=2025-06-21 00:00:00+00:00
[2025-06-21T23:26:11.321+0000] {processor.py:208} INFO - Processing /home/airflow/.local/lib/python3.12/site-packages/airflow/example_dags/example_inlet_event_extra.py took 0.122 seconds
[2025-06-21T23:26:42.691+0000] {processor.py:186} INFO - Started process (PID=9591) to work on /home/airflow/.local/lib/python3.12/site-packages/airflow/example_dags/example_inlet_event_extra.py
[2025-06-21T23:26:42.693+0000] {processor.py:914} INFO - Processing file /home/airflow/.local/lib/python3.12/site-packages/airflow/example_dags/example_inlet_event_extra.py for tasks to queue
[2025-06-21T23:26:42.694+0000] {logging_mixin.py:190} INFO - [2025-06-21T23:26:42.694+0000] {dagbag.py:588} INFO - Filling up the DagBag from /home/airflow/.local/lib/python3.12/site-packages/airflow/example_dags/example_inlet_event_extra.py
[2025-06-21T23:26:42.820+0000] {processor.py:925} INFO - DAG(s) 'read_dataset_event_from_classic', 'read_dataset_event' retrieved from /home/airflow/.local/lib/python3.12/site-packages/airflow/example_dags/example_inlet_event_extra.py
[2025-06-21T23:26:42.836+0000] {logging_mixin.py:190} INFO - [2025-06-21T23:26:42.836+0000] {dag.py:3239} INFO - Sync 2 DAGs
[2025-06-21T23:26:42.852+0000] {logging_mixin.py:190} INFO - [2025-06-21T23:26:42.852+0000] {dag.py:4180} INFO - Setting next_dagrun for read_dataset_event to 2025-06-20 00:00:00+00:00, run_after=2025-06-21 00:00:00+00:00
[2025-06-21T23:26:42.856+0000] {logging_mixin.py:190} INFO - [2025-06-21T23:26:42.856+0000] {dag.py:4180} INFO - Setting next_dagrun for read_dataset_event_from_classic to 2025-06-20 00:00:00+00:00, run_after=2025-06-21 00:00:00+00:00
[2025-06-21T23:26:42.864+0000] {processor.py:208} INFO - Processing /home/airflow/.local/lib/python3.12/site-packages/airflow/example_dags/example_inlet_event_extra.py took 0.185 seconds
[2025-06-21T23:27:15.185+0000] {processor.py:186} INFO - Started process (PID=9653) to work on /home/airflow/.local/lib/python3.12/site-packages/airflow/example_dags/example_inlet_event_extra.py
[2025-06-21T23:27:15.191+0000] {processor.py:914} INFO - Processing file /home/airflow/.local/lib/python3.12/site-packages/airflow/example_dags/example_inlet_event_extra.py for tasks to queue
[2025-06-21T23:27:15.195+0000] {logging_mixin.py:190} INFO - [2025-06-21T23:27:15.194+0000] {dagbag.py:588} INFO - Filling up the DagBag from /home/airflow/.local/lib/python3.12/site-packages/airflow/example_dags/example_inlet_event_extra.py
[2025-06-21T23:27:15.300+0000] {processor.py:925} INFO - DAG(s) 'read_dataset_event', 'read_dataset_event_from_classic' retrieved from /home/airflow/.local/lib/python3.12/site-packages/airflow/example_dags/example_inlet_event_extra.py
[2025-06-21T23:27:15.317+0000] {logging_mixin.py:190} INFO - [2025-06-21T23:27:15.317+0000] {dag.py:3239} INFO - Sync 2 DAGs
[2025-06-21T23:27:15.331+0000] {logging_mixin.py:190} INFO - [2025-06-21T23:27:15.331+0000] {dag.py:4180} INFO - Setting next_dagrun for read_dataset_event to 2025-06-20 00:00:00+00:00, run_after=2025-06-21 00:00:00+00:00
[2025-06-21T23:27:15.335+0000] {logging_mixin.py:190} INFO - [2025-06-21T23:27:15.334+0000] {dag.py:4180} INFO - Setting next_dagrun for read_dataset_event_from_classic to 2025-06-20 00:00:00+00:00, run_after=2025-06-21 00:00:00+00:00
[2025-06-21T23:27:15.347+0000] {processor.py:208} INFO - Processing /home/airflow/.local/lib/python3.12/site-packages/airflow/example_dags/example_inlet_event_extra.py took 0.168 seconds
[2025-06-21T23:27:45.640+0000] {processor.py:186} INFO - Started process (PID=9715) to work on /home/airflow/.local/lib/python3.12/site-packages/airflow/example_dags/example_inlet_event_extra.py
[2025-06-21T23:27:45.642+0000] {processor.py:914} INFO - Processing file /home/airflow/.local/lib/python3.12/site-packages/airflow/example_dags/example_inlet_event_extra.py for tasks to queue
[2025-06-21T23:27:45.644+0000] {logging_mixin.py:190} INFO - [2025-06-21T23:27:45.644+0000] {dagbag.py:588} INFO - Filling up the DagBag from /home/airflow/.local/lib/python3.12/site-packages/airflow/example_dags/example_inlet_event_extra.py
[2025-06-21T23:27:45.794+0000] {processor.py:925} INFO - DAG(s) 'read_dataset_event_from_classic', 'read_dataset_event' retrieved from /home/airflow/.local/lib/python3.12/site-packages/airflow/example_dags/example_inlet_event_extra.py
[2025-06-21T23:27:45.818+0000] {logging_mixin.py:190} INFO - [2025-06-21T23:27:45.818+0000] {dag.py:3239} INFO - Sync 2 DAGs
[2025-06-21T23:27:45.834+0000] {logging_mixin.py:190} INFO - [2025-06-21T23:27:45.834+0000] {dag.py:4180} INFO - Setting next_dagrun for read_dataset_event to 2025-06-20 00:00:00+00:00, run_after=2025-06-21 00:00:00+00:00
[2025-06-21T23:27:45.837+0000] {logging_mixin.py:190} INFO - [2025-06-21T23:27:45.837+0000] {dag.py:4180} INFO - Setting next_dagrun for read_dataset_event_from_classic to 2025-06-20 00:00:00+00:00, run_after=2025-06-21 00:00:00+00:00
[2025-06-21T23:27:45.852+0000] {processor.py:208} INFO - Processing /home/airflow/.local/lib/python3.12/site-packages/airflow/example_dags/example_inlet_event_extra.py took 0.216 seconds
[2025-06-21T23:28:16.847+0000] {processor.py:186} INFO - Started process (PID=9778) to work on /home/airflow/.local/lib/python3.12/site-packages/airflow/example_dags/example_inlet_event_extra.py
[2025-06-21T23:28:16.849+0000] {processor.py:914} INFO - Processing file /home/airflow/.local/lib/python3.12/site-packages/airflow/example_dags/example_inlet_event_extra.py for tasks to queue
[2025-06-21T23:28:16.851+0000] {logging_mixin.py:190} INFO - [2025-06-21T23:28:16.851+0000] {dagbag.py:588} INFO - Filling up the DagBag from /home/airflow/.local/lib/python3.12/site-packages/airflow/example_dags/example_inlet_event_extra.py
[2025-06-21T23:28:16.949+0000] {processor.py:925} INFO - DAG(s) 'read_dataset_event_from_classic', 'read_dataset_event' retrieved from /home/airflow/.local/lib/python3.12/site-packages/airflow/example_dags/example_inlet_event_extra.py
[2025-06-21T23:28:16.969+0000] {logging_mixin.py:190} INFO - [2025-06-21T23:28:16.969+0000] {dag.py:3239} INFO - Sync 2 DAGs
[2025-06-21T23:28:16.989+0000] {logging_mixin.py:190} INFO - [2025-06-21T23:28:16.989+0000] {dag.py:4180} INFO - Setting next_dagrun for read_dataset_event to 2025-06-20 00:00:00+00:00, run_after=2025-06-21 00:00:00+00:00
[2025-06-21T23:28:16.992+0000] {logging_mixin.py:190} INFO - [2025-06-21T23:28:16.992+0000] {dag.py:4180} INFO - Setting next_dagrun for read_dataset_event_from_classic to 2025-06-20 00:00:00+00:00, run_after=2025-06-21 00:00:00+00:00
[2025-06-21T23:28:17.002+0000] {processor.py:208} INFO - Processing /home/airflow/.local/lib/python3.12/site-packages/airflow/example_dags/example_inlet_event_extra.py took 0.163 seconds
[2025-06-21T23:28:47.460+0000] {processor.py:186} INFO - Started process (PID=9840) to work on /home/airflow/.local/lib/python3.12/site-packages/airflow/example_dags/example_inlet_event_extra.py
[2025-06-21T23:28:47.462+0000] {processor.py:914} INFO - Processing file /home/airflow/.local/lib/python3.12/site-packages/airflow/example_dags/example_inlet_event_extra.py for tasks to queue
[2025-06-21T23:28:47.466+0000] {logging_mixin.py:190} INFO - [2025-06-21T23:28:47.466+0000] {dagbag.py:588} INFO - Filling up the DagBag from /home/airflow/.local/lib/python3.12/site-packages/airflow/example_dags/example_inlet_event_extra.py
[2025-06-21T23:28:47.619+0000] {processor.py:925} INFO - DAG(s) 'read_dataset_event', 'read_dataset_event_from_classic' retrieved from /home/airflow/.local/lib/python3.12/site-packages/airflow/example_dags/example_inlet_event_extra.py
[2025-06-21T23:28:47.649+0000] {logging_mixin.py:190} INFO - [2025-06-21T23:28:47.648+0000] {dag.py:3239} INFO - Sync 2 DAGs
[2025-06-21T23:28:47.670+0000] {logging_mixin.py:190} INFO - [2025-06-21T23:28:47.669+0000] {dag.py:4180} INFO - Setting next_dagrun for read_dataset_event to 2025-06-20 00:00:00+00:00, run_after=2025-06-21 00:00:00+00:00
[2025-06-21T23:28:47.672+0000] {logging_mixin.py:190} INFO - [2025-06-21T23:28:47.672+0000] {dag.py:4180} INFO - Setting next_dagrun for read_dataset_event_from_classic to 2025-06-20 00:00:00+00:00, run_after=2025-06-21 00:00:00+00:00
[2025-06-21T23:28:47.684+0000] {processor.py:208} INFO - Processing /home/airflow/.local/lib/python3.12/site-packages/airflow/example_dags/example_inlet_event_extra.py took 0.235 seconds
[2025-06-21T23:29:18.146+0000] {processor.py:186} INFO - Started process (PID=9902) to work on /home/airflow/.local/lib/python3.12/site-packages/airflow/example_dags/example_inlet_event_extra.py
[2025-06-21T23:29:18.149+0000] {processor.py:914} INFO - Processing file /home/airflow/.local/lib/python3.12/site-packages/airflow/example_dags/example_inlet_event_extra.py for tasks to queue
[2025-06-21T23:29:18.152+0000] {logging_mixin.py:190} INFO - [2025-06-21T23:29:18.152+0000] {dagbag.py:588} INFO - Filling up the DagBag from /home/airflow/.local/lib/python3.12/site-packages/airflow/example_dags/example_inlet_event_extra.py
[2025-06-21T23:29:18.365+0000] {processor.py:925} INFO - DAG(s) 'read_dataset_event', 'read_dataset_event_from_classic' retrieved from /home/airflow/.local/lib/python3.12/site-packages/airflow/example_dags/example_inlet_event_extra.py
[2025-06-21T23:29:18.409+0000] {logging_mixin.py:190} INFO - [2025-06-21T23:29:18.409+0000] {dag.py:3239} INFO - Sync 2 DAGs
[2025-06-21T23:29:18.432+0000] {logging_mixin.py:190} INFO - [2025-06-21T23:29:18.432+0000] {dag.py:4180} INFO - Setting next_dagrun for read_dataset_event to 2025-06-20 00:00:00+00:00, run_after=2025-06-21 00:00:00+00:00
[2025-06-21T23:29:18.435+0000] {logging_mixin.py:190} INFO - [2025-06-21T23:29:18.435+0000] {dag.py:4180} INFO - Setting next_dagrun for read_dataset_event_from_classic to 2025-06-20 00:00:00+00:00, run_after=2025-06-21 00:00:00+00:00
[2025-06-21T23:29:18.445+0000] {processor.py:208} INFO - Processing /home/airflow/.local/lib/python3.12/site-packages/airflow/example_dags/example_inlet_event_extra.py took 0.306 seconds
[2025-06-21T23:29:48.575+0000] {processor.py:186} INFO - Started process (PID=9964) to work on /home/airflow/.local/lib/python3.12/site-packages/airflow/example_dags/example_inlet_event_extra.py
[2025-06-21T23:29:48.578+0000] {processor.py:914} INFO - Processing file /home/airflow/.local/lib/python3.12/site-packages/airflow/example_dags/example_inlet_event_extra.py for tasks to queue
[2025-06-21T23:29:48.585+0000] {logging_mixin.py:190} INFO - [2025-06-21T23:29:48.585+0000] {dagbag.py:588} INFO - Filling up the DagBag from /home/airflow/.local/lib/python3.12/site-packages/airflow/example_dags/example_inlet_event_extra.py
[2025-06-21T23:29:48.795+0000] {processor.py:925} INFO - DAG(s) 'read_dataset_event_from_classic', 'read_dataset_event' retrieved from /home/airflow/.local/lib/python3.12/site-packages/airflow/example_dags/example_inlet_event_extra.py
[2025-06-21T23:29:48.827+0000] {logging_mixin.py:190} INFO - [2025-06-21T23:29:48.827+0000] {dag.py:3239} INFO - Sync 2 DAGs
[2025-06-21T23:29:48.854+0000] {logging_mixin.py:190} INFO - [2025-06-21T23:29:48.854+0000] {dag.py:4180} INFO - Setting next_dagrun for read_dataset_event to 2025-06-20 00:00:00+00:00, run_after=2025-06-21 00:00:00+00:00
[2025-06-21T23:29:48.858+0000] {logging_mixin.py:190} INFO - [2025-06-21T23:29:48.858+0000] {dag.py:4180} INFO - Setting next_dagrun for read_dataset_event_from_classic to 2025-06-20 00:00:00+00:00, run_after=2025-06-21 00:00:00+00:00
[2025-06-21T23:29:48.875+0000] {processor.py:208} INFO - Processing /home/airflow/.local/lib/python3.12/site-packages/airflow/example_dags/example_inlet_event_extra.py took 0.311 seconds
[2025-06-21T23:30:19.685+0000] {processor.py:186} INFO - Started process (PID=10026) to work on /home/airflow/.local/lib/python3.12/site-packages/airflow/example_dags/example_inlet_event_extra.py
[2025-06-21T23:30:19.690+0000] {processor.py:914} INFO - Processing file /home/airflow/.local/lib/python3.12/site-packages/airflow/example_dags/example_inlet_event_extra.py for tasks to queue
[2025-06-21T23:30:19.697+0000] {logging_mixin.py:190} INFO - [2025-06-21T23:30:19.696+0000] {dagbag.py:588} INFO - Filling up the DagBag from /home/airflow/.local/lib/python3.12/site-packages/airflow/example_dags/example_inlet_event_extra.py
[2025-06-21T23:30:19.881+0000] {processor.py:925} INFO - DAG(s) 'read_dataset_event', 'read_dataset_event_from_classic' retrieved from /home/airflow/.local/lib/python3.12/site-packages/airflow/example_dags/example_inlet_event_extra.py
[2025-06-21T23:30:19.911+0000] {logging_mixin.py:190} INFO - [2025-06-21T23:30:19.911+0000] {dag.py:3239} INFO - Sync 2 DAGs
[2025-06-21T23:30:19.937+0000] {logging_mixin.py:190} INFO - [2025-06-21T23:30:19.936+0000] {dag.py:4180} INFO - Setting next_dagrun for read_dataset_event to 2025-06-20 00:00:00+00:00, run_after=2025-06-21 00:00:00+00:00
[2025-06-21T23:30:19.941+0000] {logging_mixin.py:190} INFO - [2025-06-21T23:30:19.941+0000] {dag.py:4180} INFO - Setting next_dagrun for read_dataset_event_from_classic to 2025-06-20 00:00:00+00:00, run_after=2025-06-21 00:00:00+00:00
[2025-06-21T23:30:19.952+0000] {processor.py:208} INFO - Processing /home/airflow/.local/lib/python3.12/site-packages/airflow/example_dags/example_inlet_event_extra.py took 0.283 seconds
[2025-06-21T23:30:49.979+0000] {processor.py:186} INFO - Started process (PID=10090) to work on /home/airflow/.local/lib/python3.12/site-packages/airflow/example_dags/example_inlet_event_extra.py
[2025-06-21T23:30:49.979+0000] {processor.py:914} INFO - Processing file /home/airflow/.local/lib/python3.12/site-packages/airflow/example_dags/example_inlet_event_extra.py for tasks to queue
[2025-06-21T23:30:49.982+0000] {logging_mixin.py:190} INFO - [2025-06-21T23:30:49.981+0000] {dagbag.py:588} INFO - Filling up the DagBag from /home/airflow/.local/lib/python3.12/site-packages/airflow/example_dags/example_inlet_event_extra.py
[2025-06-21T23:30:50.056+0000] {processor.py:925} INFO - DAG(s) 'read_dataset_event', 'read_dataset_event_from_classic' retrieved from /home/airflow/.local/lib/python3.12/site-packages/airflow/example_dags/example_inlet_event_extra.py
[2025-06-21T23:30:50.071+0000] {logging_mixin.py:190} INFO - [2025-06-21T23:30:50.071+0000] {dag.py:3239} INFO - Sync 2 DAGs
[2025-06-21T23:30:50.084+0000] {logging_mixin.py:190} INFO - [2025-06-21T23:30:50.084+0000] {dag.py:4180} INFO - Setting next_dagrun for read_dataset_event to 2025-06-20 00:00:00+00:00, run_after=2025-06-21 00:00:00+00:00
[2025-06-21T23:30:50.086+0000] {logging_mixin.py:190} INFO - [2025-06-21T23:30:50.086+0000] {dag.py:4180} INFO - Setting next_dagrun for read_dataset_event_from_classic to 2025-06-20 00:00:00+00:00, run_after=2025-06-21 00:00:00+00:00
[2025-06-21T23:30:50.095+0000] {processor.py:208} INFO - Processing /home/airflow/.local/lib/python3.12/site-packages/airflow/example_dags/example_inlet_event_extra.py took 0.120 seconds
[2025-06-21T23:31:21.506+0000] {processor.py:186} INFO - Started process (PID=10149) to work on /home/airflow/.local/lib/python3.12/site-packages/airflow/example_dags/example_inlet_event_extra.py
[2025-06-21T23:31:21.507+0000] {processor.py:914} INFO - Processing file /home/airflow/.local/lib/python3.12/site-packages/airflow/example_dags/example_inlet_event_extra.py for tasks to queue
[2025-06-21T23:31:21.510+0000] {logging_mixin.py:190} INFO - [2025-06-21T23:31:21.510+0000] {dagbag.py:588} INFO - Filling up the DagBag from /home/airflow/.local/lib/python3.12/site-packages/airflow/example_dags/example_inlet_event_extra.py
[2025-06-21T23:31:21.660+0000] {processor.py:925} INFO - DAG(s) 'read_dataset_event_from_classic', 'read_dataset_event' retrieved from /home/airflow/.local/lib/python3.12/site-packages/airflow/example_dags/example_inlet_event_extra.py
[2025-06-21T23:31:21.684+0000] {logging_mixin.py:190} INFO - [2025-06-21T23:31:21.684+0000] {dag.py:3239} INFO - Sync 2 DAGs
[2025-06-21T23:31:21.705+0000] {logging_mixin.py:190} INFO - [2025-06-21T23:31:21.705+0000] {dag.py:4180} INFO - Setting next_dagrun for read_dataset_event to 2025-06-20 00:00:00+00:00, run_after=2025-06-21 00:00:00+00:00
[2025-06-21T23:31:21.709+0000] {logging_mixin.py:190} INFO - [2025-06-21T23:31:21.709+0000] {dag.py:4180} INFO - Setting next_dagrun for read_dataset_event_from_classic to 2025-06-20 00:00:00+00:00, run_after=2025-06-21 00:00:00+00:00
[2025-06-21T23:31:21.718+0000] {processor.py:208} INFO - Processing /home/airflow/.local/lib/python3.12/site-packages/airflow/example_dags/example_inlet_event_extra.py took 0.217 seconds
[2025-06-21T23:31:51.759+0000] {processor.py:186} INFO - Started process (PID=10212) to work on /home/airflow/.local/lib/python3.12/site-packages/airflow/example_dags/example_inlet_event_extra.py
[2025-06-21T23:31:51.760+0000] {processor.py:914} INFO - Processing file /home/airflow/.local/lib/python3.12/site-packages/airflow/example_dags/example_inlet_event_extra.py for tasks to queue
[2025-06-21T23:31:51.764+0000] {logging_mixin.py:190} INFO - [2025-06-21T23:31:51.764+0000] {dagbag.py:588} INFO - Filling up the DagBag from /home/airflow/.local/lib/python3.12/site-packages/airflow/example_dags/example_inlet_event_extra.py
[2025-06-21T23:31:51.845+0000] {processor.py:925} INFO - DAG(s) 'read_dataset_event', 'read_dataset_event_from_classic' retrieved from /home/airflow/.local/lib/python3.12/site-packages/airflow/example_dags/example_inlet_event_extra.py
[2025-06-21T23:31:51.858+0000] {logging_mixin.py:190} INFO - [2025-06-21T23:31:51.858+0000] {dag.py:3239} INFO - Sync 2 DAGs
[2025-06-21T23:31:51.870+0000] {logging_mixin.py:190} INFO - [2025-06-21T23:31:51.870+0000] {dag.py:4180} INFO - Setting next_dagrun for read_dataset_event to 2025-06-20 00:00:00+00:00, run_after=2025-06-21 00:00:00+00:00
[2025-06-21T23:31:51.872+0000] {logging_mixin.py:190} INFO - [2025-06-21T23:31:51.872+0000] {dag.py:4180} INFO - Setting next_dagrun for read_dataset_event_from_classic to 2025-06-20 00:00:00+00:00, run_after=2025-06-21 00:00:00+00:00
[2025-06-21T23:31:51.880+0000] {processor.py:208} INFO - Processing /home/airflow/.local/lib/python3.12/site-packages/airflow/example_dags/example_inlet_event_extra.py took 0.124 seconds
[2025-06-21T23:32:22.554+0000] {processor.py:186} INFO - Started process (PID=10275) to work on /home/airflow/.local/lib/python3.12/site-packages/airflow/example_dags/example_inlet_event_extra.py
[2025-06-21T23:32:22.555+0000] {processor.py:914} INFO - Processing file /home/airflow/.local/lib/python3.12/site-packages/airflow/example_dags/example_inlet_event_extra.py for tasks to queue
[2025-06-21T23:32:22.557+0000] {logging_mixin.py:190} INFO - [2025-06-21T23:32:22.557+0000] {dagbag.py:588} INFO - Filling up the DagBag from /home/airflow/.local/lib/python3.12/site-packages/airflow/example_dags/example_inlet_event_extra.py
[2025-06-21T23:32:22.635+0000] {processor.py:925} INFO - DAG(s) 'read_dataset_event_from_classic', 'read_dataset_event' retrieved from /home/airflow/.local/lib/python3.12/site-packages/airflow/example_dags/example_inlet_event_extra.py
[2025-06-21T23:32:22.649+0000] {logging_mixin.py:190} INFO - [2025-06-21T23:32:22.649+0000] {dag.py:3239} INFO - Sync 2 DAGs
[2025-06-21T23:32:22.661+0000] {logging_mixin.py:190} INFO - [2025-06-21T23:32:22.661+0000] {dag.py:4180} INFO - Setting next_dagrun for read_dataset_event to 2025-06-20 00:00:00+00:00, run_after=2025-06-21 00:00:00+00:00
[2025-06-21T23:32:22.664+0000] {logging_mixin.py:190} INFO - [2025-06-21T23:32:22.664+0000] {dag.py:4180} INFO - Setting next_dagrun for read_dataset_event_from_classic to 2025-06-20 00:00:00+00:00, run_after=2025-06-21 00:00:00+00:00
[2025-06-21T23:32:22.671+0000] {processor.py:208} INFO - Processing /home/airflow/.local/lib/python3.12/site-packages/airflow/example_dags/example_inlet_event_extra.py took 0.120 seconds
[2025-06-21T23:32:53.438+0000] {processor.py:186} INFO - Started process (PID=10335) to work on /home/airflow/.local/lib/python3.12/site-packages/airflow/example_dags/example_inlet_event_extra.py
[2025-06-21T23:32:53.438+0000] {processor.py:914} INFO - Processing file /home/airflow/.local/lib/python3.12/site-packages/airflow/example_dags/example_inlet_event_extra.py for tasks to queue
[2025-06-21T23:32:53.440+0000] {logging_mixin.py:190} INFO - [2025-06-21T23:32:53.440+0000] {dagbag.py:588} INFO - Filling up the DagBag from /home/airflow/.local/lib/python3.12/site-packages/airflow/example_dags/example_inlet_event_extra.py
[2025-06-21T23:32:53.521+0000] {processor.py:925} INFO - DAG(s) 'read_dataset_event_from_classic', 'read_dataset_event' retrieved from /home/airflow/.local/lib/python3.12/site-packages/airflow/example_dags/example_inlet_event_extra.py
[2025-06-21T23:32:53.536+0000] {logging_mixin.py:190} INFO - [2025-06-21T23:32:53.536+0000] {dag.py:3239} INFO - Sync 2 DAGs
[2025-06-21T23:32:53.548+0000] {logging_mixin.py:190} INFO - [2025-06-21T23:32:53.548+0000] {dag.py:4180} INFO - Setting next_dagrun for read_dataset_event to 2025-06-20 00:00:00+00:00, run_after=2025-06-21 00:00:00+00:00
[2025-06-21T23:32:53.551+0000] {logging_mixin.py:190} INFO - [2025-06-21T23:32:53.551+0000] {dag.py:4180} INFO - Setting next_dagrun for read_dataset_event_from_classic to 2025-06-20 00:00:00+00:00, run_after=2025-06-21 00:00:00+00:00
[2025-06-21T23:32:53.558+0000] {processor.py:208} INFO - Processing /home/airflow/.local/lib/python3.12/site-packages/airflow/example_dags/example_inlet_event_extra.py took 0.124 seconds
[2025-06-21T23:33:24.306+0000] {processor.py:186} INFO - Started process (PID=10397) to work on /home/airflow/.local/lib/python3.12/site-packages/airflow/example_dags/example_inlet_event_extra.py
[2025-06-21T23:33:24.307+0000] {processor.py:914} INFO - Processing file /home/airflow/.local/lib/python3.12/site-packages/airflow/example_dags/example_inlet_event_extra.py for tasks to queue
[2025-06-21T23:33:24.310+0000] {logging_mixin.py:190} INFO - [2025-06-21T23:33:24.309+0000] {dagbag.py:588} INFO - Filling up the DagBag from /home/airflow/.local/lib/python3.12/site-packages/airflow/example_dags/example_inlet_event_extra.py
[2025-06-21T23:33:24.419+0000] {processor.py:925} INFO - DAG(s) 'read_dataset_event_from_classic', 'read_dataset_event' retrieved from /home/airflow/.local/lib/python3.12/site-packages/airflow/example_dags/example_inlet_event_extra.py
[2025-06-21T23:33:24.434+0000] {logging_mixin.py:190} INFO - [2025-06-21T23:33:24.434+0000] {dag.py:3239} INFO - Sync 2 DAGs
[2025-06-21T23:33:24.450+0000] {logging_mixin.py:190} INFO - [2025-06-21T23:33:24.450+0000] {dag.py:4180} INFO - Setting next_dagrun for read_dataset_event to 2025-06-20 00:00:00+00:00, run_after=2025-06-21 00:00:00+00:00
[2025-06-21T23:33:24.454+0000] {logging_mixin.py:190} INFO - [2025-06-21T23:33:24.453+0000] {dag.py:4180} INFO - Setting next_dagrun for read_dataset_event_from_classic to 2025-06-20 00:00:00+00:00, run_after=2025-06-21 00:00:00+00:00
[2025-06-21T23:33:24.463+0000] {processor.py:208} INFO - Processing /home/airflow/.local/lib/python3.12/site-packages/airflow/example_dags/example_inlet_event_extra.py took 0.162 seconds
[2025-06-21T23:33:55.611+0000] {processor.py:186} INFO - Started process (PID=10459) to work on /home/airflow/.local/lib/python3.12/site-packages/airflow/example_dags/example_inlet_event_extra.py
[2025-06-21T23:33:55.614+0000] {processor.py:914} INFO - Processing file /home/airflow/.local/lib/python3.12/site-packages/airflow/example_dags/example_inlet_event_extra.py for tasks to queue
[2025-06-21T23:33:55.617+0000] {logging_mixin.py:190} INFO - [2025-06-21T23:33:55.617+0000] {dagbag.py:588} INFO - Filling up the DagBag from /home/airflow/.local/lib/python3.12/site-packages/airflow/example_dags/example_inlet_event_extra.py
[2025-06-21T23:33:55.707+0000] {processor.py:925} INFO - DAG(s) 'read_dataset_event_from_classic', 'read_dataset_event' retrieved from /home/airflow/.local/lib/python3.12/site-packages/airflow/example_dags/example_inlet_event_extra.py
[2025-06-21T23:33:55.726+0000] {logging_mixin.py:190} INFO - [2025-06-21T23:33:55.726+0000] {dag.py:3239} INFO - Sync 2 DAGs
[2025-06-21T23:33:55.740+0000] {logging_mixin.py:190} INFO - [2025-06-21T23:33:55.740+0000] {dag.py:4180} INFO - Setting next_dagrun for read_dataset_event to 2025-06-20 00:00:00+00:00, run_after=2025-06-21 00:00:00+00:00
[2025-06-21T23:33:55.744+0000] {logging_mixin.py:190} INFO - [2025-06-21T23:33:55.744+0000] {dag.py:4180} INFO - Setting next_dagrun for read_dataset_event_from_classic to 2025-06-20 00:00:00+00:00, run_after=2025-06-21 00:00:00+00:00
[2025-06-21T23:33:55.763+0000] {processor.py:208} INFO - Processing /home/airflow/.local/lib/python3.12/site-packages/airflow/example_dags/example_inlet_event_extra.py took 0.156 seconds
[2025-06-21T23:34:27.201+0000] {processor.py:186} INFO - Started process (PID=10522) to work on /home/airflow/.local/lib/python3.12/site-packages/airflow/example_dags/example_inlet_event_extra.py
[2025-06-21T23:34:27.201+0000] {processor.py:914} INFO - Processing file /home/airflow/.local/lib/python3.12/site-packages/airflow/example_dags/example_inlet_event_extra.py for tasks to queue
[2025-06-21T23:34:27.203+0000] {logging_mixin.py:190} INFO - [2025-06-21T23:34:27.202+0000] {dagbag.py:588} INFO - Filling up the DagBag from /home/airflow/.local/lib/python3.12/site-packages/airflow/example_dags/example_inlet_event_extra.py
[2025-06-21T23:34:27.338+0000] {processor.py:925} INFO - DAG(s) 'read_dataset_event', 'read_dataset_event_from_classic' retrieved from /home/airflow/.local/lib/python3.12/site-packages/airflow/example_dags/example_inlet_event_extra.py
[2025-06-21T23:34:27.357+0000] {logging_mixin.py:190} INFO - [2025-06-21T23:34:27.357+0000] {dag.py:3239} INFO - Sync 2 DAGs
[2025-06-21T23:34:27.380+0000] {logging_mixin.py:190} INFO - [2025-06-21T23:34:27.380+0000] {dag.py:4180} INFO - Setting next_dagrun for read_dataset_event to 2025-06-20 00:00:00+00:00, run_after=2025-06-21 00:00:00+00:00
[2025-06-21T23:34:27.384+0000] {logging_mixin.py:190} INFO - [2025-06-21T23:34:27.383+0000] {dag.py:4180} INFO - Setting next_dagrun for read_dataset_event_from_classic to 2025-06-20 00:00:00+00:00, run_after=2025-06-21 00:00:00+00:00
[2025-06-21T23:34:27.396+0000] {processor.py:208} INFO - Processing /home/airflow/.local/lib/python3.12/site-packages/airflow/example_dags/example_inlet_event_extra.py took 0.198 seconds
[2025-06-21T23:34:58.258+0000] {processor.py:186} INFO - Started process (PID=10586) to work on /home/airflow/.local/lib/python3.12/site-packages/airflow/example_dags/example_inlet_event_extra.py
[2025-06-21T23:34:58.261+0000] {processor.py:914} INFO - Processing file /home/airflow/.local/lib/python3.12/site-packages/airflow/example_dags/example_inlet_event_extra.py for tasks to queue
[2025-06-21T23:34:58.263+0000] {logging_mixin.py:190} INFO - [2025-06-21T23:34:58.262+0000] {dagbag.py:588} INFO - Filling up the DagBag from /home/airflow/.local/lib/python3.12/site-packages/airflow/example_dags/example_inlet_event_extra.py
[2025-06-21T23:34:58.371+0000] {processor.py:925} INFO - DAG(s) 'read_dataset_event', 'read_dataset_event_from_classic' retrieved from /home/airflow/.local/lib/python3.12/site-packages/airflow/example_dags/example_inlet_event_extra.py
[2025-06-21T23:34:58.400+0000] {logging_mixin.py:190} INFO - [2025-06-21T23:34:58.399+0000] {dag.py:3239} INFO - Sync 2 DAGs
[2025-06-21T23:34:58.422+0000] {logging_mixin.py:190} INFO - [2025-06-21T23:34:58.421+0000] {dag.py:4180} INFO - Setting next_dagrun for read_dataset_event to 2025-06-20 00:00:00+00:00, run_after=2025-06-21 00:00:00+00:00
[2025-06-21T23:34:58.426+0000] {logging_mixin.py:190} INFO - [2025-06-21T23:34:58.425+0000] {dag.py:4180} INFO - Setting next_dagrun for read_dataset_event_from_classic to 2025-06-20 00:00:00+00:00, run_after=2025-06-21 00:00:00+00:00
[2025-06-21T23:34:58.435+0000] {processor.py:208} INFO - Processing /home/airflow/.local/lib/python3.12/site-packages/airflow/example_dags/example_inlet_event_extra.py took 0.183 seconds
[2025-06-21T23:35:28.812+0000] {processor.py:186} INFO - Started process (PID=10648) to work on /home/airflow/.local/lib/python3.12/site-packages/airflow/example_dags/example_inlet_event_extra.py
[2025-06-21T23:35:28.813+0000] {processor.py:914} INFO - Processing file /home/airflow/.local/lib/python3.12/site-packages/airflow/example_dags/example_inlet_event_extra.py for tasks to queue
[2025-06-21T23:35:28.815+0000] {logging_mixin.py:190} INFO - [2025-06-21T23:35:28.815+0000] {dagbag.py:588} INFO - Filling up the DagBag from /home/airflow/.local/lib/python3.12/site-packages/airflow/example_dags/example_inlet_event_extra.py
[2025-06-21T23:35:28.884+0000] {processor.py:925} INFO - DAG(s) 'read_dataset_event', 'read_dataset_event_from_classic' retrieved from /home/airflow/.local/lib/python3.12/site-packages/airflow/example_dags/example_inlet_event_extra.py
[2025-06-21T23:35:28.897+0000] {logging_mixin.py:190} INFO - [2025-06-21T23:35:28.897+0000] {dag.py:3239} INFO - Sync 2 DAGs
[2025-06-21T23:35:28.910+0000] {logging_mixin.py:190} INFO - [2025-06-21T23:35:28.910+0000] {dag.py:4180} INFO - Setting next_dagrun for read_dataset_event to 2025-06-20 00:00:00+00:00, run_after=2025-06-21 00:00:00+00:00
[2025-06-21T23:35:28.913+0000] {logging_mixin.py:190} INFO - [2025-06-21T23:35:28.913+0000] {dag.py:4180} INFO - Setting next_dagrun for read_dataset_event_from_classic to 2025-06-20 00:00:00+00:00, run_after=2025-06-21 00:00:00+00:00
[2025-06-21T23:35:28.921+0000] {processor.py:208} INFO - Processing /home/airflow/.local/lib/python3.12/site-packages/airflow/example_dags/example_inlet_event_extra.py took 0.115 seconds
[2025-06-21T23:35:59.914+0000] {processor.py:186} INFO - Started process (PID=10710) to work on /home/airflow/.local/lib/python3.12/site-packages/airflow/example_dags/example_inlet_event_extra.py
[2025-06-21T23:35:59.914+0000] {processor.py:914} INFO - Processing file /home/airflow/.local/lib/python3.12/site-packages/airflow/example_dags/example_inlet_event_extra.py for tasks to queue
[2025-06-21T23:35:59.916+0000] {logging_mixin.py:190} INFO - [2025-06-21T23:35:59.916+0000] {dagbag.py:588} INFO - Filling up the DagBag from /home/airflow/.local/lib/python3.12/site-packages/airflow/example_dags/example_inlet_event_extra.py
[2025-06-21T23:35:59.988+0000] {processor.py:925} INFO - DAG(s) 'read_dataset_event_from_classic', 'read_dataset_event' retrieved from /home/airflow/.local/lib/python3.12/site-packages/airflow/example_dags/example_inlet_event_extra.py
[2025-06-21T23:35:59.998+0000] {logging_mixin.py:190} INFO - [2025-06-21T23:35:59.998+0000] {dag.py:3239} INFO - Sync 2 DAGs
[2025-06-21T23:36:00.011+0000] {logging_mixin.py:190} INFO - [2025-06-21T23:36:00.011+0000] {dag.py:4180} INFO - Setting next_dagrun for read_dataset_event to 2025-06-20 00:00:00+00:00, run_after=2025-06-21 00:00:00+00:00
[2025-06-21T23:36:00.015+0000] {logging_mixin.py:190} INFO - [2025-06-21T23:36:00.015+0000] {dag.py:4180} INFO - Setting next_dagrun for read_dataset_event_from_classic to 2025-06-20 00:00:00+00:00, run_after=2025-06-21 00:00:00+00:00
[2025-06-21T23:36:00.024+0000] {processor.py:208} INFO - Processing /home/airflow/.local/lib/python3.12/site-packages/airflow/example_dags/example_inlet_event_extra.py took 0.113 seconds
[2025-06-21T23:36:30.994+0000] {processor.py:186} INFO - Started process (PID=10772) to work on /home/airflow/.local/lib/python3.12/site-packages/airflow/example_dags/example_inlet_event_extra.py
[2025-06-21T23:36:30.994+0000] {processor.py:914} INFO - Processing file /home/airflow/.local/lib/python3.12/site-packages/airflow/example_dags/example_inlet_event_extra.py for tasks to queue
[2025-06-21T23:36:30.996+0000] {logging_mixin.py:190} INFO - [2025-06-21T23:36:30.996+0000] {dagbag.py:588} INFO - Filling up the DagBag from /home/airflow/.local/lib/python3.12/site-packages/airflow/example_dags/example_inlet_event_extra.py
[2025-06-21T23:36:31.076+0000] {processor.py:925} INFO - DAG(s) 'read_dataset_event_from_classic', 'read_dataset_event' retrieved from /home/airflow/.local/lib/python3.12/site-packages/airflow/example_dags/example_inlet_event_extra.py
[2025-06-21T23:36:31.092+0000] {logging_mixin.py:190} INFO - [2025-06-21T23:36:31.092+0000] {dag.py:3239} INFO - Sync 2 DAGs
[2025-06-21T23:36:31.106+0000] {logging_mixin.py:190} INFO - [2025-06-21T23:36:31.105+0000] {dag.py:4180} INFO - Setting next_dagrun for read_dataset_event to 2025-06-20 00:00:00+00:00, run_after=2025-06-21 00:00:00+00:00
[2025-06-21T23:36:31.109+0000] {logging_mixin.py:190} INFO - [2025-06-21T23:36:31.109+0000] {dag.py:4180} INFO - Setting next_dagrun for read_dataset_event_from_classic to 2025-06-20 00:00:00+00:00, run_after=2025-06-21 00:00:00+00:00
[2025-06-21T23:36:31.125+0000] {processor.py:208} INFO - Processing /home/airflow/.local/lib/python3.12/site-packages/airflow/example_dags/example_inlet_event_extra.py took 0.134 seconds
[2025-06-21T23:37:01.977+0000] {processor.py:186} INFO - Started process (PID=10834) to work on /home/airflow/.local/lib/python3.12/site-packages/airflow/example_dags/example_inlet_event_extra.py
[2025-06-21T23:37:01.978+0000] {processor.py:914} INFO - Processing file /home/airflow/.local/lib/python3.12/site-packages/airflow/example_dags/example_inlet_event_extra.py for tasks to queue
[2025-06-21T23:37:01.980+0000] {logging_mixin.py:190} INFO - [2025-06-21T23:37:01.980+0000] {dagbag.py:588} INFO - Filling up the DagBag from /home/airflow/.local/lib/python3.12/site-packages/airflow/example_dags/example_inlet_event_extra.py
[2025-06-21T23:37:02.076+0000] {processor.py:925} INFO - DAG(s) 'read_dataset_event_from_classic', 'read_dataset_event' retrieved from /home/airflow/.local/lib/python3.12/site-packages/airflow/example_dags/example_inlet_event_extra.py
[2025-06-21T23:37:02.088+0000] {logging_mixin.py:190} INFO - [2025-06-21T23:37:02.088+0000] {dag.py:3239} INFO - Sync 2 DAGs
[2025-06-21T23:37:02.102+0000] {logging_mixin.py:190} INFO - [2025-06-21T23:37:02.102+0000] {dag.py:4180} INFO - Setting next_dagrun for read_dataset_event to 2025-06-20 00:00:00+00:00, run_after=2025-06-21 00:00:00+00:00
[2025-06-21T23:37:02.106+0000] {logging_mixin.py:190} INFO - [2025-06-21T23:37:02.106+0000] {dag.py:4180} INFO - Setting next_dagrun for read_dataset_event_from_classic to 2025-06-20 00:00:00+00:00, run_after=2025-06-21 00:00:00+00:00
[2025-06-21T23:37:02.118+0000] {processor.py:208} INFO - Processing /home/airflow/.local/lib/python3.12/site-packages/airflow/example_dags/example_inlet_event_extra.py took 0.144 seconds
[2025-06-21T23:37:32.872+0000] {processor.py:186} INFO - Started process (PID=10896) to work on /home/airflow/.local/lib/python3.12/site-packages/airflow/example_dags/example_inlet_event_extra.py
[2025-06-21T23:37:32.874+0000] {processor.py:914} INFO - Processing file /home/airflow/.local/lib/python3.12/site-packages/airflow/example_dags/example_inlet_event_extra.py for tasks to queue
[2025-06-21T23:37:32.875+0000] {logging_mixin.py:190} INFO - [2025-06-21T23:37:32.875+0000] {dagbag.py:588} INFO - Filling up the DagBag from /home/airflow/.local/lib/python3.12/site-packages/airflow/example_dags/example_inlet_event_extra.py
[2025-06-21T23:37:32.970+0000] {processor.py:925} INFO - DAG(s) 'read_dataset_event_from_classic', 'read_dataset_event' retrieved from /home/airflow/.local/lib/python3.12/site-packages/airflow/example_dags/example_inlet_event_extra.py
[2025-06-21T23:37:32.987+0000] {logging_mixin.py:190} INFO - [2025-06-21T23:37:32.987+0000] {dag.py:3239} INFO - Sync 2 DAGs
[2025-06-21T23:37:33.005+0000] {logging_mixin.py:190} INFO - [2025-06-21T23:37:33.004+0000] {dag.py:4180} INFO - Setting next_dagrun for read_dataset_event to 2025-06-20 00:00:00+00:00, run_after=2025-06-21 00:00:00+00:00
[2025-06-21T23:37:33.007+0000] {logging_mixin.py:190} INFO - [2025-06-21T23:37:33.007+0000] {dag.py:4180} INFO - Setting next_dagrun for read_dataset_event_from_classic to 2025-06-20 00:00:00+00:00, run_after=2025-06-21 00:00:00+00:00
[2025-06-21T23:37:33.021+0000] {processor.py:208} INFO - Processing /home/airflow/.local/lib/python3.12/site-packages/airflow/example_dags/example_inlet_event_extra.py took 0.153 seconds
[2025-06-21T23:38:04.020+0000] {processor.py:186} INFO - Started process (PID=10958) to work on /home/airflow/.local/lib/python3.12/site-packages/airflow/example_dags/example_inlet_event_extra.py
[2025-06-21T23:38:04.022+0000] {processor.py:914} INFO - Processing file /home/airflow/.local/lib/python3.12/site-packages/airflow/example_dags/example_inlet_event_extra.py for tasks to queue
[2025-06-21T23:38:04.026+0000] {logging_mixin.py:190} INFO - [2025-06-21T23:38:04.025+0000] {dagbag.py:588} INFO - Filling up the DagBag from /home/airflow/.local/lib/python3.12/site-packages/airflow/example_dags/example_inlet_event_extra.py
[2025-06-21T23:38:04.178+0000] {processor.py:925} INFO - DAG(s) 'read_dataset_event', 'read_dataset_event_from_classic' retrieved from /home/airflow/.local/lib/python3.12/site-packages/airflow/example_dags/example_inlet_event_extra.py
[2025-06-21T23:38:04.198+0000] {logging_mixin.py:190} INFO - [2025-06-21T23:38:04.198+0000] {dag.py:3239} INFO - Sync 2 DAGs
[2025-06-21T23:38:04.218+0000] {logging_mixin.py:190} INFO - [2025-06-21T23:38:04.218+0000] {dag.py:4180} INFO - Setting next_dagrun for read_dataset_event to 2025-06-20 00:00:00+00:00, run_after=2025-06-21 00:00:00+00:00
[2025-06-21T23:38:04.224+0000] {logging_mixin.py:190} INFO - [2025-06-21T23:38:04.224+0000] {dag.py:4180} INFO - Setting next_dagrun for read_dataset_event_from_classic to 2025-06-20 00:00:00+00:00, run_after=2025-06-21 00:00:00+00:00
[2025-06-21T23:38:04.242+0000] {processor.py:208} INFO - Processing /home/airflow/.local/lib/python3.12/site-packages/airflow/example_dags/example_inlet_event_extra.py took 0.226 seconds
[2025-06-21T23:38:34.985+0000] {processor.py:186} INFO - Started process (PID=11020) to work on /home/airflow/.local/lib/python3.12/site-packages/airflow/example_dags/example_inlet_event_extra.py
[2025-06-21T23:38:34.986+0000] {processor.py:914} INFO - Processing file /home/airflow/.local/lib/python3.12/site-packages/airflow/example_dags/example_inlet_event_extra.py for tasks to queue
[2025-06-21T23:38:34.987+0000] {logging_mixin.py:190} INFO - [2025-06-21T23:38:34.987+0000] {dagbag.py:588} INFO - Filling up the DagBag from /home/airflow/.local/lib/python3.12/site-packages/airflow/example_dags/example_inlet_event_extra.py
[2025-06-21T23:38:35.123+0000] {processor.py:925} INFO - DAG(s) 'read_dataset_event', 'read_dataset_event_from_classic' retrieved from /home/airflow/.local/lib/python3.12/site-packages/airflow/example_dags/example_inlet_event_extra.py
[2025-06-21T23:38:35.144+0000] {logging_mixin.py:190} INFO - [2025-06-21T23:38:35.144+0000] {dag.py:3239} INFO - Sync 2 DAGs
[2025-06-21T23:38:35.160+0000] {logging_mixin.py:190} INFO - [2025-06-21T23:38:35.160+0000] {dag.py:4180} INFO - Setting next_dagrun for read_dataset_event to 2025-06-20 00:00:00+00:00, run_after=2025-06-21 00:00:00+00:00
[2025-06-21T23:38:35.163+0000] {logging_mixin.py:190} INFO - [2025-06-21T23:38:35.163+0000] {dag.py:4180} INFO - Setting next_dagrun for read_dataset_event_from_classic to 2025-06-20 00:00:00+00:00, run_after=2025-06-21 00:00:00+00:00
[2025-06-21T23:38:35.177+0000] {processor.py:208} INFO - Processing /home/airflow/.local/lib/python3.12/site-packages/airflow/example_dags/example_inlet_event_extra.py took 0.196 seconds
[2025-06-21T23:39:05.769+0000] {processor.py:186} INFO - Started process (PID=11082) to work on /home/airflow/.local/lib/python3.12/site-packages/airflow/example_dags/example_inlet_event_extra.py
[2025-06-21T23:39:05.770+0000] {processor.py:914} INFO - Processing file /home/airflow/.local/lib/python3.12/site-packages/airflow/example_dags/example_inlet_event_extra.py for tasks to queue
[2025-06-21T23:39:05.772+0000] {logging_mixin.py:190} INFO - [2025-06-21T23:39:05.772+0000] {dagbag.py:588} INFO - Filling up the DagBag from /home/airflow/.local/lib/python3.12/site-packages/airflow/example_dags/example_inlet_event_extra.py
[2025-06-21T23:39:05.867+0000] {processor.py:925} INFO - DAG(s) 'read_dataset_event', 'read_dataset_event_from_classic' retrieved from /home/airflow/.local/lib/python3.12/site-packages/airflow/example_dags/example_inlet_event_extra.py
[2025-06-21T23:39:05.878+0000] {logging_mixin.py:190} INFO - [2025-06-21T23:39:05.878+0000] {dag.py:3239} INFO - Sync 2 DAGs
[2025-06-21T23:39:05.891+0000] {logging_mixin.py:190} INFO - [2025-06-21T23:39:05.890+0000] {dag.py:4180} INFO - Setting next_dagrun for read_dataset_event to 2025-06-20 00:00:00+00:00, run_after=2025-06-21 00:00:00+00:00
[2025-06-21T23:39:05.893+0000] {logging_mixin.py:190} INFO - [2025-06-21T23:39:05.893+0000] {dag.py:4180} INFO - Setting next_dagrun for read_dataset_event_from_classic to 2025-06-20 00:00:00+00:00, run_after=2025-06-21 00:00:00+00:00
[2025-06-21T23:39:05.899+0000] {processor.py:208} INFO - Processing /home/airflow/.local/lib/python3.12/site-packages/airflow/example_dags/example_inlet_event_extra.py took 0.134 seconds
[2025-06-21T23:39:36.203+0000] {processor.py:186} INFO - Started process (PID=11144) to work on /home/airflow/.local/lib/python3.12/site-packages/airflow/example_dags/example_inlet_event_extra.py
[2025-06-21T23:39:36.204+0000] {processor.py:914} INFO - Processing file /home/airflow/.local/lib/python3.12/site-packages/airflow/example_dags/example_inlet_event_extra.py for tasks to queue
[2025-06-21T23:39:36.206+0000] {logging_mixin.py:190} INFO - [2025-06-21T23:39:36.206+0000] {dagbag.py:588} INFO - Filling up the DagBag from /home/airflow/.local/lib/python3.12/site-packages/airflow/example_dags/example_inlet_event_extra.py
[2025-06-21T23:39:36.311+0000] {processor.py:925} INFO - DAG(s) 'read_dataset_event_from_classic', 'read_dataset_event' retrieved from /home/airflow/.local/lib/python3.12/site-packages/airflow/example_dags/example_inlet_event_extra.py
[2025-06-21T23:39:36.323+0000] {logging_mixin.py:190} INFO - [2025-06-21T23:39:36.323+0000] {dag.py:3239} INFO - Sync 2 DAGs
[2025-06-21T23:39:36.344+0000] {logging_mixin.py:190} INFO - [2025-06-21T23:39:36.344+0000] {dag.py:4180} INFO - Setting next_dagrun for read_dataset_event to 2025-06-20 00:00:00+00:00, run_after=2025-06-21 00:00:00+00:00
[2025-06-21T23:39:36.348+0000] {logging_mixin.py:190} INFO - [2025-06-21T23:39:36.348+0000] {dag.py:4180} INFO - Setting next_dagrun for read_dataset_event_from_classic to 2025-06-20 00:00:00+00:00, run_after=2025-06-21 00:00:00+00:00
[2025-06-21T23:39:36.359+0000] {processor.py:208} INFO - Processing /home/airflow/.local/lib/python3.12/site-packages/airflow/example_dags/example_inlet_event_extra.py took 0.162 seconds
[2025-06-21T23:40:06.387+0000] {processor.py:186} INFO - Started process (PID=11207) to work on /home/airflow/.local/lib/python3.12/site-packages/airflow/example_dags/example_inlet_event_extra.py
[2025-06-21T23:40:06.388+0000] {processor.py:914} INFO - Processing file /home/airflow/.local/lib/python3.12/site-packages/airflow/example_dags/example_inlet_event_extra.py for tasks to queue
[2025-06-21T23:40:06.390+0000] {logging_mixin.py:190} INFO - [2025-06-21T23:40:06.390+0000] {dagbag.py:588} INFO - Filling up the DagBag from /home/airflow/.local/lib/python3.12/site-packages/airflow/example_dags/example_inlet_event_extra.py
[2025-06-21T23:40:06.520+0000] {processor.py:925} INFO - DAG(s) 'read_dataset_event', 'read_dataset_event_from_classic' retrieved from /home/airflow/.local/lib/python3.12/site-packages/airflow/example_dags/example_inlet_event_extra.py
[2025-06-21T23:40:06.540+0000] {logging_mixin.py:190} INFO - [2025-06-21T23:40:06.539+0000] {dag.py:3239} INFO - Sync 2 DAGs
[2025-06-21T23:40:06.554+0000] {logging_mixin.py:190} INFO - [2025-06-21T23:40:06.553+0000] {dag.py:4180} INFO - Setting next_dagrun for read_dataset_event to 2025-06-20 00:00:00+00:00, run_after=2025-06-21 00:00:00+00:00
[2025-06-21T23:40:06.557+0000] {logging_mixin.py:190} INFO - [2025-06-21T23:40:06.557+0000] {dag.py:4180} INFO - Setting next_dagrun for read_dataset_event_from_classic to 2025-06-20 00:00:00+00:00, run_after=2025-06-21 00:00:00+00:00
[2025-06-21T23:40:06.572+0000] {processor.py:208} INFO - Processing /home/airflow/.local/lib/python3.12/site-packages/airflow/example_dags/example_inlet_event_extra.py took 0.189 seconds
[2025-06-21T23:40:36.877+0000] {processor.py:186} INFO - Started process (PID=11268) to work on /home/airflow/.local/lib/python3.12/site-packages/airflow/example_dags/example_inlet_event_extra.py
[2025-06-21T23:40:36.878+0000] {processor.py:914} INFO - Processing file /home/airflow/.local/lib/python3.12/site-packages/airflow/example_dags/example_inlet_event_extra.py for tasks to queue
[2025-06-21T23:40:36.882+0000] {logging_mixin.py:190} INFO - [2025-06-21T23:40:36.881+0000] {dagbag.py:588} INFO - Filling up the DagBag from /home/airflow/.local/lib/python3.12/site-packages/airflow/example_dags/example_inlet_event_extra.py
[2025-06-21T23:40:36.979+0000] {processor.py:925} INFO - DAG(s) 'read_dataset_event', 'read_dataset_event_from_classic' retrieved from /home/airflow/.local/lib/python3.12/site-packages/airflow/example_dags/example_inlet_event_extra.py
[2025-06-21T23:40:36.994+0000] {logging_mixin.py:190} INFO - [2025-06-21T23:40:36.994+0000] {dag.py:3239} INFO - Sync 2 DAGs
[2025-06-21T23:40:37.006+0000] {logging_mixin.py:190} INFO - [2025-06-21T23:40:37.006+0000] {dag.py:4180} INFO - Setting next_dagrun for read_dataset_event to 2025-06-20 00:00:00+00:00, run_after=2025-06-21 00:00:00+00:00
[2025-06-21T23:40:37.009+0000] {logging_mixin.py:190} INFO - [2025-06-21T23:40:37.009+0000] {dag.py:4180} INFO - Setting next_dagrun for read_dataset_event_from_classic to 2025-06-20 00:00:00+00:00, run_after=2025-06-21 00:00:00+00:00
[2025-06-21T23:40:37.020+0000] {processor.py:208} INFO - Processing /home/airflow/.local/lib/python3.12/site-packages/airflow/example_dags/example_inlet_event_extra.py took 0.151 seconds
[2025-06-21T23:41:07.306+0000] {processor.py:186} INFO - Started process (PID=11330) to work on /home/airflow/.local/lib/python3.12/site-packages/airflow/example_dags/example_inlet_event_extra.py
[2025-06-21T23:41:07.309+0000] {processor.py:914} INFO - Processing file /home/airflow/.local/lib/python3.12/site-packages/airflow/example_dags/example_inlet_event_extra.py for tasks to queue
[2025-06-21T23:41:07.311+0000] {logging_mixin.py:190} INFO - [2025-06-21T23:41:07.311+0000] {dagbag.py:588} INFO - Filling up the DagBag from /home/airflow/.local/lib/python3.12/site-packages/airflow/example_dags/example_inlet_event_extra.py
[2025-06-21T23:41:07.396+0000] {processor.py:925} INFO - DAG(s) 'read_dataset_event_from_classic', 'read_dataset_event' retrieved from /home/airflow/.local/lib/python3.12/site-packages/airflow/example_dags/example_inlet_event_extra.py
[2025-06-21T23:41:07.410+0000] {logging_mixin.py:190} INFO - [2025-06-21T23:41:07.410+0000] {dag.py:3239} INFO - Sync 2 DAGs
[2025-06-21T23:41:07.422+0000] {logging_mixin.py:190} INFO - [2025-06-21T23:41:07.422+0000] {dag.py:4180} INFO - Setting next_dagrun for read_dataset_event to 2025-06-20 00:00:00+00:00, run_after=2025-06-21 00:00:00+00:00
[2025-06-21T23:41:07.425+0000] {logging_mixin.py:190} INFO - [2025-06-21T23:41:07.425+0000] {dag.py:4180} INFO - Setting next_dagrun for read_dataset_event_from_classic to 2025-06-20 00:00:00+00:00, run_after=2025-06-21 00:00:00+00:00
[2025-06-21T23:41:07.433+0000] {processor.py:208} INFO - Processing /home/airflow/.local/lib/python3.12/site-packages/airflow/example_dags/example_inlet_event_extra.py took 0.131 seconds
[2025-06-21T23:41:38.402+0000] {processor.py:186} INFO - Started process (PID=11394) to work on /home/airflow/.local/lib/python3.12/site-packages/airflow/example_dags/example_inlet_event_extra.py
[2025-06-21T23:41:38.403+0000] {processor.py:914} INFO - Processing file /home/airflow/.local/lib/python3.12/site-packages/airflow/example_dags/example_inlet_event_extra.py for tasks to queue
[2025-06-21T23:41:38.404+0000] {logging_mixin.py:190} INFO - [2025-06-21T23:41:38.404+0000] {dagbag.py:588} INFO - Filling up the DagBag from /home/airflow/.local/lib/python3.12/site-packages/airflow/example_dags/example_inlet_event_extra.py
[2025-06-21T23:41:38.500+0000] {processor.py:925} INFO - DAG(s) 'read_dataset_event_from_classic', 'read_dataset_event' retrieved from /home/airflow/.local/lib/python3.12/site-packages/airflow/example_dags/example_inlet_event_extra.py
[2025-06-21T23:41:38.511+0000] {logging_mixin.py:190} INFO - [2025-06-21T23:41:38.511+0000] {dag.py:3239} INFO - Sync 2 DAGs
[2025-06-21T23:41:38.522+0000] {logging_mixin.py:190} INFO - [2025-06-21T23:41:38.522+0000] {dag.py:4180} INFO - Setting next_dagrun for read_dataset_event to 2025-06-20 00:00:00+00:00, run_after=2025-06-21 00:00:00+00:00
[2025-06-21T23:41:38.524+0000] {logging_mixin.py:190} INFO - [2025-06-21T23:41:38.524+0000] {dag.py:4180} INFO - Setting next_dagrun for read_dataset_event_from_classic to 2025-06-20 00:00:00+00:00, run_after=2025-06-21 00:00:00+00:00
[2025-06-21T23:41:38.532+0000] {processor.py:208} INFO - Processing /home/airflow/.local/lib/python3.12/site-packages/airflow/example_dags/example_inlet_event_extra.py took 0.133 seconds
[2025-06-21T23:42:08.784+0000] {processor.py:186} INFO - Started process (PID=11456) to work on /home/airflow/.local/lib/python3.12/site-packages/airflow/example_dags/example_inlet_event_extra.py
[2025-06-21T23:42:08.784+0000] {processor.py:914} INFO - Processing file /home/airflow/.local/lib/python3.12/site-packages/airflow/example_dags/example_inlet_event_extra.py for tasks to queue
[2025-06-21T23:42:08.786+0000] {logging_mixin.py:190} INFO - [2025-06-21T23:42:08.785+0000] {dagbag.py:588} INFO - Filling up the DagBag from /home/airflow/.local/lib/python3.12/site-packages/airflow/example_dags/example_inlet_event_extra.py
[2025-06-21T23:42:08.895+0000] {processor.py:925} INFO - DAG(s) 'read_dataset_event', 'read_dataset_event_from_classic' retrieved from /home/airflow/.local/lib/python3.12/site-packages/airflow/example_dags/example_inlet_event_extra.py
[2025-06-21T23:42:08.914+0000] {logging_mixin.py:190} INFO - [2025-06-21T23:42:08.914+0000] {dag.py:3239} INFO - Sync 2 DAGs
[2025-06-21T23:42:08.928+0000] {logging_mixin.py:190} INFO - [2025-06-21T23:42:08.928+0000] {dag.py:4180} INFO - Setting next_dagrun for read_dataset_event to 2025-06-20 00:00:00+00:00, run_after=2025-06-21 00:00:00+00:00
[2025-06-21T23:42:08.931+0000] {logging_mixin.py:190} INFO - [2025-06-21T23:42:08.931+0000] {dag.py:4180} INFO - Setting next_dagrun for read_dataset_event_from_classic to 2025-06-20 00:00:00+00:00, run_after=2025-06-21 00:00:00+00:00
[2025-06-21T23:42:08.940+0000] {processor.py:208} INFO - Processing /home/airflow/.local/lib/python3.12/site-packages/airflow/example_dags/example_inlet_event_extra.py took 0.160 seconds
[2025-06-21T23:42:39.313+0000] {processor.py:186} INFO - Started process (PID=11518) to work on /home/airflow/.local/lib/python3.12/site-packages/airflow/example_dags/example_inlet_event_extra.py
[2025-06-21T23:42:39.314+0000] {processor.py:914} INFO - Processing file /home/airflow/.local/lib/python3.12/site-packages/airflow/example_dags/example_inlet_event_extra.py for tasks to queue
[2025-06-21T23:42:39.315+0000] {logging_mixin.py:190} INFO - [2025-06-21T23:42:39.315+0000] {dagbag.py:588} INFO - Filling up the DagBag from /home/airflow/.local/lib/python3.12/site-packages/airflow/example_dags/example_inlet_event_extra.py
[2025-06-21T23:42:39.399+0000] {processor.py:925} INFO - DAG(s) 'read_dataset_event_from_classic', 'read_dataset_event' retrieved from /home/airflow/.local/lib/python3.12/site-packages/airflow/example_dags/example_inlet_event_extra.py
[2025-06-21T23:42:39.410+0000] {logging_mixin.py:190} INFO - [2025-06-21T23:42:39.410+0000] {dag.py:3239} INFO - Sync 2 DAGs
[2025-06-21T23:42:39.421+0000] {logging_mixin.py:190} INFO - [2025-06-21T23:42:39.421+0000] {dag.py:4180} INFO - Setting next_dagrun for read_dataset_event to 2025-06-20 00:00:00+00:00, run_after=2025-06-21 00:00:00+00:00
[2025-06-21T23:42:39.423+0000] {logging_mixin.py:190} INFO - [2025-06-21T23:42:39.423+0000] {dag.py:4180} INFO - Setting next_dagrun for read_dataset_event_from_classic to 2025-06-20 00:00:00+00:00, run_after=2025-06-21 00:00:00+00:00
[2025-06-21T23:42:39.429+0000] {processor.py:208} INFO - Processing /home/airflow/.local/lib/python3.12/site-packages/airflow/example_dags/example_inlet_event_extra.py took 0.119 seconds
[2025-06-21T23:43:09.996+0000] {processor.py:186} INFO - Started process (PID=11580) to work on /home/airflow/.local/lib/python3.12/site-packages/airflow/example_dags/example_inlet_event_extra.py
[2025-06-21T23:43:09.997+0000] {processor.py:914} INFO - Processing file /home/airflow/.local/lib/python3.12/site-packages/airflow/example_dags/example_inlet_event_extra.py for tasks to queue
[2025-06-21T23:43:10.000+0000] {logging_mixin.py:190} INFO - [2025-06-21T23:43:09.999+0000] {dagbag.py:588} INFO - Filling up the DagBag from /home/airflow/.local/lib/python3.12/site-packages/airflow/example_dags/example_inlet_event_extra.py
[2025-06-21T23:43:10.083+0000] {processor.py:925} INFO - DAG(s) 'read_dataset_event', 'read_dataset_event_from_classic' retrieved from /home/airflow/.local/lib/python3.12/site-packages/airflow/example_dags/example_inlet_event_extra.py
[2025-06-21T23:43:10.099+0000] {logging_mixin.py:190} INFO - [2025-06-21T23:43:10.099+0000] {dag.py:3239} INFO - Sync 2 DAGs
[2025-06-21T23:43:10.114+0000] {logging_mixin.py:190} INFO - [2025-06-21T23:43:10.114+0000] {dag.py:4180} INFO - Setting next_dagrun for read_dataset_event to 2025-06-20 00:00:00+00:00, run_after=2025-06-21 00:00:00+00:00
[2025-06-21T23:43:10.119+0000] {logging_mixin.py:190} INFO - [2025-06-21T23:43:10.119+0000] {dag.py:4180} INFO - Setting next_dagrun for read_dataset_event_from_classic to 2025-06-20 00:00:00+00:00, run_after=2025-06-21 00:00:00+00:00
[2025-06-21T23:43:10.129+0000] {processor.py:208} INFO - Processing /home/airflow/.local/lib/python3.12/site-packages/airflow/example_dags/example_inlet_event_extra.py took 0.137 seconds
[2025-06-21T23:43:41.921+0000] {processor.py:186} INFO - Started process (PID=11642) to work on /home/airflow/.local/lib/python3.12/site-packages/airflow/example_dags/example_inlet_event_extra.py
[2025-06-21T23:43:41.923+0000] {processor.py:914} INFO - Processing file /home/airflow/.local/lib/python3.12/site-packages/airflow/example_dags/example_inlet_event_extra.py for tasks to queue
[2025-06-21T23:43:41.924+0000] {logging_mixin.py:190} INFO - [2025-06-21T23:43:41.924+0000] {dagbag.py:588} INFO - Filling up the DagBag from /home/airflow/.local/lib/python3.12/site-packages/airflow/example_dags/example_inlet_event_extra.py
[2025-06-21T23:43:42.058+0000] {processor.py:925} INFO - DAG(s) 'read_dataset_event_from_classic', 'read_dataset_event' retrieved from /home/airflow/.local/lib/python3.12/site-packages/airflow/example_dags/example_inlet_event_extra.py
[2025-06-21T23:43:42.077+0000] {logging_mixin.py:190} INFO - [2025-06-21T23:43:42.077+0000] {dag.py:3239} INFO - Sync 2 DAGs
[2025-06-21T23:43:42.094+0000] {logging_mixin.py:190} INFO - [2025-06-21T23:43:42.094+0000] {dag.py:4180} INFO - Setting next_dagrun for read_dataset_event to 2025-06-20 00:00:00+00:00, run_after=2025-06-21 00:00:00+00:00
[2025-06-21T23:43:42.102+0000] {logging_mixin.py:190} INFO - [2025-06-21T23:43:42.102+0000] {dag.py:4180} INFO - Setting next_dagrun for read_dataset_event_from_classic to 2025-06-20 00:00:00+00:00, run_after=2025-06-21 00:00:00+00:00
[2025-06-21T23:43:42.115+0000] {processor.py:208} INFO - Processing /home/airflow/.local/lib/python3.12/site-packages/airflow/example_dags/example_inlet_event_extra.py took 0.197 seconds
[2025-06-21T23:44:12.197+0000] {processor.py:186} INFO - Started process (PID=11706) to work on /home/airflow/.local/lib/python3.12/site-packages/airflow/example_dags/example_inlet_event_extra.py
[2025-06-21T23:44:12.200+0000] {processor.py:914} INFO - Processing file /home/airflow/.local/lib/python3.12/site-packages/airflow/example_dags/example_inlet_event_extra.py for tasks to queue
[2025-06-21T23:44:12.202+0000] {logging_mixin.py:190} INFO - [2025-06-21T23:44:12.202+0000] {dagbag.py:588} INFO - Filling up the DagBag from /home/airflow/.local/lib/python3.12/site-packages/airflow/example_dags/example_inlet_event_extra.py
[2025-06-21T23:44:12.311+0000] {processor.py:925} INFO - DAG(s) 'read_dataset_event', 'read_dataset_event_from_classic' retrieved from /home/airflow/.local/lib/python3.12/site-packages/airflow/example_dags/example_inlet_event_extra.py
[2025-06-21T23:44:12.330+0000] {logging_mixin.py:190} INFO - [2025-06-21T23:44:12.330+0000] {dag.py:3239} INFO - Sync 2 DAGs
[2025-06-21T23:44:12.344+0000] {logging_mixin.py:190} INFO - [2025-06-21T23:44:12.344+0000] {dag.py:4180} INFO - Setting next_dagrun for read_dataset_event to 2025-06-20 00:00:00+00:00, run_after=2025-06-21 00:00:00+00:00
[2025-06-21T23:44:12.348+0000] {logging_mixin.py:190} INFO - [2025-06-21T23:44:12.348+0000] {dag.py:4180} INFO - Setting next_dagrun for read_dataset_event_from_classic to 2025-06-20 00:00:00+00:00, run_after=2025-06-21 00:00:00+00:00
[2025-06-21T23:44:12.368+0000] {processor.py:208} INFO - Processing /home/airflow/.local/lib/python3.12/site-packages/airflow/example_dags/example_inlet_event_extra.py took 0.177 seconds
[2025-06-21T23:44:42.772+0000] {processor.py:186} INFO - Started process (PID=11772) to work on /home/airflow/.local/lib/python3.12/site-packages/airflow/example_dags/example_inlet_event_extra.py
[2025-06-21T23:44:42.773+0000] {processor.py:914} INFO - Processing file /home/airflow/.local/lib/python3.12/site-packages/airflow/example_dags/example_inlet_event_extra.py for tasks to queue
[2025-06-21T23:44:42.776+0000] {logging_mixin.py:190} INFO - [2025-06-21T23:44:42.775+0000] {dagbag.py:588} INFO - Filling up the DagBag from /home/airflow/.local/lib/python3.12/site-packages/airflow/example_dags/example_inlet_event_extra.py
[2025-06-21T23:44:42.883+0000] {processor.py:925} INFO - DAG(s) 'read_dataset_event_from_classic', 'read_dataset_event' retrieved from /home/airflow/.local/lib/python3.12/site-packages/airflow/example_dags/example_inlet_event_extra.py
[2025-06-21T23:44:42.900+0000] {logging_mixin.py:190} INFO - [2025-06-21T23:44:42.899+0000] {dag.py:3239} INFO - Sync 2 DAGs
[2025-06-21T23:44:42.920+0000] {logging_mixin.py:190} INFO - [2025-06-21T23:44:42.920+0000] {dag.py:4180} INFO - Setting next_dagrun for read_dataset_event to 2025-06-20 00:00:00+00:00, run_after=2025-06-21 00:00:00+00:00
[2025-06-21T23:44:42.923+0000] {logging_mixin.py:190} INFO - [2025-06-21T23:44:42.923+0000] {dag.py:4180} INFO - Setting next_dagrun for read_dataset_event_from_classic to 2025-06-20 00:00:00+00:00, run_after=2025-06-21 00:00:00+00:00
[2025-06-21T23:44:42.934+0000] {processor.py:208} INFO - Processing /home/airflow/.local/lib/python3.12/site-packages/airflow/example_dags/example_inlet_event_extra.py took 0.170 seconds
[2025-06-21T23:45:13.943+0000] {processor.py:186} INFO - Started process (PID=11835) to work on /home/airflow/.local/lib/python3.12/site-packages/airflow/example_dags/example_inlet_event_extra.py
[2025-06-21T23:45:13.945+0000] {processor.py:914} INFO - Processing file /home/airflow/.local/lib/python3.12/site-packages/airflow/example_dags/example_inlet_event_extra.py for tasks to queue
[2025-06-21T23:45:13.947+0000] {logging_mixin.py:190} INFO - [2025-06-21T23:45:13.947+0000] {dagbag.py:588} INFO - Filling up the DagBag from /home/airflow/.local/lib/python3.12/site-packages/airflow/example_dags/example_inlet_event_extra.py
[2025-06-21T23:45:14.068+0000] {processor.py:925} INFO - DAG(s) 'read_dataset_event', 'read_dataset_event_from_classic' retrieved from /home/airflow/.local/lib/python3.12/site-packages/airflow/example_dags/example_inlet_event_extra.py
[2025-06-21T23:45:14.087+0000] {logging_mixin.py:190} INFO - [2025-06-21T23:45:14.087+0000] {dag.py:3239} INFO - Sync 2 DAGs
[2025-06-21T23:45:14.117+0000] {logging_mixin.py:190} INFO - [2025-06-21T23:45:14.117+0000] {dag.py:4180} INFO - Setting next_dagrun for read_dataset_event to 2025-06-20 00:00:00+00:00, run_after=2025-06-21 00:00:00+00:00
[2025-06-21T23:45:14.123+0000] {logging_mixin.py:190} INFO - [2025-06-21T23:45:14.123+0000] {dag.py:4180} INFO - Setting next_dagrun for read_dataset_event_from_classic to 2025-06-20 00:00:00+00:00, run_after=2025-06-21 00:00:00+00:00
[2025-06-21T23:45:14.135+0000] {processor.py:208} INFO - Processing /home/airflow/.local/lib/python3.12/site-packages/airflow/example_dags/example_inlet_event_extra.py took 0.201 seconds
[2025-06-21T23:45:44.398+0000] {processor.py:186} INFO - Started process (PID=11897) to work on /home/airflow/.local/lib/python3.12/site-packages/airflow/example_dags/example_inlet_event_extra.py
[2025-06-21T23:45:44.398+0000] {processor.py:914} INFO - Processing file /home/airflow/.local/lib/python3.12/site-packages/airflow/example_dags/example_inlet_event_extra.py for tasks to queue
[2025-06-21T23:45:44.400+0000] {logging_mixin.py:190} INFO - [2025-06-21T23:45:44.400+0000] {dagbag.py:588} INFO - Filling up the DagBag from /home/airflow/.local/lib/python3.12/site-packages/airflow/example_dags/example_inlet_event_extra.py
[2025-06-21T23:45:44.519+0000] {processor.py:925} INFO - DAG(s) 'read_dataset_event_from_classic', 'read_dataset_event' retrieved from /home/airflow/.local/lib/python3.12/site-packages/airflow/example_dags/example_inlet_event_extra.py
[2025-06-21T23:45:44.533+0000] {logging_mixin.py:190} INFO - [2025-06-21T23:45:44.532+0000] {dag.py:3239} INFO - Sync 2 DAGs
[2025-06-21T23:45:44.554+0000] {logging_mixin.py:190} INFO - [2025-06-21T23:45:44.554+0000] {dag.py:4180} INFO - Setting next_dagrun for read_dataset_event to 2025-06-20 00:00:00+00:00, run_after=2025-06-21 00:00:00+00:00
[2025-06-21T23:45:44.559+0000] {logging_mixin.py:190} INFO - [2025-06-21T23:45:44.558+0000] {dag.py:4180} INFO - Setting next_dagrun for read_dataset_event_from_classic to 2025-06-20 00:00:00+00:00, run_after=2025-06-21 00:00:00+00:00
[2025-06-21T23:45:44.572+0000] {processor.py:208} INFO - Processing /home/airflow/.local/lib/python3.12/site-packages/airflow/example_dags/example_inlet_event_extra.py took 0.178 seconds
[2025-06-21T23:46:14.823+0000] {processor.py:186} INFO - Started process (PID=11961) to work on /home/airflow/.local/lib/python3.12/site-packages/airflow/example_dags/example_inlet_event_extra.py
[2025-06-21T23:46:14.826+0000] {processor.py:914} INFO - Processing file /home/airflow/.local/lib/python3.12/site-packages/airflow/example_dags/example_inlet_event_extra.py for tasks to queue
[2025-06-21T23:46:14.829+0000] {logging_mixin.py:190} INFO - [2025-06-21T23:46:14.828+0000] {dagbag.py:588} INFO - Filling up the DagBag from /home/airflow/.local/lib/python3.12/site-packages/airflow/example_dags/example_inlet_event_extra.py
[2025-06-21T23:46:14.929+0000] {processor.py:925} INFO - DAG(s) 'read_dataset_event_from_classic', 'read_dataset_event' retrieved from /home/airflow/.local/lib/python3.12/site-packages/airflow/example_dags/example_inlet_event_extra.py
[2025-06-21T23:46:14.948+0000] {logging_mixin.py:190} INFO - [2025-06-21T23:46:14.948+0000] {dag.py:3239} INFO - Sync 2 DAGs
[2025-06-21T23:46:14.965+0000] {logging_mixin.py:190} INFO - [2025-06-21T23:46:14.964+0000] {dag.py:4180} INFO - Setting next_dagrun for read_dataset_event to 2025-06-20 00:00:00+00:00, run_after=2025-06-21 00:00:00+00:00
[2025-06-21T23:46:14.967+0000] {logging_mixin.py:190} INFO - [2025-06-21T23:46:14.967+0000] {dag.py:4180} INFO - Setting next_dagrun for read_dataset_event_from_classic to 2025-06-20 00:00:00+00:00, run_after=2025-06-21 00:00:00+00:00
[2025-06-21T23:46:14.978+0000] {processor.py:208} INFO - Processing /home/airflow/.local/lib/python3.12/site-packages/airflow/example_dags/example_inlet_event_extra.py took 0.159 seconds
[2025-06-21T23:46:45.002+0000] {processor.py:186} INFO - Started process (PID=12022) to work on /home/airflow/.local/lib/python3.12/site-packages/airflow/example_dags/example_inlet_event_extra.py
[2025-06-21T23:46:45.003+0000] {processor.py:914} INFO - Processing file /home/airflow/.local/lib/python3.12/site-packages/airflow/example_dags/example_inlet_event_extra.py for tasks to queue
[2025-06-21T23:46:45.006+0000] {logging_mixin.py:190} INFO - [2025-06-21T23:46:45.005+0000] {dagbag.py:588} INFO - Filling up the DagBag from /home/airflow/.local/lib/python3.12/site-packages/airflow/example_dags/example_inlet_event_extra.py
[2025-06-21T23:46:45.098+0000] {processor.py:925} INFO - DAG(s) 'read_dataset_event', 'read_dataset_event_from_classic' retrieved from /home/airflow/.local/lib/python3.12/site-packages/airflow/example_dags/example_inlet_event_extra.py
[2025-06-21T23:46:45.114+0000] {logging_mixin.py:190} INFO - [2025-06-21T23:46:45.114+0000] {dag.py:3239} INFO - Sync 2 DAGs
[2025-06-21T23:46:45.127+0000] {logging_mixin.py:190} INFO - [2025-06-21T23:46:45.127+0000] {dag.py:4180} INFO - Setting next_dagrun for read_dataset_event to 2025-06-20 00:00:00+00:00, run_after=2025-06-21 00:00:00+00:00
[2025-06-21T23:46:45.130+0000] {logging_mixin.py:190} INFO - [2025-06-21T23:46:45.130+0000] {dag.py:4180} INFO - Setting next_dagrun for read_dataset_event_from_classic to 2025-06-20 00:00:00+00:00, run_after=2025-06-21 00:00:00+00:00
[2025-06-21T23:46:45.141+0000] {processor.py:208} INFO - Processing /home/airflow/.local/lib/python3.12/site-packages/airflow/example_dags/example_inlet_event_extra.py took 0.144 seconds
[2025-06-21T23:47:16.721+0000] {processor.py:186} INFO - Started process (PID=12082) to work on /home/airflow/.local/lib/python3.12/site-packages/airflow/example_dags/example_inlet_event_extra.py
[2025-06-21T23:47:16.723+0000] {processor.py:914} INFO - Processing file /home/airflow/.local/lib/python3.12/site-packages/airflow/example_dags/example_inlet_event_extra.py for tasks to queue
[2025-06-21T23:47:16.725+0000] {logging_mixin.py:190} INFO - [2025-06-21T23:47:16.725+0000] {dagbag.py:588} INFO - Filling up the DagBag from /home/airflow/.local/lib/python3.12/site-packages/airflow/example_dags/example_inlet_event_extra.py
[2025-06-21T23:47:16.887+0000] {processor.py:925} INFO - DAG(s) 'read_dataset_event', 'read_dataset_event_from_classic' retrieved from /home/airflow/.local/lib/python3.12/site-packages/airflow/example_dags/example_inlet_event_extra.py
[2025-06-21T23:47:16.902+0000] {logging_mixin.py:190} INFO - [2025-06-21T23:47:16.902+0000] {dag.py:3239} INFO - Sync 2 DAGs
[2025-06-21T23:47:16.917+0000] {logging_mixin.py:190} INFO - [2025-06-21T23:47:16.917+0000] {dag.py:4180} INFO - Setting next_dagrun for read_dataset_event to 2025-06-20 00:00:00+00:00, run_after=2025-06-21 00:00:00+00:00
[2025-06-21T23:47:16.919+0000] {logging_mixin.py:190} INFO - [2025-06-21T23:47:16.919+0000] {dag.py:4180} INFO - Setting next_dagrun for read_dataset_event_from_classic to 2025-06-20 00:00:00+00:00, run_after=2025-06-21 00:00:00+00:00
[2025-06-21T23:47:16.929+0000] {processor.py:208} INFO - Processing /home/airflow/.local/lib/python3.12/site-packages/airflow/example_dags/example_inlet_event_extra.py took 0.223 seconds
[2025-06-21T23:47:47.086+0000] {processor.py:186} INFO - Started process (PID=12146) to work on /home/airflow/.local/lib/python3.12/site-packages/airflow/example_dags/example_inlet_event_extra.py
[2025-06-21T23:47:47.087+0000] {processor.py:914} INFO - Processing file /home/airflow/.local/lib/python3.12/site-packages/airflow/example_dags/example_inlet_event_extra.py for tasks to queue
[2025-06-21T23:47:47.090+0000] {logging_mixin.py:190} INFO - [2025-06-21T23:47:47.089+0000] {dagbag.py:588} INFO - Filling up the DagBag from /home/airflow/.local/lib/python3.12/site-packages/airflow/example_dags/example_inlet_event_extra.py
[2025-06-21T23:47:47.258+0000] {processor.py:925} INFO - DAG(s) 'read_dataset_event', 'read_dataset_event_from_classic' retrieved from /home/airflow/.local/lib/python3.12/site-packages/airflow/example_dags/example_inlet_event_extra.py
[2025-06-21T23:47:47.301+0000] {logging_mixin.py:190} INFO - [2025-06-21T23:47:47.301+0000] {dag.py:3239} INFO - Sync 2 DAGs
[2025-06-21T23:47:47.330+0000] {logging_mixin.py:190} INFO - [2025-06-21T23:47:47.330+0000] {dag.py:4180} INFO - Setting next_dagrun for read_dataset_event to 2025-06-20 00:00:00+00:00, run_after=2025-06-21 00:00:00+00:00
[2025-06-21T23:47:47.335+0000] {logging_mixin.py:190} INFO - [2025-06-21T23:47:47.335+0000] {dag.py:4180} INFO - Setting next_dagrun for read_dataset_event_from_classic to 2025-06-20 00:00:00+00:00, run_after=2025-06-21 00:00:00+00:00
[2025-06-21T23:47:47.350+0000] {processor.py:208} INFO - Processing /home/airflow/.local/lib/python3.12/site-packages/airflow/example_dags/example_inlet_event_extra.py took 0.271 seconds
[2025-06-21T23:48:18.190+0000] {processor.py:186} INFO - Started process (PID=12206) to work on /home/airflow/.local/lib/python3.12/site-packages/airflow/example_dags/example_inlet_event_extra.py
[2025-06-21T23:48:18.191+0000] {processor.py:914} INFO - Processing file /home/airflow/.local/lib/python3.12/site-packages/airflow/example_dags/example_inlet_event_extra.py for tasks to queue
[2025-06-21T23:48:18.192+0000] {logging_mixin.py:190} INFO - [2025-06-21T23:48:18.192+0000] {dagbag.py:588} INFO - Filling up the DagBag from /home/airflow/.local/lib/python3.12/site-packages/airflow/example_dags/example_inlet_event_extra.py
[2025-06-21T23:48:18.329+0000] {processor.py:925} INFO - DAG(s) 'read_dataset_event_from_classic', 'read_dataset_event' retrieved from /home/airflow/.local/lib/python3.12/site-packages/airflow/example_dags/example_inlet_event_extra.py
[2025-06-21T23:48:18.344+0000] {logging_mixin.py:190} INFO - [2025-06-21T23:48:18.344+0000] {dag.py:3239} INFO - Sync 2 DAGs
[2025-06-21T23:48:18.360+0000] {logging_mixin.py:190} INFO - [2025-06-21T23:48:18.360+0000] {dag.py:4180} INFO - Setting next_dagrun for read_dataset_event to 2025-06-20 00:00:00+00:00, run_after=2025-06-21 00:00:00+00:00
[2025-06-21T23:48:18.366+0000] {logging_mixin.py:190} INFO - [2025-06-21T23:48:18.366+0000] {dag.py:4180} INFO - Setting next_dagrun for read_dataset_event_from_classic to 2025-06-20 00:00:00+00:00, run_after=2025-06-21 00:00:00+00:00
[2025-06-21T23:48:18.379+0000] {processor.py:208} INFO - Processing /home/airflow/.local/lib/python3.12/site-packages/airflow/example_dags/example_inlet_event_extra.py took 0.192 seconds
[2025-06-21T23:48:49.165+0000] {processor.py:186} INFO - Started process (PID=12268) to work on /home/airflow/.local/lib/python3.12/site-packages/airflow/example_dags/example_inlet_event_extra.py
[2025-06-21T23:48:49.166+0000] {processor.py:914} INFO - Processing file /home/airflow/.local/lib/python3.12/site-packages/airflow/example_dags/example_inlet_event_extra.py for tasks to queue
[2025-06-21T23:48:49.167+0000] {logging_mixin.py:190} INFO - [2025-06-21T23:48:49.167+0000] {dagbag.py:588} INFO - Filling up the DagBag from /home/airflow/.local/lib/python3.12/site-packages/airflow/example_dags/example_inlet_event_extra.py
[2025-06-21T23:48:49.256+0000] {processor.py:925} INFO - DAG(s) 'read_dataset_event', 'read_dataset_event_from_classic' retrieved from /home/airflow/.local/lib/python3.12/site-packages/airflow/example_dags/example_inlet_event_extra.py
[2025-06-21T23:48:49.271+0000] {logging_mixin.py:190} INFO - [2025-06-21T23:48:49.271+0000] {dag.py:3239} INFO - Sync 2 DAGs
[2025-06-21T23:48:49.283+0000] {logging_mixin.py:190} INFO - [2025-06-21T23:48:49.283+0000] {dag.py:4180} INFO - Setting next_dagrun for read_dataset_event to 2025-06-20 00:00:00+00:00, run_after=2025-06-21 00:00:00+00:00
[2025-06-21T23:48:49.288+0000] {logging_mixin.py:190} INFO - [2025-06-21T23:48:49.288+0000] {dag.py:4180} INFO - Setting next_dagrun for read_dataset_event_from_classic to 2025-06-20 00:00:00+00:00, run_after=2025-06-21 00:00:00+00:00
[2025-06-21T23:48:49.301+0000] {processor.py:208} INFO - Processing /home/airflow/.local/lib/python3.12/site-packages/airflow/example_dags/example_inlet_event_extra.py took 0.139 seconds
[2025-06-21T23:49:19.882+0000] {processor.py:186} INFO - Started process (PID=12331) to work on /home/airflow/.local/lib/python3.12/site-packages/airflow/example_dags/example_inlet_event_extra.py
[2025-06-21T23:49:19.885+0000] {processor.py:914} INFO - Processing file /home/airflow/.local/lib/python3.12/site-packages/airflow/example_dags/example_inlet_event_extra.py for tasks to queue
[2025-06-21T23:49:19.887+0000] {logging_mixin.py:190} INFO - [2025-06-21T23:49:19.887+0000] {dagbag.py:588} INFO - Filling up the DagBag from /home/airflow/.local/lib/python3.12/site-packages/airflow/example_dags/example_inlet_event_extra.py
[2025-06-21T23:49:19.968+0000] {processor.py:925} INFO - DAG(s) 'read_dataset_event', 'read_dataset_event_from_classic' retrieved from /home/airflow/.local/lib/python3.12/site-packages/airflow/example_dags/example_inlet_event_extra.py
[2025-06-21T23:49:19.984+0000] {logging_mixin.py:190} INFO - [2025-06-21T23:49:19.984+0000] {dag.py:3239} INFO - Sync 2 DAGs
[2025-06-21T23:49:19.999+0000] {logging_mixin.py:190} INFO - [2025-06-21T23:49:19.998+0000] {dag.py:4180} INFO - Setting next_dagrun for read_dataset_event to 2025-06-20 00:00:00+00:00, run_after=2025-06-21 00:00:00+00:00
[2025-06-21T23:49:20.004+0000] {logging_mixin.py:190} INFO - [2025-06-21T23:49:20.004+0000] {dag.py:4180} INFO - Setting next_dagrun for read_dataset_event_from_classic to 2025-06-20 00:00:00+00:00, run_after=2025-06-21 00:00:00+00:00
[2025-06-21T23:49:20.012+0000] {processor.py:208} INFO - Processing /home/airflow/.local/lib/python3.12/site-packages/airflow/example_dags/example_inlet_event_extra.py took 0.143 seconds
[2025-06-21T23:49:50.666+0000] {processor.py:186} INFO - Started process (PID=12392) to work on /home/airflow/.local/lib/python3.12/site-packages/airflow/example_dags/example_inlet_event_extra.py
[2025-06-21T23:49:50.669+0000] {processor.py:914} INFO - Processing file /home/airflow/.local/lib/python3.12/site-packages/airflow/example_dags/example_inlet_event_extra.py for tasks to queue
[2025-06-21T23:49:50.671+0000] {logging_mixin.py:190} INFO - [2025-06-21T23:49:50.671+0000] {dagbag.py:588} INFO - Filling up the DagBag from /home/airflow/.local/lib/python3.12/site-packages/airflow/example_dags/example_inlet_event_extra.py
[2025-06-21T23:49:50.756+0000] {processor.py:925} INFO - DAG(s) 'read_dataset_event_from_classic', 'read_dataset_event' retrieved from /home/airflow/.local/lib/python3.12/site-packages/airflow/example_dags/example_inlet_event_extra.py
[2025-06-21T23:49:50.772+0000] {logging_mixin.py:190} INFO - [2025-06-21T23:49:50.772+0000] {dag.py:3239} INFO - Sync 2 DAGs
[2025-06-21T23:49:50.786+0000] {logging_mixin.py:190} INFO - [2025-06-21T23:49:50.786+0000] {dag.py:4180} INFO - Setting next_dagrun for read_dataset_event to 2025-06-20 00:00:00+00:00, run_after=2025-06-21 00:00:00+00:00
[2025-06-21T23:49:50.789+0000] {logging_mixin.py:190} INFO - [2025-06-21T23:49:50.789+0000] {dag.py:4180} INFO - Setting next_dagrun for read_dataset_event_from_classic to 2025-06-20 00:00:00+00:00, run_after=2025-06-21 00:00:00+00:00
[2025-06-21T23:49:50.799+0000] {processor.py:208} INFO - Processing /home/airflow/.local/lib/python3.12/site-packages/airflow/example_dags/example_inlet_event_extra.py took 0.135 seconds
[2025-06-21T23:50:21.490+0000] {processor.py:186} INFO - Started process (PID=12454) to work on /home/airflow/.local/lib/python3.12/site-packages/airflow/example_dags/example_inlet_event_extra.py
[2025-06-21T23:50:21.491+0000] {processor.py:914} INFO - Processing file /home/airflow/.local/lib/python3.12/site-packages/airflow/example_dags/example_inlet_event_extra.py for tasks to queue
[2025-06-21T23:50:21.492+0000] {logging_mixin.py:190} INFO - [2025-06-21T23:50:21.492+0000] {dagbag.py:588} INFO - Filling up the DagBag from /home/airflow/.local/lib/python3.12/site-packages/airflow/example_dags/example_inlet_event_extra.py
[2025-06-21T23:50:21.560+0000] {processor.py:925} INFO - DAG(s) 'read_dataset_event', 'read_dataset_event_from_classic' retrieved from /home/airflow/.local/lib/python3.12/site-packages/airflow/example_dags/example_inlet_event_extra.py
[2025-06-21T23:50:21.574+0000] {logging_mixin.py:190} INFO - [2025-06-21T23:50:21.574+0000] {dag.py:3239} INFO - Sync 2 DAGs
[2025-06-21T23:50:21.586+0000] {logging_mixin.py:190} INFO - [2025-06-21T23:50:21.586+0000] {dag.py:4180} INFO - Setting next_dagrun for read_dataset_event to 2025-06-20 00:00:00+00:00, run_after=2025-06-21 00:00:00+00:00
[2025-06-21T23:50:21.589+0000] {logging_mixin.py:190} INFO - [2025-06-21T23:50:21.589+0000] {dag.py:4180} INFO - Setting next_dagrun for read_dataset_event_from_classic to 2025-06-20 00:00:00+00:00, run_after=2025-06-21 00:00:00+00:00
[2025-06-21T23:50:21.595+0000] {processor.py:208} INFO - Processing /home/airflow/.local/lib/python3.12/site-packages/airflow/example_dags/example_inlet_event_extra.py took 0.114 seconds
[2025-06-21T23:50:52.384+0000] {processor.py:186} INFO - Started process (PID=12515) to work on /home/airflow/.local/lib/python3.12/site-packages/airflow/example_dags/example_inlet_event_extra.py
[2025-06-21T23:50:52.384+0000] {processor.py:914} INFO - Processing file /home/airflow/.local/lib/python3.12/site-packages/airflow/example_dags/example_inlet_event_extra.py for tasks to queue
[2025-06-21T23:50:52.388+0000] {logging_mixin.py:190} INFO - [2025-06-21T23:50:52.388+0000] {dagbag.py:588} INFO - Filling up the DagBag from /home/airflow/.local/lib/python3.12/site-packages/airflow/example_dags/example_inlet_event_extra.py
[2025-06-21T23:50:52.465+0000] {processor.py:925} INFO - DAG(s) 'read_dataset_event', 'read_dataset_event_from_classic' retrieved from /home/airflow/.local/lib/python3.12/site-packages/airflow/example_dags/example_inlet_event_extra.py
[2025-06-21T23:50:52.476+0000] {logging_mixin.py:190} INFO - [2025-06-21T23:50:52.476+0000] {dag.py:3239} INFO - Sync 2 DAGs
[2025-06-21T23:50:52.489+0000] {logging_mixin.py:190} INFO - [2025-06-21T23:50:52.488+0000] {dag.py:4180} INFO - Setting next_dagrun for read_dataset_event to 2025-06-20 00:00:00+00:00, run_after=2025-06-21 00:00:00+00:00
[2025-06-21T23:50:52.491+0000] {logging_mixin.py:190} INFO - [2025-06-21T23:50:52.491+0000] {dag.py:4180} INFO - Setting next_dagrun for read_dataset_event_from_classic to 2025-06-20 00:00:00+00:00, run_after=2025-06-21 00:00:00+00:00
[2025-06-21T23:50:52.499+0000] {processor.py:208} INFO - Processing /home/airflow/.local/lib/python3.12/site-packages/airflow/example_dags/example_inlet_event_extra.py took 0.119 seconds
[2025-06-21T23:51:23.209+0000] {processor.py:186} INFO - Started process (PID=12577) to work on /home/airflow/.local/lib/python3.12/site-packages/airflow/example_dags/example_inlet_event_extra.py
[2025-06-21T23:51:23.209+0000] {processor.py:914} INFO - Processing file /home/airflow/.local/lib/python3.12/site-packages/airflow/example_dags/example_inlet_event_extra.py for tasks to queue
[2025-06-21T23:51:23.210+0000] {logging_mixin.py:190} INFO - [2025-06-21T23:51:23.210+0000] {dagbag.py:588} INFO - Filling up the DagBag from /home/airflow/.local/lib/python3.12/site-packages/airflow/example_dags/example_inlet_event_extra.py
[2025-06-21T23:51:23.289+0000] {processor.py:925} INFO - DAG(s) 'read_dataset_event_from_classic', 'read_dataset_event' retrieved from /home/airflow/.local/lib/python3.12/site-packages/airflow/example_dags/example_inlet_event_extra.py
[2025-06-21T23:51:23.302+0000] {logging_mixin.py:190} INFO - [2025-06-21T23:51:23.302+0000] {dag.py:3239} INFO - Sync 2 DAGs
[2025-06-21T23:51:23.315+0000] {logging_mixin.py:190} INFO - [2025-06-21T23:51:23.315+0000] {dag.py:4180} INFO - Setting next_dagrun for read_dataset_event to 2025-06-20 00:00:00+00:00, run_after=2025-06-21 00:00:00+00:00
[2025-06-21T23:51:23.318+0000] {logging_mixin.py:190} INFO - [2025-06-21T23:51:23.318+0000] {dag.py:4180} INFO - Setting next_dagrun for read_dataset_event_from_classic to 2025-06-20 00:00:00+00:00, run_after=2025-06-21 00:00:00+00:00
[2025-06-21T23:51:23.326+0000] {processor.py:208} INFO - Processing /home/airflow/.local/lib/python3.12/site-packages/airflow/example_dags/example_inlet_event_extra.py took 0.121 seconds
