[2025-03-27T00:13:20.204+0000] {processor.py:186} INFO - Started process (PID=14141) to work on /home/airflow/.local/lib/python3.12/site-packages/airflow/example_dags/example_params_trigger_ui.py
[2025-03-27T00:13:20.205+0000] {processor.py:914} INFO - Processing file /home/airflow/.local/lib/python3.12/site-packages/airflow/example_dags/example_params_trigger_ui.py for tasks to queue
[2025-03-27T00:13:20.206+0000] {logging_mixin.py:190} INFO - [2025-03-27T00:13:20.206+0000] {dagbag.py:588} INFO - Filling up the DagBag from /home/airflow/.local/lib/python3.12/site-packages/airflow/example_dags/example_params_trigger_ui.py
[2025-03-27T00:13:20.212+0000] {processor.py:925} INFO - DAG(s) 'example_params_trigger_ui' retrieved from /home/airflow/.local/lib/python3.12/site-packages/airflow/example_dags/example_params_trigger_ui.py
[2025-03-27T00:13:20.232+0000] {logging_mixin.py:190} INFO - [2025-03-27T00:13:20.232+0000] {dag.py:3239} INFO - Sync 1 DAGs
[2025-03-27T00:13:20.240+0000] {logging_mixin.py:190} INFO - [2025-03-27T00:13:20.240+0000] {dag.py:4180} INFO - Setting next_dagrun for example_params_trigger_ui to None, run_after=None
[2025-03-27T00:13:20.250+0000] {processor.py:208} INFO - Processing /home/airflow/.local/lib/python3.12/site-packages/airflow/example_dags/example_params_trigger_ui.py took 0.050 seconds
[2025-03-27T00:44:00.739+0000] {processor.py:186} INFO - Started process (PID=14203) to work on /home/airflow/.local/lib/python3.12/site-packages/airflow/example_dags/example_params_trigger_ui.py
[2025-03-27T00:44:00.740+0000] {processor.py:914} INFO - Processing file /home/airflow/.local/lib/python3.12/site-packages/airflow/example_dags/example_params_trigger_ui.py for tasks to queue
[2025-03-27T00:44:00.743+0000] {logging_mixin.py:190} INFO - [2025-03-27T00:44:00.742+0000] {dagbag.py:588} INFO - Filling up the DagBag from /home/airflow/.local/lib/python3.12/site-packages/airflow/example_dags/example_params_trigger_ui.py
[2025-03-27T00:44:00.750+0000] {processor.py:925} INFO - DAG(s) 'example_params_trigger_ui' retrieved from /home/airflow/.local/lib/python3.12/site-packages/airflow/example_dags/example_params_trigger_ui.py
[2025-03-27T00:44:00.770+0000] {logging_mixin.py:190} INFO - [2025-03-27T00:44:00.770+0000] {dag.py:3239} INFO - Sync 1 DAGs
[2025-03-27T00:44:00.778+0000] {logging_mixin.py:190} INFO - [2025-03-27T00:44:00.777+0000] {dag.py:4180} INFO - Setting next_dagrun for example_params_trigger_ui to None, run_after=None
[2025-03-27T00:44:00.789+0000] {processor.py:208} INFO - Processing /home/airflow/.local/lib/python3.12/site-packages/airflow/example_dags/example_params_trigger_ui.py took 0.053 seconds
[2025-03-27T00:59:39.518+0000] {processor.py:186} INFO - Started process (PID=14264) to work on /home/airflow/.local/lib/python3.12/site-packages/airflow/example_dags/example_params_trigger_ui.py
[2025-03-27T00:59:39.518+0000] {processor.py:914} INFO - Processing file /home/airflow/.local/lib/python3.12/site-packages/airflow/example_dags/example_params_trigger_ui.py for tasks to queue
[2025-03-27T00:59:39.520+0000] {logging_mixin.py:190} INFO - [2025-03-27T00:59:39.520+0000] {dagbag.py:588} INFO - Filling up the DagBag from /home/airflow/.local/lib/python3.12/site-packages/airflow/example_dags/example_params_trigger_ui.py
[2025-03-27T00:59:39.529+0000] {processor.py:925} INFO - DAG(s) 'example_params_trigger_ui' retrieved from /home/airflow/.local/lib/python3.12/site-packages/airflow/example_dags/example_params_trigger_ui.py
[2025-03-27T00:59:39.556+0000] {logging_mixin.py:190} INFO - [2025-03-27T00:59:39.555+0000] {dag.py:3239} INFO - Sync 1 DAGs
[2025-03-27T00:59:39.564+0000] {logging_mixin.py:190} INFO - [2025-03-27T00:59:39.564+0000] {dag.py:4180} INFO - Setting next_dagrun for example_params_trigger_ui to None, run_after=None
[2025-03-27T00:59:39.575+0000] {processor.py:208} INFO - Processing /home/airflow/.local/lib/python3.12/site-packages/airflow/example_dags/example_params_trigger_ui.py took 0.061 seconds
[2025-03-27T01:17:13.549+0000] {processor.py:186} INFO - Started process (PID=14326) to work on /home/airflow/.local/lib/python3.12/site-packages/airflow/example_dags/example_params_trigger_ui.py
[2025-03-27T01:17:13.550+0000] {processor.py:914} INFO - Processing file /home/airflow/.local/lib/python3.12/site-packages/airflow/example_dags/example_params_trigger_ui.py for tasks to queue
[2025-03-27T01:17:13.552+0000] {logging_mixin.py:190} INFO - [2025-03-27T01:17:13.552+0000] {dagbag.py:588} INFO - Filling up the DagBag from /home/airflow/.local/lib/python3.12/site-packages/airflow/example_dags/example_params_trigger_ui.py
[2025-03-27T01:17:13.566+0000] {processor.py:925} INFO - DAG(s) 'example_params_trigger_ui' retrieved from /home/airflow/.local/lib/python3.12/site-packages/airflow/example_dags/example_params_trigger_ui.py
[2025-03-27T01:17:13.625+0000] {logging_mixin.py:190} INFO - [2025-03-27T01:17:13.624+0000] {dag.py:3239} INFO - Sync 1 DAGs
[2025-03-27T01:17:13.643+0000] {logging_mixin.py:190} INFO - [2025-03-27T01:17:13.642+0000] {dag.py:4180} INFO - Setting next_dagrun for example_params_trigger_ui to None, run_after=None
[2025-03-27T01:17:13.669+0000] {processor.py:208} INFO - Processing /home/airflow/.local/lib/python3.12/site-packages/airflow/example_dags/example_params_trigger_ui.py took 0.128 seconds
[2025-03-27T01:35:09.666+0000] {processor.py:186} INFO - Started process (PID=14388) to work on /home/airflow/.local/lib/python3.12/site-packages/airflow/example_dags/example_params_trigger_ui.py
[2025-03-27T01:35:09.667+0000] {processor.py:914} INFO - Processing file /home/airflow/.local/lib/python3.12/site-packages/airflow/example_dags/example_params_trigger_ui.py for tasks to queue
[2025-03-27T01:35:09.668+0000] {logging_mixin.py:190} INFO - [2025-03-27T01:35:09.668+0000] {dagbag.py:588} INFO - Filling up the DagBag from /home/airflow/.local/lib/python3.12/site-packages/airflow/example_dags/example_params_trigger_ui.py
[2025-03-27T01:35:09.679+0000] {processor.py:925} INFO - DAG(s) 'example_params_trigger_ui' retrieved from /home/airflow/.local/lib/python3.12/site-packages/airflow/example_dags/example_params_trigger_ui.py
[2025-03-27T01:35:09.701+0000] {logging_mixin.py:190} INFO - [2025-03-27T01:35:09.701+0000] {dag.py:3239} INFO - Sync 1 DAGs
[2025-03-27T01:35:09.712+0000] {logging_mixin.py:190} INFO - [2025-03-27T01:35:09.712+0000] {dag.py:4180} INFO - Setting next_dagrun for example_params_trigger_ui to None, run_after=None
[2025-03-27T01:35:09.747+0000] {processor.py:208} INFO - Processing /home/airflow/.local/lib/python3.12/site-packages/airflow/example_dags/example_params_trigger_ui.py took 0.088 seconds
[2025-03-27T02:09:17.140+0000] {processor.py:186} INFO - Started process (PID=14450) to work on /home/airflow/.local/lib/python3.12/site-packages/airflow/example_dags/example_params_trigger_ui.py
[2025-03-27T02:09:17.142+0000] {processor.py:914} INFO - Processing file /home/airflow/.local/lib/python3.12/site-packages/airflow/example_dags/example_params_trigger_ui.py for tasks to queue
[2025-03-27T02:09:17.146+0000] {logging_mixin.py:190} INFO - [2025-03-27T02:09:17.146+0000] {dagbag.py:588} INFO - Filling up the DagBag from /home/airflow/.local/lib/python3.12/site-packages/airflow/example_dags/example_params_trigger_ui.py
[2025-03-27T02:09:17.160+0000] {processor.py:925} INFO - DAG(s) 'example_params_trigger_ui' retrieved from /home/airflow/.local/lib/python3.12/site-packages/airflow/example_dags/example_params_trigger_ui.py
[2025-03-27T02:09:17.208+0000] {logging_mixin.py:190} INFO - [2025-03-27T02:09:17.208+0000] {dag.py:3239} INFO - Sync 1 DAGs
[2025-03-27T02:09:17.242+0000] {logging_mixin.py:190} INFO - [2025-03-27T02:09:17.242+0000] {dag.py:4180} INFO - Setting next_dagrun for example_params_trigger_ui to None, run_after=None
[2025-03-27T02:09:17.257+0000] {processor.py:208} INFO - Processing /home/airflow/.local/lib/python3.12/site-packages/airflow/example_dags/example_params_trigger_ui.py took 0.123 seconds
[2025-03-27T02:26:48.766+0000] {processor.py:186} INFO - Started process (PID=14512) to work on /home/airflow/.local/lib/python3.12/site-packages/airflow/example_dags/example_params_trigger_ui.py
[2025-03-27T02:26:48.766+0000] {processor.py:914} INFO - Processing file /home/airflow/.local/lib/python3.12/site-packages/airflow/example_dags/example_params_trigger_ui.py for tasks to queue
[2025-03-27T02:26:48.768+0000] {logging_mixin.py:190} INFO - [2025-03-27T02:26:48.768+0000] {dagbag.py:588} INFO - Filling up the DagBag from /home/airflow/.local/lib/python3.12/site-packages/airflow/example_dags/example_params_trigger_ui.py
[2025-03-27T02:26:48.775+0000] {processor.py:925} INFO - DAG(s) 'example_params_trigger_ui' retrieved from /home/airflow/.local/lib/python3.12/site-packages/airflow/example_dags/example_params_trigger_ui.py
[2025-03-27T02:26:48.805+0000] {logging_mixin.py:190} INFO - [2025-03-27T02:26:48.804+0000] {dag.py:3239} INFO - Sync 1 DAGs
[2025-03-27T02:26:48.815+0000] {logging_mixin.py:190} INFO - [2025-03-27T02:26:48.815+0000] {dag.py:4180} INFO - Setting next_dagrun for example_params_trigger_ui to None, run_after=None
[2025-03-27T02:26:48.831+0000] {processor.py:208} INFO - Processing /home/airflow/.local/lib/python3.12/site-packages/airflow/example_dags/example_params_trigger_ui.py took 0.072 seconds
[2025-03-27T02:42:56.054+0000] {processor.py:186} INFO - Started process (PID=14574) to work on /home/airflow/.local/lib/python3.12/site-packages/airflow/example_dags/example_params_trigger_ui.py
[2025-03-27T02:42:56.054+0000] {processor.py:914} INFO - Processing file /home/airflow/.local/lib/python3.12/site-packages/airflow/example_dags/example_params_trigger_ui.py for tasks to queue
[2025-03-27T02:42:56.056+0000] {logging_mixin.py:190} INFO - [2025-03-27T02:42:56.056+0000] {dagbag.py:588} INFO - Filling up the DagBag from /home/airflow/.local/lib/python3.12/site-packages/airflow/example_dags/example_params_trigger_ui.py
[2025-03-27T02:42:56.062+0000] {processor.py:925} INFO - DAG(s) 'example_params_trigger_ui' retrieved from /home/airflow/.local/lib/python3.12/site-packages/airflow/example_dags/example_params_trigger_ui.py
[2025-03-27T02:42:56.087+0000] {logging_mixin.py:190} INFO - [2025-03-27T02:42:56.087+0000] {dag.py:3239} INFO - Sync 1 DAGs
[2025-03-27T02:42:56.095+0000] {logging_mixin.py:190} INFO - [2025-03-27T02:42:56.095+0000] {dag.py:4180} INFO - Setting next_dagrun for example_params_trigger_ui to None, run_after=None
[2025-03-27T02:42:56.103+0000] {processor.py:208} INFO - Processing /home/airflow/.local/lib/python3.12/site-packages/airflow/example_dags/example_params_trigger_ui.py took 0.052 seconds
[2025-03-27T03:01:00.484+0000] {processor.py:186} INFO - Started process (PID=14636) to work on /home/airflow/.local/lib/python3.12/site-packages/airflow/example_dags/example_params_trigger_ui.py
[2025-03-27T03:01:00.488+0000] {processor.py:914} INFO - Processing file /home/airflow/.local/lib/python3.12/site-packages/airflow/example_dags/example_params_trigger_ui.py for tasks to queue
[2025-03-27T03:01:00.493+0000] {logging_mixin.py:190} INFO - [2025-03-27T03:01:00.493+0000] {dagbag.py:588} INFO - Filling up the DagBag from /home/airflow/.local/lib/python3.12/site-packages/airflow/example_dags/example_params_trigger_ui.py
[2025-03-27T03:01:00.520+0000] {processor.py:925} INFO - DAG(s) 'example_params_trigger_ui' retrieved from /home/airflow/.local/lib/python3.12/site-packages/airflow/example_dags/example_params_trigger_ui.py
[2025-03-27T03:01:00.573+0000] {logging_mixin.py:190} INFO - [2025-03-27T03:01:00.572+0000] {dag.py:3239} INFO - Sync 1 DAGs
[2025-03-27T03:01:00.749+0000] {logging_mixin.py:190} INFO - [2025-03-27T03:01:00.749+0000] {dag.py:4180} INFO - Setting next_dagrun for example_params_trigger_ui to None, run_after=None
[2025-03-27T03:01:00.764+0000] {processor.py:208} INFO - Processing /home/airflow/.local/lib/python3.12/site-packages/airflow/example_dags/example_params_trigger_ui.py took 0.288 seconds
[2025-03-27T03:17:10.201+0000] {processor.py:186} INFO - Started process (PID=14698) to work on /home/airflow/.local/lib/python3.12/site-packages/airflow/example_dags/example_params_trigger_ui.py
[2025-03-27T03:17:10.203+0000] {processor.py:914} INFO - Processing file /home/airflow/.local/lib/python3.12/site-packages/airflow/example_dags/example_params_trigger_ui.py for tasks to queue
[2025-03-27T03:17:10.204+0000] {logging_mixin.py:190} INFO - [2025-03-27T03:17:10.204+0000] {dagbag.py:588} INFO - Filling up the DagBag from /home/airflow/.local/lib/python3.12/site-packages/airflow/example_dags/example_params_trigger_ui.py
[2025-03-27T03:17:10.212+0000] {processor.py:925} INFO - DAG(s) 'example_params_trigger_ui' retrieved from /home/airflow/.local/lib/python3.12/site-packages/airflow/example_dags/example_params_trigger_ui.py
[2025-03-27T03:17:10.234+0000] {logging_mixin.py:190} INFO - [2025-03-27T03:17:10.234+0000] {dag.py:3239} INFO - Sync 1 DAGs
[2025-03-27T03:17:10.245+0000] {logging_mixin.py:190} INFO - [2025-03-27T03:17:10.245+0000] {dag.py:4180} INFO - Setting next_dagrun for example_params_trigger_ui to None, run_after=None
[2025-03-27T03:17:10.258+0000] {processor.py:208} INFO - Processing /home/airflow/.local/lib/python3.12/site-packages/airflow/example_dags/example_params_trigger_ui.py took 0.062 seconds
[2025-03-27T03:32:38.411+0000] {processor.py:186} INFO - Started process (PID=14760) to work on /home/airflow/.local/lib/python3.12/site-packages/airflow/example_dags/example_params_trigger_ui.py
[2025-03-27T03:32:38.412+0000] {processor.py:914} INFO - Processing file /home/airflow/.local/lib/python3.12/site-packages/airflow/example_dags/example_params_trigger_ui.py for tasks to queue
[2025-03-27T03:32:38.414+0000] {logging_mixin.py:190} INFO - [2025-03-27T03:32:38.414+0000] {dagbag.py:588} INFO - Filling up the DagBag from /home/airflow/.local/lib/python3.12/site-packages/airflow/example_dags/example_params_trigger_ui.py
[2025-03-27T03:32:38.420+0000] {processor.py:925} INFO - DAG(s) 'example_params_trigger_ui' retrieved from /home/airflow/.local/lib/python3.12/site-packages/airflow/example_dags/example_params_trigger_ui.py
[2025-03-27T03:32:38.448+0000] {logging_mixin.py:190} INFO - [2025-03-27T03:32:38.448+0000] {dag.py:3239} INFO - Sync 1 DAGs
[2025-03-27T03:32:38.459+0000] {logging_mixin.py:190} INFO - [2025-03-27T03:32:38.458+0000] {dag.py:4180} INFO - Setting next_dagrun for example_params_trigger_ui to None, run_after=None
[2025-03-27T03:32:38.476+0000] {processor.py:208} INFO - Processing /home/airflow/.local/lib/python3.12/site-packages/airflow/example_dags/example_params_trigger_ui.py took 0.070 seconds
[2025-03-27T03:51:57.264+0000] {processor.py:186} INFO - Started process (PID=14822) to work on /home/airflow/.local/lib/python3.12/site-packages/airflow/example_dags/example_params_trigger_ui.py
[2025-03-27T03:51:57.265+0000] {processor.py:914} INFO - Processing file /home/airflow/.local/lib/python3.12/site-packages/airflow/example_dags/example_params_trigger_ui.py for tasks to queue
[2025-03-27T03:51:57.267+0000] {logging_mixin.py:190} INFO - [2025-03-27T03:51:57.267+0000] {dagbag.py:588} INFO - Filling up the DagBag from /home/airflow/.local/lib/python3.12/site-packages/airflow/example_dags/example_params_trigger_ui.py
[2025-03-27T03:51:57.281+0000] {processor.py:925} INFO - DAG(s) 'example_params_trigger_ui' retrieved from /home/airflow/.local/lib/python3.12/site-packages/airflow/example_dags/example_params_trigger_ui.py
[2025-03-27T03:51:57.313+0000] {logging_mixin.py:190} INFO - [2025-03-27T03:51:57.313+0000] {dag.py:3239} INFO - Sync 1 DAGs
[2025-03-27T03:51:57.323+0000] {logging_mixin.py:190} INFO - [2025-03-27T03:51:57.323+0000] {dag.py:4180} INFO - Setting next_dagrun for example_params_trigger_ui to None, run_after=None
[2025-03-27T03:51:57.340+0000] {processor.py:208} INFO - Processing /home/airflow/.local/lib/python3.12/site-packages/airflow/example_dags/example_params_trigger_ui.py took 0.083 seconds
[2025-03-27T04:26:05.259+0000] {processor.py:186} INFO - Started process (PID=14884) to work on /home/airflow/.local/lib/python3.12/site-packages/airflow/example_dags/example_params_trigger_ui.py
[2025-03-27T04:26:05.262+0000] {processor.py:914} INFO - Processing file /home/airflow/.local/lib/python3.12/site-packages/airflow/example_dags/example_params_trigger_ui.py for tasks to queue
[2025-03-27T04:26:05.266+0000] {logging_mixin.py:190} INFO - [2025-03-27T04:26:05.265+0000] {dagbag.py:588} INFO - Filling up the DagBag from /home/airflow/.local/lib/python3.12/site-packages/airflow/example_dags/example_params_trigger_ui.py
[2025-03-27T04:26:05.273+0000] {processor.py:925} INFO - DAG(s) 'example_params_trigger_ui' retrieved from /home/airflow/.local/lib/python3.12/site-packages/airflow/example_dags/example_params_trigger_ui.py
[2025-03-27T04:26:05.302+0000] {logging_mixin.py:190} INFO - [2025-03-27T04:26:05.301+0000] {dag.py:3239} INFO - Sync 1 DAGs
[2025-03-27T04:26:05.316+0000] {logging_mixin.py:190} INFO - [2025-03-27T04:26:05.316+0000] {dag.py:4180} INFO - Setting next_dagrun for example_params_trigger_ui to None, run_after=None
[2025-03-27T04:26:05.335+0000] {processor.py:208} INFO - Processing /home/airflow/.local/lib/python3.12/site-packages/airflow/example_dags/example_params_trigger_ui.py took 0.081 seconds
[2025-03-27T04:42:04.407+0000] {processor.py:186} INFO - Started process (PID=14946) to work on /home/airflow/.local/lib/python3.12/site-packages/airflow/example_dags/example_params_trigger_ui.py
[2025-03-27T04:42:04.408+0000] {processor.py:914} INFO - Processing file /home/airflow/.local/lib/python3.12/site-packages/airflow/example_dags/example_params_trigger_ui.py for tasks to queue
[2025-03-27T04:42:04.409+0000] {logging_mixin.py:190} INFO - [2025-03-27T04:42:04.409+0000] {dagbag.py:588} INFO - Filling up the DagBag from /home/airflow/.local/lib/python3.12/site-packages/airflow/example_dags/example_params_trigger_ui.py
[2025-03-27T04:42:04.414+0000] {processor.py:925} INFO - DAG(s) 'example_params_trigger_ui' retrieved from /home/airflow/.local/lib/python3.12/site-packages/airflow/example_dags/example_params_trigger_ui.py
[2025-03-27T04:42:04.432+0000] {logging_mixin.py:190} INFO - [2025-03-27T04:42:04.432+0000] {dag.py:3239} INFO - Sync 1 DAGs
[2025-03-27T04:42:04.438+0000] {logging_mixin.py:190} INFO - [2025-03-27T04:42:04.438+0000] {dag.py:4180} INFO - Setting next_dagrun for example_params_trigger_ui to None, run_after=None
[2025-03-27T04:42:04.445+0000] {processor.py:208} INFO - Processing /home/airflow/.local/lib/python3.12/site-packages/airflow/example_dags/example_params_trigger_ui.py took 0.042 seconds
[2025-03-27T04:59:57.678+0000] {processor.py:186} INFO - Started process (PID=15008) to work on /home/airflow/.local/lib/python3.12/site-packages/airflow/example_dags/example_params_trigger_ui.py
[2025-03-27T04:59:57.678+0000] {processor.py:914} INFO - Processing file /home/airflow/.local/lib/python3.12/site-packages/airflow/example_dags/example_params_trigger_ui.py for tasks to queue
[2025-03-27T04:59:57.680+0000] {logging_mixin.py:190} INFO - [2025-03-27T04:59:57.680+0000] {dagbag.py:588} INFO - Filling up the DagBag from /home/airflow/.local/lib/python3.12/site-packages/airflow/example_dags/example_params_trigger_ui.py
[2025-03-27T04:59:57.701+0000] {processor.py:925} INFO - DAG(s) 'example_params_trigger_ui' retrieved from /home/airflow/.local/lib/python3.12/site-packages/airflow/example_dags/example_params_trigger_ui.py
[2025-03-27T04:59:57.738+0000] {logging_mixin.py:190} INFO - [2025-03-27T04:59:57.738+0000] {dag.py:3239} INFO - Sync 1 DAGs
[2025-03-27T04:59:57.757+0000] {logging_mixin.py:190} INFO - [2025-03-27T04:59:57.756+0000] {dag.py:4180} INFO - Setting next_dagrun for example_params_trigger_ui to None, run_after=None
[2025-03-27T04:59:57.774+0000] {processor.py:208} INFO - Processing /home/airflow/.local/lib/python3.12/site-packages/airflow/example_dags/example_params_trigger_ui.py took 0.101 seconds
[2025-03-27T05:17:17.822+0000] {processor.py:186} INFO - Started process (PID=15070) to work on /home/airflow/.local/lib/python3.12/site-packages/airflow/example_dags/example_params_trigger_ui.py
[2025-03-27T05:17:17.822+0000] {processor.py:914} INFO - Processing file /home/airflow/.local/lib/python3.12/site-packages/airflow/example_dags/example_params_trigger_ui.py for tasks to queue
[2025-03-27T05:17:17.825+0000] {logging_mixin.py:190} INFO - [2025-03-27T05:17:17.823+0000] {dagbag.py:588} INFO - Filling up the DagBag from /home/airflow/.local/lib/python3.12/site-packages/airflow/example_dags/example_params_trigger_ui.py
[2025-03-27T05:17:17.833+0000] {processor.py:925} INFO - DAG(s) 'example_params_trigger_ui' retrieved from /home/airflow/.local/lib/python3.12/site-packages/airflow/example_dags/example_params_trigger_ui.py
[2025-03-27T05:17:17.873+0000] {logging_mixin.py:190} INFO - [2025-03-27T05:17:17.872+0000] {dag.py:3239} INFO - Sync 1 DAGs
[2025-03-27T05:17:17.886+0000] {logging_mixin.py:190} INFO - [2025-03-27T05:17:17.885+0000] {dag.py:4180} INFO - Setting next_dagrun for example_params_trigger_ui to None, run_after=None
[2025-03-27T05:17:17.895+0000] {processor.py:208} INFO - Processing /home/airflow/.local/lib/python3.12/site-packages/airflow/example_dags/example_params_trigger_ui.py took 0.077 seconds
[2025-03-27T05:53:15.806+0000] {processor.py:186} INFO - Started process (PID=15132) to work on /home/airflow/.local/lib/python3.12/site-packages/airflow/example_dags/example_params_trigger_ui.py
[2025-03-27T05:53:15.808+0000] {processor.py:914} INFO - Processing file /home/airflow/.local/lib/python3.12/site-packages/airflow/example_dags/example_params_trigger_ui.py for tasks to queue
[2025-03-27T05:53:15.812+0000] {logging_mixin.py:190} INFO - [2025-03-27T05:53:15.812+0000] {dagbag.py:588} INFO - Filling up the DagBag from /home/airflow/.local/lib/python3.12/site-packages/airflow/example_dags/example_params_trigger_ui.py
[2025-03-27T05:53:15.820+0000] {processor.py:925} INFO - DAG(s) 'example_params_trigger_ui' retrieved from /home/airflow/.local/lib/python3.12/site-packages/airflow/example_dags/example_params_trigger_ui.py
[2025-03-27T05:53:15.861+0000] {logging_mixin.py:190} INFO - [2025-03-27T05:53:15.861+0000] {dag.py:3239} INFO - Sync 1 DAGs
[2025-03-27T05:53:15.871+0000] {logging_mixin.py:190} INFO - [2025-03-27T05:53:15.871+0000] {dag.py:4180} INFO - Setting next_dagrun for example_params_trigger_ui to None, run_after=None
[2025-03-27T05:53:15.885+0000] {processor.py:208} INFO - Processing /home/airflow/.local/lib/python3.12/site-packages/airflow/example_dags/example_params_trigger_ui.py took 0.086 seconds
[2025-03-27T06:09:33.130+0000] {processor.py:186} INFO - Started process (PID=15194) to work on /home/airflow/.local/lib/python3.12/site-packages/airflow/example_dags/example_params_trigger_ui.py
[2025-03-27T06:09:33.131+0000] {processor.py:914} INFO - Processing file /home/airflow/.local/lib/python3.12/site-packages/airflow/example_dags/example_params_trigger_ui.py for tasks to queue
[2025-03-27T06:09:33.132+0000] {logging_mixin.py:190} INFO - [2025-03-27T06:09:33.132+0000] {dagbag.py:588} INFO - Filling up the DagBag from /home/airflow/.local/lib/python3.12/site-packages/airflow/example_dags/example_params_trigger_ui.py
[2025-03-27T06:09:33.138+0000] {processor.py:925} INFO - DAG(s) 'example_params_trigger_ui' retrieved from /home/airflow/.local/lib/python3.12/site-packages/airflow/example_dags/example_params_trigger_ui.py
[2025-03-27T06:09:33.162+0000] {logging_mixin.py:190} INFO - [2025-03-27T06:09:33.162+0000] {dag.py:3239} INFO - Sync 1 DAGs
[2025-03-27T06:09:33.169+0000] {logging_mixin.py:190} INFO - [2025-03-27T06:09:33.169+0000] {dag.py:4180} INFO - Setting next_dagrun for example_params_trigger_ui to None, run_after=None
[2025-03-27T06:09:33.184+0000] {processor.py:208} INFO - Processing /home/airflow/.local/lib/python3.12/site-packages/airflow/example_dags/example_params_trigger_ui.py took 0.057 seconds
[2025-03-27T06:25:29.804+0000] {processor.py:186} INFO - Started process (PID=15255) to work on /home/airflow/.local/lib/python3.12/site-packages/airflow/example_dags/example_params_trigger_ui.py
[2025-03-27T06:25:29.806+0000] {processor.py:914} INFO - Processing file /home/airflow/.local/lib/python3.12/site-packages/airflow/example_dags/example_params_trigger_ui.py for tasks to queue
[2025-03-27T06:25:29.807+0000] {logging_mixin.py:190} INFO - [2025-03-27T06:25:29.807+0000] {dagbag.py:588} INFO - Filling up the DagBag from /home/airflow/.local/lib/python3.12/site-packages/airflow/example_dags/example_params_trigger_ui.py
[2025-03-27T06:25:29.817+0000] {processor.py:925} INFO - DAG(s) 'example_params_trigger_ui' retrieved from /home/airflow/.local/lib/python3.12/site-packages/airflow/example_dags/example_params_trigger_ui.py
[2025-03-27T06:25:29.845+0000] {logging_mixin.py:190} INFO - [2025-03-27T06:25:29.845+0000] {dag.py:3239} INFO - Sync 1 DAGs
[2025-03-27T06:25:29.997+0000] {logging_mixin.py:190} INFO - [2025-03-27T06:25:29.996+0000] {dag.py:4180} INFO - Setting next_dagrun for example_params_trigger_ui to None, run_after=None
[2025-03-27T06:25:30.070+0000] {processor.py:208} INFO - Processing /home/airflow/.local/lib/python3.12/site-packages/airflow/example_dags/example_params_trigger_ui.py took 0.269 seconds
[2025-03-27T06:51:25.023+0000] {processor.py:186} INFO - Started process (PID=15317) to work on /home/airflow/.local/lib/python3.12/site-packages/airflow/example_dags/example_params_trigger_ui.py
[2025-03-27T06:51:25.024+0000] {processor.py:914} INFO - Processing file /home/airflow/.local/lib/python3.12/site-packages/airflow/example_dags/example_params_trigger_ui.py for tasks to queue
[2025-03-27T06:51:25.027+0000] {logging_mixin.py:190} INFO - [2025-03-27T06:51:25.026+0000] {dagbag.py:588} INFO - Filling up the DagBag from /home/airflow/.local/lib/python3.12/site-packages/airflow/example_dags/example_params_trigger_ui.py
[2025-03-27T06:51:25.040+0000] {processor.py:925} INFO - DAG(s) 'example_params_trigger_ui' retrieved from /home/airflow/.local/lib/python3.12/site-packages/airflow/example_dags/example_params_trigger_ui.py
[2025-03-27T06:51:25.111+0000] {logging_mixin.py:190} INFO - [2025-03-27T06:51:25.111+0000] {dag.py:3239} INFO - Sync 1 DAGs
[2025-03-27T06:51:25.122+0000] {logging_mixin.py:190} INFO - [2025-03-27T06:51:25.122+0000] {dag.py:4180} INFO - Setting next_dagrun for example_params_trigger_ui to None, run_after=None
[2025-03-27T06:51:25.139+0000] {processor.py:208} INFO - Processing /home/airflow/.local/lib/python3.12/site-packages/airflow/example_dags/example_params_trigger_ui.py took 0.121 seconds
[2025-03-27T07:08:02.517+0000] {processor.py:186} INFO - Started process (PID=15378) to work on /home/airflow/.local/lib/python3.12/site-packages/airflow/example_dags/example_params_trigger_ui.py
[2025-03-27T07:08:02.518+0000] {processor.py:914} INFO - Processing file /home/airflow/.local/lib/python3.12/site-packages/airflow/example_dags/example_params_trigger_ui.py for tasks to queue
[2025-03-27T07:08:02.520+0000] {logging_mixin.py:190} INFO - [2025-03-27T07:08:02.520+0000] {dagbag.py:588} INFO - Filling up the DagBag from /home/airflow/.local/lib/python3.12/site-packages/airflow/example_dags/example_params_trigger_ui.py
[2025-03-27T07:08:02.529+0000] {processor.py:925} INFO - DAG(s) 'example_params_trigger_ui' retrieved from /home/airflow/.local/lib/python3.12/site-packages/airflow/example_dags/example_params_trigger_ui.py
[2025-03-27T07:08:02.561+0000] {logging_mixin.py:190} INFO - [2025-03-27T07:08:02.561+0000] {dag.py:3239} INFO - Sync 1 DAGs
[2025-03-27T07:08:02.570+0000] {logging_mixin.py:190} INFO - [2025-03-27T07:08:02.570+0000] {dag.py:4180} INFO - Setting next_dagrun for example_params_trigger_ui to None, run_after=None
[2025-03-27T07:08:02.583+0000] {processor.py:208} INFO - Processing /home/airflow/.local/lib/python3.12/site-packages/airflow/example_dags/example_params_trigger_ui.py took 0.070 seconds
[2025-03-27T07:28:23.297+0000] {processor.py:186} INFO - Started process (PID=15440) to work on /home/airflow/.local/lib/python3.12/site-packages/airflow/example_dags/example_params_trigger_ui.py
[2025-03-27T07:28:23.298+0000] {processor.py:914} INFO - Processing file /home/airflow/.local/lib/python3.12/site-packages/airflow/example_dags/example_params_trigger_ui.py for tasks to queue
[2025-03-27T07:28:23.299+0000] {logging_mixin.py:190} INFO - [2025-03-27T07:28:23.299+0000] {dagbag.py:588} INFO - Filling up the DagBag from /home/airflow/.local/lib/python3.12/site-packages/airflow/example_dags/example_params_trigger_ui.py
[2025-03-27T07:28:23.311+0000] {processor.py:925} INFO - DAG(s) 'example_params_trigger_ui' retrieved from /home/airflow/.local/lib/python3.12/site-packages/airflow/example_dags/example_params_trigger_ui.py
[2025-03-27T07:28:23.347+0000] {logging_mixin.py:190} INFO - [2025-03-27T07:28:23.347+0000] {dag.py:3239} INFO - Sync 1 DAGs
[2025-03-27T07:28:23.358+0000] {logging_mixin.py:190} INFO - [2025-03-27T07:28:23.358+0000] {dag.py:4180} INFO - Setting next_dagrun for example_params_trigger_ui to None, run_after=None
[2025-03-27T07:28:23.369+0000] {processor.py:208} INFO - Processing /home/airflow/.local/lib/python3.12/site-packages/airflow/example_dags/example_params_trigger_ui.py took 0.077 seconds
[2025-03-27T08:00:06.896+0000] {processor.py:186} INFO - Started process (PID=15502) to work on /home/airflow/.local/lib/python3.12/site-packages/airflow/example_dags/example_params_trigger_ui.py
[2025-03-27T08:00:06.899+0000] {processor.py:914} INFO - Processing file /home/airflow/.local/lib/python3.12/site-packages/airflow/example_dags/example_params_trigger_ui.py for tasks to queue
[2025-03-27T08:00:06.901+0000] {logging_mixin.py:190} INFO - [2025-03-27T08:00:06.901+0000] {dagbag.py:588} INFO - Filling up the DagBag from /home/airflow/.local/lib/python3.12/site-packages/airflow/example_dags/example_params_trigger_ui.py
[2025-03-27T08:00:06.915+0000] {processor.py:925} INFO - DAG(s) 'example_params_trigger_ui' retrieved from /home/airflow/.local/lib/python3.12/site-packages/airflow/example_dags/example_params_trigger_ui.py
[2025-03-27T08:00:06.965+0000] {logging_mixin.py:190} INFO - [2025-03-27T08:00:06.965+0000] {dag.py:3239} INFO - Sync 1 DAGs
[2025-03-27T08:00:07.001+0000] {logging_mixin.py:190} INFO - [2025-03-27T08:00:07.001+0000] {dag.py:4180} INFO - Setting next_dagrun for example_params_trigger_ui to None, run_after=None
[2025-03-27T08:00:07.020+0000] {processor.py:208} INFO - Processing /home/airflow/.local/lib/python3.12/site-packages/airflow/example_dags/example_params_trigger_ui.py took 0.131 seconds
[2025-03-27T08:17:26.864+0000] {processor.py:186} INFO - Started process (PID=15564) to work on /home/airflow/.local/lib/python3.12/site-packages/airflow/example_dags/example_params_trigger_ui.py
[2025-03-27T08:17:26.866+0000] {processor.py:914} INFO - Processing file /home/airflow/.local/lib/python3.12/site-packages/airflow/example_dags/example_params_trigger_ui.py for tasks to queue
[2025-03-27T08:17:26.868+0000] {logging_mixin.py:190} INFO - [2025-03-27T08:17:26.868+0000] {dagbag.py:588} INFO - Filling up the DagBag from /home/airflow/.local/lib/python3.12/site-packages/airflow/example_dags/example_params_trigger_ui.py
[2025-03-27T08:17:26.873+0000] {processor.py:925} INFO - DAG(s) 'example_params_trigger_ui' retrieved from /home/airflow/.local/lib/python3.12/site-packages/airflow/example_dags/example_params_trigger_ui.py
[2025-03-27T08:17:26.903+0000] {logging_mixin.py:190} INFO - [2025-03-27T08:17:26.903+0000] {dag.py:3239} INFO - Sync 1 DAGs
[2025-03-27T08:17:26.912+0000] {logging_mixin.py:190} INFO - [2025-03-27T08:17:26.911+0000] {dag.py:4180} INFO - Setting next_dagrun for example_params_trigger_ui to None, run_after=None
[2025-03-27T08:17:26.921+0000] {processor.py:208} INFO - Processing /home/airflow/.local/lib/python3.12/site-packages/airflow/example_dags/example_params_trigger_ui.py took 0.063 seconds
[2025-03-27T08:34:41.992+0000] {processor.py:186} INFO - Started process (PID=15626) to work on /home/airflow/.local/lib/python3.12/site-packages/airflow/example_dags/example_params_trigger_ui.py
[2025-03-27T08:34:41.993+0000] {processor.py:914} INFO - Processing file /home/airflow/.local/lib/python3.12/site-packages/airflow/example_dags/example_params_trigger_ui.py for tasks to queue
[2025-03-27T08:34:41.995+0000] {logging_mixin.py:190} INFO - [2025-03-27T08:34:41.995+0000] {dagbag.py:588} INFO - Filling up the DagBag from /home/airflow/.local/lib/python3.12/site-packages/airflow/example_dags/example_params_trigger_ui.py
[2025-03-27T08:34:42.003+0000] {processor.py:925} INFO - DAG(s) 'example_params_trigger_ui' retrieved from /home/airflow/.local/lib/python3.12/site-packages/airflow/example_dags/example_params_trigger_ui.py
[2025-03-27T08:34:42.030+0000] {logging_mixin.py:190} INFO - [2025-03-27T08:34:42.030+0000] {dag.py:3239} INFO - Sync 1 DAGs
[2025-03-27T08:34:42.039+0000] {logging_mixin.py:190} INFO - [2025-03-27T08:34:42.039+0000] {dag.py:4180} INFO - Setting next_dagrun for example_params_trigger_ui to None, run_after=None
[2025-03-27T08:34:42.053+0000] {processor.py:208} INFO - Processing /home/airflow/.local/lib/python3.12/site-packages/airflow/example_dags/example_params_trigger_ui.py took 0.064 seconds
[2025-03-27T08:51:08.804+0000] {processor.py:186} INFO - Started process (PID=15688) to work on /home/airflow/.local/lib/python3.12/site-packages/airflow/example_dags/example_params_trigger_ui.py
[2025-03-27T08:51:08.806+0000] {processor.py:914} INFO - Processing file /home/airflow/.local/lib/python3.12/site-packages/airflow/example_dags/example_params_trigger_ui.py for tasks to queue
[2025-03-27T08:51:08.808+0000] {logging_mixin.py:190} INFO - [2025-03-27T08:51:08.808+0000] {dagbag.py:588} INFO - Filling up the DagBag from /home/airflow/.local/lib/python3.12/site-packages/airflow/example_dags/example_params_trigger_ui.py
[2025-03-27T08:51:08.816+0000] {processor.py:925} INFO - DAG(s) 'example_params_trigger_ui' retrieved from /home/airflow/.local/lib/python3.12/site-packages/airflow/example_dags/example_params_trigger_ui.py
[2025-03-27T08:51:08.843+0000] {logging_mixin.py:190} INFO - [2025-03-27T08:51:08.843+0000] {dag.py:3239} INFO - Sync 1 DAGs
[2025-03-27T08:51:08.855+0000] {logging_mixin.py:190} INFO - [2025-03-27T08:51:08.855+0000] {dag.py:4180} INFO - Setting next_dagrun for example_params_trigger_ui to None, run_after=None
[2025-03-27T08:51:08.869+0000] {processor.py:208} INFO - Processing /home/airflow/.local/lib/python3.12/site-packages/airflow/example_dags/example_params_trigger_ui.py took 0.072 seconds
[2025-03-27T09:09:34.922+0000] {processor.py:186} INFO - Started process (PID=15750) to work on /home/airflow/.local/lib/python3.12/site-packages/airflow/example_dags/example_params_trigger_ui.py
[2025-03-27T09:09:34.924+0000] {processor.py:914} INFO - Processing file /home/airflow/.local/lib/python3.12/site-packages/airflow/example_dags/example_params_trigger_ui.py for tasks to queue
[2025-03-27T09:09:34.927+0000] {logging_mixin.py:190} INFO - [2025-03-27T09:09:34.927+0000] {dagbag.py:588} INFO - Filling up the DagBag from /home/airflow/.local/lib/python3.12/site-packages/airflow/example_dags/example_params_trigger_ui.py
[2025-03-27T09:09:34.939+0000] {processor.py:925} INFO - DAG(s) 'example_params_trigger_ui' retrieved from /home/airflow/.local/lib/python3.12/site-packages/airflow/example_dags/example_params_trigger_ui.py
[2025-03-27T09:09:34.974+0000] {logging_mixin.py:190} INFO - [2025-03-27T09:09:34.974+0000] {dag.py:3239} INFO - Sync 1 DAGs
[2025-03-27T09:09:34.987+0000] {logging_mixin.py:190} INFO - [2025-03-27T09:09:34.987+0000] {dag.py:4180} INFO - Setting next_dagrun for example_params_trigger_ui to None, run_after=None
[2025-03-27T09:09:35.017+0000] {processor.py:208} INFO - Processing /home/airflow/.local/lib/python3.12/site-packages/airflow/example_dags/example_params_trigger_ui.py took 0.099 seconds
[2025-03-27T09:35:27.231+0000] {processor.py:186} INFO - Started process (PID=15812) to work on /home/airflow/.local/lib/python3.12/site-packages/airflow/example_dags/example_params_trigger_ui.py
[2025-03-27T09:35:27.233+0000] {processor.py:914} INFO - Processing file /home/airflow/.local/lib/python3.12/site-packages/airflow/example_dags/example_params_trigger_ui.py for tasks to queue
[2025-03-27T09:35:27.235+0000] {logging_mixin.py:190} INFO - [2025-03-27T09:35:27.235+0000] {dagbag.py:588} INFO - Filling up the DagBag from /home/airflow/.local/lib/python3.12/site-packages/airflow/example_dags/example_params_trigger_ui.py
[2025-03-27T09:35:27.241+0000] {processor.py:925} INFO - DAG(s) 'example_params_trigger_ui' retrieved from /home/airflow/.local/lib/python3.12/site-packages/airflow/example_dags/example_params_trigger_ui.py
[2025-03-27T09:35:27.260+0000] {logging_mixin.py:190} INFO - [2025-03-27T09:35:27.260+0000] {dag.py:3239} INFO - Sync 1 DAGs
[2025-03-27T09:35:27.269+0000] {logging_mixin.py:190} INFO - [2025-03-27T09:35:27.269+0000] {dag.py:4180} INFO - Setting next_dagrun for example_params_trigger_ui to None, run_after=None
[2025-03-27T09:35:27.279+0000] {processor.py:208} INFO - Processing /home/airflow/.local/lib/python3.12/site-packages/airflow/example_dags/example_params_trigger_ui.py took 0.051 seconds
[2025-03-27T10:10:21.476+0000] {processor.py:186} INFO - Started process (PID=15873) to work on /home/airflow/.local/lib/python3.12/site-packages/airflow/example_dags/example_params_trigger_ui.py
[2025-03-27T10:10:21.477+0000] {processor.py:914} INFO - Processing file /home/airflow/.local/lib/python3.12/site-packages/airflow/example_dags/example_params_trigger_ui.py for tasks to queue
[2025-03-27T10:10:21.478+0000] {logging_mixin.py:190} INFO - [2025-03-27T10:10:21.478+0000] {dagbag.py:588} INFO - Filling up the DagBag from /home/airflow/.local/lib/python3.12/site-packages/airflow/example_dags/example_params_trigger_ui.py
[2025-03-27T10:10:21.486+0000] {processor.py:925} INFO - DAG(s) 'example_params_trigger_ui' retrieved from /home/airflow/.local/lib/python3.12/site-packages/airflow/example_dags/example_params_trigger_ui.py
[2025-03-27T10:10:21.511+0000] {logging_mixin.py:190} INFO - [2025-03-27T10:10:21.510+0000] {dag.py:3239} INFO - Sync 1 DAGs
[2025-03-27T10:10:21.524+0000] {logging_mixin.py:190} INFO - [2025-03-27T10:10:21.524+0000] {dag.py:4180} INFO - Setting next_dagrun for example_params_trigger_ui to None, run_after=None
[2025-03-27T10:10:21.536+0000] {processor.py:208} INFO - Processing /home/airflow/.local/lib/python3.12/site-packages/airflow/example_dags/example_params_trigger_ui.py took 0.064 seconds
[2025-03-27T10:26:03.943+0000] {processor.py:186} INFO - Started process (PID=15935) to work on /home/airflow/.local/lib/python3.12/site-packages/airflow/example_dags/example_params_trigger_ui.py
[2025-03-27T10:26:03.944+0000] {processor.py:914} INFO - Processing file /home/airflow/.local/lib/python3.12/site-packages/airflow/example_dags/example_params_trigger_ui.py for tasks to queue
[2025-03-27T10:26:03.947+0000] {logging_mixin.py:190} INFO - [2025-03-27T10:26:03.947+0000] {dagbag.py:588} INFO - Filling up the DagBag from /home/airflow/.local/lib/python3.12/site-packages/airflow/example_dags/example_params_trigger_ui.py
[2025-03-27T10:26:03.956+0000] {processor.py:925} INFO - DAG(s) 'example_params_trigger_ui' retrieved from /home/airflow/.local/lib/python3.12/site-packages/airflow/example_dags/example_params_trigger_ui.py
[2025-03-27T10:26:03.982+0000] {logging_mixin.py:190} INFO - [2025-03-27T10:26:03.981+0000] {dag.py:3239} INFO - Sync 1 DAGs
[2025-03-27T10:26:03.994+0000] {logging_mixin.py:190} INFO - [2025-03-27T10:26:03.994+0000] {dag.py:4180} INFO - Setting next_dagrun for example_params_trigger_ui to None, run_after=None
[2025-03-27T10:26:04.012+0000] {processor.py:208} INFO - Processing /home/airflow/.local/lib/python3.12/site-packages/airflow/example_dags/example_params_trigger_ui.py took 0.073 seconds
[2025-03-27T10:54:05.856+0000] {processor.py:186} INFO - Started process (PID=15997) to work on /home/airflow/.local/lib/python3.12/site-packages/airflow/example_dags/example_params_trigger_ui.py
[2025-03-27T10:54:05.858+0000] {processor.py:914} INFO - Processing file /home/airflow/.local/lib/python3.12/site-packages/airflow/example_dags/example_params_trigger_ui.py for tasks to queue
[2025-03-27T10:54:05.862+0000] {logging_mixin.py:190} INFO - [2025-03-27T10:54:05.862+0000] {dagbag.py:588} INFO - Filling up the DagBag from /home/airflow/.local/lib/python3.12/site-packages/airflow/example_dags/example_params_trigger_ui.py
[2025-03-27T10:54:05.875+0000] {processor.py:925} INFO - DAG(s) 'example_params_trigger_ui' retrieved from /home/airflow/.local/lib/python3.12/site-packages/airflow/example_dags/example_params_trigger_ui.py
[2025-03-27T10:54:05.910+0000] {logging_mixin.py:190} INFO - [2025-03-27T10:54:05.910+0000] {dag.py:3239} INFO - Sync 1 DAGs
[2025-03-27T10:54:05.919+0000] {logging_mixin.py:190} INFO - [2025-03-27T10:54:05.918+0000] {dag.py:4180} INFO - Setting next_dagrun for example_params_trigger_ui to None, run_after=None
[2025-03-27T10:54:05.937+0000] {processor.py:208} INFO - Processing /home/airflow/.local/lib/python3.12/site-packages/airflow/example_dags/example_params_trigger_ui.py took 0.088 seconds
[2025-03-27T11:11:48.024+0000] {processor.py:186} INFO - Started process (PID=16059) to work on /home/airflow/.local/lib/python3.12/site-packages/airflow/example_dags/example_params_trigger_ui.py
[2025-03-27T11:11:48.028+0000] {processor.py:914} INFO - Processing file /home/airflow/.local/lib/python3.12/site-packages/airflow/example_dags/example_params_trigger_ui.py for tasks to queue
[2025-03-27T11:11:48.029+0000] {logging_mixin.py:190} INFO - [2025-03-27T11:11:48.029+0000] {dagbag.py:588} INFO - Filling up the DagBag from /home/airflow/.local/lib/python3.12/site-packages/airflow/example_dags/example_params_trigger_ui.py
[2025-03-27T11:11:48.035+0000] {processor.py:925} INFO - DAG(s) 'example_params_trigger_ui' retrieved from /home/airflow/.local/lib/python3.12/site-packages/airflow/example_dags/example_params_trigger_ui.py
[2025-03-27T11:11:48.104+0000] {logging_mixin.py:190} INFO - [2025-03-27T11:11:48.103+0000] {dag.py:3239} INFO - Sync 1 DAGs
[2025-03-27T11:11:48.115+0000] {logging_mixin.py:190} INFO - [2025-03-27T11:11:48.114+0000] {dag.py:4180} INFO - Setting next_dagrun for example_params_trigger_ui to None, run_after=None
[2025-03-27T11:11:48.126+0000] {processor.py:208} INFO - Processing /home/airflow/.local/lib/python3.12/site-packages/airflow/example_dags/example_params_trigger_ui.py took 0.106 seconds
[2025-03-27T11:27:50.806+0000] {processor.py:186} INFO - Started process (PID=16121) to work on /home/airflow/.local/lib/python3.12/site-packages/airflow/example_dags/example_params_trigger_ui.py
[2025-03-27T11:27:50.807+0000] {processor.py:914} INFO - Processing file /home/airflow/.local/lib/python3.12/site-packages/airflow/example_dags/example_params_trigger_ui.py for tasks to queue
[2025-03-27T11:27:50.808+0000] {logging_mixin.py:190} INFO - [2025-03-27T11:27:50.808+0000] {dagbag.py:588} INFO - Filling up the DagBag from /home/airflow/.local/lib/python3.12/site-packages/airflow/example_dags/example_params_trigger_ui.py
[2025-03-27T11:27:50.815+0000] {processor.py:925} INFO - DAG(s) 'example_params_trigger_ui' retrieved from /home/airflow/.local/lib/python3.12/site-packages/airflow/example_dags/example_params_trigger_ui.py
[2025-03-27T11:27:50.842+0000] {logging_mixin.py:190} INFO - [2025-03-27T11:27:50.841+0000] {dag.py:3239} INFO - Sync 1 DAGs
[2025-03-27T11:27:50.852+0000] {logging_mixin.py:190} INFO - [2025-03-27T11:27:50.852+0000] {dag.py:4180} INFO - Setting next_dagrun for example_params_trigger_ui to None, run_after=None
[2025-03-27T11:27:50.870+0000] {processor.py:208} INFO - Processing /home/airflow/.local/lib/python3.12/site-packages/airflow/example_dags/example_params_trigger_ui.py took 0.068 seconds
[2025-03-27T11:48:34.648+0000] {processor.py:186} INFO - Started process (PID=16183) to work on /home/airflow/.local/lib/python3.12/site-packages/airflow/example_dags/example_params_trigger_ui.py
[2025-03-27T11:48:34.649+0000] {processor.py:914} INFO - Processing file /home/airflow/.local/lib/python3.12/site-packages/airflow/example_dags/example_params_trigger_ui.py for tasks to queue
[2025-03-27T11:48:34.651+0000] {logging_mixin.py:190} INFO - [2025-03-27T11:48:34.651+0000] {dagbag.py:588} INFO - Filling up the DagBag from /home/airflow/.local/lib/python3.12/site-packages/airflow/example_dags/example_params_trigger_ui.py
[2025-03-27T11:48:34.659+0000] {processor.py:925} INFO - DAG(s) 'example_params_trigger_ui' retrieved from /home/airflow/.local/lib/python3.12/site-packages/airflow/example_dags/example_params_trigger_ui.py
[2025-03-27T11:48:34.692+0000] {logging_mixin.py:190} INFO - [2025-03-27T11:48:34.691+0000] {dag.py:3239} INFO - Sync 1 DAGs
[2025-03-27T11:48:34.700+0000] {logging_mixin.py:190} INFO - [2025-03-27T11:48:34.700+0000] {dag.py:4180} INFO - Setting next_dagrun for example_params_trigger_ui to None, run_after=None
[2025-03-27T11:48:34.714+0000] {processor.py:208} INFO - Processing /home/airflow/.local/lib/python3.12/site-packages/airflow/example_dags/example_params_trigger_ui.py took 0.073 seconds
[2025-03-27T12:04:04.856+0000] {processor.py:186} INFO - Started process (PID=16245) to work on /home/airflow/.local/lib/python3.12/site-packages/airflow/example_dags/example_params_trigger_ui.py
[2025-03-27T12:04:04.863+0000] {processor.py:914} INFO - Processing file /home/airflow/.local/lib/python3.12/site-packages/airflow/example_dags/example_params_trigger_ui.py for tasks to queue
[2025-03-27T12:04:04.869+0000] {logging_mixin.py:190} INFO - [2025-03-27T12:04:04.869+0000] {dagbag.py:588} INFO - Filling up the DagBag from /home/airflow/.local/lib/python3.12/site-packages/airflow/example_dags/example_params_trigger_ui.py
[2025-03-27T12:04:04.880+0000] {processor.py:925} INFO - DAG(s) 'example_params_trigger_ui' retrieved from /home/airflow/.local/lib/python3.12/site-packages/airflow/example_dags/example_params_trigger_ui.py
[2025-03-27T12:04:04.928+0000] {logging_mixin.py:190} INFO - [2025-03-27T12:04:04.928+0000] {dag.py:3239} INFO - Sync 1 DAGs
[2025-03-27T12:04:04.939+0000] {logging_mixin.py:190} INFO - [2025-03-27T12:04:04.939+0000] {dag.py:4180} INFO - Setting next_dagrun for example_params_trigger_ui to None, run_after=None
[2025-03-27T12:04:04.959+0000] {processor.py:208} INFO - Processing /home/airflow/.local/lib/python3.12/site-packages/airflow/example_dags/example_params_trigger_ui.py took 0.111 seconds
[2025-03-27T12:20:46.801+0000] {processor.py:186} INFO - Started process (PID=16307) to work on /home/airflow/.local/lib/python3.12/site-packages/airflow/example_dags/example_params_trigger_ui.py
[2025-03-27T12:20:46.802+0000] {processor.py:914} INFO - Processing file /home/airflow/.local/lib/python3.12/site-packages/airflow/example_dags/example_params_trigger_ui.py for tasks to queue
[2025-03-27T12:20:46.804+0000] {logging_mixin.py:190} INFO - [2025-03-27T12:20:46.803+0000] {dagbag.py:588} INFO - Filling up the DagBag from /home/airflow/.local/lib/python3.12/site-packages/airflow/example_dags/example_params_trigger_ui.py
[2025-03-27T12:20:46.811+0000] {processor.py:925} INFO - DAG(s) 'example_params_trigger_ui' retrieved from /home/airflow/.local/lib/python3.12/site-packages/airflow/example_dags/example_params_trigger_ui.py
[2025-03-27T12:20:46.841+0000] {logging_mixin.py:190} INFO - [2025-03-27T12:20:46.841+0000] {dag.py:3239} INFO - Sync 1 DAGs
[2025-03-27T12:20:46.851+0000] {logging_mixin.py:190} INFO - [2025-03-27T12:20:46.850+0000] {dag.py:4180} INFO - Setting next_dagrun for example_params_trigger_ui to None, run_after=None
[2025-03-27T12:20:46.863+0000] {processor.py:208} INFO - Processing /home/airflow/.local/lib/python3.12/site-packages/airflow/example_dags/example_params_trigger_ui.py took 0.065 seconds
[2025-03-27T12:37:29.913+0000] {processor.py:186} INFO - Started process (PID=16369) to work on /home/airflow/.local/lib/python3.12/site-packages/airflow/example_dags/example_params_trigger_ui.py
[2025-03-27T12:37:29.915+0000] {processor.py:914} INFO - Processing file /home/airflow/.local/lib/python3.12/site-packages/airflow/example_dags/example_params_trigger_ui.py for tasks to queue
[2025-03-27T12:37:29.917+0000] {logging_mixin.py:190} INFO - [2025-03-27T12:37:29.917+0000] {dagbag.py:588} INFO - Filling up the DagBag from /home/airflow/.local/lib/python3.12/site-packages/airflow/example_dags/example_params_trigger_ui.py
[2025-03-27T12:37:29.930+0000] {processor.py:925} INFO - DAG(s) 'example_params_trigger_ui' retrieved from /home/airflow/.local/lib/python3.12/site-packages/airflow/example_dags/example_params_trigger_ui.py
[2025-03-27T12:37:29.979+0000] {logging_mixin.py:190} INFO - [2025-03-27T12:37:29.979+0000] {dag.py:3239} INFO - Sync 1 DAGs
[2025-03-27T12:37:29.996+0000] {logging_mixin.py:190} INFO - [2025-03-27T12:37:29.996+0000] {dag.py:4180} INFO - Setting next_dagrun for example_params_trigger_ui to None, run_after=None
[2025-03-27T12:37:30.025+0000] {processor.py:208} INFO - Processing /home/airflow/.local/lib/python3.12/site-packages/airflow/example_dags/example_params_trigger_ui.py took 0.117 seconds
[2025-03-27T13:05:15.395+0000] {processor.py:186} INFO - Started process (PID=16431) to work on /home/airflow/.local/lib/python3.12/site-packages/airflow/example_dags/example_params_trigger_ui.py
[2025-03-27T13:05:15.395+0000] {processor.py:914} INFO - Processing file /home/airflow/.local/lib/python3.12/site-packages/airflow/example_dags/example_params_trigger_ui.py for tasks to queue
[2025-03-27T13:05:15.398+0000] {logging_mixin.py:190} INFO - [2025-03-27T13:05:15.398+0000] {dagbag.py:588} INFO - Filling up the DagBag from /home/airflow/.local/lib/python3.12/site-packages/airflow/example_dags/example_params_trigger_ui.py
[2025-03-27T13:05:15.408+0000] {processor.py:925} INFO - DAG(s) 'example_params_trigger_ui' retrieved from /home/airflow/.local/lib/python3.12/site-packages/airflow/example_dags/example_params_trigger_ui.py
[2025-03-27T13:05:15.438+0000] {logging_mixin.py:190} INFO - [2025-03-27T13:05:15.437+0000] {dag.py:3239} INFO - Sync 1 DAGs
[2025-03-27T13:05:15.448+0000] {logging_mixin.py:190} INFO - [2025-03-27T13:05:15.447+0000] {dag.py:4180} INFO - Setting next_dagrun for example_params_trigger_ui to None, run_after=None
[2025-03-27T13:05:15.463+0000] {processor.py:208} INFO - Processing /home/airflow/.local/lib/python3.12/site-packages/airflow/example_dags/example_params_trigger_ui.py took 0.073 seconds
[2025-03-27T13:20:42.773+0000] {processor.py:186} INFO - Started process (PID=16493) to work on /home/airflow/.local/lib/python3.12/site-packages/airflow/example_dags/example_params_trigger_ui.py
[2025-03-27T13:20:42.776+0000] {processor.py:914} INFO - Processing file /home/airflow/.local/lib/python3.12/site-packages/airflow/example_dags/example_params_trigger_ui.py for tasks to queue
[2025-03-27T13:20:42.779+0000] {logging_mixin.py:190} INFO - [2025-03-27T13:20:42.778+0000] {dagbag.py:588} INFO - Filling up the DagBag from /home/airflow/.local/lib/python3.12/site-packages/airflow/example_dags/example_params_trigger_ui.py
[2025-03-27T13:20:42.785+0000] {processor.py:925} INFO - DAG(s) 'example_params_trigger_ui' retrieved from /home/airflow/.local/lib/python3.12/site-packages/airflow/example_dags/example_params_trigger_ui.py
[2025-03-27T13:20:42.810+0000] {logging_mixin.py:190} INFO - [2025-03-27T13:20:42.810+0000] {dag.py:3239} INFO - Sync 1 DAGs
[2025-03-27T13:20:42.821+0000] {logging_mixin.py:190} INFO - [2025-03-27T13:20:42.821+0000] {dag.py:4180} INFO - Setting next_dagrun for example_params_trigger_ui to None, run_after=None
[2025-03-27T13:20:42.830+0000] {processor.py:208} INFO - Processing /home/airflow/.local/lib/python3.12/site-packages/airflow/example_dags/example_params_trigger_ui.py took 0.061 seconds
[2025-03-27T13:34:06.073+0000] {processor.py:186} INFO - Started process (PID=16555) to work on /home/airflow/.local/lib/python3.12/site-packages/airflow/example_dags/example_params_trigger_ui.py
[2025-03-27T13:34:06.074+0000] {processor.py:914} INFO - Processing file /home/airflow/.local/lib/python3.12/site-packages/airflow/example_dags/example_params_trigger_ui.py for tasks to queue
[2025-03-27T13:34:06.075+0000] {logging_mixin.py:190} INFO - [2025-03-27T13:34:06.075+0000] {dagbag.py:588} INFO - Filling up the DagBag from /home/airflow/.local/lib/python3.12/site-packages/airflow/example_dags/example_params_trigger_ui.py
[2025-03-27T13:34:06.082+0000] {processor.py:925} INFO - DAG(s) 'example_params_trigger_ui' retrieved from /home/airflow/.local/lib/python3.12/site-packages/airflow/example_dags/example_params_trigger_ui.py
[2025-03-27T13:34:06.104+0000] {logging_mixin.py:190} INFO - [2025-03-27T13:34:06.104+0000] {dag.py:3239} INFO - Sync 1 DAGs
[2025-03-27T13:34:06.110+0000] {logging_mixin.py:190} INFO - [2025-03-27T13:34:06.110+0000] {dag.py:4180} INFO - Setting next_dagrun for example_params_trigger_ui to None, run_after=None
[2025-03-27T13:34:06.120+0000] {processor.py:208} INFO - Processing /home/airflow/.local/lib/python3.12/site-packages/airflow/example_dags/example_params_trigger_ui.py took 0.051 seconds
[2025-03-27T13:55:53.778+0000] {processor.py:186} INFO - Started process (PID=16617) to work on /home/airflow/.local/lib/python3.12/site-packages/airflow/example_dags/example_params_trigger_ui.py
[2025-03-27T13:55:53.779+0000] {processor.py:914} INFO - Processing file /home/airflow/.local/lib/python3.12/site-packages/airflow/example_dags/example_params_trigger_ui.py for tasks to queue
[2025-03-27T13:55:53.781+0000] {logging_mixin.py:190} INFO - [2025-03-27T13:55:53.781+0000] {dagbag.py:588} INFO - Filling up the DagBag from /home/airflow/.local/lib/python3.12/site-packages/airflow/example_dags/example_params_trigger_ui.py
[2025-03-27T13:55:53.790+0000] {processor.py:925} INFO - DAG(s) 'example_params_trigger_ui' retrieved from /home/airflow/.local/lib/python3.12/site-packages/airflow/example_dags/example_params_trigger_ui.py
[2025-03-27T13:55:53.829+0000] {logging_mixin.py:190} INFO - [2025-03-27T13:55:53.829+0000] {dag.py:3239} INFO - Sync 1 DAGs
[2025-03-27T13:55:53.840+0000] {logging_mixin.py:190} INFO - [2025-03-27T13:55:53.840+0000] {dag.py:4180} INFO - Setting next_dagrun for example_params_trigger_ui to None, run_after=None
[2025-03-27T13:55:53.853+0000] {processor.py:208} INFO - Processing /home/airflow/.local/lib/python3.12/site-packages/airflow/example_dags/example_params_trigger_ui.py took 0.079 seconds
[2025-03-27T14:05:51.565+0000] {processor.py:186} INFO - Started process (PID=16679) to work on /home/airflow/.local/lib/python3.12/site-packages/airflow/example_dags/example_params_trigger_ui.py
[2025-03-27T14:05:51.565+0000] {processor.py:914} INFO - Processing file /home/airflow/.local/lib/python3.12/site-packages/airflow/example_dags/example_params_trigger_ui.py for tasks to queue
[2025-03-27T14:05:51.567+0000] {logging_mixin.py:190} INFO - [2025-03-27T14:05:51.566+0000] {dagbag.py:588} INFO - Filling up the DagBag from /home/airflow/.local/lib/python3.12/site-packages/airflow/example_dags/example_params_trigger_ui.py
[2025-03-27T14:05:51.573+0000] {processor.py:925} INFO - DAG(s) 'example_params_trigger_ui' retrieved from /home/airflow/.local/lib/python3.12/site-packages/airflow/example_dags/example_params_trigger_ui.py
[2025-03-27T14:05:51.598+0000] {logging_mixin.py:190} INFO - [2025-03-27T14:05:51.597+0000] {dag.py:3239} INFO - Sync 1 DAGs
[2025-03-27T14:05:51.607+0000] {logging_mixin.py:190} INFO - [2025-03-27T14:05:51.607+0000] {dag.py:4180} INFO - Setting next_dagrun for example_params_trigger_ui to None, run_after=None
[2025-03-27T14:05:51.618+0000] {processor.py:208} INFO - Processing /home/airflow/.local/lib/python3.12/site-packages/airflow/example_dags/example_params_trigger_ui.py took 0.057 seconds
[2025-03-27T14:06:43.042+0000] {processor.py:186} INFO - Started process (PID=16741) to work on /home/airflow/.local/lib/python3.12/site-packages/airflow/example_dags/example_params_trigger_ui.py
[2025-03-27T14:06:43.042+0000] {processor.py:914} INFO - Processing file /home/airflow/.local/lib/python3.12/site-packages/airflow/example_dags/example_params_trigger_ui.py for tasks to queue
[2025-03-27T14:06:43.044+0000] {logging_mixin.py:190} INFO - [2025-03-27T14:06:43.044+0000] {dagbag.py:588} INFO - Filling up the DagBag from /home/airflow/.local/lib/python3.12/site-packages/airflow/example_dags/example_params_trigger_ui.py
[2025-03-27T14:06:43.051+0000] {processor.py:925} INFO - DAG(s) 'example_params_trigger_ui' retrieved from /home/airflow/.local/lib/python3.12/site-packages/airflow/example_dags/example_params_trigger_ui.py
[2025-03-27T14:06:43.071+0000] {logging_mixin.py:190} INFO - [2025-03-27T14:06:43.071+0000] {dag.py:3239} INFO - Sync 1 DAGs
[2025-03-27T14:06:43.079+0000] {logging_mixin.py:190} INFO - [2025-03-27T14:06:43.079+0000] {dag.py:4180} INFO - Setting next_dagrun for example_params_trigger_ui to None, run_after=None
[2025-03-27T14:06:43.095+0000] {processor.py:208} INFO - Processing /home/airflow/.local/lib/python3.12/site-packages/airflow/example_dags/example_params_trigger_ui.py took 0.058 seconds
[2025-03-27T14:10:23.205+0000] {processor.py:186} INFO - Started process (PID=16803) to work on /home/airflow/.local/lib/python3.12/site-packages/airflow/example_dags/example_params_trigger_ui.py
[2025-03-27T14:10:23.209+0000] {processor.py:914} INFO - Processing file /home/airflow/.local/lib/python3.12/site-packages/airflow/example_dags/example_params_trigger_ui.py for tasks to queue
[2025-03-27T14:10:23.213+0000] {logging_mixin.py:190} INFO - [2025-03-27T14:10:23.212+0000] {dagbag.py:588} INFO - Filling up the DagBag from /home/airflow/.local/lib/python3.12/site-packages/airflow/example_dags/example_params_trigger_ui.py
[2025-03-27T14:10:23.241+0000] {processor.py:925} INFO - DAG(s) 'example_params_trigger_ui' retrieved from /home/airflow/.local/lib/python3.12/site-packages/airflow/example_dags/example_params_trigger_ui.py
[2025-03-27T14:10:23.323+0000] {logging_mixin.py:190} INFO - [2025-03-27T14:10:23.322+0000] {dag.py:3239} INFO - Sync 1 DAGs
[2025-03-27T14:10:23.356+0000] {logging_mixin.py:190} INFO - [2025-03-27T14:10:23.355+0000] {dag.py:4180} INFO - Setting next_dagrun for example_params_trigger_ui to None, run_after=None
[2025-03-27T14:10:23.400+0000] {processor.py:208} INFO - Processing /home/airflow/.local/lib/python3.12/site-packages/airflow/example_dags/example_params_trigger_ui.py took 0.208 seconds
[2025-03-27T14:11:07.716+0000] {processor.py:186} INFO - Started process (PID=16871) to work on /home/airflow/.local/lib/python3.12/site-packages/airflow/example_dags/example_params_trigger_ui.py
[2025-03-27T14:11:07.718+0000] {processor.py:914} INFO - Processing file /home/airflow/.local/lib/python3.12/site-packages/airflow/example_dags/example_params_trigger_ui.py for tasks to queue
[2025-03-27T14:11:07.721+0000] {logging_mixin.py:190} INFO - [2025-03-27T14:11:07.721+0000] {dagbag.py:588} INFO - Filling up the DagBag from /home/airflow/.local/lib/python3.12/site-packages/airflow/example_dags/example_params_trigger_ui.py
[2025-03-27T14:11:07.733+0000] {processor.py:925} INFO - DAG(s) 'example_params_trigger_ui' retrieved from /home/airflow/.local/lib/python3.12/site-packages/airflow/example_dags/example_params_trigger_ui.py
[2025-03-27T14:11:07.794+0000] {logging_mixin.py:190} INFO - [2025-03-27T14:11:07.794+0000] {dag.py:3239} INFO - Sync 1 DAGs
[2025-03-27T14:11:07.824+0000] {logging_mixin.py:190} INFO - [2025-03-27T14:11:07.824+0000] {dag.py:4180} INFO - Setting next_dagrun for example_params_trigger_ui to None, run_after=None
[2025-03-27T14:11:07.868+0000] {processor.py:208} INFO - Processing /home/airflow/.local/lib/python3.12/site-packages/airflow/example_dags/example_params_trigger_ui.py took 0.157 seconds
[2025-03-27T14:11:38.400+0000] {processor.py:186} INFO - Started process (PID=16932) to work on /home/airflow/.local/lib/python3.12/site-packages/airflow/example_dags/example_params_trigger_ui.py
[2025-03-27T14:11:38.401+0000] {processor.py:914} INFO - Processing file /home/airflow/.local/lib/python3.12/site-packages/airflow/example_dags/example_params_trigger_ui.py for tasks to queue
[2025-03-27T14:11:38.403+0000] {logging_mixin.py:190} INFO - [2025-03-27T14:11:38.403+0000] {dagbag.py:588} INFO - Filling up the DagBag from /home/airflow/.local/lib/python3.12/site-packages/airflow/example_dags/example_params_trigger_ui.py
[2025-03-27T14:11:38.411+0000] {processor.py:925} INFO - DAG(s) 'example_params_trigger_ui' retrieved from /home/airflow/.local/lib/python3.12/site-packages/airflow/example_dags/example_params_trigger_ui.py
[2025-03-27T14:11:38.457+0000] {logging_mixin.py:190} INFO - [2025-03-27T14:11:38.457+0000] {dag.py:3239} INFO - Sync 1 DAGs
[2025-03-27T14:11:38.469+0000] {logging_mixin.py:190} INFO - [2025-03-27T14:11:38.469+0000] {dag.py:4180} INFO - Setting next_dagrun for example_params_trigger_ui to None, run_after=None
[2025-03-27T14:11:38.490+0000] {processor.py:208} INFO - Processing /home/airflow/.local/lib/python3.12/site-packages/airflow/example_dags/example_params_trigger_ui.py took 0.098 seconds
[2025-03-27T14:12:08.766+0000] {processor.py:186} INFO - Started process (PID=16994) to work on /home/airflow/.local/lib/python3.12/site-packages/airflow/example_dags/example_params_trigger_ui.py
[2025-03-27T14:12:08.767+0000] {processor.py:914} INFO - Processing file /home/airflow/.local/lib/python3.12/site-packages/airflow/example_dags/example_params_trigger_ui.py for tasks to queue
[2025-03-27T14:12:08.769+0000] {logging_mixin.py:190} INFO - [2025-03-27T14:12:08.769+0000] {dagbag.py:588} INFO - Filling up the DagBag from /home/airflow/.local/lib/python3.12/site-packages/airflow/example_dags/example_params_trigger_ui.py
[2025-03-27T14:12:08.775+0000] {processor.py:925} INFO - DAG(s) 'example_params_trigger_ui' retrieved from /home/airflow/.local/lib/python3.12/site-packages/airflow/example_dags/example_params_trigger_ui.py
[2025-03-27T14:12:08.803+0000] {logging_mixin.py:190} INFO - [2025-03-27T14:12:08.803+0000] {dag.py:3239} INFO - Sync 1 DAGs
[2025-03-27T14:12:08.812+0000] {logging_mixin.py:190} INFO - [2025-03-27T14:12:08.811+0000] {dag.py:4180} INFO - Setting next_dagrun for example_params_trigger_ui to None, run_after=None
[2025-03-27T14:12:08.821+0000] {processor.py:208} INFO - Processing /home/airflow/.local/lib/python3.12/site-packages/airflow/example_dags/example_params_trigger_ui.py took 0.061 seconds
[2025-03-27T14:12:39.008+0000] {processor.py:186} INFO - Started process (PID=17056) to work on /home/airflow/.local/lib/python3.12/site-packages/airflow/example_dags/example_params_trigger_ui.py
[2025-03-27T14:12:39.010+0000] {processor.py:914} INFO - Processing file /home/airflow/.local/lib/python3.12/site-packages/airflow/example_dags/example_params_trigger_ui.py for tasks to queue
[2025-03-27T14:12:39.012+0000] {logging_mixin.py:190} INFO - [2025-03-27T14:12:39.012+0000] {dagbag.py:588} INFO - Filling up the DagBag from /home/airflow/.local/lib/python3.12/site-packages/airflow/example_dags/example_params_trigger_ui.py
[2025-03-27T14:12:39.020+0000] {processor.py:925} INFO - DAG(s) 'example_params_trigger_ui' retrieved from /home/airflow/.local/lib/python3.12/site-packages/airflow/example_dags/example_params_trigger_ui.py
[2025-03-27T14:12:39.045+0000] {logging_mixin.py:190} INFO - [2025-03-27T14:12:39.045+0000] {dag.py:3239} INFO - Sync 1 DAGs
[2025-03-27T14:12:39.053+0000] {logging_mixin.py:190} INFO - [2025-03-27T14:12:39.053+0000] {dag.py:4180} INFO - Setting next_dagrun for example_params_trigger_ui to None, run_after=None
[2025-03-27T14:12:39.062+0000] {processor.py:208} INFO - Processing /home/airflow/.local/lib/python3.12/site-packages/airflow/example_dags/example_params_trigger_ui.py took 0.059 seconds
[2025-03-27T14:13:09.535+0000] {processor.py:186} INFO - Started process (PID=17118) to work on /home/airflow/.local/lib/python3.12/site-packages/airflow/example_dags/example_params_trigger_ui.py
[2025-03-27T14:13:09.536+0000] {processor.py:914} INFO - Processing file /home/airflow/.local/lib/python3.12/site-packages/airflow/example_dags/example_params_trigger_ui.py for tasks to queue
[2025-03-27T14:13:09.540+0000] {logging_mixin.py:190} INFO - [2025-03-27T14:13:09.540+0000] {dagbag.py:588} INFO - Filling up the DagBag from /home/airflow/.local/lib/python3.12/site-packages/airflow/example_dags/example_params_trigger_ui.py
[2025-03-27T14:13:09.551+0000] {processor.py:925} INFO - DAG(s) 'example_params_trigger_ui' retrieved from /home/airflow/.local/lib/python3.12/site-packages/airflow/example_dags/example_params_trigger_ui.py
[2025-03-27T14:13:09.580+0000] {logging_mixin.py:190} INFO - [2025-03-27T14:13:09.580+0000] {dag.py:3239} INFO - Sync 1 DAGs
[2025-03-27T14:13:09.593+0000] {logging_mixin.py:190} INFO - [2025-03-27T14:13:09.592+0000] {dag.py:4180} INFO - Setting next_dagrun for example_params_trigger_ui to None, run_after=None
[2025-03-27T14:13:09.608+0000] {processor.py:208} INFO - Processing /home/airflow/.local/lib/python3.12/site-packages/airflow/example_dags/example_params_trigger_ui.py took 0.079 seconds
[2025-03-27T14:13:40.334+0000] {processor.py:186} INFO - Started process (PID=17180) to work on /home/airflow/.local/lib/python3.12/site-packages/airflow/example_dags/example_params_trigger_ui.py
[2025-03-27T14:13:40.335+0000] {processor.py:914} INFO - Processing file /home/airflow/.local/lib/python3.12/site-packages/airflow/example_dags/example_params_trigger_ui.py for tasks to queue
[2025-03-27T14:13:40.339+0000] {logging_mixin.py:190} INFO - [2025-03-27T14:13:40.338+0000] {dagbag.py:588} INFO - Filling up the DagBag from /home/airflow/.local/lib/python3.12/site-packages/airflow/example_dags/example_params_trigger_ui.py
[2025-03-27T14:13:40.349+0000] {processor.py:925} INFO - DAG(s) 'example_params_trigger_ui' retrieved from /home/airflow/.local/lib/python3.12/site-packages/airflow/example_dags/example_params_trigger_ui.py
[2025-03-27T14:13:40.380+0000] {logging_mixin.py:190} INFO - [2025-03-27T14:13:40.380+0000] {dag.py:3239} INFO - Sync 1 DAGs
[2025-03-27T14:13:40.389+0000] {logging_mixin.py:190} INFO - [2025-03-27T14:13:40.389+0000] {dag.py:4180} INFO - Setting next_dagrun for example_params_trigger_ui to None, run_after=None
[2025-03-27T14:13:40.400+0000] {processor.py:208} INFO - Processing /home/airflow/.local/lib/python3.12/site-packages/airflow/example_dags/example_params_trigger_ui.py took 0.069 seconds
[2025-03-27T14:14:11.192+0000] {processor.py:186} INFO - Started process (PID=17242) to work on /home/airflow/.local/lib/python3.12/site-packages/airflow/example_dags/example_params_trigger_ui.py
[2025-03-27T14:14:11.193+0000] {processor.py:914} INFO - Processing file /home/airflow/.local/lib/python3.12/site-packages/airflow/example_dags/example_params_trigger_ui.py for tasks to queue
[2025-03-27T14:14:11.195+0000] {logging_mixin.py:190} INFO - [2025-03-27T14:14:11.195+0000] {dagbag.py:588} INFO - Filling up the DagBag from /home/airflow/.local/lib/python3.12/site-packages/airflow/example_dags/example_params_trigger_ui.py
[2025-03-27T14:14:11.202+0000] {processor.py:925} INFO - DAG(s) 'example_params_trigger_ui' retrieved from /home/airflow/.local/lib/python3.12/site-packages/airflow/example_dags/example_params_trigger_ui.py
[2025-03-27T14:14:11.229+0000] {logging_mixin.py:190} INFO - [2025-03-27T14:14:11.229+0000] {dag.py:3239} INFO - Sync 1 DAGs
[2025-03-27T14:14:11.239+0000] {logging_mixin.py:190} INFO - [2025-03-27T14:14:11.238+0000] {dag.py:4180} INFO - Setting next_dagrun for example_params_trigger_ui to None, run_after=None
[2025-03-27T14:14:11.255+0000] {processor.py:208} INFO - Processing /home/airflow/.local/lib/python3.12/site-packages/airflow/example_dags/example_params_trigger_ui.py took 0.066 seconds
[2025-03-27T14:14:42.376+0000] {processor.py:186} INFO - Started process (PID=17304) to work on /home/airflow/.local/lib/python3.12/site-packages/airflow/example_dags/example_params_trigger_ui.py
[2025-03-27T14:14:42.383+0000] {processor.py:914} INFO - Processing file /home/airflow/.local/lib/python3.12/site-packages/airflow/example_dags/example_params_trigger_ui.py for tasks to queue
[2025-03-27T14:14:42.396+0000] {logging_mixin.py:190} INFO - [2025-03-27T14:14:42.396+0000] {dagbag.py:588} INFO - Filling up the DagBag from /home/airflow/.local/lib/python3.12/site-packages/airflow/example_dags/example_params_trigger_ui.py
[2025-03-27T14:14:42.406+0000] {processor.py:925} INFO - DAG(s) 'example_params_trigger_ui' retrieved from /home/airflow/.local/lib/python3.12/site-packages/airflow/example_dags/example_params_trigger_ui.py
[2025-03-27T14:14:42.436+0000] {logging_mixin.py:190} INFO - [2025-03-27T14:14:42.436+0000] {dag.py:3239} INFO - Sync 1 DAGs
[2025-03-27T14:14:42.444+0000] {logging_mixin.py:190} INFO - [2025-03-27T14:14:42.444+0000] {dag.py:4180} INFO - Setting next_dagrun for example_params_trigger_ui to None, run_after=None
[2025-03-27T14:14:42.458+0000] {processor.py:208} INFO - Processing /home/airflow/.local/lib/python3.12/site-packages/airflow/example_dags/example_params_trigger_ui.py took 0.107 seconds
[2025-03-27T14:15:13.383+0000] {processor.py:186} INFO - Started process (PID=17366) to work on /home/airflow/.local/lib/python3.12/site-packages/airflow/example_dags/example_params_trigger_ui.py
[2025-03-27T14:15:13.384+0000] {processor.py:914} INFO - Processing file /home/airflow/.local/lib/python3.12/site-packages/airflow/example_dags/example_params_trigger_ui.py for tasks to queue
[2025-03-27T14:15:13.385+0000] {logging_mixin.py:190} INFO - [2025-03-27T14:15:13.385+0000] {dagbag.py:588} INFO - Filling up the DagBag from /home/airflow/.local/lib/python3.12/site-packages/airflow/example_dags/example_params_trigger_ui.py
[2025-03-27T14:15:13.391+0000] {processor.py:925} INFO - DAG(s) 'example_params_trigger_ui' retrieved from /home/airflow/.local/lib/python3.12/site-packages/airflow/example_dags/example_params_trigger_ui.py
[2025-03-27T14:15:13.415+0000] {logging_mixin.py:190} INFO - [2025-03-27T14:15:13.415+0000] {dag.py:3239} INFO - Sync 1 DAGs
[2025-03-27T14:15:13.432+0000] {logging_mixin.py:190} INFO - [2025-03-27T14:15:13.432+0000] {dag.py:4180} INFO - Setting next_dagrun for example_params_trigger_ui to None, run_after=None
[2025-03-27T14:15:13.446+0000] {processor.py:208} INFO - Processing /home/airflow/.local/lib/python3.12/site-packages/airflow/example_dags/example_params_trigger_ui.py took 0.067 seconds
[2025-03-27T14:15:44.242+0000] {processor.py:186} INFO - Started process (PID=17428) to work on /home/airflow/.local/lib/python3.12/site-packages/airflow/example_dags/example_params_trigger_ui.py
[2025-03-27T14:15:44.244+0000] {processor.py:914} INFO - Processing file /home/airflow/.local/lib/python3.12/site-packages/airflow/example_dags/example_params_trigger_ui.py for tasks to queue
[2025-03-27T14:15:44.245+0000] {logging_mixin.py:190} INFO - [2025-03-27T14:15:44.245+0000] {dagbag.py:588} INFO - Filling up the DagBag from /home/airflow/.local/lib/python3.12/site-packages/airflow/example_dags/example_params_trigger_ui.py
[2025-03-27T14:15:44.252+0000] {processor.py:925} INFO - DAG(s) 'example_params_trigger_ui' retrieved from /home/airflow/.local/lib/python3.12/site-packages/airflow/example_dags/example_params_trigger_ui.py
[2025-03-27T14:15:44.274+0000] {logging_mixin.py:190} INFO - [2025-03-27T14:15:44.274+0000] {dag.py:3239} INFO - Sync 1 DAGs
[2025-03-27T14:15:44.285+0000] {logging_mixin.py:190} INFO - [2025-03-27T14:15:44.285+0000] {dag.py:4180} INFO - Setting next_dagrun for example_params_trigger_ui to None, run_after=None
[2025-03-27T14:15:44.298+0000] {processor.py:208} INFO - Processing /home/airflow/.local/lib/python3.12/site-packages/airflow/example_dags/example_params_trigger_ui.py took 0.061 seconds
[2025-03-27T14:16:14.897+0000] {processor.py:186} INFO - Started process (PID=17490) to work on /home/airflow/.local/lib/python3.12/site-packages/airflow/example_dags/example_params_trigger_ui.py
[2025-03-27T14:16:14.898+0000] {processor.py:914} INFO - Processing file /home/airflow/.local/lib/python3.12/site-packages/airflow/example_dags/example_params_trigger_ui.py for tasks to queue
[2025-03-27T14:16:14.901+0000] {logging_mixin.py:190} INFO - [2025-03-27T14:16:14.901+0000] {dagbag.py:588} INFO - Filling up the DagBag from /home/airflow/.local/lib/python3.12/site-packages/airflow/example_dags/example_params_trigger_ui.py
[2025-03-27T14:16:14.908+0000] {processor.py:925} INFO - DAG(s) 'example_params_trigger_ui' retrieved from /home/airflow/.local/lib/python3.12/site-packages/airflow/example_dags/example_params_trigger_ui.py
[2025-03-27T14:16:14.934+0000] {logging_mixin.py:190} INFO - [2025-03-27T14:16:14.934+0000] {dag.py:3239} INFO - Sync 1 DAGs
[2025-03-27T14:16:14.943+0000] {logging_mixin.py:190} INFO - [2025-03-27T14:16:14.943+0000] {dag.py:4180} INFO - Setting next_dagrun for example_params_trigger_ui to None, run_after=None
[2025-03-27T14:16:14.953+0000] {processor.py:208} INFO - Processing /home/airflow/.local/lib/python3.12/site-packages/airflow/example_dags/example_params_trigger_ui.py took 0.063 seconds
[2025-03-27T14:16:45.516+0000] {processor.py:186} INFO - Started process (PID=17552) to work on /home/airflow/.local/lib/python3.12/site-packages/airflow/example_dags/example_params_trigger_ui.py
[2025-03-27T14:16:45.518+0000] {processor.py:914} INFO - Processing file /home/airflow/.local/lib/python3.12/site-packages/airflow/example_dags/example_params_trigger_ui.py for tasks to queue
[2025-03-27T14:16:45.520+0000] {logging_mixin.py:190} INFO - [2025-03-27T14:16:45.520+0000] {dagbag.py:588} INFO - Filling up the DagBag from /home/airflow/.local/lib/python3.12/site-packages/airflow/example_dags/example_params_trigger_ui.py
[2025-03-27T14:16:45.528+0000] {processor.py:925} INFO - DAG(s) 'example_params_trigger_ui' retrieved from /home/airflow/.local/lib/python3.12/site-packages/airflow/example_dags/example_params_trigger_ui.py
[2025-03-27T14:16:45.555+0000] {logging_mixin.py:190} INFO - [2025-03-27T14:16:45.554+0000] {dag.py:3239} INFO - Sync 1 DAGs
[2025-03-27T14:16:45.573+0000] {logging_mixin.py:190} INFO - [2025-03-27T14:16:45.573+0000] {dag.py:4180} INFO - Setting next_dagrun for example_params_trigger_ui to None, run_after=None
[2025-03-27T14:16:45.588+0000] {processor.py:208} INFO - Processing /home/airflow/.local/lib/python3.12/site-packages/airflow/example_dags/example_params_trigger_ui.py took 0.082 seconds
[2025-03-27T14:17:15.711+0000] {processor.py:186} INFO - Started process (PID=17614) to work on /home/airflow/.local/lib/python3.12/site-packages/airflow/example_dags/example_params_trigger_ui.py
[2025-03-27T14:17:15.712+0000] {processor.py:914} INFO - Processing file /home/airflow/.local/lib/python3.12/site-packages/airflow/example_dags/example_params_trigger_ui.py for tasks to queue
[2025-03-27T14:17:15.714+0000] {logging_mixin.py:190} INFO - [2025-03-27T14:17:15.714+0000] {dagbag.py:588} INFO - Filling up the DagBag from /home/airflow/.local/lib/python3.12/site-packages/airflow/example_dags/example_params_trigger_ui.py
[2025-03-27T14:17:15.725+0000] {processor.py:925} INFO - DAG(s) 'example_params_trigger_ui' retrieved from /home/airflow/.local/lib/python3.12/site-packages/airflow/example_dags/example_params_trigger_ui.py
[2025-03-27T14:17:15.758+0000] {logging_mixin.py:190} INFO - [2025-03-27T14:17:15.758+0000] {dag.py:3239} INFO - Sync 1 DAGs
[2025-03-27T14:17:15.766+0000] {logging_mixin.py:190} INFO - [2025-03-27T14:17:15.766+0000] {dag.py:4180} INFO - Setting next_dagrun for example_params_trigger_ui to None, run_after=None
[2025-03-27T14:17:15.780+0000] {processor.py:208} INFO - Processing /home/airflow/.local/lib/python3.12/site-packages/airflow/example_dags/example_params_trigger_ui.py took 0.072 seconds
[2025-03-27T14:17:46.130+0000] {processor.py:186} INFO - Started process (PID=17676) to work on /home/airflow/.local/lib/python3.12/site-packages/airflow/example_dags/example_params_trigger_ui.py
[2025-03-27T14:17:46.131+0000] {processor.py:914} INFO - Processing file /home/airflow/.local/lib/python3.12/site-packages/airflow/example_dags/example_params_trigger_ui.py for tasks to queue
[2025-03-27T14:17:46.133+0000] {logging_mixin.py:190} INFO - [2025-03-27T14:17:46.132+0000] {dagbag.py:588} INFO - Filling up the DagBag from /home/airflow/.local/lib/python3.12/site-packages/airflow/example_dags/example_params_trigger_ui.py
[2025-03-27T14:17:46.142+0000] {processor.py:925} INFO - DAG(s) 'example_params_trigger_ui' retrieved from /home/airflow/.local/lib/python3.12/site-packages/airflow/example_dags/example_params_trigger_ui.py
[2025-03-27T14:17:46.169+0000] {logging_mixin.py:190} INFO - [2025-03-27T14:17:46.168+0000] {dag.py:3239} INFO - Sync 1 DAGs
[2025-03-27T14:17:46.178+0000] {logging_mixin.py:190} INFO - [2025-03-27T14:17:46.178+0000] {dag.py:4180} INFO - Setting next_dagrun for example_params_trigger_ui to None, run_after=None
[2025-03-27T14:17:46.196+0000] {processor.py:208} INFO - Processing /home/airflow/.local/lib/python3.12/site-packages/airflow/example_dags/example_params_trigger_ui.py took 0.071 seconds
[2025-03-27T14:18:16.616+0000] {processor.py:186} INFO - Started process (PID=17738) to work on /home/airflow/.local/lib/python3.12/site-packages/airflow/example_dags/example_params_trigger_ui.py
[2025-03-27T14:18:16.617+0000] {processor.py:914} INFO - Processing file /home/airflow/.local/lib/python3.12/site-packages/airflow/example_dags/example_params_trigger_ui.py for tasks to queue
[2025-03-27T14:18:16.618+0000] {logging_mixin.py:190} INFO - [2025-03-27T14:18:16.618+0000] {dagbag.py:588} INFO - Filling up the DagBag from /home/airflow/.local/lib/python3.12/site-packages/airflow/example_dags/example_params_trigger_ui.py
[2025-03-27T14:18:16.626+0000] {processor.py:925} INFO - DAG(s) 'example_params_trigger_ui' retrieved from /home/airflow/.local/lib/python3.12/site-packages/airflow/example_dags/example_params_trigger_ui.py
[2025-03-27T14:18:16.659+0000] {logging_mixin.py:190} INFO - [2025-03-27T14:18:16.658+0000] {dag.py:3239} INFO - Sync 1 DAGs
[2025-03-27T14:18:16.671+0000] {logging_mixin.py:190} INFO - [2025-03-27T14:18:16.671+0000] {dag.py:4180} INFO - Setting next_dagrun for example_params_trigger_ui to None, run_after=None
[2025-03-27T14:18:16.684+0000] {processor.py:208} INFO - Processing /home/airflow/.local/lib/python3.12/site-packages/airflow/example_dags/example_params_trigger_ui.py took 0.072 seconds
[2025-03-27T14:18:46.740+0000] {processor.py:186} INFO - Started process (PID=17799) to work on /home/airflow/.local/lib/python3.12/site-packages/airflow/example_dags/example_params_trigger_ui.py
[2025-03-27T14:18:46.741+0000] {processor.py:914} INFO - Processing file /home/airflow/.local/lib/python3.12/site-packages/airflow/example_dags/example_params_trigger_ui.py for tasks to queue
[2025-03-27T14:18:46.744+0000] {logging_mixin.py:190} INFO - [2025-03-27T14:18:46.743+0000] {dagbag.py:588} INFO - Filling up the DagBag from /home/airflow/.local/lib/python3.12/site-packages/airflow/example_dags/example_params_trigger_ui.py
[2025-03-27T14:18:46.755+0000] {processor.py:925} INFO - DAG(s) 'example_params_trigger_ui' retrieved from /home/airflow/.local/lib/python3.12/site-packages/airflow/example_dags/example_params_trigger_ui.py
[2025-03-27T14:18:46.788+0000] {logging_mixin.py:190} INFO - [2025-03-27T14:18:46.788+0000] {dag.py:3239} INFO - Sync 1 DAGs
[2025-03-27T14:18:46.797+0000] {logging_mixin.py:190} INFO - [2025-03-27T14:18:46.797+0000] {dag.py:4180} INFO - Setting next_dagrun for example_params_trigger_ui to None, run_after=None
[2025-03-27T14:18:46.815+0000] {processor.py:208} INFO - Processing /home/airflow/.local/lib/python3.12/site-packages/airflow/example_dags/example_params_trigger_ui.py took 0.082 seconds
[2025-03-27T14:19:17.406+0000] {processor.py:186} INFO - Started process (PID=17862) to work on /home/airflow/.local/lib/python3.12/site-packages/airflow/example_dags/example_params_trigger_ui.py
[2025-03-27T14:19:17.407+0000] {processor.py:914} INFO - Processing file /home/airflow/.local/lib/python3.12/site-packages/airflow/example_dags/example_params_trigger_ui.py for tasks to queue
[2025-03-27T14:19:17.411+0000] {logging_mixin.py:190} INFO - [2025-03-27T14:19:17.410+0000] {dagbag.py:588} INFO - Filling up the DagBag from /home/airflow/.local/lib/python3.12/site-packages/airflow/example_dags/example_params_trigger_ui.py
[2025-03-27T14:19:17.426+0000] {processor.py:925} INFO - DAG(s) 'example_params_trigger_ui' retrieved from /home/airflow/.local/lib/python3.12/site-packages/airflow/example_dags/example_params_trigger_ui.py
[2025-03-27T14:19:17.452+0000] {logging_mixin.py:190} INFO - [2025-03-27T14:19:17.452+0000] {dag.py:3239} INFO - Sync 1 DAGs
[2025-03-27T14:19:17.461+0000] {logging_mixin.py:190} INFO - [2025-03-27T14:19:17.461+0000] {dag.py:4180} INFO - Setting next_dagrun for example_params_trigger_ui to None, run_after=None
[2025-03-27T14:19:17.475+0000] {processor.py:208} INFO - Processing /home/airflow/.local/lib/python3.12/site-packages/airflow/example_dags/example_params_trigger_ui.py took 0.074 seconds
[2025-03-27T14:19:47.816+0000] {processor.py:186} INFO - Started process (PID=17924) to work on /home/airflow/.local/lib/python3.12/site-packages/airflow/example_dags/example_params_trigger_ui.py
[2025-03-27T14:19:47.818+0000] {processor.py:914} INFO - Processing file /home/airflow/.local/lib/python3.12/site-packages/airflow/example_dags/example_params_trigger_ui.py for tasks to queue
[2025-03-27T14:19:47.819+0000] {logging_mixin.py:190} INFO - [2025-03-27T14:19:47.819+0000] {dagbag.py:588} INFO - Filling up the DagBag from /home/airflow/.local/lib/python3.12/site-packages/airflow/example_dags/example_params_trigger_ui.py
[2025-03-27T14:19:47.830+0000] {processor.py:925} INFO - DAG(s) 'example_params_trigger_ui' retrieved from /home/airflow/.local/lib/python3.12/site-packages/airflow/example_dags/example_params_trigger_ui.py
[2025-03-27T14:19:47.857+0000] {logging_mixin.py:190} INFO - [2025-03-27T14:19:47.857+0000] {dag.py:3239} INFO - Sync 1 DAGs
[2025-03-27T14:19:47.866+0000] {logging_mixin.py:190} INFO - [2025-03-27T14:19:47.866+0000] {dag.py:4180} INFO - Setting next_dagrun for example_params_trigger_ui to None, run_after=None
[2025-03-27T14:19:47.878+0000] {processor.py:208} INFO - Processing /home/airflow/.local/lib/python3.12/site-packages/airflow/example_dags/example_params_trigger_ui.py took 0.070 seconds
[2025-03-27T14:20:18.585+0000] {processor.py:186} INFO - Started process (PID=17986) to work on /home/airflow/.local/lib/python3.12/site-packages/airflow/example_dags/example_params_trigger_ui.py
[2025-03-27T14:20:18.586+0000] {processor.py:914} INFO - Processing file /home/airflow/.local/lib/python3.12/site-packages/airflow/example_dags/example_params_trigger_ui.py for tasks to queue
[2025-03-27T14:20:18.588+0000] {logging_mixin.py:190} INFO - [2025-03-27T14:20:18.587+0000] {dagbag.py:588} INFO - Filling up the DagBag from /home/airflow/.local/lib/python3.12/site-packages/airflow/example_dags/example_params_trigger_ui.py
[2025-03-27T14:20:18.596+0000] {processor.py:925} INFO - DAG(s) 'example_params_trigger_ui' retrieved from /home/airflow/.local/lib/python3.12/site-packages/airflow/example_dags/example_params_trigger_ui.py
[2025-03-27T14:20:18.623+0000] {logging_mixin.py:190} INFO - [2025-03-27T14:20:18.622+0000] {dag.py:3239} INFO - Sync 1 DAGs
[2025-03-27T14:20:18.635+0000] {logging_mixin.py:190} INFO - [2025-03-27T14:20:18.635+0000] {dag.py:4180} INFO - Setting next_dagrun for example_params_trigger_ui to None, run_after=None
[2025-03-27T14:20:18.650+0000] {processor.py:208} INFO - Processing /home/airflow/.local/lib/python3.12/site-packages/airflow/example_dags/example_params_trigger_ui.py took 0.072 seconds
[2025-03-27T14:20:49.019+0000] {processor.py:186} INFO - Started process (PID=18048) to work on /home/airflow/.local/lib/python3.12/site-packages/airflow/example_dags/example_params_trigger_ui.py
[2025-03-27T14:20:49.021+0000] {processor.py:914} INFO - Processing file /home/airflow/.local/lib/python3.12/site-packages/airflow/example_dags/example_params_trigger_ui.py for tasks to queue
[2025-03-27T14:20:49.022+0000] {logging_mixin.py:190} INFO - [2025-03-27T14:20:49.022+0000] {dagbag.py:588} INFO - Filling up the DagBag from /home/airflow/.local/lib/python3.12/site-packages/airflow/example_dags/example_params_trigger_ui.py
[2025-03-27T14:20:49.034+0000] {processor.py:925} INFO - DAG(s) 'example_params_trigger_ui' retrieved from /home/airflow/.local/lib/python3.12/site-packages/airflow/example_dags/example_params_trigger_ui.py
[2025-03-27T14:20:49.078+0000] {logging_mixin.py:190} INFO - [2025-03-27T14:20:49.077+0000] {dag.py:3239} INFO - Sync 1 DAGs
[2025-03-27T14:20:49.090+0000] {logging_mixin.py:190} INFO - [2025-03-27T14:20:49.090+0000] {dag.py:4180} INFO - Setting next_dagrun for example_params_trigger_ui to None, run_after=None
[2025-03-27T14:20:49.105+0000] {processor.py:208} INFO - Processing /home/airflow/.local/lib/python3.12/site-packages/airflow/example_dags/example_params_trigger_ui.py took 0.096 seconds
[2025-03-27T14:21:19.567+0000] {processor.py:186} INFO - Started process (PID=18110) to work on /home/airflow/.local/lib/python3.12/site-packages/airflow/example_dags/example_params_trigger_ui.py
[2025-03-27T14:21:19.569+0000] {processor.py:914} INFO - Processing file /home/airflow/.local/lib/python3.12/site-packages/airflow/example_dags/example_params_trigger_ui.py for tasks to queue
[2025-03-27T14:21:19.573+0000] {logging_mixin.py:190} INFO - [2025-03-27T14:21:19.573+0000] {dagbag.py:588} INFO - Filling up the DagBag from /home/airflow/.local/lib/python3.12/site-packages/airflow/example_dags/example_params_trigger_ui.py
[2025-03-27T14:21:19.584+0000] {processor.py:925} INFO - DAG(s) 'example_params_trigger_ui' retrieved from /home/airflow/.local/lib/python3.12/site-packages/airflow/example_dags/example_params_trigger_ui.py
[2025-03-27T14:21:19.619+0000] {logging_mixin.py:190} INFO - [2025-03-27T14:21:19.619+0000] {dag.py:3239} INFO - Sync 1 DAGs
[2025-03-27T14:21:19.629+0000] {logging_mixin.py:190} INFO - [2025-03-27T14:21:19.629+0000] {dag.py:4180} INFO - Setting next_dagrun for example_params_trigger_ui to None, run_after=None
[2025-03-27T14:21:19.645+0000] {processor.py:208} INFO - Processing /home/airflow/.local/lib/python3.12/site-packages/airflow/example_dags/example_params_trigger_ui.py took 0.087 seconds
[2025-03-27T14:21:50.161+0000] {processor.py:186} INFO - Started process (PID=18172) to work on /home/airflow/.local/lib/python3.12/site-packages/airflow/example_dags/example_params_trigger_ui.py
[2025-03-27T14:21:50.162+0000] {processor.py:914} INFO - Processing file /home/airflow/.local/lib/python3.12/site-packages/airflow/example_dags/example_params_trigger_ui.py for tasks to queue
[2025-03-27T14:21:50.164+0000] {logging_mixin.py:190} INFO - [2025-03-27T14:21:50.164+0000] {dagbag.py:588} INFO - Filling up the DagBag from /home/airflow/.local/lib/python3.12/site-packages/airflow/example_dags/example_params_trigger_ui.py
[2025-03-27T14:21:50.173+0000] {processor.py:925} INFO - DAG(s) 'example_params_trigger_ui' retrieved from /home/airflow/.local/lib/python3.12/site-packages/airflow/example_dags/example_params_trigger_ui.py
[2025-03-27T14:21:50.209+0000] {logging_mixin.py:190} INFO - [2025-03-27T14:21:50.209+0000] {dag.py:3239} INFO - Sync 1 DAGs
[2025-03-27T14:21:50.219+0000] {logging_mixin.py:190} INFO - [2025-03-27T14:21:50.219+0000] {dag.py:4180} INFO - Setting next_dagrun for example_params_trigger_ui to None, run_after=None
[2025-03-27T14:21:50.232+0000] {processor.py:208} INFO - Processing /home/airflow/.local/lib/python3.12/site-packages/airflow/example_dags/example_params_trigger_ui.py took 0.075 seconds
[2025-03-27T14:22:20.563+0000] {processor.py:186} INFO - Started process (PID=18234) to work on /home/airflow/.local/lib/python3.12/site-packages/airflow/example_dags/example_params_trigger_ui.py
[2025-03-27T14:22:20.564+0000] {processor.py:914} INFO - Processing file /home/airflow/.local/lib/python3.12/site-packages/airflow/example_dags/example_params_trigger_ui.py for tasks to queue
[2025-03-27T14:22:20.565+0000] {logging_mixin.py:190} INFO - [2025-03-27T14:22:20.565+0000] {dagbag.py:588} INFO - Filling up the DagBag from /home/airflow/.local/lib/python3.12/site-packages/airflow/example_dags/example_params_trigger_ui.py
[2025-03-27T14:22:20.576+0000] {processor.py:925} INFO - DAG(s) 'example_params_trigger_ui' retrieved from /home/airflow/.local/lib/python3.12/site-packages/airflow/example_dags/example_params_trigger_ui.py
[2025-03-27T14:22:20.601+0000] {logging_mixin.py:190} INFO - [2025-03-27T14:22:20.601+0000] {dag.py:3239} INFO - Sync 1 DAGs
[2025-03-27T14:22:20.612+0000] {logging_mixin.py:190} INFO - [2025-03-27T14:22:20.612+0000] {dag.py:4180} INFO - Setting next_dagrun for example_params_trigger_ui to None, run_after=None
[2025-03-27T14:22:20.629+0000] {processor.py:208} INFO - Processing /home/airflow/.local/lib/python3.12/site-packages/airflow/example_dags/example_params_trigger_ui.py took 0.073 seconds
[2025-03-27T14:22:51.076+0000] {processor.py:186} INFO - Started process (PID=18296) to work on /home/airflow/.local/lib/python3.12/site-packages/airflow/example_dags/example_params_trigger_ui.py
[2025-03-27T14:22:51.077+0000] {processor.py:914} INFO - Processing file /home/airflow/.local/lib/python3.12/site-packages/airflow/example_dags/example_params_trigger_ui.py for tasks to queue
[2025-03-27T14:22:51.080+0000] {logging_mixin.py:190} INFO - [2025-03-27T14:22:51.079+0000] {dagbag.py:588} INFO - Filling up the DagBag from /home/airflow/.local/lib/python3.12/site-packages/airflow/example_dags/example_params_trigger_ui.py
[2025-03-27T14:22:51.096+0000] {processor.py:925} INFO - DAG(s) 'example_params_trigger_ui' retrieved from /home/airflow/.local/lib/python3.12/site-packages/airflow/example_dags/example_params_trigger_ui.py
[2025-03-27T14:22:51.126+0000] {logging_mixin.py:190} INFO - [2025-03-27T14:22:51.126+0000] {dag.py:3239} INFO - Sync 1 DAGs
[2025-03-27T14:22:51.135+0000] {logging_mixin.py:190} INFO - [2025-03-27T14:22:51.135+0000] {dag.py:4180} INFO - Setting next_dagrun for example_params_trigger_ui to None, run_after=None
[2025-03-27T14:22:51.153+0000] {processor.py:208} INFO - Processing /home/airflow/.local/lib/python3.12/site-packages/airflow/example_dags/example_params_trigger_ui.py took 0.081 seconds
[2025-03-27T14:23:21.641+0000] {processor.py:186} INFO - Started process (PID=18358) to work on /home/airflow/.local/lib/python3.12/site-packages/airflow/example_dags/example_params_trigger_ui.py
[2025-03-27T14:23:21.643+0000] {processor.py:914} INFO - Processing file /home/airflow/.local/lib/python3.12/site-packages/airflow/example_dags/example_params_trigger_ui.py for tasks to queue
[2025-03-27T14:23:21.645+0000] {logging_mixin.py:190} INFO - [2025-03-27T14:23:21.645+0000] {dagbag.py:588} INFO - Filling up the DagBag from /home/airflow/.local/lib/python3.12/site-packages/airflow/example_dags/example_params_trigger_ui.py
[2025-03-27T14:23:21.654+0000] {processor.py:925} INFO - DAG(s) 'example_params_trigger_ui' retrieved from /home/airflow/.local/lib/python3.12/site-packages/airflow/example_dags/example_params_trigger_ui.py
[2025-03-27T14:23:21.683+0000] {logging_mixin.py:190} INFO - [2025-03-27T14:23:21.683+0000] {dag.py:3239} INFO - Sync 1 DAGs
[2025-03-27T14:23:21.692+0000] {logging_mixin.py:190} INFO - [2025-03-27T14:23:21.692+0000] {dag.py:4180} INFO - Setting next_dagrun for example_params_trigger_ui to None, run_after=None
[2025-03-27T14:23:21.704+0000] {processor.py:208} INFO - Processing /home/airflow/.local/lib/python3.12/site-packages/airflow/example_dags/example_params_trigger_ui.py took 0.069 seconds
[2025-03-27T14:23:52.043+0000] {processor.py:186} INFO - Started process (PID=18420) to work on /home/airflow/.local/lib/python3.12/site-packages/airflow/example_dags/example_params_trigger_ui.py
[2025-03-27T14:23:52.044+0000] {processor.py:914} INFO - Processing file /home/airflow/.local/lib/python3.12/site-packages/airflow/example_dags/example_params_trigger_ui.py for tasks to queue
[2025-03-27T14:23:52.045+0000] {logging_mixin.py:190} INFO - [2025-03-27T14:23:52.045+0000] {dagbag.py:588} INFO - Filling up the DagBag from /home/airflow/.local/lib/python3.12/site-packages/airflow/example_dags/example_params_trigger_ui.py
[2025-03-27T14:23:52.052+0000] {processor.py:925} INFO - DAG(s) 'example_params_trigger_ui' retrieved from /home/airflow/.local/lib/python3.12/site-packages/airflow/example_dags/example_params_trigger_ui.py
[2025-03-27T14:23:52.078+0000] {logging_mixin.py:190} INFO - [2025-03-27T14:23:52.078+0000] {dag.py:3239} INFO - Sync 1 DAGs
[2025-03-27T14:23:52.090+0000] {logging_mixin.py:190} INFO - [2025-03-27T14:23:52.090+0000] {dag.py:4180} INFO - Setting next_dagrun for example_params_trigger_ui to None, run_after=None
[2025-03-27T14:23:52.106+0000] {processor.py:208} INFO - Processing /home/airflow/.local/lib/python3.12/site-packages/airflow/example_dags/example_params_trigger_ui.py took 0.070 seconds
[2025-03-27T14:24:22.375+0000] {processor.py:186} INFO - Started process (PID=18482) to work on /home/airflow/.local/lib/python3.12/site-packages/airflow/example_dags/example_params_trigger_ui.py
[2025-03-27T14:24:22.377+0000] {processor.py:914} INFO - Processing file /home/airflow/.local/lib/python3.12/site-packages/airflow/example_dags/example_params_trigger_ui.py for tasks to queue
[2025-03-27T14:24:22.378+0000] {logging_mixin.py:190} INFO - [2025-03-27T14:24:22.378+0000] {dagbag.py:588} INFO - Filling up the DagBag from /home/airflow/.local/lib/python3.12/site-packages/airflow/example_dags/example_params_trigger_ui.py
[2025-03-27T14:24:22.385+0000] {processor.py:925} INFO - DAG(s) 'example_params_trigger_ui' retrieved from /home/airflow/.local/lib/python3.12/site-packages/airflow/example_dags/example_params_trigger_ui.py
[2025-03-27T14:24:22.416+0000] {logging_mixin.py:190} INFO - [2025-03-27T14:24:22.416+0000] {dag.py:3239} INFO - Sync 1 DAGs
[2025-03-27T14:24:22.426+0000] {logging_mixin.py:190} INFO - [2025-03-27T14:24:22.426+0000] {dag.py:4180} INFO - Setting next_dagrun for example_params_trigger_ui to None, run_after=None
[2025-03-27T14:24:22.441+0000] {processor.py:208} INFO - Processing /home/airflow/.local/lib/python3.12/site-packages/airflow/example_dags/example_params_trigger_ui.py took 0.079 seconds
[2025-03-27T14:24:52.901+0000] {processor.py:186} INFO - Started process (PID=18544) to work on /home/airflow/.local/lib/python3.12/site-packages/airflow/example_dags/example_params_trigger_ui.py
[2025-03-27T14:24:52.902+0000] {processor.py:914} INFO - Processing file /home/airflow/.local/lib/python3.12/site-packages/airflow/example_dags/example_params_trigger_ui.py for tasks to queue
[2025-03-27T14:24:52.904+0000] {logging_mixin.py:190} INFO - [2025-03-27T14:24:52.904+0000] {dagbag.py:588} INFO - Filling up the DagBag from /home/airflow/.local/lib/python3.12/site-packages/airflow/example_dags/example_params_trigger_ui.py
[2025-03-27T14:24:52.913+0000] {processor.py:925} INFO - DAG(s) 'example_params_trigger_ui' retrieved from /home/airflow/.local/lib/python3.12/site-packages/airflow/example_dags/example_params_trigger_ui.py
[2025-03-27T14:24:52.941+0000] {logging_mixin.py:190} INFO - [2025-03-27T14:24:52.941+0000] {dag.py:3239} INFO - Sync 1 DAGs
[2025-03-27T14:24:52.956+0000] {logging_mixin.py:190} INFO - [2025-03-27T14:24:52.954+0000] {dag.py:4180} INFO - Setting next_dagrun for example_params_trigger_ui to None, run_after=None
[2025-03-27T14:24:52.976+0000] {processor.py:208} INFO - Processing /home/airflow/.local/lib/python3.12/site-packages/airflow/example_dags/example_params_trigger_ui.py took 0.080 seconds
[2025-03-27T14:25:23.473+0000] {processor.py:186} INFO - Started process (PID=18606) to work on /home/airflow/.local/lib/python3.12/site-packages/airflow/example_dags/example_params_trigger_ui.py
[2025-03-27T14:25:23.474+0000] {processor.py:914} INFO - Processing file /home/airflow/.local/lib/python3.12/site-packages/airflow/example_dags/example_params_trigger_ui.py for tasks to queue
[2025-03-27T14:25:23.476+0000] {logging_mixin.py:190} INFO - [2025-03-27T14:25:23.476+0000] {dagbag.py:588} INFO - Filling up the DagBag from /home/airflow/.local/lib/python3.12/site-packages/airflow/example_dags/example_params_trigger_ui.py
[2025-03-27T14:25:23.488+0000] {processor.py:925} INFO - DAG(s) 'example_params_trigger_ui' retrieved from /home/airflow/.local/lib/python3.12/site-packages/airflow/example_dags/example_params_trigger_ui.py
[2025-03-27T14:25:23.539+0000] {logging_mixin.py:190} INFO - [2025-03-27T14:25:23.538+0000] {dag.py:3239} INFO - Sync 1 DAGs
[2025-03-27T14:25:23.559+0000] {logging_mixin.py:190} INFO - [2025-03-27T14:25:23.559+0000] {dag.py:4180} INFO - Setting next_dagrun for example_params_trigger_ui to None, run_after=None
[2025-03-27T14:25:23.574+0000] {processor.py:208} INFO - Processing /home/airflow/.local/lib/python3.12/site-packages/airflow/example_dags/example_params_trigger_ui.py took 0.118 seconds
[2025-03-27T14:25:53.621+0000] {processor.py:186} INFO - Started process (PID=18667) to work on /home/airflow/.local/lib/python3.12/site-packages/airflow/example_dags/example_params_trigger_ui.py
[2025-03-27T14:25:53.622+0000] {processor.py:914} INFO - Processing file /home/airflow/.local/lib/python3.12/site-packages/airflow/example_dags/example_params_trigger_ui.py for tasks to queue
[2025-03-27T14:25:53.624+0000] {logging_mixin.py:190} INFO - [2025-03-27T14:25:53.624+0000] {dagbag.py:588} INFO - Filling up the DagBag from /home/airflow/.local/lib/python3.12/site-packages/airflow/example_dags/example_params_trigger_ui.py
[2025-03-27T14:25:53.632+0000] {processor.py:925} INFO - DAG(s) 'example_params_trigger_ui' retrieved from /home/airflow/.local/lib/python3.12/site-packages/airflow/example_dags/example_params_trigger_ui.py
[2025-03-27T14:25:53.653+0000] {logging_mixin.py:190} INFO - [2025-03-27T14:25:53.653+0000] {dag.py:3239} INFO - Sync 1 DAGs
[2025-03-27T14:25:53.661+0000] {logging_mixin.py:190} INFO - [2025-03-27T14:25:53.661+0000] {dag.py:4180} INFO - Setting next_dagrun for example_params_trigger_ui to None, run_after=None
[2025-03-27T14:25:53.670+0000] {processor.py:208} INFO - Processing /home/airflow/.local/lib/python3.12/site-packages/airflow/example_dags/example_params_trigger_ui.py took 0.055 seconds
[2025-03-27T14:26:24.256+0000] {processor.py:186} INFO - Started process (PID=18730) to work on /home/airflow/.local/lib/python3.12/site-packages/airflow/example_dags/example_params_trigger_ui.py
[2025-03-27T14:26:24.257+0000] {processor.py:914} INFO - Processing file /home/airflow/.local/lib/python3.12/site-packages/airflow/example_dags/example_params_trigger_ui.py for tasks to queue
[2025-03-27T14:26:24.259+0000] {logging_mixin.py:190} INFO - [2025-03-27T14:26:24.258+0000] {dagbag.py:588} INFO - Filling up the DagBag from /home/airflow/.local/lib/python3.12/site-packages/airflow/example_dags/example_params_trigger_ui.py
[2025-03-27T14:26:24.266+0000] {processor.py:925} INFO - DAG(s) 'example_params_trigger_ui' retrieved from /home/airflow/.local/lib/python3.12/site-packages/airflow/example_dags/example_params_trigger_ui.py
[2025-03-27T14:26:24.294+0000] {logging_mixin.py:190} INFO - [2025-03-27T14:26:24.294+0000] {dag.py:3239} INFO - Sync 1 DAGs
[2025-03-27T14:26:24.306+0000] {logging_mixin.py:190} INFO - [2025-03-27T14:26:24.305+0000] {dag.py:4180} INFO - Setting next_dagrun for example_params_trigger_ui to None, run_after=None
[2025-03-27T14:26:24.323+0000] {processor.py:208} INFO - Processing /home/airflow/.local/lib/python3.12/site-packages/airflow/example_dags/example_params_trigger_ui.py took 0.073 seconds
[2025-03-27T14:26:54.695+0000] {processor.py:186} INFO - Started process (PID=18792) to work on /home/airflow/.local/lib/python3.12/site-packages/airflow/example_dags/example_params_trigger_ui.py
[2025-03-27T14:26:54.696+0000] {processor.py:914} INFO - Processing file /home/airflow/.local/lib/python3.12/site-packages/airflow/example_dags/example_params_trigger_ui.py for tasks to queue
[2025-03-27T14:26:54.697+0000] {logging_mixin.py:190} INFO - [2025-03-27T14:26:54.697+0000] {dagbag.py:588} INFO - Filling up the DagBag from /home/airflow/.local/lib/python3.12/site-packages/airflow/example_dags/example_params_trigger_ui.py
[2025-03-27T14:26:54.704+0000] {processor.py:925} INFO - DAG(s) 'example_params_trigger_ui' retrieved from /home/airflow/.local/lib/python3.12/site-packages/airflow/example_dags/example_params_trigger_ui.py
[2025-03-27T14:26:54.733+0000] {logging_mixin.py:190} INFO - [2025-03-27T14:26:54.733+0000] {dag.py:3239} INFO - Sync 1 DAGs
[2025-03-27T14:26:54.743+0000] {logging_mixin.py:190} INFO - [2025-03-27T14:26:54.743+0000] {dag.py:4180} INFO - Setting next_dagrun for example_params_trigger_ui to None, run_after=None
[2025-03-27T14:26:54.757+0000] {processor.py:208} INFO - Processing /home/airflow/.local/lib/python3.12/site-packages/airflow/example_dags/example_params_trigger_ui.py took 0.071 seconds
[2025-03-27T14:27:25.121+0000] {processor.py:186} INFO - Started process (PID=18854) to work on /home/airflow/.local/lib/python3.12/site-packages/airflow/example_dags/example_params_trigger_ui.py
[2025-03-27T14:27:25.122+0000] {processor.py:914} INFO - Processing file /home/airflow/.local/lib/python3.12/site-packages/airflow/example_dags/example_params_trigger_ui.py for tasks to queue
[2025-03-27T14:27:25.124+0000] {logging_mixin.py:190} INFO - [2025-03-27T14:27:25.123+0000] {dagbag.py:588} INFO - Filling up the DagBag from /home/airflow/.local/lib/python3.12/site-packages/airflow/example_dags/example_params_trigger_ui.py
[2025-03-27T14:27:25.130+0000] {processor.py:925} INFO - DAG(s) 'example_params_trigger_ui' retrieved from /home/airflow/.local/lib/python3.12/site-packages/airflow/example_dags/example_params_trigger_ui.py
[2025-03-27T14:27:25.155+0000] {logging_mixin.py:190} INFO - [2025-03-27T14:27:25.155+0000] {dag.py:3239} INFO - Sync 1 DAGs
[2025-03-27T14:27:25.164+0000] {logging_mixin.py:190} INFO - [2025-03-27T14:27:25.164+0000] {dag.py:4180} INFO - Setting next_dagrun for example_params_trigger_ui to None, run_after=None
[2025-03-27T14:27:25.177+0000] {processor.py:208} INFO - Processing /home/airflow/.local/lib/python3.12/site-packages/airflow/example_dags/example_params_trigger_ui.py took 0.059 seconds
[2025-03-27T14:27:55.448+0000] {processor.py:186} INFO - Started process (PID=18916) to work on /home/airflow/.local/lib/python3.12/site-packages/airflow/example_dags/example_params_trigger_ui.py
[2025-03-27T14:27:55.449+0000] {processor.py:914} INFO - Processing file /home/airflow/.local/lib/python3.12/site-packages/airflow/example_dags/example_params_trigger_ui.py for tasks to queue
[2025-03-27T14:27:55.451+0000] {logging_mixin.py:190} INFO - [2025-03-27T14:27:55.451+0000] {dagbag.py:588} INFO - Filling up the DagBag from /home/airflow/.local/lib/python3.12/site-packages/airflow/example_dags/example_params_trigger_ui.py
[2025-03-27T14:27:55.458+0000] {processor.py:925} INFO - DAG(s) 'example_params_trigger_ui' retrieved from /home/airflow/.local/lib/python3.12/site-packages/airflow/example_dags/example_params_trigger_ui.py
[2025-03-27T14:27:55.488+0000] {logging_mixin.py:190} INFO - [2025-03-27T14:27:55.488+0000] {dag.py:3239} INFO - Sync 1 DAGs
[2025-03-27T14:27:55.496+0000] {logging_mixin.py:190} INFO - [2025-03-27T14:27:55.496+0000] {dag.py:4180} INFO - Setting next_dagrun for example_params_trigger_ui to None, run_after=None
[2025-03-27T14:27:55.508+0000] {processor.py:208} INFO - Processing /home/airflow/.local/lib/python3.12/site-packages/airflow/example_dags/example_params_trigger_ui.py took 0.063 seconds
[2025-03-27T14:28:25.809+0000] {processor.py:186} INFO - Started process (PID=18978) to work on /home/airflow/.local/lib/python3.12/site-packages/airflow/example_dags/example_params_trigger_ui.py
[2025-03-27T14:28:25.811+0000] {processor.py:914} INFO - Processing file /home/airflow/.local/lib/python3.12/site-packages/airflow/example_dags/example_params_trigger_ui.py for tasks to queue
[2025-03-27T14:28:25.812+0000] {logging_mixin.py:190} INFO - [2025-03-27T14:28:25.812+0000] {dagbag.py:588} INFO - Filling up the DagBag from /home/airflow/.local/lib/python3.12/site-packages/airflow/example_dags/example_params_trigger_ui.py
[2025-03-27T14:28:25.818+0000] {processor.py:925} INFO - DAG(s) 'example_params_trigger_ui' retrieved from /home/airflow/.local/lib/python3.12/site-packages/airflow/example_dags/example_params_trigger_ui.py
[2025-03-27T14:28:25.843+0000] {logging_mixin.py:190} INFO - [2025-03-27T14:28:25.843+0000] {dag.py:3239} INFO - Sync 1 DAGs
[2025-03-27T14:28:25.852+0000] {logging_mixin.py:190} INFO - [2025-03-27T14:28:25.852+0000] {dag.py:4180} INFO - Setting next_dagrun for example_params_trigger_ui to None, run_after=None
[2025-03-27T14:28:25.863+0000] {processor.py:208} INFO - Processing /home/airflow/.local/lib/python3.12/site-packages/airflow/example_dags/example_params_trigger_ui.py took 0.060 seconds
[2025-03-27T14:28:56.725+0000] {processor.py:186} INFO - Started process (PID=19040) to work on /home/airflow/.local/lib/python3.12/site-packages/airflow/example_dags/example_params_trigger_ui.py
[2025-03-27T14:28:56.726+0000] {processor.py:914} INFO - Processing file /home/airflow/.local/lib/python3.12/site-packages/airflow/example_dags/example_params_trigger_ui.py for tasks to queue
[2025-03-27T14:28:56.727+0000] {logging_mixin.py:190} INFO - [2025-03-27T14:28:56.727+0000] {dagbag.py:588} INFO - Filling up the DagBag from /home/airflow/.local/lib/python3.12/site-packages/airflow/example_dags/example_params_trigger_ui.py
[2025-03-27T14:28:56.734+0000] {processor.py:925} INFO - DAG(s) 'example_params_trigger_ui' retrieved from /home/airflow/.local/lib/python3.12/site-packages/airflow/example_dags/example_params_trigger_ui.py
[2025-03-27T14:28:56.757+0000] {logging_mixin.py:190} INFO - [2025-03-27T14:28:56.757+0000] {dag.py:3239} INFO - Sync 1 DAGs
[2025-03-27T14:28:56.767+0000] {logging_mixin.py:190} INFO - [2025-03-27T14:28:56.767+0000] {dag.py:4180} INFO - Setting next_dagrun for example_params_trigger_ui to None, run_after=None
[2025-03-27T14:28:56.781+0000] {processor.py:208} INFO - Processing /home/airflow/.local/lib/python3.12/site-packages/airflow/example_dags/example_params_trigger_ui.py took 0.061 seconds
[2025-03-27T14:47:04.776+0000] {processor.py:186} INFO - Started process (PID=19112) to work on /home/airflow/.local/lib/python3.12/site-packages/airflow/example_dags/example_params_trigger_ui.py
[2025-03-27T14:47:04.778+0000] {processor.py:914} INFO - Processing file /home/airflow/.local/lib/python3.12/site-packages/airflow/example_dags/example_params_trigger_ui.py for tasks to queue
[2025-03-27T14:47:04.780+0000] {logging_mixin.py:190} INFO - [2025-03-27T14:47:04.779+0000] {dagbag.py:588} INFO - Filling up the DagBag from /home/airflow/.local/lib/python3.12/site-packages/airflow/example_dags/example_params_trigger_ui.py
[2025-03-27T14:47:04.788+0000] {processor.py:925} INFO - DAG(s) 'example_params_trigger_ui' retrieved from /home/airflow/.local/lib/python3.12/site-packages/airflow/example_dags/example_params_trigger_ui.py
[2025-03-27T14:47:04.841+0000] {logging_mixin.py:190} INFO - [2025-03-27T14:47:04.841+0000] {dag.py:3239} INFO - Sync 1 DAGs
[2025-03-27T14:47:04.853+0000] {logging_mixin.py:190} INFO - [2025-03-27T14:47:04.853+0000] {dag.py:4180} INFO - Setting next_dagrun for example_params_trigger_ui to None, run_after=None
[2025-03-27T14:47:04.869+0000] {processor.py:208} INFO - Processing /home/airflow/.local/lib/python3.12/site-packages/airflow/example_dags/example_params_trigger_ui.py took 0.098 seconds
[2025-03-27T15:04:57.172+0000] {processor.py:186} INFO - Started process (PID=19174) to work on /home/airflow/.local/lib/python3.12/site-packages/airflow/example_dags/example_params_trigger_ui.py
[2025-03-27T15:04:57.185+0000] {processor.py:914} INFO - Processing file /home/airflow/.local/lib/python3.12/site-packages/airflow/example_dags/example_params_trigger_ui.py for tasks to queue
[2025-03-27T15:04:57.194+0000] {logging_mixin.py:190} INFO - [2025-03-27T15:04:57.193+0000] {dagbag.py:588} INFO - Filling up the DagBag from /home/airflow/.local/lib/python3.12/site-packages/airflow/example_dags/example_params_trigger_ui.py
[2025-03-27T15:04:57.244+0000] {processor.py:925} INFO - DAG(s) 'example_params_trigger_ui' retrieved from /home/airflow/.local/lib/python3.12/site-packages/airflow/example_dags/example_params_trigger_ui.py
[2025-03-27T15:04:57.501+0000] {logging_mixin.py:190} INFO - [2025-03-27T15:04:57.500+0000] {dag.py:3239} INFO - Sync 1 DAGs
[2025-03-27T15:04:57.557+0000] {logging_mixin.py:190} INFO - [2025-03-27T15:04:57.556+0000] {dag.py:4180} INFO - Setting next_dagrun for example_params_trigger_ui to None, run_after=None
[2025-03-27T15:04:57.609+0000] {processor.py:208} INFO - Processing /home/airflow/.local/lib/python3.12/site-packages/airflow/example_dags/example_params_trigger_ui.py took 0.467 seconds
[2025-03-27T15:39:39.492+0000] {processor.py:186} INFO - Started process (PID=19236) to work on /home/airflow/.local/lib/python3.12/site-packages/airflow/example_dags/example_params_trigger_ui.py
[2025-03-27T15:39:39.493+0000] {processor.py:914} INFO - Processing file /home/airflow/.local/lib/python3.12/site-packages/airflow/example_dags/example_params_trigger_ui.py for tasks to queue
[2025-03-27T15:39:39.495+0000] {logging_mixin.py:190} INFO - [2025-03-27T15:39:39.494+0000] {dagbag.py:588} INFO - Filling up the DagBag from /home/airflow/.local/lib/python3.12/site-packages/airflow/example_dags/example_params_trigger_ui.py
[2025-03-27T15:39:39.502+0000] {processor.py:925} INFO - DAG(s) 'example_params_trigger_ui' retrieved from /home/airflow/.local/lib/python3.12/site-packages/airflow/example_dags/example_params_trigger_ui.py
[2025-03-27T15:39:39.534+0000] {logging_mixin.py:190} INFO - [2025-03-27T15:39:39.534+0000] {dag.py:3239} INFO - Sync 1 DAGs
[2025-03-27T15:39:39.550+0000] {logging_mixin.py:190} INFO - [2025-03-27T15:39:39.550+0000] {dag.py:4180} INFO - Setting next_dagrun for example_params_trigger_ui to None, run_after=None
[2025-03-27T15:39:39.570+0000] {processor.py:208} INFO - Processing /home/airflow/.local/lib/python3.12/site-packages/airflow/example_dags/example_params_trigger_ui.py took 0.082 seconds
[2025-03-27T15:55:42.515+0000] {processor.py:186} INFO - Started process (PID=19298) to work on /home/airflow/.local/lib/python3.12/site-packages/airflow/example_dags/example_params_trigger_ui.py
[2025-03-27T15:55:42.517+0000] {processor.py:914} INFO - Processing file /home/airflow/.local/lib/python3.12/site-packages/airflow/example_dags/example_params_trigger_ui.py for tasks to queue
[2025-03-27T15:55:42.519+0000] {logging_mixin.py:190} INFO - [2025-03-27T15:55:42.519+0000] {dagbag.py:588} INFO - Filling up the DagBag from /home/airflow/.local/lib/python3.12/site-packages/airflow/example_dags/example_params_trigger_ui.py
[2025-03-27T15:55:42.531+0000] {processor.py:925} INFO - DAG(s) 'example_params_trigger_ui' retrieved from /home/airflow/.local/lib/python3.12/site-packages/airflow/example_dags/example_params_trigger_ui.py
[2025-03-27T15:55:42.558+0000] {logging_mixin.py:190} INFO - [2025-03-27T15:55:42.558+0000] {dag.py:3239} INFO - Sync 1 DAGs
[2025-03-27T15:55:42.569+0000] {logging_mixin.py:190} INFO - [2025-03-27T15:55:42.568+0000] {dag.py:4180} INFO - Setting next_dagrun for example_params_trigger_ui to None, run_after=None
[2025-03-27T15:55:42.580+0000] {processor.py:208} INFO - Processing /home/airflow/.local/lib/python3.12/site-packages/airflow/example_dags/example_params_trigger_ui.py took 0.069 seconds
[2025-03-27T16:12:41.505+0000] {processor.py:186} INFO - Started process (PID=19360) to work on /home/airflow/.local/lib/python3.12/site-packages/airflow/example_dags/example_params_trigger_ui.py
[2025-03-27T16:12:41.508+0000] {processor.py:914} INFO - Processing file /home/airflow/.local/lib/python3.12/site-packages/airflow/example_dags/example_params_trigger_ui.py for tasks to queue
[2025-03-27T16:12:41.511+0000] {logging_mixin.py:190} INFO - [2025-03-27T16:12:41.510+0000] {dagbag.py:588} INFO - Filling up the DagBag from /home/airflow/.local/lib/python3.12/site-packages/airflow/example_dags/example_params_trigger_ui.py
[2025-03-27T16:12:41.523+0000] {processor.py:925} INFO - DAG(s) 'example_params_trigger_ui' retrieved from /home/airflow/.local/lib/python3.12/site-packages/airflow/example_dags/example_params_trigger_ui.py
[2025-03-27T16:12:41.558+0000] {logging_mixin.py:190} INFO - [2025-03-27T16:12:41.558+0000] {dag.py:3239} INFO - Sync 1 DAGs
[2025-03-27T16:12:41.568+0000] {logging_mixin.py:190} INFO - [2025-03-27T16:12:41.568+0000] {dag.py:4180} INFO - Setting next_dagrun for example_params_trigger_ui to None, run_after=None
[2025-03-27T16:12:41.581+0000] {processor.py:208} INFO - Processing /home/airflow/.local/lib/python3.12/site-packages/airflow/example_dags/example_params_trigger_ui.py took 0.097 seconds
[2025-03-27T16:30:11.704+0000] {processor.py:186} INFO - Started process (PID=19422) to work on /home/airflow/.local/lib/python3.12/site-packages/airflow/example_dags/example_params_trigger_ui.py
[2025-03-27T16:30:11.705+0000] {processor.py:914} INFO - Processing file /home/airflow/.local/lib/python3.12/site-packages/airflow/example_dags/example_params_trigger_ui.py for tasks to queue
[2025-03-27T16:30:11.706+0000] {logging_mixin.py:190} INFO - [2025-03-27T16:30:11.706+0000] {dagbag.py:588} INFO - Filling up the DagBag from /home/airflow/.local/lib/python3.12/site-packages/airflow/example_dags/example_params_trigger_ui.py
[2025-03-27T16:30:11.717+0000] {processor.py:925} INFO - DAG(s) 'example_params_trigger_ui' retrieved from /home/airflow/.local/lib/python3.12/site-packages/airflow/example_dags/example_params_trigger_ui.py
[2025-03-27T16:30:11.747+0000] {logging_mixin.py:190} INFO - [2025-03-27T16:30:11.747+0000] {dag.py:3239} INFO - Sync 1 DAGs
[2025-03-27T16:30:11.765+0000] {logging_mixin.py:190} INFO - [2025-03-27T16:30:11.765+0000] {dag.py:4180} INFO - Setting next_dagrun for example_params_trigger_ui to None, run_after=None
[2025-03-27T16:30:11.780+0000] {processor.py:208} INFO - Processing /home/airflow/.local/lib/python3.12/site-packages/airflow/example_dags/example_params_trigger_ui.py took 0.081 seconds
[2025-03-27T16:44:38.337+0000] {processor.py:186} INFO - Started process (PID=19484) to work on /home/airflow/.local/lib/python3.12/site-packages/airflow/example_dags/example_params_trigger_ui.py
[2025-03-27T16:44:38.342+0000] {processor.py:914} INFO - Processing file /home/airflow/.local/lib/python3.12/site-packages/airflow/example_dags/example_params_trigger_ui.py for tasks to queue
[2025-03-27T16:44:38.346+0000] {logging_mixin.py:190} INFO - [2025-03-27T16:44:38.346+0000] {dagbag.py:588} INFO - Filling up the DagBag from /home/airflow/.local/lib/python3.12/site-packages/airflow/example_dags/example_params_trigger_ui.py
[2025-03-27T16:44:38.368+0000] {processor.py:925} INFO - DAG(s) 'example_params_trigger_ui' retrieved from /home/airflow/.local/lib/python3.12/site-packages/airflow/example_dags/example_params_trigger_ui.py
[2025-03-27T16:44:38.456+0000] {logging_mixin.py:190} INFO - [2025-03-27T16:44:38.455+0000] {dag.py:3239} INFO - Sync 1 DAGs
[2025-03-27T16:44:38.478+0000] {logging_mixin.py:190} INFO - [2025-03-27T16:44:38.478+0000] {dag.py:4180} INFO - Setting next_dagrun for example_params_trigger_ui to None, run_after=None
[2025-03-27T16:44:38.500+0000] {processor.py:208} INFO - Processing /home/airflow/.local/lib/python3.12/site-packages/airflow/example_dags/example_params_trigger_ui.py took 0.171 seconds
[2025-03-27T17:01:50.022+0000] {processor.py:186} INFO - Started process (PID=19546) to work on /home/airflow/.local/lib/python3.12/site-packages/airflow/example_dags/example_params_trigger_ui.py
[2025-03-27T17:01:50.023+0000] {processor.py:914} INFO - Processing file /home/airflow/.local/lib/python3.12/site-packages/airflow/example_dags/example_params_trigger_ui.py for tasks to queue
[2025-03-27T17:01:50.025+0000] {logging_mixin.py:190} INFO - [2025-03-27T17:01:50.025+0000] {dagbag.py:588} INFO - Filling up the DagBag from /home/airflow/.local/lib/python3.12/site-packages/airflow/example_dags/example_params_trigger_ui.py
[2025-03-27T17:01:50.032+0000] {processor.py:925} INFO - DAG(s) 'example_params_trigger_ui' retrieved from /home/airflow/.local/lib/python3.12/site-packages/airflow/example_dags/example_params_trigger_ui.py
[2025-03-27T17:01:50.060+0000] {logging_mixin.py:190} INFO - [2025-03-27T17:01:50.060+0000] {dag.py:3239} INFO - Sync 1 DAGs
[2025-03-27T17:01:50.068+0000] {logging_mixin.py:190} INFO - [2025-03-27T17:01:50.068+0000] {dag.py:4180} INFO - Setting next_dagrun for example_params_trigger_ui to None, run_after=None
[2025-03-27T17:01:50.080+0000] {processor.py:208} INFO - Processing /home/airflow/.local/lib/python3.12/site-packages/airflow/example_dags/example_params_trigger_ui.py took 0.061 seconds
[2025-03-27T17:18:38.106+0000] {processor.py:186} INFO - Started process (PID=19608) to work on /home/airflow/.local/lib/python3.12/site-packages/airflow/example_dags/example_params_trigger_ui.py
[2025-03-27T17:18:38.107+0000] {processor.py:914} INFO - Processing file /home/airflow/.local/lib/python3.12/site-packages/airflow/example_dags/example_params_trigger_ui.py for tasks to queue
[2025-03-27T17:18:38.109+0000] {logging_mixin.py:190} INFO - [2025-03-27T17:18:38.109+0000] {dagbag.py:588} INFO - Filling up the DagBag from /home/airflow/.local/lib/python3.12/site-packages/airflow/example_dags/example_params_trigger_ui.py
[2025-03-27T17:18:38.117+0000] {processor.py:925} INFO - DAG(s) 'example_params_trigger_ui' retrieved from /home/airflow/.local/lib/python3.12/site-packages/airflow/example_dags/example_params_trigger_ui.py
[2025-03-27T17:18:38.139+0000] {logging_mixin.py:190} INFO - [2025-03-27T17:18:38.139+0000] {dag.py:3239} INFO - Sync 1 DAGs
[2025-03-27T17:18:38.149+0000] {logging_mixin.py:190} INFO - [2025-03-27T17:18:38.149+0000] {dag.py:4180} INFO - Setting next_dagrun for example_params_trigger_ui to None, run_after=None
[2025-03-27T17:18:38.159+0000] {processor.py:208} INFO - Processing /home/airflow/.local/lib/python3.12/site-packages/airflow/example_dags/example_params_trigger_ui.py took 0.058 seconds
[2025-03-27T17:46:18.340+0000] {processor.py:186} INFO - Started process (PID=19670) to work on /home/airflow/.local/lib/python3.12/site-packages/airflow/example_dags/example_params_trigger_ui.py
[2025-03-27T17:46:18.341+0000] {processor.py:914} INFO - Processing file /home/airflow/.local/lib/python3.12/site-packages/airflow/example_dags/example_params_trigger_ui.py for tasks to queue
[2025-03-27T17:46:18.347+0000] {logging_mixin.py:190} INFO - [2025-03-27T17:46:18.347+0000] {dagbag.py:588} INFO - Filling up the DagBag from /home/airflow/.local/lib/python3.12/site-packages/airflow/example_dags/example_params_trigger_ui.py
[2025-03-27T17:46:18.362+0000] {processor.py:925} INFO - DAG(s) 'example_params_trigger_ui' retrieved from /home/airflow/.local/lib/python3.12/site-packages/airflow/example_dags/example_params_trigger_ui.py
[2025-03-27T17:46:18.396+0000] {logging_mixin.py:190} INFO - [2025-03-27T17:46:18.396+0000] {dag.py:3239} INFO - Sync 1 DAGs
[2025-03-27T17:46:18.409+0000] {logging_mixin.py:190} INFO - [2025-03-27T17:46:18.408+0000] {dag.py:4180} INFO - Setting next_dagrun for example_params_trigger_ui to None, run_after=None
[2025-03-27T17:46:18.426+0000] {processor.py:208} INFO - Processing /home/airflow/.local/lib/python3.12/site-packages/airflow/example_dags/example_params_trigger_ui.py took 0.091 seconds
[2025-03-27T17:46:48.968+0000] {processor.py:186} INFO - Started process (PID=19732) to work on /home/airflow/.local/lib/python3.12/site-packages/airflow/example_dags/example_params_trigger_ui.py
[2025-03-27T17:46:48.973+0000] {processor.py:914} INFO - Processing file /home/airflow/.local/lib/python3.12/site-packages/airflow/example_dags/example_params_trigger_ui.py for tasks to queue
[2025-03-27T17:46:48.980+0000] {logging_mixin.py:190} INFO - [2025-03-27T17:46:48.979+0000] {dagbag.py:588} INFO - Filling up the DagBag from /home/airflow/.local/lib/python3.12/site-packages/airflow/example_dags/example_params_trigger_ui.py
[2025-03-27T17:46:48.988+0000] {processor.py:925} INFO - DAG(s) 'example_params_trigger_ui' retrieved from /home/airflow/.local/lib/python3.12/site-packages/airflow/example_dags/example_params_trigger_ui.py
[2025-03-27T17:46:49.019+0000] {logging_mixin.py:190} INFO - [2025-03-27T17:46:49.019+0000] {dag.py:3239} INFO - Sync 1 DAGs
[2025-03-27T17:46:49.032+0000] {logging_mixin.py:190} INFO - [2025-03-27T17:46:49.031+0000] {dag.py:4180} INFO - Setting next_dagrun for example_params_trigger_ui to None, run_after=None
[2025-03-27T17:46:49.045+0000] {processor.py:208} INFO - Processing /home/airflow/.local/lib/python3.12/site-packages/airflow/example_dags/example_params_trigger_ui.py took 0.086 seconds
[2025-03-27T18:21:57.698+0000] {processor.py:186} INFO - Started process (PID=19794) to work on /home/airflow/.local/lib/python3.12/site-packages/airflow/example_dags/example_params_trigger_ui.py
[2025-03-27T18:21:57.699+0000] {processor.py:914} INFO - Processing file /home/airflow/.local/lib/python3.12/site-packages/airflow/example_dags/example_params_trigger_ui.py for tasks to queue
[2025-03-27T18:21:57.701+0000] {logging_mixin.py:190} INFO - [2025-03-27T18:21:57.700+0000] {dagbag.py:588} INFO - Filling up the DagBag from /home/airflow/.local/lib/python3.12/site-packages/airflow/example_dags/example_params_trigger_ui.py
[2025-03-27T18:21:57.711+0000] {processor.py:925} INFO - DAG(s) 'example_params_trigger_ui' retrieved from /home/airflow/.local/lib/python3.12/site-packages/airflow/example_dags/example_params_trigger_ui.py
[2025-03-27T18:21:57.786+0000] {logging_mixin.py:190} INFO - [2025-03-27T18:21:57.785+0000] {dag.py:3239} INFO - Sync 1 DAGs
[2025-03-27T18:21:57.816+0000] {logging_mixin.py:190} INFO - [2025-03-27T18:21:57.816+0000] {dag.py:4180} INFO - Setting next_dagrun for example_params_trigger_ui to None, run_after=None
[2025-03-27T18:21:57.831+0000] {processor.py:208} INFO - Processing /home/airflow/.local/lib/python3.12/site-packages/airflow/example_dags/example_params_trigger_ui.py took 0.139 seconds
[2025-03-27T18:22:27.870+0000] {processor.py:186} INFO - Started process (PID=19856) to work on /home/airflow/.local/lib/python3.12/site-packages/airflow/example_dags/example_params_trigger_ui.py
[2025-03-27T18:22:27.871+0000] {processor.py:914} INFO - Processing file /home/airflow/.local/lib/python3.12/site-packages/airflow/example_dags/example_params_trigger_ui.py for tasks to queue
[2025-03-27T18:22:27.873+0000] {logging_mixin.py:190} INFO - [2025-03-27T18:22:27.873+0000] {dagbag.py:588} INFO - Filling up the DagBag from /home/airflow/.local/lib/python3.12/site-packages/airflow/example_dags/example_params_trigger_ui.py
[2025-03-27T18:22:27.883+0000] {processor.py:925} INFO - DAG(s) 'example_params_trigger_ui' retrieved from /home/airflow/.local/lib/python3.12/site-packages/airflow/example_dags/example_params_trigger_ui.py
[2025-03-27T18:22:27.908+0000] {logging_mixin.py:190} INFO - [2025-03-27T18:22:27.908+0000] {dag.py:3239} INFO - Sync 1 DAGs
[2025-03-27T18:22:27.915+0000] {logging_mixin.py:190} INFO - [2025-03-27T18:22:27.915+0000] {dag.py:4180} INFO - Setting next_dagrun for example_params_trigger_ui to None, run_after=None
[2025-03-27T18:22:27.924+0000] {processor.py:208} INFO - Processing /home/airflow/.local/lib/python3.12/site-packages/airflow/example_dags/example_params_trigger_ui.py took 0.058 seconds
[2025-03-27T18:29:16.931+0000] {processor.py:186} INFO - Started process (PID=19918) to work on /home/airflow/.local/lib/python3.12/site-packages/airflow/example_dags/example_params_trigger_ui.py
[2025-03-27T18:29:16.932+0000] {processor.py:914} INFO - Processing file /home/airflow/.local/lib/python3.12/site-packages/airflow/example_dags/example_params_trigger_ui.py for tasks to queue
[2025-03-27T18:29:16.933+0000] {logging_mixin.py:190} INFO - [2025-03-27T18:29:16.933+0000] {dagbag.py:588} INFO - Filling up the DagBag from /home/airflow/.local/lib/python3.12/site-packages/airflow/example_dags/example_params_trigger_ui.py
[2025-03-27T18:29:16.940+0000] {processor.py:925} INFO - DAG(s) 'example_params_trigger_ui' retrieved from /home/airflow/.local/lib/python3.12/site-packages/airflow/example_dags/example_params_trigger_ui.py
[2025-03-27T18:29:16.963+0000] {logging_mixin.py:190} INFO - [2025-03-27T18:29:16.963+0000] {dag.py:3239} INFO - Sync 1 DAGs
[2025-03-27T18:29:16.970+0000] {logging_mixin.py:190} INFO - [2025-03-27T18:29:16.970+0000] {dag.py:4180} INFO - Setting next_dagrun for example_params_trigger_ui to None, run_after=None
[2025-03-27T18:29:16.982+0000] {processor.py:208} INFO - Processing /home/airflow/.local/lib/python3.12/site-packages/airflow/example_dags/example_params_trigger_ui.py took 0.054 seconds
[2025-03-27T18:49:01.030+0000] {processor.py:186} INFO - Started process (PID=19980) to work on /home/airflow/.local/lib/python3.12/site-packages/airflow/example_dags/example_params_trigger_ui.py
[2025-03-27T18:49:01.031+0000] {processor.py:914} INFO - Processing file /home/airflow/.local/lib/python3.12/site-packages/airflow/example_dags/example_params_trigger_ui.py for tasks to queue
[2025-03-27T18:49:01.033+0000] {logging_mixin.py:190} INFO - [2025-03-27T18:49:01.033+0000] {dagbag.py:588} INFO - Filling up the DagBag from /home/airflow/.local/lib/python3.12/site-packages/airflow/example_dags/example_params_trigger_ui.py
[2025-03-27T18:49:01.041+0000] {processor.py:925} INFO - DAG(s) 'example_params_trigger_ui' retrieved from /home/airflow/.local/lib/python3.12/site-packages/airflow/example_dags/example_params_trigger_ui.py
[2025-03-27T18:49:01.069+0000] {logging_mixin.py:190} INFO - [2025-03-27T18:49:01.069+0000] {dag.py:3239} INFO - Sync 1 DAGs
[2025-03-27T18:49:01.076+0000] {logging_mixin.py:190} INFO - [2025-03-27T18:49:01.076+0000] {dag.py:4180} INFO - Setting next_dagrun for example_params_trigger_ui to None, run_after=None
[2025-03-27T18:49:01.087+0000] {processor.py:208} INFO - Processing /home/airflow/.local/lib/python3.12/site-packages/airflow/example_dags/example_params_trigger_ui.py took 0.062 seconds
[2025-03-27T19:13:28.746+0000] {processor.py:186} INFO - Started process (PID=20042) to work on /home/airflow/.local/lib/python3.12/site-packages/airflow/example_dags/example_params_trigger_ui.py
[2025-03-27T19:13:28.747+0000] {processor.py:914} INFO - Processing file /home/airflow/.local/lib/python3.12/site-packages/airflow/example_dags/example_params_trigger_ui.py for tasks to queue
[2025-03-27T19:13:28.748+0000] {logging_mixin.py:190} INFO - [2025-03-27T19:13:28.748+0000] {dagbag.py:588} INFO - Filling up the DagBag from /home/airflow/.local/lib/python3.12/site-packages/airflow/example_dags/example_params_trigger_ui.py
[2025-03-27T19:13:28.754+0000] {processor.py:925} INFO - DAG(s) 'example_params_trigger_ui' retrieved from /home/airflow/.local/lib/python3.12/site-packages/airflow/example_dags/example_params_trigger_ui.py
[2025-03-27T19:13:28.786+0000] {logging_mixin.py:190} INFO - [2025-03-27T19:13:28.786+0000] {dag.py:3239} INFO - Sync 1 DAGs
[2025-03-27T19:13:28.793+0000] {logging_mixin.py:190} INFO - [2025-03-27T19:13:28.793+0000] {dag.py:4180} INFO - Setting next_dagrun for example_params_trigger_ui to None, run_after=None
[2025-03-27T19:13:28.806+0000] {processor.py:208} INFO - Processing /home/airflow/.local/lib/python3.12/site-packages/airflow/example_dags/example_params_trigger_ui.py took 0.065 seconds
[2025-03-27T19:33:02.421+0000] {processor.py:186} INFO - Started process (PID=20104) to work on /home/airflow/.local/lib/python3.12/site-packages/airflow/example_dags/example_params_trigger_ui.py
[2025-03-27T19:33:02.422+0000] {processor.py:914} INFO - Processing file /home/airflow/.local/lib/python3.12/site-packages/airflow/example_dags/example_params_trigger_ui.py for tasks to queue
[2025-03-27T19:33:02.426+0000] {logging_mixin.py:190} INFO - [2025-03-27T19:33:02.426+0000] {dagbag.py:588} INFO - Filling up the DagBag from /home/airflow/.local/lib/python3.12/site-packages/airflow/example_dags/example_params_trigger_ui.py
[2025-03-27T19:33:02.436+0000] {processor.py:925} INFO - DAG(s) 'example_params_trigger_ui' retrieved from /home/airflow/.local/lib/python3.12/site-packages/airflow/example_dags/example_params_trigger_ui.py
[2025-03-27T19:33:02.460+0000] {logging_mixin.py:190} INFO - [2025-03-27T19:33:02.460+0000] {dag.py:3239} INFO - Sync 1 DAGs
[2025-03-27T19:33:02.472+0000] {logging_mixin.py:190} INFO - [2025-03-27T19:33:02.472+0000] {dag.py:4180} INFO - Setting next_dagrun for example_params_trigger_ui to None, run_after=None
[2025-03-27T19:33:02.487+0000] {processor.py:208} INFO - Processing /home/airflow/.local/lib/python3.12/site-packages/airflow/example_dags/example_params_trigger_ui.py took 0.076 seconds
[2025-03-27T19:50:47.058+0000] {processor.py:186} INFO - Started process (PID=20166) to work on /home/airflow/.local/lib/python3.12/site-packages/airflow/example_dags/example_params_trigger_ui.py
[2025-03-27T19:50:47.061+0000] {processor.py:914} INFO - Processing file /home/airflow/.local/lib/python3.12/site-packages/airflow/example_dags/example_params_trigger_ui.py for tasks to queue
[2025-03-27T19:50:47.064+0000] {logging_mixin.py:190} INFO - [2025-03-27T19:50:47.064+0000] {dagbag.py:588} INFO - Filling up the DagBag from /home/airflow/.local/lib/python3.12/site-packages/airflow/example_dags/example_params_trigger_ui.py
[2025-03-27T19:50:47.073+0000] {processor.py:925} INFO - DAG(s) 'example_params_trigger_ui' retrieved from /home/airflow/.local/lib/python3.12/site-packages/airflow/example_dags/example_params_trigger_ui.py
[2025-03-27T19:50:47.109+0000] {logging_mixin.py:190} INFO - [2025-03-27T19:50:47.108+0000] {dag.py:3239} INFO - Sync 1 DAGs
[2025-03-27T19:50:47.120+0000] {logging_mixin.py:190} INFO - [2025-03-27T19:50:47.119+0000] {dag.py:4180} INFO - Setting next_dagrun for example_params_trigger_ui to None, run_after=None
[2025-03-27T19:50:47.140+0000] {processor.py:208} INFO - Processing /home/airflow/.local/lib/python3.12/site-packages/airflow/example_dags/example_params_trigger_ui.py took 0.094 seconds
[2025-03-27T20:01:39.543+0000] {processor.py:186} INFO - Started process (PID=20228) to work on /home/airflow/.local/lib/python3.12/site-packages/airflow/example_dags/example_params_trigger_ui.py
[2025-03-27T20:01:39.545+0000] {processor.py:914} INFO - Processing file /home/airflow/.local/lib/python3.12/site-packages/airflow/example_dags/example_params_trigger_ui.py for tasks to queue
[2025-03-27T20:01:39.548+0000] {logging_mixin.py:190} INFO - [2025-03-27T20:01:39.547+0000] {dagbag.py:588} INFO - Filling up the DagBag from /home/airflow/.local/lib/python3.12/site-packages/airflow/example_dags/example_params_trigger_ui.py
[2025-03-27T20:01:39.558+0000] {processor.py:925} INFO - DAG(s) 'example_params_trigger_ui' retrieved from /home/airflow/.local/lib/python3.12/site-packages/airflow/example_dags/example_params_trigger_ui.py
[2025-03-27T20:01:39.603+0000] {logging_mixin.py:190} INFO - [2025-03-27T20:01:39.603+0000] {dag.py:3239} INFO - Sync 1 DAGs
[2025-03-27T20:01:39.639+0000] {logging_mixin.py:190} INFO - [2025-03-27T20:01:39.639+0000] {dag.py:4180} INFO - Setting next_dagrun for example_params_trigger_ui to None, run_after=None
[2025-03-27T20:01:39.668+0000] {processor.py:208} INFO - Processing /home/airflow/.local/lib/python3.12/site-packages/airflow/example_dags/example_params_trigger_ui.py took 0.134 seconds
[2025-03-27T20:19:03.040+0000] {processor.py:186} INFO - Started process (PID=20290) to work on /home/airflow/.local/lib/python3.12/site-packages/airflow/example_dags/example_params_trigger_ui.py
[2025-03-27T20:19:03.045+0000] {processor.py:914} INFO - Processing file /home/airflow/.local/lib/python3.12/site-packages/airflow/example_dags/example_params_trigger_ui.py for tasks to queue
[2025-03-27T20:19:03.047+0000] {logging_mixin.py:190} INFO - [2025-03-27T20:19:03.046+0000] {dagbag.py:588} INFO - Filling up the DagBag from /home/airflow/.local/lib/python3.12/site-packages/airflow/example_dags/example_params_trigger_ui.py
[2025-03-27T20:19:03.062+0000] {processor.py:925} INFO - DAG(s) 'example_params_trigger_ui' retrieved from /home/airflow/.local/lib/python3.12/site-packages/airflow/example_dags/example_params_trigger_ui.py
[2025-03-27T20:19:03.243+0000] {logging_mixin.py:190} INFO - [2025-03-27T20:19:03.243+0000] {dag.py:3239} INFO - Sync 1 DAGs
[2025-03-27T20:19:03.263+0000] {logging_mixin.py:190} INFO - [2025-03-27T20:19:03.263+0000] {dag.py:4180} INFO - Setting next_dagrun for example_params_trigger_ui to None, run_after=None
[2025-03-27T20:19:03.317+0000] {processor.py:208} INFO - Processing /home/airflow/.local/lib/python3.12/site-packages/airflow/example_dags/example_params_trigger_ui.py took 0.282 seconds
[2025-03-27T20:50:41.751+0000] {processor.py:186} INFO - Started process (PID=20352) to work on /home/airflow/.local/lib/python3.12/site-packages/airflow/example_dags/example_params_trigger_ui.py
[2025-03-27T20:50:41.754+0000] {processor.py:914} INFO - Processing file /home/airflow/.local/lib/python3.12/site-packages/airflow/example_dags/example_params_trigger_ui.py for tasks to queue
[2025-03-27T20:50:41.767+0000] {logging_mixin.py:190} INFO - [2025-03-27T20:50:41.766+0000] {dagbag.py:588} INFO - Filling up the DagBag from /home/airflow/.local/lib/python3.12/site-packages/airflow/example_dags/example_params_trigger_ui.py
[2025-03-27T20:50:41.832+0000] {processor.py:925} INFO - DAG(s) 'example_params_trigger_ui' retrieved from /home/airflow/.local/lib/python3.12/site-packages/airflow/example_dags/example_params_trigger_ui.py
[2025-03-27T20:50:42.133+0000] {logging_mixin.py:190} INFO - [2025-03-27T20:50:42.127+0000] {dag.py:3239} INFO - Sync 1 DAGs
[2025-03-27T20:50:42.213+0000] {logging_mixin.py:190} INFO - [2025-03-27T20:50:42.213+0000] {dag.py:4180} INFO - Setting next_dagrun for example_params_trigger_ui to None, run_after=None
[2025-03-27T20:50:42.308+0000] {processor.py:208} INFO - Processing /home/airflow/.local/lib/python3.12/site-packages/airflow/example_dags/example_params_trigger_ui.py took 0.581 seconds
[2025-03-27T20:51:33.328+0000] {processor.py:186} INFO - Started process (PID=20425) to work on /home/airflow/.local/lib/python3.12/site-packages/airflow/example_dags/example_params_trigger_ui.py
[2025-03-27T20:51:33.330+0000] {processor.py:914} INFO - Processing file /home/airflow/.local/lib/python3.12/site-packages/airflow/example_dags/example_params_trigger_ui.py for tasks to queue
[2025-03-27T20:51:33.332+0000] {logging_mixin.py:190} INFO - [2025-03-27T20:51:33.332+0000] {dagbag.py:588} INFO - Filling up the DagBag from /home/airflow/.local/lib/python3.12/site-packages/airflow/example_dags/example_params_trigger_ui.py
[2025-03-27T20:51:33.341+0000] {processor.py:925} INFO - DAG(s) 'example_params_trigger_ui' retrieved from /home/airflow/.local/lib/python3.12/site-packages/airflow/example_dags/example_params_trigger_ui.py
[2025-03-27T20:51:33.366+0000] {logging_mixin.py:190} INFO - [2025-03-27T20:51:33.365+0000] {dag.py:3239} INFO - Sync 1 DAGs
[2025-03-27T20:51:33.373+0000] {logging_mixin.py:190} INFO - [2025-03-27T20:51:33.373+0000] {dag.py:4180} INFO - Setting next_dagrun for example_params_trigger_ui to None, run_after=None
[2025-03-27T20:51:33.389+0000] {processor.py:208} INFO - Processing /home/airflow/.local/lib/python3.12/site-packages/airflow/example_dags/example_params_trigger_ui.py took 0.069 seconds
[2025-03-27T20:52:04.489+0000] {processor.py:186} INFO - Started process (PID=20490) to work on /home/airflow/.local/lib/python3.12/site-packages/airflow/example_dags/example_params_trigger_ui.py
[2025-03-27T20:52:04.490+0000] {processor.py:914} INFO - Processing file /home/airflow/.local/lib/python3.12/site-packages/airflow/example_dags/example_params_trigger_ui.py for tasks to queue
[2025-03-27T20:52:04.492+0000] {logging_mixin.py:190} INFO - [2025-03-27T20:52:04.492+0000] {dagbag.py:588} INFO - Filling up the DagBag from /home/airflow/.local/lib/python3.12/site-packages/airflow/example_dags/example_params_trigger_ui.py
[2025-03-27T20:52:04.501+0000] {processor.py:925} INFO - DAG(s) 'example_params_trigger_ui' retrieved from /home/airflow/.local/lib/python3.12/site-packages/airflow/example_dags/example_params_trigger_ui.py
[2025-03-27T20:52:04.534+0000] {logging_mixin.py:190} INFO - [2025-03-27T20:52:04.534+0000] {dag.py:3239} INFO - Sync 1 DAGs
[2025-03-27T20:52:04.542+0000] {logging_mixin.py:190} INFO - [2025-03-27T20:52:04.542+0000] {dag.py:4180} INFO - Setting next_dagrun for example_params_trigger_ui to None, run_after=None
[2025-03-27T20:52:04.552+0000] {processor.py:208} INFO - Processing /home/airflow/.local/lib/python3.12/site-packages/airflow/example_dags/example_params_trigger_ui.py took 0.068 seconds
[2025-03-27T20:52:35.046+0000] {processor.py:186} INFO - Started process (PID=20552) to work on /home/airflow/.local/lib/python3.12/site-packages/airflow/example_dags/example_params_trigger_ui.py
[2025-03-27T20:52:35.047+0000] {processor.py:914} INFO - Processing file /home/airflow/.local/lib/python3.12/site-packages/airflow/example_dags/example_params_trigger_ui.py for tasks to queue
[2025-03-27T20:52:35.048+0000] {logging_mixin.py:190} INFO - [2025-03-27T20:52:35.048+0000] {dagbag.py:588} INFO - Filling up the DagBag from /home/airflow/.local/lib/python3.12/site-packages/airflow/example_dags/example_params_trigger_ui.py
[2025-03-27T20:52:35.055+0000] {processor.py:925} INFO - DAG(s) 'example_params_trigger_ui' retrieved from /home/airflow/.local/lib/python3.12/site-packages/airflow/example_dags/example_params_trigger_ui.py
[2025-03-27T20:52:35.076+0000] {logging_mixin.py:190} INFO - [2025-03-27T20:52:35.076+0000] {dag.py:3239} INFO - Sync 1 DAGs
[2025-03-27T20:52:35.084+0000] {logging_mixin.py:190} INFO - [2025-03-27T20:52:35.083+0000] {dag.py:4180} INFO - Setting next_dagrun for example_params_trigger_ui to None, run_after=None
[2025-03-27T20:52:35.094+0000] {processor.py:208} INFO - Processing /home/airflow/.local/lib/python3.12/site-packages/airflow/example_dags/example_params_trigger_ui.py took 0.052 seconds
[2025-03-27T20:53:06.666+0000] {processor.py:186} INFO - Started process (PID=20614) to work on /home/airflow/.local/lib/python3.12/site-packages/airflow/example_dags/example_params_trigger_ui.py
[2025-03-27T20:53:06.669+0000] {processor.py:914} INFO - Processing file /home/airflow/.local/lib/python3.12/site-packages/airflow/example_dags/example_params_trigger_ui.py for tasks to queue
[2025-03-27T20:53:06.675+0000] {logging_mixin.py:190} INFO - [2025-03-27T20:53:06.674+0000] {dagbag.py:588} INFO - Filling up the DagBag from /home/airflow/.local/lib/python3.12/site-packages/airflow/example_dags/example_params_trigger_ui.py
[2025-03-27T20:53:06.712+0000] {processor.py:925} INFO - DAG(s) 'example_params_trigger_ui' retrieved from /home/airflow/.local/lib/python3.12/site-packages/airflow/example_dags/example_params_trigger_ui.py
[2025-03-27T20:53:06.795+0000] {logging_mixin.py:190} INFO - [2025-03-27T20:53:06.794+0000] {dag.py:3239} INFO - Sync 1 DAGs
[2025-03-27T20:53:06.827+0000] {logging_mixin.py:190} INFO - [2025-03-27T20:53:06.827+0000] {dag.py:4180} INFO - Setting next_dagrun for example_params_trigger_ui to None, run_after=None
[2025-03-27T20:53:06.853+0000] {processor.py:208} INFO - Processing /home/airflow/.local/lib/python3.12/site-packages/airflow/example_dags/example_params_trigger_ui.py took 0.200 seconds
[2025-03-27T20:53:37.261+0000] {processor.py:186} INFO - Started process (PID=20676) to work on /home/airflow/.local/lib/python3.12/site-packages/airflow/example_dags/example_params_trigger_ui.py
[2025-03-27T20:53:37.263+0000] {processor.py:914} INFO - Processing file /home/airflow/.local/lib/python3.12/site-packages/airflow/example_dags/example_params_trigger_ui.py for tasks to queue
[2025-03-27T20:53:37.272+0000] {logging_mixin.py:190} INFO - [2025-03-27T20:53:37.271+0000] {dagbag.py:588} INFO - Filling up the DagBag from /home/airflow/.local/lib/python3.12/site-packages/airflow/example_dags/example_params_trigger_ui.py
[2025-03-27T20:53:37.290+0000] {processor.py:925} INFO - DAG(s) 'example_params_trigger_ui' retrieved from /home/airflow/.local/lib/python3.12/site-packages/airflow/example_dags/example_params_trigger_ui.py
[2025-03-27T20:53:37.344+0000] {logging_mixin.py:190} INFO - [2025-03-27T20:53:37.344+0000] {dag.py:3239} INFO - Sync 1 DAGs
[2025-03-27T20:53:37.366+0000] {logging_mixin.py:190} INFO - [2025-03-27T20:53:37.366+0000] {dag.py:4180} INFO - Setting next_dagrun for example_params_trigger_ui to None, run_after=None
[2025-03-27T20:53:37.399+0000] {processor.py:208} INFO - Processing /home/airflow/.local/lib/python3.12/site-packages/airflow/example_dags/example_params_trigger_ui.py took 0.147 seconds
[2025-03-27T20:54:08.286+0000] {processor.py:186} INFO - Started process (PID=20738) to work on /home/airflow/.local/lib/python3.12/site-packages/airflow/example_dags/example_params_trigger_ui.py
[2025-03-27T20:54:08.290+0000] {processor.py:914} INFO - Processing file /home/airflow/.local/lib/python3.12/site-packages/airflow/example_dags/example_params_trigger_ui.py for tasks to queue
[2025-03-27T20:54:08.293+0000] {logging_mixin.py:190} INFO - [2025-03-27T20:54:08.293+0000] {dagbag.py:588} INFO - Filling up the DagBag from /home/airflow/.local/lib/python3.12/site-packages/airflow/example_dags/example_params_trigger_ui.py
[2025-03-27T20:54:08.303+0000] {processor.py:925} INFO - DAG(s) 'example_params_trigger_ui' retrieved from /home/airflow/.local/lib/python3.12/site-packages/airflow/example_dags/example_params_trigger_ui.py
[2025-03-27T20:54:08.353+0000] {logging_mixin.py:190} INFO - [2025-03-27T20:54:08.353+0000] {dag.py:3239} INFO - Sync 1 DAGs
[2025-03-27T20:54:08.371+0000] {logging_mixin.py:190} INFO - [2025-03-27T20:54:08.370+0000] {dag.py:4180} INFO - Setting next_dagrun for example_params_trigger_ui to None, run_after=None
[2025-03-27T20:54:08.384+0000] {processor.py:208} INFO - Processing /home/airflow/.local/lib/python3.12/site-packages/airflow/example_dags/example_params_trigger_ui.py took 0.113 seconds
[2025-03-27T20:54:38.592+0000] {processor.py:186} INFO - Started process (PID=20799) to work on /home/airflow/.local/lib/python3.12/site-packages/airflow/example_dags/example_params_trigger_ui.py
[2025-03-27T20:54:38.594+0000] {processor.py:914} INFO - Processing file /home/airflow/.local/lib/python3.12/site-packages/airflow/example_dags/example_params_trigger_ui.py for tasks to queue
[2025-03-27T20:54:38.596+0000] {logging_mixin.py:190} INFO - [2025-03-27T20:54:38.596+0000] {dagbag.py:588} INFO - Filling up the DagBag from /home/airflow/.local/lib/python3.12/site-packages/airflow/example_dags/example_params_trigger_ui.py
[2025-03-27T20:54:38.604+0000] {processor.py:925} INFO - DAG(s) 'example_params_trigger_ui' retrieved from /home/airflow/.local/lib/python3.12/site-packages/airflow/example_dags/example_params_trigger_ui.py
[2025-03-27T20:54:38.633+0000] {logging_mixin.py:190} INFO - [2025-03-27T20:54:38.633+0000] {dag.py:3239} INFO - Sync 1 DAGs
[2025-03-27T20:54:38.641+0000] {logging_mixin.py:190} INFO - [2025-03-27T20:54:38.641+0000] {dag.py:4180} INFO - Setting next_dagrun for example_params_trigger_ui to None, run_after=None
[2025-03-27T20:54:38.653+0000] {processor.py:208} INFO - Processing /home/airflow/.local/lib/python3.12/site-packages/airflow/example_dags/example_params_trigger_ui.py took 0.068 seconds
[2025-03-27T20:55:09.308+0000] {processor.py:186} INFO - Started process (PID=20861) to work on /home/airflow/.local/lib/python3.12/site-packages/airflow/example_dags/example_params_trigger_ui.py
[2025-03-27T20:55:09.309+0000] {processor.py:914} INFO - Processing file /home/airflow/.local/lib/python3.12/site-packages/airflow/example_dags/example_params_trigger_ui.py for tasks to queue
[2025-03-27T20:55:09.310+0000] {logging_mixin.py:190} INFO - [2025-03-27T20:55:09.310+0000] {dagbag.py:588} INFO - Filling up the DagBag from /home/airflow/.local/lib/python3.12/site-packages/airflow/example_dags/example_params_trigger_ui.py
[2025-03-27T20:55:09.319+0000] {processor.py:925} INFO - DAG(s) 'example_params_trigger_ui' retrieved from /home/airflow/.local/lib/python3.12/site-packages/airflow/example_dags/example_params_trigger_ui.py
[2025-03-27T20:55:09.356+0000] {logging_mixin.py:190} INFO - [2025-03-27T20:55:09.356+0000] {dag.py:3239} INFO - Sync 1 DAGs
[2025-03-27T20:55:09.372+0000] {logging_mixin.py:190} INFO - [2025-03-27T20:55:09.372+0000] {dag.py:4180} INFO - Setting next_dagrun for example_params_trigger_ui to None, run_after=None
[2025-03-27T20:55:09.382+0000] {processor.py:208} INFO - Processing /home/airflow/.local/lib/python3.12/site-packages/airflow/example_dags/example_params_trigger_ui.py took 0.078 seconds
[2025-03-27T20:55:40.134+0000] {processor.py:186} INFO - Started process (PID=20923) to work on /home/airflow/.local/lib/python3.12/site-packages/airflow/example_dags/example_params_trigger_ui.py
[2025-03-27T20:55:40.135+0000] {processor.py:914} INFO - Processing file /home/airflow/.local/lib/python3.12/site-packages/airflow/example_dags/example_params_trigger_ui.py for tasks to queue
[2025-03-27T20:55:40.137+0000] {logging_mixin.py:190} INFO - [2025-03-27T20:55:40.137+0000] {dagbag.py:588} INFO - Filling up the DagBag from /home/airflow/.local/lib/python3.12/site-packages/airflow/example_dags/example_params_trigger_ui.py
[2025-03-27T20:55:40.145+0000] {processor.py:925} INFO - DAG(s) 'example_params_trigger_ui' retrieved from /home/airflow/.local/lib/python3.12/site-packages/airflow/example_dags/example_params_trigger_ui.py
[2025-03-27T20:55:40.279+0000] {logging_mixin.py:190} INFO - [2025-03-27T20:55:40.279+0000] {dag.py:3239} INFO - Sync 1 DAGs
[2025-03-27T20:55:40.287+0000] {logging_mixin.py:190} INFO - [2025-03-27T20:55:40.287+0000] {dag.py:4180} INFO - Setting next_dagrun for example_params_trigger_ui to None, run_after=None
[2025-03-27T20:55:40.297+0000] {processor.py:208} INFO - Processing /home/airflow/.local/lib/python3.12/site-packages/airflow/example_dags/example_params_trigger_ui.py took 0.170 seconds
[2025-03-27T20:56:11.513+0000] {processor.py:186} INFO - Started process (PID=20985) to work on /home/airflow/.local/lib/python3.12/site-packages/airflow/example_dags/example_params_trigger_ui.py
[2025-03-27T20:56:11.514+0000] {processor.py:914} INFO - Processing file /home/airflow/.local/lib/python3.12/site-packages/airflow/example_dags/example_params_trigger_ui.py for tasks to queue
[2025-03-27T20:56:11.515+0000] {logging_mixin.py:190} INFO - [2025-03-27T20:56:11.515+0000] {dagbag.py:588} INFO - Filling up the DagBag from /home/airflow/.local/lib/python3.12/site-packages/airflow/example_dags/example_params_trigger_ui.py
[2025-03-27T20:56:11.523+0000] {processor.py:925} INFO - DAG(s) 'example_params_trigger_ui' retrieved from /home/airflow/.local/lib/python3.12/site-packages/airflow/example_dags/example_params_trigger_ui.py
[2025-03-27T20:56:11.543+0000] {logging_mixin.py:190} INFO - [2025-03-27T20:56:11.542+0000] {dag.py:3239} INFO - Sync 1 DAGs
[2025-03-27T20:56:11.697+0000] {logging_mixin.py:190} INFO - [2025-03-27T20:56:11.697+0000] {dag.py:4180} INFO - Setting next_dagrun for example_params_trigger_ui to None, run_after=None
[2025-03-27T20:56:11.710+0000] {processor.py:208} INFO - Processing /home/airflow/.local/lib/python3.12/site-packages/airflow/example_dags/example_params_trigger_ui.py took 0.201 seconds
[2025-03-27T20:56:42.349+0000] {processor.py:186} INFO - Started process (PID=21047) to work on /home/airflow/.local/lib/python3.12/site-packages/airflow/example_dags/example_params_trigger_ui.py
[2025-03-27T20:56:42.350+0000] {processor.py:914} INFO - Processing file /home/airflow/.local/lib/python3.12/site-packages/airflow/example_dags/example_params_trigger_ui.py for tasks to queue
[2025-03-27T20:56:42.353+0000] {logging_mixin.py:190} INFO - [2025-03-27T20:56:42.353+0000] {dagbag.py:588} INFO - Filling up the DagBag from /home/airflow/.local/lib/python3.12/site-packages/airflow/example_dags/example_params_trigger_ui.py
[2025-03-27T20:56:42.361+0000] {processor.py:925} INFO - DAG(s) 'example_params_trigger_ui' retrieved from /home/airflow/.local/lib/python3.12/site-packages/airflow/example_dags/example_params_trigger_ui.py
[2025-03-27T20:56:42.392+0000] {logging_mixin.py:190} INFO - [2025-03-27T20:56:42.392+0000] {dag.py:3239} INFO - Sync 1 DAGs
[2025-03-27T20:56:42.408+0000] {logging_mixin.py:190} INFO - [2025-03-27T20:56:42.407+0000] {dag.py:4180} INFO - Setting next_dagrun for example_params_trigger_ui to None, run_after=None
[2025-03-27T20:56:42.612+0000] {processor.py:208} INFO - Processing /home/airflow/.local/lib/python3.12/site-packages/airflow/example_dags/example_params_trigger_ui.py took 0.268 seconds
[2025-03-27T20:57:13.578+0000] {processor.py:186} INFO - Started process (PID=21111) to work on /home/airflow/.local/lib/python3.12/site-packages/airflow/example_dags/example_params_trigger_ui.py
[2025-03-27T20:57:13.579+0000] {processor.py:914} INFO - Processing file /home/airflow/.local/lib/python3.12/site-packages/airflow/example_dags/example_params_trigger_ui.py for tasks to queue
[2025-03-27T20:57:13.582+0000] {logging_mixin.py:190} INFO - [2025-03-27T20:57:13.581+0000] {dagbag.py:588} INFO - Filling up the DagBag from /home/airflow/.local/lib/python3.12/site-packages/airflow/example_dags/example_params_trigger_ui.py
[2025-03-27T20:57:13.589+0000] {processor.py:925} INFO - DAG(s) 'example_params_trigger_ui' retrieved from /home/airflow/.local/lib/python3.12/site-packages/airflow/example_dags/example_params_trigger_ui.py
[2025-03-27T20:57:13.612+0000] {logging_mixin.py:190} INFO - [2025-03-27T20:57:13.612+0000] {dag.py:3239} INFO - Sync 1 DAGs
[2025-03-27T20:57:13.620+0000] {logging_mixin.py:190} INFO - [2025-03-27T20:57:13.620+0000] {dag.py:4180} INFO - Setting next_dagrun for example_params_trigger_ui to None, run_after=None
[2025-03-27T20:57:13.631+0000] {processor.py:208} INFO - Processing /home/airflow/.local/lib/python3.12/site-packages/airflow/example_dags/example_params_trigger_ui.py took 0.057 seconds
[2025-03-27T20:57:44.266+0000] {processor.py:186} INFO - Started process (PID=21172) to work on /home/airflow/.local/lib/python3.12/site-packages/airflow/example_dags/example_params_trigger_ui.py
[2025-03-27T20:57:44.268+0000] {processor.py:914} INFO - Processing file /home/airflow/.local/lib/python3.12/site-packages/airflow/example_dags/example_params_trigger_ui.py for tasks to queue
[2025-03-27T20:57:44.271+0000] {logging_mixin.py:190} INFO - [2025-03-27T20:57:44.271+0000] {dagbag.py:588} INFO - Filling up the DagBag from /home/airflow/.local/lib/python3.12/site-packages/airflow/example_dags/example_params_trigger_ui.py
[2025-03-27T20:57:44.283+0000] {processor.py:925} INFO - DAG(s) 'example_params_trigger_ui' retrieved from /home/airflow/.local/lib/python3.12/site-packages/airflow/example_dags/example_params_trigger_ui.py
[2025-03-27T20:57:44.324+0000] {logging_mixin.py:190} INFO - [2025-03-27T20:57:44.324+0000] {dag.py:3239} INFO - Sync 1 DAGs
[2025-03-27T20:57:44.336+0000] {logging_mixin.py:190} INFO - [2025-03-27T20:57:44.336+0000] {dag.py:4180} INFO - Setting next_dagrun for example_params_trigger_ui to None, run_after=None
[2025-03-27T20:57:44.367+0000] {processor.py:208} INFO - Processing /home/airflow/.local/lib/python3.12/site-packages/airflow/example_dags/example_params_trigger_ui.py took 0.118 seconds
[2025-03-27T20:58:14.433+0000] {processor.py:186} INFO - Started process (PID=21234) to work on /home/airflow/.local/lib/python3.12/site-packages/airflow/example_dags/example_params_trigger_ui.py
[2025-03-27T20:58:14.435+0000] {processor.py:914} INFO - Processing file /home/airflow/.local/lib/python3.12/site-packages/airflow/example_dags/example_params_trigger_ui.py for tasks to queue
[2025-03-27T20:58:14.437+0000] {logging_mixin.py:190} INFO - [2025-03-27T20:58:14.437+0000] {dagbag.py:588} INFO - Filling up the DagBag from /home/airflow/.local/lib/python3.12/site-packages/airflow/example_dags/example_params_trigger_ui.py
[2025-03-27T20:58:14.446+0000] {processor.py:925} INFO - DAG(s) 'example_params_trigger_ui' retrieved from /home/airflow/.local/lib/python3.12/site-packages/airflow/example_dags/example_params_trigger_ui.py
[2025-03-27T20:58:14.471+0000] {logging_mixin.py:190} INFO - [2025-03-27T20:58:14.470+0000] {dag.py:3239} INFO - Sync 1 DAGs
[2025-03-27T20:58:14.479+0000] {logging_mixin.py:190} INFO - [2025-03-27T20:58:14.479+0000] {dag.py:4180} INFO - Setting next_dagrun for example_params_trigger_ui to None, run_after=None
[2025-03-27T20:58:14.493+0000] {processor.py:208} INFO - Processing /home/airflow/.local/lib/python3.12/site-packages/airflow/example_dags/example_params_trigger_ui.py took 0.063 seconds
[2025-03-27T20:58:45.369+0000] {processor.py:186} INFO - Started process (PID=21296) to work on /home/airflow/.local/lib/python3.12/site-packages/airflow/example_dags/example_params_trigger_ui.py
[2025-03-27T20:58:45.371+0000] {processor.py:914} INFO - Processing file /home/airflow/.local/lib/python3.12/site-packages/airflow/example_dags/example_params_trigger_ui.py for tasks to queue
[2025-03-27T20:58:45.374+0000] {logging_mixin.py:190} INFO - [2025-03-27T20:58:45.373+0000] {dagbag.py:588} INFO - Filling up the DagBag from /home/airflow/.local/lib/python3.12/site-packages/airflow/example_dags/example_params_trigger_ui.py
[2025-03-27T20:58:45.391+0000] {processor.py:925} INFO - DAG(s) 'example_params_trigger_ui' retrieved from /home/airflow/.local/lib/python3.12/site-packages/airflow/example_dags/example_params_trigger_ui.py
[2025-03-27T20:58:45.417+0000] {logging_mixin.py:190} INFO - [2025-03-27T20:58:45.417+0000] {dag.py:3239} INFO - Sync 1 DAGs
[2025-03-27T20:58:45.427+0000] {logging_mixin.py:190} INFO - [2025-03-27T20:58:45.427+0000] {dag.py:4180} INFO - Setting next_dagrun for example_params_trigger_ui to None, run_after=None
[2025-03-27T20:58:45.444+0000] {processor.py:208} INFO - Processing /home/airflow/.local/lib/python3.12/site-packages/airflow/example_dags/example_params_trigger_ui.py took 0.083 seconds
[2025-03-27T20:59:15.511+0000] {processor.py:186} INFO - Started process (PID=21358) to work on /home/airflow/.local/lib/python3.12/site-packages/airflow/example_dags/example_params_trigger_ui.py
[2025-03-27T20:59:15.513+0000] {processor.py:914} INFO - Processing file /home/airflow/.local/lib/python3.12/site-packages/airflow/example_dags/example_params_trigger_ui.py for tasks to queue
[2025-03-27T20:59:15.514+0000] {logging_mixin.py:190} INFO - [2025-03-27T20:59:15.514+0000] {dagbag.py:588} INFO - Filling up the DagBag from /home/airflow/.local/lib/python3.12/site-packages/airflow/example_dags/example_params_trigger_ui.py
[2025-03-27T20:59:15.528+0000] {processor.py:925} INFO - DAG(s) 'example_params_trigger_ui' retrieved from /home/airflow/.local/lib/python3.12/site-packages/airflow/example_dags/example_params_trigger_ui.py
[2025-03-27T20:59:15.552+0000] {logging_mixin.py:190} INFO - [2025-03-27T20:59:15.552+0000] {dag.py:3239} INFO - Sync 1 DAGs
[2025-03-27T20:59:15.562+0000] {logging_mixin.py:190} INFO - [2025-03-27T20:59:15.562+0000] {dag.py:4180} INFO - Setting next_dagrun for example_params_trigger_ui to None, run_after=None
[2025-03-27T20:59:15.577+0000] {processor.py:208} INFO - Processing /home/airflow/.local/lib/python3.12/site-packages/airflow/example_dags/example_params_trigger_ui.py took 0.071 seconds
[2025-03-27T20:59:46.424+0000] {processor.py:186} INFO - Started process (PID=21420) to work on /home/airflow/.local/lib/python3.12/site-packages/airflow/example_dags/example_params_trigger_ui.py
[2025-03-27T20:59:46.425+0000] {processor.py:914} INFO - Processing file /home/airflow/.local/lib/python3.12/site-packages/airflow/example_dags/example_params_trigger_ui.py for tasks to queue
[2025-03-27T20:59:46.426+0000] {logging_mixin.py:190} INFO - [2025-03-27T20:59:46.426+0000] {dagbag.py:588} INFO - Filling up the DagBag from /home/airflow/.local/lib/python3.12/site-packages/airflow/example_dags/example_params_trigger_ui.py
[2025-03-27T20:59:46.432+0000] {processor.py:925} INFO - DAG(s) 'example_params_trigger_ui' retrieved from /home/airflow/.local/lib/python3.12/site-packages/airflow/example_dags/example_params_trigger_ui.py
[2025-03-27T20:59:46.460+0000] {logging_mixin.py:190} INFO - [2025-03-27T20:59:46.460+0000] {dag.py:3239} INFO - Sync 1 DAGs
[2025-03-27T20:59:46.471+0000] {logging_mixin.py:190} INFO - [2025-03-27T20:59:46.471+0000] {dag.py:4180} INFO - Setting next_dagrun for example_params_trigger_ui to None, run_after=None
[2025-03-27T20:59:46.485+0000] {processor.py:208} INFO - Processing /home/airflow/.local/lib/python3.12/site-packages/airflow/example_dags/example_params_trigger_ui.py took 0.064 seconds
[2025-03-27T21:00:16.851+0000] {processor.py:186} INFO - Started process (PID=21481) to work on /home/airflow/.local/lib/python3.12/site-packages/airflow/example_dags/example_params_trigger_ui.py
[2025-03-27T21:00:16.853+0000] {processor.py:914} INFO - Processing file /home/airflow/.local/lib/python3.12/site-packages/airflow/example_dags/example_params_trigger_ui.py for tasks to queue
[2025-03-27T21:00:16.856+0000] {logging_mixin.py:190} INFO - [2025-03-27T21:00:16.856+0000] {dagbag.py:588} INFO - Filling up the DagBag from /home/airflow/.local/lib/python3.12/site-packages/airflow/example_dags/example_params_trigger_ui.py
[2025-03-27T21:00:16.865+0000] {processor.py:925} INFO - DAG(s) 'example_params_trigger_ui' retrieved from /home/airflow/.local/lib/python3.12/site-packages/airflow/example_dags/example_params_trigger_ui.py
[2025-03-27T21:00:16.892+0000] {logging_mixin.py:190} INFO - [2025-03-27T21:00:16.892+0000] {dag.py:3239} INFO - Sync 1 DAGs
[2025-03-27T21:00:16.902+0000] {logging_mixin.py:190} INFO - [2025-03-27T21:00:16.902+0000] {dag.py:4180} INFO - Setting next_dagrun for example_params_trigger_ui to None, run_after=None
[2025-03-27T21:00:16.914+0000] {processor.py:208} INFO - Processing /home/airflow/.local/lib/python3.12/site-packages/airflow/example_dags/example_params_trigger_ui.py took 0.068 seconds
[2025-03-27T21:00:47.264+0000] {processor.py:186} INFO - Started process (PID=21543) to work on /home/airflow/.local/lib/python3.12/site-packages/airflow/example_dags/example_params_trigger_ui.py
[2025-03-27T21:00:47.265+0000] {processor.py:914} INFO - Processing file /home/airflow/.local/lib/python3.12/site-packages/airflow/example_dags/example_params_trigger_ui.py for tasks to queue
[2025-03-27T21:00:47.266+0000] {logging_mixin.py:190} INFO - [2025-03-27T21:00:47.266+0000] {dagbag.py:588} INFO - Filling up the DagBag from /home/airflow/.local/lib/python3.12/site-packages/airflow/example_dags/example_params_trigger_ui.py
[2025-03-27T21:00:47.274+0000] {processor.py:925} INFO - DAG(s) 'example_params_trigger_ui' retrieved from /home/airflow/.local/lib/python3.12/site-packages/airflow/example_dags/example_params_trigger_ui.py
[2025-03-27T21:00:47.300+0000] {logging_mixin.py:190} INFO - [2025-03-27T21:00:47.300+0000] {dag.py:3239} INFO - Sync 1 DAGs
[2025-03-27T21:00:47.317+0000] {logging_mixin.py:190} INFO - [2025-03-27T21:00:47.317+0000] {dag.py:4180} INFO - Setting next_dagrun for example_params_trigger_ui to None, run_after=None
[2025-03-27T21:00:47.329+0000] {processor.py:208} INFO - Processing /home/airflow/.local/lib/python3.12/site-packages/airflow/example_dags/example_params_trigger_ui.py took 0.071 seconds
[2025-03-27T21:01:17.397+0000] {processor.py:186} INFO - Started process (PID=21605) to work on /home/airflow/.local/lib/python3.12/site-packages/airflow/example_dags/example_params_trigger_ui.py
[2025-03-27T21:01:17.397+0000] {processor.py:914} INFO - Processing file /home/airflow/.local/lib/python3.12/site-packages/airflow/example_dags/example_params_trigger_ui.py for tasks to queue
[2025-03-27T21:01:17.399+0000] {logging_mixin.py:190} INFO - [2025-03-27T21:01:17.399+0000] {dagbag.py:588} INFO - Filling up the DagBag from /home/airflow/.local/lib/python3.12/site-packages/airflow/example_dags/example_params_trigger_ui.py
[2025-03-27T21:01:17.406+0000] {processor.py:925} INFO - DAG(s) 'example_params_trigger_ui' retrieved from /home/airflow/.local/lib/python3.12/site-packages/airflow/example_dags/example_params_trigger_ui.py
[2025-03-27T21:01:17.435+0000] {logging_mixin.py:190} INFO - [2025-03-27T21:01:17.435+0000] {dag.py:3239} INFO - Sync 1 DAGs
[2025-03-27T21:01:17.444+0000] {logging_mixin.py:190} INFO - [2025-03-27T21:01:17.444+0000] {dag.py:4180} INFO - Setting next_dagrun for example_params_trigger_ui to None, run_after=None
[2025-03-27T21:01:17.458+0000] {processor.py:208} INFO - Processing /home/airflow/.local/lib/python3.12/site-packages/airflow/example_dags/example_params_trigger_ui.py took 0.064 seconds
[2025-03-27T21:13:39.380+0000] {processor.py:186} INFO - Started process (PID=89) to work on /home/airflow/.local/lib/python3.12/site-packages/airflow/example_dags/example_params_trigger_ui.py
[2025-03-27T21:13:39.381+0000] {processor.py:914} INFO - Processing file /home/airflow/.local/lib/python3.12/site-packages/airflow/example_dags/example_params_trigger_ui.py for tasks to queue
[2025-03-27T21:13:39.382+0000] {logging_mixin.py:190} INFO - [2025-03-27T21:13:39.382+0000] {dagbag.py:588} INFO - Filling up the DagBag from /home/airflow/.local/lib/python3.12/site-packages/airflow/example_dags/example_params_trigger_ui.py
[2025-03-27T21:13:39.390+0000] {processor.py:925} INFO - DAG(s) 'example_params_trigger_ui' retrieved from /home/airflow/.local/lib/python3.12/site-packages/airflow/example_dags/example_params_trigger_ui.py
[2025-03-27T21:13:39.414+0000] {logging_mixin.py:190} INFO - [2025-03-27T21:13:39.413+0000] {dag.py:3239} INFO - Sync 1 DAGs
[2025-03-27T21:13:39.422+0000] {logging_mixin.py:190} INFO - [2025-03-27T21:13:39.422+0000] {dag.py:4180} INFO - Setting next_dagrun for example_params_trigger_ui to None, run_after=None
[2025-03-27T21:13:39.433+0000] {processor.py:208} INFO - Processing /home/airflow/.local/lib/python3.12/site-packages/airflow/example_dags/example_params_trigger_ui.py took 0.056 seconds
[2025-03-27T21:45:55.882+0000] {processor.py:186} INFO - Started process (PID=88) to work on /home/airflow/.local/lib/python3.12/site-packages/airflow/example_dags/example_params_trigger_ui.py
[2025-03-27T21:45:55.884+0000] {processor.py:914} INFO - Processing file /home/airflow/.local/lib/python3.12/site-packages/airflow/example_dags/example_params_trigger_ui.py for tasks to queue
[2025-03-27T21:45:55.885+0000] {logging_mixin.py:190} INFO - [2025-03-27T21:45:55.885+0000] {dagbag.py:588} INFO - Filling up the DagBag from /home/airflow/.local/lib/python3.12/site-packages/airflow/example_dags/example_params_trigger_ui.py
[2025-03-27T21:45:55.894+0000] {processor.py:925} INFO - DAG(s) 'example_params_trigger_ui' retrieved from /home/airflow/.local/lib/python3.12/site-packages/airflow/example_dags/example_params_trigger_ui.py
[2025-03-27T21:45:55.923+0000] {logging_mixin.py:190} INFO - [2025-03-27T21:45:55.923+0000] {dag.py:3239} INFO - Sync 1 DAGs
[2025-03-27T21:45:55.933+0000] {logging_mixin.py:190} INFO - [2025-03-27T21:45:55.933+0000] {dag.py:4180} INFO - Setting next_dagrun for example_params_trigger_ui to None, run_after=None
[2025-03-27T21:45:55.943+0000] {processor.py:208} INFO - Processing /home/airflow/.local/lib/python3.12/site-packages/airflow/example_dags/example_params_trigger_ui.py took 0.064 seconds
[2025-03-27T21:46:26.468+0000] {processor.py:186} INFO - Started process (PID=150) to work on /home/airflow/.local/lib/python3.12/site-packages/airflow/example_dags/example_params_trigger_ui.py
[2025-03-27T21:46:26.469+0000] {processor.py:914} INFO - Processing file /home/airflow/.local/lib/python3.12/site-packages/airflow/example_dags/example_params_trigger_ui.py for tasks to queue
[2025-03-27T21:46:26.470+0000] {logging_mixin.py:190} INFO - [2025-03-27T21:46:26.470+0000] {dagbag.py:588} INFO - Filling up the DagBag from /home/airflow/.local/lib/python3.12/site-packages/airflow/example_dags/example_params_trigger_ui.py
[2025-03-27T21:46:26.476+0000] {processor.py:925} INFO - DAG(s) 'example_params_trigger_ui' retrieved from /home/airflow/.local/lib/python3.12/site-packages/airflow/example_dags/example_params_trigger_ui.py
[2025-03-27T21:46:26.501+0000] {logging_mixin.py:190} INFO - [2025-03-27T21:46:26.500+0000] {dag.py:3239} INFO - Sync 1 DAGs
[2025-03-27T21:46:26.509+0000] {logging_mixin.py:190} INFO - [2025-03-27T21:46:26.508+0000] {dag.py:4180} INFO - Setting next_dagrun for example_params_trigger_ui to None, run_after=None
[2025-03-27T21:46:26.520+0000] {processor.py:208} INFO - Processing /home/airflow/.local/lib/python3.12/site-packages/airflow/example_dags/example_params_trigger_ui.py took 0.055 seconds
[2025-03-27T21:46:56.925+0000] {processor.py:186} INFO - Started process (PID=212) to work on /home/airflow/.local/lib/python3.12/site-packages/airflow/example_dags/example_params_trigger_ui.py
[2025-03-27T21:46:56.926+0000] {processor.py:914} INFO - Processing file /home/airflow/.local/lib/python3.12/site-packages/airflow/example_dags/example_params_trigger_ui.py for tasks to queue
[2025-03-27T21:46:56.927+0000] {logging_mixin.py:190} INFO - [2025-03-27T21:46:56.927+0000] {dagbag.py:588} INFO - Filling up the DagBag from /home/airflow/.local/lib/python3.12/site-packages/airflow/example_dags/example_params_trigger_ui.py
[2025-03-27T21:46:56.933+0000] {processor.py:925} INFO - DAG(s) 'example_params_trigger_ui' retrieved from /home/airflow/.local/lib/python3.12/site-packages/airflow/example_dags/example_params_trigger_ui.py
[2025-03-27T21:46:56.952+0000] {logging_mixin.py:190} INFO - [2025-03-27T21:46:56.952+0000] {dag.py:3239} INFO - Sync 1 DAGs
[2025-03-27T21:46:56.959+0000] {logging_mixin.py:190} INFO - [2025-03-27T21:46:56.959+0000] {dag.py:4180} INFO - Setting next_dagrun for example_params_trigger_ui to None, run_after=None
[2025-03-27T21:46:56.968+0000] {processor.py:208} INFO - Processing /home/airflow/.local/lib/python3.12/site-packages/airflow/example_dags/example_params_trigger_ui.py took 0.046 seconds
[2025-03-27T21:47:27.693+0000] {processor.py:186} INFO - Started process (PID=274) to work on /home/airflow/.local/lib/python3.12/site-packages/airflow/example_dags/example_params_trigger_ui.py
[2025-03-27T21:47:27.694+0000] {processor.py:914} INFO - Processing file /home/airflow/.local/lib/python3.12/site-packages/airflow/example_dags/example_params_trigger_ui.py for tasks to queue
[2025-03-27T21:47:27.695+0000] {logging_mixin.py:190} INFO - [2025-03-27T21:47:27.695+0000] {dagbag.py:588} INFO - Filling up the DagBag from /home/airflow/.local/lib/python3.12/site-packages/airflow/example_dags/example_params_trigger_ui.py
[2025-03-27T21:47:27.704+0000] {processor.py:925} INFO - DAG(s) 'example_params_trigger_ui' retrieved from /home/airflow/.local/lib/python3.12/site-packages/airflow/example_dags/example_params_trigger_ui.py
[2025-03-27T21:47:27.725+0000] {logging_mixin.py:190} INFO - [2025-03-27T21:47:27.725+0000] {dag.py:3239} INFO - Sync 1 DAGs
[2025-03-27T21:47:27.732+0000] {logging_mixin.py:190} INFO - [2025-03-27T21:47:27.732+0000] {dag.py:4180} INFO - Setting next_dagrun for example_params_trigger_ui to None, run_after=None
[2025-03-27T21:47:27.746+0000] {processor.py:208} INFO - Processing /home/airflow/.local/lib/python3.12/site-packages/airflow/example_dags/example_params_trigger_ui.py took 0.060 seconds
[2025-03-27T21:47:58.246+0000] {processor.py:186} INFO - Started process (PID=336) to work on /home/airflow/.local/lib/python3.12/site-packages/airflow/example_dags/example_params_trigger_ui.py
[2025-03-27T21:47:58.248+0000] {processor.py:914} INFO - Processing file /home/airflow/.local/lib/python3.12/site-packages/airflow/example_dags/example_params_trigger_ui.py for tasks to queue
[2025-03-27T21:47:58.249+0000] {logging_mixin.py:190} INFO - [2025-03-27T21:47:58.249+0000] {dagbag.py:588} INFO - Filling up the DagBag from /home/airflow/.local/lib/python3.12/site-packages/airflow/example_dags/example_params_trigger_ui.py
[2025-03-27T21:47:58.257+0000] {processor.py:925} INFO - DAG(s) 'example_params_trigger_ui' retrieved from /home/airflow/.local/lib/python3.12/site-packages/airflow/example_dags/example_params_trigger_ui.py
[2025-03-27T21:47:58.281+0000] {logging_mixin.py:190} INFO - [2025-03-27T21:47:58.279+0000] {dag.py:3239} INFO - Sync 1 DAGs
[2025-03-27T21:47:58.287+0000] {logging_mixin.py:190} INFO - [2025-03-27T21:47:58.287+0000] {dag.py:4180} INFO - Setting next_dagrun for example_params_trigger_ui to None, run_after=None
[2025-03-27T21:47:58.300+0000] {processor.py:208} INFO - Processing /home/airflow/.local/lib/python3.12/site-packages/airflow/example_dags/example_params_trigger_ui.py took 0.057 seconds
[2025-03-27T21:48:28.558+0000] {processor.py:186} INFO - Started process (PID=398) to work on /home/airflow/.local/lib/python3.12/site-packages/airflow/example_dags/example_params_trigger_ui.py
[2025-03-27T21:48:28.559+0000] {processor.py:914} INFO - Processing file /home/airflow/.local/lib/python3.12/site-packages/airflow/example_dags/example_params_trigger_ui.py for tasks to queue
[2025-03-27T21:48:28.561+0000] {logging_mixin.py:190} INFO - [2025-03-27T21:48:28.560+0000] {dagbag.py:588} INFO - Filling up the DagBag from /home/airflow/.local/lib/python3.12/site-packages/airflow/example_dags/example_params_trigger_ui.py
[2025-03-27T21:48:28.566+0000] {processor.py:925} INFO - DAG(s) 'example_params_trigger_ui' retrieved from /home/airflow/.local/lib/python3.12/site-packages/airflow/example_dags/example_params_trigger_ui.py
[2025-03-27T21:48:28.587+0000] {logging_mixin.py:190} INFO - [2025-03-27T21:48:28.587+0000] {dag.py:3239} INFO - Sync 1 DAGs
[2025-03-27T21:48:28.595+0000] {logging_mixin.py:190} INFO - [2025-03-27T21:48:28.595+0000] {dag.py:4180} INFO - Setting next_dagrun for example_params_trigger_ui to None, run_after=None
[2025-03-27T21:48:28.605+0000] {processor.py:208} INFO - Processing /home/airflow/.local/lib/python3.12/site-packages/airflow/example_dags/example_params_trigger_ui.py took 0.049 seconds
[2025-03-27T21:48:59.051+0000] {processor.py:186} INFO - Started process (PID=460) to work on /home/airflow/.local/lib/python3.12/site-packages/airflow/example_dags/example_params_trigger_ui.py
[2025-03-27T21:48:59.052+0000] {processor.py:914} INFO - Processing file /home/airflow/.local/lib/python3.12/site-packages/airflow/example_dags/example_params_trigger_ui.py for tasks to queue
[2025-03-27T21:48:59.053+0000] {logging_mixin.py:190} INFO - [2025-03-27T21:48:59.053+0000] {dagbag.py:588} INFO - Filling up the DagBag from /home/airflow/.local/lib/python3.12/site-packages/airflow/example_dags/example_params_trigger_ui.py
[2025-03-27T21:48:59.062+0000] {processor.py:925} INFO - DAG(s) 'example_params_trigger_ui' retrieved from /home/airflow/.local/lib/python3.12/site-packages/airflow/example_dags/example_params_trigger_ui.py
[2025-03-27T21:48:59.086+0000] {logging_mixin.py:190} INFO - [2025-03-27T21:48:59.086+0000] {dag.py:3239} INFO - Sync 1 DAGs
[2025-03-27T21:48:59.095+0000] {logging_mixin.py:190} INFO - [2025-03-27T21:48:59.095+0000] {dag.py:4180} INFO - Setting next_dagrun for example_params_trigger_ui to None, run_after=None
[2025-03-27T21:48:59.105+0000] {processor.py:208} INFO - Processing /home/airflow/.local/lib/python3.12/site-packages/airflow/example_dags/example_params_trigger_ui.py took 0.059 seconds
[2025-03-27T21:49:29.585+0000] {processor.py:186} INFO - Started process (PID=522) to work on /home/airflow/.local/lib/python3.12/site-packages/airflow/example_dags/example_params_trigger_ui.py
[2025-03-27T21:49:29.586+0000] {processor.py:914} INFO - Processing file /home/airflow/.local/lib/python3.12/site-packages/airflow/example_dags/example_params_trigger_ui.py for tasks to queue
[2025-03-27T21:49:29.587+0000] {logging_mixin.py:190} INFO - [2025-03-27T21:49:29.587+0000] {dagbag.py:588} INFO - Filling up the DagBag from /home/airflow/.local/lib/python3.12/site-packages/airflow/example_dags/example_params_trigger_ui.py
[2025-03-27T21:49:29.593+0000] {processor.py:925} INFO - DAG(s) 'example_params_trigger_ui' retrieved from /home/airflow/.local/lib/python3.12/site-packages/airflow/example_dags/example_params_trigger_ui.py
[2025-03-27T21:49:29.619+0000] {logging_mixin.py:190} INFO - [2025-03-27T21:49:29.619+0000] {dag.py:3239} INFO - Sync 1 DAGs
[2025-03-27T21:49:29.628+0000] {logging_mixin.py:190} INFO - [2025-03-27T21:49:29.627+0000] {dag.py:4180} INFO - Setting next_dagrun for example_params_trigger_ui to None, run_after=None
[2025-03-27T21:49:29.645+0000] {processor.py:208} INFO - Processing /home/airflow/.local/lib/python3.12/site-packages/airflow/example_dags/example_params_trigger_ui.py took 0.064 seconds
[2025-03-27T21:49:59.908+0000] {processor.py:186} INFO - Started process (PID=584) to work on /home/airflow/.local/lib/python3.12/site-packages/airflow/example_dags/example_params_trigger_ui.py
[2025-03-27T21:49:59.909+0000] {processor.py:914} INFO - Processing file /home/airflow/.local/lib/python3.12/site-packages/airflow/example_dags/example_params_trigger_ui.py for tasks to queue
[2025-03-27T21:49:59.910+0000] {logging_mixin.py:190} INFO - [2025-03-27T21:49:59.910+0000] {dagbag.py:588} INFO - Filling up the DagBag from /home/airflow/.local/lib/python3.12/site-packages/airflow/example_dags/example_params_trigger_ui.py
[2025-03-27T21:49:59.915+0000] {processor.py:925} INFO - DAG(s) 'example_params_trigger_ui' retrieved from /home/airflow/.local/lib/python3.12/site-packages/airflow/example_dags/example_params_trigger_ui.py
[2025-03-27T21:49:59.933+0000] {logging_mixin.py:190} INFO - [2025-03-27T21:49:59.933+0000] {dag.py:3239} INFO - Sync 1 DAGs
[2025-03-27T21:49:59.941+0000] {logging_mixin.py:190} INFO - [2025-03-27T21:49:59.941+0000] {dag.py:4180} INFO - Setting next_dagrun for example_params_trigger_ui to None, run_after=None
[2025-03-27T21:49:59.957+0000] {processor.py:208} INFO - Processing /home/airflow/.local/lib/python3.12/site-packages/airflow/example_dags/example_params_trigger_ui.py took 0.053 seconds
[2025-03-27T21:50:30.603+0000] {processor.py:186} INFO - Started process (PID=646) to work on /home/airflow/.local/lib/python3.12/site-packages/airflow/example_dags/example_params_trigger_ui.py
[2025-03-27T21:50:30.604+0000] {processor.py:914} INFO - Processing file /home/airflow/.local/lib/python3.12/site-packages/airflow/example_dags/example_params_trigger_ui.py for tasks to queue
[2025-03-27T21:50:30.606+0000] {logging_mixin.py:190} INFO - [2025-03-27T21:50:30.606+0000] {dagbag.py:588} INFO - Filling up the DagBag from /home/airflow/.local/lib/python3.12/site-packages/airflow/example_dags/example_params_trigger_ui.py
[2025-03-27T21:50:30.615+0000] {processor.py:925} INFO - DAG(s) 'example_params_trigger_ui' retrieved from /home/airflow/.local/lib/python3.12/site-packages/airflow/example_dags/example_params_trigger_ui.py
[2025-03-27T21:50:30.641+0000] {logging_mixin.py:190} INFO - [2025-03-27T21:50:30.641+0000] {dag.py:3239} INFO - Sync 1 DAGs
[2025-03-27T21:50:30.649+0000] {logging_mixin.py:190} INFO - [2025-03-27T21:50:30.649+0000] {dag.py:4180} INFO - Setting next_dagrun for example_params_trigger_ui to None, run_after=None
[2025-03-27T21:50:30.662+0000] {processor.py:208} INFO - Processing /home/airflow/.local/lib/python3.12/site-packages/airflow/example_dags/example_params_trigger_ui.py took 0.064 seconds
[2025-03-27T21:51:01.016+0000] {processor.py:186} INFO - Started process (PID=708) to work on /home/airflow/.local/lib/python3.12/site-packages/airflow/example_dags/example_params_trigger_ui.py
[2025-03-27T21:51:01.016+0000] {processor.py:914} INFO - Processing file /home/airflow/.local/lib/python3.12/site-packages/airflow/example_dags/example_params_trigger_ui.py for tasks to queue
[2025-03-27T21:51:01.018+0000] {logging_mixin.py:190} INFO - [2025-03-27T21:51:01.017+0000] {dagbag.py:588} INFO - Filling up the DagBag from /home/airflow/.local/lib/python3.12/site-packages/airflow/example_dags/example_params_trigger_ui.py
[2025-03-27T21:51:01.023+0000] {processor.py:925} INFO - DAG(s) 'example_params_trigger_ui' retrieved from /home/airflow/.local/lib/python3.12/site-packages/airflow/example_dags/example_params_trigger_ui.py
[2025-03-27T21:51:01.040+0000] {logging_mixin.py:190} INFO - [2025-03-27T21:51:01.040+0000] {dag.py:3239} INFO - Sync 1 DAGs
[2025-03-27T21:51:01.047+0000] {logging_mixin.py:190} INFO - [2025-03-27T21:51:01.047+0000] {dag.py:4180} INFO - Setting next_dagrun for example_params_trigger_ui to None, run_after=None
[2025-03-27T21:51:01.058+0000] {processor.py:208} INFO - Processing /home/airflow/.local/lib/python3.12/site-packages/airflow/example_dags/example_params_trigger_ui.py took 0.046 seconds
[2025-03-27T21:51:31.411+0000] {processor.py:186} INFO - Started process (PID=770) to work on /home/airflow/.local/lib/python3.12/site-packages/airflow/example_dags/example_params_trigger_ui.py
[2025-03-27T21:51:31.413+0000] {processor.py:914} INFO - Processing file /home/airflow/.local/lib/python3.12/site-packages/airflow/example_dags/example_params_trigger_ui.py for tasks to queue
[2025-03-27T21:51:31.414+0000] {logging_mixin.py:190} INFO - [2025-03-27T21:51:31.414+0000] {dagbag.py:588} INFO - Filling up the DagBag from /home/airflow/.local/lib/python3.12/site-packages/airflow/example_dags/example_params_trigger_ui.py
[2025-03-27T21:51:31.421+0000] {processor.py:925} INFO - DAG(s) 'example_params_trigger_ui' retrieved from /home/airflow/.local/lib/python3.12/site-packages/airflow/example_dags/example_params_trigger_ui.py
[2025-03-27T21:51:31.441+0000] {logging_mixin.py:190} INFO - [2025-03-27T21:51:31.441+0000] {dag.py:3239} INFO - Sync 1 DAGs
[2025-03-27T21:51:31.447+0000] {logging_mixin.py:190} INFO - [2025-03-27T21:51:31.447+0000] {dag.py:4180} INFO - Setting next_dagrun for example_params_trigger_ui to None, run_after=None
[2025-03-27T21:51:31.459+0000] {processor.py:208} INFO - Processing /home/airflow/.local/lib/python3.12/site-packages/airflow/example_dags/example_params_trigger_ui.py took 0.051 seconds
[2025-03-27T21:52:01.876+0000] {processor.py:186} INFO - Started process (PID=832) to work on /home/airflow/.local/lib/python3.12/site-packages/airflow/example_dags/example_params_trigger_ui.py
[2025-03-27T21:52:01.877+0000] {processor.py:914} INFO - Processing file /home/airflow/.local/lib/python3.12/site-packages/airflow/example_dags/example_params_trigger_ui.py for tasks to queue
[2025-03-27T21:52:01.878+0000] {logging_mixin.py:190} INFO - [2025-03-27T21:52:01.878+0000] {dagbag.py:588} INFO - Filling up the DagBag from /home/airflow/.local/lib/python3.12/site-packages/airflow/example_dags/example_params_trigger_ui.py
[2025-03-27T21:52:01.886+0000] {processor.py:925} INFO - DAG(s) 'example_params_trigger_ui' retrieved from /home/airflow/.local/lib/python3.12/site-packages/airflow/example_dags/example_params_trigger_ui.py
[2025-03-27T21:52:01.912+0000] {logging_mixin.py:190} INFO - [2025-03-27T21:52:01.912+0000] {dag.py:3239} INFO - Sync 1 DAGs
[2025-03-27T21:52:01.918+0000] {logging_mixin.py:190} INFO - [2025-03-27T21:52:01.918+0000] {dag.py:4180} INFO - Setting next_dagrun for example_params_trigger_ui to None, run_after=None
[2025-03-27T21:52:01.930+0000] {processor.py:208} INFO - Processing /home/airflow/.local/lib/python3.12/site-packages/airflow/example_dags/example_params_trigger_ui.py took 0.057 seconds
[2025-03-27T21:52:32.166+0000] {processor.py:186} INFO - Started process (PID=894) to work on /home/airflow/.local/lib/python3.12/site-packages/airflow/example_dags/example_params_trigger_ui.py
[2025-03-27T21:52:32.167+0000] {processor.py:914} INFO - Processing file /home/airflow/.local/lib/python3.12/site-packages/airflow/example_dags/example_params_trigger_ui.py for tasks to queue
[2025-03-27T21:52:32.168+0000] {logging_mixin.py:190} INFO - [2025-03-27T21:52:32.168+0000] {dagbag.py:588} INFO - Filling up the DagBag from /home/airflow/.local/lib/python3.12/site-packages/airflow/example_dags/example_params_trigger_ui.py
[2025-03-27T21:52:32.173+0000] {processor.py:925} INFO - DAG(s) 'example_params_trigger_ui' retrieved from /home/airflow/.local/lib/python3.12/site-packages/airflow/example_dags/example_params_trigger_ui.py
[2025-03-27T21:52:32.200+0000] {logging_mixin.py:190} INFO - [2025-03-27T21:52:32.200+0000] {dag.py:3239} INFO - Sync 1 DAGs
[2025-03-27T21:52:32.209+0000] {logging_mixin.py:190} INFO - [2025-03-27T21:52:32.209+0000] {dag.py:4180} INFO - Setting next_dagrun for example_params_trigger_ui to None, run_after=None
[2025-03-27T21:52:32.218+0000] {processor.py:208} INFO - Processing /home/airflow/.local/lib/python3.12/site-packages/airflow/example_dags/example_params_trigger_ui.py took 0.056 seconds
[2025-03-27T21:53:02.516+0000] {processor.py:186} INFO - Started process (PID=956) to work on /home/airflow/.local/lib/python3.12/site-packages/airflow/example_dags/example_params_trigger_ui.py
[2025-03-27T21:53:02.518+0000] {processor.py:914} INFO - Processing file /home/airflow/.local/lib/python3.12/site-packages/airflow/example_dags/example_params_trigger_ui.py for tasks to queue
[2025-03-27T21:53:02.520+0000] {logging_mixin.py:190} INFO - [2025-03-27T21:53:02.519+0000] {dagbag.py:588} INFO - Filling up the DagBag from /home/airflow/.local/lib/python3.12/site-packages/airflow/example_dags/example_params_trigger_ui.py
[2025-03-27T21:53:02.525+0000] {processor.py:925} INFO - DAG(s) 'example_params_trigger_ui' retrieved from /home/airflow/.local/lib/python3.12/site-packages/airflow/example_dags/example_params_trigger_ui.py
[2025-03-27T21:53:02.544+0000] {logging_mixin.py:190} INFO - [2025-03-27T21:53:02.544+0000] {dag.py:3239} INFO - Sync 1 DAGs
[2025-03-27T21:53:02.551+0000] {logging_mixin.py:190} INFO - [2025-03-27T21:53:02.551+0000] {dag.py:4180} INFO - Setting next_dagrun for example_params_trigger_ui to None, run_after=None
[2025-03-27T21:53:02.567+0000] {processor.py:208} INFO - Processing /home/airflow/.local/lib/python3.12/site-packages/airflow/example_dags/example_params_trigger_ui.py took 0.054 seconds
[2025-03-27T21:53:33.285+0000] {processor.py:186} INFO - Started process (PID=1018) to work on /home/airflow/.local/lib/python3.12/site-packages/airflow/example_dags/example_params_trigger_ui.py
[2025-03-27T21:53:33.285+0000] {processor.py:914} INFO - Processing file /home/airflow/.local/lib/python3.12/site-packages/airflow/example_dags/example_params_trigger_ui.py for tasks to queue
[2025-03-27T21:53:33.287+0000] {logging_mixin.py:190} INFO - [2025-03-27T21:53:33.287+0000] {dagbag.py:588} INFO - Filling up the DagBag from /home/airflow/.local/lib/python3.12/site-packages/airflow/example_dags/example_params_trigger_ui.py
[2025-03-27T21:53:33.294+0000] {processor.py:925} INFO - DAG(s) 'example_params_trigger_ui' retrieved from /home/airflow/.local/lib/python3.12/site-packages/airflow/example_dags/example_params_trigger_ui.py
[2025-03-27T21:53:33.327+0000] {logging_mixin.py:190} INFO - [2025-03-27T21:53:33.326+0000] {dag.py:3239} INFO - Sync 1 DAGs
[2025-03-27T21:53:33.336+0000] {logging_mixin.py:190} INFO - [2025-03-27T21:53:33.336+0000] {dag.py:4180} INFO - Setting next_dagrun for example_params_trigger_ui to None, run_after=None
[2025-03-27T21:53:33.352+0000] {processor.py:208} INFO - Processing /home/airflow/.local/lib/python3.12/site-packages/airflow/example_dags/example_params_trigger_ui.py took 0.071 seconds
