[2025-07-05T09:42:38.691+0000] {processor.py:186} INFO - Started process (PID=64) to work on /home/airflow/.local/lib/python3.12/site-packages/airflow/example_dags/tutorial_dag.py
[2025-07-05T09:42:38.693+0000] {processor.py:914} INFO - Processing file /home/airflow/.local/lib/python3.12/site-packages/airflow/example_dags/tutorial_dag.py for tasks to queue
[2025-07-05T09:42:38.696+0000] {logging_mixin.py:190} INFO - [2025-07-05T09:42:38.696+0000] {dagbag.py:588} INFO - Filling up the DagBag from /home/airflow/.local/lib/python3.12/site-packages/airflow/example_dags/tutorial_dag.py
[2025-07-05T09:42:38.711+0000] {processor.py:925} INFO - DAG(s) 'tutorial_dag' retrieved from /home/airflow/.local/lib/python3.12/site-packages/airflow/example_dags/tutorial_dag.py
[2025-07-05T09:42:38.732+0000] {logging_mixin.py:190} INFO - [2025-07-05T09:42:38.731+0000] {dag.py:3239} INFO - Sync 1 DAGs
[2025-07-05T09:42:38.744+0000] {logging_mixin.py:190} INFO - [2025-07-05T09:42:38.744+0000] {dag.py:4180} INFO - Setting next_dagrun for tutorial_dag to None, run_after=None
[2025-07-05T09:42:38.771+0000] {processor.py:208} INFO - Processing /home/airflow/.local/lib/python3.12/site-packages/airflow/example_dags/tutorial_dag.py took 0.086 seconds
[2025-07-05T09:43:08.967+0000] {processor.py:186} INFO - Started process (PID=125) to work on /home/airflow/.local/lib/python3.12/site-packages/airflow/example_dags/tutorial_dag.py
[2025-07-05T09:43:08.968+0000] {processor.py:914} INFO - Processing file /home/airflow/.local/lib/python3.12/site-packages/airflow/example_dags/tutorial_dag.py for tasks to queue
[2025-07-05T09:43:08.970+0000] {logging_mixin.py:190} INFO - [2025-07-05T09:43:08.969+0000] {dagbag.py:588} INFO - Filling up the DagBag from /home/airflow/.local/lib/python3.12/site-packages/airflow/example_dags/tutorial_dag.py
[2025-07-05T09:43:08.974+0000] {processor.py:925} INFO - DAG(s) 'tutorial_dag' retrieved from /home/airflow/.local/lib/python3.12/site-packages/airflow/example_dags/tutorial_dag.py
[2025-07-05T09:43:08.988+0000] {logging_mixin.py:190} INFO - [2025-07-05T09:43:08.988+0000] {dag.py:3239} INFO - Sync 1 DAGs
[2025-07-05T09:43:08.998+0000] {logging_mixin.py:190} INFO - [2025-07-05T09:43:08.998+0000] {dag.py:4180} INFO - Setting next_dagrun for tutorial_dag to None, run_after=None
[2025-07-05T09:43:09.010+0000] {processor.py:208} INFO - Processing /home/airflow/.local/lib/python3.12/site-packages/airflow/example_dags/tutorial_dag.py took 0.049 seconds
[2025-07-05T09:43:56.286+0000] {processor.py:186} INFO - Started process (PID=64) to work on /home/airflow/.local/lib/python3.12/site-packages/airflow/example_dags/tutorial_dag.py
[2025-07-05T09:43:56.288+0000] {processor.py:914} INFO - Processing file /home/airflow/.local/lib/python3.12/site-packages/airflow/example_dags/tutorial_dag.py for tasks to queue
[2025-07-05T09:43:56.294+0000] {logging_mixin.py:190} INFO - [2025-07-05T09:43:56.293+0000] {dagbag.py:588} INFO - Filling up the DagBag from /home/airflow/.local/lib/python3.12/site-packages/airflow/example_dags/tutorial_dag.py
[2025-07-05T09:43:56.319+0000] {processor.py:925} INFO - DAG(s) 'tutorial_dag' retrieved from /home/airflow/.local/lib/python3.12/site-packages/airflow/example_dags/tutorial_dag.py
[2025-07-05T09:43:56.376+0000] {logging_mixin.py:190} INFO - [2025-07-05T09:43:56.376+0000] {dag.py:3239} INFO - Sync 1 DAGs
[2025-07-05T09:43:56.399+0000] {logging_mixin.py:190} INFO - [2025-07-05T09:43:56.399+0000] {dag.py:4180} INFO - Setting next_dagrun for tutorial_dag to None, run_after=None
[2025-07-05T09:43:56.430+0000] {processor.py:208} INFO - Processing /home/airflow/.local/lib/python3.12/site-packages/airflow/example_dags/tutorial_dag.py took 0.154 seconds
[2025-07-05T10:02:26.624+0000] {processor.py:186} INFO - Started process (PID=65) to work on /home/airflow/.local/lib/python3.12/site-packages/airflow/example_dags/tutorial_dag.py
[2025-07-05T10:02:26.639+0000] {processor.py:914} INFO - Processing file /home/airflow/.local/lib/python3.12/site-packages/airflow/example_dags/tutorial_dag.py for tasks to queue
[2025-07-05T10:02:26.645+0000] {logging_mixin.py:190} INFO - [2025-07-05T10:02:26.644+0000] {dagbag.py:588} INFO - Filling up the DagBag from /home/airflow/.local/lib/python3.12/site-packages/airflow/example_dags/tutorial_dag.py
[2025-07-05T10:02:26.664+0000] {processor.py:925} INFO - DAG(s) 'tutorial_dag' retrieved from /home/airflow/.local/lib/python3.12/site-packages/airflow/example_dags/tutorial_dag.py
[2025-07-05T10:02:26.742+0000] {logging_mixin.py:190} INFO - [2025-07-05T10:02:26.742+0000] {dag.py:3239} INFO - Sync 1 DAGs
[2025-07-05T10:02:26.769+0000] {logging_mixin.py:190} INFO - [2025-07-05T10:02:26.769+0000] {dag.py:4180} INFO - Setting next_dagrun for tutorial_dag to None, run_after=None
[2025-07-05T10:02:26.811+0000] {processor.py:208} INFO - Processing /home/airflow/.local/lib/python3.12/site-packages/airflow/example_dags/tutorial_dag.py took 0.217 seconds
[2025-07-05T10:02:57.863+0000] {processor.py:186} INFO - Started process (PID=127) to work on /home/airflow/.local/lib/python3.12/site-packages/airflow/example_dags/tutorial_dag.py
[2025-07-05T10:02:57.869+0000] {processor.py:914} INFO - Processing file /home/airflow/.local/lib/python3.12/site-packages/airflow/example_dags/tutorial_dag.py for tasks to queue
[2025-07-05T10:02:57.872+0000] {logging_mixin.py:190} INFO - [2025-07-05T10:02:57.872+0000] {dagbag.py:588} INFO - Filling up the DagBag from /home/airflow/.local/lib/python3.12/site-packages/airflow/example_dags/tutorial_dag.py
[2025-07-05T10:02:57.890+0000] {processor.py:925} INFO - DAG(s) 'tutorial_dag' retrieved from /home/airflow/.local/lib/python3.12/site-packages/airflow/example_dags/tutorial_dag.py
[2025-07-05T10:02:57.926+0000] {logging_mixin.py:190} INFO - [2025-07-05T10:02:57.926+0000] {dag.py:3239} INFO - Sync 1 DAGs
[2025-07-05T10:02:57.941+0000] {logging_mixin.py:190} INFO - [2025-07-05T10:02:57.941+0000] {dag.py:4180} INFO - Setting next_dagrun for tutorial_dag to None, run_after=None
[2025-07-05T10:02:57.962+0000] {processor.py:208} INFO - Processing /home/airflow/.local/lib/python3.12/site-packages/airflow/example_dags/tutorial_dag.py took 0.112 seconds
[2025-07-05T10:03:28.767+0000] {processor.py:186} INFO - Started process (PID=189) to work on /home/airflow/.local/lib/python3.12/site-packages/airflow/example_dags/tutorial_dag.py
[2025-07-05T10:03:28.769+0000] {processor.py:914} INFO - Processing file /home/airflow/.local/lib/python3.12/site-packages/airflow/example_dags/tutorial_dag.py for tasks to queue
[2025-07-05T10:03:28.773+0000] {logging_mixin.py:190} INFO - [2025-07-05T10:03:28.773+0000] {dagbag.py:588} INFO - Filling up the DagBag from /home/airflow/.local/lib/python3.12/site-packages/airflow/example_dags/tutorial_dag.py
[2025-07-05T10:03:28.784+0000] {processor.py:925} INFO - DAG(s) 'tutorial_dag' retrieved from /home/airflow/.local/lib/python3.12/site-packages/airflow/example_dags/tutorial_dag.py
[2025-07-05T10:03:28.805+0000] {logging_mixin.py:190} INFO - [2025-07-05T10:03:28.805+0000] {dag.py:3239} INFO - Sync 1 DAGs
[2025-07-05T10:03:28.820+0000] {logging_mixin.py:190} INFO - [2025-07-05T10:03:28.820+0000] {dag.py:4180} INFO - Setting next_dagrun for tutorial_dag to None, run_after=None
[2025-07-05T10:03:28.832+0000] {processor.py:208} INFO - Processing /home/airflow/.local/lib/python3.12/site-packages/airflow/example_dags/tutorial_dag.py took 0.072 seconds
[2025-07-05T10:03:59.669+0000] {processor.py:186} INFO - Started process (PID=251) to work on /home/airflow/.local/lib/python3.12/site-packages/airflow/example_dags/tutorial_dag.py
[2025-07-05T10:03:59.679+0000] {processor.py:914} INFO - Processing file /home/airflow/.local/lib/python3.12/site-packages/airflow/example_dags/tutorial_dag.py for tasks to queue
[2025-07-05T10:03:59.708+0000] {logging_mixin.py:190} INFO - [2025-07-05T10:03:59.698+0000] {dagbag.py:588} INFO - Filling up the DagBag from /home/airflow/.local/lib/python3.12/site-packages/airflow/example_dags/tutorial_dag.py
[2025-07-05T10:03:59.828+0000] {processor.py:925} INFO - DAG(s) 'tutorial_dag' retrieved from /home/airflow/.local/lib/python3.12/site-packages/airflow/example_dags/tutorial_dag.py
[2025-07-05T10:03:59.905+0000] {logging_mixin.py:190} INFO - [2025-07-05T10:03:59.905+0000] {dag.py:3239} INFO - Sync 1 DAGs
[2025-07-05T10:03:59.939+0000] {logging_mixin.py:190} INFO - [2025-07-05T10:03:59.939+0000] {dag.py:4180} INFO - Setting next_dagrun for tutorial_dag to None, run_after=None
[2025-07-05T10:03:59.959+0000] {processor.py:208} INFO - Processing /home/airflow/.local/lib/python3.12/site-packages/airflow/example_dags/tutorial_dag.py took 0.296 seconds
[2025-07-05T10:04:30.487+0000] {processor.py:186} INFO - Started process (PID=313) to work on /home/airflow/.local/lib/python3.12/site-packages/airflow/example_dags/tutorial_dag.py
[2025-07-05T10:04:30.491+0000] {processor.py:914} INFO - Processing file /home/airflow/.local/lib/python3.12/site-packages/airflow/example_dags/tutorial_dag.py for tasks to queue
[2025-07-05T10:04:30.495+0000] {logging_mixin.py:190} INFO - [2025-07-05T10:04:30.494+0000] {dagbag.py:588} INFO - Filling up the DagBag from /home/airflow/.local/lib/python3.12/site-packages/airflow/example_dags/tutorial_dag.py
[2025-07-05T10:04:30.504+0000] {processor.py:925} INFO - DAG(s) 'tutorial_dag' retrieved from /home/airflow/.local/lib/python3.12/site-packages/airflow/example_dags/tutorial_dag.py
[2025-07-05T10:04:30.522+0000] {logging_mixin.py:190} INFO - [2025-07-05T10:04:30.522+0000] {dag.py:3239} INFO - Sync 1 DAGs
[2025-07-05T10:04:30.532+0000] {logging_mixin.py:190} INFO - [2025-07-05T10:04:30.531+0000] {dag.py:4180} INFO - Setting next_dagrun for tutorial_dag to None, run_after=None
[2025-07-05T10:04:30.545+0000] {processor.py:208} INFO - Processing /home/airflow/.local/lib/python3.12/site-packages/airflow/example_dags/tutorial_dag.py took 0.067 seconds
[2025-07-05T10:05:00.840+0000] {processor.py:186} INFO - Started process (PID=375) to work on /home/airflow/.local/lib/python3.12/site-packages/airflow/example_dags/tutorial_dag.py
[2025-07-05T10:05:00.842+0000] {processor.py:914} INFO - Processing file /home/airflow/.local/lib/python3.12/site-packages/airflow/example_dags/tutorial_dag.py for tasks to queue
[2025-07-05T10:05:00.848+0000] {logging_mixin.py:190} INFO - [2025-07-05T10:05:00.848+0000] {dagbag.py:588} INFO - Filling up the DagBag from /home/airflow/.local/lib/python3.12/site-packages/airflow/example_dags/tutorial_dag.py
[2025-07-05T10:05:00.855+0000] {processor.py:925} INFO - DAG(s) 'tutorial_dag' retrieved from /home/airflow/.local/lib/python3.12/site-packages/airflow/example_dags/tutorial_dag.py
[2025-07-05T10:05:00.877+0000] {logging_mixin.py:190} INFO - [2025-07-05T10:05:00.877+0000] {dag.py:3239} INFO - Sync 1 DAGs
[2025-07-05T10:05:00.888+0000] {logging_mixin.py:190} INFO - [2025-07-05T10:05:00.888+0000] {dag.py:4180} INFO - Setting next_dagrun for tutorial_dag to None, run_after=None
[2025-07-05T10:05:00.907+0000] {processor.py:208} INFO - Processing /home/airflow/.local/lib/python3.12/site-packages/airflow/example_dags/tutorial_dag.py took 0.073 seconds
[2025-07-05T10:05:31.776+0000] {processor.py:186} INFO - Started process (PID=437) to work on /home/airflow/.local/lib/python3.12/site-packages/airflow/example_dags/tutorial_dag.py
[2025-07-05T10:05:31.780+0000] {processor.py:914} INFO - Processing file /home/airflow/.local/lib/python3.12/site-packages/airflow/example_dags/tutorial_dag.py for tasks to queue
[2025-07-05T10:05:31.784+0000] {logging_mixin.py:190} INFO - [2025-07-05T10:05:31.783+0000] {dagbag.py:588} INFO - Filling up the DagBag from /home/airflow/.local/lib/python3.12/site-packages/airflow/example_dags/tutorial_dag.py
[2025-07-05T10:05:31.789+0000] {processor.py:925} INFO - DAG(s) 'tutorial_dag' retrieved from /home/airflow/.local/lib/python3.12/site-packages/airflow/example_dags/tutorial_dag.py
[2025-07-05T10:05:31.804+0000] {logging_mixin.py:190} INFO - [2025-07-05T10:05:31.804+0000] {dag.py:3239} INFO - Sync 1 DAGs
[2025-07-05T10:05:31.812+0000] {logging_mixin.py:190} INFO - [2025-07-05T10:05:31.812+0000] {dag.py:4180} INFO - Setting next_dagrun for tutorial_dag to None, run_after=None
[2025-07-05T10:05:31.822+0000] {processor.py:208} INFO - Processing /home/airflow/.local/lib/python3.12/site-packages/airflow/example_dags/tutorial_dag.py took 0.053 seconds
[2025-07-05T10:06:02.613+0000] {processor.py:186} INFO - Started process (PID=499) to work on /home/airflow/.local/lib/python3.12/site-packages/airflow/example_dags/tutorial_dag.py
[2025-07-05T10:06:02.618+0000] {processor.py:914} INFO - Processing file /home/airflow/.local/lib/python3.12/site-packages/airflow/example_dags/tutorial_dag.py for tasks to queue
[2025-07-05T10:06:02.621+0000] {logging_mixin.py:190} INFO - [2025-07-05T10:06:02.621+0000] {dagbag.py:588} INFO - Filling up the DagBag from /home/airflow/.local/lib/python3.12/site-packages/airflow/example_dags/tutorial_dag.py
[2025-07-05T10:06:02.639+0000] {processor.py:925} INFO - DAG(s) 'tutorial_dag' retrieved from /home/airflow/.local/lib/python3.12/site-packages/airflow/example_dags/tutorial_dag.py
[2025-07-05T10:06:02.675+0000] {logging_mixin.py:190} INFO - [2025-07-05T10:06:02.675+0000] {dag.py:3239} INFO - Sync 1 DAGs
[2025-07-05T10:06:02.696+0000] {logging_mixin.py:190} INFO - [2025-07-05T10:06:02.696+0000] {dag.py:4180} INFO - Setting next_dagrun for tutorial_dag to None, run_after=None
[2025-07-05T10:06:02.708+0000] {processor.py:208} INFO - Processing /home/airflow/.local/lib/python3.12/site-packages/airflow/example_dags/tutorial_dag.py took 0.102 seconds
[2025-07-05T10:06:32.762+0000] {processor.py:186} INFO - Started process (PID=560) to work on /home/airflow/.local/lib/python3.12/site-packages/airflow/example_dags/tutorial_dag.py
[2025-07-05T10:06:32.763+0000] {processor.py:914} INFO - Processing file /home/airflow/.local/lib/python3.12/site-packages/airflow/example_dags/tutorial_dag.py for tasks to queue
[2025-07-05T10:06:32.765+0000] {logging_mixin.py:190} INFO - [2025-07-05T10:06:32.765+0000] {dagbag.py:588} INFO - Filling up the DagBag from /home/airflow/.local/lib/python3.12/site-packages/airflow/example_dags/tutorial_dag.py
[2025-07-05T10:06:32.769+0000] {processor.py:925} INFO - DAG(s) 'tutorial_dag' retrieved from /home/airflow/.local/lib/python3.12/site-packages/airflow/example_dags/tutorial_dag.py
[2025-07-05T10:06:32.784+0000] {logging_mixin.py:190} INFO - [2025-07-05T10:06:32.784+0000] {dag.py:3239} INFO - Sync 1 DAGs
[2025-07-05T10:06:32.790+0000] {logging_mixin.py:190} INFO - [2025-07-05T10:06:32.790+0000] {dag.py:4180} INFO - Setting next_dagrun for tutorial_dag to None, run_after=None
[2025-07-05T10:06:32.798+0000] {processor.py:208} INFO - Processing /home/airflow/.local/lib/python3.12/site-packages/airflow/example_dags/tutorial_dag.py took 0.040 seconds
[2025-07-05T10:07:03.462+0000] {processor.py:186} INFO - Started process (PID=622) to work on /home/airflow/.local/lib/python3.12/site-packages/airflow/example_dags/tutorial_dag.py
[2025-07-05T10:07:03.463+0000] {processor.py:914} INFO - Processing file /home/airflow/.local/lib/python3.12/site-packages/airflow/example_dags/tutorial_dag.py for tasks to queue
[2025-07-05T10:07:03.464+0000] {logging_mixin.py:190} INFO - [2025-07-05T10:07:03.464+0000] {dagbag.py:588} INFO - Filling up the DagBag from /home/airflow/.local/lib/python3.12/site-packages/airflow/example_dags/tutorial_dag.py
[2025-07-05T10:07:03.469+0000] {processor.py:925} INFO - DAG(s) 'tutorial_dag' retrieved from /home/airflow/.local/lib/python3.12/site-packages/airflow/example_dags/tutorial_dag.py
[2025-07-05T10:07:03.483+0000] {logging_mixin.py:190} INFO - [2025-07-05T10:07:03.483+0000] {dag.py:3239} INFO - Sync 1 DAGs
[2025-07-05T10:07:03.492+0000] {logging_mixin.py:190} INFO - [2025-07-05T10:07:03.492+0000] {dag.py:4180} INFO - Setting next_dagrun for tutorial_dag to None, run_after=None
[2025-07-05T10:07:03.507+0000] {processor.py:208} INFO - Processing /home/airflow/.local/lib/python3.12/site-packages/airflow/example_dags/tutorial_dag.py took 0.048 seconds
[2025-07-05T10:07:34.550+0000] {processor.py:186} INFO - Started process (PID=684) to work on /home/airflow/.local/lib/python3.12/site-packages/airflow/example_dags/tutorial_dag.py
[2025-07-05T10:07:34.551+0000] {processor.py:914} INFO - Processing file /home/airflow/.local/lib/python3.12/site-packages/airflow/example_dags/tutorial_dag.py for tasks to queue
[2025-07-05T10:07:34.553+0000] {logging_mixin.py:190} INFO - [2025-07-05T10:07:34.553+0000] {dagbag.py:588} INFO - Filling up the DagBag from /home/airflow/.local/lib/python3.12/site-packages/airflow/example_dags/tutorial_dag.py
[2025-07-05T10:07:34.557+0000] {processor.py:925} INFO - DAG(s) 'tutorial_dag' retrieved from /home/airflow/.local/lib/python3.12/site-packages/airflow/example_dags/tutorial_dag.py
[2025-07-05T10:07:34.568+0000] {logging_mixin.py:190} INFO - [2025-07-05T10:07:34.568+0000] {dag.py:3239} INFO - Sync 1 DAGs
[2025-07-05T10:07:34.579+0000] {logging_mixin.py:190} INFO - [2025-07-05T10:07:34.579+0000] {dag.py:4180} INFO - Setting next_dagrun for tutorial_dag to None, run_after=None
[2025-07-05T10:07:34.592+0000] {processor.py:208} INFO - Processing /home/airflow/.local/lib/python3.12/site-packages/airflow/example_dags/tutorial_dag.py took 0.050 seconds
[2025-07-05T10:08:04.823+0000] {processor.py:186} INFO - Started process (PID=746) to work on /home/airflow/.local/lib/python3.12/site-packages/airflow/example_dags/tutorial_dag.py
[2025-07-05T10:08:04.824+0000] {processor.py:914} INFO - Processing file /home/airflow/.local/lib/python3.12/site-packages/airflow/example_dags/tutorial_dag.py for tasks to queue
[2025-07-05T10:08:04.826+0000] {logging_mixin.py:190} INFO - [2025-07-05T10:08:04.826+0000] {dagbag.py:588} INFO - Filling up the DagBag from /home/airflow/.local/lib/python3.12/site-packages/airflow/example_dags/tutorial_dag.py
[2025-07-05T10:08:04.834+0000] {processor.py:925} INFO - DAG(s) 'tutorial_dag' retrieved from /home/airflow/.local/lib/python3.12/site-packages/airflow/example_dags/tutorial_dag.py
[2025-07-05T10:08:04.847+0000] {logging_mixin.py:190} INFO - [2025-07-05T10:08:04.847+0000] {dag.py:3239} INFO - Sync 1 DAGs
[2025-07-05T10:08:04.853+0000] {logging_mixin.py:190} INFO - [2025-07-05T10:08:04.853+0000] {dag.py:4180} INFO - Setting next_dagrun for tutorial_dag to None, run_after=None
[2025-07-05T10:08:04.865+0000] {processor.py:208} INFO - Processing /home/airflow/.local/lib/python3.12/site-packages/airflow/example_dags/tutorial_dag.py took 0.047 seconds
[2025-07-05T10:08:35.746+0000] {processor.py:186} INFO - Started process (PID=808) to work on /home/airflow/.local/lib/python3.12/site-packages/airflow/example_dags/tutorial_dag.py
[2025-07-05T10:08:35.747+0000] {processor.py:914} INFO - Processing file /home/airflow/.local/lib/python3.12/site-packages/airflow/example_dags/tutorial_dag.py for tasks to queue
[2025-07-05T10:08:35.748+0000] {logging_mixin.py:190} INFO - [2025-07-05T10:08:35.748+0000] {dagbag.py:588} INFO - Filling up the DagBag from /home/airflow/.local/lib/python3.12/site-packages/airflow/example_dags/tutorial_dag.py
[2025-07-05T10:08:35.756+0000] {processor.py:925} INFO - DAG(s) 'tutorial_dag' retrieved from /home/airflow/.local/lib/python3.12/site-packages/airflow/example_dags/tutorial_dag.py
[2025-07-05T10:08:35.768+0000] {logging_mixin.py:190} INFO - [2025-07-05T10:08:35.768+0000] {dag.py:3239} INFO - Sync 1 DAGs
[2025-07-05T10:08:35.776+0000] {logging_mixin.py:190} INFO - [2025-07-05T10:08:35.776+0000] {dag.py:4180} INFO - Setting next_dagrun for tutorial_dag to None, run_after=None
[2025-07-05T10:08:35.786+0000] {processor.py:208} INFO - Processing /home/airflow/.local/lib/python3.12/site-packages/airflow/example_dags/tutorial_dag.py took 0.044 seconds
[2025-07-05T10:09:05.983+0000] {processor.py:186} INFO - Started process (PID=870) to work on /home/airflow/.local/lib/python3.12/site-packages/airflow/example_dags/tutorial_dag.py
[2025-07-05T10:09:05.984+0000] {processor.py:914} INFO - Processing file /home/airflow/.local/lib/python3.12/site-packages/airflow/example_dags/tutorial_dag.py for tasks to queue
[2025-07-05T10:09:05.985+0000] {logging_mixin.py:190} INFO - [2025-07-05T10:09:05.985+0000] {dagbag.py:588} INFO - Filling up the DagBag from /home/airflow/.local/lib/python3.12/site-packages/airflow/example_dags/tutorial_dag.py
[2025-07-05T10:09:05.989+0000] {processor.py:925} INFO - DAG(s) 'tutorial_dag' retrieved from /home/airflow/.local/lib/python3.12/site-packages/airflow/example_dags/tutorial_dag.py
[2025-07-05T10:09:06.002+0000] {logging_mixin.py:190} INFO - [2025-07-05T10:09:06.001+0000] {dag.py:3239} INFO - Sync 1 DAGs
[2025-07-05T10:09:06.011+0000] {logging_mixin.py:190} INFO - [2025-07-05T10:09:06.010+0000] {dag.py:4180} INFO - Setting next_dagrun for tutorial_dag to None, run_after=None
[2025-07-05T10:09:06.024+0000] {processor.py:208} INFO - Processing /home/airflow/.local/lib/python3.12/site-packages/airflow/example_dags/tutorial_dag.py took 0.044 seconds
[2025-07-05T10:09:36.791+0000] {processor.py:186} INFO - Started process (PID=932) to work on /home/airflow/.local/lib/python3.12/site-packages/airflow/example_dags/tutorial_dag.py
[2025-07-05T10:09:36.792+0000] {processor.py:914} INFO - Processing file /home/airflow/.local/lib/python3.12/site-packages/airflow/example_dags/tutorial_dag.py for tasks to queue
[2025-07-05T10:09:36.793+0000] {logging_mixin.py:190} INFO - [2025-07-05T10:09:36.793+0000] {dagbag.py:588} INFO - Filling up the DagBag from /home/airflow/.local/lib/python3.12/site-packages/airflow/example_dags/tutorial_dag.py
[2025-07-05T10:09:36.797+0000] {processor.py:925} INFO - DAG(s) 'tutorial_dag' retrieved from /home/airflow/.local/lib/python3.12/site-packages/airflow/example_dags/tutorial_dag.py
[2025-07-05T10:09:36.809+0000] {logging_mixin.py:190} INFO - [2025-07-05T10:09:36.809+0000] {dag.py:3239} INFO - Sync 1 DAGs
[2025-07-05T10:09:36.816+0000] {logging_mixin.py:190} INFO - [2025-07-05T10:09:36.816+0000] {dag.py:4180} INFO - Setting next_dagrun for tutorial_dag to None, run_after=None
[2025-07-05T10:09:36.828+0000] {processor.py:208} INFO - Processing /home/airflow/.local/lib/python3.12/site-packages/airflow/example_dags/tutorial_dag.py took 0.039 seconds
[2025-07-05T10:10:07.368+0000] {processor.py:186} INFO - Started process (PID=994) to work on /home/airflow/.local/lib/python3.12/site-packages/airflow/example_dags/tutorial_dag.py
[2025-07-05T10:10:07.370+0000] {processor.py:914} INFO - Processing file /home/airflow/.local/lib/python3.12/site-packages/airflow/example_dags/tutorial_dag.py for tasks to queue
[2025-07-05T10:10:07.371+0000] {logging_mixin.py:190} INFO - [2025-07-05T10:10:07.371+0000] {dagbag.py:588} INFO - Filling up the DagBag from /home/airflow/.local/lib/python3.12/site-packages/airflow/example_dags/tutorial_dag.py
[2025-07-05T10:10:07.375+0000] {processor.py:925} INFO - DAG(s) 'tutorial_dag' retrieved from /home/airflow/.local/lib/python3.12/site-packages/airflow/example_dags/tutorial_dag.py
[2025-07-05T10:10:07.385+0000] {logging_mixin.py:190} INFO - [2025-07-05T10:10:07.385+0000] {dag.py:3239} INFO - Sync 1 DAGs
[2025-07-05T10:10:07.393+0000] {logging_mixin.py:190} INFO - [2025-07-05T10:10:07.393+0000] {dag.py:4180} INFO - Setting next_dagrun for tutorial_dag to None, run_after=None
[2025-07-05T10:10:07.405+0000] {processor.py:208} INFO - Processing /home/airflow/.local/lib/python3.12/site-packages/airflow/example_dags/tutorial_dag.py took 0.041 seconds
[2025-07-05T10:10:38.532+0000] {processor.py:186} INFO - Started process (PID=1056) to work on /home/airflow/.local/lib/python3.12/site-packages/airflow/example_dags/tutorial_dag.py
[2025-07-05T10:10:38.534+0000] {processor.py:914} INFO - Processing file /home/airflow/.local/lib/python3.12/site-packages/airflow/example_dags/tutorial_dag.py for tasks to queue
[2025-07-05T10:10:38.535+0000] {logging_mixin.py:190} INFO - [2025-07-05T10:10:38.535+0000] {dagbag.py:588} INFO - Filling up the DagBag from /home/airflow/.local/lib/python3.12/site-packages/airflow/example_dags/tutorial_dag.py
[2025-07-05T10:10:38.539+0000] {processor.py:925} INFO - DAG(s) 'tutorial_dag' retrieved from /home/airflow/.local/lib/python3.12/site-packages/airflow/example_dags/tutorial_dag.py
[2025-07-05T10:10:38.557+0000] {logging_mixin.py:190} INFO - [2025-07-05T10:10:38.557+0000] {dag.py:3239} INFO - Sync 1 DAGs
[2025-07-05T10:10:38.574+0000] {logging_mixin.py:190} INFO - [2025-07-05T10:10:38.574+0000] {dag.py:4180} INFO - Setting next_dagrun for tutorial_dag to None, run_after=None
[2025-07-05T10:10:38.588+0000] {processor.py:208} INFO - Processing /home/airflow/.local/lib/python3.12/site-packages/airflow/example_dags/tutorial_dag.py took 0.059 seconds
[2025-07-05T10:11:09.606+0000] {processor.py:186} INFO - Started process (PID=1118) to work on /home/airflow/.local/lib/python3.12/site-packages/airflow/example_dags/tutorial_dag.py
[2025-07-05T10:11:09.606+0000] {processor.py:914} INFO - Processing file /home/airflow/.local/lib/python3.12/site-packages/airflow/example_dags/tutorial_dag.py for tasks to queue
[2025-07-05T10:11:09.608+0000] {logging_mixin.py:190} INFO - [2025-07-05T10:11:09.608+0000] {dagbag.py:588} INFO - Filling up the DagBag from /home/airflow/.local/lib/python3.12/site-packages/airflow/example_dags/tutorial_dag.py
[2025-07-05T10:11:09.614+0000] {processor.py:925} INFO - DAG(s) 'tutorial_dag' retrieved from /home/airflow/.local/lib/python3.12/site-packages/airflow/example_dags/tutorial_dag.py
[2025-07-05T10:11:09.624+0000] {logging_mixin.py:190} INFO - [2025-07-05T10:11:09.624+0000] {dag.py:3239} INFO - Sync 1 DAGs
[2025-07-05T10:11:09.631+0000] {logging_mixin.py:190} INFO - [2025-07-05T10:11:09.631+0000] {dag.py:4180} INFO - Setting next_dagrun for tutorial_dag to None, run_after=None
[2025-07-05T10:11:09.647+0000] {processor.py:208} INFO - Processing /home/airflow/.local/lib/python3.12/site-packages/airflow/example_dags/tutorial_dag.py took 0.045 seconds
[2025-07-05T10:11:40.408+0000] {processor.py:186} INFO - Started process (PID=1180) to work on /home/airflow/.local/lib/python3.12/site-packages/airflow/example_dags/tutorial_dag.py
[2025-07-05T10:11:40.409+0000] {processor.py:914} INFO - Processing file /home/airflow/.local/lib/python3.12/site-packages/airflow/example_dags/tutorial_dag.py for tasks to queue
[2025-07-05T10:11:40.410+0000] {logging_mixin.py:190} INFO - [2025-07-05T10:11:40.410+0000] {dagbag.py:588} INFO - Filling up the DagBag from /home/airflow/.local/lib/python3.12/site-packages/airflow/example_dags/tutorial_dag.py
[2025-07-05T10:11:40.420+0000] {processor.py:925} INFO - DAG(s) 'tutorial_dag' retrieved from /home/airflow/.local/lib/python3.12/site-packages/airflow/example_dags/tutorial_dag.py
[2025-07-05T10:11:40.434+0000] {logging_mixin.py:190} INFO - [2025-07-05T10:11:40.434+0000] {dag.py:3239} INFO - Sync 1 DAGs
[2025-07-05T10:11:40.442+0000] {logging_mixin.py:190} INFO - [2025-07-05T10:11:40.442+0000] {dag.py:4180} INFO - Setting next_dagrun for tutorial_dag to None, run_after=None
[2025-07-05T10:11:40.453+0000] {processor.py:208} INFO - Processing /home/airflow/.local/lib/python3.12/site-packages/airflow/example_dags/tutorial_dag.py took 0.065 seconds
[2025-07-05T10:12:11.045+0000] {processor.py:186} INFO - Started process (PID=1242) to work on /home/airflow/.local/lib/python3.12/site-packages/airflow/example_dags/tutorial_dag.py
[2025-07-05T10:12:11.048+0000] {processor.py:914} INFO - Processing file /home/airflow/.local/lib/python3.12/site-packages/airflow/example_dags/tutorial_dag.py for tasks to queue
[2025-07-05T10:12:11.050+0000] {logging_mixin.py:190} INFO - [2025-07-05T10:12:11.050+0000] {dagbag.py:588} INFO - Filling up the DagBag from /home/airflow/.local/lib/python3.12/site-packages/airflow/example_dags/tutorial_dag.py
[2025-07-05T10:12:11.054+0000] {processor.py:925} INFO - DAG(s) 'tutorial_dag' retrieved from /home/airflow/.local/lib/python3.12/site-packages/airflow/example_dags/tutorial_dag.py
[2025-07-05T10:12:11.066+0000] {logging_mixin.py:190} INFO - [2025-07-05T10:12:11.066+0000] {dag.py:3239} INFO - Sync 1 DAGs
[2025-07-05T10:12:11.073+0000] {logging_mixin.py:190} INFO - [2025-07-05T10:12:11.073+0000] {dag.py:4180} INFO - Setting next_dagrun for tutorial_dag to None, run_after=None
[2025-07-05T10:12:11.082+0000] {processor.py:208} INFO - Processing /home/airflow/.local/lib/python3.12/site-packages/airflow/example_dags/tutorial_dag.py took 0.041 seconds
[2025-07-05T10:12:41.560+0000] {processor.py:186} INFO - Started process (PID=1304) to work on /home/airflow/.local/lib/python3.12/site-packages/airflow/example_dags/tutorial_dag.py
[2025-07-05T10:12:41.563+0000] {processor.py:914} INFO - Processing file /home/airflow/.local/lib/python3.12/site-packages/airflow/example_dags/tutorial_dag.py for tasks to queue
[2025-07-05T10:12:41.565+0000] {logging_mixin.py:190} INFO - [2025-07-05T10:12:41.564+0000] {dagbag.py:588} INFO - Filling up the DagBag from /home/airflow/.local/lib/python3.12/site-packages/airflow/example_dags/tutorial_dag.py
[2025-07-05T10:12:41.569+0000] {processor.py:925} INFO - DAG(s) 'tutorial_dag' retrieved from /home/airflow/.local/lib/python3.12/site-packages/airflow/example_dags/tutorial_dag.py
[2025-07-05T10:12:41.578+0000] {logging_mixin.py:190} INFO - [2025-07-05T10:12:41.578+0000] {dag.py:3239} INFO - Sync 1 DAGs
[2025-07-05T10:12:41.585+0000] {logging_mixin.py:190} INFO - [2025-07-05T10:12:41.585+0000] {dag.py:4180} INFO - Setting next_dagrun for tutorial_dag to None, run_after=None
[2025-07-05T10:12:41.594+0000] {processor.py:208} INFO - Processing /home/airflow/.local/lib/python3.12/site-packages/airflow/example_dags/tutorial_dag.py took 0.037 seconds
[2025-07-05T10:13:12.251+0000] {processor.py:186} INFO - Started process (PID=1366) to work on /home/airflow/.local/lib/python3.12/site-packages/airflow/example_dags/tutorial_dag.py
[2025-07-05T10:13:12.252+0000] {processor.py:914} INFO - Processing file /home/airflow/.local/lib/python3.12/site-packages/airflow/example_dags/tutorial_dag.py for tasks to queue
[2025-07-05T10:13:12.253+0000] {logging_mixin.py:190} INFO - [2025-07-05T10:13:12.253+0000] {dagbag.py:588} INFO - Filling up the DagBag from /home/airflow/.local/lib/python3.12/site-packages/airflow/example_dags/tutorial_dag.py
[2025-07-05T10:13:12.257+0000] {processor.py:925} INFO - DAG(s) 'tutorial_dag' retrieved from /home/airflow/.local/lib/python3.12/site-packages/airflow/example_dags/tutorial_dag.py
[2025-07-05T10:13:12.270+0000] {logging_mixin.py:190} INFO - [2025-07-05T10:13:12.270+0000] {dag.py:3239} INFO - Sync 1 DAGs
[2025-07-05T10:13:12.280+0000] {logging_mixin.py:190} INFO - [2025-07-05T10:13:12.280+0000] {dag.py:4180} INFO - Setting next_dagrun for tutorial_dag to None, run_after=None
[2025-07-05T10:13:12.290+0000] {processor.py:208} INFO - Processing /home/airflow/.local/lib/python3.12/site-packages/airflow/example_dags/tutorial_dag.py took 0.042 seconds
[2025-07-05T10:13:42.994+0000] {processor.py:186} INFO - Started process (PID=1428) to work on /home/airflow/.local/lib/python3.12/site-packages/airflow/example_dags/tutorial_dag.py
[2025-07-05T10:13:42.995+0000] {processor.py:914} INFO - Processing file /home/airflow/.local/lib/python3.12/site-packages/airflow/example_dags/tutorial_dag.py for tasks to queue
[2025-07-05T10:13:42.996+0000] {logging_mixin.py:190} INFO - [2025-07-05T10:13:42.996+0000] {dagbag.py:588} INFO - Filling up the DagBag from /home/airflow/.local/lib/python3.12/site-packages/airflow/example_dags/tutorial_dag.py
[2025-07-05T10:13:43.001+0000] {processor.py:925} INFO - DAG(s) 'tutorial_dag' retrieved from /home/airflow/.local/lib/python3.12/site-packages/airflow/example_dags/tutorial_dag.py
[2025-07-05T10:13:43.013+0000] {logging_mixin.py:190} INFO - [2025-07-05T10:13:43.013+0000] {dag.py:3239} INFO - Sync 1 DAGs
[2025-07-05T10:13:43.026+0000] {logging_mixin.py:190} INFO - [2025-07-05T10:13:43.025+0000] {dag.py:4180} INFO - Setting next_dagrun for tutorial_dag to None, run_after=None
[2025-07-05T10:13:43.037+0000] {processor.py:208} INFO - Processing /home/airflow/.local/lib/python3.12/site-packages/airflow/example_dags/tutorial_dag.py took 0.047 seconds
[2025-07-05T10:14:14.809+0000] {processor.py:186} INFO - Started process (PID=1490) to work on /home/airflow/.local/lib/python3.12/site-packages/airflow/example_dags/tutorial_dag.py
[2025-07-05T10:14:14.811+0000] {processor.py:914} INFO - Processing file /home/airflow/.local/lib/python3.12/site-packages/airflow/example_dags/tutorial_dag.py for tasks to queue
[2025-07-05T10:14:14.821+0000] {logging_mixin.py:190} INFO - [2025-07-05T10:14:14.820+0000] {dagbag.py:588} INFO - Filling up the DagBag from /home/airflow/.local/lib/python3.12/site-packages/airflow/example_dags/tutorial_dag.py
[2025-07-05T10:14:14.834+0000] {processor.py:925} INFO - DAG(s) 'tutorial_dag' retrieved from /home/airflow/.local/lib/python3.12/site-packages/airflow/example_dags/tutorial_dag.py
[2025-07-05T10:14:14.875+0000] {logging_mixin.py:190} INFO - [2025-07-05T10:14:14.874+0000] {dag.py:3239} INFO - Sync 1 DAGs
[2025-07-05T10:14:14.919+0000] {logging_mixin.py:190} INFO - [2025-07-05T10:14:14.918+0000] {dag.py:4180} INFO - Setting next_dagrun for tutorial_dag to None, run_after=None
[2025-07-05T10:14:14.948+0000] {processor.py:208} INFO - Processing /home/airflow/.local/lib/python3.12/site-packages/airflow/example_dags/tutorial_dag.py took 0.144 seconds
[2025-07-05T10:14:45.482+0000] {processor.py:186} INFO - Started process (PID=1552) to work on /home/airflow/.local/lib/python3.12/site-packages/airflow/example_dags/tutorial_dag.py
[2025-07-05T10:14:45.490+0000] {processor.py:914} INFO - Processing file /home/airflow/.local/lib/python3.12/site-packages/airflow/example_dags/tutorial_dag.py for tasks to queue
[2025-07-05T10:14:45.492+0000] {logging_mixin.py:190} INFO - [2025-07-05T10:14:45.492+0000] {dagbag.py:588} INFO - Filling up the DagBag from /home/airflow/.local/lib/python3.12/site-packages/airflow/example_dags/tutorial_dag.py
[2025-07-05T10:14:45.503+0000] {processor.py:925} INFO - DAG(s) 'tutorial_dag' retrieved from /home/airflow/.local/lib/python3.12/site-packages/airflow/example_dags/tutorial_dag.py
[2025-07-05T10:14:45.547+0000] {logging_mixin.py:190} INFO - [2025-07-05T10:14:45.547+0000] {dag.py:3239} INFO - Sync 1 DAGs
[2025-07-05T10:14:45.578+0000] {logging_mixin.py:190} INFO - [2025-07-05T10:14:45.577+0000] {dag.py:4180} INFO - Setting next_dagrun for tutorial_dag to None, run_after=None
[2025-07-05T10:14:45.606+0000] {processor.py:208} INFO - Processing /home/airflow/.local/lib/python3.12/site-packages/airflow/example_dags/tutorial_dag.py took 0.131 seconds
[2025-07-05T10:15:16.565+0000] {processor.py:186} INFO - Started process (PID=1615) to work on /home/airflow/.local/lib/python3.12/site-packages/airflow/example_dags/tutorial_dag.py
[2025-07-05T10:15:16.567+0000] {processor.py:914} INFO - Processing file /home/airflow/.local/lib/python3.12/site-packages/airflow/example_dags/tutorial_dag.py for tasks to queue
[2025-07-05T10:15:16.569+0000] {logging_mixin.py:190} INFO - [2025-07-05T10:15:16.569+0000] {dagbag.py:588} INFO - Filling up the DagBag from /home/airflow/.local/lib/python3.12/site-packages/airflow/example_dags/tutorial_dag.py
[2025-07-05T10:15:16.577+0000] {processor.py:925} INFO - DAG(s) 'tutorial_dag' retrieved from /home/airflow/.local/lib/python3.12/site-packages/airflow/example_dags/tutorial_dag.py
[2025-07-05T10:15:16.602+0000] {logging_mixin.py:190} INFO - [2025-07-05T10:15:16.602+0000] {dag.py:3239} INFO - Sync 1 DAGs
[2025-07-05T10:15:16.620+0000] {logging_mixin.py:190} INFO - [2025-07-05T10:15:16.620+0000] {dag.py:4180} INFO - Setting next_dagrun for tutorial_dag to None, run_after=None
[2025-07-05T10:15:16.638+0000] {processor.py:208} INFO - Processing /home/airflow/.local/lib/python3.12/site-packages/airflow/example_dags/tutorial_dag.py took 0.079 seconds
[2025-07-05T10:15:47.026+0000] {processor.py:186} INFO - Started process (PID=1677) to work on /home/airflow/.local/lib/python3.12/site-packages/airflow/example_dags/tutorial_dag.py
[2025-07-05T10:15:47.029+0000] {processor.py:914} INFO - Processing file /home/airflow/.local/lib/python3.12/site-packages/airflow/example_dags/tutorial_dag.py for tasks to queue
[2025-07-05T10:15:47.033+0000] {logging_mixin.py:190} INFO - [2025-07-05T10:15:47.033+0000] {dagbag.py:588} INFO - Filling up the DagBag from /home/airflow/.local/lib/python3.12/site-packages/airflow/example_dags/tutorial_dag.py
[2025-07-05T10:15:47.043+0000] {processor.py:925} INFO - DAG(s) 'tutorial_dag' retrieved from /home/airflow/.local/lib/python3.12/site-packages/airflow/example_dags/tutorial_dag.py
[2025-07-05T10:15:47.064+0000] {logging_mixin.py:190} INFO - [2025-07-05T10:15:47.064+0000] {dag.py:3239} INFO - Sync 1 DAGs
[2025-07-05T10:15:47.080+0000] {logging_mixin.py:190} INFO - [2025-07-05T10:15:47.079+0000] {dag.py:4180} INFO - Setting next_dagrun for tutorial_dag to None, run_after=None
[2025-07-05T10:15:47.095+0000] {processor.py:208} INFO - Processing /home/airflow/.local/lib/python3.12/site-packages/airflow/example_dags/tutorial_dag.py took 0.074 seconds
[2025-07-05T10:16:18.689+0000] {processor.py:186} INFO - Started process (PID=1739) to work on /home/airflow/.local/lib/python3.12/site-packages/airflow/example_dags/tutorial_dag.py
[2025-07-05T10:16:18.750+0000] {processor.py:914} INFO - Processing file /home/airflow/.local/lib/python3.12/site-packages/airflow/example_dags/tutorial_dag.py for tasks to queue
[2025-07-05T10:16:18.863+0000] {logging_mixin.py:190} INFO - [2025-07-05T10:16:18.855+0000] {dagbag.py:588} INFO - Filling up the DagBag from /home/airflow/.local/lib/python3.12/site-packages/airflow/example_dags/tutorial_dag.py
[2025-07-05T10:16:19.402+0000] {processor.py:925} INFO - DAG(s) 'tutorial_dag' retrieved from /home/airflow/.local/lib/python3.12/site-packages/airflow/example_dags/tutorial_dag.py
[2025-07-05T10:16:20.372+0000] {logging_mixin.py:190} INFO - [2025-07-05T10:16:20.361+0000] {dag.py:3239} INFO - Sync 1 DAGs
[2025-07-05T10:16:20.611+0000] {logging_mixin.py:190} INFO - [2025-07-05T10:16:20.606+0000] {dag.py:4180} INFO - Setting next_dagrun for tutorial_dag to None, run_after=None
[2025-07-05T10:16:20.790+0000] {processor.py:208} INFO - Processing /home/airflow/.local/lib/python3.12/site-packages/airflow/example_dags/tutorial_dag.py took 2.338 seconds
[2025-07-05T10:16:51.339+0000] {processor.py:186} INFO - Started process (PID=1801) to work on /home/airflow/.local/lib/python3.12/site-packages/airflow/example_dags/tutorial_dag.py
[2025-07-05T10:16:51.342+0000] {processor.py:914} INFO - Processing file /home/airflow/.local/lib/python3.12/site-packages/airflow/example_dags/tutorial_dag.py for tasks to queue
[2025-07-05T10:16:51.346+0000] {logging_mixin.py:190} INFO - [2025-07-05T10:16:51.345+0000] {dagbag.py:588} INFO - Filling up the DagBag from /home/airflow/.local/lib/python3.12/site-packages/airflow/example_dags/tutorial_dag.py
[2025-07-05T10:16:51.366+0000] {processor.py:925} INFO - DAG(s) 'tutorial_dag' retrieved from /home/airflow/.local/lib/python3.12/site-packages/airflow/example_dags/tutorial_dag.py
[2025-07-05T10:16:51.407+0000] {logging_mixin.py:190} INFO - [2025-07-05T10:16:51.406+0000] {dag.py:3239} INFO - Sync 1 DAGs
[2025-07-05T10:16:51.421+0000] {logging_mixin.py:190} INFO - [2025-07-05T10:16:51.421+0000] {dag.py:4180} INFO - Setting next_dagrun for tutorial_dag to None, run_after=None
[2025-07-05T10:16:51.440+0000] {processor.py:208} INFO - Processing /home/airflow/.local/lib/python3.12/site-packages/airflow/example_dags/tutorial_dag.py took 0.117 seconds
[2025-07-05T10:17:21.933+0000] {processor.py:186} INFO - Started process (PID=1863) to work on /home/airflow/.local/lib/python3.12/site-packages/airflow/example_dags/tutorial_dag.py
[2025-07-05T10:17:21.935+0000] {processor.py:914} INFO - Processing file /home/airflow/.local/lib/python3.12/site-packages/airflow/example_dags/tutorial_dag.py for tasks to queue
[2025-07-05T10:17:21.938+0000] {logging_mixin.py:190} INFO - [2025-07-05T10:17:21.938+0000] {dagbag.py:588} INFO - Filling up the DagBag from /home/airflow/.local/lib/python3.12/site-packages/airflow/example_dags/tutorial_dag.py
[2025-07-05T10:17:21.961+0000] {processor.py:925} INFO - DAG(s) 'tutorial_dag' retrieved from /home/airflow/.local/lib/python3.12/site-packages/airflow/example_dags/tutorial_dag.py
[2025-07-05T10:17:21.998+0000] {logging_mixin.py:190} INFO - [2025-07-05T10:17:21.998+0000] {dag.py:3239} INFO - Sync 1 DAGs
[2025-07-05T10:17:22.021+0000] {logging_mixin.py:190} INFO - [2025-07-05T10:17:22.021+0000] {dag.py:4180} INFO - Setting next_dagrun for tutorial_dag to None, run_after=None
[2025-07-05T10:17:22.040+0000] {processor.py:208} INFO - Processing /home/airflow/.local/lib/python3.12/site-packages/airflow/example_dags/tutorial_dag.py took 0.125 seconds
[2025-07-05T10:17:52.153+0000] {processor.py:186} INFO - Started process (PID=1924) to work on /home/airflow/.local/lib/python3.12/site-packages/airflow/example_dags/tutorial_dag.py
[2025-07-05T10:17:52.156+0000] {processor.py:914} INFO - Processing file /home/airflow/.local/lib/python3.12/site-packages/airflow/example_dags/tutorial_dag.py for tasks to queue
[2025-07-05T10:17:52.167+0000] {logging_mixin.py:190} INFO - [2025-07-05T10:17:52.166+0000] {dagbag.py:588} INFO - Filling up the DagBag from /home/airflow/.local/lib/python3.12/site-packages/airflow/example_dags/tutorial_dag.py
[2025-07-05T10:17:52.186+0000] {processor.py:925} INFO - DAG(s) 'tutorial_dag' retrieved from /home/airflow/.local/lib/python3.12/site-packages/airflow/example_dags/tutorial_dag.py
[2025-07-05T10:17:52.221+0000] {logging_mixin.py:190} INFO - [2025-07-05T10:17:52.221+0000] {dag.py:3239} INFO - Sync 1 DAGs
[2025-07-05T10:17:52.242+0000] {logging_mixin.py:190} INFO - [2025-07-05T10:17:52.242+0000] {dag.py:4180} INFO - Setting next_dagrun for tutorial_dag to None, run_after=None
[2025-07-05T10:17:52.262+0000] {processor.py:208} INFO - Processing /home/airflow/.local/lib/python3.12/site-packages/airflow/example_dags/tutorial_dag.py took 0.126 seconds
[2025-07-05T10:18:22.837+0000] {processor.py:186} INFO - Started process (PID=1987) to work on /home/airflow/.local/lib/python3.12/site-packages/airflow/example_dags/tutorial_dag.py
[2025-07-05T10:18:22.840+0000] {processor.py:914} INFO - Processing file /home/airflow/.local/lib/python3.12/site-packages/airflow/example_dags/tutorial_dag.py for tasks to queue
[2025-07-05T10:18:22.850+0000] {logging_mixin.py:190} INFO - [2025-07-05T10:18:22.850+0000] {dagbag.py:588} INFO - Filling up the DagBag from /home/airflow/.local/lib/python3.12/site-packages/airflow/example_dags/tutorial_dag.py
[2025-07-05T10:18:22.868+0000] {processor.py:925} INFO - DAG(s) 'tutorial_dag' retrieved from /home/airflow/.local/lib/python3.12/site-packages/airflow/example_dags/tutorial_dag.py
[2025-07-05T10:18:22.903+0000] {logging_mixin.py:190} INFO - [2025-07-05T10:18:22.902+0000] {dag.py:3239} INFO - Sync 1 DAGs
[2025-07-05T10:18:22.919+0000] {logging_mixin.py:190} INFO - [2025-07-05T10:18:22.919+0000] {dag.py:4180} INFO - Setting next_dagrun for tutorial_dag to None, run_after=None
[2025-07-05T10:18:22.937+0000] {processor.py:208} INFO - Processing /home/airflow/.local/lib/python3.12/site-packages/airflow/example_dags/tutorial_dag.py took 0.108 seconds
[2025-07-05T10:18:53.879+0000] {processor.py:186} INFO - Started process (PID=2049) to work on /home/airflow/.local/lib/python3.12/site-packages/airflow/example_dags/tutorial_dag.py
[2025-07-05T10:18:53.882+0000] {processor.py:914} INFO - Processing file /home/airflow/.local/lib/python3.12/site-packages/airflow/example_dags/tutorial_dag.py for tasks to queue
[2025-07-05T10:18:53.890+0000] {logging_mixin.py:190} INFO - [2025-07-05T10:18:53.889+0000] {dagbag.py:588} INFO - Filling up the DagBag from /home/airflow/.local/lib/python3.12/site-packages/airflow/example_dags/tutorial_dag.py
[2025-07-05T10:18:53.908+0000] {processor.py:925} INFO - DAG(s) 'tutorial_dag' retrieved from /home/airflow/.local/lib/python3.12/site-packages/airflow/example_dags/tutorial_dag.py
[2025-07-05T10:18:53.945+0000] {logging_mixin.py:190} INFO - [2025-07-05T10:18:53.945+0000] {dag.py:3239} INFO - Sync 1 DAGs
[2025-07-05T10:18:53.964+0000] {logging_mixin.py:190} INFO - [2025-07-05T10:18:53.963+0000] {dag.py:4180} INFO - Setting next_dagrun for tutorial_dag to None, run_after=None
[2025-07-05T10:18:53.980+0000] {processor.py:208} INFO - Processing /home/airflow/.local/lib/python3.12/site-packages/airflow/example_dags/tutorial_dag.py took 0.109 seconds
[2025-07-05T10:19:24.523+0000] {processor.py:186} INFO - Started process (PID=2111) to work on /home/airflow/.local/lib/python3.12/site-packages/airflow/example_dags/tutorial_dag.py
[2025-07-05T10:19:24.528+0000] {processor.py:914} INFO - Processing file /home/airflow/.local/lib/python3.12/site-packages/airflow/example_dags/tutorial_dag.py for tasks to queue
[2025-07-05T10:19:24.540+0000] {logging_mixin.py:190} INFO - [2025-07-05T10:19:24.538+0000] {dagbag.py:588} INFO - Filling up the DagBag from /home/airflow/.local/lib/python3.12/site-packages/airflow/example_dags/tutorial_dag.py
[2025-07-05T10:19:24.561+0000] {processor.py:925} INFO - DAG(s) 'tutorial_dag' retrieved from /home/airflow/.local/lib/python3.12/site-packages/airflow/example_dags/tutorial_dag.py
[2025-07-05T10:19:24.628+0000] {logging_mixin.py:190} INFO - [2025-07-05T10:19:24.628+0000] {dag.py:3239} INFO - Sync 1 DAGs
[2025-07-05T10:19:24.650+0000] {logging_mixin.py:190} INFO - [2025-07-05T10:19:24.649+0000] {dag.py:4180} INFO - Setting next_dagrun for tutorial_dag to None, run_after=None
[2025-07-05T10:19:24.686+0000] {processor.py:208} INFO - Processing /home/airflow/.local/lib/python3.12/site-packages/airflow/example_dags/tutorial_dag.py took 0.178 seconds
[2025-07-05T10:19:55.669+0000] {processor.py:186} INFO - Started process (PID=2173) to work on /home/airflow/.local/lib/python3.12/site-packages/airflow/example_dags/tutorial_dag.py
[2025-07-05T10:19:55.673+0000] {processor.py:914} INFO - Processing file /home/airflow/.local/lib/python3.12/site-packages/airflow/example_dags/tutorial_dag.py for tasks to queue
[2025-07-05T10:19:55.686+0000] {logging_mixin.py:190} INFO - [2025-07-05T10:19:55.685+0000] {dagbag.py:588} INFO - Filling up the DagBag from /home/airflow/.local/lib/python3.12/site-packages/airflow/example_dags/tutorial_dag.py
[2025-07-05T10:19:55.731+0000] {processor.py:925} INFO - DAG(s) 'tutorial_dag' retrieved from /home/airflow/.local/lib/python3.12/site-packages/airflow/example_dags/tutorial_dag.py
[2025-07-05T10:19:55.899+0000] {logging_mixin.py:190} INFO - [2025-07-05T10:19:55.898+0000] {dag.py:3239} INFO - Sync 1 DAGs
[2025-07-05T10:19:55.973+0000] {logging_mixin.py:190} INFO - [2025-07-05T10:19:55.973+0000] {dag.py:4180} INFO - Setting next_dagrun for tutorial_dag to None, run_after=None
[2025-07-05T10:19:56.019+0000] {processor.py:208} INFO - Processing /home/airflow/.local/lib/python3.12/site-packages/airflow/example_dags/tutorial_dag.py took 0.371 seconds
[2025-07-05T10:20:26.226+0000] {processor.py:186} INFO - Started process (PID=2233) to work on /home/airflow/.local/lib/python3.12/site-packages/airflow/example_dags/tutorial_dag.py
[2025-07-05T10:20:26.231+0000] {processor.py:914} INFO - Processing file /home/airflow/.local/lib/python3.12/site-packages/airflow/example_dags/tutorial_dag.py for tasks to queue
[2025-07-05T10:20:26.235+0000] {logging_mixin.py:190} INFO - [2025-07-05T10:20:26.235+0000] {dagbag.py:588} INFO - Filling up the DagBag from /home/airflow/.local/lib/python3.12/site-packages/airflow/example_dags/tutorial_dag.py
[2025-07-05T10:20:26.244+0000] {processor.py:925} INFO - DAG(s) 'tutorial_dag' retrieved from /home/airflow/.local/lib/python3.12/site-packages/airflow/example_dags/tutorial_dag.py
[2025-07-05T10:20:26.262+0000] {logging_mixin.py:190} INFO - [2025-07-05T10:20:26.261+0000] {dag.py:3239} INFO - Sync 1 DAGs
[2025-07-05T10:20:26.271+0000] {logging_mixin.py:190} INFO - [2025-07-05T10:20:26.271+0000] {dag.py:4180} INFO - Setting next_dagrun for tutorial_dag to None, run_after=None
[2025-07-05T10:20:26.281+0000] {processor.py:208} INFO - Processing /home/airflow/.local/lib/python3.12/site-packages/airflow/example_dags/tutorial_dag.py took 0.067 seconds
[2025-07-05T10:20:56.424+0000] {processor.py:186} INFO - Started process (PID=2295) to work on /home/airflow/.local/lib/python3.12/site-packages/airflow/example_dags/tutorial_dag.py
[2025-07-05T10:20:56.430+0000] {processor.py:914} INFO - Processing file /home/airflow/.local/lib/python3.12/site-packages/airflow/example_dags/tutorial_dag.py for tasks to queue
[2025-07-05T10:20:56.434+0000] {logging_mixin.py:190} INFO - [2025-07-05T10:20:56.434+0000] {dagbag.py:588} INFO - Filling up the DagBag from /home/airflow/.local/lib/python3.12/site-packages/airflow/example_dags/tutorial_dag.py
[2025-07-05T10:20:56.454+0000] {processor.py:925} INFO - DAG(s) 'tutorial_dag' retrieved from /home/airflow/.local/lib/python3.12/site-packages/airflow/example_dags/tutorial_dag.py
[2025-07-05T10:20:56.501+0000] {logging_mixin.py:190} INFO - [2025-07-05T10:20:56.501+0000] {dag.py:3239} INFO - Sync 1 DAGs
[2025-07-05T10:20:56.516+0000] {logging_mixin.py:190} INFO - [2025-07-05T10:20:56.516+0000] {dag.py:4180} INFO - Setting next_dagrun for tutorial_dag to None, run_after=None
[2025-07-05T10:20:56.540+0000] {processor.py:208} INFO - Processing /home/airflow/.local/lib/python3.12/site-packages/airflow/example_dags/tutorial_dag.py took 0.130 seconds
[2025-07-05T10:21:26.603+0000] {processor.py:186} INFO - Started process (PID=2357) to work on /home/airflow/.local/lib/python3.12/site-packages/airflow/example_dags/tutorial_dag.py
[2025-07-05T10:21:26.605+0000] {processor.py:914} INFO - Processing file /home/airflow/.local/lib/python3.12/site-packages/airflow/example_dags/tutorial_dag.py for tasks to queue
[2025-07-05T10:21:26.611+0000] {logging_mixin.py:190} INFO - [2025-07-05T10:21:26.610+0000] {dagbag.py:588} INFO - Filling up the DagBag from /home/airflow/.local/lib/python3.12/site-packages/airflow/example_dags/tutorial_dag.py
[2025-07-05T10:21:26.623+0000] {processor.py:925} INFO - DAG(s) 'tutorial_dag' retrieved from /home/airflow/.local/lib/python3.12/site-packages/airflow/example_dags/tutorial_dag.py
[2025-07-05T10:21:26.654+0000] {logging_mixin.py:190} INFO - [2025-07-05T10:21:26.654+0000] {dag.py:3239} INFO - Sync 1 DAGs
[2025-07-05T10:21:26.668+0000] {logging_mixin.py:190} INFO - [2025-07-05T10:21:26.668+0000] {dag.py:4180} INFO - Setting next_dagrun for tutorial_dag to None, run_after=None
[2025-07-05T10:21:26.681+0000] {processor.py:208} INFO - Processing /home/airflow/.local/lib/python3.12/site-packages/airflow/example_dags/tutorial_dag.py took 0.096 seconds
[2025-07-05T10:21:57.643+0000] {processor.py:186} INFO - Started process (PID=2419) to work on /home/airflow/.local/lib/python3.12/site-packages/airflow/example_dags/tutorial_dag.py
[2025-07-05T10:21:57.648+0000] {processor.py:914} INFO - Processing file /home/airflow/.local/lib/python3.12/site-packages/airflow/example_dags/tutorial_dag.py for tasks to queue
[2025-07-05T10:21:57.661+0000] {logging_mixin.py:190} INFO - [2025-07-05T10:21:57.659+0000] {dagbag.py:588} INFO - Filling up the DagBag from /home/airflow/.local/lib/python3.12/site-packages/airflow/example_dags/tutorial_dag.py
[2025-07-05T10:21:57.697+0000] {processor.py:925} INFO - DAG(s) 'tutorial_dag' retrieved from /home/airflow/.local/lib/python3.12/site-packages/airflow/example_dags/tutorial_dag.py
[2025-07-05T10:21:57.816+0000] {logging_mixin.py:190} INFO - [2025-07-05T10:21:57.815+0000] {dag.py:3239} INFO - Sync 1 DAGs
[2025-07-05T10:21:57.931+0000] {logging_mixin.py:190} INFO - [2025-07-05T10:21:57.931+0000] {dag.py:4180} INFO - Setting next_dagrun for tutorial_dag to None, run_after=None
[2025-07-05T10:21:58.084+0000] {processor.py:208} INFO - Processing /home/airflow/.local/lib/python3.12/site-packages/airflow/example_dags/tutorial_dag.py took 0.489 seconds
[2025-07-05T10:22:28.271+0000] {processor.py:186} INFO - Started process (PID=2481) to work on /home/airflow/.local/lib/python3.12/site-packages/airflow/example_dags/tutorial_dag.py
[2025-07-05T10:22:28.273+0000] {processor.py:914} INFO - Processing file /home/airflow/.local/lib/python3.12/site-packages/airflow/example_dags/tutorial_dag.py for tasks to queue
[2025-07-05T10:22:28.283+0000] {logging_mixin.py:190} INFO - [2025-07-05T10:22:28.282+0000] {dagbag.py:588} INFO - Filling up the DagBag from /home/airflow/.local/lib/python3.12/site-packages/airflow/example_dags/tutorial_dag.py
[2025-07-05T10:22:28.301+0000] {processor.py:925} INFO - DAG(s) 'tutorial_dag' retrieved from /home/airflow/.local/lib/python3.12/site-packages/airflow/example_dags/tutorial_dag.py
[2025-07-05T10:22:28.333+0000] {logging_mixin.py:190} INFO - [2025-07-05T10:22:28.333+0000] {dag.py:3239} INFO - Sync 1 DAGs
[2025-07-05T10:22:28.352+0000] {logging_mixin.py:190} INFO - [2025-07-05T10:22:28.352+0000] {dag.py:4180} INFO - Setting next_dagrun for tutorial_dag to None, run_after=None
[2025-07-05T10:22:28.371+0000] {processor.py:208} INFO - Processing /home/airflow/.local/lib/python3.12/site-packages/airflow/example_dags/tutorial_dag.py took 0.118 seconds
[2025-07-05T10:22:59.046+0000] {processor.py:186} INFO - Started process (PID=2549) to work on /home/airflow/.local/lib/python3.12/site-packages/airflow/example_dags/tutorial_dag.py
[2025-07-05T10:22:59.048+0000] {processor.py:914} INFO - Processing file /home/airflow/.local/lib/python3.12/site-packages/airflow/example_dags/tutorial_dag.py for tasks to queue
[2025-07-05T10:22:59.054+0000] {logging_mixin.py:190} INFO - [2025-07-05T10:22:59.053+0000] {dagbag.py:588} INFO - Filling up the DagBag from /home/airflow/.local/lib/python3.12/site-packages/airflow/example_dags/tutorial_dag.py
[2025-07-05T10:22:59.071+0000] {processor.py:925} INFO - DAG(s) 'tutorial_dag' retrieved from /home/airflow/.local/lib/python3.12/site-packages/airflow/example_dags/tutorial_dag.py
[2025-07-05T10:22:59.119+0000] {logging_mixin.py:190} INFO - [2025-07-05T10:22:59.117+0000] {dag.py:3239} INFO - Sync 1 DAGs
[2025-07-05T10:22:59.145+0000] {logging_mixin.py:190} INFO - [2025-07-05T10:22:59.145+0000] {dag.py:4180} INFO - Setting next_dagrun for tutorial_dag to None, run_after=None
[2025-07-05T10:22:59.162+0000] {processor.py:208} INFO - Processing /home/airflow/.local/lib/python3.12/site-packages/airflow/example_dags/tutorial_dag.py took 0.133 seconds
[2025-07-05T10:23:29.862+0000] {processor.py:186} INFO - Started process (PID=2611) to work on /home/airflow/.local/lib/python3.12/site-packages/airflow/example_dags/tutorial_dag.py
[2025-07-05T10:23:29.866+0000] {processor.py:914} INFO - Processing file /home/airflow/.local/lib/python3.12/site-packages/airflow/example_dags/tutorial_dag.py for tasks to queue
[2025-07-05T10:23:29.869+0000] {logging_mixin.py:190} INFO - [2025-07-05T10:23:29.869+0000] {dagbag.py:588} INFO - Filling up the DagBag from /home/airflow/.local/lib/python3.12/site-packages/airflow/example_dags/tutorial_dag.py
[2025-07-05T10:23:29.890+0000] {processor.py:925} INFO - DAG(s) 'tutorial_dag' retrieved from /home/airflow/.local/lib/python3.12/site-packages/airflow/example_dags/tutorial_dag.py
[2025-07-05T10:23:29.931+0000] {logging_mixin.py:190} INFO - [2025-07-05T10:23:29.931+0000] {dag.py:3239} INFO - Sync 1 DAGs
[2025-07-05T10:23:29.952+0000] {logging_mixin.py:190} INFO - [2025-07-05T10:23:29.952+0000] {dag.py:4180} INFO - Setting next_dagrun for tutorial_dag to None, run_after=None
[2025-07-05T10:23:29.973+0000] {processor.py:208} INFO - Processing /home/airflow/.local/lib/python3.12/site-packages/airflow/example_dags/tutorial_dag.py took 0.130 seconds
[2025-07-05T10:24:00.503+0000] {processor.py:186} INFO - Started process (PID=2673) to work on /home/airflow/.local/lib/python3.12/site-packages/airflow/example_dags/tutorial_dag.py
[2025-07-05T10:24:00.505+0000] {processor.py:914} INFO - Processing file /home/airflow/.local/lib/python3.12/site-packages/airflow/example_dags/tutorial_dag.py for tasks to queue
[2025-07-05T10:24:00.512+0000] {logging_mixin.py:190} INFO - [2025-07-05T10:24:00.512+0000] {dagbag.py:588} INFO - Filling up the DagBag from /home/airflow/.local/lib/python3.12/site-packages/airflow/example_dags/tutorial_dag.py
[2025-07-05T10:24:00.531+0000] {processor.py:925} INFO - DAG(s) 'tutorial_dag' retrieved from /home/airflow/.local/lib/python3.12/site-packages/airflow/example_dags/tutorial_dag.py
[2025-07-05T10:24:00.573+0000] {logging_mixin.py:190} INFO - [2025-07-05T10:24:00.573+0000] {dag.py:3239} INFO - Sync 1 DAGs
[2025-07-05T10:24:00.588+0000] {logging_mixin.py:190} INFO - [2025-07-05T10:24:00.588+0000] {dag.py:4180} INFO - Setting next_dagrun for tutorial_dag to None, run_after=None
[2025-07-05T10:24:00.608+0000] {processor.py:208} INFO - Processing /home/airflow/.local/lib/python3.12/site-packages/airflow/example_dags/tutorial_dag.py took 0.125 seconds
[2025-07-05T10:24:31.326+0000] {processor.py:186} INFO - Started process (PID=2735) to work on /home/airflow/.local/lib/python3.12/site-packages/airflow/example_dags/tutorial_dag.py
[2025-07-05T10:24:31.329+0000] {processor.py:914} INFO - Processing file /home/airflow/.local/lib/python3.12/site-packages/airflow/example_dags/tutorial_dag.py for tasks to queue
[2025-07-05T10:24:31.334+0000] {logging_mixin.py:190} INFO - [2025-07-05T10:24:31.334+0000] {dagbag.py:588} INFO - Filling up the DagBag from /home/airflow/.local/lib/python3.12/site-packages/airflow/example_dags/tutorial_dag.py
[2025-07-05T10:24:31.356+0000] {processor.py:925} INFO - DAG(s) 'tutorial_dag' retrieved from /home/airflow/.local/lib/python3.12/site-packages/airflow/example_dags/tutorial_dag.py
[2025-07-05T10:24:31.389+0000] {logging_mixin.py:190} INFO - [2025-07-05T10:24:31.389+0000] {dag.py:3239} INFO - Sync 1 DAGs
[2025-07-05T10:24:31.403+0000] {logging_mixin.py:190} INFO - [2025-07-05T10:24:31.403+0000] {dag.py:4180} INFO - Setting next_dagrun for tutorial_dag to None, run_after=None
[2025-07-05T10:24:31.422+0000] {processor.py:208} INFO - Processing /home/airflow/.local/lib/python3.12/site-packages/airflow/example_dags/tutorial_dag.py took 0.123 seconds
[2025-07-05T10:25:02.017+0000] {processor.py:186} INFO - Started process (PID=2797) to work on /home/airflow/.local/lib/python3.12/site-packages/airflow/example_dags/tutorial_dag.py
[2025-07-05T10:25:02.021+0000] {processor.py:914} INFO - Processing file /home/airflow/.local/lib/python3.12/site-packages/airflow/example_dags/tutorial_dag.py for tasks to queue
[2025-07-05T10:25:02.026+0000] {logging_mixin.py:190} INFO - [2025-07-05T10:25:02.025+0000] {dagbag.py:588} INFO - Filling up the DagBag from /home/airflow/.local/lib/python3.12/site-packages/airflow/example_dags/tutorial_dag.py
[2025-07-05T10:25:02.042+0000] {processor.py:925} INFO - DAG(s) 'tutorial_dag' retrieved from /home/airflow/.local/lib/python3.12/site-packages/airflow/example_dags/tutorial_dag.py
[2025-07-05T10:25:02.074+0000] {logging_mixin.py:190} INFO - [2025-07-05T10:25:02.073+0000] {dag.py:3239} INFO - Sync 1 DAGs
[2025-07-05T10:25:02.093+0000] {logging_mixin.py:190} INFO - [2025-07-05T10:25:02.092+0000] {dag.py:4180} INFO - Setting next_dagrun for tutorial_dag to None, run_after=None
[2025-07-05T10:25:02.108+0000] {processor.py:208} INFO - Processing /home/airflow/.local/lib/python3.12/site-packages/airflow/example_dags/tutorial_dag.py took 0.104 seconds
[2025-07-05T10:25:33.159+0000] {processor.py:186} INFO - Started process (PID=2859) to work on /home/airflow/.local/lib/python3.12/site-packages/airflow/example_dags/tutorial_dag.py
[2025-07-05T10:25:33.161+0000] {processor.py:914} INFO - Processing file /home/airflow/.local/lib/python3.12/site-packages/airflow/example_dags/tutorial_dag.py for tasks to queue
[2025-07-05T10:25:33.166+0000] {logging_mixin.py:190} INFO - [2025-07-05T10:25:33.165+0000] {dagbag.py:588} INFO - Filling up the DagBag from /home/airflow/.local/lib/python3.12/site-packages/airflow/example_dags/tutorial_dag.py
[2025-07-05T10:25:33.183+0000] {processor.py:925} INFO - DAG(s) 'tutorial_dag' retrieved from /home/airflow/.local/lib/python3.12/site-packages/airflow/example_dags/tutorial_dag.py
[2025-07-05T10:25:33.211+0000] {logging_mixin.py:190} INFO - [2025-07-05T10:25:33.211+0000] {dag.py:3239} INFO - Sync 1 DAGs
[2025-07-05T10:25:33.226+0000] {logging_mixin.py:190} INFO - [2025-07-05T10:25:33.226+0000] {dag.py:4180} INFO - Setting next_dagrun for tutorial_dag to None, run_after=None
[2025-07-05T10:25:33.250+0000] {processor.py:208} INFO - Processing /home/airflow/.local/lib/python3.12/site-packages/airflow/example_dags/tutorial_dag.py took 0.105 seconds
[2025-07-05T10:26:04.171+0000] {processor.py:186} INFO - Started process (PID=2922) to work on /home/airflow/.local/lib/python3.12/site-packages/airflow/example_dags/tutorial_dag.py
[2025-07-05T10:26:04.177+0000] {processor.py:914} INFO - Processing file /home/airflow/.local/lib/python3.12/site-packages/airflow/example_dags/tutorial_dag.py for tasks to queue
[2025-07-05T10:26:04.187+0000] {logging_mixin.py:190} INFO - [2025-07-05T10:26:04.186+0000] {dagbag.py:588} INFO - Filling up the DagBag from /home/airflow/.local/lib/python3.12/site-packages/airflow/example_dags/tutorial_dag.py
[2025-07-05T10:26:04.215+0000] {processor.py:925} INFO - DAG(s) 'tutorial_dag' retrieved from /home/airflow/.local/lib/python3.12/site-packages/airflow/example_dags/tutorial_dag.py
[2025-07-05T10:26:04.260+0000] {logging_mixin.py:190} INFO - [2025-07-05T10:26:04.260+0000] {dag.py:3239} INFO - Sync 1 DAGs
[2025-07-05T10:26:04.278+0000] {logging_mixin.py:190} INFO - [2025-07-05T10:26:04.278+0000] {dag.py:4180} INFO - Setting next_dagrun for tutorial_dag to None, run_after=None
[2025-07-05T10:26:04.314+0000] {processor.py:208} INFO - Processing /home/airflow/.local/lib/python3.12/site-packages/airflow/example_dags/tutorial_dag.py took 0.167 seconds
[2025-07-05T10:26:34.758+0000] {processor.py:186} INFO - Started process (PID=2984) to work on /home/airflow/.local/lib/python3.12/site-packages/airflow/example_dags/tutorial_dag.py
[2025-07-05T10:26:34.765+0000] {processor.py:914} INFO - Processing file /home/airflow/.local/lib/python3.12/site-packages/airflow/example_dags/tutorial_dag.py for tasks to queue
[2025-07-05T10:26:34.785+0000] {logging_mixin.py:190} INFO - [2025-07-05T10:26:34.784+0000] {dagbag.py:588} INFO - Filling up the DagBag from /home/airflow/.local/lib/python3.12/site-packages/airflow/example_dags/tutorial_dag.py
[2025-07-05T10:26:34.841+0000] {processor.py:925} INFO - DAG(s) 'tutorial_dag' retrieved from /home/airflow/.local/lib/python3.12/site-packages/airflow/example_dags/tutorial_dag.py
[2025-07-05T10:26:34.934+0000] {logging_mixin.py:190} INFO - [2025-07-05T10:26:34.933+0000] {dag.py:3239} INFO - Sync 1 DAGs
[2025-07-05T10:26:34.993+0000] {logging_mixin.py:190} INFO - [2025-07-05T10:26:34.992+0000] {dag.py:4180} INFO - Setting next_dagrun for tutorial_dag to None, run_after=None
[2025-07-05T10:26:35.066+0000] {processor.py:208} INFO - Processing /home/airflow/.local/lib/python3.12/site-packages/airflow/example_dags/tutorial_dag.py took 0.330 seconds
[2025-07-05T10:27:06.114+0000] {processor.py:186} INFO - Started process (PID=3046) to work on /home/airflow/.local/lib/python3.12/site-packages/airflow/example_dags/tutorial_dag.py
[2025-07-05T10:27:06.116+0000] {processor.py:914} INFO - Processing file /home/airflow/.local/lib/python3.12/site-packages/airflow/example_dags/tutorial_dag.py for tasks to queue
[2025-07-05T10:27:06.128+0000] {logging_mixin.py:190} INFO - [2025-07-05T10:27:06.128+0000] {dagbag.py:588} INFO - Filling up the DagBag from /home/airflow/.local/lib/python3.12/site-packages/airflow/example_dags/tutorial_dag.py
[2025-07-05T10:27:06.144+0000] {processor.py:925} INFO - DAG(s) 'tutorial_dag' retrieved from /home/airflow/.local/lib/python3.12/site-packages/airflow/example_dags/tutorial_dag.py
[2025-07-05T10:27:06.188+0000] {logging_mixin.py:190} INFO - [2025-07-05T10:27:06.188+0000] {dag.py:3239} INFO - Sync 1 DAGs
[2025-07-05T10:27:06.206+0000] {logging_mixin.py:190} INFO - [2025-07-05T10:27:06.206+0000] {dag.py:4180} INFO - Setting next_dagrun for tutorial_dag to None, run_after=None
[2025-07-05T10:27:06.234+0000] {processor.py:208} INFO - Processing /home/airflow/.local/lib/python3.12/site-packages/airflow/example_dags/tutorial_dag.py took 0.140 seconds
[2025-07-05T10:27:37.173+0000] {processor.py:186} INFO - Started process (PID=3108) to work on /home/airflow/.local/lib/python3.12/site-packages/airflow/example_dags/tutorial_dag.py
[2025-07-05T10:27:37.181+0000] {processor.py:914} INFO - Processing file /home/airflow/.local/lib/python3.12/site-packages/airflow/example_dags/tutorial_dag.py for tasks to queue
[2025-07-05T10:27:37.199+0000] {logging_mixin.py:190} INFO - [2025-07-05T10:27:37.199+0000] {dagbag.py:588} INFO - Filling up the DagBag from /home/airflow/.local/lib/python3.12/site-packages/airflow/example_dags/tutorial_dag.py
[2025-07-05T10:27:37.220+0000] {processor.py:925} INFO - DAG(s) 'tutorial_dag' retrieved from /home/airflow/.local/lib/python3.12/site-packages/airflow/example_dags/tutorial_dag.py
[2025-07-05T10:27:37.256+0000] {logging_mixin.py:190} INFO - [2025-07-05T10:27:37.255+0000] {dag.py:3239} INFO - Sync 1 DAGs
[2025-07-05T10:27:37.278+0000] {logging_mixin.py:190} INFO - [2025-07-05T10:27:37.278+0000] {dag.py:4180} INFO - Setting next_dagrun for tutorial_dag to None, run_after=None
[2025-07-05T10:27:37.291+0000] {processor.py:208} INFO - Processing /home/airflow/.local/lib/python3.12/site-packages/airflow/example_dags/tutorial_dag.py took 0.141 seconds
[2025-07-05T10:28:07.740+0000] {processor.py:186} INFO - Started process (PID=3169) to work on /home/airflow/.local/lib/python3.12/site-packages/airflow/example_dags/tutorial_dag.py
[2025-07-05T10:28:07.744+0000] {processor.py:914} INFO - Processing file /home/airflow/.local/lib/python3.12/site-packages/airflow/example_dags/tutorial_dag.py for tasks to queue
[2025-07-05T10:28:07.757+0000] {logging_mixin.py:190} INFO - [2025-07-05T10:28:07.752+0000] {dagbag.py:588} INFO - Filling up the DagBag from /home/airflow/.local/lib/python3.12/site-packages/airflow/example_dags/tutorial_dag.py
[2025-07-05T10:28:07.772+0000] {processor.py:925} INFO - DAG(s) 'tutorial_dag' retrieved from /home/airflow/.local/lib/python3.12/site-packages/airflow/example_dags/tutorial_dag.py
[2025-07-05T10:28:07.810+0000] {logging_mixin.py:190} INFO - [2025-07-05T10:28:07.810+0000] {dag.py:3239} INFO - Sync 1 DAGs
[2025-07-05T10:28:07.824+0000] {logging_mixin.py:190} INFO - [2025-07-05T10:28:07.824+0000] {dag.py:4180} INFO - Setting next_dagrun for tutorial_dag to None, run_after=None
[2025-07-05T10:28:07.845+0000] {processor.py:208} INFO - Processing /home/airflow/.local/lib/python3.12/site-packages/airflow/example_dags/tutorial_dag.py took 0.127 seconds
[2025-07-05T10:28:38.151+0000] {processor.py:186} INFO - Started process (PID=3231) to work on /home/airflow/.local/lib/python3.12/site-packages/airflow/example_dags/tutorial_dag.py
[2025-07-05T10:28:38.154+0000] {processor.py:914} INFO - Processing file /home/airflow/.local/lib/python3.12/site-packages/airflow/example_dags/tutorial_dag.py for tasks to queue
[2025-07-05T10:28:38.160+0000] {logging_mixin.py:190} INFO - [2025-07-05T10:28:38.159+0000] {dagbag.py:588} INFO - Filling up the DagBag from /home/airflow/.local/lib/python3.12/site-packages/airflow/example_dags/tutorial_dag.py
[2025-07-05T10:28:38.179+0000] {processor.py:925} INFO - DAG(s) 'tutorial_dag' retrieved from /home/airflow/.local/lib/python3.12/site-packages/airflow/example_dags/tutorial_dag.py
[2025-07-05T10:28:38.214+0000] {logging_mixin.py:190} INFO - [2025-07-05T10:28:38.214+0000] {dag.py:3239} INFO - Sync 1 DAGs
[2025-07-05T10:28:38.229+0000] {logging_mixin.py:190} INFO - [2025-07-05T10:28:38.229+0000] {dag.py:4180} INFO - Setting next_dagrun for tutorial_dag to None, run_after=None
[2025-07-05T10:28:38.249+0000] {processor.py:208} INFO - Processing /home/airflow/.local/lib/python3.12/site-packages/airflow/example_dags/tutorial_dag.py took 0.118 seconds
[2025-07-05T10:29:09.160+0000] {processor.py:186} INFO - Started process (PID=3293) to work on /home/airflow/.local/lib/python3.12/site-packages/airflow/example_dags/tutorial_dag.py
[2025-07-05T10:29:09.165+0000] {processor.py:914} INFO - Processing file /home/airflow/.local/lib/python3.12/site-packages/airflow/example_dags/tutorial_dag.py for tasks to queue
[2025-07-05T10:29:09.173+0000] {logging_mixin.py:190} INFO - [2025-07-05T10:29:09.172+0000] {dagbag.py:588} INFO - Filling up the DagBag from /home/airflow/.local/lib/python3.12/site-packages/airflow/example_dags/tutorial_dag.py
[2025-07-05T10:29:09.194+0000] {processor.py:925} INFO - DAG(s) 'tutorial_dag' retrieved from /home/airflow/.local/lib/python3.12/site-packages/airflow/example_dags/tutorial_dag.py
[2025-07-05T10:29:09.241+0000] {logging_mixin.py:190} INFO - [2025-07-05T10:29:09.241+0000] {dag.py:3239} INFO - Sync 1 DAGs
[2025-07-05T10:29:09.261+0000] {logging_mixin.py:190} INFO - [2025-07-05T10:29:09.261+0000] {dag.py:4180} INFO - Setting next_dagrun for tutorial_dag to None, run_after=None
[2025-07-05T10:29:09.278+0000] {processor.py:208} INFO - Processing /home/airflow/.local/lib/python3.12/site-packages/airflow/example_dags/tutorial_dag.py took 0.136 seconds
[2025-07-05T10:29:39.445+0000] {processor.py:186} INFO - Started process (PID=3355) to work on /home/airflow/.local/lib/python3.12/site-packages/airflow/example_dags/tutorial_dag.py
[2025-07-05T10:29:39.447+0000] {processor.py:914} INFO - Processing file /home/airflow/.local/lib/python3.12/site-packages/airflow/example_dags/tutorial_dag.py for tasks to queue
[2025-07-05T10:29:39.458+0000] {logging_mixin.py:190} INFO - [2025-07-05T10:29:39.458+0000] {dagbag.py:588} INFO - Filling up the DagBag from /home/airflow/.local/lib/python3.12/site-packages/airflow/example_dags/tutorial_dag.py
[2025-07-05T10:29:39.472+0000] {processor.py:925} INFO - DAG(s) 'tutorial_dag' retrieved from /home/airflow/.local/lib/python3.12/site-packages/airflow/example_dags/tutorial_dag.py
[2025-07-05T10:29:39.505+0000] {logging_mixin.py:190} INFO - [2025-07-05T10:29:39.505+0000] {dag.py:3239} INFO - Sync 1 DAGs
[2025-07-05T10:29:39.520+0000] {logging_mixin.py:190} INFO - [2025-07-05T10:29:39.519+0000] {dag.py:4180} INFO - Setting next_dagrun for tutorial_dag to None, run_after=None
[2025-07-05T10:29:39.534+0000] {processor.py:208} INFO - Processing /home/airflow/.local/lib/python3.12/site-packages/airflow/example_dags/tutorial_dag.py took 0.109 seconds
[2025-07-05T10:30:10.277+0000] {processor.py:186} INFO - Started process (PID=3417) to work on /home/airflow/.local/lib/python3.12/site-packages/airflow/example_dags/tutorial_dag.py
[2025-07-05T10:30:10.284+0000] {processor.py:914} INFO - Processing file /home/airflow/.local/lib/python3.12/site-packages/airflow/example_dags/tutorial_dag.py for tasks to queue
[2025-07-05T10:30:10.291+0000] {logging_mixin.py:190} INFO - [2025-07-05T10:30:10.290+0000] {dagbag.py:588} INFO - Filling up the DagBag from /home/airflow/.local/lib/python3.12/site-packages/airflow/example_dags/tutorial_dag.py
[2025-07-05T10:30:10.310+0000] {processor.py:925} INFO - DAG(s) 'tutorial_dag' retrieved from /home/airflow/.local/lib/python3.12/site-packages/airflow/example_dags/tutorial_dag.py
[2025-07-05T10:30:10.355+0000] {logging_mixin.py:190} INFO - [2025-07-05T10:30:10.355+0000] {dag.py:3239} INFO - Sync 1 DAGs
[2025-07-05T10:30:10.374+0000] {logging_mixin.py:190} INFO - [2025-07-05T10:30:10.374+0000] {dag.py:4180} INFO - Setting next_dagrun for tutorial_dag to None, run_after=None
[2025-07-05T10:30:10.386+0000] {processor.py:208} INFO - Processing /home/airflow/.local/lib/python3.12/site-packages/airflow/example_dags/tutorial_dag.py took 0.131 seconds
[2025-07-05T10:30:41.233+0000] {processor.py:186} INFO - Started process (PID=3479) to work on /home/airflow/.local/lib/python3.12/site-packages/airflow/example_dags/tutorial_dag.py
[2025-07-05T10:30:41.235+0000] {processor.py:914} INFO - Processing file /home/airflow/.local/lib/python3.12/site-packages/airflow/example_dags/tutorial_dag.py for tasks to queue
[2025-07-05T10:30:41.245+0000] {logging_mixin.py:190} INFO - [2025-07-05T10:30:41.244+0000] {dagbag.py:588} INFO - Filling up the DagBag from /home/airflow/.local/lib/python3.12/site-packages/airflow/example_dags/tutorial_dag.py
[2025-07-05T10:30:41.263+0000] {processor.py:925} INFO - DAG(s) 'tutorial_dag' retrieved from /home/airflow/.local/lib/python3.12/site-packages/airflow/example_dags/tutorial_dag.py
[2025-07-05T10:30:41.303+0000] {logging_mixin.py:190} INFO - [2025-07-05T10:30:41.302+0000] {dag.py:3239} INFO - Sync 1 DAGs
[2025-07-05T10:30:41.580+0000] {logging_mixin.py:190} INFO - [2025-07-05T10:30:41.580+0000] {dag.py:4180} INFO - Setting next_dagrun for tutorial_dag to None, run_after=None
[2025-07-05T10:30:41.589+0000] {processor.py:208} INFO - Processing /home/airflow/.local/lib/python3.12/site-packages/airflow/example_dags/tutorial_dag.py took 0.389 seconds
[2025-07-05T10:31:12.454+0000] {processor.py:186} INFO - Started process (PID=3541) to work on /home/airflow/.local/lib/python3.12/site-packages/airflow/example_dags/tutorial_dag.py
[2025-07-05T10:31:12.457+0000] {processor.py:914} INFO - Processing file /home/airflow/.local/lib/python3.12/site-packages/airflow/example_dags/tutorial_dag.py for tasks to queue
[2025-07-05T10:31:12.466+0000] {logging_mixin.py:190} INFO - [2025-07-05T10:31:12.464+0000] {dagbag.py:588} INFO - Filling up the DagBag from /home/airflow/.local/lib/python3.12/site-packages/airflow/example_dags/tutorial_dag.py
[2025-07-05T10:31:12.489+0000] {processor.py:925} INFO - DAG(s) 'tutorial_dag' retrieved from /home/airflow/.local/lib/python3.12/site-packages/airflow/example_dags/tutorial_dag.py
[2025-07-05T10:31:12.526+0000] {logging_mixin.py:190} INFO - [2025-07-05T10:31:12.526+0000] {dag.py:3239} INFO - Sync 1 DAGs
[2025-07-05T10:31:12.822+0000] {logging_mixin.py:190} INFO - [2025-07-05T10:31:12.822+0000] {dag.py:4180} INFO - Setting next_dagrun for tutorial_dag to None, run_after=None
[2025-07-05T10:31:12.832+0000] {processor.py:208} INFO - Processing /home/airflow/.local/lib/python3.12/site-packages/airflow/example_dags/tutorial_dag.py took 0.411 seconds
[2025-07-05T10:31:43.077+0000] {processor.py:186} INFO - Started process (PID=3603) to work on /home/airflow/.local/lib/python3.12/site-packages/airflow/example_dags/tutorial_dag.py
[2025-07-05T10:31:43.080+0000] {processor.py:914} INFO - Processing file /home/airflow/.local/lib/python3.12/site-packages/airflow/example_dags/tutorial_dag.py for tasks to queue
[2025-07-05T10:31:43.090+0000] {logging_mixin.py:190} INFO - [2025-07-05T10:31:43.089+0000] {dagbag.py:588} INFO - Filling up the DagBag from /home/airflow/.local/lib/python3.12/site-packages/airflow/example_dags/tutorial_dag.py
[2025-07-05T10:31:43.109+0000] {processor.py:925} INFO - DAG(s) 'tutorial_dag' retrieved from /home/airflow/.local/lib/python3.12/site-packages/airflow/example_dags/tutorial_dag.py
[2025-07-05T10:31:43.147+0000] {logging_mixin.py:190} INFO - [2025-07-05T10:31:43.147+0000] {dag.py:3239} INFO - Sync 1 DAGs
[2025-07-05T10:31:43.167+0000] {logging_mixin.py:190} INFO - [2025-07-05T10:31:43.166+0000] {dag.py:4180} INFO - Setting next_dagrun for tutorial_dag to None, run_after=None
[2025-07-05T10:31:43.183+0000] {processor.py:208} INFO - Processing /home/airflow/.local/lib/python3.12/site-packages/airflow/example_dags/tutorial_dag.py took 0.132 seconds
[2025-07-05T10:32:13.659+0000] {processor.py:186} INFO - Started process (PID=3665) to work on /home/airflow/.local/lib/python3.12/site-packages/airflow/example_dags/tutorial_dag.py
[2025-07-05T10:32:13.661+0000] {processor.py:914} INFO - Processing file /home/airflow/.local/lib/python3.12/site-packages/airflow/example_dags/tutorial_dag.py for tasks to queue
[2025-07-05T10:32:13.670+0000] {logging_mixin.py:190} INFO - [2025-07-05T10:32:13.670+0000] {dagbag.py:588} INFO - Filling up the DagBag from /home/airflow/.local/lib/python3.12/site-packages/airflow/example_dags/tutorial_dag.py
[2025-07-05T10:32:13.688+0000] {processor.py:925} INFO - DAG(s) 'tutorial_dag' retrieved from /home/airflow/.local/lib/python3.12/site-packages/airflow/example_dags/tutorial_dag.py
[2025-07-05T10:32:13.722+0000] {logging_mixin.py:190} INFO - [2025-07-05T10:32:13.722+0000] {dag.py:3239} INFO - Sync 1 DAGs
[2025-07-05T10:32:13.736+0000] {logging_mixin.py:190} INFO - [2025-07-05T10:32:13.736+0000] {dag.py:4180} INFO - Setting next_dagrun for tutorial_dag to None, run_after=None
[2025-07-05T10:32:13.754+0000] {processor.py:208} INFO - Processing /home/airflow/.local/lib/python3.12/site-packages/airflow/example_dags/tutorial_dag.py took 0.111 seconds
[2025-07-05T10:32:43.873+0000] {processor.py:186} INFO - Started process (PID=3727) to work on /home/airflow/.local/lib/python3.12/site-packages/airflow/example_dags/tutorial_dag.py
[2025-07-05T10:32:43.875+0000] {processor.py:914} INFO - Processing file /home/airflow/.local/lib/python3.12/site-packages/airflow/example_dags/tutorial_dag.py for tasks to queue
[2025-07-05T10:32:43.885+0000] {logging_mixin.py:190} INFO - [2025-07-05T10:32:43.885+0000] {dagbag.py:588} INFO - Filling up the DagBag from /home/airflow/.local/lib/python3.12/site-packages/airflow/example_dags/tutorial_dag.py
[2025-07-05T10:32:43.905+0000] {processor.py:925} INFO - DAG(s) 'tutorial_dag' retrieved from /home/airflow/.local/lib/python3.12/site-packages/airflow/example_dags/tutorial_dag.py
[2025-07-05T10:32:43.951+0000] {logging_mixin.py:190} INFO - [2025-07-05T10:32:43.950+0000] {dag.py:3239} INFO - Sync 1 DAGs
[2025-07-05T10:32:43.974+0000] {logging_mixin.py:190} INFO - [2025-07-05T10:32:43.974+0000] {dag.py:4180} INFO - Setting next_dagrun for tutorial_dag to None, run_after=None
[2025-07-05T10:32:43.994+0000] {processor.py:208} INFO - Processing /home/airflow/.local/lib/python3.12/site-packages/airflow/example_dags/tutorial_dag.py took 0.135 seconds
[2025-07-05T10:33:14.537+0000] {processor.py:186} INFO - Started process (PID=3789) to work on /home/airflow/.local/lib/python3.12/site-packages/airflow/example_dags/tutorial_dag.py
[2025-07-05T10:33:14.539+0000] {processor.py:914} INFO - Processing file /home/airflow/.local/lib/python3.12/site-packages/airflow/example_dags/tutorial_dag.py for tasks to queue
[2025-07-05T10:33:14.550+0000] {logging_mixin.py:190} INFO - [2025-07-05T10:33:14.549+0000] {dagbag.py:588} INFO - Filling up the DagBag from /home/airflow/.local/lib/python3.12/site-packages/airflow/example_dags/tutorial_dag.py
[2025-07-05T10:33:14.566+0000] {processor.py:925} INFO - DAG(s) 'tutorial_dag' retrieved from /home/airflow/.local/lib/python3.12/site-packages/airflow/example_dags/tutorial_dag.py
[2025-07-05T10:33:14.605+0000] {logging_mixin.py:190} INFO - [2025-07-05T10:33:14.605+0000] {dag.py:3239} INFO - Sync 1 DAGs
[2025-07-05T10:33:14.627+0000] {logging_mixin.py:190} INFO - [2025-07-05T10:33:14.627+0000] {dag.py:4180} INFO - Setting next_dagrun for tutorial_dag to None, run_after=None
[2025-07-05T10:33:14.645+0000] {processor.py:208} INFO - Processing /home/airflow/.local/lib/python3.12/site-packages/airflow/example_dags/tutorial_dag.py took 0.124 seconds
[2025-07-05T10:33:44.901+0000] {processor.py:186} INFO - Started process (PID=3851) to work on /home/airflow/.local/lib/python3.12/site-packages/airflow/example_dags/tutorial_dag.py
[2025-07-05T10:33:44.903+0000] {processor.py:914} INFO - Processing file /home/airflow/.local/lib/python3.12/site-packages/airflow/example_dags/tutorial_dag.py for tasks to queue
[2025-07-05T10:33:44.908+0000] {logging_mixin.py:190} INFO - [2025-07-05T10:33:44.908+0000] {dagbag.py:588} INFO - Filling up the DagBag from /home/airflow/.local/lib/python3.12/site-packages/airflow/example_dags/tutorial_dag.py
[2025-07-05T10:33:44.927+0000] {processor.py:925} INFO - DAG(s) 'tutorial_dag' retrieved from /home/airflow/.local/lib/python3.12/site-packages/airflow/example_dags/tutorial_dag.py
[2025-07-05T10:33:44.984+0000] {logging_mixin.py:190} INFO - [2025-07-05T10:33:44.984+0000] {dag.py:3239} INFO - Sync 1 DAGs
[2025-07-05T10:33:45.014+0000] {logging_mixin.py:190} INFO - [2025-07-05T10:33:45.014+0000] {dag.py:4180} INFO - Setting next_dagrun for tutorial_dag to None, run_after=None
[2025-07-05T10:33:45.046+0000] {processor.py:208} INFO - Processing /home/airflow/.local/lib/python3.12/site-packages/airflow/example_dags/tutorial_dag.py took 0.176 seconds
[2025-07-05T10:34:15.801+0000] {processor.py:186} INFO - Started process (PID=3913) to work on /home/airflow/.local/lib/python3.12/site-packages/airflow/example_dags/tutorial_dag.py
[2025-07-05T10:34:15.803+0000] {processor.py:914} INFO - Processing file /home/airflow/.local/lib/python3.12/site-packages/airflow/example_dags/tutorial_dag.py for tasks to queue
[2025-07-05T10:34:15.808+0000] {logging_mixin.py:190} INFO - [2025-07-05T10:34:15.808+0000] {dagbag.py:588} INFO - Filling up the DagBag from /home/airflow/.local/lib/python3.12/site-packages/airflow/example_dags/tutorial_dag.py
[2025-07-05T10:34:15.825+0000] {processor.py:925} INFO - DAG(s) 'tutorial_dag' retrieved from /home/airflow/.local/lib/python3.12/site-packages/airflow/example_dags/tutorial_dag.py
[2025-07-05T10:34:15.842+0000] {logging_mixin.py:190} INFO - [2025-07-05T10:34:15.842+0000] {dag.py:3239} INFO - Sync 1 DAGs
[2025-07-05T10:34:15.857+0000] {logging_mixin.py:190} INFO - [2025-07-05T10:34:15.857+0000] {dag.py:4180} INFO - Setting next_dagrun for tutorial_dag to None, run_after=None
[2025-07-05T10:34:15.870+0000] {processor.py:208} INFO - Processing /home/airflow/.local/lib/python3.12/site-packages/airflow/example_dags/tutorial_dag.py took 0.078 seconds
[2025-07-05T10:34:46.267+0000] {processor.py:186} INFO - Started process (PID=3975) to work on /home/airflow/.local/lib/python3.12/site-packages/airflow/example_dags/tutorial_dag.py
[2025-07-05T10:34:46.276+0000] {processor.py:914} INFO - Processing file /home/airflow/.local/lib/python3.12/site-packages/airflow/example_dags/tutorial_dag.py for tasks to queue
[2025-07-05T10:34:46.289+0000] {logging_mixin.py:190} INFO - [2025-07-05T10:34:46.286+0000] {dagbag.py:588} INFO - Filling up the DagBag from /home/airflow/.local/lib/python3.12/site-packages/airflow/example_dags/tutorial_dag.py
[2025-07-05T10:34:46.317+0000] {processor.py:925} INFO - DAG(s) 'tutorial_dag' retrieved from /home/airflow/.local/lib/python3.12/site-packages/airflow/example_dags/tutorial_dag.py
[2025-07-05T10:34:46.394+0000] {logging_mixin.py:190} INFO - [2025-07-05T10:34:46.394+0000] {dag.py:3239} INFO - Sync 1 DAGs
[2025-07-05T10:34:46.431+0000] {logging_mixin.py:190} INFO - [2025-07-05T10:34:46.431+0000] {dag.py:4180} INFO - Setting next_dagrun for tutorial_dag to None, run_after=None
[2025-07-05T10:34:46.450+0000] {processor.py:208} INFO - Processing /home/airflow/.local/lib/python3.12/site-packages/airflow/example_dags/tutorial_dag.py took 0.221 seconds
[2025-07-05T10:35:17.243+0000] {processor.py:186} INFO - Started process (PID=4037) to work on /home/airflow/.local/lib/python3.12/site-packages/airflow/example_dags/tutorial_dag.py
[2025-07-05T10:35:17.245+0000] {processor.py:914} INFO - Processing file /home/airflow/.local/lib/python3.12/site-packages/airflow/example_dags/tutorial_dag.py for tasks to queue
[2025-07-05T10:35:17.249+0000] {logging_mixin.py:190} INFO - [2025-07-05T10:35:17.248+0000] {dagbag.py:588} INFO - Filling up the DagBag from /home/airflow/.local/lib/python3.12/site-packages/airflow/example_dags/tutorial_dag.py
[2025-07-05T10:35:17.266+0000] {processor.py:925} INFO - DAG(s) 'tutorial_dag' retrieved from /home/airflow/.local/lib/python3.12/site-packages/airflow/example_dags/tutorial_dag.py
[2025-07-05T10:35:17.305+0000] {logging_mixin.py:190} INFO - [2025-07-05T10:35:17.305+0000] {dag.py:3239} INFO - Sync 1 DAGs
[2025-07-05T10:35:17.326+0000] {logging_mixin.py:190} INFO - [2025-07-05T10:35:17.325+0000] {dag.py:4180} INFO - Setting next_dagrun for tutorial_dag to None, run_after=None
[2025-07-05T10:35:17.382+0000] {processor.py:208} INFO - Processing /home/airflow/.local/lib/python3.12/site-packages/airflow/example_dags/tutorial_dag.py took 0.153 seconds
[2025-07-05T10:35:48.202+0000] {processor.py:186} INFO - Started process (PID=4099) to work on /home/airflow/.local/lib/python3.12/site-packages/airflow/example_dags/tutorial_dag.py
[2025-07-05T10:35:48.204+0000] {processor.py:914} INFO - Processing file /home/airflow/.local/lib/python3.12/site-packages/airflow/example_dags/tutorial_dag.py for tasks to queue
[2025-07-05T10:35:48.214+0000] {logging_mixin.py:190} INFO - [2025-07-05T10:35:48.214+0000] {dagbag.py:588} INFO - Filling up the DagBag from /home/airflow/.local/lib/python3.12/site-packages/airflow/example_dags/tutorial_dag.py
[2025-07-05T10:35:48.230+0000] {processor.py:925} INFO - DAG(s) 'tutorial_dag' retrieved from /home/airflow/.local/lib/python3.12/site-packages/airflow/example_dags/tutorial_dag.py
[2025-07-05T10:35:48.271+0000] {logging_mixin.py:190} INFO - [2025-07-05T10:35:48.271+0000] {dag.py:3239} INFO - Sync 1 DAGs
[2025-07-05T10:35:48.290+0000] {logging_mixin.py:190} INFO - [2025-07-05T10:35:48.290+0000] {dag.py:4180} INFO - Setting next_dagrun for tutorial_dag to None, run_after=None
[2025-07-05T10:35:48.308+0000] {processor.py:208} INFO - Processing /home/airflow/.local/lib/python3.12/site-packages/airflow/example_dags/tutorial_dag.py took 0.131 seconds
[2025-07-05T10:36:18.525+0000] {processor.py:186} INFO - Started process (PID=4161) to work on /home/airflow/.local/lib/python3.12/site-packages/airflow/example_dags/tutorial_dag.py
[2025-07-05T10:36:18.527+0000] {processor.py:914} INFO - Processing file /home/airflow/.local/lib/python3.12/site-packages/airflow/example_dags/tutorial_dag.py for tasks to queue
[2025-07-05T10:36:18.535+0000] {logging_mixin.py:190} INFO - [2025-07-05T10:36:18.534+0000] {dagbag.py:588} INFO - Filling up the DagBag from /home/airflow/.local/lib/python3.12/site-packages/airflow/example_dags/tutorial_dag.py
[2025-07-05T10:36:18.554+0000] {processor.py:925} INFO - DAG(s) 'tutorial_dag' retrieved from /home/airflow/.local/lib/python3.12/site-packages/airflow/example_dags/tutorial_dag.py
[2025-07-05T10:36:18.596+0000] {logging_mixin.py:190} INFO - [2025-07-05T10:36:18.596+0000] {dag.py:3239} INFO - Sync 1 DAGs
[2025-07-05T10:36:18.612+0000] {logging_mixin.py:190} INFO - [2025-07-05T10:36:18.612+0000] {dag.py:4180} INFO - Setting next_dagrun for tutorial_dag to None, run_after=None
[2025-07-05T10:36:18.631+0000] {processor.py:208} INFO - Processing /home/airflow/.local/lib/python3.12/site-packages/airflow/example_dags/tutorial_dag.py took 0.129 seconds
[2025-07-05T10:36:48.751+0000] {processor.py:186} INFO - Started process (PID=4223) to work on /home/airflow/.local/lib/python3.12/site-packages/airflow/example_dags/tutorial_dag.py
[2025-07-05T10:36:48.755+0000] {processor.py:914} INFO - Processing file /home/airflow/.local/lib/python3.12/site-packages/airflow/example_dags/tutorial_dag.py for tasks to queue
[2025-07-05T10:36:48.767+0000] {logging_mixin.py:190} INFO - [2025-07-05T10:36:48.766+0000] {dagbag.py:588} INFO - Filling up the DagBag from /home/airflow/.local/lib/python3.12/site-packages/airflow/example_dags/tutorial_dag.py
[2025-07-05T10:36:48.784+0000] {processor.py:925} INFO - DAG(s) 'tutorial_dag' retrieved from /home/airflow/.local/lib/python3.12/site-packages/airflow/example_dags/tutorial_dag.py
[2025-07-05T10:36:48.838+0000] {logging_mixin.py:190} INFO - [2025-07-05T10:36:48.838+0000] {dag.py:3239} INFO - Sync 1 DAGs
[2025-07-05T10:36:48.856+0000] {logging_mixin.py:190} INFO - [2025-07-05T10:36:48.856+0000] {dag.py:4180} INFO - Setting next_dagrun for tutorial_dag to None, run_after=None
[2025-07-05T10:36:48.877+0000] {processor.py:208} INFO - Processing /home/airflow/.local/lib/python3.12/site-packages/airflow/example_dags/tutorial_dag.py took 0.155 seconds
[2025-07-05T10:37:19.518+0000] {processor.py:186} INFO - Started process (PID=4285) to work on /home/airflow/.local/lib/python3.12/site-packages/airflow/example_dags/tutorial_dag.py
[2025-07-05T10:37:19.520+0000] {processor.py:914} INFO - Processing file /home/airflow/.local/lib/python3.12/site-packages/airflow/example_dags/tutorial_dag.py for tasks to queue
[2025-07-05T10:37:19.534+0000] {logging_mixin.py:190} INFO - [2025-07-05T10:37:19.532+0000] {dagbag.py:588} INFO - Filling up the DagBag from /home/airflow/.local/lib/python3.12/site-packages/airflow/example_dags/tutorial_dag.py
[2025-07-05T10:37:19.549+0000] {processor.py:925} INFO - DAG(s) 'tutorial_dag' retrieved from /home/airflow/.local/lib/python3.12/site-packages/airflow/example_dags/tutorial_dag.py
[2025-07-05T10:37:19.588+0000] {logging_mixin.py:190} INFO - [2025-07-05T10:37:19.587+0000] {dag.py:3239} INFO - Sync 1 DAGs
[2025-07-05T10:37:19.609+0000] {logging_mixin.py:190} INFO - [2025-07-05T10:37:19.608+0000] {dag.py:4180} INFO - Setting next_dagrun for tutorial_dag to None, run_after=None
[2025-07-05T10:37:19.628+0000] {processor.py:208} INFO - Processing /home/airflow/.local/lib/python3.12/site-packages/airflow/example_dags/tutorial_dag.py took 0.129 seconds
[2025-07-05T10:37:49.761+0000] {processor.py:186} INFO - Started process (PID=4347) to work on /home/airflow/.local/lib/python3.12/site-packages/airflow/example_dags/tutorial_dag.py
[2025-07-05T10:37:49.763+0000] {processor.py:914} INFO - Processing file /home/airflow/.local/lib/python3.12/site-packages/airflow/example_dags/tutorial_dag.py for tasks to queue
[2025-07-05T10:37:49.769+0000] {logging_mixin.py:190} INFO - [2025-07-05T10:37:49.769+0000] {dagbag.py:588} INFO - Filling up the DagBag from /home/airflow/.local/lib/python3.12/site-packages/airflow/example_dags/tutorial_dag.py
[2025-07-05T10:37:49.794+0000] {processor.py:925} INFO - DAG(s) 'tutorial_dag' retrieved from /home/airflow/.local/lib/python3.12/site-packages/airflow/example_dags/tutorial_dag.py
[2025-07-05T10:37:49.865+0000] {logging_mixin.py:190} INFO - [2025-07-05T10:37:49.865+0000] {dag.py:3239} INFO - Sync 1 DAGs
[2025-07-05T10:37:50.054+0000] {logging_mixin.py:190} INFO - [2025-07-05T10:37:50.053+0000] {dag.py:4180} INFO - Setting next_dagrun for tutorial_dag to None, run_after=None
[2025-07-05T10:37:50.095+0000] {processor.py:208} INFO - Processing /home/airflow/.local/lib/python3.12/site-packages/airflow/example_dags/tutorial_dag.py took 0.364 seconds
[2025-07-05T10:38:20.819+0000] {processor.py:186} INFO - Started process (PID=4409) to work on /home/airflow/.local/lib/python3.12/site-packages/airflow/example_dags/tutorial_dag.py
[2025-07-05T10:38:20.821+0000] {processor.py:914} INFO - Processing file /home/airflow/.local/lib/python3.12/site-packages/airflow/example_dags/tutorial_dag.py for tasks to queue
[2025-07-05T10:38:20.835+0000] {logging_mixin.py:190} INFO - [2025-07-05T10:38:20.829+0000] {dagbag.py:588} INFO - Filling up the DagBag from /home/airflow/.local/lib/python3.12/site-packages/airflow/example_dags/tutorial_dag.py
[2025-07-05T10:38:20.857+0000] {processor.py:925} INFO - DAG(s) 'tutorial_dag' retrieved from /home/airflow/.local/lib/python3.12/site-packages/airflow/example_dags/tutorial_dag.py
[2025-07-05T10:38:20.912+0000] {logging_mixin.py:190} INFO - [2025-07-05T10:38:20.912+0000] {dag.py:3239} INFO - Sync 1 DAGs
[2025-07-05T10:38:20.941+0000] {logging_mixin.py:190} INFO - [2025-07-05T10:38:20.941+0000] {dag.py:4180} INFO - Setting next_dagrun for tutorial_dag to None, run_after=None
[2025-07-05T10:38:20.969+0000] {processor.py:208} INFO - Processing /home/airflow/.local/lib/python3.12/site-packages/airflow/example_dags/tutorial_dag.py took 0.170 seconds
[2025-07-05T10:38:52.020+0000] {processor.py:186} INFO - Started process (PID=4471) to work on /home/airflow/.local/lib/python3.12/site-packages/airflow/example_dags/tutorial_dag.py
[2025-07-05T10:38:52.022+0000] {processor.py:914} INFO - Processing file /home/airflow/.local/lib/python3.12/site-packages/airflow/example_dags/tutorial_dag.py for tasks to queue
[2025-07-05T10:38:52.027+0000] {logging_mixin.py:190} INFO - [2025-07-05T10:38:52.027+0000] {dagbag.py:588} INFO - Filling up the DagBag from /home/airflow/.local/lib/python3.12/site-packages/airflow/example_dags/tutorial_dag.py
[2025-07-05T10:38:52.053+0000] {processor.py:925} INFO - DAG(s) 'tutorial_dag' retrieved from /home/airflow/.local/lib/python3.12/site-packages/airflow/example_dags/tutorial_dag.py
[2025-07-05T10:38:52.103+0000] {logging_mixin.py:190} INFO - [2025-07-05T10:38:52.103+0000] {dag.py:3239} INFO - Sync 1 DAGs
[2025-07-05T10:38:52.127+0000] {logging_mixin.py:190} INFO - [2025-07-05T10:38:52.127+0000] {dag.py:4180} INFO - Setting next_dagrun for tutorial_dag to None, run_after=None
[2025-07-05T10:38:52.145+0000] {processor.py:208} INFO - Processing /home/airflow/.local/lib/python3.12/site-packages/airflow/example_dags/tutorial_dag.py took 0.160 seconds
[2025-07-05T10:39:22.600+0000] {processor.py:186} INFO - Started process (PID=4533) to work on /home/airflow/.local/lib/python3.12/site-packages/airflow/example_dags/tutorial_dag.py
[2025-07-05T10:39:22.602+0000] {processor.py:914} INFO - Processing file /home/airflow/.local/lib/python3.12/site-packages/airflow/example_dags/tutorial_dag.py for tasks to queue
[2025-07-05T10:39:22.609+0000] {logging_mixin.py:190} INFO - [2025-07-05T10:39:22.608+0000] {dagbag.py:588} INFO - Filling up the DagBag from /home/airflow/.local/lib/python3.12/site-packages/airflow/example_dags/tutorial_dag.py
[2025-07-05T10:39:22.633+0000] {processor.py:925} INFO - DAG(s) 'tutorial_dag' retrieved from /home/airflow/.local/lib/python3.12/site-packages/airflow/example_dags/tutorial_dag.py
[2025-07-05T10:39:22.680+0000] {logging_mixin.py:190} INFO - [2025-07-05T10:39:22.679+0000] {dag.py:3239} INFO - Sync 1 DAGs
[2025-07-05T10:39:22.699+0000] {logging_mixin.py:190} INFO - [2025-07-05T10:39:22.699+0000] {dag.py:4180} INFO - Setting next_dagrun for tutorial_dag to None, run_after=None
[2025-07-05T10:39:22.725+0000] {processor.py:208} INFO - Processing /home/airflow/.local/lib/python3.12/site-packages/airflow/example_dags/tutorial_dag.py took 0.145 seconds
[2025-07-05T10:39:52.976+0000] {processor.py:186} INFO - Started process (PID=4595) to work on /home/airflow/.local/lib/python3.12/site-packages/airflow/example_dags/tutorial_dag.py
[2025-07-05T10:39:52.978+0000] {processor.py:914} INFO - Processing file /home/airflow/.local/lib/python3.12/site-packages/airflow/example_dags/tutorial_dag.py for tasks to queue
[2025-07-05T10:39:52.984+0000] {logging_mixin.py:190} INFO - [2025-07-05T10:39:52.983+0000] {dagbag.py:588} INFO - Filling up the DagBag from /home/airflow/.local/lib/python3.12/site-packages/airflow/example_dags/tutorial_dag.py
[2025-07-05T10:39:53.007+0000] {processor.py:925} INFO - DAG(s) 'tutorial_dag' retrieved from /home/airflow/.local/lib/python3.12/site-packages/airflow/example_dags/tutorial_dag.py
[2025-07-05T10:39:53.047+0000] {logging_mixin.py:190} INFO - [2025-07-05T10:39:53.047+0000] {dag.py:3239} INFO - Sync 1 DAGs
[2025-07-05T10:39:53.072+0000] {logging_mixin.py:190} INFO - [2025-07-05T10:39:53.072+0000] {dag.py:4180} INFO - Setting next_dagrun for tutorial_dag to None, run_after=None
[2025-07-05T10:39:53.090+0000] {processor.py:208} INFO - Processing /home/airflow/.local/lib/python3.12/site-packages/airflow/example_dags/tutorial_dag.py took 0.138 seconds
[2025-07-05T10:40:23.765+0000] {processor.py:186} INFO - Started process (PID=4657) to work on /home/airflow/.local/lib/python3.12/site-packages/airflow/example_dags/tutorial_dag.py
[2025-07-05T10:40:23.772+0000] {processor.py:914} INFO - Processing file /home/airflow/.local/lib/python3.12/site-packages/airflow/example_dags/tutorial_dag.py for tasks to queue
[2025-07-05T10:40:23.781+0000] {logging_mixin.py:190} INFO - [2025-07-05T10:40:23.780+0000] {dagbag.py:588} INFO - Filling up the DagBag from /home/airflow/.local/lib/python3.12/site-packages/airflow/example_dags/tutorial_dag.py
[2025-07-05T10:40:23.806+0000] {processor.py:925} INFO - DAG(s) 'tutorial_dag' retrieved from /home/airflow/.local/lib/python3.12/site-packages/airflow/example_dags/tutorial_dag.py
[2025-07-05T10:40:23.854+0000] {logging_mixin.py:190} INFO - [2025-07-05T10:40:23.854+0000] {dag.py:3239} INFO - Sync 1 DAGs
[2025-07-05T10:40:23.880+0000] {logging_mixin.py:190} INFO - [2025-07-05T10:40:23.880+0000] {dag.py:4180} INFO - Setting next_dagrun for tutorial_dag to None, run_after=None
[2025-07-05T10:40:23.907+0000] {processor.py:208} INFO - Processing /home/airflow/.local/lib/python3.12/site-packages/airflow/example_dags/tutorial_dag.py took 0.166 seconds
[2025-07-05T10:40:54.661+0000] {processor.py:186} INFO - Started process (PID=4719) to work on /home/airflow/.local/lib/python3.12/site-packages/airflow/example_dags/tutorial_dag.py
[2025-07-05T10:40:54.665+0000] {processor.py:914} INFO - Processing file /home/airflow/.local/lib/python3.12/site-packages/airflow/example_dags/tutorial_dag.py for tasks to queue
[2025-07-05T10:40:54.672+0000] {logging_mixin.py:190} INFO - [2025-07-05T10:40:54.672+0000] {dagbag.py:588} INFO - Filling up the DagBag from /home/airflow/.local/lib/python3.12/site-packages/airflow/example_dags/tutorial_dag.py
[2025-07-05T10:40:54.694+0000] {processor.py:925} INFO - DAG(s) 'tutorial_dag' retrieved from /home/airflow/.local/lib/python3.12/site-packages/airflow/example_dags/tutorial_dag.py
[2025-07-05T10:40:54.746+0000] {logging_mixin.py:190} INFO - [2025-07-05T10:40:54.746+0000] {dag.py:3239} INFO - Sync 1 DAGs
[2025-07-05T10:40:54.765+0000] {logging_mixin.py:190} INFO - [2025-07-05T10:40:54.764+0000] {dag.py:4180} INFO - Setting next_dagrun for tutorial_dag to None, run_after=None
[2025-07-05T10:40:54.788+0000] {processor.py:208} INFO - Processing /home/airflow/.local/lib/python3.12/site-packages/airflow/example_dags/tutorial_dag.py took 0.153 seconds
[2025-07-05T10:41:25.681+0000] {processor.py:186} INFO - Started process (PID=4781) to work on /home/airflow/.local/lib/python3.12/site-packages/airflow/example_dags/tutorial_dag.py
[2025-07-05T10:41:25.684+0000] {processor.py:914} INFO - Processing file /home/airflow/.local/lib/python3.12/site-packages/airflow/example_dags/tutorial_dag.py for tasks to queue
[2025-07-05T10:41:25.692+0000] {logging_mixin.py:190} INFO - [2025-07-05T10:41:25.691+0000] {dagbag.py:588} INFO - Filling up the DagBag from /home/airflow/.local/lib/python3.12/site-packages/airflow/example_dags/tutorial_dag.py
[2025-07-05T10:41:25.830+0000] {processor.py:925} INFO - DAG(s) 'tutorial_dag' retrieved from /home/airflow/.local/lib/python3.12/site-packages/airflow/example_dags/tutorial_dag.py
[2025-07-05T10:41:26.013+0000] {logging_mixin.py:190} INFO - [2025-07-05T10:41:26.013+0000] {dag.py:3239} INFO - Sync 1 DAGs
[2025-07-05T10:41:26.095+0000] {logging_mixin.py:190} INFO - [2025-07-05T10:41:26.094+0000] {dag.py:4180} INFO - Setting next_dagrun for tutorial_dag to None, run_after=None
[2025-07-05T10:41:26.164+0000] {processor.py:208} INFO - Processing /home/airflow/.local/lib/python3.12/site-packages/airflow/example_dags/tutorial_dag.py took 0.513 seconds
[2025-07-05T10:41:56.394+0000] {processor.py:186} INFO - Started process (PID=4843) to work on /home/airflow/.local/lib/python3.12/site-packages/airflow/example_dags/tutorial_dag.py
[2025-07-05T10:41:56.396+0000] {processor.py:914} INFO - Processing file /home/airflow/.local/lib/python3.12/site-packages/airflow/example_dags/tutorial_dag.py for tasks to queue
[2025-07-05T10:41:56.406+0000] {logging_mixin.py:190} INFO - [2025-07-05T10:41:56.405+0000] {dagbag.py:588} INFO - Filling up the DagBag from /home/airflow/.local/lib/python3.12/site-packages/airflow/example_dags/tutorial_dag.py
[2025-07-05T10:41:56.427+0000] {processor.py:925} INFO - DAG(s) 'tutorial_dag' retrieved from /home/airflow/.local/lib/python3.12/site-packages/airflow/example_dags/tutorial_dag.py
[2025-07-05T10:41:56.473+0000] {logging_mixin.py:190} INFO - [2025-07-05T10:41:56.473+0000] {dag.py:3239} INFO - Sync 1 DAGs
[2025-07-05T10:41:56.491+0000] {logging_mixin.py:190} INFO - [2025-07-05T10:41:56.491+0000] {dag.py:4180} INFO - Setting next_dagrun for tutorial_dag to None, run_after=None
[2025-07-05T10:41:56.524+0000] {processor.py:208} INFO - Processing /home/airflow/.local/lib/python3.12/site-packages/airflow/example_dags/tutorial_dag.py took 0.152 seconds
[2025-07-05T10:42:27.299+0000] {processor.py:186} INFO - Started process (PID=4905) to work on /home/airflow/.local/lib/python3.12/site-packages/airflow/example_dags/tutorial_dag.py
[2025-07-05T10:42:27.303+0000] {processor.py:914} INFO - Processing file /home/airflow/.local/lib/python3.12/site-packages/airflow/example_dags/tutorial_dag.py for tasks to queue
[2025-07-05T10:42:27.342+0000] {logging_mixin.py:190} INFO - [2025-07-05T10:42:27.340+0000] {dagbag.py:588} INFO - Filling up the DagBag from /home/airflow/.local/lib/python3.12/site-packages/airflow/example_dags/tutorial_dag.py
[2025-07-05T10:42:27.383+0000] {processor.py:925} INFO - DAG(s) 'tutorial_dag' retrieved from /home/airflow/.local/lib/python3.12/site-packages/airflow/example_dags/tutorial_dag.py
[2025-07-05T10:42:27.460+0000] {logging_mixin.py:190} INFO - [2025-07-05T10:42:27.460+0000] {dag.py:3239} INFO - Sync 1 DAGs
[2025-07-05T10:42:27.498+0000] {logging_mixin.py:190} INFO - [2025-07-05T10:42:27.497+0000] {dag.py:4180} INFO - Setting next_dagrun for tutorial_dag to None, run_after=None
[2025-07-05T10:42:27.538+0000] {processor.py:208} INFO - Processing /home/airflow/.local/lib/python3.12/site-packages/airflow/example_dags/tutorial_dag.py took 0.309 seconds
[2025-07-05T10:42:58.360+0000] {processor.py:186} INFO - Started process (PID=4967) to work on /home/airflow/.local/lib/python3.12/site-packages/airflow/example_dags/tutorial_dag.py
[2025-07-05T10:42:58.365+0000] {processor.py:914} INFO - Processing file /home/airflow/.local/lib/python3.12/site-packages/airflow/example_dags/tutorial_dag.py for tasks to queue
[2025-07-05T10:42:58.380+0000] {logging_mixin.py:190} INFO - [2025-07-05T10:42:58.379+0000] {dagbag.py:588} INFO - Filling up the DagBag from /home/airflow/.local/lib/python3.12/site-packages/airflow/example_dags/tutorial_dag.py
[2025-07-05T10:42:58.425+0000] {processor.py:925} INFO - DAG(s) 'tutorial_dag' retrieved from /home/airflow/.local/lib/python3.12/site-packages/airflow/example_dags/tutorial_dag.py
[2025-07-05T10:42:58.462+0000] {logging_mixin.py:190} INFO - [2025-07-05T10:42:58.462+0000] {dag.py:3239} INFO - Sync 1 DAGs
[2025-07-05T10:42:58.499+0000] {logging_mixin.py:190} INFO - [2025-07-05T10:42:58.499+0000] {dag.py:4180} INFO - Setting next_dagrun for tutorial_dag to None, run_after=None
[2025-07-05T10:42:58.538+0000] {processor.py:208} INFO - Processing /home/airflow/.local/lib/python3.12/site-packages/airflow/example_dags/tutorial_dag.py took 0.196 seconds
[2025-07-05T10:43:28.862+0000] {processor.py:186} INFO - Started process (PID=5029) to work on /home/airflow/.local/lib/python3.12/site-packages/airflow/example_dags/tutorial_dag.py
[2025-07-05T10:43:28.864+0000] {processor.py:914} INFO - Processing file /home/airflow/.local/lib/python3.12/site-packages/airflow/example_dags/tutorial_dag.py for tasks to queue
[2025-07-05T10:43:28.875+0000] {logging_mixin.py:190} INFO - [2025-07-05T10:43:28.875+0000] {dagbag.py:588} INFO - Filling up the DagBag from /home/airflow/.local/lib/python3.12/site-packages/airflow/example_dags/tutorial_dag.py
[2025-07-05T10:43:28.904+0000] {processor.py:925} INFO - DAG(s) 'tutorial_dag' retrieved from /home/airflow/.local/lib/python3.12/site-packages/airflow/example_dags/tutorial_dag.py
[2025-07-05T10:43:28.955+0000] {logging_mixin.py:190} INFO - [2025-07-05T10:43:28.955+0000] {dag.py:3239} INFO - Sync 1 DAGs
[2025-07-05T10:43:28.977+0000] {logging_mixin.py:190} INFO - [2025-07-05T10:43:28.977+0000] {dag.py:4180} INFO - Setting next_dagrun for tutorial_dag to None, run_after=None
[2025-07-05T10:43:29.003+0000] {processor.py:208} INFO - Processing /home/airflow/.local/lib/python3.12/site-packages/airflow/example_dags/tutorial_dag.py took 0.172 seconds
[2025-07-05T10:43:59.257+0000] {processor.py:186} INFO - Started process (PID=5091) to work on /home/airflow/.local/lib/python3.12/site-packages/airflow/example_dags/tutorial_dag.py
[2025-07-05T10:43:59.260+0000] {processor.py:914} INFO - Processing file /home/airflow/.local/lib/python3.12/site-packages/airflow/example_dags/tutorial_dag.py for tasks to queue
[2025-07-05T10:43:59.273+0000] {logging_mixin.py:190} INFO - [2025-07-05T10:43:59.272+0000] {dagbag.py:588} INFO - Filling up the DagBag from /home/airflow/.local/lib/python3.12/site-packages/airflow/example_dags/tutorial_dag.py
[2025-07-05T10:43:59.302+0000] {processor.py:925} INFO - DAG(s) 'tutorial_dag' retrieved from /home/airflow/.local/lib/python3.12/site-packages/airflow/example_dags/tutorial_dag.py
[2025-07-05T10:43:59.348+0000] {logging_mixin.py:190} INFO - [2025-07-05T10:43:59.348+0000] {dag.py:3239} INFO - Sync 1 DAGs
[2025-07-05T10:43:59.371+0000] {logging_mixin.py:190} INFO - [2025-07-05T10:43:59.370+0000] {dag.py:4180} INFO - Setting next_dagrun for tutorial_dag to None, run_after=None
[2025-07-05T10:43:59.392+0000] {processor.py:208} INFO - Processing /home/airflow/.local/lib/python3.12/site-packages/airflow/example_dags/tutorial_dag.py took 0.166 seconds
[2025-07-05T10:44:29.566+0000] {processor.py:186} INFO - Started process (PID=5153) to work on /home/airflow/.local/lib/python3.12/site-packages/airflow/example_dags/tutorial_dag.py
[2025-07-05T10:44:29.571+0000] {processor.py:914} INFO - Processing file /home/airflow/.local/lib/python3.12/site-packages/airflow/example_dags/tutorial_dag.py for tasks to queue
[2025-07-05T10:44:29.577+0000] {logging_mixin.py:190} INFO - [2025-07-05T10:44:29.576+0000] {dagbag.py:588} INFO - Filling up the DagBag from /home/airflow/.local/lib/python3.12/site-packages/airflow/example_dags/tutorial_dag.py
[2025-07-05T10:44:29.630+0000] {processor.py:925} INFO - DAG(s) 'tutorial_dag' retrieved from /home/airflow/.local/lib/python3.12/site-packages/airflow/example_dags/tutorial_dag.py
[2025-07-05T10:44:29.713+0000] {logging_mixin.py:190} INFO - [2025-07-05T10:44:29.712+0000] {dag.py:3239} INFO - Sync 1 DAGs
[2025-07-05T10:44:29.921+0000] {logging_mixin.py:190} INFO - [2025-07-05T10:44:29.921+0000] {dag.py:4180} INFO - Setting next_dagrun for tutorial_dag to None, run_after=None
[2025-07-05T10:44:29.967+0000] {processor.py:208} INFO - Processing /home/airflow/.local/lib/python3.12/site-packages/airflow/example_dags/tutorial_dag.py took 0.424 seconds
[2025-07-05T10:45:00.986+0000] {processor.py:186} INFO - Started process (PID=5215) to work on /home/airflow/.local/lib/python3.12/site-packages/airflow/example_dags/tutorial_dag.py
[2025-07-05T10:45:00.992+0000] {processor.py:914} INFO - Processing file /home/airflow/.local/lib/python3.12/site-packages/airflow/example_dags/tutorial_dag.py for tasks to queue
[2025-07-05T10:45:01.002+0000] {logging_mixin.py:190} INFO - [2025-07-05T10:45:01.001+0000] {dagbag.py:588} INFO - Filling up the DagBag from /home/airflow/.local/lib/python3.12/site-packages/airflow/example_dags/tutorial_dag.py
[2025-07-05T10:45:01.018+0000] {processor.py:925} INFO - DAG(s) 'tutorial_dag' retrieved from /home/airflow/.local/lib/python3.12/site-packages/airflow/example_dags/tutorial_dag.py
[2025-07-05T10:45:01.062+0000] {logging_mixin.py:190} INFO - [2025-07-05T10:45:01.061+0000] {dag.py:3239} INFO - Sync 1 DAGs
[2025-07-05T10:45:01.082+0000] {logging_mixin.py:190} INFO - [2025-07-05T10:45:01.082+0000] {dag.py:4180} INFO - Setting next_dagrun for tutorial_dag to None, run_after=None
[2025-07-05T10:45:01.101+0000] {processor.py:208} INFO - Processing /home/airflow/.local/lib/python3.12/site-packages/airflow/example_dags/tutorial_dag.py took 0.151 seconds
[2025-07-05T10:45:31.763+0000] {processor.py:186} INFO - Started process (PID=5277) to work on /home/airflow/.local/lib/python3.12/site-packages/airflow/example_dags/tutorial_dag.py
[2025-07-05T10:45:31.766+0000] {processor.py:914} INFO - Processing file /home/airflow/.local/lib/python3.12/site-packages/airflow/example_dags/tutorial_dag.py for tasks to queue
[2025-07-05T10:45:31.772+0000] {logging_mixin.py:190} INFO - [2025-07-05T10:45:31.771+0000] {dagbag.py:588} INFO - Filling up the DagBag from /home/airflow/.local/lib/python3.12/site-packages/airflow/example_dags/tutorial_dag.py
[2025-07-05T10:45:31.793+0000] {processor.py:925} INFO - DAG(s) 'tutorial_dag' retrieved from /home/airflow/.local/lib/python3.12/site-packages/airflow/example_dags/tutorial_dag.py
[2025-07-05T10:45:31.842+0000] {logging_mixin.py:190} INFO - [2025-07-05T10:45:31.841+0000] {dag.py:3239} INFO - Sync 1 DAGs
[2025-07-05T10:45:31.866+0000] {logging_mixin.py:190} INFO - [2025-07-05T10:45:31.866+0000] {dag.py:4180} INFO - Setting next_dagrun for tutorial_dag to None, run_after=None
[2025-07-05T10:45:31.892+0000] {processor.py:208} INFO - Processing /home/airflow/.local/lib/python3.12/site-packages/airflow/example_dags/tutorial_dag.py took 0.155 seconds
[2025-07-05T10:46:02.700+0000] {processor.py:186} INFO - Started process (PID=5339) to work on /home/airflow/.local/lib/python3.12/site-packages/airflow/example_dags/tutorial_dag.py
[2025-07-05T10:46:02.702+0000] {processor.py:914} INFO - Processing file /home/airflow/.local/lib/python3.12/site-packages/airflow/example_dags/tutorial_dag.py for tasks to queue
[2025-07-05T10:46:02.710+0000] {logging_mixin.py:190} INFO - [2025-07-05T10:46:02.708+0000] {dagbag.py:588} INFO - Filling up the DagBag from /home/airflow/.local/lib/python3.12/site-packages/airflow/example_dags/tutorial_dag.py
[2025-07-05T10:46:02.724+0000] {processor.py:925} INFO - DAG(s) 'tutorial_dag' retrieved from /home/airflow/.local/lib/python3.12/site-packages/airflow/example_dags/tutorial_dag.py
[2025-07-05T10:46:02.757+0000] {logging_mixin.py:190} INFO - [2025-07-05T10:46:02.756+0000] {dag.py:3239} INFO - Sync 1 DAGs
[2025-07-05T10:46:02.776+0000] {logging_mixin.py:190} INFO - [2025-07-05T10:46:02.776+0000] {dag.py:4180} INFO - Setting next_dagrun for tutorial_dag to None, run_after=None
[2025-07-05T10:46:02.799+0000] {processor.py:208} INFO - Processing /home/airflow/.local/lib/python3.12/site-packages/airflow/example_dags/tutorial_dag.py took 0.114 seconds
[2025-07-05T10:46:32.907+0000] {processor.py:186} INFO - Started process (PID=5401) to work on /home/airflow/.local/lib/python3.12/site-packages/airflow/example_dags/tutorial_dag.py
[2025-07-05T10:46:32.913+0000] {processor.py:914} INFO - Processing file /home/airflow/.local/lib/python3.12/site-packages/airflow/example_dags/tutorial_dag.py for tasks to queue
[2025-07-05T10:46:32.917+0000] {logging_mixin.py:190} INFO - [2025-07-05T10:46:32.916+0000] {dagbag.py:588} INFO - Filling up the DagBag from /home/airflow/.local/lib/python3.12/site-packages/airflow/example_dags/tutorial_dag.py
[2025-07-05T10:46:32.933+0000] {processor.py:925} INFO - DAG(s) 'tutorial_dag' retrieved from /home/airflow/.local/lib/python3.12/site-packages/airflow/example_dags/tutorial_dag.py
[2025-07-05T10:46:32.974+0000] {logging_mixin.py:190} INFO - [2025-07-05T10:46:32.974+0000] {dag.py:3239} INFO - Sync 1 DAGs
[2025-07-05T10:46:32.992+0000] {logging_mixin.py:190} INFO - [2025-07-05T10:46:32.992+0000] {dag.py:4180} INFO - Setting next_dagrun for tutorial_dag to None, run_after=None
[2025-07-05T10:46:33.010+0000] {processor.py:208} INFO - Processing /home/airflow/.local/lib/python3.12/site-packages/airflow/example_dags/tutorial_dag.py took 0.128 seconds
[2025-07-05T10:47:03.442+0000] {processor.py:186} INFO - Started process (PID=5463) to work on /home/airflow/.local/lib/python3.12/site-packages/airflow/example_dags/tutorial_dag.py
[2025-07-05T10:47:03.447+0000] {processor.py:914} INFO - Processing file /home/airflow/.local/lib/python3.12/site-packages/airflow/example_dags/tutorial_dag.py for tasks to queue
[2025-07-05T10:47:03.451+0000] {logging_mixin.py:190} INFO - [2025-07-05T10:47:03.451+0000] {dagbag.py:588} INFO - Filling up the DagBag from /home/airflow/.local/lib/python3.12/site-packages/airflow/example_dags/tutorial_dag.py
[2025-07-05T10:47:03.470+0000] {processor.py:925} INFO - DAG(s) 'tutorial_dag' retrieved from /home/airflow/.local/lib/python3.12/site-packages/airflow/example_dags/tutorial_dag.py
[2025-07-05T10:47:03.502+0000] {logging_mixin.py:190} INFO - [2025-07-05T10:47:03.502+0000] {dag.py:3239} INFO - Sync 1 DAGs
[2025-07-05T10:47:03.522+0000] {logging_mixin.py:190} INFO - [2025-07-05T10:47:03.522+0000] {dag.py:4180} INFO - Setting next_dagrun for tutorial_dag to None, run_after=None
[2025-07-05T10:47:03.542+0000] {processor.py:208} INFO - Processing /home/airflow/.local/lib/python3.12/site-packages/airflow/example_dags/tutorial_dag.py took 0.110 seconds
[2025-07-05T10:47:33.671+0000] {processor.py:186} INFO - Started process (PID=5525) to work on /home/airflow/.local/lib/python3.12/site-packages/airflow/example_dags/tutorial_dag.py
[2025-07-05T10:47:33.674+0000] {processor.py:914} INFO - Processing file /home/airflow/.local/lib/python3.12/site-packages/airflow/example_dags/tutorial_dag.py for tasks to queue
[2025-07-05T10:47:33.683+0000] {logging_mixin.py:190} INFO - [2025-07-05T10:47:33.683+0000] {dagbag.py:588} INFO - Filling up the DagBag from /home/airflow/.local/lib/python3.12/site-packages/airflow/example_dags/tutorial_dag.py
[2025-07-05T10:47:33.710+0000] {processor.py:925} INFO - DAG(s) 'tutorial_dag' retrieved from /home/airflow/.local/lib/python3.12/site-packages/airflow/example_dags/tutorial_dag.py
[2025-07-05T10:47:33.750+0000] {logging_mixin.py:190} INFO - [2025-07-05T10:47:33.750+0000] {dag.py:3239} INFO - Sync 1 DAGs
[2025-07-05T10:47:33.769+0000] {logging_mixin.py:190} INFO - [2025-07-05T10:47:33.769+0000] {dag.py:4180} INFO - Setting next_dagrun for tutorial_dag to None, run_after=None
[2025-07-05T10:47:33.799+0000] {processor.py:208} INFO - Processing /home/airflow/.local/lib/python3.12/site-packages/airflow/example_dags/tutorial_dag.py took 0.159 seconds
[2025-07-05T10:48:04.643+0000] {processor.py:186} INFO - Started process (PID=5587) to work on /home/airflow/.local/lib/python3.12/site-packages/airflow/example_dags/tutorial_dag.py
[2025-07-05T10:48:04.648+0000] {processor.py:914} INFO - Processing file /home/airflow/.local/lib/python3.12/site-packages/airflow/example_dags/tutorial_dag.py for tasks to queue
[2025-07-05T10:48:04.658+0000] {logging_mixin.py:190} INFO - [2025-07-05T10:48:04.658+0000] {dagbag.py:588} INFO - Filling up the DagBag from /home/airflow/.local/lib/python3.12/site-packages/airflow/example_dags/tutorial_dag.py
[2025-07-05T10:48:04.681+0000] {processor.py:925} INFO - DAG(s) 'tutorial_dag' retrieved from /home/airflow/.local/lib/python3.12/site-packages/airflow/example_dags/tutorial_dag.py
[2025-07-05T10:48:04.723+0000] {logging_mixin.py:190} INFO - [2025-07-05T10:48:04.722+0000] {dag.py:3239} INFO - Sync 1 DAGs
[2025-07-05T10:48:04.746+0000] {logging_mixin.py:190} INFO - [2025-07-05T10:48:04.745+0000] {dag.py:4180} INFO - Setting next_dagrun for tutorial_dag to None, run_after=None
[2025-07-05T10:48:04.774+0000] {processor.py:208} INFO - Processing /home/airflow/.local/lib/python3.12/site-packages/airflow/example_dags/tutorial_dag.py took 0.154 seconds
[2025-07-05T10:48:34.965+0000] {processor.py:186} INFO - Started process (PID=5649) to work on /home/airflow/.local/lib/python3.12/site-packages/airflow/example_dags/tutorial_dag.py
[2025-07-05T10:48:34.968+0000] {processor.py:914} INFO - Processing file /home/airflow/.local/lib/python3.12/site-packages/airflow/example_dags/tutorial_dag.py for tasks to queue
[2025-07-05T10:48:34.976+0000] {logging_mixin.py:190} INFO - [2025-07-05T10:48:34.974+0000] {dagbag.py:588} INFO - Filling up the DagBag from /home/airflow/.local/lib/python3.12/site-packages/airflow/example_dags/tutorial_dag.py
[2025-07-05T10:48:35.000+0000] {processor.py:925} INFO - DAG(s) 'tutorial_dag' retrieved from /home/airflow/.local/lib/python3.12/site-packages/airflow/example_dags/tutorial_dag.py
[2025-07-05T10:48:35.049+0000] {logging_mixin.py:190} INFO - [2025-07-05T10:48:35.048+0000] {dag.py:3239} INFO - Sync 1 DAGs
[2025-07-05T10:48:35.070+0000] {logging_mixin.py:190} INFO - [2025-07-05T10:48:35.070+0000] {dag.py:4180} INFO - Setting next_dagrun for tutorial_dag to None, run_after=None
[2025-07-05T10:48:35.087+0000] {processor.py:208} INFO - Processing /home/airflow/.local/lib/python3.12/site-packages/airflow/example_dags/tutorial_dag.py took 0.137 seconds
[2025-07-05T10:49:05.368+0000] {processor.py:186} INFO - Started process (PID=5711) to work on /home/airflow/.local/lib/python3.12/site-packages/airflow/example_dags/tutorial_dag.py
[2025-07-05T10:49:05.370+0000] {processor.py:914} INFO - Processing file /home/airflow/.local/lib/python3.12/site-packages/airflow/example_dags/tutorial_dag.py for tasks to queue
[2025-07-05T10:49:05.375+0000] {logging_mixin.py:190} INFO - [2025-07-05T10:49:05.374+0000] {dagbag.py:588} INFO - Filling up the DagBag from /home/airflow/.local/lib/python3.12/site-packages/airflow/example_dags/tutorial_dag.py
[2025-07-05T10:49:05.409+0000] {processor.py:925} INFO - DAG(s) 'tutorial_dag' retrieved from /home/airflow/.local/lib/python3.12/site-packages/airflow/example_dags/tutorial_dag.py
[2025-07-05T10:49:05.453+0000] {logging_mixin.py:190} INFO - [2025-07-05T10:49:05.453+0000] {dag.py:3239} INFO - Sync 1 DAGs
[2025-07-05T10:49:05.485+0000] {logging_mixin.py:190} INFO - [2025-07-05T10:49:05.485+0000] {dag.py:4180} INFO - Setting next_dagrun for tutorial_dag to None, run_after=None
[2025-07-05T10:49:05.512+0000] {processor.py:208} INFO - Processing /home/airflow/.local/lib/python3.12/site-packages/airflow/example_dags/tutorial_dag.py took 0.160 seconds
[2025-07-05T10:49:35.783+0000] {processor.py:186} INFO - Started process (PID=5773) to work on /home/airflow/.local/lib/python3.12/site-packages/airflow/example_dags/tutorial_dag.py
[2025-07-05T10:49:35.786+0000] {processor.py:914} INFO - Processing file /home/airflow/.local/lib/python3.12/site-packages/airflow/example_dags/tutorial_dag.py for tasks to queue
[2025-07-05T10:49:35.795+0000] {logging_mixin.py:190} INFO - [2025-07-05T10:49:35.794+0000] {dagbag.py:588} INFO - Filling up the DagBag from /home/airflow/.local/lib/python3.12/site-packages/airflow/example_dags/tutorial_dag.py
[2025-07-05T10:49:35.815+0000] {processor.py:925} INFO - DAG(s) 'tutorial_dag' retrieved from /home/airflow/.local/lib/python3.12/site-packages/airflow/example_dags/tutorial_dag.py
[2025-07-05T10:49:35.863+0000] {logging_mixin.py:190} INFO - [2025-07-05T10:49:35.863+0000] {dag.py:3239} INFO - Sync 1 DAGs
[2025-07-05T10:49:35.889+0000] {logging_mixin.py:190} INFO - [2025-07-05T10:49:35.889+0000] {dag.py:4180} INFO - Setting next_dagrun for tutorial_dag to None, run_after=None
[2025-07-05T10:49:35.931+0000] {processor.py:208} INFO - Processing /home/airflow/.local/lib/python3.12/site-packages/airflow/example_dags/tutorial_dag.py took 0.169 seconds
[2025-07-05T10:50:06.501+0000] {processor.py:186} INFO - Started process (PID=5841) to work on /home/airflow/.local/lib/python3.12/site-packages/airflow/example_dags/tutorial_dag.py
[2025-07-05T10:50:06.506+0000] {processor.py:914} INFO - Processing file /home/airflow/.local/lib/python3.12/site-packages/airflow/example_dags/tutorial_dag.py for tasks to queue
[2025-07-05T10:50:06.511+0000] {logging_mixin.py:190} INFO - [2025-07-05T10:50:06.510+0000] {dagbag.py:588} INFO - Filling up the DagBag from /home/airflow/.local/lib/python3.12/site-packages/airflow/example_dags/tutorial_dag.py
[2025-07-05T10:50:06.550+0000] {processor.py:925} INFO - DAG(s) 'tutorial_dag' retrieved from /home/airflow/.local/lib/python3.12/site-packages/airflow/example_dags/tutorial_dag.py
[2025-07-05T10:50:06.592+0000] {logging_mixin.py:190} INFO - [2025-07-05T10:50:06.592+0000] {dag.py:3239} INFO - Sync 1 DAGs
[2025-07-05T10:50:06.618+0000] {logging_mixin.py:190} INFO - [2025-07-05T10:50:06.617+0000] {dag.py:4180} INFO - Setting next_dagrun for tutorial_dag to None, run_after=None
[2025-07-05T10:50:06.643+0000] {processor.py:208} INFO - Processing /home/airflow/.local/lib/python3.12/site-packages/airflow/example_dags/tutorial_dag.py took 0.169 seconds
[2025-07-05T10:50:37.243+0000] {processor.py:186} INFO - Started process (PID=5903) to work on /home/airflow/.local/lib/python3.12/site-packages/airflow/example_dags/tutorial_dag.py
[2025-07-05T10:50:37.249+0000] {processor.py:914} INFO - Processing file /home/airflow/.local/lib/python3.12/site-packages/airflow/example_dags/tutorial_dag.py for tasks to queue
[2025-07-05T10:50:37.255+0000] {logging_mixin.py:190} INFO - [2025-07-05T10:50:37.254+0000] {dagbag.py:588} INFO - Filling up the DagBag from /home/airflow/.local/lib/python3.12/site-packages/airflow/example_dags/tutorial_dag.py
[2025-07-05T10:50:37.278+0000] {processor.py:925} INFO - DAG(s) 'tutorial_dag' retrieved from /home/airflow/.local/lib/python3.12/site-packages/airflow/example_dags/tutorial_dag.py
[2025-07-05T10:50:37.324+0000] {logging_mixin.py:190} INFO - [2025-07-05T10:50:37.323+0000] {dag.py:3239} INFO - Sync 1 DAGs
[2025-07-05T10:50:37.346+0000] {logging_mixin.py:190} INFO - [2025-07-05T10:50:37.346+0000] {dag.py:4180} INFO - Setting next_dagrun for tutorial_dag to None, run_after=None
[2025-07-05T10:50:37.360+0000] {processor.py:208} INFO - Processing /home/airflow/.local/lib/python3.12/site-packages/airflow/example_dags/tutorial_dag.py took 0.134 seconds
[2025-07-05T10:51:07.954+0000] {processor.py:186} INFO - Started process (PID=5965) to work on /home/airflow/.local/lib/python3.12/site-packages/airflow/example_dags/tutorial_dag.py
[2025-07-05T10:51:07.955+0000] {processor.py:914} INFO - Processing file /home/airflow/.local/lib/python3.12/site-packages/airflow/example_dags/tutorial_dag.py for tasks to queue
[2025-07-05T10:51:07.957+0000] {logging_mixin.py:190} INFO - [2025-07-05T10:51:07.956+0000] {dagbag.py:588} INFO - Filling up the DagBag from /home/airflow/.local/lib/python3.12/site-packages/airflow/example_dags/tutorial_dag.py
[2025-07-05T10:51:07.963+0000] {processor.py:925} INFO - DAG(s) 'tutorial_dag' retrieved from /home/airflow/.local/lib/python3.12/site-packages/airflow/example_dags/tutorial_dag.py
[2025-07-05T10:51:07.983+0000] {logging_mixin.py:190} INFO - [2025-07-05T10:51:07.983+0000] {dag.py:3239} INFO - Sync 1 DAGs
[2025-07-05T10:51:07.993+0000] {logging_mixin.py:190} INFO - [2025-07-05T10:51:07.993+0000] {dag.py:4180} INFO - Setting next_dagrun for tutorial_dag to None, run_after=None
[2025-07-05T10:51:08.029+0000] {processor.py:208} INFO - Processing /home/airflow/.local/lib/python3.12/site-packages/airflow/example_dags/tutorial_dag.py took 0.080 seconds
[2025-07-05T10:51:38.591+0000] {processor.py:186} INFO - Started process (PID=6027) to work on /home/airflow/.local/lib/python3.12/site-packages/airflow/example_dags/tutorial_dag.py
[2025-07-05T10:51:38.592+0000] {processor.py:914} INFO - Processing file /home/airflow/.local/lib/python3.12/site-packages/airflow/example_dags/tutorial_dag.py for tasks to queue
[2025-07-05T10:51:38.595+0000] {logging_mixin.py:190} INFO - [2025-07-05T10:51:38.594+0000] {dagbag.py:588} INFO - Filling up the DagBag from /home/airflow/.local/lib/python3.12/site-packages/airflow/example_dags/tutorial_dag.py
[2025-07-05T10:51:38.600+0000] {processor.py:925} INFO - DAG(s) 'tutorial_dag' retrieved from /home/airflow/.local/lib/python3.12/site-packages/airflow/example_dags/tutorial_dag.py
[2025-07-05T10:51:38.622+0000] {logging_mixin.py:190} INFO - [2025-07-05T10:51:38.622+0000] {dag.py:3239} INFO - Sync 1 DAGs
[2025-07-05T10:51:38.631+0000] {logging_mixin.py:190} INFO - [2025-07-05T10:51:38.631+0000] {dag.py:4180} INFO - Setting next_dagrun for tutorial_dag to None, run_after=None
[2025-07-05T10:51:38.645+0000] {processor.py:208} INFO - Processing /home/airflow/.local/lib/python3.12/site-packages/airflow/example_dags/tutorial_dag.py took 0.060 seconds
[2025-07-05T10:52:09.170+0000] {processor.py:186} INFO - Started process (PID=6089) to work on /home/airflow/.local/lib/python3.12/site-packages/airflow/example_dags/tutorial_dag.py
[2025-07-05T10:52:09.171+0000] {processor.py:914} INFO - Processing file /home/airflow/.local/lib/python3.12/site-packages/airflow/example_dags/tutorial_dag.py for tasks to queue
[2025-07-05T10:52:09.174+0000] {logging_mixin.py:190} INFO - [2025-07-05T10:52:09.173+0000] {dagbag.py:588} INFO - Filling up the DagBag from /home/airflow/.local/lib/python3.12/site-packages/airflow/example_dags/tutorial_dag.py
[2025-07-05T10:52:09.180+0000] {processor.py:925} INFO - DAG(s) 'tutorial_dag' retrieved from /home/airflow/.local/lib/python3.12/site-packages/airflow/example_dags/tutorial_dag.py
[2025-07-05T10:52:09.196+0000] {logging_mixin.py:190} INFO - [2025-07-05T10:52:09.196+0000] {dag.py:3239} INFO - Sync 1 DAGs
[2025-07-05T10:52:09.213+0000] {logging_mixin.py:190} INFO - [2025-07-05T10:52:09.213+0000] {dag.py:4180} INFO - Setting next_dagrun for tutorial_dag to None, run_after=None
[2025-07-05T10:52:09.228+0000] {processor.py:208} INFO - Processing /home/airflow/.local/lib/python3.12/site-packages/airflow/example_dags/tutorial_dag.py took 0.069 seconds
[2025-07-05T10:52:39.975+0000] {processor.py:186} INFO - Started process (PID=6151) to work on /home/airflow/.local/lib/python3.12/site-packages/airflow/example_dags/tutorial_dag.py
[2025-07-05T10:52:39.977+0000] {processor.py:914} INFO - Processing file /home/airflow/.local/lib/python3.12/site-packages/airflow/example_dags/tutorial_dag.py for tasks to queue
[2025-07-05T10:52:39.980+0000] {logging_mixin.py:190} INFO - [2025-07-05T10:52:39.979+0000] {dagbag.py:588} INFO - Filling up the DagBag from /home/airflow/.local/lib/python3.12/site-packages/airflow/example_dags/tutorial_dag.py
[2025-07-05T10:52:39.992+0000] {processor.py:925} INFO - DAG(s) 'tutorial_dag' retrieved from /home/airflow/.local/lib/python3.12/site-packages/airflow/example_dags/tutorial_dag.py
[2025-07-05T10:52:40.035+0000] {logging_mixin.py:190} INFO - [2025-07-05T10:52:40.035+0000] {dag.py:3239} INFO - Sync 1 DAGs
[2025-07-05T10:52:40.050+0000] {logging_mixin.py:190} INFO - [2025-07-05T10:52:40.050+0000] {dag.py:4180} INFO - Setting next_dagrun for tutorial_dag to None, run_after=None
[2025-07-05T10:52:40.072+0000] {processor.py:208} INFO - Processing /home/airflow/.local/lib/python3.12/site-packages/airflow/example_dags/tutorial_dag.py took 0.107 seconds
[2025-07-05T11:59:59.101+0000] {processor.py:186} INFO - Started process (PID=6189) to work on /home/airflow/.local/lib/python3.12/site-packages/airflow/example_dags/tutorial_dag.py
[2025-07-05T11:59:59.110+0000] {processor.py:914} INFO - Processing file /home/airflow/.local/lib/python3.12/site-packages/airflow/example_dags/tutorial_dag.py for tasks to queue
[2025-07-05T11:59:59.117+0000] {logging_mixin.py:190} INFO - [2025-07-05T11:59:59.116+0000] {dagbag.py:588} INFO - Filling up the DagBag from /home/airflow/.local/lib/python3.12/site-packages/airflow/example_dags/tutorial_dag.py
[2025-07-05T11:59:59.128+0000] {processor.py:925} INFO - DAG(s) 'tutorial_dag' retrieved from /home/airflow/.local/lib/python3.12/site-packages/airflow/example_dags/tutorial_dag.py
[2025-07-05T11:59:59.146+0000] {logging_mixin.py:190} INFO - [2025-07-05T11:59:59.146+0000] {dag.py:3239} INFO - Sync 1 DAGs
[2025-07-05T11:59:59.163+0000] {logging_mixin.py:190} INFO - [2025-07-05T11:59:59.163+0000] {dag.py:4180} INFO - Setting next_dagrun for tutorial_dag to None, run_after=None
[2025-07-05T11:59:59.183+0000] {processor.py:208} INFO - Processing /home/airflow/.local/lib/python3.12/site-packages/airflow/example_dags/tutorial_dag.py took 0.106 seconds
[2025-07-05T13:09:40.342+0000] {processor.py:186} INFO - Started process (PID=6251) to work on /home/airflow/.local/lib/python3.12/site-packages/airflow/example_dags/tutorial_dag.py
[2025-07-05T13:09:40.343+0000] {processor.py:914} INFO - Processing file /home/airflow/.local/lib/python3.12/site-packages/airflow/example_dags/tutorial_dag.py for tasks to queue
[2025-07-05T13:09:40.345+0000] {logging_mixin.py:190} INFO - [2025-07-05T13:09:40.345+0000] {dagbag.py:588} INFO - Filling up the DagBag from /home/airflow/.local/lib/python3.12/site-packages/airflow/example_dags/tutorial_dag.py
[2025-07-05T13:09:40.354+0000] {processor.py:925} INFO - DAG(s) 'tutorial_dag' retrieved from /home/airflow/.local/lib/python3.12/site-packages/airflow/example_dags/tutorial_dag.py
[2025-07-05T13:09:40.377+0000] {logging_mixin.py:190} INFO - [2025-07-05T13:09:40.376+0000] {dag.py:3239} INFO - Sync 1 DAGs
[2025-07-05T13:09:40.387+0000] {logging_mixin.py:190} INFO - [2025-07-05T13:09:40.387+0000] {dag.py:4180} INFO - Setting next_dagrun for tutorial_dag to None, run_after=None
[2025-07-05T13:09:40.404+0000] {processor.py:208} INFO - Processing /home/airflow/.local/lib/python3.12/site-packages/airflow/example_dags/tutorial_dag.py took 0.067 seconds
[2025-07-05T14:26:02.621+0000] {processor.py:186} INFO - Started process (PID=6313) to work on /home/airflow/.local/lib/python3.12/site-packages/airflow/example_dags/tutorial_dag.py
[2025-07-05T14:26:02.622+0000] {processor.py:914} INFO - Processing file /home/airflow/.local/lib/python3.12/site-packages/airflow/example_dags/tutorial_dag.py for tasks to queue
[2025-07-05T14:26:02.624+0000] {logging_mixin.py:190} INFO - [2025-07-05T14:26:02.623+0000] {dagbag.py:588} INFO - Filling up the DagBag from /home/airflow/.local/lib/python3.12/site-packages/airflow/example_dags/tutorial_dag.py
[2025-07-05T14:26:02.629+0000] {processor.py:925} INFO - DAG(s) 'tutorial_dag' retrieved from /home/airflow/.local/lib/python3.12/site-packages/airflow/example_dags/tutorial_dag.py
[2025-07-05T14:26:02.647+0000] {logging_mixin.py:190} INFO - [2025-07-05T14:26:02.646+0000] {dag.py:3239} INFO - Sync 1 DAGs
[2025-07-05T14:26:02.663+0000] {logging_mixin.py:190} INFO - [2025-07-05T14:26:02.663+0000] {dag.py:4180} INFO - Setting next_dagrun for tutorial_dag to None, run_after=None
[2025-07-05T14:26:02.683+0000] {processor.py:208} INFO - Processing /home/airflow/.local/lib/python3.12/site-packages/airflow/example_dags/tutorial_dag.py took 0.065 seconds
[2025-07-05T15:11:14.233+0000] {processor.py:186} INFO - Started process (PID=6375) to work on /home/airflow/.local/lib/python3.12/site-packages/airflow/example_dags/tutorial_dag.py
[2025-07-05T15:11:14.235+0000] {processor.py:914} INFO - Processing file /home/airflow/.local/lib/python3.12/site-packages/airflow/example_dags/tutorial_dag.py for tasks to queue
[2025-07-05T15:11:14.237+0000] {logging_mixin.py:190} INFO - [2025-07-05T15:11:14.237+0000] {dagbag.py:588} INFO - Filling up the DagBag from /home/airflow/.local/lib/python3.12/site-packages/airflow/example_dags/tutorial_dag.py
[2025-07-05T15:11:14.243+0000] {processor.py:925} INFO - DAG(s) 'tutorial_dag' retrieved from /home/airflow/.local/lib/python3.12/site-packages/airflow/example_dags/tutorial_dag.py
[2025-07-05T15:11:14.259+0000] {logging_mixin.py:190} INFO - [2025-07-05T15:11:14.259+0000] {dag.py:3239} INFO - Sync 1 DAGs
[2025-07-05T15:11:14.267+0000] {logging_mixin.py:190} INFO - [2025-07-05T15:11:14.267+0000] {dag.py:4180} INFO - Setting next_dagrun for tutorial_dag to None, run_after=None
[2025-07-05T15:11:14.276+0000] {processor.py:208} INFO - Processing /home/airflow/.local/lib/python3.12/site-packages/airflow/example_dags/tutorial_dag.py took 0.053 seconds
[2025-07-05T15:29:27.552+0000] {processor.py:186} INFO - Started process (PID=6437) to work on /home/airflow/.local/lib/python3.12/site-packages/airflow/example_dags/tutorial_dag.py
[2025-07-05T15:29:27.553+0000] {processor.py:914} INFO - Processing file /home/airflow/.local/lib/python3.12/site-packages/airflow/example_dags/tutorial_dag.py for tasks to queue
[2025-07-05T15:29:27.554+0000] {logging_mixin.py:190} INFO - [2025-07-05T15:29:27.554+0000] {dagbag.py:588} INFO - Filling up the DagBag from /home/airflow/.local/lib/python3.12/site-packages/airflow/example_dags/tutorial_dag.py
[2025-07-05T15:29:27.560+0000] {processor.py:925} INFO - DAG(s) 'tutorial_dag' retrieved from /home/airflow/.local/lib/python3.12/site-packages/airflow/example_dags/tutorial_dag.py
[2025-07-05T15:29:27.580+0000] {logging_mixin.py:190} INFO - [2025-07-05T15:29:27.580+0000] {dag.py:3239} INFO - Sync 1 DAGs
[2025-07-05T15:29:27.597+0000] {logging_mixin.py:190} INFO - [2025-07-05T15:29:27.597+0000] {dag.py:4180} INFO - Setting next_dagrun for tutorial_dag to None, run_after=None
[2025-07-05T15:29:27.645+0000] {processor.py:208} INFO - Processing /home/airflow/.local/lib/python3.12/site-packages/airflow/example_dags/tutorial_dag.py took 0.098 seconds
[2025-07-05T15:33:05.334+0000] {processor.py:186} INFO - Started process (PID=6499) to work on /home/airflow/.local/lib/python3.12/site-packages/airflow/example_dags/tutorial_dag.py
[2025-07-05T15:33:05.336+0000] {processor.py:914} INFO - Processing file /home/airflow/.local/lib/python3.12/site-packages/airflow/example_dags/tutorial_dag.py for tasks to queue
[2025-07-05T15:33:05.340+0000] {logging_mixin.py:190} INFO - [2025-07-05T15:33:05.340+0000] {dagbag.py:588} INFO - Filling up the DagBag from /home/airflow/.local/lib/python3.12/site-packages/airflow/example_dags/tutorial_dag.py
[2025-07-05T15:33:05.346+0000] {processor.py:925} INFO - DAG(s) 'tutorial_dag' retrieved from /home/airflow/.local/lib/python3.12/site-packages/airflow/example_dags/tutorial_dag.py
[2025-07-05T15:33:05.367+0000] {logging_mixin.py:190} INFO - [2025-07-05T15:33:05.367+0000] {dag.py:3239} INFO - Sync 1 DAGs
[2025-07-05T15:33:05.376+0000] {logging_mixin.py:190} INFO - [2025-07-05T15:33:05.375+0000] {dag.py:4180} INFO - Setting next_dagrun for tutorial_dag to None, run_after=None
[2025-07-05T15:33:05.384+0000] {processor.py:208} INFO - Processing /home/airflow/.local/lib/python3.12/site-packages/airflow/example_dags/tutorial_dag.py took 0.058 seconds
[2025-07-05T16:09:57.183+0000] {processor.py:186} INFO - Started process (PID=6561) to work on /home/airflow/.local/lib/python3.12/site-packages/airflow/example_dags/tutorial_dag.py
[2025-07-05T16:09:57.184+0000] {processor.py:914} INFO - Processing file /home/airflow/.local/lib/python3.12/site-packages/airflow/example_dags/tutorial_dag.py for tasks to queue
[2025-07-05T16:09:57.185+0000] {logging_mixin.py:190} INFO - [2025-07-05T16:09:57.185+0000] {dagbag.py:588} INFO - Filling up the DagBag from /home/airflow/.local/lib/python3.12/site-packages/airflow/example_dags/tutorial_dag.py
[2025-07-05T16:09:57.191+0000] {processor.py:925} INFO - DAG(s) 'tutorial_dag' retrieved from /home/airflow/.local/lib/python3.12/site-packages/airflow/example_dags/tutorial_dag.py
[2025-07-05T16:09:57.206+0000] {logging_mixin.py:190} INFO - [2025-07-05T16:09:57.206+0000] {dag.py:3239} INFO - Sync 1 DAGs
[2025-07-05T16:09:57.221+0000] {logging_mixin.py:190} INFO - [2025-07-05T16:09:57.220+0000] {dag.py:4180} INFO - Setting next_dagrun for tutorial_dag to None, run_after=None
[2025-07-05T16:09:57.238+0000] {processor.py:208} INFO - Processing /home/airflow/.local/lib/python3.12/site-packages/airflow/example_dags/tutorial_dag.py took 0.059 seconds
[2025-07-05T16:45:38.816+0000] {processor.py:186} INFO - Started process (PID=6623) to work on /home/airflow/.local/lib/python3.12/site-packages/airflow/example_dags/tutorial_dag.py
[2025-07-05T16:45:38.817+0000] {processor.py:914} INFO - Processing file /home/airflow/.local/lib/python3.12/site-packages/airflow/example_dags/tutorial_dag.py for tasks to queue
[2025-07-05T16:45:38.820+0000] {logging_mixin.py:190} INFO - [2025-07-05T16:45:38.819+0000] {dagbag.py:588} INFO - Filling up the DagBag from /home/airflow/.local/lib/python3.12/site-packages/airflow/example_dags/tutorial_dag.py
[2025-07-05T16:45:38.827+0000] {processor.py:925} INFO - DAG(s) 'tutorial_dag' retrieved from /home/airflow/.local/lib/python3.12/site-packages/airflow/example_dags/tutorial_dag.py
[2025-07-05T16:45:38.844+0000] {logging_mixin.py:190} INFO - [2025-07-05T16:45:38.844+0000] {dag.py:3239} INFO - Sync 1 DAGs
[2025-07-05T16:45:38.855+0000] {logging_mixin.py:190} INFO - [2025-07-05T16:45:38.855+0000] {dag.py:4180} INFO - Setting next_dagrun for tutorial_dag to None, run_after=None
[2025-07-05T16:45:38.868+0000] {processor.py:208} INFO - Processing /home/airflow/.local/lib/python3.12/site-packages/airflow/example_dags/tutorial_dag.py took 0.057 seconds
[2025-07-05T17:06:53.048+0000] {processor.py:186} INFO - Started process (PID=6685) to work on /home/airflow/.local/lib/python3.12/site-packages/airflow/example_dags/tutorial_dag.py
[2025-07-05T17:06:53.049+0000] {processor.py:914} INFO - Processing file /home/airflow/.local/lib/python3.12/site-packages/airflow/example_dags/tutorial_dag.py for tasks to queue
[2025-07-05T17:06:53.051+0000] {logging_mixin.py:190} INFO - [2025-07-05T17:06:53.051+0000] {dagbag.py:588} INFO - Filling up the DagBag from /home/airflow/.local/lib/python3.12/site-packages/airflow/example_dags/tutorial_dag.py
[2025-07-05T17:06:53.056+0000] {processor.py:925} INFO - DAG(s) 'tutorial_dag' retrieved from /home/airflow/.local/lib/python3.12/site-packages/airflow/example_dags/tutorial_dag.py
[2025-07-05T17:06:53.074+0000] {logging_mixin.py:190} INFO - [2025-07-05T17:06:53.074+0000] {dag.py:3239} INFO - Sync 1 DAGs
[2025-07-05T17:06:53.082+0000] {logging_mixin.py:190} INFO - [2025-07-05T17:06:53.082+0000] {dag.py:4180} INFO - Setting next_dagrun for tutorial_dag to None, run_after=None
[2025-07-05T17:06:53.093+0000] {processor.py:208} INFO - Processing /home/airflow/.local/lib/python3.12/site-packages/airflow/example_dags/tutorial_dag.py took 0.052 seconds
[2025-07-05T18:16:11.316+0000] {processor.py:186} INFO - Started process (PID=6747) to work on /home/airflow/.local/lib/python3.12/site-packages/airflow/example_dags/tutorial_dag.py
[2025-07-05T18:16:11.318+0000] {processor.py:914} INFO - Processing file /home/airflow/.local/lib/python3.12/site-packages/airflow/example_dags/tutorial_dag.py for tasks to queue
[2025-07-05T18:16:11.320+0000] {logging_mixin.py:190} INFO - [2025-07-05T18:16:11.320+0000] {dagbag.py:588} INFO - Filling up the DagBag from /home/airflow/.local/lib/python3.12/site-packages/airflow/example_dags/tutorial_dag.py
[2025-07-05T18:16:11.328+0000] {processor.py:925} INFO - DAG(s) 'tutorial_dag' retrieved from /home/airflow/.local/lib/python3.12/site-packages/airflow/example_dags/tutorial_dag.py
[2025-07-05T18:16:11.345+0000] {logging_mixin.py:190} INFO - [2025-07-05T18:16:11.345+0000] {dag.py:3239} INFO - Sync 1 DAGs
[2025-07-05T18:16:11.356+0000] {logging_mixin.py:190} INFO - [2025-07-05T18:16:11.356+0000] {dag.py:4180} INFO - Setting next_dagrun for tutorial_dag to None, run_after=None
[2025-07-05T18:16:11.399+0000] {processor.py:208} INFO - Processing /home/airflow/.local/lib/python3.12/site-packages/airflow/example_dags/tutorial_dag.py took 0.093 seconds
[2025-07-05T18:58:41.074+0000] {processor.py:186} INFO - Started process (PID=6809) to work on /home/airflow/.local/lib/python3.12/site-packages/airflow/example_dags/tutorial_dag.py
[2025-07-05T18:58:41.088+0000] {processor.py:914} INFO - Processing file /home/airflow/.local/lib/python3.12/site-packages/airflow/example_dags/tutorial_dag.py for tasks to queue
[2025-07-05T18:58:41.116+0000] {logging_mixin.py:190} INFO - [2025-07-05T18:58:41.115+0000] {dagbag.py:588} INFO - Filling up the DagBag from /home/airflow/.local/lib/python3.12/site-packages/airflow/example_dags/tutorial_dag.py
[2025-07-05T18:58:41.130+0000] {processor.py:925} INFO - DAG(s) 'tutorial_dag' retrieved from /home/airflow/.local/lib/python3.12/site-packages/airflow/example_dags/tutorial_dag.py
[2025-07-05T18:58:41.163+0000] {logging_mixin.py:190} INFO - [2025-07-05T18:58:41.163+0000] {dag.py:3239} INFO - Sync 1 DAGs
[2025-07-05T18:58:41.175+0000] {logging_mixin.py:190} INFO - [2025-07-05T18:58:41.175+0000] {dag.py:4180} INFO - Setting next_dagrun for tutorial_dag to None, run_after=None
[2025-07-05T18:58:41.189+0000] {processor.py:208} INFO - Processing /home/airflow/.local/lib/python3.12/site-packages/airflow/example_dags/tutorial_dag.py took 0.170 seconds
[2025-07-05T18:59:12.533+0000] {processor.py:186} INFO - Started process (PID=6871) to work on /home/airflow/.local/lib/python3.12/site-packages/airflow/example_dags/tutorial_dag.py
[2025-07-05T18:59:12.540+0000] {processor.py:914} INFO - Processing file /home/airflow/.local/lib/python3.12/site-packages/airflow/example_dags/tutorial_dag.py for tasks to queue
[2025-07-05T18:59:12.559+0000] {logging_mixin.py:190} INFO - [2025-07-05T18:59:12.558+0000] {dagbag.py:588} INFO - Filling up the DagBag from /home/airflow/.local/lib/python3.12/site-packages/airflow/example_dags/tutorial_dag.py
[2025-07-05T18:59:12.574+0000] {processor.py:925} INFO - DAG(s) 'tutorial_dag' retrieved from /home/airflow/.local/lib/python3.12/site-packages/airflow/example_dags/tutorial_dag.py
[2025-07-05T18:59:12.625+0000] {logging_mixin.py:190} INFO - [2025-07-05T18:59:12.624+0000] {dag.py:3239} INFO - Sync 1 DAGs
[2025-07-05T18:59:12.656+0000] {logging_mixin.py:190} INFO - [2025-07-05T18:59:12.656+0000] {dag.py:4180} INFO - Setting next_dagrun for tutorial_dag to None, run_after=None
[2025-07-05T18:59:12.689+0000] {processor.py:208} INFO - Processing /home/airflow/.local/lib/python3.12/site-packages/airflow/example_dags/tutorial_dag.py took 0.180 seconds
[2025-07-05T18:59:43.613+0000] {processor.py:186} INFO - Started process (PID=6933) to work on /home/airflow/.local/lib/python3.12/site-packages/airflow/example_dags/tutorial_dag.py
[2025-07-05T18:59:43.620+0000] {processor.py:914} INFO - Processing file /home/airflow/.local/lib/python3.12/site-packages/airflow/example_dags/tutorial_dag.py for tasks to queue
[2025-07-05T18:59:43.624+0000] {logging_mixin.py:190} INFO - [2025-07-05T18:59:43.623+0000] {dagbag.py:588} INFO - Filling up the DagBag from /home/airflow/.local/lib/python3.12/site-packages/airflow/example_dags/tutorial_dag.py
[2025-07-05T18:59:43.650+0000] {processor.py:925} INFO - DAG(s) 'tutorial_dag' retrieved from /home/airflow/.local/lib/python3.12/site-packages/airflow/example_dags/tutorial_dag.py
[2025-07-05T18:59:43.691+0000] {logging_mixin.py:190} INFO - [2025-07-05T18:59:43.691+0000] {dag.py:3239} INFO - Sync 1 DAGs
[2025-07-05T18:59:43.706+0000] {logging_mixin.py:190} INFO - [2025-07-05T18:59:43.706+0000] {dag.py:4180} INFO - Setting next_dagrun for tutorial_dag to None, run_after=None
[2025-07-05T18:59:43.721+0000] {processor.py:208} INFO - Processing /home/airflow/.local/lib/python3.12/site-packages/airflow/example_dags/tutorial_dag.py took 0.118 seconds
[2025-07-05T19:00:14.419+0000] {processor.py:186} INFO - Started process (PID=6995) to work on /home/airflow/.local/lib/python3.12/site-packages/airflow/example_dags/tutorial_dag.py
[2025-07-05T19:00:14.421+0000] {processor.py:914} INFO - Processing file /home/airflow/.local/lib/python3.12/site-packages/airflow/example_dags/tutorial_dag.py for tasks to queue
[2025-07-05T19:00:14.424+0000] {logging_mixin.py:190} INFO - [2025-07-05T19:00:14.424+0000] {dagbag.py:588} INFO - Filling up the DagBag from /home/airflow/.local/lib/python3.12/site-packages/airflow/example_dags/tutorial_dag.py
[2025-07-05T19:00:14.432+0000] {processor.py:925} INFO - DAG(s) 'tutorial_dag' retrieved from /home/airflow/.local/lib/python3.12/site-packages/airflow/example_dags/tutorial_dag.py
[2025-07-05T19:00:14.451+0000] {logging_mixin.py:190} INFO - [2025-07-05T19:00:14.450+0000] {dag.py:3239} INFO - Sync 1 DAGs
[2025-07-05T19:00:14.531+0000] {logging_mixin.py:190} INFO - [2025-07-05T19:00:14.531+0000] {dag.py:4180} INFO - Setting next_dagrun for tutorial_dag to None, run_after=None
[2025-07-05T19:00:14.550+0000] {processor.py:208} INFO - Processing /home/airflow/.local/lib/python3.12/site-packages/airflow/example_dags/tutorial_dag.py took 0.139 seconds
[2025-07-05T19:00:45.112+0000] {processor.py:186} INFO - Started process (PID=7057) to work on /home/airflow/.local/lib/python3.12/site-packages/airflow/example_dags/tutorial_dag.py
[2025-07-05T19:00:45.115+0000] {processor.py:914} INFO - Processing file /home/airflow/.local/lib/python3.12/site-packages/airflow/example_dags/tutorial_dag.py for tasks to queue
[2025-07-05T19:00:45.120+0000] {logging_mixin.py:190} INFO - [2025-07-05T19:00:45.119+0000] {dagbag.py:588} INFO - Filling up the DagBag from /home/airflow/.local/lib/python3.12/site-packages/airflow/example_dags/tutorial_dag.py
[2025-07-05T19:00:45.126+0000] {processor.py:925} INFO - DAG(s) 'tutorial_dag' retrieved from /home/airflow/.local/lib/python3.12/site-packages/airflow/example_dags/tutorial_dag.py
[2025-07-05T19:00:45.140+0000] {logging_mixin.py:190} INFO - [2025-07-05T19:00:45.140+0000] {dag.py:3239} INFO - Sync 1 DAGs
[2025-07-05T19:00:45.150+0000] {logging_mixin.py:190} INFO - [2025-07-05T19:00:45.150+0000] {dag.py:4180} INFO - Setting next_dagrun for tutorial_dag to None, run_after=None
[2025-07-05T19:00:45.160+0000] {processor.py:208} INFO - Processing /home/airflow/.local/lib/python3.12/site-packages/airflow/example_dags/tutorial_dag.py took 0.054 seconds
[2025-07-05T19:01:15.694+0000] {processor.py:186} INFO - Started process (PID=7118) to work on /home/airflow/.local/lib/python3.12/site-packages/airflow/example_dags/tutorial_dag.py
[2025-07-05T19:01:15.700+0000] {processor.py:914} INFO - Processing file /home/airflow/.local/lib/python3.12/site-packages/airflow/example_dags/tutorial_dag.py for tasks to queue
[2025-07-05T19:01:15.715+0000] {logging_mixin.py:190} INFO - [2025-07-05T19:01:15.715+0000] {dagbag.py:588} INFO - Filling up the DagBag from /home/airflow/.local/lib/python3.12/site-packages/airflow/example_dags/tutorial_dag.py
[2025-07-05T19:01:15.724+0000] {processor.py:925} INFO - DAG(s) 'tutorial_dag' retrieved from /home/airflow/.local/lib/python3.12/site-packages/airflow/example_dags/tutorial_dag.py
[2025-07-05T19:01:15.740+0000] {logging_mixin.py:190} INFO - [2025-07-05T19:01:15.739+0000] {dag.py:3239} INFO - Sync 1 DAGs
[2025-07-05T19:01:15.751+0000] {logging_mixin.py:190} INFO - [2025-07-05T19:01:15.751+0000] {dag.py:4180} INFO - Setting next_dagrun for tutorial_dag to None, run_after=None
[2025-07-05T19:01:15.762+0000] {processor.py:208} INFO - Processing /home/airflow/.local/lib/python3.12/site-packages/airflow/example_dags/tutorial_dag.py took 0.080 seconds
[2025-07-05T19:01:46.210+0000] {processor.py:186} INFO - Started process (PID=7180) to work on /home/airflow/.local/lib/python3.12/site-packages/airflow/example_dags/tutorial_dag.py
[2025-07-05T19:01:46.211+0000] {processor.py:914} INFO - Processing file /home/airflow/.local/lib/python3.12/site-packages/airflow/example_dags/tutorial_dag.py for tasks to queue
[2025-07-05T19:01:46.215+0000] {logging_mixin.py:190} INFO - [2025-07-05T19:01:46.215+0000] {dagbag.py:588} INFO - Filling up the DagBag from /home/airflow/.local/lib/python3.12/site-packages/airflow/example_dags/tutorial_dag.py
[2025-07-05T19:01:46.222+0000] {processor.py:925} INFO - DAG(s) 'tutorial_dag' retrieved from /home/airflow/.local/lib/python3.12/site-packages/airflow/example_dags/tutorial_dag.py
[2025-07-05T19:01:46.241+0000] {logging_mixin.py:190} INFO - [2025-07-05T19:01:46.241+0000] {dag.py:3239} INFO - Sync 1 DAGs
[2025-07-05T19:01:46.251+0000] {logging_mixin.py:190} INFO - [2025-07-05T19:01:46.251+0000] {dag.py:4180} INFO - Setting next_dagrun for tutorial_dag to None, run_after=None
[2025-07-05T19:01:46.262+0000] {processor.py:208} INFO - Processing /home/airflow/.local/lib/python3.12/site-packages/airflow/example_dags/tutorial_dag.py took 0.059 seconds
[2025-07-05T19:02:16.689+0000] {processor.py:186} INFO - Started process (PID=7242) to work on /home/airflow/.local/lib/python3.12/site-packages/airflow/example_dags/tutorial_dag.py
[2025-07-05T19:02:16.693+0000] {processor.py:914} INFO - Processing file /home/airflow/.local/lib/python3.12/site-packages/airflow/example_dags/tutorial_dag.py for tasks to queue
[2025-07-05T19:02:16.697+0000] {logging_mixin.py:190} INFO - [2025-07-05T19:02:16.696+0000] {dagbag.py:588} INFO - Filling up the DagBag from /home/airflow/.local/lib/python3.12/site-packages/airflow/example_dags/tutorial_dag.py
[2025-07-05T19:02:16.724+0000] {processor.py:925} INFO - DAG(s) 'tutorial_dag' retrieved from /home/airflow/.local/lib/python3.12/site-packages/airflow/example_dags/tutorial_dag.py
[2025-07-05T19:02:16.764+0000] {logging_mixin.py:190} INFO - [2025-07-05T19:02:16.764+0000] {dag.py:3239} INFO - Sync 1 DAGs
[2025-07-05T19:02:16.783+0000] {logging_mixin.py:190} INFO - [2025-07-05T19:02:16.783+0000] {dag.py:4180} INFO - Setting next_dagrun for tutorial_dag to None, run_after=None
[2025-07-05T19:02:16.801+0000] {processor.py:208} INFO - Processing /home/airflow/.local/lib/python3.12/site-packages/airflow/example_dags/tutorial_dag.py took 0.126 seconds
[2025-07-05T19:02:47.144+0000] {processor.py:186} INFO - Started process (PID=7304) to work on /home/airflow/.local/lib/python3.12/site-packages/airflow/example_dags/tutorial_dag.py
[2025-07-05T19:02:47.146+0000] {processor.py:914} INFO - Processing file /home/airflow/.local/lib/python3.12/site-packages/airflow/example_dags/tutorial_dag.py for tasks to queue
[2025-07-05T19:02:47.156+0000] {logging_mixin.py:190} INFO - [2025-07-05T19:02:47.155+0000] {dagbag.py:588} INFO - Filling up the DagBag from /home/airflow/.local/lib/python3.12/site-packages/airflow/example_dags/tutorial_dag.py
[2025-07-05T19:02:47.164+0000] {processor.py:925} INFO - DAG(s) 'tutorial_dag' retrieved from /home/airflow/.local/lib/python3.12/site-packages/airflow/example_dags/tutorial_dag.py
[2025-07-05T19:02:47.181+0000] {logging_mixin.py:190} INFO - [2025-07-05T19:02:47.181+0000] {dag.py:3239} INFO - Sync 1 DAGs
[2025-07-05T19:02:47.198+0000] {logging_mixin.py:190} INFO - [2025-07-05T19:02:47.198+0000] {dag.py:4180} INFO - Setting next_dagrun for tutorial_dag to None, run_after=None
[2025-07-05T19:02:47.221+0000] {processor.py:208} INFO - Processing /home/airflow/.local/lib/python3.12/site-packages/airflow/example_dags/tutorial_dag.py took 0.083 seconds
[2025-07-05T19:03:17.506+0000] {processor.py:186} INFO - Started process (PID=7366) to work on /home/airflow/.local/lib/python3.12/site-packages/airflow/example_dags/tutorial_dag.py
[2025-07-05T19:03:17.509+0000] {processor.py:914} INFO - Processing file /home/airflow/.local/lib/python3.12/site-packages/airflow/example_dags/tutorial_dag.py for tasks to queue
[2025-07-05T19:03:17.513+0000] {logging_mixin.py:190} INFO - [2025-07-05T19:03:17.513+0000] {dagbag.py:588} INFO - Filling up the DagBag from /home/airflow/.local/lib/python3.12/site-packages/airflow/example_dags/tutorial_dag.py
[2025-07-05T19:03:17.523+0000] {processor.py:925} INFO - DAG(s) 'tutorial_dag' retrieved from /home/airflow/.local/lib/python3.12/site-packages/airflow/example_dags/tutorial_dag.py
[2025-07-05T19:03:17.549+0000] {logging_mixin.py:190} INFO - [2025-07-05T19:03:17.549+0000] {dag.py:3239} INFO - Sync 1 DAGs
[2025-07-05T19:03:17.562+0000] {logging_mixin.py:190} INFO - [2025-07-05T19:03:17.562+0000] {dag.py:4180} INFO - Setting next_dagrun for tutorial_dag to None, run_after=None
[2025-07-05T19:03:17.578+0000] {processor.py:208} INFO - Processing /home/airflow/.local/lib/python3.12/site-packages/airflow/example_dags/tutorial_dag.py took 0.083 seconds
[2025-07-05T19:03:48.014+0000] {processor.py:186} INFO - Started process (PID=7434) to work on /home/airflow/.local/lib/python3.12/site-packages/airflow/example_dags/tutorial_dag.py
[2025-07-05T19:03:48.015+0000] {processor.py:914} INFO - Processing file /home/airflow/.local/lib/python3.12/site-packages/airflow/example_dags/tutorial_dag.py for tasks to queue
[2025-07-05T19:03:48.018+0000] {logging_mixin.py:190} INFO - [2025-07-05T19:03:48.018+0000] {dagbag.py:588} INFO - Filling up the DagBag from /home/airflow/.local/lib/python3.12/site-packages/airflow/example_dags/tutorial_dag.py
[2025-07-05T19:03:48.026+0000] {processor.py:925} INFO - DAG(s) 'tutorial_dag' retrieved from /home/airflow/.local/lib/python3.12/site-packages/airflow/example_dags/tutorial_dag.py
[2025-07-05T19:03:48.048+0000] {logging_mixin.py:190} INFO - [2025-07-05T19:03:48.048+0000] {dag.py:3239} INFO - Sync 1 DAGs
[2025-07-05T19:03:48.057+0000] {logging_mixin.py:190} INFO - [2025-07-05T19:03:48.057+0000] {dag.py:4180} INFO - Setting next_dagrun for tutorial_dag to None, run_after=None
[2025-07-05T19:03:48.069+0000] {processor.py:208} INFO - Processing /home/airflow/.local/lib/python3.12/site-packages/airflow/example_dags/tutorial_dag.py took 0.060 seconds
[2025-07-05T19:04:18.149+0000] {processor.py:186} INFO - Started process (PID=7495) to work on /home/airflow/.local/lib/python3.12/site-packages/airflow/example_dags/tutorial_dag.py
[2025-07-05T19:04:18.152+0000] {processor.py:914} INFO - Processing file /home/airflow/.local/lib/python3.12/site-packages/airflow/example_dags/tutorial_dag.py for tasks to queue
[2025-07-05T19:04:18.153+0000] {logging_mixin.py:190} INFO - [2025-07-05T19:04:18.153+0000] {dagbag.py:588} INFO - Filling up the DagBag from /home/airflow/.local/lib/python3.12/site-packages/airflow/example_dags/tutorial_dag.py
[2025-07-05T19:04:18.168+0000] {processor.py:925} INFO - DAG(s) 'tutorial_dag' retrieved from /home/airflow/.local/lib/python3.12/site-packages/airflow/example_dags/tutorial_dag.py
[2025-07-05T19:04:18.182+0000] {logging_mixin.py:190} INFO - [2025-07-05T19:04:18.182+0000] {dag.py:3239} INFO - Sync 1 DAGs
[2025-07-05T19:04:18.192+0000] {logging_mixin.py:190} INFO - [2025-07-05T19:04:18.192+0000] {dag.py:4180} INFO - Setting next_dagrun for tutorial_dag to None, run_after=None
[2025-07-05T19:04:18.203+0000] {processor.py:208} INFO - Processing /home/airflow/.local/lib/python3.12/site-packages/airflow/example_dags/tutorial_dag.py took 0.058 seconds
[2025-07-05T19:04:48.390+0000] {processor.py:186} INFO - Started process (PID=7557) to work on /home/airflow/.local/lib/python3.12/site-packages/airflow/example_dags/tutorial_dag.py
[2025-07-05T19:04:48.391+0000] {processor.py:914} INFO - Processing file /home/airflow/.local/lib/python3.12/site-packages/airflow/example_dags/tutorial_dag.py for tasks to queue
[2025-07-05T19:04:48.392+0000] {logging_mixin.py:190} INFO - [2025-07-05T19:04:48.392+0000] {dagbag.py:588} INFO - Filling up the DagBag from /home/airflow/.local/lib/python3.12/site-packages/airflow/example_dags/tutorial_dag.py
[2025-07-05T19:04:48.401+0000] {processor.py:925} INFO - DAG(s) 'tutorial_dag' retrieved from /home/airflow/.local/lib/python3.12/site-packages/airflow/example_dags/tutorial_dag.py
[2025-07-05T19:04:48.420+0000] {logging_mixin.py:190} INFO - [2025-07-05T19:04:48.419+0000] {dag.py:3239} INFO - Sync 1 DAGs
[2025-07-05T19:04:48.428+0000] {logging_mixin.py:190} INFO - [2025-07-05T19:04:48.427+0000] {dag.py:4180} INFO - Setting next_dagrun for tutorial_dag to None, run_after=None
[2025-07-05T19:04:48.441+0000] {processor.py:208} INFO - Processing /home/airflow/.local/lib/python3.12/site-packages/airflow/example_dags/tutorial_dag.py took 0.054 seconds
[2025-07-05T19:05:18.601+0000] {processor.py:186} INFO - Started process (PID=7619) to work on /home/airflow/.local/lib/python3.12/site-packages/airflow/example_dags/tutorial_dag.py
[2025-07-05T19:05:18.602+0000] {processor.py:914} INFO - Processing file /home/airflow/.local/lib/python3.12/site-packages/airflow/example_dags/tutorial_dag.py for tasks to queue
[2025-07-05T19:05:18.604+0000] {logging_mixin.py:190} INFO - [2025-07-05T19:05:18.604+0000] {dagbag.py:588} INFO - Filling up the DagBag from /home/airflow/.local/lib/python3.12/site-packages/airflow/example_dags/tutorial_dag.py
[2025-07-05T19:05:18.610+0000] {processor.py:925} INFO - DAG(s) 'tutorial_dag' retrieved from /home/airflow/.local/lib/python3.12/site-packages/airflow/example_dags/tutorial_dag.py
[2025-07-05T19:05:18.624+0000] {logging_mixin.py:190} INFO - [2025-07-05T19:05:18.623+0000] {dag.py:3239} INFO - Sync 1 DAGs
[2025-07-05T19:05:18.632+0000] {logging_mixin.py:190} INFO - [2025-07-05T19:05:18.631+0000] {dag.py:4180} INFO - Setting next_dagrun for tutorial_dag to None, run_after=None
[2025-07-05T19:05:18.644+0000] {processor.py:208} INFO - Processing /home/airflow/.local/lib/python3.12/site-packages/airflow/example_dags/tutorial_dag.py took 0.050 seconds
[2025-07-05T19:05:49.257+0000] {processor.py:186} INFO - Started process (PID=7682) to work on /home/airflow/.local/lib/python3.12/site-packages/airflow/example_dags/tutorial_dag.py
[2025-07-05T19:05:49.258+0000] {processor.py:914} INFO - Processing file /home/airflow/.local/lib/python3.12/site-packages/airflow/example_dags/tutorial_dag.py for tasks to queue
[2025-07-05T19:05:49.260+0000] {logging_mixin.py:190} INFO - [2025-07-05T19:05:49.260+0000] {dagbag.py:588} INFO - Filling up the DagBag from /home/airflow/.local/lib/python3.12/site-packages/airflow/example_dags/tutorial_dag.py
[2025-07-05T19:05:49.267+0000] {processor.py:925} INFO - DAG(s) 'tutorial_dag' retrieved from /home/airflow/.local/lib/python3.12/site-packages/airflow/example_dags/tutorial_dag.py
[2025-07-05T19:05:49.289+0000] {logging_mixin.py:190} INFO - [2025-07-05T19:05:49.289+0000] {dag.py:3239} INFO - Sync 1 DAGs
[2025-07-05T19:05:49.300+0000] {logging_mixin.py:190} INFO - [2025-07-05T19:05:49.300+0000] {dag.py:4180} INFO - Setting next_dagrun for tutorial_dag to None, run_after=None
[2025-07-05T19:05:49.315+0000] {processor.py:208} INFO - Processing /home/airflow/.local/lib/python3.12/site-packages/airflow/example_dags/tutorial_dag.py took 0.068 seconds
[2025-07-05T19:06:19.759+0000] {processor.py:186} INFO - Started process (PID=7744) to work on /home/airflow/.local/lib/python3.12/site-packages/airflow/example_dags/tutorial_dag.py
[2025-07-05T19:06:19.760+0000] {processor.py:914} INFO - Processing file /home/airflow/.local/lib/python3.12/site-packages/airflow/example_dags/tutorial_dag.py for tasks to queue
[2025-07-05T19:06:19.764+0000] {logging_mixin.py:190} INFO - [2025-07-05T19:06:19.763+0000] {dagbag.py:588} INFO - Filling up the DagBag from /home/airflow/.local/lib/python3.12/site-packages/airflow/example_dags/tutorial_dag.py
[2025-07-05T19:06:19.769+0000] {processor.py:925} INFO - DAG(s) 'tutorial_dag' retrieved from /home/airflow/.local/lib/python3.12/site-packages/airflow/example_dags/tutorial_dag.py
[2025-07-05T19:06:19.788+0000] {logging_mixin.py:190} INFO - [2025-07-05T19:06:19.788+0000] {dag.py:3239} INFO - Sync 1 DAGs
[2025-07-05T19:06:19.797+0000] {logging_mixin.py:190} INFO - [2025-07-05T19:06:19.797+0000] {dag.py:4180} INFO - Setting next_dagrun for tutorial_dag to None, run_after=None
[2025-07-05T19:06:19.807+0000] {processor.py:208} INFO - Processing /home/airflow/.local/lib/python3.12/site-packages/airflow/example_dags/tutorial_dag.py took 0.052 seconds
[2025-07-05T19:06:50.396+0000] {processor.py:186} INFO - Started process (PID=7805) to work on /home/airflow/.local/lib/python3.12/site-packages/airflow/example_dags/tutorial_dag.py
[2025-07-05T19:06:50.398+0000] {processor.py:914} INFO - Processing file /home/airflow/.local/lib/python3.12/site-packages/airflow/example_dags/tutorial_dag.py for tasks to queue
[2025-07-05T19:06:50.404+0000] {logging_mixin.py:190} INFO - [2025-07-05T19:06:50.403+0000] {dagbag.py:588} INFO - Filling up the DagBag from /home/airflow/.local/lib/python3.12/site-packages/airflow/example_dags/tutorial_dag.py
[2025-07-05T19:06:50.413+0000] {processor.py:925} INFO - DAG(s) 'tutorial_dag' retrieved from /home/airflow/.local/lib/python3.12/site-packages/airflow/example_dags/tutorial_dag.py
[2025-07-05T19:06:50.434+0000] {logging_mixin.py:190} INFO - [2025-07-05T19:06:50.434+0000] {dag.py:3239} INFO - Sync 1 DAGs
[2025-07-05T19:06:50.488+0000] {logging_mixin.py:190} INFO - [2025-07-05T19:06:50.488+0000] {dag.py:4180} INFO - Setting next_dagrun for tutorial_dag to None, run_after=None
[2025-07-05T19:06:50.503+0000] {processor.py:208} INFO - Processing /home/airflow/.local/lib/python3.12/site-packages/airflow/example_dags/tutorial_dag.py took 0.112 seconds
[2025-07-05T19:07:21.009+0000] {processor.py:186} INFO - Started process (PID=7868) to work on /home/airflow/.local/lib/python3.12/site-packages/airflow/example_dags/tutorial_dag.py
[2025-07-05T19:07:21.010+0000] {processor.py:914} INFO - Processing file /home/airflow/.local/lib/python3.12/site-packages/airflow/example_dags/tutorial_dag.py for tasks to queue
[2025-07-05T19:07:21.012+0000] {logging_mixin.py:190} INFO - [2025-07-05T19:07:21.011+0000] {dagbag.py:588} INFO - Filling up the DagBag from /home/airflow/.local/lib/python3.12/site-packages/airflow/example_dags/tutorial_dag.py
[2025-07-05T19:07:21.017+0000] {processor.py:925} INFO - DAG(s) 'tutorial_dag' retrieved from /home/airflow/.local/lib/python3.12/site-packages/airflow/example_dags/tutorial_dag.py
[2025-07-05T19:07:21.048+0000] {logging_mixin.py:190} INFO - [2025-07-05T19:07:21.048+0000] {dag.py:3239} INFO - Sync 1 DAGs
[2025-07-05T19:07:21.055+0000] {logging_mixin.py:190} INFO - [2025-07-05T19:07:21.055+0000] {dag.py:4180} INFO - Setting next_dagrun for tutorial_dag to None, run_after=None
[2025-07-05T19:07:21.064+0000] {processor.py:208} INFO - Processing /home/airflow/.local/lib/python3.12/site-packages/airflow/example_dags/tutorial_dag.py took 0.062 seconds
[2025-07-05T19:07:51.843+0000] {processor.py:186} INFO - Started process (PID=7930) to work on /home/airflow/.local/lib/python3.12/site-packages/airflow/example_dags/tutorial_dag.py
[2025-07-05T19:07:51.844+0000] {processor.py:914} INFO - Processing file /home/airflow/.local/lib/python3.12/site-packages/airflow/example_dags/tutorial_dag.py for tasks to queue
[2025-07-05T19:07:51.845+0000] {logging_mixin.py:190} INFO - [2025-07-05T19:07:51.845+0000] {dagbag.py:588} INFO - Filling up the DagBag from /home/airflow/.local/lib/python3.12/site-packages/airflow/example_dags/tutorial_dag.py
[2025-07-05T19:07:51.851+0000] {processor.py:925} INFO - DAG(s) 'tutorial_dag' retrieved from /home/airflow/.local/lib/python3.12/site-packages/airflow/example_dags/tutorial_dag.py
[2025-07-05T19:07:51.872+0000] {logging_mixin.py:190} INFO - [2025-07-05T19:07:51.872+0000] {dag.py:3239} INFO - Sync 1 DAGs
[2025-07-05T19:07:51.879+0000] {logging_mixin.py:190} INFO - [2025-07-05T19:07:51.879+0000] {dag.py:4180} INFO - Setting next_dagrun for tutorial_dag to None, run_after=None
[2025-07-05T19:07:51.889+0000] {processor.py:208} INFO - Processing /home/airflow/.local/lib/python3.12/site-packages/airflow/example_dags/tutorial_dag.py took 0.048 seconds
[2025-07-05T19:08:22.495+0000] {processor.py:186} INFO - Started process (PID=7991) to work on /home/airflow/.local/lib/python3.12/site-packages/airflow/example_dags/tutorial_dag.py
[2025-07-05T19:08:22.496+0000] {processor.py:914} INFO - Processing file /home/airflow/.local/lib/python3.12/site-packages/airflow/example_dags/tutorial_dag.py for tasks to queue
[2025-07-05T19:08:22.497+0000] {logging_mixin.py:190} INFO - [2025-07-05T19:08:22.497+0000] {dagbag.py:588} INFO - Filling up the DagBag from /home/airflow/.local/lib/python3.12/site-packages/airflow/example_dags/tutorial_dag.py
[2025-07-05T19:08:22.503+0000] {processor.py:925} INFO - DAG(s) 'tutorial_dag' retrieved from /home/airflow/.local/lib/python3.12/site-packages/airflow/example_dags/tutorial_dag.py
[2025-07-05T19:08:22.517+0000] {logging_mixin.py:190} INFO - [2025-07-05T19:08:22.516+0000] {dag.py:3239} INFO - Sync 1 DAGs
[2025-07-05T19:08:22.524+0000] {logging_mixin.py:190} INFO - [2025-07-05T19:08:22.524+0000] {dag.py:4180} INFO - Setting next_dagrun for tutorial_dag to None, run_after=None
[2025-07-05T19:08:22.534+0000] {processor.py:208} INFO - Processing /home/airflow/.local/lib/python3.12/site-packages/airflow/example_dags/tutorial_dag.py took 0.042 seconds
[2025-07-05T19:08:53.449+0000] {processor.py:186} INFO - Started process (PID=8054) to work on /home/airflow/.local/lib/python3.12/site-packages/airflow/example_dags/tutorial_dag.py
[2025-07-05T19:08:53.450+0000] {processor.py:914} INFO - Processing file /home/airflow/.local/lib/python3.12/site-packages/airflow/example_dags/tutorial_dag.py for tasks to queue
[2025-07-05T19:08:53.451+0000] {logging_mixin.py:190} INFO - [2025-07-05T19:08:53.451+0000] {dagbag.py:588} INFO - Filling up the DagBag from /home/airflow/.local/lib/python3.12/site-packages/airflow/example_dags/tutorial_dag.py
[2025-07-05T19:08:53.456+0000] {processor.py:925} INFO - DAG(s) 'tutorial_dag' retrieved from /home/airflow/.local/lib/python3.12/site-packages/airflow/example_dags/tutorial_dag.py
[2025-07-05T19:08:53.468+0000] {logging_mixin.py:190} INFO - [2025-07-05T19:08:53.468+0000] {dag.py:3239} INFO - Sync 1 DAGs
[2025-07-05T19:08:53.478+0000] {logging_mixin.py:190} INFO - [2025-07-05T19:08:53.477+0000] {dag.py:4180} INFO - Setting next_dagrun for tutorial_dag to None, run_after=None
[2025-07-05T19:08:53.487+0000] {processor.py:208} INFO - Processing /home/airflow/.local/lib/python3.12/site-packages/airflow/example_dags/tutorial_dag.py took 0.046 seconds
[2025-07-05T19:09:24.696+0000] {processor.py:186} INFO - Started process (PID=8116) to work on /home/airflow/.local/lib/python3.12/site-packages/airflow/example_dags/tutorial_dag.py
[2025-07-05T19:09:24.697+0000] {processor.py:914} INFO - Processing file /home/airflow/.local/lib/python3.12/site-packages/airflow/example_dags/tutorial_dag.py for tasks to queue
[2025-07-05T19:09:24.699+0000] {logging_mixin.py:190} INFO - [2025-07-05T19:09:24.699+0000] {dagbag.py:588} INFO - Filling up the DagBag from /home/airflow/.local/lib/python3.12/site-packages/airflow/example_dags/tutorial_dag.py
[2025-07-05T19:09:24.704+0000] {processor.py:925} INFO - DAG(s) 'tutorial_dag' retrieved from /home/airflow/.local/lib/python3.12/site-packages/airflow/example_dags/tutorial_dag.py
[2025-07-05T19:09:24.715+0000] {logging_mixin.py:190} INFO - [2025-07-05T19:09:24.715+0000] {dag.py:3239} INFO - Sync 1 DAGs
[2025-07-05T19:09:24.722+0000] {logging_mixin.py:190} INFO - [2025-07-05T19:09:24.722+0000] {dag.py:4180} INFO - Setting next_dagrun for tutorial_dag to None, run_after=None
[2025-07-05T19:09:24.732+0000] {processor.py:208} INFO - Processing /home/airflow/.local/lib/python3.12/site-packages/airflow/example_dags/tutorial_dag.py took 0.042 seconds
[2025-07-05T19:09:55.592+0000] {processor.py:186} INFO - Started process (PID=8178) to work on /home/airflow/.local/lib/python3.12/site-packages/airflow/example_dags/tutorial_dag.py
[2025-07-05T19:09:55.595+0000] {processor.py:914} INFO - Processing file /home/airflow/.local/lib/python3.12/site-packages/airflow/example_dags/tutorial_dag.py for tasks to queue
[2025-07-05T19:09:55.598+0000] {logging_mixin.py:190} INFO - [2025-07-05T19:09:55.598+0000] {dagbag.py:588} INFO - Filling up the DagBag from /home/airflow/.local/lib/python3.12/site-packages/airflow/example_dags/tutorial_dag.py
[2025-07-05T19:09:55.606+0000] {processor.py:925} INFO - DAG(s) 'tutorial_dag' retrieved from /home/airflow/.local/lib/python3.12/site-packages/airflow/example_dags/tutorial_dag.py
[2025-07-05T19:09:55.620+0000] {logging_mixin.py:190} INFO - [2025-07-05T19:09:55.620+0000] {dag.py:3239} INFO - Sync 1 DAGs
[2025-07-05T19:09:55.630+0000] {logging_mixin.py:190} INFO - [2025-07-05T19:09:55.630+0000] {dag.py:4180} INFO - Setting next_dagrun for tutorial_dag to None, run_after=None
[2025-07-05T19:09:55.639+0000] {processor.py:208} INFO - Processing /home/airflow/.local/lib/python3.12/site-packages/airflow/example_dags/tutorial_dag.py took 0.058 seconds
[2025-07-05T19:10:26.674+0000] {processor.py:186} INFO - Started process (PID=8239) to work on /home/airflow/.local/lib/python3.12/site-packages/airflow/example_dags/tutorial_dag.py
[2025-07-05T19:10:26.676+0000] {processor.py:914} INFO - Processing file /home/airflow/.local/lib/python3.12/site-packages/airflow/example_dags/tutorial_dag.py for tasks to queue
[2025-07-05T19:10:26.679+0000] {logging_mixin.py:190} INFO - [2025-07-05T19:10:26.679+0000] {dagbag.py:588} INFO - Filling up the DagBag from /home/airflow/.local/lib/python3.12/site-packages/airflow/example_dags/tutorial_dag.py
[2025-07-05T19:10:26.689+0000] {processor.py:925} INFO - DAG(s) 'tutorial_dag' retrieved from /home/airflow/.local/lib/python3.12/site-packages/airflow/example_dags/tutorial_dag.py
[2025-07-05T19:10:26.708+0000] {logging_mixin.py:190} INFO - [2025-07-05T19:10:26.708+0000] {dag.py:3239} INFO - Sync 1 DAGs
[2025-07-05T19:10:26.810+0000] {logging_mixin.py:190} INFO - [2025-07-05T19:10:26.810+0000] {dag.py:4180} INFO - Setting next_dagrun for tutorial_dag to None, run_after=None
[2025-07-05T19:10:26.842+0000] {processor.py:208} INFO - Processing /home/airflow/.local/lib/python3.12/site-packages/airflow/example_dags/tutorial_dag.py took 0.175 seconds
[2025-07-05T19:10:57.873+0000] {processor.py:186} INFO - Started process (PID=8302) to work on /home/airflow/.local/lib/python3.12/site-packages/airflow/example_dags/tutorial_dag.py
[2025-07-05T19:10:57.877+0000] {processor.py:914} INFO - Processing file /home/airflow/.local/lib/python3.12/site-packages/airflow/example_dags/tutorial_dag.py for tasks to queue
[2025-07-05T19:10:57.881+0000] {logging_mixin.py:190} INFO - [2025-07-05T19:10:57.880+0000] {dagbag.py:588} INFO - Filling up the DagBag from /home/airflow/.local/lib/python3.12/site-packages/airflow/example_dags/tutorial_dag.py
[2025-07-05T19:10:57.891+0000] {processor.py:925} INFO - DAG(s) 'tutorial_dag' retrieved from /home/airflow/.local/lib/python3.12/site-packages/airflow/example_dags/tutorial_dag.py
[2025-07-05T19:10:57.926+0000] {logging_mixin.py:190} INFO - [2025-07-05T19:10:57.926+0000] {dag.py:3239} INFO - Sync 1 DAGs
[2025-07-05T19:10:57.937+0000] {logging_mixin.py:190} INFO - [2025-07-05T19:10:57.937+0000] {dag.py:4180} INFO - Setting next_dagrun for tutorial_dag to None, run_after=None
[2025-07-05T19:10:57.947+0000] {processor.py:208} INFO - Processing /home/airflow/.local/lib/python3.12/site-packages/airflow/example_dags/tutorial_dag.py took 0.081 seconds
[2025-07-05T19:11:28.648+0000] {processor.py:186} INFO - Started process (PID=8364) to work on /home/airflow/.local/lib/python3.12/site-packages/airflow/example_dags/tutorial_dag.py
[2025-07-05T19:11:28.649+0000] {processor.py:914} INFO - Processing file /home/airflow/.local/lib/python3.12/site-packages/airflow/example_dags/tutorial_dag.py for tasks to queue
[2025-07-05T19:11:28.652+0000] {logging_mixin.py:190} INFO - [2025-07-05T19:11:28.652+0000] {dagbag.py:588} INFO - Filling up the DagBag from /home/airflow/.local/lib/python3.12/site-packages/airflow/example_dags/tutorial_dag.py
[2025-07-05T19:11:28.667+0000] {processor.py:925} INFO - DAG(s) 'tutorial_dag' retrieved from /home/airflow/.local/lib/python3.12/site-packages/airflow/example_dags/tutorial_dag.py
[2025-07-05T19:11:28.723+0000] {logging_mixin.py:190} INFO - [2025-07-05T19:11:28.722+0000] {dag.py:3239} INFO - Sync 1 DAGs
[2025-07-05T19:11:28.741+0000] {logging_mixin.py:190} INFO - [2025-07-05T19:11:28.740+0000] {dag.py:4180} INFO - Setting next_dagrun for tutorial_dag to None, run_after=None
[2025-07-05T19:11:28.759+0000] {processor.py:208} INFO - Processing /home/airflow/.local/lib/python3.12/site-packages/airflow/example_dags/tutorial_dag.py took 0.125 seconds
[2025-07-05T19:11:58.813+0000] {processor.py:186} INFO - Started process (PID=8425) to work on /home/airflow/.local/lib/python3.12/site-packages/airflow/example_dags/tutorial_dag.py
[2025-07-05T19:11:58.814+0000] {processor.py:914} INFO - Processing file /home/airflow/.local/lib/python3.12/site-packages/airflow/example_dags/tutorial_dag.py for tasks to queue
[2025-07-05T19:11:58.816+0000] {logging_mixin.py:190} INFO - [2025-07-05T19:11:58.816+0000] {dagbag.py:588} INFO - Filling up the DagBag from /home/airflow/.local/lib/python3.12/site-packages/airflow/example_dags/tutorial_dag.py
[2025-07-05T19:11:58.822+0000] {processor.py:925} INFO - DAG(s) 'tutorial_dag' retrieved from /home/airflow/.local/lib/python3.12/site-packages/airflow/example_dags/tutorial_dag.py
[2025-07-05T19:11:58.842+0000] {logging_mixin.py:190} INFO - [2025-07-05T19:11:58.842+0000] {dag.py:3239} INFO - Sync 1 DAGs
[2025-07-05T19:11:58.851+0000] {logging_mixin.py:190} INFO - [2025-07-05T19:11:58.851+0000] {dag.py:4180} INFO - Setting next_dagrun for tutorial_dag to None, run_after=None
[2025-07-05T19:11:58.861+0000] {processor.py:208} INFO - Processing /home/airflow/.local/lib/python3.12/site-packages/airflow/example_dags/tutorial_dag.py took 0.052 seconds
[2025-07-05T19:12:29.783+0000] {processor.py:186} INFO - Started process (PID=8487) to work on /home/airflow/.local/lib/python3.12/site-packages/airflow/example_dags/tutorial_dag.py
[2025-07-05T19:12:29.784+0000] {processor.py:914} INFO - Processing file /home/airflow/.local/lib/python3.12/site-packages/airflow/example_dags/tutorial_dag.py for tasks to queue
[2025-07-05T19:12:29.785+0000] {logging_mixin.py:190} INFO - [2025-07-05T19:12:29.785+0000] {dagbag.py:588} INFO - Filling up the DagBag from /home/airflow/.local/lib/python3.12/site-packages/airflow/example_dags/tutorial_dag.py
[2025-07-05T19:12:29.790+0000] {processor.py:925} INFO - DAG(s) 'tutorial_dag' retrieved from /home/airflow/.local/lib/python3.12/site-packages/airflow/example_dags/tutorial_dag.py
[2025-07-05T19:12:29.801+0000] {logging_mixin.py:190} INFO - [2025-07-05T19:12:29.801+0000] {dag.py:3239} INFO - Sync 1 DAGs
[2025-07-05T19:12:29.808+0000] {logging_mixin.py:190} INFO - [2025-07-05T19:12:29.808+0000] {dag.py:4180} INFO - Setting next_dagrun for tutorial_dag to None, run_after=None
[2025-07-05T19:12:29.823+0000] {processor.py:208} INFO - Processing /home/airflow/.local/lib/python3.12/site-packages/airflow/example_dags/tutorial_dag.py took 0.043 seconds
[2025-07-05T19:13:00.133+0000] {processor.py:186} INFO - Started process (PID=8549) to work on /home/airflow/.local/lib/python3.12/site-packages/airflow/example_dags/tutorial_dag.py
[2025-07-05T19:13:00.134+0000] {processor.py:914} INFO - Processing file /home/airflow/.local/lib/python3.12/site-packages/airflow/example_dags/tutorial_dag.py for tasks to queue
[2025-07-05T19:13:00.135+0000] {logging_mixin.py:190} INFO - [2025-07-05T19:13:00.135+0000] {dagbag.py:588} INFO - Filling up the DagBag from /home/airflow/.local/lib/python3.12/site-packages/airflow/example_dags/tutorial_dag.py
[2025-07-05T19:13:00.139+0000] {processor.py:925} INFO - DAG(s) 'tutorial_dag' retrieved from /home/airflow/.local/lib/python3.12/site-packages/airflow/example_dags/tutorial_dag.py
[2025-07-05T19:13:00.152+0000] {logging_mixin.py:190} INFO - [2025-07-05T19:13:00.152+0000] {dag.py:3239} INFO - Sync 1 DAGs
[2025-07-05T19:13:00.161+0000] {logging_mixin.py:190} INFO - [2025-07-05T19:13:00.161+0000] {dag.py:4180} INFO - Setting next_dagrun for tutorial_dag to None, run_after=None
[2025-07-05T19:13:00.170+0000] {processor.py:208} INFO - Processing /home/airflow/.local/lib/python3.12/site-packages/airflow/example_dags/tutorial_dag.py took 0.042 seconds
[2025-07-05T19:13:30.871+0000] {processor.py:186} INFO - Started process (PID=8611) to work on /home/airflow/.local/lib/python3.12/site-packages/airflow/example_dags/tutorial_dag.py
[2025-07-05T19:13:30.873+0000] {processor.py:914} INFO - Processing file /home/airflow/.local/lib/python3.12/site-packages/airflow/example_dags/tutorial_dag.py for tasks to queue
[2025-07-05T19:13:30.875+0000] {logging_mixin.py:190} INFO - [2025-07-05T19:13:30.875+0000] {dagbag.py:588} INFO - Filling up the DagBag from /home/airflow/.local/lib/python3.12/site-packages/airflow/example_dags/tutorial_dag.py
[2025-07-05T19:13:30.880+0000] {processor.py:925} INFO - DAG(s) 'tutorial_dag' retrieved from /home/airflow/.local/lib/python3.12/site-packages/airflow/example_dags/tutorial_dag.py
[2025-07-05T19:13:30.905+0000] {logging_mixin.py:190} INFO - [2025-07-05T19:13:30.904+0000] {dag.py:3239} INFO - Sync 1 DAGs
[2025-07-05T19:13:30.925+0000] {logging_mixin.py:190} INFO - [2025-07-05T19:13:30.925+0000] {dag.py:4180} INFO - Setting next_dagrun for tutorial_dag to None, run_after=None
[2025-07-05T19:13:30.937+0000] {processor.py:208} INFO - Processing /home/airflow/.local/lib/python3.12/site-packages/airflow/example_dags/tutorial_dag.py took 0.069 seconds
[2025-07-05T19:14:01.369+0000] {processor.py:186} INFO - Started process (PID=8673) to work on /home/airflow/.local/lib/python3.12/site-packages/airflow/example_dags/tutorial_dag.py
[2025-07-05T19:14:01.373+0000] {processor.py:914} INFO - Processing file /home/airflow/.local/lib/python3.12/site-packages/airflow/example_dags/tutorial_dag.py for tasks to queue
[2025-07-05T19:14:01.377+0000] {logging_mixin.py:190} INFO - [2025-07-05T19:14:01.377+0000] {dagbag.py:588} INFO - Filling up the DagBag from /home/airflow/.local/lib/python3.12/site-packages/airflow/example_dags/tutorial_dag.py
[2025-07-05T19:14:01.381+0000] {processor.py:925} INFO - DAG(s) 'tutorial_dag' retrieved from /home/airflow/.local/lib/python3.12/site-packages/airflow/example_dags/tutorial_dag.py
[2025-07-05T19:14:01.392+0000] {logging_mixin.py:190} INFO - [2025-07-05T19:14:01.392+0000] {dag.py:3239} INFO - Sync 1 DAGs
[2025-07-05T19:14:01.400+0000] {logging_mixin.py:190} INFO - [2025-07-05T19:14:01.400+0000] {dag.py:4180} INFO - Setting next_dagrun for tutorial_dag to None, run_after=None
[2025-07-05T19:14:01.412+0000] {processor.py:208} INFO - Processing /home/airflow/.local/lib/python3.12/site-packages/airflow/example_dags/tutorial_dag.py took 0.046 seconds
[2025-07-05T19:14:31.865+0000] {processor.py:186} INFO - Started process (PID=8735) to work on /home/airflow/.local/lib/python3.12/site-packages/airflow/example_dags/tutorial_dag.py
[2025-07-05T19:14:31.865+0000] {processor.py:914} INFO - Processing file /home/airflow/.local/lib/python3.12/site-packages/airflow/example_dags/tutorial_dag.py for tasks to queue
[2025-07-05T19:14:31.867+0000] {logging_mixin.py:190} INFO - [2025-07-05T19:14:31.867+0000] {dagbag.py:588} INFO - Filling up the DagBag from /home/airflow/.local/lib/python3.12/site-packages/airflow/example_dags/tutorial_dag.py
[2025-07-05T19:14:31.872+0000] {processor.py:925} INFO - DAG(s) 'tutorial_dag' retrieved from /home/airflow/.local/lib/python3.12/site-packages/airflow/example_dags/tutorial_dag.py
[2025-07-05T19:14:31.885+0000] {logging_mixin.py:190} INFO - [2025-07-05T19:14:31.884+0000] {dag.py:3239} INFO - Sync 1 DAGs
[2025-07-05T19:14:31.893+0000] {logging_mixin.py:190} INFO - [2025-07-05T19:14:31.892+0000] {dag.py:4180} INFO - Setting next_dagrun for tutorial_dag to None, run_after=None
[2025-07-05T19:14:31.902+0000] {processor.py:208} INFO - Processing /home/airflow/.local/lib/python3.12/site-packages/airflow/example_dags/tutorial_dag.py took 0.040 seconds
[2025-07-05T19:15:02.752+0000] {processor.py:186} INFO - Started process (PID=8797) to work on /home/airflow/.local/lib/python3.12/site-packages/airflow/example_dags/tutorial_dag.py
[2025-07-05T19:15:02.768+0000] {processor.py:914} INFO - Processing file /home/airflow/.local/lib/python3.12/site-packages/airflow/example_dags/tutorial_dag.py for tasks to queue
[2025-07-05T19:15:02.774+0000] {logging_mixin.py:190} INFO - [2025-07-05T19:15:02.774+0000] {dagbag.py:588} INFO - Filling up the DagBag from /home/airflow/.local/lib/python3.12/site-packages/airflow/example_dags/tutorial_dag.py
[2025-07-05T19:15:02.786+0000] {processor.py:925} INFO - DAG(s) 'tutorial_dag' retrieved from /home/airflow/.local/lib/python3.12/site-packages/airflow/example_dags/tutorial_dag.py
[2025-07-05T19:15:02.849+0000] {logging_mixin.py:190} INFO - [2025-07-05T19:15:02.848+0000] {dag.py:3239} INFO - Sync 1 DAGs
[2025-07-05T19:15:02.868+0000] {logging_mixin.py:190} INFO - [2025-07-05T19:15:02.868+0000] {dag.py:4180} INFO - Setting next_dagrun for tutorial_dag to None, run_after=None
[2025-07-05T19:15:02.885+0000] {processor.py:208} INFO - Processing /home/airflow/.local/lib/python3.12/site-packages/airflow/example_dags/tutorial_dag.py took 0.144 seconds
[2025-07-05T19:15:33.314+0000] {processor.py:186} INFO - Started process (PID=8859) to work on /home/airflow/.local/lib/python3.12/site-packages/airflow/example_dags/tutorial_dag.py
[2025-07-05T19:15:33.315+0000] {processor.py:914} INFO - Processing file /home/airflow/.local/lib/python3.12/site-packages/airflow/example_dags/tutorial_dag.py for tasks to queue
[2025-07-05T19:15:33.317+0000] {logging_mixin.py:190} INFO - [2025-07-05T19:15:33.317+0000] {dagbag.py:588} INFO - Filling up the DagBag from /home/airflow/.local/lib/python3.12/site-packages/airflow/example_dags/tutorial_dag.py
[2025-07-05T19:15:33.321+0000] {processor.py:925} INFO - DAG(s) 'tutorial_dag' retrieved from /home/airflow/.local/lib/python3.12/site-packages/airflow/example_dags/tutorial_dag.py
[2025-07-05T19:15:33.341+0000] {logging_mixin.py:190} INFO - [2025-07-05T19:15:33.341+0000] {dag.py:3239} INFO - Sync 1 DAGs
[2025-07-05T19:15:33.355+0000] {logging_mixin.py:190} INFO - [2025-07-05T19:15:33.355+0000] {dag.py:4180} INFO - Setting next_dagrun for tutorial_dag to None, run_after=None
[2025-07-05T19:15:33.367+0000] {processor.py:208} INFO - Processing /home/airflow/.local/lib/python3.12/site-packages/airflow/example_dags/tutorial_dag.py took 0.056 seconds
[2025-07-05T19:16:04.376+0000] {processor.py:186} INFO - Started process (PID=8921) to work on /home/airflow/.local/lib/python3.12/site-packages/airflow/example_dags/tutorial_dag.py
[2025-07-05T19:16:04.378+0000] {processor.py:914} INFO - Processing file /home/airflow/.local/lib/python3.12/site-packages/airflow/example_dags/tutorial_dag.py for tasks to queue
[2025-07-05T19:16:04.380+0000] {logging_mixin.py:190} INFO - [2025-07-05T19:16:04.380+0000] {dagbag.py:588} INFO - Filling up the DagBag from /home/airflow/.local/lib/python3.12/site-packages/airflow/example_dags/tutorial_dag.py
[2025-07-05T19:16:04.390+0000] {processor.py:925} INFO - DAG(s) 'tutorial_dag' retrieved from /home/airflow/.local/lib/python3.12/site-packages/airflow/example_dags/tutorial_dag.py
[2025-07-05T19:16:04.406+0000] {logging_mixin.py:190} INFO - [2025-07-05T19:16:04.406+0000] {dag.py:3239} INFO - Sync 1 DAGs
[2025-07-05T19:16:04.423+0000] {logging_mixin.py:190} INFO - [2025-07-05T19:16:04.422+0000] {dag.py:4180} INFO - Setting next_dagrun for tutorial_dag to None, run_after=None
[2025-07-05T19:16:04.433+0000] {processor.py:208} INFO - Processing /home/airflow/.local/lib/python3.12/site-packages/airflow/example_dags/tutorial_dag.py took 0.061 seconds
[2025-07-05T19:16:34.600+0000] {processor.py:186} INFO - Started process (PID=8983) to work on /home/airflow/.local/lib/python3.12/site-packages/airflow/example_dags/tutorial_dag.py
[2025-07-05T19:16:34.601+0000] {processor.py:914} INFO - Processing file /home/airflow/.local/lib/python3.12/site-packages/airflow/example_dags/tutorial_dag.py for tasks to queue
[2025-07-05T19:16:34.602+0000] {logging_mixin.py:190} INFO - [2025-07-05T19:16:34.602+0000] {dagbag.py:588} INFO - Filling up the DagBag from /home/airflow/.local/lib/python3.12/site-packages/airflow/example_dags/tutorial_dag.py
[2025-07-05T19:16:34.607+0000] {processor.py:925} INFO - DAG(s) 'tutorial_dag' retrieved from /home/airflow/.local/lib/python3.12/site-packages/airflow/example_dags/tutorial_dag.py
[2025-07-05T19:16:34.618+0000] {logging_mixin.py:190} INFO - [2025-07-05T19:16:34.618+0000] {dag.py:3239} INFO - Sync 1 DAGs
[2025-07-05T19:16:34.628+0000] {logging_mixin.py:190} INFO - [2025-07-05T19:16:34.627+0000] {dag.py:4180} INFO - Setting next_dagrun for tutorial_dag to None, run_after=None
[2025-07-05T19:16:34.641+0000] {processor.py:208} INFO - Processing /home/airflow/.local/lib/python3.12/site-packages/airflow/example_dags/tutorial_dag.py took 0.045 seconds
[2025-07-05T19:17:05.300+0000] {processor.py:186} INFO - Started process (PID=9045) to work on /home/airflow/.local/lib/python3.12/site-packages/airflow/example_dags/tutorial_dag.py
[2025-07-05T19:17:05.302+0000] {processor.py:914} INFO - Processing file /home/airflow/.local/lib/python3.12/site-packages/airflow/example_dags/tutorial_dag.py for tasks to queue
[2025-07-05T19:17:05.304+0000] {logging_mixin.py:190} INFO - [2025-07-05T19:17:05.303+0000] {dagbag.py:588} INFO - Filling up the DagBag from /home/airflow/.local/lib/python3.12/site-packages/airflow/example_dags/tutorial_dag.py
[2025-07-05T19:17:05.310+0000] {processor.py:925} INFO - DAG(s) 'tutorial_dag' retrieved from /home/airflow/.local/lib/python3.12/site-packages/airflow/example_dags/tutorial_dag.py
[2025-07-05T19:17:05.440+0000] {logging_mixin.py:190} INFO - [2025-07-05T19:17:05.440+0000] {dag.py:3239} INFO - Sync 1 DAGs
[2025-07-05T19:17:05.478+0000] {logging_mixin.py:190} INFO - [2025-07-05T19:17:05.478+0000] {dag.py:4180} INFO - Setting next_dagrun for tutorial_dag to None, run_after=None
[2025-07-05T19:17:05.491+0000] {processor.py:208} INFO - Processing /home/airflow/.local/lib/python3.12/site-packages/airflow/example_dags/tutorial_dag.py took 0.195 seconds
[2025-07-05T19:17:35.820+0000] {processor.py:186} INFO - Started process (PID=9107) to work on /home/airflow/.local/lib/python3.12/site-packages/airflow/example_dags/tutorial_dag.py
[2025-07-05T19:17:35.822+0000] {processor.py:914} INFO - Processing file /home/airflow/.local/lib/python3.12/site-packages/airflow/example_dags/tutorial_dag.py for tasks to queue
[2025-07-05T19:17:35.826+0000] {logging_mixin.py:190} INFO - [2025-07-05T19:17:35.826+0000] {dagbag.py:588} INFO - Filling up the DagBag from /home/airflow/.local/lib/python3.12/site-packages/airflow/example_dags/tutorial_dag.py
[2025-07-05T19:17:35.834+0000] {processor.py:925} INFO - DAG(s) 'tutorial_dag' retrieved from /home/airflow/.local/lib/python3.12/site-packages/airflow/example_dags/tutorial_dag.py
[2025-07-05T19:17:35.854+0000] {logging_mixin.py:190} INFO - [2025-07-05T19:17:35.854+0000] {dag.py:3239} INFO - Sync 1 DAGs
[2025-07-05T19:17:35.863+0000] {logging_mixin.py:190} INFO - [2025-07-05T19:17:35.863+0000] {dag.py:4180} INFO - Setting next_dagrun for tutorial_dag to None, run_after=None
[2025-07-05T19:17:35.878+0000] {processor.py:208} INFO - Processing /home/airflow/.local/lib/python3.12/site-packages/airflow/example_dags/tutorial_dag.py took 0.072 seconds
[2025-07-05T19:18:06.813+0000] {processor.py:186} INFO - Started process (PID=9169) to work on /home/airflow/.local/lib/python3.12/site-packages/airflow/example_dags/tutorial_dag.py
[2025-07-05T19:18:06.815+0000] {processor.py:914} INFO - Processing file /home/airflow/.local/lib/python3.12/site-packages/airflow/example_dags/tutorial_dag.py for tasks to queue
[2025-07-05T19:18:06.817+0000] {logging_mixin.py:190} INFO - [2025-07-05T19:18:06.817+0000] {dagbag.py:588} INFO - Filling up the DagBag from /home/airflow/.local/lib/python3.12/site-packages/airflow/example_dags/tutorial_dag.py
[2025-07-05T19:18:06.822+0000] {processor.py:925} INFO - DAG(s) 'tutorial_dag' retrieved from /home/airflow/.local/lib/python3.12/site-packages/airflow/example_dags/tutorial_dag.py
[2025-07-05T19:18:06.835+0000] {logging_mixin.py:190} INFO - [2025-07-05T19:18:06.835+0000] {dag.py:3239} INFO - Sync 1 DAGs
[2025-07-05T19:18:06.844+0000] {logging_mixin.py:190} INFO - [2025-07-05T19:18:06.844+0000] {dag.py:4180} INFO - Setting next_dagrun for tutorial_dag to None, run_after=None
[2025-07-05T19:18:06.858+0000] {processor.py:208} INFO - Processing /home/airflow/.local/lib/python3.12/site-packages/airflow/example_dags/tutorial_dag.py took 0.049 seconds
[2025-07-05T19:18:37.045+0000] {processor.py:186} INFO - Started process (PID=9231) to work on /home/airflow/.local/lib/python3.12/site-packages/airflow/example_dags/tutorial_dag.py
[2025-07-05T19:18:37.046+0000] {processor.py:914} INFO - Processing file /home/airflow/.local/lib/python3.12/site-packages/airflow/example_dags/tutorial_dag.py for tasks to queue
[2025-07-05T19:18:37.047+0000] {logging_mixin.py:190} INFO - [2025-07-05T19:18:37.047+0000] {dagbag.py:588} INFO - Filling up the DagBag from /home/airflow/.local/lib/python3.12/site-packages/airflow/example_dags/tutorial_dag.py
[2025-07-05T19:18:37.051+0000] {processor.py:925} INFO - DAG(s) 'tutorial_dag' retrieved from /home/airflow/.local/lib/python3.12/site-packages/airflow/example_dags/tutorial_dag.py
[2025-07-05T19:18:37.063+0000] {logging_mixin.py:190} INFO - [2025-07-05T19:18:37.063+0000] {dag.py:3239} INFO - Sync 1 DAGs
[2025-07-05T19:18:37.071+0000] {logging_mixin.py:190} INFO - [2025-07-05T19:18:37.071+0000] {dag.py:4180} INFO - Setting next_dagrun for tutorial_dag to None, run_after=None
[2025-07-05T19:18:37.079+0000] {processor.py:208} INFO - Processing /home/airflow/.local/lib/python3.12/site-packages/airflow/example_dags/tutorial_dag.py took 0.038 seconds
[2025-07-05T19:19:08.101+0000] {processor.py:186} INFO - Started process (PID=9293) to work on /home/airflow/.local/lib/python3.12/site-packages/airflow/example_dags/tutorial_dag.py
[2025-07-05T19:19:08.102+0000] {processor.py:914} INFO - Processing file /home/airflow/.local/lib/python3.12/site-packages/airflow/example_dags/tutorial_dag.py for tasks to queue
[2025-07-05T19:19:08.103+0000] {logging_mixin.py:190} INFO - [2025-07-05T19:19:08.103+0000] {dagbag.py:588} INFO - Filling up the DagBag from /home/airflow/.local/lib/python3.12/site-packages/airflow/example_dags/tutorial_dag.py
[2025-07-05T19:19:08.107+0000] {processor.py:925} INFO - DAG(s) 'tutorial_dag' retrieved from /home/airflow/.local/lib/python3.12/site-packages/airflow/example_dags/tutorial_dag.py
[2025-07-05T19:19:08.121+0000] {logging_mixin.py:190} INFO - [2025-07-05T19:19:08.121+0000] {dag.py:3239} INFO - Sync 1 DAGs
[2025-07-05T19:19:08.129+0000] {logging_mixin.py:190} INFO - [2025-07-05T19:19:08.129+0000] {dag.py:4180} INFO - Setting next_dagrun for tutorial_dag to None, run_after=None
[2025-07-05T19:19:08.138+0000] {processor.py:208} INFO - Processing /home/airflow/.local/lib/python3.12/site-packages/airflow/example_dags/tutorial_dag.py took 0.043 seconds
[2025-07-05T19:19:38.236+0000] {processor.py:186} INFO - Started process (PID=9355) to work on /home/airflow/.local/lib/python3.12/site-packages/airflow/example_dags/tutorial_dag.py
[2025-07-05T19:19:38.237+0000] {processor.py:914} INFO - Processing file /home/airflow/.local/lib/python3.12/site-packages/airflow/example_dags/tutorial_dag.py for tasks to queue
[2025-07-05T19:19:38.238+0000] {logging_mixin.py:190} INFO - [2025-07-05T19:19:38.238+0000] {dagbag.py:588} INFO - Filling up the DagBag from /home/airflow/.local/lib/python3.12/site-packages/airflow/example_dags/tutorial_dag.py
[2025-07-05T19:19:38.244+0000] {processor.py:925} INFO - DAG(s) 'tutorial_dag' retrieved from /home/airflow/.local/lib/python3.12/site-packages/airflow/example_dags/tutorial_dag.py
[2025-07-05T19:19:38.256+0000] {logging_mixin.py:190} INFO - [2025-07-05T19:19:38.256+0000] {dag.py:3239} INFO - Sync 1 DAGs
[2025-07-05T19:19:38.263+0000] {logging_mixin.py:190} INFO - [2025-07-05T19:19:38.263+0000] {dag.py:4180} INFO - Setting next_dagrun for tutorial_dag to None, run_after=None
[2025-07-05T19:19:38.271+0000] {processor.py:208} INFO - Processing /home/airflow/.local/lib/python3.12/site-packages/airflow/example_dags/tutorial_dag.py took 0.038 seconds
[2025-07-05T19:20:09.579+0000] {processor.py:186} INFO - Started process (PID=9417) to work on /home/airflow/.local/lib/python3.12/site-packages/airflow/example_dags/tutorial_dag.py
[2025-07-05T19:20:09.581+0000] {processor.py:914} INFO - Processing file /home/airflow/.local/lib/python3.12/site-packages/airflow/example_dags/tutorial_dag.py for tasks to queue
[2025-07-05T19:20:09.584+0000] {logging_mixin.py:190} INFO - [2025-07-05T19:20:09.584+0000] {dagbag.py:588} INFO - Filling up the DagBag from /home/airflow/.local/lib/python3.12/site-packages/airflow/example_dags/tutorial_dag.py
[2025-07-05T19:20:09.588+0000] {processor.py:925} INFO - DAG(s) 'tutorial_dag' retrieved from /home/airflow/.local/lib/python3.12/site-packages/airflow/example_dags/tutorial_dag.py
[2025-07-05T19:20:09.602+0000] {logging_mixin.py:190} INFO - [2025-07-05T19:20:09.602+0000] {dag.py:3239} INFO - Sync 1 DAGs
[2025-07-05T19:20:09.612+0000] {logging_mixin.py:190} INFO - [2025-07-05T19:20:09.612+0000] {dag.py:4180} INFO - Setting next_dagrun for tutorial_dag to None, run_after=None
[2025-07-05T19:20:09.625+0000] {processor.py:208} INFO - Processing /home/airflow/.local/lib/python3.12/site-packages/airflow/example_dags/tutorial_dag.py took 0.050 seconds
[2025-07-05T19:20:40.383+0000] {processor.py:186} INFO - Started process (PID=9479) to work on /home/airflow/.local/lib/python3.12/site-packages/airflow/example_dags/tutorial_dag.py
[2025-07-05T19:20:40.384+0000] {processor.py:914} INFO - Processing file /home/airflow/.local/lib/python3.12/site-packages/airflow/example_dags/tutorial_dag.py for tasks to queue
[2025-07-05T19:20:40.389+0000] {logging_mixin.py:190} INFO - [2025-07-05T19:20:40.388+0000] {dagbag.py:588} INFO - Filling up the DagBag from /home/airflow/.local/lib/python3.12/site-packages/airflow/example_dags/tutorial_dag.py
[2025-07-05T19:20:40.394+0000] {processor.py:925} INFO - DAG(s) 'tutorial_dag' retrieved from /home/airflow/.local/lib/python3.12/site-packages/airflow/example_dags/tutorial_dag.py
[2025-07-05T19:20:40.407+0000] {logging_mixin.py:190} INFO - [2025-07-05T19:20:40.407+0000] {dag.py:3239} INFO - Sync 1 DAGs
[2025-07-05T19:20:40.414+0000] {logging_mixin.py:190} INFO - [2025-07-05T19:20:40.414+0000] {dag.py:4180} INFO - Setting next_dagrun for tutorial_dag to None, run_after=None
[2025-07-05T19:20:40.427+0000] {processor.py:208} INFO - Processing /home/airflow/.local/lib/python3.12/site-packages/airflow/example_dags/tutorial_dag.py took 0.048 seconds
[2025-07-05T19:21:10.497+0000] {processor.py:186} INFO - Started process (PID=9541) to work on /home/airflow/.local/lib/python3.12/site-packages/airflow/example_dags/tutorial_dag.py
[2025-07-05T19:21:10.498+0000] {processor.py:914} INFO - Processing file /home/airflow/.local/lib/python3.12/site-packages/airflow/example_dags/tutorial_dag.py for tasks to queue
[2025-07-05T19:21:10.500+0000] {logging_mixin.py:190} INFO - [2025-07-05T19:21:10.499+0000] {dagbag.py:588} INFO - Filling up the DagBag from /home/airflow/.local/lib/python3.12/site-packages/airflow/example_dags/tutorial_dag.py
[2025-07-05T19:21:10.503+0000] {processor.py:925} INFO - DAG(s) 'tutorial_dag' retrieved from /home/airflow/.local/lib/python3.12/site-packages/airflow/example_dags/tutorial_dag.py
[2025-07-05T19:21:10.518+0000] {logging_mixin.py:190} INFO - [2025-07-05T19:21:10.518+0000] {dag.py:3239} INFO - Sync 1 DAGs
[2025-07-05T19:21:10.525+0000] {logging_mixin.py:190} INFO - [2025-07-05T19:21:10.525+0000] {dag.py:4180} INFO - Setting next_dagrun for tutorial_dag to None, run_after=None
[2025-07-05T19:21:10.535+0000] {processor.py:208} INFO - Processing /home/airflow/.local/lib/python3.12/site-packages/airflow/example_dags/tutorial_dag.py took 0.042 seconds
[2025-07-05T19:21:41.186+0000] {processor.py:186} INFO - Started process (PID=9603) to work on /home/airflow/.local/lib/python3.12/site-packages/airflow/example_dags/tutorial_dag.py
[2025-07-05T19:21:41.187+0000] {processor.py:914} INFO - Processing file /home/airflow/.local/lib/python3.12/site-packages/airflow/example_dags/tutorial_dag.py for tasks to queue
[2025-07-05T19:21:41.189+0000] {logging_mixin.py:190} INFO - [2025-07-05T19:21:41.189+0000] {dagbag.py:588} INFO - Filling up the DagBag from /home/airflow/.local/lib/python3.12/site-packages/airflow/example_dags/tutorial_dag.py
[2025-07-05T19:21:41.194+0000] {processor.py:925} INFO - DAG(s) 'tutorial_dag' retrieved from /home/airflow/.local/lib/python3.12/site-packages/airflow/example_dags/tutorial_dag.py
[2025-07-05T19:21:41.275+0000] {logging_mixin.py:190} INFO - [2025-07-05T19:21:41.274+0000] {dag.py:3239} INFO - Sync 1 DAGs
[2025-07-05T19:21:41.325+0000] {logging_mixin.py:190} INFO - [2025-07-05T19:21:41.325+0000] {dag.py:4180} INFO - Setting next_dagrun for tutorial_dag to None, run_after=None
[2025-07-05T19:21:41.373+0000] {processor.py:208} INFO - Processing /home/airflow/.local/lib/python3.12/site-packages/airflow/example_dags/tutorial_dag.py took 0.193 seconds
[2025-07-05T19:22:11.527+0000] {processor.py:186} INFO - Started process (PID=9665) to work on /home/airflow/.local/lib/python3.12/site-packages/airflow/example_dags/tutorial_dag.py
[2025-07-05T19:22:11.528+0000] {processor.py:914} INFO - Processing file /home/airflow/.local/lib/python3.12/site-packages/airflow/example_dags/tutorial_dag.py for tasks to queue
[2025-07-05T19:22:11.530+0000] {logging_mixin.py:190} INFO - [2025-07-05T19:22:11.530+0000] {dagbag.py:588} INFO - Filling up the DagBag from /home/airflow/.local/lib/python3.12/site-packages/airflow/example_dags/tutorial_dag.py
[2025-07-05T19:22:11.535+0000] {processor.py:925} INFO - DAG(s) 'tutorial_dag' retrieved from /home/airflow/.local/lib/python3.12/site-packages/airflow/example_dags/tutorial_dag.py
[2025-07-05T19:22:11.552+0000] {logging_mixin.py:190} INFO - [2025-07-05T19:22:11.552+0000] {dag.py:3239} INFO - Sync 1 DAGs
[2025-07-05T19:22:11.561+0000] {logging_mixin.py:190} INFO - [2025-07-05T19:22:11.561+0000] {dag.py:4180} INFO - Setting next_dagrun for tutorial_dag to None, run_after=None
[2025-07-05T19:22:11.576+0000] {processor.py:208} INFO - Processing /home/airflow/.local/lib/python3.12/site-packages/airflow/example_dags/tutorial_dag.py took 0.052 seconds
[2025-07-05T19:22:42.926+0000] {processor.py:186} INFO - Started process (PID=9727) to work on /home/airflow/.local/lib/python3.12/site-packages/airflow/example_dags/tutorial_dag.py
[2025-07-05T19:22:42.929+0000] {processor.py:914} INFO - Processing file /home/airflow/.local/lib/python3.12/site-packages/airflow/example_dags/tutorial_dag.py for tasks to queue
[2025-07-05T19:22:42.931+0000] {logging_mixin.py:190} INFO - [2025-07-05T19:22:42.931+0000] {dagbag.py:588} INFO - Filling up the DagBag from /home/airflow/.local/lib/python3.12/site-packages/airflow/example_dags/tutorial_dag.py
[2025-07-05T19:22:42.938+0000] {processor.py:925} INFO - DAG(s) 'tutorial_dag' retrieved from /home/airflow/.local/lib/python3.12/site-packages/airflow/example_dags/tutorial_dag.py
[2025-07-05T19:22:42.952+0000] {logging_mixin.py:190} INFO - [2025-07-05T19:22:42.952+0000] {dag.py:3239} INFO - Sync 1 DAGs
[2025-07-05T19:22:42.961+0000] {logging_mixin.py:190} INFO - [2025-07-05T19:22:42.961+0000] {dag.py:4180} INFO - Setting next_dagrun for tutorial_dag to None, run_after=None
[2025-07-05T19:22:43.103+0000] {processor.py:208} INFO - Processing /home/airflow/.local/lib/python3.12/site-packages/airflow/example_dags/tutorial_dag.py took 0.182 seconds
[2025-07-05T19:23:13.344+0000] {processor.py:186} INFO - Started process (PID=9789) to work on /home/airflow/.local/lib/python3.12/site-packages/airflow/example_dags/tutorial_dag.py
[2025-07-05T19:23:13.346+0000] {processor.py:914} INFO - Processing file /home/airflow/.local/lib/python3.12/site-packages/airflow/example_dags/tutorial_dag.py for tasks to queue
[2025-07-05T19:23:13.348+0000] {logging_mixin.py:190} INFO - [2025-07-05T19:23:13.348+0000] {dagbag.py:588} INFO - Filling up the DagBag from /home/airflow/.local/lib/python3.12/site-packages/airflow/example_dags/tutorial_dag.py
[2025-07-05T19:23:13.355+0000] {processor.py:925} INFO - DAG(s) 'tutorial_dag' retrieved from /home/airflow/.local/lib/python3.12/site-packages/airflow/example_dags/tutorial_dag.py
[2025-07-05T19:23:13.368+0000] {logging_mixin.py:190} INFO - [2025-07-05T19:23:13.368+0000] {dag.py:3239} INFO - Sync 1 DAGs
[2025-07-05T19:23:13.377+0000] {logging_mixin.py:190} INFO - [2025-07-05T19:23:13.376+0000] {dag.py:4180} INFO - Setting next_dagrun for tutorial_dag to None, run_after=None
[2025-07-05T19:23:13.387+0000] {processor.py:208} INFO - Processing /home/airflow/.local/lib/python3.12/site-packages/airflow/example_dags/tutorial_dag.py took 0.050 seconds
[2025-07-05T19:23:43.695+0000] {processor.py:186} INFO - Started process (PID=9851) to work on /home/airflow/.local/lib/python3.12/site-packages/airflow/example_dags/tutorial_dag.py
[2025-07-05T19:23:43.696+0000] {processor.py:914} INFO - Processing file /home/airflow/.local/lib/python3.12/site-packages/airflow/example_dags/tutorial_dag.py for tasks to queue
[2025-07-05T19:23:43.701+0000] {logging_mixin.py:190} INFO - [2025-07-05T19:23:43.701+0000] {dagbag.py:588} INFO - Filling up the DagBag from /home/airflow/.local/lib/python3.12/site-packages/airflow/example_dags/tutorial_dag.py
[2025-07-05T19:23:43.719+0000] {processor.py:925} INFO - DAG(s) 'tutorial_dag' retrieved from /home/airflow/.local/lib/python3.12/site-packages/airflow/example_dags/tutorial_dag.py
[2025-07-05T19:23:43.745+0000] {logging_mixin.py:190} INFO - [2025-07-05T19:23:43.745+0000] {dag.py:3239} INFO - Sync 1 DAGs
[2025-07-05T19:23:43.756+0000] {logging_mixin.py:190} INFO - [2025-07-05T19:23:43.756+0000] {dag.py:4180} INFO - Setting next_dagrun for tutorial_dag to None, run_after=None
[2025-07-05T19:23:43.778+0000] {processor.py:208} INFO - Processing /home/airflow/.local/lib/python3.12/site-packages/airflow/example_dags/tutorial_dag.py took 0.089 seconds
[2025-07-05T19:24:14.008+0000] {processor.py:186} INFO - Started process (PID=9913) to work on /home/airflow/.local/lib/python3.12/site-packages/airflow/example_dags/tutorial_dag.py
[2025-07-05T19:24:14.009+0000] {processor.py:914} INFO - Processing file /home/airflow/.local/lib/python3.12/site-packages/airflow/example_dags/tutorial_dag.py for tasks to queue
[2025-07-05T19:24:14.010+0000] {logging_mixin.py:190} INFO - [2025-07-05T19:24:14.010+0000] {dagbag.py:588} INFO - Filling up the DagBag from /home/airflow/.local/lib/python3.12/site-packages/airflow/example_dags/tutorial_dag.py
[2025-07-05T19:24:14.014+0000] {processor.py:925} INFO - DAG(s) 'tutorial_dag' retrieved from /home/airflow/.local/lib/python3.12/site-packages/airflow/example_dags/tutorial_dag.py
[2025-07-05T19:24:14.026+0000] {logging_mixin.py:190} INFO - [2025-07-05T19:24:14.026+0000] {dag.py:3239} INFO - Sync 1 DAGs
[2025-07-05T19:24:14.035+0000] {logging_mixin.py:190} INFO - [2025-07-05T19:24:14.035+0000] {dag.py:4180} INFO - Setting next_dagrun for tutorial_dag to None, run_after=None
[2025-07-05T19:24:14.048+0000] {processor.py:208} INFO - Processing /home/airflow/.local/lib/python3.12/site-packages/airflow/example_dags/tutorial_dag.py took 0.043 seconds
[2025-07-05T19:24:44.646+0000] {processor.py:186} INFO - Started process (PID=9975) to work on /home/airflow/.local/lib/python3.12/site-packages/airflow/example_dags/tutorial_dag.py
[2025-07-05T19:24:44.647+0000] {processor.py:914} INFO - Processing file /home/airflow/.local/lib/python3.12/site-packages/airflow/example_dags/tutorial_dag.py for tasks to queue
[2025-07-05T19:24:44.649+0000] {logging_mixin.py:190} INFO - [2025-07-05T19:24:44.648+0000] {dagbag.py:588} INFO - Filling up the DagBag from /home/airflow/.local/lib/python3.12/site-packages/airflow/example_dags/tutorial_dag.py
[2025-07-05T19:24:44.654+0000] {processor.py:925} INFO - DAG(s) 'tutorial_dag' retrieved from /home/airflow/.local/lib/python3.12/site-packages/airflow/example_dags/tutorial_dag.py
[2025-07-05T19:24:44.666+0000] {logging_mixin.py:190} INFO - [2025-07-05T19:24:44.666+0000] {dag.py:3239} INFO - Sync 1 DAGs
[2025-07-05T19:24:44.675+0000] {logging_mixin.py:190} INFO - [2025-07-05T19:24:44.675+0000] {dag.py:4180} INFO - Setting next_dagrun for tutorial_dag to None, run_after=None
[2025-07-05T19:24:44.690+0000] {processor.py:208} INFO - Processing /home/airflow/.local/lib/python3.12/site-packages/airflow/example_dags/tutorial_dag.py took 0.049 seconds
[2025-07-05T19:25:15.336+0000] {processor.py:186} INFO - Started process (PID=10037) to work on /home/airflow/.local/lib/python3.12/site-packages/airflow/example_dags/tutorial_dag.py
[2025-07-05T19:25:15.337+0000] {processor.py:914} INFO - Processing file /home/airflow/.local/lib/python3.12/site-packages/airflow/example_dags/tutorial_dag.py for tasks to queue
[2025-07-05T19:25:15.338+0000] {logging_mixin.py:190} INFO - [2025-07-05T19:25:15.338+0000] {dagbag.py:588} INFO - Filling up the DagBag from /home/airflow/.local/lib/python3.12/site-packages/airflow/example_dags/tutorial_dag.py
[2025-07-05T19:25:15.342+0000] {processor.py:925} INFO - DAG(s) 'tutorial_dag' retrieved from /home/airflow/.local/lib/python3.12/site-packages/airflow/example_dags/tutorial_dag.py
[2025-07-05T19:25:15.367+0000] {logging_mixin.py:190} INFO - [2025-07-05T19:25:15.367+0000] {dag.py:3239} INFO - Sync 1 DAGs
[2025-07-05T19:25:15.375+0000] {logging_mixin.py:190} INFO - [2025-07-05T19:25:15.375+0000] {dag.py:4180} INFO - Setting next_dagrun for tutorial_dag to None, run_after=None
[2025-07-05T19:25:15.389+0000] {processor.py:208} INFO - Processing /home/airflow/.local/lib/python3.12/site-packages/airflow/example_dags/tutorial_dag.py took 0.056 seconds
[2025-07-05T19:25:45.767+0000] {processor.py:186} INFO - Started process (PID=10099) to work on /home/airflow/.local/lib/python3.12/site-packages/airflow/example_dags/tutorial_dag.py
[2025-07-05T19:25:45.771+0000] {processor.py:914} INFO - Processing file /home/airflow/.local/lib/python3.12/site-packages/airflow/example_dags/tutorial_dag.py for tasks to queue
[2025-07-05T19:25:45.772+0000] {logging_mixin.py:190} INFO - [2025-07-05T19:25:45.772+0000] {dagbag.py:588} INFO - Filling up the DagBag from /home/airflow/.local/lib/python3.12/site-packages/airflow/example_dags/tutorial_dag.py
[2025-07-05T19:25:45.779+0000] {processor.py:925} INFO - DAG(s) 'tutorial_dag' retrieved from /home/airflow/.local/lib/python3.12/site-packages/airflow/example_dags/tutorial_dag.py
[2025-07-05T19:25:45.798+0000] {logging_mixin.py:190} INFO - [2025-07-05T19:25:45.797+0000] {dag.py:3239} INFO - Sync 1 DAGs
[2025-07-05T19:25:45.804+0000] {logging_mixin.py:190} INFO - [2025-07-05T19:25:45.804+0000] {dag.py:4180} INFO - Setting next_dagrun for tutorial_dag to None, run_after=None
[2025-07-05T19:25:45.821+0000] {processor.py:208} INFO - Processing /home/airflow/.local/lib/python3.12/site-packages/airflow/example_dags/tutorial_dag.py took 0.062 seconds
[2025-07-05T19:26:15.951+0000] {processor.py:186} INFO - Started process (PID=10161) to work on /home/airflow/.local/lib/python3.12/site-packages/airflow/example_dags/tutorial_dag.py
[2025-07-05T19:26:15.955+0000] {processor.py:914} INFO - Processing file /home/airflow/.local/lib/python3.12/site-packages/airflow/example_dags/tutorial_dag.py for tasks to queue
[2025-07-05T19:26:15.958+0000] {logging_mixin.py:190} INFO - [2025-07-05T19:26:15.958+0000] {dagbag.py:588} INFO - Filling up the DagBag from /home/airflow/.local/lib/python3.12/site-packages/airflow/example_dags/tutorial_dag.py
[2025-07-05T19:26:15.963+0000] {processor.py:925} INFO - DAG(s) 'tutorial_dag' retrieved from /home/airflow/.local/lib/python3.12/site-packages/airflow/example_dags/tutorial_dag.py
[2025-07-05T19:26:15.976+0000] {logging_mixin.py:190} INFO - [2025-07-05T19:26:15.976+0000] {dag.py:3239} INFO - Sync 1 DAGs
[2025-07-05T19:26:15.987+0000] {logging_mixin.py:190} INFO - [2025-07-05T19:26:15.987+0000] {dag.py:4180} INFO - Setting next_dagrun for tutorial_dag to None, run_after=None
[2025-07-05T19:26:16.001+0000] {processor.py:208} INFO - Processing /home/airflow/.local/lib/python3.12/site-packages/airflow/example_dags/tutorial_dag.py took 0.054 seconds
[2025-07-05T19:26:46.377+0000] {processor.py:186} INFO - Started process (PID=10223) to work on /home/airflow/.local/lib/python3.12/site-packages/airflow/example_dags/tutorial_dag.py
[2025-07-05T19:26:46.380+0000] {processor.py:914} INFO - Processing file /home/airflow/.local/lib/python3.12/site-packages/airflow/example_dags/tutorial_dag.py for tasks to queue
[2025-07-05T19:26:46.383+0000] {logging_mixin.py:190} INFO - [2025-07-05T19:26:46.383+0000] {dagbag.py:588} INFO - Filling up the DagBag from /home/airflow/.local/lib/python3.12/site-packages/airflow/example_dags/tutorial_dag.py
[2025-07-05T19:26:46.412+0000] {processor.py:925} INFO - DAG(s) 'tutorial_dag' retrieved from /home/airflow/.local/lib/python3.12/site-packages/airflow/example_dags/tutorial_dag.py
[2025-07-05T19:26:46.450+0000] {logging_mixin.py:190} INFO - [2025-07-05T19:26:46.449+0000] {dag.py:3239} INFO - Sync 1 DAGs
[2025-07-05T19:26:46.478+0000] {logging_mixin.py:190} INFO - [2025-07-05T19:26:46.478+0000] {dag.py:4180} INFO - Setting next_dagrun for tutorial_dag to None, run_after=None
[2025-07-05T19:26:46.536+0000] {processor.py:208} INFO - Processing /home/airflow/.local/lib/python3.12/site-packages/airflow/example_dags/tutorial_dag.py took 0.166 seconds
[2025-07-05T19:27:16.804+0000] {processor.py:186} INFO - Started process (PID=10285) to work on /home/airflow/.local/lib/python3.12/site-packages/airflow/example_dags/tutorial_dag.py
[2025-07-05T19:27:16.805+0000] {processor.py:914} INFO - Processing file /home/airflow/.local/lib/python3.12/site-packages/airflow/example_dags/tutorial_dag.py for tasks to queue
[2025-07-05T19:27:16.806+0000] {logging_mixin.py:190} INFO - [2025-07-05T19:27:16.806+0000] {dagbag.py:588} INFO - Filling up the DagBag from /home/airflow/.local/lib/python3.12/site-packages/airflow/example_dags/tutorial_dag.py
[2025-07-05T19:27:16.810+0000] {processor.py:925} INFO - DAG(s) 'tutorial_dag' retrieved from /home/airflow/.local/lib/python3.12/site-packages/airflow/example_dags/tutorial_dag.py
[2025-07-05T19:27:16.827+0000] {logging_mixin.py:190} INFO - [2025-07-05T19:27:16.827+0000] {dag.py:3239} INFO - Sync 1 DAGs
[2025-07-05T19:27:16.835+0000] {logging_mixin.py:190} INFO - [2025-07-05T19:27:16.835+0000] {dag.py:4180} INFO - Setting next_dagrun for tutorial_dag to None, run_after=None
[2025-07-05T19:27:16.845+0000] {processor.py:208} INFO - Processing /home/airflow/.local/lib/python3.12/site-packages/airflow/example_dags/tutorial_dag.py took 0.044 seconds
[2025-07-05T19:27:47.130+0000] {processor.py:186} INFO - Started process (PID=10347) to work on /home/airflow/.local/lib/python3.12/site-packages/airflow/example_dags/tutorial_dag.py
[2025-07-05T19:27:47.132+0000] {processor.py:914} INFO - Processing file /home/airflow/.local/lib/python3.12/site-packages/airflow/example_dags/tutorial_dag.py for tasks to queue
[2025-07-05T19:27:47.133+0000] {logging_mixin.py:190} INFO - [2025-07-05T19:27:47.133+0000] {dagbag.py:588} INFO - Filling up the DagBag from /home/airflow/.local/lib/python3.12/site-packages/airflow/example_dags/tutorial_dag.py
[2025-07-05T19:27:47.137+0000] {processor.py:925} INFO - DAG(s) 'tutorial_dag' retrieved from /home/airflow/.local/lib/python3.12/site-packages/airflow/example_dags/tutorial_dag.py
[2025-07-05T19:27:47.148+0000] {logging_mixin.py:190} INFO - [2025-07-05T19:27:47.147+0000] {dag.py:3239} INFO - Sync 1 DAGs
[2025-07-05T19:27:47.167+0000] {logging_mixin.py:190} INFO - [2025-07-05T19:27:47.166+0000] {dag.py:4180} INFO - Setting next_dagrun for tutorial_dag to None, run_after=None
[2025-07-05T19:27:47.183+0000] {processor.py:208} INFO - Processing /home/airflow/.local/lib/python3.12/site-packages/airflow/example_dags/tutorial_dag.py took 0.057 seconds
[2025-07-05T19:28:17.460+0000] {processor.py:186} INFO - Started process (PID=10409) to work on /home/airflow/.local/lib/python3.12/site-packages/airflow/example_dags/tutorial_dag.py
[2025-07-05T19:28:17.461+0000] {processor.py:914} INFO - Processing file /home/airflow/.local/lib/python3.12/site-packages/airflow/example_dags/tutorial_dag.py for tasks to queue
[2025-07-05T19:28:17.462+0000] {logging_mixin.py:190} INFO - [2025-07-05T19:28:17.462+0000] {dagbag.py:588} INFO - Filling up the DagBag from /home/airflow/.local/lib/python3.12/site-packages/airflow/example_dags/tutorial_dag.py
[2025-07-05T19:28:17.466+0000] {processor.py:925} INFO - DAG(s) 'tutorial_dag' retrieved from /home/airflow/.local/lib/python3.12/site-packages/airflow/example_dags/tutorial_dag.py
[2025-07-05T19:28:17.479+0000] {logging_mixin.py:190} INFO - [2025-07-05T19:28:17.479+0000] {dag.py:3239} INFO - Sync 1 DAGs
[2025-07-05T19:28:17.487+0000] {logging_mixin.py:190} INFO - [2025-07-05T19:28:17.487+0000] {dag.py:4180} INFO - Setting next_dagrun for tutorial_dag to None, run_after=None
[2025-07-05T19:28:17.501+0000] {processor.py:208} INFO - Processing /home/airflow/.local/lib/python3.12/site-packages/airflow/example_dags/tutorial_dag.py took 0.045 seconds
[2025-07-05T19:28:48.487+0000] {processor.py:186} INFO - Started process (PID=10471) to work on /home/airflow/.local/lib/python3.12/site-packages/airflow/example_dags/tutorial_dag.py
[2025-07-05T19:28:48.489+0000] {processor.py:914} INFO - Processing file /home/airflow/.local/lib/python3.12/site-packages/airflow/example_dags/tutorial_dag.py for tasks to queue
[2025-07-05T19:28:48.493+0000] {logging_mixin.py:190} INFO - [2025-07-05T19:28:48.493+0000] {dagbag.py:588} INFO - Filling up the DagBag from /home/airflow/.local/lib/python3.12/site-packages/airflow/example_dags/tutorial_dag.py
[2025-07-05T19:28:48.497+0000] {processor.py:925} INFO - DAG(s) 'tutorial_dag' retrieved from /home/airflow/.local/lib/python3.12/site-packages/airflow/example_dags/tutorial_dag.py
[2025-07-05T19:28:48.509+0000] {logging_mixin.py:190} INFO - [2025-07-05T19:28:48.509+0000] {dag.py:3239} INFO - Sync 1 DAGs
[2025-07-05T19:28:48.517+0000] {logging_mixin.py:190} INFO - [2025-07-05T19:28:48.516+0000] {dag.py:4180} INFO - Setting next_dagrun for tutorial_dag to None, run_after=None
[2025-07-05T19:28:48.525+0000] {processor.py:208} INFO - Processing /home/airflow/.local/lib/python3.12/site-packages/airflow/example_dags/tutorial_dag.py took 0.047 seconds
[2025-07-05T19:29:19.361+0000] {processor.py:186} INFO - Started process (PID=10533) to work on /home/airflow/.local/lib/python3.12/site-packages/airflow/example_dags/tutorial_dag.py
[2025-07-05T19:29:19.412+0000] {processor.py:914} INFO - Processing file /home/airflow/.local/lib/python3.12/site-packages/airflow/example_dags/tutorial_dag.py for tasks to queue
[2025-07-05T19:29:19.420+0000] {logging_mixin.py:190} INFO - [2025-07-05T19:29:19.420+0000] {dagbag.py:588} INFO - Filling up the DagBag from /home/airflow/.local/lib/python3.12/site-packages/airflow/example_dags/tutorial_dag.py
[2025-07-05T19:29:19.428+0000] {processor.py:925} INFO - DAG(s) 'tutorial_dag' retrieved from /home/airflow/.local/lib/python3.12/site-packages/airflow/example_dags/tutorial_dag.py
[2025-07-05T19:29:19.463+0000] {logging_mixin.py:190} INFO - [2025-07-05T19:29:19.463+0000] {dag.py:3239} INFO - Sync 1 DAGs
[2025-07-05T19:29:19.472+0000] {logging_mixin.py:190} INFO - [2025-07-05T19:29:19.472+0000] {dag.py:4180} INFO - Setting next_dagrun for tutorial_dag to None, run_after=None
[2025-07-05T19:29:19.485+0000] {processor.py:208} INFO - Processing /home/airflow/.local/lib/python3.12/site-packages/airflow/example_dags/tutorial_dag.py took 0.172 seconds
[2025-07-05T19:29:50.430+0000] {processor.py:186} INFO - Started process (PID=10595) to work on /home/airflow/.local/lib/python3.12/site-packages/airflow/example_dags/tutorial_dag.py
[2025-07-05T19:29:50.431+0000] {processor.py:914} INFO - Processing file /home/airflow/.local/lib/python3.12/site-packages/airflow/example_dags/tutorial_dag.py for tasks to queue
[2025-07-05T19:29:50.432+0000] {logging_mixin.py:190} INFO - [2025-07-05T19:29:50.432+0000] {dagbag.py:588} INFO - Filling up the DagBag from /home/airflow/.local/lib/python3.12/site-packages/airflow/example_dags/tutorial_dag.py
[2025-07-05T19:29:50.438+0000] {processor.py:925} INFO - DAG(s) 'tutorial_dag' retrieved from /home/airflow/.local/lib/python3.12/site-packages/airflow/example_dags/tutorial_dag.py
[2025-07-05T19:29:50.450+0000] {logging_mixin.py:190} INFO - [2025-07-05T19:29:50.450+0000] {dag.py:3239} INFO - Sync 1 DAGs
[2025-07-05T19:29:50.457+0000] {logging_mixin.py:190} INFO - [2025-07-05T19:29:50.457+0000] {dag.py:4180} INFO - Setting next_dagrun for tutorial_dag to None, run_after=None
[2025-07-05T19:29:50.472+0000] {processor.py:208} INFO - Processing /home/airflow/.local/lib/python3.12/site-packages/airflow/example_dags/tutorial_dag.py took 0.045 seconds
[2025-07-05T19:30:20.726+0000] {processor.py:186} INFO - Started process (PID=10657) to work on /home/airflow/.local/lib/python3.12/site-packages/airflow/example_dags/tutorial_dag.py
[2025-07-05T19:30:20.727+0000] {processor.py:914} INFO - Processing file /home/airflow/.local/lib/python3.12/site-packages/airflow/example_dags/tutorial_dag.py for tasks to queue
[2025-07-05T19:30:20.730+0000] {logging_mixin.py:190} INFO - [2025-07-05T19:30:20.729+0000] {dagbag.py:588} INFO - Filling up the DagBag from /home/airflow/.local/lib/python3.12/site-packages/airflow/example_dags/tutorial_dag.py
[2025-07-05T19:30:20.736+0000] {processor.py:925} INFO - DAG(s) 'tutorial_dag' retrieved from /home/airflow/.local/lib/python3.12/site-packages/airflow/example_dags/tutorial_dag.py
[2025-07-05T19:30:20.749+0000] {logging_mixin.py:190} INFO - [2025-07-05T19:30:20.749+0000] {dag.py:3239} INFO - Sync 1 DAGs
[2025-07-05T19:30:20.757+0000] {logging_mixin.py:190} INFO - [2025-07-05T19:30:20.757+0000] {dag.py:4180} INFO - Setting next_dagrun for tutorial_dag to None, run_after=None
[2025-07-05T19:30:20.773+0000] {processor.py:208} INFO - Processing /home/airflow/.local/lib/python3.12/site-packages/airflow/example_dags/tutorial_dag.py took 0.053 seconds
[2025-07-05T19:30:51.088+0000] {processor.py:186} INFO - Started process (PID=10719) to work on /home/airflow/.local/lib/python3.12/site-packages/airflow/example_dags/tutorial_dag.py
[2025-07-05T19:30:51.089+0000] {processor.py:914} INFO - Processing file /home/airflow/.local/lib/python3.12/site-packages/airflow/example_dags/tutorial_dag.py for tasks to queue
[2025-07-05T19:30:51.091+0000] {logging_mixin.py:190} INFO - [2025-07-05T19:30:51.090+0000] {dagbag.py:588} INFO - Filling up the DagBag from /home/airflow/.local/lib/python3.12/site-packages/airflow/example_dags/tutorial_dag.py
[2025-07-05T19:30:51.096+0000] {processor.py:925} INFO - DAG(s) 'tutorial_dag' retrieved from /home/airflow/.local/lib/python3.12/site-packages/airflow/example_dags/tutorial_dag.py
[2025-07-05T19:30:51.108+0000] {logging_mixin.py:190} INFO - [2025-07-05T19:30:51.107+0000] {dag.py:3239} INFO - Sync 1 DAGs
[2025-07-05T19:30:51.115+0000] {logging_mixin.py:190} INFO - [2025-07-05T19:30:51.115+0000] {dag.py:4180} INFO - Setting next_dagrun for tutorial_dag to None, run_after=None
[2025-07-05T19:30:51.128+0000] {processor.py:208} INFO - Processing /home/airflow/.local/lib/python3.12/site-packages/airflow/example_dags/tutorial_dag.py took 0.044 seconds
[2025-07-05T19:31:21.431+0000] {processor.py:186} INFO - Started process (PID=10781) to work on /home/airflow/.local/lib/python3.12/site-packages/airflow/example_dags/tutorial_dag.py
[2025-07-05T19:31:21.432+0000] {processor.py:914} INFO - Processing file /home/airflow/.local/lib/python3.12/site-packages/airflow/example_dags/tutorial_dag.py for tasks to queue
[2025-07-05T19:31:21.433+0000] {logging_mixin.py:190} INFO - [2025-07-05T19:31:21.433+0000] {dagbag.py:588} INFO - Filling up the DagBag from /home/airflow/.local/lib/python3.12/site-packages/airflow/example_dags/tutorial_dag.py
[2025-07-05T19:31:21.438+0000] {processor.py:925} INFO - DAG(s) 'tutorial_dag' retrieved from /home/airflow/.local/lib/python3.12/site-packages/airflow/example_dags/tutorial_dag.py
[2025-07-05T19:31:21.450+0000] {logging_mixin.py:190} INFO - [2025-07-05T19:31:21.450+0000] {dag.py:3239} INFO - Sync 1 DAGs
[2025-07-05T19:31:21.459+0000] {logging_mixin.py:190} INFO - [2025-07-05T19:31:21.459+0000] {dag.py:4180} INFO - Setting next_dagrun for tutorial_dag to None, run_after=None
[2025-07-05T19:31:21.472+0000] {processor.py:208} INFO - Processing /home/airflow/.local/lib/python3.12/site-packages/airflow/example_dags/tutorial_dag.py took 0.048 seconds
[2025-07-05T19:31:52.052+0000] {processor.py:186} INFO - Started process (PID=10843) to work on /home/airflow/.local/lib/python3.12/site-packages/airflow/example_dags/tutorial_dag.py
[2025-07-05T19:31:52.054+0000] {processor.py:914} INFO - Processing file /home/airflow/.local/lib/python3.12/site-packages/airflow/example_dags/tutorial_dag.py for tasks to queue
[2025-07-05T19:31:52.057+0000] {logging_mixin.py:190} INFO - [2025-07-05T19:31:52.056+0000] {dagbag.py:588} INFO - Filling up the DagBag from /home/airflow/.local/lib/python3.12/site-packages/airflow/example_dags/tutorial_dag.py
[2025-07-05T19:31:52.064+0000] {processor.py:925} INFO - DAG(s) 'tutorial_dag' retrieved from /home/airflow/.local/lib/python3.12/site-packages/airflow/example_dags/tutorial_dag.py
[2025-07-05T19:31:52.076+0000] {logging_mixin.py:190} INFO - [2025-07-05T19:31:52.076+0000] {dag.py:3239} INFO - Sync 1 DAGs
[2025-07-05T19:31:52.085+0000] {logging_mixin.py:190} INFO - [2025-07-05T19:31:52.085+0000] {dag.py:4180} INFO - Setting next_dagrun for tutorial_dag to None, run_after=None
[2025-07-05T19:31:52.097+0000] {processor.py:208} INFO - Processing /home/airflow/.local/lib/python3.12/site-packages/airflow/example_dags/tutorial_dag.py took 0.050 seconds
[2025-07-05T19:32:22.613+0000] {processor.py:186} INFO - Started process (PID=10905) to work on /home/airflow/.local/lib/python3.12/site-packages/airflow/example_dags/tutorial_dag.py
[2025-07-05T19:32:22.614+0000] {processor.py:914} INFO - Processing file /home/airflow/.local/lib/python3.12/site-packages/airflow/example_dags/tutorial_dag.py for tasks to queue
[2025-07-05T19:32:22.616+0000] {logging_mixin.py:190} INFO - [2025-07-05T19:32:22.616+0000] {dagbag.py:588} INFO - Filling up the DagBag from /home/airflow/.local/lib/python3.12/site-packages/airflow/example_dags/tutorial_dag.py
[2025-07-05T19:32:22.621+0000] {processor.py:925} INFO - DAG(s) 'tutorial_dag' retrieved from /home/airflow/.local/lib/python3.12/site-packages/airflow/example_dags/tutorial_dag.py
[2025-07-05T19:32:22.640+0000] {logging_mixin.py:190} INFO - [2025-07-05T19:32:22.640+0000] {dag.py:3239} INFO - Sync 1 DAGs
[2025-07-05T19:32:22.650+0000] {logging_mixin.py:190} INFO - [2025-07-05T19:32:22.650+0000] {dag.py:4180} INFO - Setting next_dagrun for tutorial_dag to None, run_after=None
[2025-07-05T19:32:22.660+0000] {processor.py:208} INFO - Processing /home/airflow/.local/lib/python3.12/site-packages/airflow/example_dags/tutorial_dag.py took 0.058 seconds
[2025-07-05T19:32:52.984+0000] {processor.py:186} INFO - Started process (PID=10967) to work on /home/airflow/.local/lib/python3.12/site-packages/airflow/example_dags/tutorial_dag.py
[2025-07-05T19:32:52.986+0000] {processor.py:914} INFO - Processing file /home/airflow/.local/lib/python3.12/site-packages/airflow/example_dags/tutorial_dag.py for tasks to queue
[2025-07-05T19:32:52.988+0000] {logging_mixin.py:190} INFO - [2025-07-05T19:32:52.988+0000] {dagbag.py:588} INFO - Filling up the DagBag from /home/airflow/.local/lib/python3.12/site-packages/airflow/example_dags/tutorial_dag.py
[2025-07-05T19:32:52.993+0000] {processor.py:925} INFO - DAG(s) 'tutorial_dag' retrieved from /home/airflow/.local/lib/python3.12/site-packages/airflow/example_dags/tutorial_dag.py
[2025-07-05T19:32:53.005+0000] {logging_mixin.py:190} INFO - [2025-07-05T19:32:53.005+0000] {dag.py:3239} INFO - Sync 1 DAGs
[2025-07-05T19:32:53.013+0000] {logging_mixin.py:190} INFO - [2025-07-05T19:32:53.013+0000] {dag.py:4180} INFO - Setting next_dagrun for tutorial_dag to None, run_after=None
[2025-07-05T19:32:53.021+0000] {processor.py:208} INFO - Processing /home/airflow/.local/lib/python3.12/site-packages/airflow/example_dags/tutorial_dag.py took 0.041 seconds
[2025-07-05T19:33:23.337+0000] {processor.py:186} INFO - Started process (PID=11029) to work on /home/airflow/.local/lib/python3.12/site-packages/airflow/example_dags/tutorial_dag.py
[2025-07-05T19:33:23.340+0000] {processor.py:914} INFO - Processing file /home/airflow/.local/lib/python3.12/site-packages/airflow/example_dags/tutorial_dag.py for tasks to queue
[2025-07-05T19:33:23.342+0000] {logging_mixin.py:190} INFO - [2025-07-05T19:33:23.342+0000] {dagbag.py:588} INFO - Filling up the DagBag from /home/airflow/.local/lib/python3.12/site-packages/airflow/example_dags/tutorial_dag.py
[2025-07-05T19:33:23.346+0000] {processor.py:925} INFO - DAG(s) 'tutorial_dag' retrieved from /home/airflow/.local/lib/python3.12/site-packages/airflow/example_dags/tutorial_dag.py
[2025-07-05T19:33:23.356+0000] {logging_mixin.py:190} INFO - [2025-07-05T19:33:23.356+0000] {dag.py:3239} INFO - Sync 1 DAGs
[2025-07-05T19:33:23.363+0000] {logging_mixin.py:190} INFO - [2025-07-05T19:33:23.363+0000] {dag.py:4180} INFO - Setting next_dagrun for tutorial_dag to None, run_after=None
[2025-07-05T19:33:23.375+0000] {processor.py:208} INFO - Processing /home/airflow/.local/lib/python3.12/site-packages/airflow/example_dags/tutorial_dag.py took 0.041 seconds
[2025-07-05T19:33:53.986+0000] {processor.py:186} INFO - Started process (PID=11091) to work on /home/airflow/.local/lib/python3.12/site-packages/airflow/example_dags/tutorial_dag.py
[2025-07-05T19:33:53.987+0000] {processor.py:914} INFO - Processing file /home/airflow/.local/lib/python3.12/site-packages/airflow/example_dags/tutorial_dag.py for tasks to queue
[2025-07-05T19:33:53.988+0000] {logging_mixin.py:190} INFO - [2025-07-05T19:33:53.988+0000] {dagbag.py:588} INFO - Filling up the DagBag from /home/airflow/.local/lib/python3.12/site-packages/airflow/example_dags/tutorial_dag.py
[2025-07-05T19:33:53.992+0000] {processor.py:925} INFO - DAG(s) 'tutorial_dag' retrieved from /home/airflow/.local/lib/python3.12/site-packages/airflow/example_dags/tutorial_dag.py
[2025-07-05T19:33:54.002+0000] {logging_mixin.py:190} INFO - [2025-07-05T19:33:54.001+0000] {dag.py:3239} INFO - Sync 1 DAGs
[2025-07-05T19:33:54.008+0000] {logging_mixin.py:190} INFO - [2025-07-05T19:33:54.008+0000] {dag.py:4180} INFO - Setting next_dagrun for tutorial_dag to None, run_after=None
[2025-07-05T19:33:54.015+0000] {processor.py:208} INFO - Processing /home/airflow/.local/lib/python3.12/site-packages/airflow/example_dags/tutorial_dag.py took 0.032 seconds
[2025-07-05T19:34:25.156+0000] {processor.py:186} INFO - Started process (PID=11159) to work on /home/airflow/.local/lib/python3.12/site-packages/airflow/example_dags/tutorial_dag.py
[2025-07-05T19:34:25.157+0000] {processor.py:914} INFO - Processing file /home/airflow/.local/lib/python3.12/site-packages/airflow/example_dags/tutorial_dag.py for tasks to queue
[2025-07-05T19:34:25.159+0000] {logging_mixin.py:190} INFO - [2025-07-05T19:34:25.159+0000] {dagbag.py:588} INFO - Filling up the DagBag from /home/airflow/.local/lib/python3.12/site-packages/airflow/example_dags/tutorial_dag.py
[2025-07-05T19:34:25.163+0000] {processor.py:925} INFO - DAG(s) 'tutorial_dag' retrieved from /home/airflow/.local/lib/python3.12/site-packages/airflow/example_dags/tutorial_dag.py
[2025-07-05T19:34:25.177+0000] {logging_mixin.py:190} INFO - [2025-07-05T19:34:25.177+0000] {dag.py:3239} INFO - Sync 1 DAGs
[2025-07-05T19:34:25.184+0000] {logging_mixin.py:190} INFO - [2025-07-05T19:34:25.184+0000] {dag.py:4180} INFO - Setting next_dagrun for tutorial_dag to None, run_after=None
[2025-07-05T19:34:25.197+0000] {processor.py:208} INFO - Processing /home/airflow/.local/lib/python3.12/site-packages/airflow/example_dags/tutorial_dag.py took 0.044 seconds
[2025-07-05T19:34:56.267+0000] {processor.py:186} INFO - Started process (PID=11221) to work on /home/airflow/.local/lib/python3.12/site-packages/airflow/example_dags/tutorial_dag.py
[2025-07-05T19:34:56.269+0000] {processor.py:914} INFO - Processing file /home/airflow/.local/lib/python3.12/site-packages/airflow/example_dags/tutorial_dag.py for tasks to queue
[2025-07-05T19:34:56.270+0000] {logging_mixin.py:190} INFO - [2025-07-05T19:34:56.270+0000] {dagbag.py:588} INFO - Filling up the DagBag from /home/airflow/.local/lib/python3.12/site-packages/airflow/example_dags/tutorial_dag.py
[2025-07-05T19:34:56.276+0000] {processor.py:925} INFO - DAG(s) 'tutorial_dag' retrieved from /home/airflow/.local/lib/python3.12/site-packages/airflow/example_dags/tutorial_dag.py
[2025-07-05T19:34:56.291+0000] {logging_mixin.py:190} INFO - [2025-07-05T19:34:56.291+0000] {dag.py:3239} INFO - Sync 1 DAGs
[2025-07-05T19:34:56.308+0000] {logging_mixin.py:190} INFO - [2025-07-05T19:34:56.307+0000] {dag.py:4180} INFO - Setting next_dagrun for tutorial_dag to None, run_after=None
[2025-07-05T19:34:56.348+0000] {processor.py:208} INFO - Processing /home/airflow/.local/lib/python3.12/site-packages/airflow/example_dags/tutorial_dag.py took 0.087 seconds
[2025-07-05T19:35:26.713+0000] {processor.py:186} INFO - Started process (PID=11283) to work on /home/airflow/.local/lib/python3.12/site-packages/airflow/example_dags/tutorial_dag.py
[2025-07-05T19:35:26.714+0000] {processor.py:914} INFO - Processing file /home/airflow/.local/lib/python3.12/site-packages/airflow/example_dags/tutorial_dag.py for tasks to queue
[2025-07-05T19:35:26.715+0000] {logging_mixin.py:190} INFO - [2025-07-05T19:35:26.715+0000] {dagbag.py:588} INFO - Filling up the DagBag from /home/airflow/.local/lib/python3.12/site-packages/airflow/example_dags/tutorial_dag.py
[2025-07-05T19:35:26.719+0000] {processor.py:925} INFO - DAG(s) 'tutorial_dag' retrieved from /home/airflow/.local/lib/python3.12/site-packages/airflow/example_dags/tutorial_dag.py
[2025-07-05T19:35:26.731+0000] {logging_mixin.py:190} INFO - [2025-07-05T19:35:26.731+0000] {dag.py:3239} INFO - Sync 1 DAGs
[2025-07-05T19:35:26.741+0000] {logging_mixin.py:190} INFO - [2025-07-05T19:35:26.741+0000] {dag.py:4180} INFO - Setting next_dagrun for tutorial_dag to None, run_after=None
[2025-07-05T19:35:26.753+0000] {processor.py:208} INFO - Processing /home/airflow/.local/lib/python3.12/site-packages/airflow/example_dags/tutorial_dag.py took 0.044 seconds
[2025-07-05T19:35:57.145+0000] {processor.py:186} INFO - Started process (PID=11345) to work on /home/airflow/.local/lib/python3.12/site-packages/airflow/example_dags/tutorial_dag.py
[2025-07-05T19:35:57.148+0000] {processor.py:914} INFO - Processing file /home/airflow/.local/lib/python3.12/site-packages/airflow/example_dags/tutorial_dag.py for tasks to queue
[2025-07-05T19:35:57.150+0000] {logging_mixin.py:190} INFO - [2025-07-05T19:35:57.149+0000] {dagbag.py:588} INFO - Filling up the DagBag from /home/airflow/.local/lib/python3.12/site-packages/airflow/example_dags/tutorial_dag.py
[2025-07-05T19:35:57.154+0000] {processor.py:925} INFO - DAG(s) 'tutorial_dag' retrieved from /home/airflow/.local/lib/python3.12/site-packages/airflow/example_dags/tutorial_dag.py
[2025-07-05T19:35:57.170+0000] {logging_mixin.py:190} INFO - [2025-07-05T19:35:57.170+0000] {dag.py:3239} INFO - Sync 1 DAGs
[2025-07-05T19:35:57.181+0000] {logging_mixin.py:190} INFO - [2025-07-05T19:35:57.181+0000] {dag.py:4180} INFO - Setting next_dagrun for tutorial_dag to None, run_after=None
[2025-07-05T19:35:57.200+0000] {processor.py:208} INFO - Processing /home/airflow/.local/lib/python3.12/site-packages/airflow/example_dags/tutorial_dag.py took 0.059 seconds
[2025-07-05T19:36:27.613+0000] {processor.py:186} INFO - Started process (PID=11407) to work on /home/airflow/.local/lib/python3.12/site-packages/airflow/example_dags/tutorial_dag.py
[2025-07-05T19:36:27.614+0000] {processor.py:914} INFO - Processing file /home/airflow/.local/lib/python3.12/site-packages/airflow/example_dags/tutorial_dag.py for tasks to queue
[2025-07-05T19:36:27.616+0000] {logging_mixin.py:190} INFO - [2025-07-05T19:36:27.616+0000] {dagbag.py:588} INFO - Filling up the DagBag from /home/airflow/.local/lib/python3.12/site-packages/airflow/example_dags/tutorial_dag.py
[2025-07-05T19:36:27.622+0000] {processor.py:925} INFO - DAG(s) 'tutorial_dag' retrieved from /home/airflow/.local/lib/python3.12/site-packages/airflow/example_dags/tutorial_dag.py
[2025-07-05T19:36:27.637+0000] {logging_mixin.py:190} INFO - [2025-07-05T19:36:27.637+0000] {dag.py:3239} INFO - Sync 1 DAGs
[2025-07-05T19:36:27.657+0000] {logging_mixin.py:190} INFO - [2025-07-05T19:36:27.657+0000] {dag.py:4180} INFO - Setting next_dagrun for tutorial_dag to None, run_after=None
[2025-07-05T19:36:27.672+0000] {processor.py:208} INFO - Processing /home/airflow/.local/lib/python3.12/site-packages/airflow/example_dags/tutorial_dag.py took 0.065 seconds
[2025-07-05T19:36:58.316+0000] {processor.py:186} INFO - Started process (PID=11469) to work on /home/airflow/.local/lib/python3.12/site-packages/airflow/example_dags/tutorial_dag.py
[2025-07-05T19:36:58.317+0000] {processor.py:914} INFO - Processing file /home/airflow/.local/lib/python3.12/site-packages/airflow/example_dags/tutorial_dag.py for tasks to queue
[2025-07-05T19:36:58.318+0000] {logging_mixin.py:190} INFO - [2025-07-05T19:36:58.318+0000] {dagbag.py:588} INFO - Filling up the DagBag from /home/airflow/.local/lib/python3.12/site-packages/airflow/example_dags/tutorial_dag.py
[2025-07-05T19:36:58.323+0000] {processor.py:925} INFO - DAG(s) 'tutorial_dag' retrieved from /home/airflow/.local/lib/python3.12/site-packages/airflow/example_dags/tutorial_dag.py
[2025-07-05T19:36:58.335+0000] {logging_mixin.py:190} INFO - [2025-07-05T19:36:58.335+0000] {dag.py:3239} INFO - Sync 1 DAGs
[2025-07-05T19:36:58.343+0000] {logging_mixin.py:190} INFO - [2025-07-05T19:36:58.343+0000] {dag.py:4180} INFO - Setting next_dagrun for tutorial_dag to None, run_after=None
[2025-07-05T19:36:58.354+0000] {processor.py:208} INFO - Processing /home/airflow/.local/lib/python3.12/site-packages/airflow/example_dags/tutorial_dag.py took 0.041 seconds
[2025-07-05T19:37:28.700+0000] {processor.py:186} INFO - Started process (PID=11531) to work on /home/airflow/.local/lib/python3.12/site-packages/airflow/example_dags/tutorial_dag.py
[2025-07-05T19:37:28.701+0000] {processor.py:914} INFO - Processing file /home/airflow/.local/lib/python3.12/site-packages/airflow/example_dags/tutorial_dag.py for tasks to queue
[2025-07-05T19:37:28.702+0000] {logging_mixin.py:190} INFO - [2025-07-05T19:37:28.702+0000] {dagbag.py:588} INFO - Filling up the DagBag from /home/airflow/.local/lib/python3.12/site-packages/airflow/example_dags/tutorial_dag.py
[2025-07-05T19:37:28.706+0000] {processor.py:925} INFO - DAG(s) 'tutorial_dag' retrieved from /home/airflow/.local/lib/python3.12/site-packages/airflow/example_dags/tutorial_dag.py
[2025-07-05T19:37:28.718+0000] {logging_mixin.py:190} INFO - [2025-07-05T19:37:28.718+0000] {dag.py:3239} INFO - Sync 1 DAGs
[2025-07-05T19:37:28.729+0000] {logging_mixin.py:190} INFO - [2025-07-05T19:37:28.729+0000] {dag.py:4180} INFO - Setting next_dagrun for tutorial_dag to None, run_after=None
[2025-07-05T19:37:28.744+0000] {processor.py:208} INFO - Processing /home/airflow/.local/lib/python3.12/site-packages/airflow/example_dags/tutorial_dag.py took 0.048 seconds
[2025-07-05T19:37:59.111+0000] {processor.py:186} INFO - Started process (PID=11593) to work on /home/airflow/.local/lib/python3.12/site-packages/airflow/example_dags/tutorial_dag.py
[2025-07-05T19:37:59.113+0000] {processor.py:914} INFO - Processing file /home/airflow/.local/lib/python3.12/site-packages/airflow/example_dags/tutorial_dag.py for tasks to queue
[2025-07-05T19:37:59.116+0000] {logging_mixin.py:190} INFO - [2025-07-05T19:37:59.116+0000] {dagbag.py:588} INFO - Filling up the DagBag from /home/airflow/.local/lib/python3.12/site-packages/airflow/example_dags/tutorial_dag.py
[2025-07-05T19:37:59.127+0000] {processor.py:925} INFO - DAG(s) 'tutorial_dag' retrieved from /home/airflow/.local/lib/python3.12/site-packages/airflow/example_dags/tutorial_dag.py
[2025-07-05T19:37:59.148+0000] {logging_mixin.py:190} INFO - [2025-07-05T19:37:59.148+0000] {dag.py:3239} INFO - Sync 1 DAGs
[2025-07-05T19:37:59.160+0000] {logging_mixin.py:190} INFO - [2025-07-05T19:37:59.160+0000] {dag.py:4180} INFO - Setting next_dagrun for tutorial_dag to None, run_after=None
[2025-07-05T19:37:59.192+0000] {processor.py:208} INFO - Processing /home/airflow/.local/lib/python3.12/site-packages/airflow/example_dags/tutorial_dag.py took 0.097 seconds
[2025-07-05T19:38:29.343+0000] {processor.py:186} INFO - Started process (PID=11654) to work on /home/airflow/.local/lib/python3.12/site-packages/airflow/example_dags/tutorial_dag.py
[2025-07-05T19:38:29.345+0000] {processor.py:914} INFO - Processing file /home/airflow/.local/lib/python3.12/site-packages/airflow/example_dags/tutorial_dag.py for tasks to queue
[2025-07-05T19:38:29.348+0000] {logging_mixin.py:190} INFO - [2025-07-05T19:38:29.348+0000] {dagbag.py:588} INFO - Filling up the DagBag from /home/airflow/.local/lib/python3.12/site-packages/airflow/example_dags/tutorial_dag.py
[2025-07-05T19:38:29.352+0000] {processor.py:925} INFO - DAG(s) 'tutorial_dag' retrieved from /home/airflow/.local/lib/python3.12/site-packages/airflow/example_dags/tutorial_dag.py
[2025-07-05T19:38:29.366+0000] {logging_mixin.py:190} INFO - [2025-07-05T19:38:29.365+0000] {dag.py:3239} INFO - Sync 1 DAGs
[2025-07-05T19:38:29.372+0000] {logging_mixin.py:190} INFO - [2025-07-05T19:38:29.372+0000] {dag.py:4180} INFO - Setting next_dagrun for tutorial_dag to None, run_after=None
[2025-07-05T19:38:29.381+0000] {processor.py:208} INFO - Processing /home/airflow/.local/lib/python3.12/site-packages/airflow/example_dags/tutorial_dag.py took 0.041 seconds
[2025-07-05T19:39:00.387+0000] {processor.py:186} INFO - Started process (PID=11716) to work on /home/airflow/.local/lib/python3.12/site-packages/airflow/example_dags/tutorial_dag.py
[2025-07-05T19:39:00.389+0000] {processor.py:914} INFO - Processing file /home/airflow/.local/lib/python3.12/site-packages/airflow/example_dags/tutorial_dag.py for tasks to queue
[2025-07-05T19:39:00.390+0000] {logging_mixin.py:190} INFO - [2025-07-05T19:39:00.390+0000] {dagbag.py:588} INFO - Filling up the DagBag from /home/airflow/.local/lib/python3.12/site-packages/airflow/example_dags/tutorial_dag.py
[2025-07-05T19:39:00.395+0000] {processor.py:925} INFO - DAG(s) 'tutorial_dag' retrieved from /home/airflow/.local/lib/python3.12/site-packages/airflow/example_dags/tutorial_dag.py
[2025-07-05T19:39:00.405+0000] {logging_mixin.py:190} INFO - [2025-07-05T19:39:00.405+0000] {dag.py:3239} INFO - Sync 1 DAGs
[2025-07-05T19:39:00.414+0000] {logging_mixin.py:190} INFO - [2025-07-05T19:39:00.414+0000] {dag.py:4180} INFO - Setting next_dagrun for tutorial_dag to None, run_after=None
[2025-07-05T19:39:00.428+0000] {processor.py:208} INFO - Processing /home/airflow/.local/lib/python3.12/site-packages/airflow/example_dags/tutorial_dag.py took 0.045 seconds
[2025-07-05T19:39:31.448+0000] {processor.py:186} INFO - Started process (PID=11777) to work on /home/airflow/.local/lib/python3.12/site-packages/airflow/example_dags/tutorial_dag.py
[2025-07-05T19:39:31.449+0000] {processor.py:914} INFO - Processing file /home/airflow/.local/lib/python3.12/site-packages/airflow/example_dags/tutorial_dag.py for tasks to queue
[2025-07-05T19:39:31.454+0000] {logging_mixin.py:190} INFO - [2025-07-05T19:39:31.453+0000] {dagbag.py:588} INFO - Filling up the DagBag from /home/airflow/.local/lib/python3.12/site-packages/airflow/example_dags/tutorial_dag.py
[2025-07-05T19:39:31.459+0000] {processor.py:925} INFO - DAG(s) 'tutorial_dag' retrieved from /home/airflow/.local/lib/python3.12/site-packages/airflow/example_dags/tutorial_dag.py
[2025-07-05T19:39:31.469+0000] {logging_mixin.py:190} INFO - [2025-07-05T19:39:31.469+0000] {dag.py:3239} INFO - Sync 1 DAGs
[2025-07-05T19:39:31.476+0000] {logging_mixin.py:190} INFO - [2025-07-05T19:39:31.476+0000] {dag.py:4180} INFO - Setting next_dagrun for tutorial_dag to None, run_after=None
[2025-07-05T19:39:31.488+0000] {processor.py:208} INFO - Processing /home/airflow/.local/lib/python3.12/site-packages/airflow/example_dags/tutorial_dag.py took 0.044 seconds
[2025-07-05T19:40:02.741+0000] {processor.py:186} INFO - Started process (PID=11839) to work on /home/airflow/.local/lib/python3.12/site-packages/airflow/example_dags/tutorial_dag.py
[2025-07-05T19:40:02.742+0000] {processor.py:914} INFO - Processing file /home/airflow/.local/lib/python3.12/site-packages/airflow/example_dags/tutorial_dag.py for tasks to queue
[2025-07-05T19:40:02.747+0000] {logging_mixin.py:190} INFO - [2025-07-05T19:40:02.746+0000] {dagbag.py:588} INFO - Filling up the DagBag from /home/airflow/.local/lib/python3.12/site-packages/airflow/example_dags/tutorial_dag.py
[2025-07-05T19:40:02.752+0000] {processor.py:925} INFO - DAG(s) 'tutorial_dag' retrieved from /home/airflow/.local/lib/python3.12/site-packages/airflow/example_dags/tutorial_dag.py
[2025-07-05T19:40:02.764+0000] {logging_mixin.py:190} INFO - [2025-07-05T19:40:02.764+0000] {dag.py:3239} INFO - Sync 1 DAGs
[2025-07-05T19:40:02.772+0000] {logging_mixin.py:190} INFO - [2025-07-05T19:40:02.772+0000] {dag.py:4180} INFO - Setting next_dagrun for tutorial_dag to None, run_after=None
[2025-07-05T19:40:02.782+0000] {processor.py:208} INFO - Processing /home/airflow/.local/lib/python3.12/site-packages/airflow/example_dags/tutorial_dag.py took 0.044 seconds
[2025-07-05T19:40:33.017+0000] {processor.py:186} INFO - Started process (PID=11901) to work on /home/airflow/.local/lib/python3.12/site-packages/airflow/example_dags/tutorial_dag.py
[2025-07-05T19:40:33.018+0000] {processor.py:914} INFO - Processing file /home/airflow/.local/lib/python3.12/site-packages/airflow/example_dags/tutorial_dag.py for tasks to queue
[2025-07-05T19:40:33.020+0000] {logging_mixin.py:190} INFO - [2025-07-05T19:40:33.019+0000] {dagbag.py:588} INFO - Filling up the DagBag from /home/airflow/.local/lib/python3.12/site-packages/airflow/example_dags/tutorial_dag.py
[2025-07-05T19:40:33.025+0000] {processor.py:925} INFO - DAG(s) 'tutorial_dag' retrieved from /home/airflow/.local/lib/python3.12/site-packages/airflow/example_dags/tutorial_dag.py
[2025-07-05T19:40:33.038+0000] {logging_mixin.py:190} INFO - [2025-07-05T19:40:33.038+0000] {dag.py:3239} INFO - Sync 1 DAGs
[2025-07-05T19:40:33.046+0000] {logging_mixin.py:190} INFO - [2025-07-05T19:40:33.046+0000] {dag.py:4180} INFO - Setting next_dagrun for tutorial_dag to None, run_after=None
[2025-07-05T19:40:33.056+0000] {processor.py:208} INFO - Processing /home/airflow/.local/lib/python3.12/site-packages/airflow/example_dags/tutorial_dag.py took 0.045 seconds
[2025-07-05T19:41:03.244+0000] {processor.py:186} INFO - Started process (PID=11952) to work on /home/airflow/.local/lib/python3.12/site-packages/airflow/example_dags/tutorial_dag.py
[2025-07-05T19:41:03.249+0000] {processor.py:914} INFO - Processing file /home/airflow/.local/lib/python3.12/site-packages/airflow/example_dags/tutorial_dag.py for tasks to queue
[2025-07-05T19:41:03.251+0000] {logging_mixin.py:190} INFO - [2025-07-05T19:41:03.250+0000] {dagbag.py:588} INFO - Filling up the DagBag from /home/airflow/.local/lib/python3.12/site-packages/airflow/example_dags/tutorial_dag.py
[2025-07-05T19:41:03.255+0000] {processor.py:925} INFO - DAG(s) 'tutorial_dag' retrieved from /home/airflow/.local/lib/python3.12/site-packages/airflow/example_dags/tutorial_dag.py
[2025-07-05T19:41:03.269+0000] {logging_mixin.py:190} INFO - [2025-07-05T19:41:03.268+0000] {dag.py:3239} INFO - Sync 1 DAGs
[2025-07-05T19:41:03.278+0000] {logging_mixin.py:190} INFO - [2025-07-05T19:41:03.278+0000] {dag.py:4180} INFO - Setting next_dagrun for tutorial_dag to None, run_after=None
[2025-07-05T19:41:03.294+0000] {processor.py:208} INFO - Processing /home/airflow/.local/lib/python3.12/site-packages/airflow/example_dags/tutorial_dag.py took 0.056 seconds
[2025-07-05T19:41:34.091+0000] {processor.py:186} INFO - Started process (PID=12014) to work on /home/airflow/.local/lib/python3.12/site-packages/airflow/example_dags/tutorial_dag.py
[2025-07-05T19:41:34.092+0000] {processor.py:914} INFO - Processing file /home/airflow/.local/lib/python3.12/site-packages/airflow/example_dags/tutorial_dag.py for tasks to queue
[2025-07-05T19:41:34.093+0000] {logging_mixin.py:190} INFO - [2025-07-05T19:41:34.093+0000] {dagbag.py:588} INFO - Filling up the DagBag from /home/airflow/.local/lib/python3.12/site-packages/airflow/example_dags/tutorial_dag.py
[2025-07-05T19:41:34.097+0000] {processor.py:925} INFO - DAG(s) 'tutorial_dag' retrieved from /home/airflow/.local/lib/python3.12/site-packages/airflow/example_dags/tutorial_dag.py
[2025-07-05T19:41:34.109+0000] {logging_mixin.py:190} INFO - [2025-07-05T19:41:34.108+0000] {dag.py:3239} INFO - Sync 1 DAGs
[2025-07-05T19:41:34.116+0000] {logging_mixin.py:190} INFO - [2025-07-05T19:41:34.116+0000] {dag.py:4180} INFO - Setting next_dagrun for tutorial_dag to None, run_after=None
[2025-07-05T19:41:34.128+0000] {processor.py:208} INFO - Processing /home/airflow/.local/lib/python3.12/site-packages/airflow/example_dags/tutorial_dag.py took 0.041 seconds
[2025-07-05T19:42:04.873+0000] {processor.py:186} INFO - Started process (PID=12076) to work on /home/airflow/.local/lib/python3.12/site-packages/airflow/example_dags/tutorial_dag.py
[2025-07-05T19:42:04.874+0000] {processor.py:914} INFO - Processing file /home/airflow/.local/lib/python3.12/site-packages/airflow/example_dags/tutorial_dag.py for tasks to queue
[2025-07-05T19:42:04.876+0000] {logging_mixin.py:190} INFO - [2025-07-05T19:42:04.876+0000] {dagbag.py:588} INFO - Filling up the DagBag from /home/airflow/.local/lib/python3.12/site-packages/airflow/example_dags/tutorial_dag.py
[2025-07-05T19:42:04.880+0000] {processor.py:925} INFO - DAG(s) 'tutorial_dag' retrieved from /home/airflow/.local/lib/python3.12/site-packages/airflow/example_dags/tutorial_dag.py
[2025-07-05T19:42:04.890+0000] {logging_mixin.py:190} INFO - [2025-07-05T19:42:04.890+0000] {dag.py:3239} INFO - Sync 1 DAGs
[2025-07-05T19:42:04.897+0000] {logging_mixin.py:190} INFO - [2025-07-05T19:42:04.897+0000] {dag.py:4180} INFO - Setting next_dagrun for tutorial_dag to None, run_after=None
[2025-07-05T19:42:04.907+0000] {processor.py:208} INFO - Processing /home/airflow/.local/lib/python3.12/site-packages/airflow/example_dags/tutorial_dag.py took 0.038 seconds
[2025-07-05T19:42:35.760+0000] {processor.py:186} INFO - Started process (PID=12137) to work on /home/airflow/.local/lib/python3.12/site-packages/airflow/example_dags/tutorial_dag.py
[2025-07-05T19:42:35.760+0000] {processor.py:914} INFO - Processing file /home/airflow/.local/lib/python3.12/site-packages/airflow/example_dags/tutorial_dag.py for tasks to queue
[2025-07-05T19:42:35.762+0000] {logging_mixin.py:190} INFO - [2025-07-05T19:42:35.762+0000] {dagbag.py:588} INFO - Filling up the DagBag from /home/airflow/.local/lib/python3.12/site-packages/airflow/example_dags/tutorial_dag.py
[2025-07-05T19:42:35.766+0000] {processor.py:925} INFO - DAG(s) 'tutorial_dag' retrieved from /home/airflow/.local/lib/python3.12/site-packages/airflow/example_dags/tutorial_dag.py
[2025-07-05T19:42:35.778+0000] {logging_mixin.py:190} INFO - [2025-07-05T19:42:35.778+0000] {dag.py:3239} INFO - Sync 1 DAGs
[2025-07-05T19:42:35.785+0000] {logging_mixin.py:190} INFO - [2025-07-05T19:42:35.785+0000] {dag.py:4180} INFO - Setting next_dagrun for tutorial_dag to None, run_after=None
[2025-07-05T19:42:35.796+0000] {processor.py:208} INFO - Processing /home/airflow/.local/lib/python3.12/site-packages/airflow/example_dags/tutorial_dag.py took 0.040 seconds
[2025-07-05T19:43:06.588+0000] {processor.py:186} INFO - Started process (PID=12192) to work on /home/airflow/.local/lib/python3.12/site-packages/airflow/example_dags/tutorial_dag.py
[2025-07-05T19:43:06.590+0000] {processor.py:914} INFO - Processing file /home/airflow/.local/lib/python3.12/site-packages/airflow/example_dags/tutorial_dag.py for tasks to queue
[2025-07-05T19:43:06.597+0000] {logging_mixin.py:190} INFO - [2025-07-05T19:43:06.597+0000] {dagbag.py:588} INFO - Filling up the DagBag from /home/airflow/.local/lib/python3.12/site-packages/airflow/example_dags/tutorial_dag.py
[2025-07-05T19:43:06.612+0000] {processor.py:925} INFO - DAG(s) 'tutorial_dag' retrieved from /home/airflow/.local/lib/python3.12/site-packages/airflow/example_dags/tutorial_dag.py
[2025-07-05T19:43:06.625+0000] {logging_mixin.py:190} INFO - [2025-07-05T19:43:06.625+0000] {dag.py:3239} INFO - Sync 1 DAGs
[2025-07-05T19:43:06.634+0000] {logging_mixin.py:190} INFO - [2025-07-05T19:43:06.634+0000] {dag.py:4180} INFO - Setting next_dagrun for tutorial_dag to None, run_after=None
[2025-07-05T19:43:06.649+0000] {processor.py:208} INFO - Processing /home/airflow/.local/lib/python3.12/site-packages/airflow/example_dags/tutorial_dag.py took 0.067 seconds
[2025-07-05T19:43:37.298+0000] {processor.py:186} INFO - Started process (PID=12254) to work on /home/airflow/.local/lib/python3.12/site-packages/airflow/example_dags/tutorial_dag.py
[2025-07-05T19:43:37.299+0000] {processor.py:914} INFO - Processing file /home/airflow/.local/lib/python3.12/site-packages/airflow/example_dags/tutorial_dag.py for tasks to queue
[2025-07-05T19:43:37.303+0000] {logging_mixin.py:190} INFO - [2025-07-05T19:43:37.302+0000] {dagbag.py:588} INFO - Filling up the DagBag from /home/airflow/.local/lib/python3.12/site-packages/airflow/example_dags/tutorial_dag.py
[2025-07-05T19:43:37.307+0000] {processor.py:925} INFO - DAG(s) 'tutorial_dag' retrieved from /home/airflow/.local/lib/python3.12/site-packages/airflow/example_dags/tutorial_dag.py
[2025-07-05T19:43:37.318+0000] {logging_mixin.py:190} INFO - [2025-07-05T19:43:37.318+0000] {dag.py:3239} INFO - Sync 1 DAGs
[2025-07-05T19:43:37.325+0000] {logging_mixin.py:190} INFO - [2025-07-05T19:43:37.325+0000] {dag.py:4180} INFO - Setting next_dagrun for tutorial_dag to None, run_after=None
[2025-07-05T19:43:37.340+0000] {processor.py:208} INFO - Processing /home/airflow/.local/lib/python3.12/site-packages/airflow/example_dags/tutorial_dag.py took 0.046 seconds
[2025-07-05T19:44:07.878+0000] {processor.py:186} INFO - Started process (PID=12316) to work on /home/airflow/.local/lib/python3.12/site-packages/airflow/example_dags/tutorial_dag.py
[2025-07-05T19:44:07.880+0000] {processor.py:914} INFO - Processing file /home/airflow/.local/lib/python3.12/site-packages/airflow/example_dags/tutorial_dag.py for tasks to queue
[2025-07-05T19:44:07.883+0000] {logging_mixin.py:190} INFO - [2025-07-05T19:44:07.882+0000] {dagbag.py:588} INFO - Filling up the DagBag from /home/airflow/.local/lib/python3.12/site-packages/airflow/example_dags/tutorial_dag.py
[2025-07-05T19:44:07.887+0000] {processor.py:925} INFO - DAG(s) 'tutorial_dag' retrieved from /home/airflow/.local/lib/python3.12/site-packages/airflow/example_dags/tutorial_dag.py
[2025-07-05T19:44:07.900+0000] {logging_mixin.py:190} INFO - [2025-07-05T19:44:07.900+0000] {dag.py:3239} INFO - Sync 1 DAGs
[2025-07-05T19:44:07.911+0000] {logging_mixin.py:190} INFO - [2025-07-05T19:44:07.911+0000] {dag.py:4180} INFO - Setting next_dagrun for tutorial_dag to None, run_after=None
[2025-07-05T19:44:07.920+0000] {processor.py:208} INFO - Processing /home/airflow/.local/lib/python3.12/site-packages/airflow/example_dags/tutorial_dag.py took 0.046 seconds
[2025-07-05T19:44:38.252+0000] {processor.py:186} INFO - Started process (PID=12378) to work on /home/airflow/.local/lib/python3.12/site-packages/airflow/example_dags/tutorial_dag.py
[2025-07-05T19:44:38.254+0000] {processor.py:914} INFO - Processing file /home/airflow/.local/lib/python3.12/site-packages/airflow/example_dags/tutorial_dag.py for tasks to queue
[2025-07-05T19:44:38.257+0000] {logging_mixin.py:190} INFO - [2025-07-05T19:44:38.257+0000] {dagbag.py:588} INFO - Filling up the DagBag from /home/airflow/.local/lib/python3.12/site-packages/airflow/example_dags/tutorial_dag.py
[2025-07-05T19:44:38.264+0000] {processor.py:925} INFO - DAG(s) 'tutorial_dag' retrieved from /home/airflow/.local/lib/python3.12/site-packages/airflow/example_dags/tutorial_dag.py
[2025-07-05T19:44:38.277+0000] {logging_mixin.py:190} INFO - [2025-07-05T19:44:38.277+0000] {dag.py:3239} INFO - Sync 1 DAGs
[2025-07-05T19:44:38.287+0000] {logging_mixin.py:190} INFO - [2025-07-05T19:44:38.287+0000] {dag.py:4180} INFO - Setting next_dagrun for tutorial_dag to None, run_after=None
[2025-07-05T19:44:38.299+0000] {processor.py:208} INFO - Processing /home/airflow/.local/lib/python3.12/site-packages/airflow/example_dags/tutorial_dag.py took 0.052 seconds
[2025-07-05T19:45:08.608+0000] {processor.py:186} INFO - Started process (PID=12440) to work on /home/airflow/.local/lib/python3.12/site-packages/airflow/example_dags/tutorial_dag.py
[2025-07-05T19:45:08.608+0000] {processor.py:914} INFO - Processing file /home/airflow/.local/lib/python3.12/site-packages/airflow/example_dags/tutorial_dag.py for tasks to queue
[2025-07-05T19:45:08.610+0000] {logging_mixin.py:190} INFO - [2025-07-05T19:45:08.610+0000] {dagbag.py:588} INFO - Filling up the DagBag from /home/airflow/.local/lib/python3.12/site-packages/airflow/example_dags/tutorial_dag.py
[2025-07-05T19:45:08.616+0000] {processor.py:925} INFO - DAG(s) 'tutorial_dag' retrieved from /home/airflow/.local/lib/python3.12/site-packages/airflow/example_dags/tutorial_dag.py
[2025-07-05T19:45:08.646+0000] {logging_mixin.py:190} INFO - [2025-07-05T19:45:08.645+0000] {dag.py:3239} INFO - Sync 1 DAGs
[2025-07-05T19:45:08.657+0000] {logging_mixin.py:190} INFO - [2025-07-05T19:45:08.657+0000] {dag.py:4180} INFO - Setting next_dagrun for tutorial_dag to None, run_after=None
[2025-07-05T19:45:08.671+0000] {processor.py:208} INFO - Processing /home/airflow/.local/lib/python3.12/site-packages/airflow/example_dags/tutorial_dag.py took 0.067 seconds
[2025-07-05T19:45:38.972+0000] {processor.py:186} INFO - Started process (PID=12502) to work on /home/airflow/.local/lib/python3.12/site-packages/airflow/example_dags/tutorial_dag.py
[2025-07-05T19:45:38.973+0000] {processor.py:914} INFO - Processing file /home/airflow/.local/lib/python3.12/site-packages/airflow/example_dags/tutorial_dag.py for tasks to queue
[2025-07-05T19:45:38.974+0000] {logging_mixin.py:190} INFO - [2025-07-05T19:45:38.974+0000] {dagbag.py:588} INFO - Filling up the DagBag from /home/airflow/.local/lib/python3.12/site-packages/airflow/example_dags/tutorial_dag.py
[2025-07-05T19:45:38.978+0000] {processor.py:925} INFO - DAG(s) 'tutorial_dag' retrieved from /home/airflow/.local/lib/python3.12/site-packages/airflow/example_dags/tutorial_dag.py
[2025-07-05T19:45:38.991+0000] {logging_mixin.py:190} INFO - [2025-07-05T19:45:38.990+0000] {dag.py:3239} INFO - Sync 1 DAGs
[2025-07-05T19:45:39.006+0000] {logging_mixin.py:190} INFO - [2025-07-05T19:45:39.006+0000] {dag.py:4180} INFO - Setting next_dagrun for tutorial_dag to None, run_after=None
[2025-07-05T19:45:39.020+0000] {processor.py:208} INFO - Processing /home/airflow/.local/lib/python3.12/site-packages/airflow/example_dags/tutorial_dag.py took 0.052 seconds
[2025-07-05T19:46:09.928+0000] {processor.py:186} INFO - Started process (PID=12564) to work on /home/airflow/.local/lib/python3.12/site-packages/airflow/example_dags/tutorial_dag.py
[2025-07-05T19:46:09.929+0000] {processor.py:914} INFO - Processing file /home/airflow/.local/lib/python3.12/site-packages/airflow/example_dags/tutorial_dag.py for tasks to queue
[2025-07-05T19:46:09.930+0000] {logging_mixin.py:190} INFO - [2025-07-05T19:46:09.930+0000] {dagbag.py:588} INFO - Filling up the DagBag from /home/airflow/.local/lib/python3.12/site-packages/airflow/example_dags/tutorial_dag.py
[2025-07-05T19:46:09.933+0000] {processor.py:925} INFO - DAG(s) 'tutorial_dag' retrieved from /home/airflow/.local/lib/python3.12/site-packages/airflow/example_dags/tutorial_dag.py
[2025-07-05T19:46:09.943+0000] {logging_mixin.py:190} INFO - [2025-07-05T19:46:09.943+0000] {dag.py:3239} INFO - Sync 1 DAGs
[2025-07-05T19:46:09.950+0000] {logging_mixin.py:190} INFO - [2025-07-05T19:46:09.950+0000] {dag.py:4180} INFO - Setting next_dagrun for tutorial_dag to None, run_after=None
[2025-07-05T19:46:09.964+0000] {processor.py:208} INFO - Processing /home/airflow/.local/lib/python3.12/site-packages/airflow/example_dags/tutorial_dag.py took 0.039 seconds
[2025-07-05T19:46:41.797+0000] {processor.py:186} INFO - Started process (PID=12626) to work on /home/airflow/.local/lib/python3.12/site-packages/airflow/example_dags/tutorial_dag.py
[2025-07-05T19:46:41.798+0000] {processor.py:914} INFO - Processing file /home/airflow/.local/lib/python3.12/site-packages/airflow/example_dags/tutorial_dag.py for tasks to queue
[2025-07-05T19:46:41.801+0000] {logging_mixin.py:190} INFO - [2025-07-05T19:46:41.800+0000] {dagbag.py:588} INFO - Filling up the DagBag from /home/airflow/.local/lib/python3.12/site-packages/airflow/example_dags/tutorial_dag.py
[2025-07-05T19:46:41.808+0000] {processor.py:925} INFO - DAG(s) 'tutorial_dag' retrieved from /home/airflow/.local/lib/python3.12/site-packages/airflow/example_dags/tutorial_dag.py
[2025-07-05T19:46:41.983+0000] {logging_mixin.py:190} INFO - [2025-07-05T19:46:41.982+0000] {dag.py:3239} INFO - Sync 1 DAGs
[2025-07-05T19:46:42.002+0000] {logging_mixin.py:190} INFO - [2025-07-05T19:46:42.001+0000] {dag.py:4180} INFO - Setting next_dagrun for tutorial_dag to None, run_after=None
[2025-07-05T19:46:42.020+0000] {processor.py:208} INFO - Processing /home/airflow/.local/lib/python3.12/site-packages/airflow/example_dags/tutorial_dag.py took 0.227 seconds
[2025-07-05T19:47:13.318+0000] {processor.py:186} INFO - Started process (PID=12687) to work on /home/airflow/.local/lib/python3.12/site-packages/airflow/example_dags/tutorial_dag.py
[2025-07-05T19:47:13.319+0000] {processor.py:914} INFO - Processing file /home/airflow/.local/lib/python3.12/site-packages/airflow/example_dags/tutorial_dag.py for tasks to queue
[2025-07-05T19:47:13.322+0000] {logging_mixin.py:190} INFO - [2025-07-05T19:47:13.322+0000] {dagbag.py:588} INFO - Filling up the DagBag from /home/airflow/.local/lib/python3.12/site-packages/airflow/example_dags/tutorial_dag.py
[2025-07-05T19:47:13.328+0000] {processor.py:925} INFO - DAG(s) 'tutorial_dag' retrieved from /home/airflow/.local/lib/python3.12/site-packages/airflow/example_dags/tutorial_dag.py
[2025-07-05T19:47:13.345+0000] {logging_mixin.py:190} INFO - [2025-07-05T19:47:13.345+0000] {dag.py:3239} INFO - Sync 1 DAGs
[2025-07-05T19:47:13.365+0000] {logging_mixin.py:190} INFO - [2025-07-05T19:47:13.365+0000] {dag.py:4180} INFO - Setting next_dagrun for tutorial_dag to None, run_after=None
[2025-07-05T19:47:13.383+0000] {processor.py:208} INFO - Processing /home/airflow/.local/lib/python3.12/site-packages/airflow/example_dags/tutorial_dag.py took 0.074 seconds
