[2025-03-26T00:11:55.559+0000] {processor.py:186} INFO - Started process (PID=5724) to work on /home/airflow/.local/lib/python3.12/site-packages/airflow/example_dags/example_bash_operator.py
[2025-03-26T00:11:55.560+0000] {processor.py:914} INFO - Processing file /home/airflow/.local/lib/python3.12/site-packages/airflow/example_dags/example_bash_operator.py for tasks to queue
[2025-03-26T00:11:55.562+0000] {logging_mixin.py:190} INFO - [2025-03-26T00:11:55.562+0000] {dagbag.py:588} INFO - Filling up the DagBag from /home/airflow/.local/lib/python3.12/site-packages/airflow/example_dags/example_bash_operator.py
[2025-03-26T00:11:55.572+0000] {processor.py:925} INFO - DAG(s) 'example_bash_operator' retrieved from /home/airflow/.local/lib/python3.12/site-packages/airflow/example_dags/example_bash_operator.py
[2025-03-26T00:11:55.595+0000] {logging_mixin.py:190} INFO - [2025-03-26T00:11:55.595+0000] {dag.py:3239} INFO - Sync 1 DAGs
[2025-03-26T00:11:55.612+0000] {logging_mixin.py:190} INFO - [2025-03-26T00:11:55.612+0000] {dag.py:4180} INFO - Setting next_dagrun for example_bash_operator to 2025-03-25 00:00:00+00:00, run_after=2025-03-26 00:00:00+00:00
[2025-03-26T00:11:55.628+0000] {processor.py:208} INFO - Processing /home/airflow/.local/lib/python3.12/site-packages/airflow/example_dags/example_bash_operator.py took 0.073 seconds
[2025-03-26T00:28:51.123+0000] {processor.py:186} INFO - Started process (PID=5786) to work on /home/airflow/.local/lib/python3.12/site-packages/airflow/example_dags/example_bash_operator.py
[2025-03-26T00:28:51.124+0000] {processor.py:914} INFO - Processing file /home/airflow/.local/lib/python3.12/site-packages/airflow/example_dags/example_bash_operator.py for tasks to queue
[2025-03-26T00:28:51.126+0000] {logging_mixin.py:190} INFO - [2025-03-26T00:28:51.126+0000] {dagbag.py:588} INFO - Filling up the DagBag from /home/airflow/.local/lib/python3.12/site-packages/airflow/example_dags/example_bash_operator.py
[2025-03-26T00:28:51.133+0000] {processor.py:925} INFO - DAG(s) 'example_bash_operator' retrieved from /home/airflow/.local/lib/python3.12/site-packages/airflow/example_dags/example_bash_operator.py
[2025-03-26T00:28:51.149+0000] {logging_mixin.py:190} INFO - [2025-03-26T00:28:51.148+0000] {dag.py:3239} INFO - Sync 1 DAGs
[2025-03-26T00:28:51.163+0000] {logging_mixin.py:190} INFO - [2025-03-26T00:28:51.163+0000] {dag.py:4180} INFO - Setting next_dagrun for example_bash_operator to 2025-03-25 00:00:00+00:00, run_after=2025-03-26 00:00:00+00:00
[2025-03-26T00:28:51.177+0000] {processor.py:208} INFO - Processing /home/airflow/.local/lib/python3.12/site-packages/airflow/example_dags/example_bash_operator.py took 0.058 seconds
[2025-03-26T01:03:04.048+0000] {processor.py:186} INFO - Started process (PID=5848) to work on /home/airflow/.local/lib/python3.12/site-packages/airflow/example_dags/example_bash_operator.py
[2025-03-26T01:03:04.049+0000] {processor.py:914} INFO - Processing file /home/airflow/.local/lib/python3.12/site-packages/airflow/example_dags/example_bash_operator.py for tasks to queue
[2025-03-26T01:03:04.053+0000] {logging_mixin.py:190} INFO - [2025-03-26T01:03:04.053+0000] {dagbag.py:588} INFO - Filling up the DagBag from /home/airflow/.local/lib/python3.12/site-packages/airflow/example_dags/example_bash_operator.py
[2025-03-26T01:03:04.068+0000] {processor.py:925} INFO - DAG(s) 'example_bash_operator' retrieved from /home/airflow/.local/lib/python3.12/site-packages/airflow/example_dags/example_bash_operator.py
[2025-03-26T01:03:04.089+0000] {logging_mixin.py:190} INFO - [2025-03-26T01:03:04.089+0000] {dag.py:3239} INFO - Sync 1 DAGs
[2025-03-26T01:03:04.109+0000] {logging_mixin.py:190} INFO - [2025-03-26T01:03:04.109+0000] {dag.py:4180} INFO - Setting next_dagrun for example_bash_operator to 2025-03-25 00:00:00+00:00, run_after=2025-03-26 00:00:00+00:00
[2025-03-26T01:03:04.126+0000] {processor.py:208} INFO - Processing /home/airflow/.local/lib/python3.12/site-packages/airflow/example_dags/example_bash_operator.py took 0.083 seconds
[2025-03-26T01:21:10.574+0000] {processor.py:186} INFO - Started process (PID=5910) to work on /home/airflow/.local/lib/python3.12/site-packages/airflow/example_dags/example_bash_operator.py
[2025-03-26T01:21:10.575+0000] {processor.py:914} INFO - Processing file /home/airflow/.local/lib/python3.12/site-packages/airflow/example_dags/example_bash_operator.py for tasks to queue
[2025-03-26T01:21:10.578+0000] {logging_mixin.py:190} INFO - [2025-03-26T01:21:10.578+0000] {dagbag.py:588} INFO - Filling up the DagBag from /home/airflow/.local/lib/python3.12/site-packages/airflow/example_dags/example_bash_operator.py
[2025-03-26T01:21:10.588+0000] {processor.py:925} INFO - DAG(s) 'example_bash_operator' retrieved from /home/airflow/.local/lib/python3.12/site-packages/airflow/example_dags/example_bash_operator.py
[2025-03-26T01:21:10.605+0000] {logging_mixin.py:190} INFO - [2025-03-26T01:21:10.605+0000] {dag.py:3239} INFO - Sync 1 DAGs
[2025-03-26T01:21:10.623+0000] {logging_mixin.py:190} INFO - [2025-03-26T01:21:10.623+0000] {dag.py:4180} INFO - Setting next_dagrun for example_bash_operator to 2025-03-25 00:00:00+00:00, run_after=2025-03-26 00:00:00+00:00
[2025-03-26T01:21:10.637+0000] {processor.py:208} INFO - Processing /home/airflow/.local/lib/python3.12/site-packages/airflow/example_dags/example_bash_operator.py took 0.068 seconds
[2025-03-26T01:39:11.725+0000] {processor.py:186} INFO - Started process (PID=5972) to work on /home/airflow/.local/lib/python3.12/site-packages/airflow/example_dags/example_bash_operator.py
[2025-03-26T01:39:11.726+0000] {processor.py:914} INFO - Processing file /home/airflow/.local/lib/python3.12/site-packages/airflow/example_dags/example_bash_operator.py for tasks to queue
[2025-03-26T01:39:11.729+0000] {logging_mixin.py:190} INFO - [2025-03-26T01:39:11.729+0000] {dagbag.py:588} INFO - Filling up the DagBag from /home/airflow/.local/lib/python3.12/site-packages/airflow/example_dags/example_bash_operator.py
[2025-03-26T01:39:11.737+0000] {processor.py:925} INFO - DAG(s) 'example_bash_operator' retrieved from /home/airflow/.local/lib/python3.12/site-packages/airflow/example_dags/example_bash_operator.py
[2025-03-26T01:39:11.755+0000] {logging_mixin.py:190} INFO - [2025-03-26T01:39:11.755+0000] {dag.py:3239} INFO - Sync 1 DAGs
[2025-03-26T01:39:11.774+0000] {logging_mixin.py:190} INFO - [2025-03-26T01:39:11.773+0000] {dag.py:4180} INFO - Setting next_dagrun for example_bash_operator to 2025-03-25 00:00:00+00:00, run_after=2025-03-26 00:00:00+00:00
[2025-03-26T01:39:11.784+0000] {processor.py:208} INFO - Processing /home/airflow/.local/lib/python3.12/site-packages/airflow/example_dags/example_bash_operator.py took 0.067 seconds
[2025-03-26T01:56:22.960+0000] {processor.py:186} INFO - Started process (PID=6034) to work on /home/airflow/.local/lib/python3.12/site-packages/airflow/example_dags/example_bash_operator.py
[2025-03-26T01:56:22.961+0000] {processor.py:914} INFO - Processing file /home/airflow/.local/lib/python3.12/site-packages/airflow/example_dags/example_bash_operator.py for tasks to queue
[2025-03-26T01:56:22.963+0000] {logging_mixin.py:190} INFO - [2025-03-26T01:56:22.963+0000] {dagbag.py:588} INFO - Filling up the DagBag from /home/airflow/.local/lib/python3.12/site-packages/airflow/example_dags/example_bash_operator.py
[2025-03-26T01:56:22.970+0000] {processor.py:925} INFO - DAG(s) 'example_bash_operator' retrieved from /home/airflow/.local/lib/python3.12/site-packages/airflow/example_dags/example_bash_operator.py
[2025-03-26T01:56:22.989+0000] {logging_mixin.py:190} INFO - [2025-03-26T01:56:22.989+0000] {dag.py:3239} INFO - Sync 1 DAGs
[2025-03-26T01:56:23.003+0000] {logging_mixin.py:190} INFO - [2025-03-26T01:56:23.003+0000] {dag.py:4180} INFO - Setting next_dagrun for example_bash_operator to 2025-03-25 00:00:00+00:00, run_after=2025-03-26 00:00:00+00:00
[2025-03-26T01:56:23.014+0000] {processor.py:208} INFO - Processing /home/airflow/.local/lib/python3.12/site-packages/airflow/example_dags/example_bash_operator.py took 0.057 seconds
[2025-03-26T02:14:40.673+0000] {processor.py:186} INFO - Started process (PID=6096) to work on /home/airflow/.local/lib/python3.12/site-packages/airflow/example_dags/example_bash_operator.py
[2025-03-26T02:14:40.674+0000] {processor.py:914} INFO - Processing file /home/airflow/.local/lib/python3.12/site-packages/airflow/example_dags/example_bash_operator.py for tasks to queue
[2025-03-26T02:14:40.676+0000] {logging_mixin.py:190} INFO - [2025-03-26T02:14:40.675+0000] {dagbag.py:588} INFO - Filling up the DagBag from /home/airflow/.local/lib/python3.12/site-packages/airflow/example_dags/example_bash_operator.py
[2025-03-26T02:14:40.684+0000] {processor.py:925} INFO - DAG(s) 'example_bash_operator' retrieved from /home/airflow/.local/lib/python3.12/site-packages/airflow/example_dags/example_bash_operator.py
[2025-03-26T02:14:40.700+0000] {logging_mixin.py:190} INFO - [2025-03-26T02:14:40.700+0000] {dag.py:3239} INFO - Sync 1 DAGs
[2025-03-26T02:14:40.713+0000] {logging_mixin.py:190} INFO - [2025-03-26T02:14:40.713+0000] {dag.py:4180} INFO - Setting next_dagrun for example_bash_operator to 2025-03-25 00:00:00+00:00, run_after=2025-03-26 00:00:00+00:00
[2025-03-26T02:14:40.727+0000] {processor.py:208} INFO - Processing /home/airflow/.local/lib/python3.12/site-packages/airflow/example_dags/example_bash_operator.py took 0.057 seconds
[2025-03-26T02:30:19.968+0000] {processor.py:186} INFO - Started process (PID=6158) to work on /home/airflow/.local/lib/python3.12/site-packages/airflow/example_dags/example_bash_operator.py
[2025-03-26T02:30:19.969+0000] {processor.py:914} INFO - Processing file /home/airflow/.local/lib/python3.12/site-packages/airflow/example_dags/example_bash_operator.py for tasks to queue
[2025-03-26T02:30:19.971+0000] {logging_mixin.py:190} INFO - [2025-03-26T02:30:19.971+0000] {dagbag.py:588} INFO - Filling up the DagBag from /home/airflow/.local/lib/python3.12/site-packages/airflow/example_dags/example_bash_operator.py
[2025-03-26T02:30:19.982+0000] {processor.py:925} INFO - DAG(s) 'example_bash_operator' retrieved from /home/airflow/.local/lib/python3.12/site-packages/airflow/example_dags/example_bash_operator.py
[2025-03-26T02:30:19.998+0000] {logging_mixin.py:190} INFO - [2025-03-26T02:30:19.997+0000] {dag.py:3239} INFO - Sync 1 DAGs
[2025-03-26T02:30:20.013+0000] {logging_mixin.py:190} INFO - [2025-03-26T02:30:20.013+0000] {dag.py:4180} INFO - Setting next_dagrun for example_bash_operator to 2025-03-25 00:00:00+00:00, run_after=2025-03-26 00:00:00+00:00
[2025-03-26T02:30:20.026+0000] {processor.py:208} INFO - Processing /home/airflow/.local/lib/python3.12/site-packages/airflow/example_dags/example_bash_operator.py took 0.063 seconds
[2025-03-26T02:48:21.538+0000] {processor.py:186} INFO - Started process (PID=6220) to work on /home/airflow/.local/lib/python3.12/site-packages/airflow/example_dags/example_bash_operator.py
[2025-03-26T02:48:21.540+0000] {processor.py:914} INFO - Processing file /home/airflow/.local/lib/python3.12/site-packages/airflow/example_dags/example_bash_operator.py for tasks to queue
[2025-03-26T02:48:21.544+0000] {logging_mixin.py:190} INFO - [2025-03-26T02:48:21.544+0000] {dagbag.py:588} INFO - Filling up the DagBag from /home/airflow/.local/lib/python3.12/site-packages/airflow/example_dags/example_bash_operator.py
[2025-03-26T02:48:21.561+0000] {processor.py:925} INFO - DAG(s) 'example_bash_operator' retrieved from /home/airflow/.local/lib/python3.12/site-packages/airflow/example_dags/example_bash_operator.py
[2025-03-26T02:48:21.598+0000] {logging_mixin.py:190} INFO - [2025-03-26T02:48:21.598+0000] {dag.py:3239} INFO - Sync 1 DAGs
[2025-03-26T02:48:21.621+0000] {logging_mixin.py:190} INFO - [2025-03-26T02:48:21.620+0000] {dag.py:4180} INFO - Setting next_dagrun for example_bash_operator to 2025-03-25 00:00:00+00:00, run_after=2025-03-26 00:00:00+00:00
[2025-03-26T02:48:21.635+0000] {processor.py:208} INFO - Processing /home/airflow/.local/lib/python3.12/site-packages/airflow/example_dags/example_bash_operator.py took 0.104 seconds
[2025-03-26T03:13:28.844+0000] {processor.py:186} INFO - Started process (PID=6282) to work on /home/airflow/.local/lib/python3.12/site-packages/airflow/example_dags/example_bash_operator.py
[2025-03-26T03:13:28.845+0000] {processor.py:914} INFO - Processing file /home/airflow/.local/lib/python3.12/site-packages/airflow/example_dags/example_bash_operator.py for tasks to queue
[2025-03-26T03:13:28.846+0000] {logging_mixin.py:190} INFO - [2025-03-26T03:13:28.846+0000] {dagbag.py:588} INFO - Filling up the DagBag from /home/airflow/.local/lib/python3.12/site-packages/airflow/example_dags/example_bash_operator.py
[2025-03-26T03:13:28.853+0000] {processor.py:925} INFO - DAG(s) 'example_bash_operator' retrieved from /home/airflow/.local/lib/python3.12/site-packages/airflow/example_dags/example_bash_operator.py
[2025-03-26T03:13:28.870+0000] {logging_mixin.py:190} INFO - [2025-03-26T03:13:28.870+0000] {dag.py:3239} INFO - Sync 1 DAGs
[2025-03-26T03:13:28.887+0000] {logging_mixin.py:190} INFO - [2025-03-26T03:13:28.887+0000] {dag.py:4180} INFO - Setting next_dagrun for example_bash_operator to 2025-03-25 00:00:00+00:00, run_after=2025-03-26 00:00:00+00:00
[2025-03-26T03:13:28.902+0000] {processor.py:208} INFO - Processing /home/airflow/.local/lib/python3.12/site-packages/airflow/example_dags/example_bash_operator.py took 0.063 seconds
[2025-03-26T03:29:28.016+0000] {processor.py:186} INFO - Started process (PID=6344) to work on /home/airflow/.local/lib/python3.12/site-packages/airflow/example_dags/example_bash_operator.py
[2025-03-26T03:29:28.017+0000] {processor.py:914} INFO - Processing file /home/airflow/.local/lib/python3.12/site-packages/airflow/example_dags/example_bash_operator.py for tasks to queue
[2025-03-26T03:29:28.018+0000] {logging_mixin.py:190} INFO - [2025-03-26T03:29:28.018+0000] {dagbag.py:588} INFO - Filling up the DagBag from /home/airflow/.local/lib/python3.12/site-packages/airflow/example_dags/example_bash_operator.py
[2025-03-26T03:29:28.025+0000] {processor.py:925} INFO - DAG(s) 'example_bash_operator' retrieved from /home/airflow/.local/lib/python3.12/site-packages/airflow/example_dags/example_bash_operator.py
[2025-03-26T03:29:28.042+0000] {logging_mixin.py:190} INFO - [2025-03-26T03:29:28.042+0000] {dag.py:3239} INFO - Sync 1 DAGs
[2025-03-26T03:29:28.056+0000] {logging_mixin.py:190} INFO - [2025-03-26T03:29:28.056+0000] {dag.py:4180} INFO - Setting next_dagrun for example_bash_operator to 2025-03-25 00:00:00+00:00, run_after=2025-03-26 00:00:00+00:00
[2025-03-26T03:29:28.068+0000] {processor.py:208} INFO - Processing /home/airflow/.local/lib/python3.12/site-packages/airflow/example_dags/example_bash_operator.py took 0.056 seconds
[2025-03-26T03:47:50.273+0000] {processor.py:186} INFO - Started process (PID=6406) to work on /home/airflow/.local/lib/python3.12/site-packages/airflow/example_dags/example_bash_operator.py
[2025-03-26T03:47:50.273+0000] {processor.py:914} INFO - Processing file /home/airflow/.local/lib/python3.12/site-packages/airflow/example_dags/example_bash_operator.py for tasks to queue
[2025-03-26T03:47:50.275+0000] {logging_mixin.py:190} INFO - [2025-03-26T03:47:50.274+0000] {dagbag.py:588} INFO - Filling up the DagBag from /home/airflow/.local/lib/python3.12/site-packages/airflow/example_dags/example_bash_operator.py
[2025-03-26T03:47:50.281+0000] {processor.py:925} INFO - DAG(s) 'example_bash_operator' retrieved from /home/airflow/.local/lib/python3.12/site-packages/airflow/example_dags/example_bash_operator.py
[2025-03-26T03:47:50.293+0000] {logging_mixin.py:190} INFO - [2025-03-26T03:47:50.293+0000] {dag.py:3239} INFO - Sync 1 DAGs
[2025-03-26T03:47:50.303+0000] {logging_mixin.py:190} INFO - [2025-03-26T03:47:50.303+0000] {dag.py:4180} INFO - Setting next_dagrun for example_bash_operator to 2025-03-25 00:00:00+00:00, run_after=2025-03-26 00:00:00+00:00
[2025-03-26T03:47:50.310+0000] {processor.py:208} INFO - Processing /home/airflow/.local/lib/python3.12/site-packages/airflow/example_dags/example_bash_operator.py took 0.040 seconds
[2025-03-26T04:03:44.717+0000] {processor.py:186} INFO - Started process (PID=6468) to work on /home/airflow/.local/lib/python3.12/site-packages/airflow/example_dags/example_bash_operator.py
[2025-03-26T04:03:44.718+0000] {processor.py:914} INFO - Processing file /home/airflow/.local/lib/python3.12/site-packages/airflow/example_dags/example_bash_operator.py for tasks to queue
[2025-03-26T04:03:44.721+0000] {logging_mixin.py:190} INFO - [2025-03-26T04:03:44.720+0000] {dagbag.py:588} INFO - Filling up the DagBag from /home/airflow/.local/lib/python3.12/site-packages/airflow/example_dags/example_bash_operator.py
[2025-03-26T04:03:44.729+0000] {processor.py:925} INFO - DAG(s) 'example_bash_operator' retrieved from /home/airflow/.local/lib/python3.12/site-packages/airflow/example_dags/example_bash_operator.py
[2025-03-26T04:03:44.749+0000] {logging_mixin.py:190} INFO - [2025-03-26T04:03:44.749+0000] {dag.py:3239} INFO - Sync 1 DAGs
[2025-03-26T04:03:44.763+0000] {logging_mixin.py:190} INFO - [2025-03-26T04:03:44.762+0000] {dag.py:4180} INFO - Setting next_dagrun for example_bash_operator to 2025-03-25 00:00:00+00:00, run_after=2025-03-26 00:00:00+00:00
[2025-03-26T04:03:44.772+0000] {processor.py:208} INFO - Processing /home/airflow/.local/lib/python3.12/site-packages/airflow/example_dags/example_bash_operator.py took 0.060 seconds
[2025-03-26T04:21:36.406+0000] {processor.py:186} INFO - Started process (PID=6530) to work on /home/airflow/.local/lib/python3.12/site-packages/airflow/example_dags/example_bash_operator.py
[2025-03-26T04:21:36.407+0000] {processor.py:914} INFO - Processing file /home/airflow/.local/lib/python3.12/site-packages/airflow/example_dags/example_bash_operator.py for tasks to queue
[2025-03-26T04:21:36.409+0000] {logging_mixin.py:190} INFO - [2025-03-26T04:21:36.409+0000] {dagbag.py:588} INFO - Filling up the DagBag from /home/airflow/.local/lib/python3.12/site-packages/airflow/example_dags/example_bash_operator.py
[2025-03-26T04:21:36.420+0000] {processor.py:925} INFO - DAG(s) 'example_bash_operator' retrieved from /home/airflow/.local/lib/python3.12/site-packages/airflow/example_dags/example_bash_operator.py
[2025-03-26T04:21:36.445+0000] {logging_mixin.py:190} INFO - [2025-03-26T04:21:36.445+0000] {dag.py:3239} INFO - Sync 1 DAGs
[2025-03-26T04:21:36.463+0000] {logging_mixin.py:190} INFO - [2025-03-26T04:21:36.463+0000] {dag.py:4180} INFO - Setting next_dagrun for example_bash_operator to 2025-03-25 00:00:00+00:00, run_after=2025-03-26 00:00:00+00:00
[2025-03-26T04:21:36.479+0000] {processor.py:208} INFO - Processing /home/airflow/.local/lib/python3.12/site-packages/airflow/example_dags/example_bash_operator.py took 0.082 seconds
[2025-03-26T04:39:37.825+0000] {processor.py:186} INFO - Started process (PID=6592) to work on /home/airflow/.local/lib/python3.12/site-packages/airflow/example_dags/example_bash_operator.py
[2025-03-26T04:39:37.828+0000] {processor.py:914} INFO - Processing file /home/airflow/.local/lib/python3.12/site-packages/airflow/example_dags/example_bash_operator.py for tasks to queue
[2025-03-26T04:39:37.833+0000] {logging_mixin.py:190} INFO - [2025-03-26T04:39:37.832+0000] {dagbag.py:588} INFO - Filling up the DagBag from /home/airflow/.local/lib/python3.12/site-packages/airflow/example_dags/example_bash_operator.py
[2025-03-26T04:39:37.864+0000] {processor.py:925} INFO - DAG(s) 'example_bash_operator' retrieved from /home/airflow/.local/lib/python3.12/site-packages/airflow/example_dags/example_bash_operator.py
[2025-03-26T04:39:37.917+0000] {logging_mixin.py:190} INFO - [2025-03-26T04:39:37.917+0000] {dag.py:3239} INFO - Sync 1 DAGs
[2025-03-26T04:39:38.093+0000] {logging_mixin.py:190} INFO - [2025-03-26T04:39:38.093+0000] {dag.py:4180} INFO - Setting next_dagrun for example_bash_operator to 2025-03-25 00:00:00+00:00, run_after=2025-03-26 00:00:00+00:00
[2025-03-26T04:39:38.135+0000] {processor.py:208} INFO - Processing /home/airflow/.local/lib/python3.12/site-packages/airflow/example_dags/example_bash_operator.py took 0.320 seconds
[2025-03-26T05:14:27.194+0000] {processor.py:186} INFO - Started process (PID=6654) to work on /home/airflow/.local/lib/python3.12/site-packages/airflow/example_dags/example_bash_operator.py
[2025-03-26T05:14:27.196+0000] {processor.py:914} INFO - Processing file /home/airflow/.local/lib/python3.12/site-packages/airflow/example_dags/example_bash_operator.py for tasks to queue
[2025-03-26T05:14:27.200+0000] {logging_mixin.py:190} INFO - [2025-03-26T05:14:27.199+0000] {dagbag.py:588} INFO - Filling up the DagBag from /home/airflow/.local/lib/python3.12/site-packages/airflow/example_dags/example_bash_operator.py
[2025-03-26T05:14:27.215+0000] {processor.py:925} INFO - DAG(s) 'example_bash_operator' retrieved from /home/airflow/.local/lib/python3.12/site-packages/airflow/example_dags/example_bash_operator.py
[2025-03-26T05:14:27.250+0000] {logging_mixin.py:190} INFO - [2025-03-26T05:14:27.250+0000] {dag.py:3239} INFO - Sync 1 DAGs
[2025-03-26T05:14:27.274+0000] {logging_mixin.py:190} INFO - [2025-03-26T05:14:27.273+0000] {dag.py:4180} INFO - Setting next_dagrun for example_bash_operator to 2025-03-25 00:00:00+00:00, run_after=2025-03-26 00:00:00+00:00
[2025-03-26T05:14:27.295+0000] {processor.py:208} INFO - Processing /home/airflow/.local/lib/python3.12/site-packages/airflow/example_dags/example_bash_operator.py took 0.106 seconds
[2025-03-26T05:32:51.744+0000] {processor.py:186} INFO - Started process (PID=6716) to work on /home/airflow/.local/lib/python3.12/site-packages/airflow/example_dags/example_bash_operator.py
[2025-03-26T05:32:51.745+0000] {processor.py:914} INFO - Processing file /home/airflow/.local/lib/python3.12/site-packages/airflow/example_dags/example_bash_operator.py for tasks to queue
[2025-03-26T05:32:51.746+0000] {logging_mixin.py:190} INFO - [2025-03-26T05:32:51.746+0000] {dagbag.py:588} INFO - Filling up the DagBag from /home/airflow/.local/lib/python3.12/site-packages/airflow/example_dags/example_bash_operator.py
[2025-03-26T05:32:51.754+0000] {processor.py:925} INFO - DAG(s) 'example_bash_operator' retrieved from /home/airflow/.local/lib/python3.12/site-packages/airflow/example_dags/example_bash_operator.py
[2025-03-26T05:32:51.773+0000] {logging_mixin.py:190} INFO - [2025-03-26T05:32:51.773+0000] {dag.py:3239} INFO - Sync 1 DAGs
[2025-03-26T05:32:51.804+0000] {logging_mixin.py:190} INFO - [2025-03-26T05:32:51.804+0000] {dag.py:4180} INFO - Setting next_dagrun for example_bash_operator to 2025-03-25 00:00:00+00:00, run_after=2025-03-26 00:00:00+00:00
[2025-03-26T05:32:51.865+0000] {processor.py:208} INFO - Processing /home/airflow/.local/lib/python3.12/site-packages/airflow/example_dags/example_bash_operator.py took 0.124 seconds
[2025-03-26T05:49:53.619+0000] {processor.py:186} INFO - Started process (PID=6778) to work on /home/airflow/.local/lib/python3.12/site-packages/airflow/example_dags/example_bash_operator.py
[2025-03-26T05:49:53.620+0000] {processor.py:914} INFO - Processing file /home/airflow/.local/lib/python3.12/site-packages/airflow/example_dags/example_bash_operator.py for tasks to queue
[2025-03-26T05:49:53.622+0000] {logging_mixin.py:190} INFO - [2025-03-26T05:49:53.621+0000] {dagbag.py:588} INFO - Filling up the DagBag from /home/airflow/.local/lib/python3.12/site-packages/airflow/example_dags/example_bash_operator.py
[2025-03-26T05:49:53.631+0000] {processor.py:925} INFO - DAG(s) 'example_bash_operator' retrieved from /home/airflow/.local/lib/python3.12/site-packages/airflow/example_dags/example_bash_operator.py
[2025-03-26T05:49:53.649+0000] {logging_mixin.py:190} INFO - [2025-03-26T05:49:53.649+0000] {dag.py:3239} INFO - Sync 1 DAGs
[2025-03-26T05:49:53.664+0000] {logging_mixin.py:190} INFO - [2025-03-26T05:49:53.664+0000] {dag.py:4180} INFO - Setting next_dagrun for example_bash_operator to 2025-03-25 00:00:00+00:00, run_after=2025-03-26 00:00:00+00:00
[2025-03-26T05:49:53.683+0000] {processor.py:208} INFO - Processing /home/airflow/.local/lib/python3.12/site-packages/airflow/example_dags/example_bash_operator.py took 0.069 seconds
[2025-03-26T06:06:35.396+0000] {processor.py:186} INFO - Started process (PID=6840) to work on /home/airflow/.local/lib/python3.12/site-packages/airflow/example_dags/example_bash_operator.py
[2025-03-26T06:06:35.398+0000] {processor.py:914} INFO - Processing file /home/airflow/.local/lib/python3.12/site-packages/airflow/example_dags/example_bash_operator.py for tasks to queue
[2025-03-26T06:06:35.403+0000] {logging_mixin.py:190} INFO - [2025-03-26T06:06:35.403+0000] {dagbag.py:588} INFO - Filling up the DagBag from /home/airflow/.local/lib/python3.12/site-packages/airflow/example_dags/example_bash_operator.py
[2025-03-26T06:06:35.417+0000] {processor.py:925} INFO - DAG(s) 'example_bash_operator' retrieved from /home/airflow/.local/lib/python3.12/site-packages/airflow/example_dags/example_bash_operator.py
[2025-03-26T06:06:35.435+0000] {logging_mixin.py:190} INFO - [2025-03-26T06:06:35.435+0000] {dag.py:3239} INFO - Sync 1 DAGs
[2025-03-26T06:06:35.452+0000] {logging_mixin.py:190} INFO - [2025-03-26T06:06:35.452+0000] {dag.py:4180} INFO - Setting next_dagrun for example_bash_operator to 2025-03-25 00:00:00+00:00, run_after=2025-03-26 00:00:00+00:00
[2025-03-26T06:06:35.476+0000] {processor.py:208} INFO - Processing /home/airflow/.local/lib/python3.12/site-packages/airflow/example_dags/example_bash_operator.py took 0.087 seconds
[2025-03-26T06:24:42.253+0000] {processor.py:186} INFO - Started process (PID=6902) to work on /home/airflow/.local/lib/python3.12/site-packages/airflow/example_dags/example_bash_operator.py
[2025-03-26T06:24:42.254+0000] {processor.py:914} INFO - Processing file /home/airflow/.local/lib/python3.12/site-packages/airflow/example_dags/example_bash_operator.py for tasks to queue
[2025-03-26T06:24:42.260+0000] {logging_mixin.py:190} INFO - [2025-03-26T06:24:42.260+0000] {dagbag.py:588} INFO - Filling up the DagBag from /home/airflow/.local/lib/python3.12/site-packages/airflow/example_dags/example_bash_operator.py
[2025-03-26T06:24:42.271+0000] {processor.py:925} INFO - DAG(s) 'example_bash_operator' retrieved from /home/airflow/.local/lib/python3.12/site-packages/airflow/example_dags/example_bash_operator.py
[2025-03-26T06:24:42.300+0000] {logging_mixin.py:190} INFO - [2025-03-26T06:24:42.299+0000] {dag.py:3239} INFO - Sync 1 DAGs
[2025-03-26T06:24:42.324+0000] {logging_mixin.py:190} INFO - [2025-03-26T06:24:42.324+0000] {dag.py:4180} INFO - Setting next_dagrun for example_bash_operator to 2025-03-25 00:00:00+00:00, run_after=2025-03-26 00:00:00+00:00
[2025-03-26T06:24:42.344+0000] {processor.py:208} INFO - Processing /home/airflow/.local/lib/python3.12/site-packages/airflow/example_dags/example_bash_operator.py took 0.098 seconds
[2025-03-26T06:59:13.520+0000] {processor.py:186} INFO - Started process (PID=6964) to work on /home/airflow/.local/lib/python3.12/site-packages/airflow/example_dags/example_bash_operator.py
[2025-03-26T06:59:13.521+0000] {processor.py:914} INFO - Processing file /home/airflow/.local/lib/python3.12/site-packages/airflow/example_dags/example_bash_operator.py for tasks to queue
[2025-03-26T06:59:13.524+0000] {logging_mixin.py:190} INFO - [2025-03-26T06:59:13.524+0000] {dagbag.py:588} INFO - Filling up the DagBag from /home/airflow/.local/lib/python3.12/site-packages/airflow/example_dags/example_bash_operator.py
[2025-03-26T06:59:13.533+0000] {processor.py:925} INFO - DAG(s) 'example_bash_operator' retrieved from /home/airflow/.local/lib/python3.12/site-packages/airflow/example_dags/example_bash_operator.py
[2025-03-26T06:59:13.585+0000] {logging_mixin.py:190} INFO - [2025-03-26T06:59:13.585+0000] {dag.py:3239} INFO - Sync 1 DAGs
[2025-03-26T06:59:13.607+0000] {logging_mixin.py:190} INFO - [2025-03-26T06:59:13.606+0000] {dag.py:4180} INFO - Setting next_dagrun for example_bash_operator to 2025-03-25 00:00:00+00:00, run_after=2025-03-26 00:00:00+00:00
[2025-03-26T06:59:13.619+0000] {processor.py:208} INFO - Processing /home/airflow/.local/lib/python3.12/site-packages/airflow/example_dags/example_bash_operator.py took 0.102 seconds
[2025-03-26T07:14:56.953+0000] {processor.py:186} INFO - Started process (PID=7026) to work on /home/airflow/.local/lib/python3.12/site-packages/airflow/example_dags/example_bash_operator.py
[2025-03-26T07:14:56.955+0000] {processor.py:914} INFO - Processing file /home/airflow/.local/lib/python3.12/site-packages/airflow/example_dags/example_bash_operator.py for tasks to queue
[2025-03-26T07:14:56.956+0000] {logging_mixin.py:190} INFO - [2025-03-26T07:14:56.956+0000] {dagbag.py:588} INFO - Filling up the DagBag from /home/airflow/.local/lib/python3.12/site-packages/airflow/example_dags/example_bash_operator.py
[2025-03-26T07:14:56.963+0000] {processor.py:925} INFO - DAG(s) 'example_bash_operator' retrieved from /home/airflow/.local/lib/python3.12/site-packages/airflow/example_dags/example_bash_operator.py
[2025-03-26T07:14:56.976+0000] {logging_mixin.py:190} INFO - [2025-03-26T07:14:56.976+0000] {dag.py:3239} INFO - Sync 1 DAGs
[2025-03-26T07:14:56.990+0000] {logging_mixin.py:190} INFO - [2025-03-26T07:14:56.990+0000] {dag.py:4180} INFO - Setting next_dagrun for example_bash_operator to 2025-03-25 00:00:00+00:00, run_after=2025-03-26 00:00:00+00:00
[2025-03-26T07:14:57.002+0000] {processor.py:208} INFO - Processing /home/airflow/.local/lib/python3.12/site-packages/airflow/example_dags/example_bash_operator.py took 0.055 seconds
[2025-03-26T07:27:50.730+0000] {processor.py:186} INFO - Started process (PID=7088) to work on /home/airflow/.local/lib/python3.12/site-packages/airflow/example_dags/example_bash_operator.py
[2025-03-26T07:27:50.731+0000] {processor.py:914} INFO - Processing file /home/airflow/.local/lib/python3.12/site-packages/airflow/example_dags/example_bash_operator.py for tasks to queue
[2025-03-26T07:27:50.733+0000] {logging_mixin.py:190} INFO - [2025-03-26T07:27:50.732+0000] {dagbag.py:588} INFO - Filling up the DagBag from /home/airflow/.local/lib/python3.12/site-packages/airflow/example_dags/example_bash_operator.py
[2025-03-26T07:27:50.742+0000] {processor.py:925} INFO - DAG(s) 'example_bash_operator' retrieved from /home/airflow/.local/lib/python3.12/site-packages/airflow/example_dags/example_bash_operator.py
[2025-03-26T07:27:50.765+0000] {logging_mixin.py:190} INFO - [2025-03-26T07:27:50.764+0000] {dag.py:3239} INFO - Sync 1 DAGs
[2025-03-26T07:27:50.783+0000] {logging_mixin.py:190} INFO - [2025-03-26T07:27:50.783+0000] {dag.py:4180} INFO - Setting next_dagrun for example_bash_operator to 2025-03-25 00:00:00+00:00, run_after=2025-03-26 00:00:00+00:00
[2025-03-26T07:27:50.799+0000] {processor.py:208} INFO - Processing /home/airflow/.local/lib/python3.12/site-packages/airflow/example_dags/example_bash_operator.py took 0.073 seconds
[2025-03-26T07:34:41.147+0000] {processor.py:186} INFO - Started process (PID=7150) to work on /home/airflow/.local/lib/python3.12/site-packages/airflow/example_dags/example_bash_operator.py
[2025-03-26T07:34:41.148+0000] {processor.py:914} INFO - Processing file /home/airflow/.local/lib/python3.12/site-packages/airflow/example_dags/example_bash_operator.py for tasks to queue
[2025-03-26T07:34:41.151+0000] {logging_mixin.py:190} INFO - [2025-03-26T07:34:41.151+0000] {dagbag.py:588} INFO - Filling up the DagBag from /home/airflow/.local/lib/python3.12/site-packages/airflow/example_dags/example_bash_operator.py
[2025-03-26T07:34:41.161+0000] {processor.py:925} INFO - DAG(s) 'example_bash_operator' retrieved from /home/airflow/.local/lib/python3.12/site-packages/airflow/example_dags/example_bash_operator.py
[2025-03-26T07:34:41.182+0000] {logging_mixin.py:190} INFO - [2025-03-26T07:34:41.182+0000] {dag.py:3239} INFO - Sync 1 DAGs
[2025-03-26T07:34:41.200+0000] {logging_mixin.py:190} INFO - [2025-03-26T07:34:41.200+0000] {dag.py:4180} INFO - Setting next_dagrun for example_bash_operator to 2025-03-25 00:00:00+00:00, run_after=2025-03-26 00:00:00+00:00
[2025-03-26T07:34:41.211+0000] {processor.py:208} INFO - Processing /home/airflow/.local/lib/python3.12/site-packages/airflow/example_dags/example_bash_operator.py took 0.070 seconds
[2025-03-26T07:52:17.089+0000] {processor.py:186} INFO - Started process (PID=7212) to work on /home/airflow/.local/lib/python3.12/site-packages/airflow/example_dags/example_bash_operator.py
[2025-03-26T07:52:17.091+0000] {processor.py:914} INFO - Processing file /home/airflow/.local/lib/python3.12/site-packages/airflow/example_dags/example_bash_operator.py for tasks to queue
[2025-03-26T07:52:17.093+0000] {logging_mixin.py:190} INFO - [2025-03-26T07:52:17.093+0000] {dagbag.py:588} INFO - Filling up the DagBag from /home/airflow/.local/lib/python3.12/site-packages/airflow/example_dags/example_bash_operator.py
[2025-03-26T07:52:17.102+0000] {processor.py:925} INFO - DAG(s) 'example_bash_operator' retrieved from /home/airflow/.local/lib/python3.12/site-packages/airflow/example_dags/example_bash_operator.py
[2025-03-26T07:52:17.123+0000] {logging_mixin.py:190} INFO - [2025-03-26T07:52:17.123+0000] {dag.py:3239} INFO - Sync 1 DAGs
[2025-03-26T07:52:17.134+0000] {logging_mixin.py:190} INFO - [2025-03-26T07:52:17.134+0000] {dag.py:4180} INFO - Setting next_dagrun for example_bash_operator to 2025-03-25 00:00:00+00:00, run_after=2025-03-26 00:00:00+00:00
[2025-03-26T07:52:17.148+0000] {processor.py:208} INFO - Processing /home/airflow/.local/lib/python3.12/site-packages/airflow/example_dags/example_bash_operator.py took 0.062 seconds
[2025-03-26T08:25:13.434+0000] {processor.py:186} INFO - Started process (PID=7274) to work on /home/airflow/.local/lib/python3.12/site-packages/airflow/example_dags/example_bash_operator.py
[2025-03-26T08:25:13.435+0000] {processor.py:914} INFO - Processing file /home/airflow/.local/lib/python3.12/site-packages/airflow/example_dags/example_bash_operator.py for tasks to queue
[2025-03-26T08:25:13.437+0000] {logging_mixin.py:190} INFO - [2025-03-26T08:25:13.436+0000] {dagbag.py:588} INFO - Filling up the DagBag from /home/airflow/.local/lib/python3.12/site-packages/airflow/example_dags/example_bash_operator.py
[2025-03-26T08:25:13.446+0000] {processor.py:925} INFO - DAG(s) 'example_bash_operator' retrieved from /home/airflow/.local/lib/python3.12/site-packages/airflow/example_dags/example_bash_operator.py
[2025-03-26T08:25:13.468+0000] {logging_mixin.py:190} INFO - [2025-03-26T08:25:13.467+0000] {dag.py:3239} INFO - Sync 1 DAGs
[2025-03-26T08:25:13.485+0000] {logging_mixin.py:190} INFO - [2025-03-26T08:25:13.484+0000] {dag.py:4180} INFO - Setting next_dagrun for example_bash_operator to 2025-03-25 00:00:00+00:00, run_after=2025-03-26 00:00:00+00:00
[2025-03-26T08:25:13.503+0000] {processor.py:208} INFO - Processing /home/airflow/.local/lib/python3.12/site-packages/airflow/example_dags/example_bash_operator.py took 0.077 seconds
[2025-03-26T08:30:13.202+0000] {processor.py:186} INFO - Started process (PID=7336) to work on /home/airflow/.local/lib/python3.12/site-packages/airflow/example_dags/example_bash_operator.py
[2025-03-26T08:30:13.203+0000] {processor.py:914} INFO - Processing file /home/airflow/.local/lib/python3.12/site-packages/airflow/example_dags/example_bash_operator.py for tasks to queue
[2025-03-26T08:30:13.205+0000] {logging_mixin.py:190} INFO - [2025-03-26T08:30:13.204+0000] {dagbag.py:588} INFO - Filling up the DagBag from /home/airflow/.local/lib/python3.12/site-packages/airflow/example_dags/example_bash_operator.py
[2025-03-26T08:30:13.211+0000] {processor.py:925} INFO - DAG(s) 'example_bash_operator' retrieved from /home/airflow/.local/lib/python3.12/site-packages/airflow/example_dags/example_bash_operator.py
[2025-03-26T08:30:13.231+0000] {logging_mixin.py:190} INFO - [2025-03-26T08:30:13.231+0000] {dag.py:3239} INFO - Sync 1 DAGs
[2025-03-26T08:30:13.246+0000] {logging_mixin.py:190} INFO - [2025-03-26T08:30:13.246+0000] {dag.py:4180} INFO - Setting next_dagrun for example_bash_operator to 2025-03-25 00:00:00+00:00, run_after=2025-03-26 00:00:00+00:00
[2025-03-26T08:30:13.258+0000] {processor.py:208} INFO - Processing /home/airflow/.local/lib/python3.12/site-packages/airflow/example_dags/example_bash_operator.py took 0.059 seconds
[2025-03-26T08:48:07.051+0000] {processor.py:186} INFO - Started process (PID=7398) to work on /home/airflow/.local/lib/python3.12/site-packages/airflow/example_dags/example_bash_operator.py
[2025-03-26T08:48:07.052+0000] {processor.py:914} INFO - Processing file /home/airflow/.local/lib/python3.12/site-packages/airflow/example_dags/example_bash_operator.py for tasks to queue
[2025-03-26T08:48:07.054+0000] {logging_mixin.py:190} INFO - [2025-03-26T08:48:07.054+0000] {dagbag.py:588} INFO - Filling up the DagBag from /home/airflow/.local/lib/python3.12/site-packages/airflow/example_dags/example_bash_operator.py
[2025-03-26T08:48:07.062+0000] {processor.py:925} INFO - DAG(s) 'example_bash_operator' retrieved from /home/airflow/.local/lib/python3.12/site-packages/airflow/example_dags/example_bash_operator.py
[2025-03-26T08:48:07.081+0000] {logging_mixin.py:190} INFO - [2025-03-26T08:48:07.081+0000] {dag.py:3239} INFO - Sync 1 DAGs
[2025-03-26T08:48:07.094+0000] {logging_mixin.py:190} INFO - [2025-03-26T08:48:07.094+0000] {dag.py:4180} INFO - Setting next_dagrun for example_bash_operator to 2025-03-25 00:00:00+00:00, run_after=2025-03-26 00:00:00+00:00
[2025-03-26T08:48:07.109+0000] {processor.py:208} INFO - Processing /home/airflow/.local/lib/python3.12/site-packages/airflow/example_dags/example_bash_operator.py took 0.061 seconds
[2025-03-26T09:06:20.498+0000] {processor.py:186} INFO - Started process (PID=7460) to work on /home/airflow/.local/lib/python3.12/site-packages/airflow/example_dags/example_bash_operator.py
[2025-03-26T09:06:20.499+0000] {processor.py:914} INFO - Processing file /home/airflow/.local/lib/python3.12/site-packages/airflow/example_dags/example_bash_operator.py for tasks to queue
[2025-03-26T09:06:20.502+0000] {logging_mixin.py:190} INFO - [2025-03-26T09:06:20.501+0000] {dagbag.py:588} INFO - Filling up the DagBag from /home/airflow/.local/lib/python3.12/site-packages/airflow/example_dags/example_bash_operator.py
[2025-03-26T09:06:20.508+0000] {processor.py:925} INFO - DAG(s) 'example_bash_operator' retrieved from /home/airflow/.local/lib/python3.12/site-packages/airflow/example_dags/example_bash_operator.py
[2025-03-26T09:06:20.522+0000] {logging_mixin.py:190} INFO - [2025-03-26T09:06:20.522+0000] {dag.py:3239} INFO - Sync 1 DAGs
[2025-03-26T09:06:20.535+0000] {logging_mixin.py:190} INFO - [2025-03-26T09:06:20.535+0000] {dag.py:4180} INFO - Setting next_dagrun for example_bash_operator to 2025-03-25 00:00:00+00:00, run_after=2025-03-26 00:00:00+00:00
[2025-03-26T09:06:20.549+0000] {processor.py:208} INFO - Processing /home/airflow/.local/lib/python3.12/site-packages/airflow/example_dags/example_bash_operator.py took 0.055 seconds
[2025-03-26T09:23:35.800+0000] {processor.py:186} INFO - Started process (PID=7522) to work on /home/airflow/.local/lib/python3.12/site-packages/airflow/example_dags/example_bash_operator.py
[2025-03-26T09:23:35.801+0000] {processor.py:914} INFO - Processing file /home/airflow/.local/lib/python3.12/site-packages/airflow/example_dags/example_bash_operator.py for tasks to queue
[2025-03-26T09:23:35.802+0000] {logging_mixin.py:190} INFO - [2025-03-26T09:23:35.802+0000] {dagbag.py:588} INFO - Filling up the DagBag from /home/airflow/.local/lib/python3.12/site-packages/airflow/example_dags/example_bash_operator.py
[2025-03-26T09:23:35.811+0000] {processor.py:925} INFO - DAG(s) 'example_bash_operator' retrieved from /home/airflow/.local/lib/python3.12/site-packages/airflow/example_dags/example_bash_operator.py
[2025-03-26T09:23:35.829+0000] {logging_mixin.py:190} INFO - [2025-03-26T09:23:35.829+0000] {dag.py:3239} INFO - Sync 1 DAGs
[2025-03-26T09:23:35.845+0000] {logging_mixin.py:190} INFO - [2025-03-26T09:23:35.845+0000] {dag.py:4180} INFO - Setting next_dagrun for example_bash_operator to 2025-03-25 00:00:00+00:00, run_after=2025-03-26 00:00:00+00:00
[2025-03-26T09:23:35.856+0000] {processor.py:208} INFO - Processing /home/airflow/.local/lib/python3.12/site-packages/airflow/example_dags/example_bash_operator.py took 0.060 seconds
[2025-03-26T09:32:40.891+0000] {processor.py:186} INFO - Started process (PID=7584) to work on /home/airflow/.local/lib/python3.12/site-packages/airflow/example_dags/example_bash_operator.py
[2025-03-26T09:32:40.893+0000] {processor.py:914} INFO - Processing file /home/airflow/.local/lib/python3.12/site-packages/airflow/example_dags/example_bash_operator.py for tasks to queue
[2025-03-26T09:32:40.897+0000] {logging_mixin.py:190} INFO - [2025-03-26T09:32:40.896+0000] {dagbag.py:588} INFO - Filling up the DagBag from /home/airflow/.local/lib/python3.12/site-packages/airflow/example_dags/example_bash_operator.py
[2025-03-26T09:32:40.920+0000] {processor.py:925} INFO - DAG(s) 'example_bash_operator' retrieved from /home/airflow/.local/lib/python3.12/site-packages/airflow/example_dags/example_bash_operator.py
[2025-03-26T09:32:40.970+0000] {logging_mixin.py:190} INFO - [2025-03-26T09:32:40.970+0000] {dag.py:3239} INFO - Sync 1 DAGs
[2025-03-26T09:32:40.998+0000] {logging_mixin.py:190} INFO - [2025-03-26T09:32:40.998+0000] {dag.py:4180} INFO - Setting next_dagrun for example_bash_operator to 2025-03-25 00:00:00+00:00, run_after=2025-03-26 00:00:00+00:00
[2025-03-26T09:32:41.017+0000] {processor.py:208} INFO - Processing /home/airflow/.local/lib/python3.12/site-packages/airflow/example_dags/example_bash_operator.py took 0.141 seconds
[2025-03-26T09:50:53.603+0000] {processor.py:186} INFO - Started process (PID=7646) to work on /home/airflow/.local/lib/python3.12/site-packages/airflow/example_dags/example_bash_operator.py
[2025-03-26T09:50:53.605+0000] {processor.py:914} INFO - Processing file /home/airflow/.local/lib/python3.12/site-packages/airflow/example_dags/example_bash_operator.py for tasks to queue
[2025-03-26T09:50:53.608+0000] {logging_mixin.py:190} INFO - [2025-03-26T09:50:53.607+0000] {dagbag.py:588} INFO - Filling up the DagBag from /home/airflow/.local/lib/python3.12/site-packages/airflow/example_dags/example_bash_operator.py
[2025-03-26T09:50:53.619+0000] {processor.py:925} INFO - DAG(s) 'example_bash_operator' retrieved from /home/airflow/.local/lib/python3.12/site-packages/airflow/example_dags/example_bash_operator.py
[2025-03-26T09:50:53.639+0000] {logging_mixin.py:190} INFO - [2025-03-26T09:50:53.639+0000] {dag.py:3239} INFO - Sync 1 DAGs
[2025-03-26T09:50:53.657+0000] {logging_mixin.py:190} INFO - [2025-03-26T09:50:53.657+0000] {dag.py:4180} INFO - Setting next_dagrun for example_bash_operator to 2025-03-25 00:00:00+00:00, run_after=2025-03-26 00:00:00+00:00
[2025-03-26T09:50:53.669+0000] {processor.py:208} INFO - Processing /home/airflow/.local/lib/python3.12/site-packages/airflow/example_dags/example_bash_operator.py took 0.078 seconds
[2025-03-26T10:19:14.208+0000] {processor.py:186} INFO - Started process (PID=7708) to work on /home/airflow/.local/lib/python3.12/site-packages/airflow/example_dags/example_bash_operator.py
[2025-03-26T10:19:14.210+0000] {processor.py:914} INFO - Processing file /home/airflow/.local/lib/python3.12/site-packages/airflow/example_dags/example_bash_operator.py for tasks to queue
[2025-03-26T10:19:14.213+0000] {logging_mixin.py:190} INFO - [2025-03-26T10:19:14.212+0000] {dagbag.py:588} INFO - Filling up the DagBag from /home/airflow/.local/lib/python3.12/site-packages/airflow/example_dags/example_bash_operator.py
[2025-03-26T10:19:14.235+0000] {processor.py:925} INFO - DAG(s) 'example_bash_operator' retrieved from /home/airflow/.local/lib/python3.12/site-packages/airflow/example_dags/example_bash_operator.py
[2025-03-26T10:19:14.258+0000] {logging_mixin.py:190} INFO - [2025-03-26T10:19:14.258+0000] {dag.py:3239} INFO - Sync 1 DAGs
[2025-03-26T10:19:14.275+0000] {logging_mixin.py:190} INFO - [2025-03-26T10:19:14.275+0000] {dag.py:4180} INFO - Setting next_dagrun for example_bash_operator to 2025-03-25 00:00:00+00:00, run_after=2025-03-26 00:00:00+00:00
[2025-03-26T10:19:14.287+0000] {processor.py:208} INFO - Processing /home/airflow/.local/lib/python3.12/site-packages/airflow/example_dags/example_bash_operator.py took 0.085 seconds
[2025-03-26T10:47:20.279+0000] {processor.py:186} INFO - Started process (PID=7770) to work on /home/airflow/.local/lib/python3.12/site-packages/airflow/example_dags/example_bash_operator.py
[2025-03-26T10:47:20.280+0000] {processor.py:914} INFO - Processing file /home/airflow/.local/lib/python3.12/site-packages/airflow/example_dags/example_bash_operator.py for tasks to queue
[2025-03-26T10:47:20.282+0000] {logging_mixin.py:190} INFO - [2025-03-26T10:47:20.282+0000] {dagbag.py:588} INFO - Filling up the DagBag from /home/airflow/.local/lib/python3.12/site-packages/airflow/example_dags/example_bash_operator.py
[2025-03-26T10:47:20.292+0000] {processor.py:925} INFO - DAG(s) 'example_bash_operator' retrieved from /home/airflow/.local/lib/python3.12/site-packages/airflow/example_dags/example_bash_operator.py
[2025-03-26T10:47:20.311+0000] {logging_mixin.py:190} INFO - [2025-03-26T10:47:20.311+0000] {dag.py:3239} INFO - Sync 1 DAGs
[2025-03-26T10:47:20.354+0000] {logging_mixin.py:190} INFO - [2025-03-26T10:47:20.354+0000] {dag.py:4180} INFO - Setting next_dagrun for example_bash_operator to 2025-03-25 00:00:00+00:00, run_after=2025-03-26 00:00:00+00:00
[2025-03-26T10:47:20.369+0000] {processor.py:208} INFO - Processing /home/airflow/.local/lib/python3.12/site-packages/airflow/example_dags/example_bash_operator.py took 0.100 seconds
[2025-03-26T10:54:41.014+0000] {processor.py:186} INFO - Started process (PID=7832) to work on /home/airflow/.local/lib/python3.12/site-packages/airflow/example_dags/example_bash_operator.py
[2025-03-26T10:54:41.016+0000] {processor.py:914} INFO - Processing file /home/airflow/.local/lib/python3.12/site-packages/airflow/example_dags/example_bash_operator.py for tasks to queue
[2025-03-26T10:54:41.020+0000] {logging_mixin.py:190} INFO - [2025-03-26T10:54:41.019+0000] {dagbag.py:588} INFO - Filling up the DagBag from /home/airflow/.local/lib/python3.12/site-packages/airflow/example_dags/example_bash_operator.py
[2025-03-26T10:54:41.035+0000] {processor.py:925} INFO - DAG(s) 'example_bash_operator' retrieved from /home/airflow/.local/lib/python3.12/site-packages/airflow/example_dags/example_bash_operator.py
[2025-03-26T10:54:41.059+0000] {logging_mixin.py:190} INFO - [2025-03-26T10:54:41.059+0000] {dag.py:3239} INFO - Sync 1 DAGs
[2025-03-26T10:54:41.102+0000] {logging_mixin.py:190} INFO - [2025-03-26T10:54:41.101+0000] {dag.py:4180} INFO - Setting next_dagrun for example_bash_operator to 2025-03-25 00:00:00+00:00, run_after=2025-03-26 00:00:00+00:00
[2025-03-26T10:54:41.127+0000] {processor.py:208} INFO - Processing /home/airflow/.local/lib/python3.12/site-packages/airflow/example_dags/example_bash_operator.py took 0.121 seconds
[2025-03-26T11:26:22.014+0000] {processor.py:186} INFO - Started process (PID=7893) to work on /home/airflow/.local/lib/python3.12/site-packages/airflow/example_dags/example_bash_operator.py
[2025-03-26T11:26:22.016+0000] {processor.py:914} INFO - Processing file /home/airflow/.local/lib/python3.12/site-packages/airflow/example_dags/example_bash_operator.py for tasks to queue
[2025-03-26T11:26:22.018+0000] {logging_mixin.py:190} INFO - [2025-03-26T11:26:22.017+0000] {dagbag.py:588} INFO - Filling up the DagBag from /home/airflow/.local/lib/python3.12/site-packages/airflow/example_dags/example_bash_operator.py
[2025-03-26T11:26:22.027+0000] {processor.py:925} INFO - DAG(s) 'example_bash_operator' retrieved from /home/airflow/.local/lib/python3.12/site-packages/airflow/example_dags/example_bash_operator.py
[2025-03-26T11:26:22.051+0000] {logging_mixin.py:190} INFO - [2025-03-26T11:26:22.051+0000] {dag.py:3239} INFO - Sync 1 DAGs
[2025-03-26T11:26:22.070+0000] {logging_mixin.py:190} INFO - [2025-03-26T11:26:22.070+0000] {dag.py:4180} INFO - Setting next_dagrun for example_bash_operator to 2025-03-25 00:00:00+00:00, run_after=2025-03-26 00:00:00+00:00
[2025-03-26T11:26:22.085+0000] {processor.py:208} INFO - Processing /home/airflow/.local/lib/python3.12/site-packages/airflow/example_dags/example_bash_operator.py took 0.075 seconds
[2025-03-26T11:26:52.462+0000] {processor.py:186} INFO - Started process (PID=7955) to work on /home/airflow/.local/lib/python3.12/site-packages/airflow/example_dags/example_bash_operator.py
[2025-03-26T11:26:52.463+0000] {processor.py:914} INFO - Processing file /home/airflow/.local/lib/python3.12/site-packages/airflow/example_dags/example_bash_operator.py for tasks to queue
[2025-03-26T11:26:52.465+0000] {logging_mixin.py:190} INFO - [2025-03-26T11:26:52.465+0000] {dagbag.py:588} INFO - Filling up the DagBag from /home/airflow/.local/lib/python3.12/site-packages/airflow/example_dags/example_bash_operator.py
[2025-03-26T11:26:52.472+0000] {processor.py:925} INFO - DAG(s) 'example_bash_operator' retrieved from /home/airflow/.local/lib/python3.12/site-packages/airflow/example_dags/example_bash_operator.py
[2025-03-26T11:26:52.489+0000] {logging_mixin.py:190} INFO - [2025-03-26T11:26:52.488+0000] {dag.py:3239} INFO - Sync 1 DAGs
[2025-03-26T11:26:52.503+0000] {logging_mixin.py:190} INFO - [2025-03-26T11:26:52.502+0000] {dag.py:4180} INFO - Setting next_dagrun for example_bash_operator to 2025-03-25 00:00:00+00:00, run_after=2025-03-26 00:00:00+00:00
[2025-03-26T11:26:52.512+0000] {processor.py:208} INFO - Processing /home/airflow/.local/lib/python3.12/site-packages/airflow/example_dags/example_bash_operator.py took 0.054 seconds
[2025-03-26T11:46:40.996+0000] {processor.py:186} INFO - Started process (PID=8017) to work on /home/airflow/.local/lib/python3.12/site-packages/airflow/example_dags/example_bash_operator.py
[2025-03-26T11:46:40.997+0000] {processor.py:914} INFO - Processing file /home/airflow/.local/lib/python3.12/site-packages/airflow/example_dags/example_bash_operator.py for tasks to queue
[2025-03-26T11:46:40.998+0000] {logging_mixin.py:190} INFO - [2025-03-26T11:46:40.998+0000] {dagbag.py:588} INFO - Filling up the DagBag from /home/airflow/.local/lib/python3.12/site-packages/airflow/example_dags/example_bash_operator.py
[2025-03-26T11:46:41.004+0000] {processor.py:925} INFO - DAG(s) 'example_bash_operator' retrieved from /home/airflow/.local/lib/python3.12/site-packages/airflow/example_dags/example_bash_operator.py
[2025-03-26T11:46:41.015+0000] {logging_mixin.py:190} INFO - [2025-03-26T11:46:41.015+0000] {dag.py:3239} INFO - Sync 1 DAGs
[2025-03-26T11:46:41.025+0000] {logging_mixin.py:190} INFO - [2025-03-26T11:46:41.025+0000] {dag.py:4180} INFO - Setting next_dagrun for example_bash_operator to 2025-03-25 00:00:00+00:00, run_after=2025-03-26 00:00:00+00:00
[2025-03-26T11:46:41.032+0000] {processor.py:208} INFO - Processing /home/airflow/.local/lib/python3.12/site-packages/airflow/example_dags/example_bash_operator.py took 0.040 seconds
[2025-03-26T12:02:50.697+0000] {processor.py:186} INFO - Started process (PID=8079) to work on /home/airflow/.local/lib/python3.12/site-packages/airflow/example_dags/example_bash_operator.py
[2025-03-26T12:02:50.698+0000] {processor.py:914} INFO - Processing file /home/airflow/.local/lib/python3.12/site-packages/airflow/example_dags/example_bash_operator.py for tasks to queue
[2025-03-26T12:02:50.699+0000] {logging_mixin.py:190} INFO - [2025-03-26T12:02:50.699+0000] {dagbag.py:588} INFO - Filling up the DagBag from /home/airflow/.local/lib/python3.12/site-packages/airflow/example_dags/example_bash_operator.py
[2025-03-26T12:02:50.705+0000] {processor.py:925} INFO - DAG(s) 'example_bash_operator' retrieved from /home/airflow/.local/lib/python3.12/site-packages/airflow/example_dags/example_bash_operator.py
[2025-03-26T12:02:50.720+0000] {logging_mixin.py:190} INFO - [2025-03-26T12:02:50.719+0000] {dag.py:3239} INFO - Sync 1 DAGs
[2025-03-26T12:02:50.731+0000] {logging_mixin.py:190} INFO - [2025-03-26T12:02:50.731+0000] {dag.py:4180} INFO - Setting next_dagrun for example_bash_operator to 2025-03-25 00:00:00+00:00, run_after=2025-03-26 00:00:00+00:00
[2025-03-26T12:02:50.738+0000] {processor.py:208} INFO - Processing /home/airflow/.local/lib/python3.12/site-packages/airflow/example_dags/example_bash_operator.py took 0.047 seconds
[2025-03-26T12:16:10.007+0000] {processor.py:186} INFO - Started process (PID=8141) to work on /home/airflow/.local/lib/python3.12/site-packages/airflow/example_dags/example_bash_operator.py
[2025-03-26T12:16:10.010+0000] {processor.py:914} INFO - Processing file /home/airflow/.local/lib/python3.12/site-packages/airflow/example_dags/example_bash_operator.py for tasks to queue
[2025-03-26T12:16:10.012+0000] {logging_mixin.py:190} INFO - [2025-03-26T12:16:10.012+0000] {dagbag.py:588} INFO - Filling up the DagBag from /home/airflow/.local/lib/python3.12/site-packages/airflow/example_dags/example_bash_operator.py
[2025-03-26T12:16:10.023+0000] {processor.py:925} INFO - DAG(s) 'example_bash_operator' retrieved from /home/airflow/.local/lib/python3.12/site-packages/airflow/example_dags/example_bash_operator.py
[2025-03-26T12:16:10.042+0000] {logging_mixin.py:190} INFO - [2025-03-26T12:16:10.042+0000] {dag.py:3239} INFO - Sync 1 DAGs
[2025-03-26T12:16:10.062+0000] {logging_mixin.py:190} INFO - [2025-03-26T12:16:10.062+0000] {dag.py:4180} INFO - Setting next_dagrun for example_bash_operator to 2025-03-25 00:00:00+00:00, run_after=2025-03-26 00:00:00+00:00
[2025-03-26T12:16:10.075+0000] {processor.py:208} INFO - Processing /home/airflow/.local/lib/python3.12/site-packages/airflow/example_dags/example_bash_operator.py took 0.073 seconds
[2025-03-26T12:31:49.724+0000] {processor.py:186} INFO - Started process (PID=8203) to work on /home/airflow/.local/lib/python3.12/site-packages/airflow/example_dags/example_bash_operator.py
[2025-03-26T12:31:49.726+0000] {processor.py:914} INFO - Processing file /home/airflow/.local/lib/python3.12/site-packages/airflow/example_dags/example_bash_operator.py for tasks to queue
[2025-03-26T12:31:49.729+0000] {logging_mixin.py:190} INFO - [2025-03-26T12:31:49.729+0000] {dagbag.py:588} INFO - Filling up the DagBag from /home/airflow/.local/lib/python3.12/site-packages/airflow/example_dags/example_bash_operator.py
[2025-03-26T12:31:49.739+0000] {processor.py:925} INFO - DAG(s) 'example_bash_operator' retrieved from /home/airflow/.local/lib/python3.12/site-packages/airflow/example_dags/example_bash_operator.py
[2025-03-26T12:31:49.756+0000] {logging_mixin.py:190} INFO - [2025-03-26T12:31:49.756+0000] {dag.py:3239} INFO - Sync 1 DAGs
[2025-03-26T12:31:49.775+0000] {logging_mixin.py:190} INFO - [2025-03-26T12:31:49.775+0000] {dag.py:4180} INFO - Setting next_dagrun for example_bash_operator to 2025-03-25 00:00:00+00:00, run_after=2025-03-26 00:00:00+00:00
[2025-03-26T12:31:49.789+0000] {processor.py:208} INFO - Processing /home/airflow/.local/lib/python3.12/site-packages/airflow/example_dags/example_bash_operator.py took 0.070 seconds
[2025-03-26T12:41:51.538+0000] {processor.py:186} INFO - Started process (PID=8264) to work on /home/airflow/.local/lib/python3.12/site-packages/airflow/example_dags/example_bash_operator.py
[2025-03-26T12:41:51.539+0000] {processor.py:914} INFO - Processing file /home/airflow/.local/lib/python3.12/site-packages/airflow/example_dags/example_bash_operator.py for tasks to queue
[2025-03-26T12:41:51.541+0000] {logging_mixin.py:190} INFO - [2025-03-26T12:41:51.541+0000] {dagbag.py:588} INFO - Filling up the DagBag from /home/airflow/.local/lib/python3.12/site-packages/airflow/example_dags/example_bash_operator.py
[2025-03-26T12:41:51.553+0000] {processor.py:925} INFO - DAG(s) 'example_bash_operator' retrieved from /home/airflow/.local/lib/python3.12/site-packages/airflow/example_dags/example_bash_operator.py
[2025-03-26T12:41:51.575+0000] {logging_mixin.py:190} INFO - [2025-03-26T12:41:51.575+0000] {dag.py:3239} INFO - Sync 1 DAGs
[2025-03-26T12:41:51.594+0000] {logging_mixin.py:190} INFO - [2025-03-26T12:41:51.594+0000] {dag.py:4180} INFO - Setting next_dagrun for example_bash_operator to 2025-03-25 00:00:00+00:00, run_after=2025-03-26 00:00:00+00:00
[2025-03-26T12:41:51.609+0000] {processor.py:208} INFO - Processing /home/airflow/.local/lib/python3.12/site-packages/airflow/example_dags/example_bash_operator.py took 0.080 seconds
[2025-03-26T13:05:12.413+0000] {processor.py:186} INFO - Started process (PID=8326) to work on /home/airflow/.local/lib/python3.12/site-packages/airflow/example_dags/example_bash_operator.py
[2025-03-26T13:05:12.416+0000] {processor.py:914} INFO - Processing file /home/airflow/.local/lib/python3.12/site-packages/airflow/example_dags/example_bash_operator.py for tasks to queue
[2025-03-26T13:05:12.420+0000] {logging_mixin.py:190} INFO - [2025-03-26T13:05:12.419+0000] {dagbag.py:588} INFO - Filling up the DagBag from /home/airflow/.local/lib/python3.12/site-packages/airflow/example_dags/example_bash_operator.py
[2025-03-26T13:05:12.434+0000] {processor.py:925} INFO - DAG(s) 'example_bash_operator' retrieved from /home/airflow/.local/lib/python3.12/site-packages/airflow/example_dags/example_bash_operator.py
[2025-03-26T13:05:12.481+0000] {logging_mixin.py:190} INFO - [2025-03-26T13:05:12.481+0000] {dag.py:3239} INFO - Sync 1 DAGs
[2025-03-26T13:05:12.503+0000] {logging_mixin.py:190} INFO - [2025-03-26T13:05:12.503+0000] {dag.py:4180} INFO - Setting next_dagrun for example_bash_operator to 2025-03-25 00:00:00+00:00, run_after=2025-03-26 00:00:00+00:00
[2025-03-26T13:05:12.516+0000] {processor.py:208} INFO - Processing /home/airflow/.local/lib/python3.12/site-packages/airflow/example_dags/example_bash_operator.py took 0.115 seconds
[2025-03-26T13:30:00.368+0000] {processor.py:186} INFO - Started process (PID=8388) to work on /home/airflow/.local/lib/python3.12/site-packages/airflow/example_dags/example_bash_operator.py
[2025-03-26T13:30:00.370+0000] {processor.py:914} INFO - Processing file /home/airflow/.local/lib/python3.12/site-packages/airflow/example_dags/example_bash_operator.py for tasks to queue
[2025-03-26T13:30:00.375+0000] {logging_mixin.py:190} INFO - [2025-03-26T13:30:00.375+0000] {dagbag.py:588} INFO - Filling up the DagBag from /home/airflow/.local/lib/python3.12/site-packages/airflow/example_dags/example_bash_operator.py
[2025-03-26T13:30:00.386+0000] {processor.py:925} INFO - DAG(s) 'example_bash_operator' retrieved from /home/airflow/.local/lib/python3.12/site-packages/airflow/example_dags/example_bash_operator.py
[2025-03-26T13:30:00.406+0000] {logging_mixin.py:190} INFO - [2025-03-26T13:30:00.406+0000] {dag.py:3239} INFO - Sync 1 DAGs
[2025-03-26T13:30:00.426+0000] {logging_mixin.py:190} INFO - [2025-03-26T13:30:00.425+0000] {dag.py:4180} INFO - Setting next_dagrun for example_bash_operator to 2025-03-25 00:00:00+00:00, run_after=2025-03-26 00:00:00+00:00
[2025-03-26T13:30:00.441+0000] {processor.py:208} INFO - Processing /home/airflow/.local/lib/python3.12/site-packages/airflow/example_dags/example_bash_operator.py took 0.080 seconds
[2025-03-26T13:50:35.025+0000] {processor.py:186} INFO - Started process (PID=8450) to work on /home/airflow/.local/lib/python3.12/site-packages/airflow/example_dags/example_bash_operator.py
[2025-03-26T13:50:35.027+0000] {processor.py:914} INFO - Processing file /home/airflow/.local/lib/python3.12/site-packages/airflow/example_dags/example_bash_operator.py for tasks to queue
[2025-03-26T13:50:35.030+0000] {logging_mixin.py:190} INFO - [2025-03-26T13:50:35.030+0000] {dagbag.py:588} INFO - Filling up the DagBag from /home/airflow/.local/lib/python3.12/site-packages/airflow/example_dags/example_bash_operator.py
[2025-03-26T13:50:35.050+0000] {processor.py:925} INFO - DAG(s) 'example_bash_operator' retrieved from /home/airflow/.local/lib/python3.12/site-packages/airflow/example_dags/example_bash_operator.py
[2025-03-26T13:50:35.074+0000] {logging_mixin.py:190} INFO - [2025-03-26T13:50:35.073+0000] {dag.py:3239} INFO - Sync 1 DAGs
[2025-03-26T13:50:35.093+0000] {logging_mixin.py:190} INFO - [2025-03-26T13:50:35.093+0000] {dag.py:4180} INFO - Setting next_dagrun for example_bash_operator to 2025-03-25 00:00:00+00:00, run_after=2025-03-26 00:00:00+00:00
[2025-03-26T13:50:35.110+0000] {processor.py:208} INFO - Processing /home/airflow/.local/lib/python3.12/site-packages/airflow/example_dags/example_bash_operator.py took 0.095 seconds
[2025-03-26T14:06:58.885+0000] {processor.py:186} INFO - Started process (PID=8512) to work on /home/airflow/.local/lib/python3.12/site-packages/airflow/example_dags/example_bash_operator.py
[2025-03-26T14:06:58.887+0000] {processor.py:914} INFO - Processing file /home/airflow/.local/lib/python3.12/site-packages/airflow/example_dags/example_bash_operator.py for tasks to queue
[2025-03-26T14:06:58.889+0000] {logging_mixin.py:190} INFO - [2025-03-26T14:06:58.889+0000] {dagbag.py:588} INFO - Filling up the DagBag from /home/airflow/.local/lib/python3.12/site-packages/airflow/example_dags/example_bash_operator.py
[2025-03-26T14:06:58.901+0000] {processor.py:925} INFO - DAG(s) 'example_bash_operator' retrieved from /home/airflow/.local/lib/python3.12/site-packages/airflow/example_dags/example_bash_operator.py
[2025-03-26T14:06:58.923+0000] {logging_mixin.py:190} INFO - [2025-03-26T14:06:58.923+0000] {dag.py:3239} INFO - Sync 1 DAGs
[2025-03-26T14:06:58.939+0000] {logging_mixin.py:190} INFO - [2025-03-26T14:06:58.938+0000] {dag.py:4180} INFO - Setting next_dagrun for example_bash_operator to 2025-03-25 00:00:00+00:00, run_after=2025-03-26 00:00:00+00:00
[2025-03-26T14:06:58.952+0000] {processor.py:208} INFO - Processing /home/airflow/.local/lib/python3.12/site-packages/airflow/example_dags/example_bash_operator.py took 0.071 seconds
[2025-03-26T14:31:54.081+0000] {processor.py:186} INFO - Started process (PID=8574) to work on /home/airflow/.local/lib/python3.12/site-packages/airflow/example_dags/example_bash_operator.py
[2025-03-26T14:31:54.083+0000] {processor.py:914} INFO - Processing file /home/airflow/.local/lib/python3.12/site-packages/airflow/example_dags/example_bash_operator.py for tasks to queue
[2025-03-26T14:31:54.085+0000] {logging_mixin.py:190} INFO - [2025-03-26T14:31:54.085+0000] {dagbag.py:588} INFO - Filling up the DagBag from /home/airflow/.local/lib/python3.12/site-packages/airflow/example_dags/example_bash_operator.py
[2025-03-26T14:31:54.097+0000] {processor.py:925} INFO - DAG(s) 'example_bash_operator' retrieved from /home/airflow/.local/lib/python3.12/site-packages/airflow/example_dags/example_bash_operator.py
[2025-03-26T14:31:54.118+0000] {logging_mixin.py:190} INFO - [2025-03-26T14:31:54.118+0000] {dag.py:3239} INFO - Sync 1 DAGs
[2025-03-26T14:31:54.135+0000] {logging_mixin.py:190} INFO - [2025-03-26T14:31:54.134+0000] {dag.py:4180} INFO - Setting next_dagrun for example_bash_operator to 2025-03-25 00:00:00+00:00, run_after=2025-03-26 00:00:00+00:00
[2025-03-26T14:31:54.144+0000] {processor.py:208} INFO - Processing /home/airflow/.local/lib/python3.12/site-packages/airflow/example_dags/example_bash_operator.py took 0.067 seconds
[2025-03-26T14:33:47.854+0000] {processor.py:186} INFO - Started process (PID=8635) to work on /home/airflow/.local/lib/python3.12/site-packages/airflow/example_dags/example_bash_operator.py
[2025-03-26T14:33:47.855+0000] {processor.py:914} INFO - Processing file /home/airflow/.local/lib/python3.12/site-packages/airflow/example_dags/example_bash_operator.py for tasks to queue
[2025-03-26T14:33:47.857+0000] {logging_mixin.py:190} INFO - [2025-03-26T14:33:47.857+0000] {dagbag.py:588} INFO - Filling up the DagBag from /home/airflow/.local/lib/python3.12/site-packages/airflow/example_dags/example_bash_operator.py
[2025-03-26T14:33:47.868+0000] {processor.py:925} INFO - DAG(s) 'example_bash_operator' retrieved from /home/airflow/.local/lib/python3.12/site-packages/airflow/example_dags/example_bash_operator.py
[2025-03-26T14:33:48.051+0000] {logging_mixin.py:190} INFO - [2025-03-26T14:33:48.051+0000] {dag.py:3239} INFO - Sync 1 DAGs
[2025-03-26T14:33:48.068+0000] {logging_mixin.py:190} INFO - [2025-03-26T14:33:48.068+0000] {dag.py:4180} INFO - Setting next_dagrun for example_bash_operator to 2025-03-25 00:00:00+00:00, run_after=2025-03-26 00:00:00+00:00
[2025-03-26T14:33:48.083+0000] {processor.py:208} INFO - Processing /home/airflow/.local/lib/python3.12/site-packages/airflow/example_dags/example_bash_operator.py took 0.235 seconds
[2025-03-26T14:51:50.538+0000] {processor.py:186} INFO - Started process (PID=8691) to work on /home/airflow/.local/lib/python3.12/site-packages/airflow/example_dags/example_bash_operator.py
[2025-03-26T14:51:50.541+0000] {processor.py:914} INFO - Processing file /home/airflow/.local/lib/python3.12/site-packages/airflow/example_dags/example_bash_operator.py for tasks to queue
[2025-03-26T14:51:50.543+0000] {logging_mixin.py:190} INFO - [2025-03-26T14:51:50.543+0000] {dagbag.py:588} INFO - Filling up the DagBag from /home/airflow/.local/lib/python3.12/site-packages/airflow/example_dags/example_bash_operator.py
[2025-03-26T14:51:50.559+0000] {processor.py:925} INFO - DAG(s) 'example_bash_operator' retrieved from /home/airflow/.local/lib/python3.12/site-packages/airflow/example_dags/example_bash_operator.py
[2025-03-26T14:51:50.595+0000] {logging_mixin.py:190} INFO - [2025-03-26T14:51:50.595+0000] {dag.py:3239} INFO - Sync 1 DAGs
[2025-03-26T14:51:50.616+0000] {logging_mixin.py:190} INFO - [2025-03-26T14:51:50.615+0000] {dag.py:4180} INFO - Setting next_dagrun for example_bash_operator to 2025-03-25 00:00:00+00:00, run_after=2025-03-26 00:00:00+00:00
[2025-03-26T14:51:50.633+0000] {processor.py:208} INFO - Processing /home/airflow/.local/lib/python3.12/site-packages/airflow/example_dags/example_bash_operator.py took 0.101 seconds
[2025-03-26T15:02:45.297+0000] {processor.py:186} INFO - Started process (PID=8752) to work on /home/airflow/.local/lib/python3.12/site-packages/airflow/example_dags/example_bash_operator.py
[2025-03-26T15:02:45.298+0000] {processor.py:914} INFO - Processing file /home/airflow/.local/lib/python3.12/site-packages/airflow/example_dags/example_bash_operator.py for tasks to queue
[2025-03-26T15:02:45.300+0000] {logging_mixin.py:190} INFO - [2025-03-26T15:02:45.300+0000] {dagbag.py:588} INFO - Filling up the DagBag from /home/airflow/.local/lib/python3.12/site-packages/airflow/example_dags/example_bash_operator.py
[2025-03-26T15:02:45.307+0000] {processor.py:925} INFO - DAG(s) 'example_bash_operator' retrieved from /home/airflow/.local/lib/python3.12/site-packages/airflow/example_dags/example_bash_operator.py
[2025-03-26T15:02:45.321+0000] {logging_mixin.py:190} INFO - [2025-03-26T15:02:45.321+0000] {dag.py:3239} INFO - Sync 1 DAGs
[2025-03-26T15:02:45.334+0000] {logging_mixin.py:190} INFO - [2025-03-26T15:02:45.334+0000] {dag.py:4180} INFO - Setting next_dagrun for example_bash_operator to 2025-03-25 00:00:00+00:00, run_after=2025-03-26 00:00:00+00:00
[2025-03-26T15:02:45.349+0000] {processor.py:208} INFO - Processing /home/airflow/.local/lib/python3.12/site-packages/airflow/example_dags/example_bash_operator.py took 0.055 seconds
[2025-03-26T15:08:01.691+0000] {processor.py:186} INFO - Started process (PID=8814) to work on /home/airflow/.local/lib/python3.12/site-packages/airflow/example_dags/example_bash_operator.py
[2025-03-26T15:08:01.692+0000] {processor.py:914} INFO - Processing file /home/airflow/.local/lib/python3.12/site-packages/airflow/example_dags/example_bash_operator.py for tasks to queue
[2025-03-26T15:08:01.694+0000] {logging_mixin.py:190} INFO - [2025-03-26T15:08:01.694+0000] {dagbag.py:588} INFO - Filling up the DagBag from /home/airflow/.local/lib/python3.12/site-packages/airflow/example_dags/example_bash_operator.py
[2025-03-26T15:08:01.701+0000] {processor.py:925} INFO - DAG(s) 'example_bash_operator' retrieved from /home/airflow/.local/lib/python3.12/site-packages/airflow/example_dags/example_bash_operator.py
[2025-03-26T15:08:01.716+0000] {logging_mixin.py:190} INFO - [2025-03-26T15:08:01.716+0000] {dag.py:3239} INFO - Sync 1 DAGs
[2025-03-26T15:08:01.732+0000] {logging_mixin.py:190} INFO - [2025-03-26T15:08:01.732+0000] {dag.py:4180} INFO - Setting next_dagrun for example_bash_operator to 2025-03-25 00:00:00+00:00, run_after=2025-03-26 00:00:00+00:00
[2025-03-26T15:08:01.741+0000] {processor.py:208} INFO - Processing /home/airflow/.local/lib/python3.12/site-packages/airflow/example_dags/example_bash_operator.py took 0.057 seconds
[2025-03-26T15:08:38.745+0000] {processor.py:186} INFO - Started process (PID=8881) to work on /home/airflow/.local/lib/python3.12/site-packages/airflow/example_dags/example_bash_operator.py
[2025-03-26T15:08:38.752+0000] {processor.py:914} INFO - Processing file /home/airflow/.local/lib/python3.12/site-packages/airflow/example_dags/example_bash_operator.py for tasks to queue
[2025-03-26T15:08:38.758+0000] {logging_mixin.py:190} INFO - [2025-03-26T15:08:38.758+0000] {dagbag.py:588} INFO - Filling up the DagBag from /home/airflow/.local/lib/python3.12/site-packages/airflow/example_dags/example_bash_operator.py
[2025-03-26T15:08:38.805+0000] {processor.py:925} INFO - DAG(s) 'example_bash_operator' retrieved from /home/airflow/.local/lib/python3.12/site-packages/airflow/example_dags/example_bash_operator.py
[2025-03-26T15:08:38.868+0000] {logging_mixin.py:190} INFO - [2025-03-26T15:08:38.868+0000] {dag.py:3239} INFO - Sync 1 DAGs
[2025-03-26T15:08:38.919+0000] {logging_mixin.py:190} INFO - [2025-03-26T15:08:38.919+0000] {dag.py:4180} INFO - Setting next_dagrun for example_bash_operator to 2025-03-25 00:00:00+00:00, run_after=2025-03-26 00:00:00+00:00
[2025-03-26T15:08:38.947+0000] {processor.py:208} INFO - Processing /home/airflow/.local/lib/python3.12/site-packages/airflow/example_dags/example_bash_operator.py took 0.210 seconds
[2025-03-26T15:09:09.473+0000] {processor.py:186} INFO - Started process (PID=8943) to work on /home/airflow/.local/lib/python3.12/site-packages/airflow/example_dags/example_bash_operator.py
[2025-03-26T15:09:09.474+0000] {processor.py:914} INFO - Processing file /home/airflow/.local/lib/python3.12/site-packages/airflow/example_dags/example_bash_operator.py for tasks to queue
[2025-03-26T15:09:09.475+0000] {logging_mixin.py:190} INFO - [2025-03-26T15:09:09.475+0000] {dagbag.py:588} INFO - Filling up the DagBag from /home/airflow/.local/lib/python3.12/site-packages/airflow/example_dags/example_bash_operator.py
[2025-03-26T15:09:09.482+0000] {processor.py:925} INFO - DAG(s) 'example_bash_operator' retrieved from /home/airflow/.local/lib/python3.12/site-packages/airflow/example_dags/example_bash_operator.py
[2025-03-26T15:09:09.501+0000] {logging_mixin.py:190} INFO - [2025-03-26T15:09:09.500+0000] {dag.py:3239} INFO - Sync 1 DAGs
[2025-03-26T15:09:09.522+0000] {logging_mixin.py:190} INFO - [2025-03-26T15:09:09.522+0000] {dag.py:4180} INFO - Setting next_dagrun for example_bash_operator to 2025-03-25 00:00:00+00:00, run_after=2025-03-26 00:00:00+00:00
[2025-03-26T15:09:09.540+0000] {processor.py:208} INFO - Processing /home/airflow/.local/lib/python3.12/site-packages/airflow/example_dags/example_bash_operator.py took 0.070 seconds
[2025-03-26T15:09:40.382+0000] {processor.py:186} INFO - Started process (PID=9005) to work on /home/airflow/.local/lib/python3.12/site-packages/airflow/example_dags/example_bash_operator.py
[2025-03-26T15:09:40.386+0000] {processor.py:914} INFO - Processing file /home/airflow/.local/lib/python3.12/site-packages/airflow/example_dags/example_bash_operator.py for tasks to queue
[2025-03-26T15:09:40.395+0000] {logging_mixin.py:190} INFO - [2025-03-26T15:09:40.394+0000] {dagbag.py:588} INFO - Filling up the DagBag from /home/airflow/.local/lib/python3.12/site-packages/airflow/example_dags/example_bash_operator.py
[2025-03-26T15:09:40.423+0000] {processor.py:925} INFO - DAG(s) 'example_bash_operator' retrieved from /home/airflow/.local/lib/python3.12/site-packages/airflow/example_dags/example_bash_operator.py
[2025-03-26T15:09:40.442+0000] {logging_mixin.py:190} INFO - [2025-03-26T15:09:40.442+0000] {dag.py:3239} INFO - Sync 1 DAGs
[2025-03-26T15:09:40.456+0000] {logging_mixin.py:190} INFO - [2025-03-26T15:09:40.456+0000] {dag.py:4180} INFO - Setting next_dagrun for example_bash_operator to 2025-03-25 00:00:00+00:00, run_after=2025-03-26 00:00:00+00:00
[2025-03-26T15:09:40.465+0000] {processor.py:208} INFO - Processing /home/airflow/.local/lib/python3.12/site-packages/airflow/example_dags/example_bash_operator.py took 0.093 seconds
[2025-03-26T15:10:10.764+0000] {processor.py:186} INFO - Started process (PID=9067) to work on /home/airflow/.local/lib/python3.12/site-packages/airflow/example_dags/example_bash_operator.py
[2025-03-26T15:10:10.765+0000] {processor.py:914} INFO - Processing file /home/airflow/.local/lib/python3.12/site-packages/airflow/example_dags/example_bash_operator.py for tasks to queue
[2025-03-26T15:10:10.768+0000] {logging_mixin.py:190} INFO - [2025-03-26T15:10:10.767+0000] {dagbag.py:588} INFO - Filling up the DagBag from /home/airflow/.local/lib/python3.12/site-packages/airflow/example_dags/example_bash_operator.py
[2025-03-26T15:10:10.776+0000] {processor.py:925} INFO - DAG(s) 'example_bash_operator' retrieved from /home/airflow/.local/lib/python3.12/site-packages/airflow/example_dags/example_bash_operator.py
[2025-03-26T15:10:10.793+0000] {logging_mixin.py:190} INFO - [2025-03-26T15:10:10.793+0000] {dag.py:3239} INFO - Sync 1 DAGs
[2025-03-26T15:10:10.810+0000] {logging_mixin.py:190} INFO - [2025-03-26T15:10:10.810+0000] {dag.py:4180} INFO - Setting next_dagrun for example_bash_operator to 2025-03-25 00:00:00+00:00, run_after=2025-03-26 00:00:00+00:00
[2025-03-26T15:10:10.825+0000] {processor.py:208} INFO - Processing /home/airflow/.local/lib/python3.12/site-packages/airflow/example_dags/example_bash_operator.py took 0.073 seconds
[2025-03-26T15:10:41.782+0000] {processor.py:186} INFO - Started process (PID=9129) to work on /home/airflow/.local/lib/python3.12/site-packages/airflow/example_dags/example_bash_operator.py
[2025-03-26T15:10:41.782+0000] {processor.py:914} INFO - Processing file /home/airflow/.local/lib/python3.12/site-packages/airflow/example_dags/example_bash_operator.py for tasks to queue
[2025-03-26T15:10:41.784+0000] {logging_mixin.py:190} INFO - [2025-03-26T15:10:41.784+0000] {dagbag.py:588} INFO - Filling up the DagBag from /home/airflow/.local/lib/python3.12/site-packages/airflow/example_dags/example_bash_operator.py
[2025-03-26T15:10:41.793+0000] {processor.py:925} INFO - DAG(s) 'example_bash_operator' retrieved from /home/airflow/.local/lib/python3.12/site-packages/airflow/example_dags/example_bash_operator.py
[2025-03-26T15:10:41.812+0000] {logging_mixin.py:190} INFO - [2025-03-26T15:10:41.812+0000] {dag.py:3239} INFO - Sync 1 DAGs
[2025-03-26T15:10:41.827+0000] {logging_mixin.py:190} INFO - [2025-03-26T15:10:41.827+0000] {dag.py:4180} INFO - Setting next_dagrun for example_bash_operator to 2025-03-25 00:00:00+00:00, run_after=2025-03-26 00:00:00+00:00
[2025-03-26T15:10:41.837+0000] {processor.py:208} INFO - Processing /home/airflow/.local/lib/python3.12/site-packages/airflow/example_dags/example_bash_operator.py took 0.059 seconds
[2025-03-26T15:11:12.412+0000] {processor.py:186} INFO - Started process (PID=9191) to work on /home/airflow/.local/lib/python3.12/site-packages/airflow/example_dags/example_bash_operator.py
[2025-03-26T15:11:12.413+0000] {processor.py:914} INFO - Processing file /home/airflow/.local/lib/python3.12/site-packages/airflow/example_dags/example_bash_operator.py for tasks to queue
[2025-03-26T15:11:12.414+0000] {logging_mixin.py:190} INFO - [2025-03-26T15:11:12.414+0000] {dagbag.py:588} INFO - Filling up the DagBag from /home/airflow/.local/lib/python3.12/site-packages/airflow/example_dags/example_bash_operator.py
[2025-03-26T15:11:12.421+0000] {processor.py:925} INFO - DAG(s) 'example_bash_operator' retrieved from /home/airflow/.local/lib/python3.12/site-packages/airflow/example_dags/example_bash_operator.py
[2025-03-26T15:11:12.441+0000] {logging_mixin.py:190} INFO - [2025-03-26T15:11:12.441+0000] {dag.py:3239} INFO - Sync 1 DAGs
[2025-03-26T15:11:12.456+0000] {logging_mixin.py:190} INFO - [2025-03-26T15:11:12.456+0000] {dag.py:4180} INFO - Setting next_dagrun for example_bash_operator to 2025-03-25 00:00:00+00:00, run_after=2025-03-26 00:00:00+00:00
[2025-03-26T15:11:12.468+0000] {processor.py:208} INFO - Processing /home/airflow/.local/lib/python3.12/site-packages/airflow/example_dags/example_bash_operator.py took 0.059 seconds
[2025-03-26T15:11:42.995+0000] {processor.py:186} INFO - Started process (PID=9253) to work on /home/airflow/.local/lib/python3.12/site-packages/airflow/example_dags/example_bash_operator.py
[2025-03-26T15:11:42.996+0000] {processor.py:914} INFO - Processing file /home/airflow/.local/lib/python3.12/site-packages/airflow/example_dags/example_bash_operator.py for tasks to queue
[2025-03-26T15:11:42.999+0000] {logging_mixin.py:190} INFO - [2025-03-26T15:11:42.998+0000] {dagbag.py:588} INFO - Filling up the DagBag from /home/airflow/.local/lib/python3.12/site-packages/airflow/example_dags/example_bash_operator.py
[2025-03-26T15:11:43.007+0000] {processor.py:925} INFO - DAG(s) 'example_bash_operator' retrieved from /home/airflow/.local/lib/python3.12/site-packages/airflow/example_dags/example_bash_operator.py
[2025-03-26T15:11:43.026+0000] {logging_mixin.py:190} INFO - [2025-03-26T15:11:43.026+0000] {dag.py:3239} INFO - Sync 1 DAGs
[2025-03-26T15:11:43.039+0000] {logging_mixin.py:190} INFO - [2025-03-26T15:11:43.039+0000] {dag.py:4180} INFO - Setting next_dagrun for example_bash_operator to 2025-03-25 00:00:00+00:00, run_after=2025-03-26 00:00:00+00:00
[2025-03-26T15:11:43.052+0000] {processor.py:208} INFO - Processing /home/airflow/.local/lib/python3.12/site-packages/airflow/example_dags/example_bash_operator.py took 0.060 seconds
[2025-03-26T15:12:13.490+0000] {processor.py:186} INFO - Started process (PID=9315) to work on /home/airflow/.local/lib/python3.12/site-packages/airflow/example_dags/example_bash_operator.py
[2025-03-26T15:12:13.492+0000] {processor.py:914} INFO - Processing file /home/airflow/.local/lib/python3.12/site-packages/airflow/example_dags/example_bash_operator.py for tasks to queue
[2025-03-26T15:12:13.493+0000] {logging_mixin.py:190} INFO - [2025-03-26T15:12:13.493+0000] {dagbag.py:588} INFO - Filling up the DagBag from /home/airflow/.local/lib/python3.12/site-packages/airflow/example_dags/example_bash_operator.py
[2025-03-26T15:12:13.501+0000] {processor.py:925} INFO - DAG(s) 'example_bash_operator' retrieved from /home/airflow/.local/lib/python3.12/site-packages/airflow/example_dags/example_bash_operator.py
[2025-03-26T15:12:13.516+0000] {logging_mixin.py:190} INFO - [2025-03-26T15:12:13.516+0000] {dag.py:3239} INFO - Sync 1 DAGs
[2025-03-26T15:12:13.532+0000] {logging_mixin.py:190} INFO - [2025-03-26T15:12:13.532+0000] {dag.py:4180} INFO - Setting next_dagrun for example_bash_operator to 2025-03-25 00:00:00+00:00, run_after=2025-03-26 00:00:00+00:00
[2025-03-26T15:12:13.546+0000] {processor.py:208} INFO - Processing /home/airflow/.local/lib/python3.12/site-packages/airflow/example_dags/example_bash_operator.py took 0.059 seconds
[2025-03-26T15:12:44.153+0000] {processor.py:186} INFO - Started process (PID=9377) to work on /home/airflow/.local/lib/python3.12/site-packages/airflow/example_dags/example_bash_operator.py
[2025-03-26T15:12:44.154+0000] {processor.py:914} INFO - Processing file /home/airflow/.local/lib/python3.12/site-packages/airflow/example_dags/example_bash_operator.py for tasks to queue
[2025-03-26T15:12:44.156+0000] {logging_mixin.py:190} INFO - [2025-03-26T15:12:44.155+0000] {dagbag.py:588} INFO - Filling up the DagBag from /home/airflow/.local/lib/python3.12/site-packages/airflow/example_dags/example_bash_operator.py
[2025-03-26T15:12:44.165+0000] {processor.py:925} INFO - DAG(s) 'example_bash_operator' retrieved from /home/airflow/.local/lib/python3.12/site-packages/airflow/example_dags/example_bash_operator.py
[2025-03-26T15:12:44.183+0000] {logging_mixin.py:190} INFO - [2025-03-26T15:12:44.183+0000] {dag.py:3239} INFO - Sync 1 DAGs
[2025-03-26T15:12:44.198+0000] {logging_mixin.py:190} INFO - [2025-03-26T15:12:44.198+0000] {dag.py:4180} INFO - Setting next_dagrun for example_bash_operator to 2025-03-25 00:00:00+00:00, run_after=2025-03-26 00:00:00+00:00
[2025-03-26T15:12:44.213+0000] {processor.py:208} INFO - Processing /home/airflow/.local/lib/python3.12/site-packages/airflow/example_dags/example_bash_operator.py took 0.064 seconds
[2025-03-26T15:13:14.875+0000] {processor.py:186} INFO - Started process (PID=9439) to work on /home/airflow/.local/lib/python3.12/site-packages/airflow/example_dags/example_bash_operator.py
[2025-03-26T15:13:14.877+0000] {processor.py:914} INFO - Processing file /home/airflow/.local/lib/python3.12/site-packages/airflow/example_dags/example_bash_operator.py for tasks to queue
[2025-03-26T15:13:14.879+0000] {logging_mixin.py:190} INFO - [2025-03-26T15:13:14.879+0000] {dagbag.py:588} INFO - Filling up the DagBag from /home/airflow/.local/lib/python3.12/site-packages/airflow/example_dags/example_bash_operator.py
[2025-03-26T15:13:14.886+0000] {processor.py:925} INFO - DAG(s) 'example_bash_operator' retrieved from /home/airflow/.local/lib/python3.12/site-packages/airflow/example_dags/example_bash_operator.py
[2025-03-26T15:13:14.902+0000] {logging_mixin.py:190} INFO - [2025-03-26T15:13:14.902+0000] {dag.py:3239} INFO - Sync 1 DAGs
[2025-03-26T15:13:14.917+0000] {logging_mixin.py:190} INFO - [2025-03-26T15:13:14.917+0000] {dag.py:4180} INFO - Setting next_dagrun for example_bash_operator to 2025-03-25 00:00:00+00:00, run_after=2025-03-26 00:00:00+00:00
[2025-03-26T15:13:14.929+0000] {processor.py:208} INFO - Processing /home/airflow/.local/lib/python3.12/site-packages/airflow/example_dags/example_bash_operator.py took 0.059 seconds
[2025-03-26T15:13:45.720+0000] {processor.py:186} INFO - Started process (PID=9501) to work on /home/airflow/.local/lib/python3.12/site-packages/airflow/example_dags/example_bash_operator.py
[2025-03-26T15:13:45.721+0000] {processor.py:914} INFO - Processing file /home/airflow/.local/lib/python3.12/site-packages/airflow/example_dags/example_bash_operator.py for tasks to queue
[2025-03-26T15:13:45.723+0000] {logging_mixin.py:190} INFO - [2025-03-26T15:13:45.723+0000] {dagbag.py:588} INFO - Filling up the DagBag from /home/airflow/.local/lib/python3.12/site-packages/airflow/example_dags/example_bash_operator.py
[2025-03-26T15:13:45.732+0000] {processor.py:925} INFO - DAG(s) 'example_bash_operator' retrieved from /home/airflow/.local/lib/python3.12/site-packages/airflow/example_dags/example_bash_operator.py
[2025-03-26T15:13:45.747+0000] {logging_mixin.py:190} INFO - [2025-03-26T15:13:45.747+0000] {dag.py:3239} INFO - Sync 1 DAGs
[2025-03-26T15:13:45.760+0000] {logging_mixin.py:190} INFO - [2025-03-26T15:13:45.760+0000] {dag.py:4180} INFO - Setting next_dagrun for example_bash_operator to 2025-03-25 00:00:00+00:00, run_after=2025-03-26 00:00:00+00:00
[2025-03-26T15:13:45.771+0000] {processor.py:208} INFO - Processing /home/airflow/.local/lib/python3.12/site-packages/airflow/example_dags/example_bash_operator.py took 0.055 seconds
[2025-03-26T15:14:19.170+0000] {processor.py:186} INFO - Started process (PID=9563) to work on /home/airflow/.local/lib/python3.12/site-packages/airflow/example_dags/example_bash_operator.py
[2025-03-26T15:14:19.175+0000] {processor.py:914} INFO - Processing file /home/airflow/.local/lib/python3.12/site-packages/airflow/example_dags/example_bash_operator.py for tasks to queue
[2025-03-26T15:14:19.177+0000] {logging_mixin.py:190} INFO - [2025-03-26T15:14:19.176+0000] {dagbag.py:588} INFO - Filling up the DagBag from /home/airflow/.local/lib/python3.12/site-packages/airflow/example_dags/example_bash_operator.py
[2025-03-26T15:14:19.194+0000] {processor.py:925} INFO - DAG(s) 'example_bash_operator' retrieved from /home/airflow/.local/lib/python3.12/site-packages/airflow/example_dags/example_bash_operator.py
[2025-03-26T15:14:19.221+0000] {logging_mixin.py:190} INFO - [2025-03-26T15:14:19.221+0000] {dag.py:3239} INFO - Sync 1 DAGs
[2025-03-26T15:14:19.254+0000] {logging_mixin.py:190} INFO - [2025-03-26T15:14:19.254+0000] {dag.py:4180} INFO - Setting next_dagrun for example_bash_operator to 2025-03-25 00:00:00+00:00, run_after=2025-03-26 00:00:00+00:00
[2025-03-26T15:14:19.278+0000] {processor.py:208} INFO - Processing /home/airflow/.local/lib/python3.12/site-packages/airflow/example_dags/example_bash_operator.py took 0.116 seconds
[2025-03-26T15:25:22.516+0000] {processor.py:186} INFO - Started process (PID=9619) to work on /home/airflow/.local/lib/python3.12/site-packages/airflow/example_dags/example_bash_operator.py
[2025-03-26T15:25:22.526+0000] {processor.py:914} INFO - Processing file /home/airflow/.local/lib/python3.12/site-packages/airflow/example_dags/example_bash_operator.py for tasks to queue
[2025-03-26T15:25:22.528+0000] {logging_mixin.py:190} INFO - [2025-03-26T15:25:22.527+0000] {dagbag.py:588} INFO - Filling up the DagBag from /home/airflow/.local/lib/python3.12/site-packages/airflow/example_dags/example_bash_operator.py
[2025-03-26T15:25:22.535+0000] {processor.py:925} INFO - DAG(s) 'example_bash_operator' retrieved from /home/airflow/.local/lib/python3.12/site-packages/airflow/example_dags/example_bash_operator.py
[2025-03-26T15:25:22.547+0000] {logging_mixin.py:190} INFO - [2025-03-26T15:25:22.547+0000] {dag.py:3239} INFO - Sync 1 DAGs
[2025-03-26T15:25:22.558+0000] {logging_mixin.py:190} INFO - [2025-03-26T15:25:22.558+0000] {dag.py:4180} INFO - Setting next_dagrun for example_bash_operator to 2025-03-25 00:00:00+00:00, run_after=2025-03-26 00:00:00+00:00
[2025-03-26T15:25:22.566+0000] {processor.py:208} INFO - Processing /home/airflow/.local/lib/python3.12/site-packages/airflow/example_dags/example_bash_operator.py took 0.053 seconds
[2025-03-26T15:25:52.850+0000] {processor.py:186} INFO - Started process (PID=9681) to work on /home/airflow/.local/lib/python3.12/site-packages/airflow/example_dags/example_bash_operator.py
[2025-03-26T15:25:52.851+0000] {processor.py:914} INFO - Processing file /home/airflow/.local/lib/python3.12/site-packages/airflow/example_dags/example_bash_operator.py for tasks to queue
[2025-03-26T15:25:52.852+0000] {logging_mixin.py:190} INFO - [2025-03-26T15:25:52.852+0000] {dagbag.py:588} INFO - Filling up the DagBag from /home/airflow/.local/lib/python3.12/site-packages/airflow/example_dags/example_bash_operator.py
[2025-03-26T15:25:52.858+0000] {processor.py:925} INFO - DAG(s) 'example_bash_operator' retrieved from /home/airflow/.local/lib/python3.12/site-packages/airflow/example_dags/example_bash_operator.py
[2025-03-26T15:25:52.870+0000] {logging_mixin.py:190} INFO - [2025-03-26T15:25:52.869+0000] {dag.py:3239} INFO - Sync 1 DAGs
[2025-03-26T15:25:52.881+0000] {logging_mixin.py:190} INFO - [2025-03-26T15:25:52.881+0000] {dag.py:4180} INFO - Setting next_dagrun for example_bash_operator to 2025-03-25 00:00:00+00:00, run_after=2025-03-26 00:00:00+00:00
[2025-03-26T15:25:52.889+0000] {processor.py:208} INFO - Processing /home/airflow/.local/lib/python3.12/site-packages/airflow/example_dags/example_bash_operator.py took 0.041 seconds
[2025-03-26T15:26:23.842+0000] {processor.py:186} INFO - Started process (PID=9743) to work on /home/airflow/.local/lib/python3.12/site-packages/airflow/example_dags/example_bash_operator.py
[2025-03-26T15:26:23.843+0000] {processor.py:914} INFO - Processing file /home/airflow/.local/lib/python3.12/site-packages/airflow/example_dags/example_bash_operator.py for tasks to queue
[2025-03-26T15:26:23.845+0000] {logging_mixin.py:190} INFO - [2025-03-26T15:26:23.844+0000] {dagbag.py:588} INFO - Filling up the DagBag from /home/airflow/.local/lib/python3.12/site-packages/airflow/example_dags/example_bash_operator.py
[2025-03-26T15:26:23.853+0000] {processor.py:925} INFO - DAG(s) 'example_bash_operator' retrieved from /home/airflow/.local/lib/python3.12/site-packages/airflow/example_dags/example_bash_operator.py
[2025-03-26T15:26:23.874+0000] {logging_mixin.py:190} INFO - [2025-03-26T15:26:23.873+0000] {dag.py:3239} INFO - Sync 1 DAGs
[2025-03-26T15:26:23.897+0000] {logging_mixin.py:190} INFO - [2025-03-26T15:26:23.897+0000] {dag.py:4180} INFO - Setting next_dagrun for example_bash_operator to 2025-03-25 00:00:00+00:00, run_after=2025-03-26 00:00:00+00:00
[2025-03-26T15:26:23.916+0000] {processor.py:208} INFO - Processing /home/airflow/.local/lib/python3.12/site-packages/airflow/example_dags/example_bash_operator.py took 0.082 seconds
[2025-03-26T15:26:54.474+0000] {processor.py:186} INFO - Started process (PID=9811) to work on /home/airflow/.local/lib/python3.12/site-packages/airflow/example_dags/example_bash_operator.py
[2025-03-26T15:26:54.477+0000] {processor.py:914} INFO - Processing file /home/airflow/.local/lib/python3.12/site-packages/airflow/example_dags/example_bash_operator.py for tasks to queue
[2025-03-26T15:26:54.479+0000] {logging_mixin.py:190} INFO - [2025-03-26T15:26:54.478+0000] {dagbag.py:588} INFO - Filling up the DagBag from /home/airflow/.local/lib/python3.12/site-packages/airflow/example_dags/example_bash_operator.py
[2025-03-26T15:26:54.485+0000] {processor.py:925} INFO - DAG(s) 'example_bash_operator' retrieved from /home/airflow/.local/lib/python3.12/site-packages/airflow/example_dags/example_bash_operator.py
[2025-03-26T15:26:54.502+0000] {logging_mixin.py:190} INFO - [2025-03-26T15:26:54.502+0000] {dag.py:3239} INFO - Sync 1 DAGs
[2025-03-26T15:26:54.517+0000] {logging_mixin.py:190} INFO - [2025-03-26T15:26:54.516+0000] {dag.py:4180} INFO - Setting next_dagrun for example_bash_operator to 2025-03-25 00:00:00+00:00, run_after=2025-03-26 00:00:00+00:00
[2025-03-26T15:26:54.556+0000] {processor.py:208} INFO - Processing /home/airflow/.local/lib/python3.12/site-packages/airflow/example_dags/example_bash_operator.py took 0.085 seconds
[2025-03-26T15:27:26.379+0000] {processor.py:186} INFO - Started process (PID=9873) to work on /home/airflow/.local/lib/python3.12/site-packages/airflow/example_dags/example_bash_operator.py
[2025-03-26T15:27:26.381+0000] {processor.py:914} INFO - Processing file /home/airflow/.local/lib/python3.12/site-packages/airflow/example_dags/example_bash_operator.py for tasks to queue
[2025-03-26T15:27:26.384+0000] {logging_mixin.py:190} INFO - [2025-03-26T15:27:26.384+0000] {dagbag.py:588} INFO - Filling up the DagBag from /home/airflow/.local/lib/python3.12/site-packages/airflow/example_dags/example_bash_operator.py
[2025-03-26T15:27:26.395+0000] {processor.py:925} INFO - DAG(s) 'example_bash_operator' retrieved from /home/airflow/.local/lib/python3.12/site-packages/airflow/example_dags/example_bash_operator.py
[2025-03-26T15:27:26.410+0000] {logging_mixin.py:190} INFO - [2025-03-26T15:27:26.410+0000] {dag.py:3239} INFO - Sync 1 DAGs
[2025-03-26T15:27:26.424+0000] {logging_mixin.py:190} INFO - [2025-03-26T15:27:26.424+0000] {dag.py:4180} INFO - Setting next_dagrun for example_bash_operator to 2025-03-25 00:00:00+00:00, run_after=2025-03-26 00:00:00+00:00
[2025-03-26T15:27:26.437+0000] {processor.py:208} INFO - Processing /home/airflow/.local/lib/python3.12/site-packages/airflow/example_dags/example_bash_operator.py took 0.064 seconds
[2025-03-26T15:27:57.395+0000] {processor.py:186} INFO - Started process (PID=9935) to work on /home/airflow/.local/lib/python3.12/site-packages/airflow/example_dags/example_bash_operator.py
[2025-03-26T15:27:57.396+0000] {processor.py:914} INFO - Processing file /home/airflow/.local/lib/python3.12/site-packages/airflow/example_dags/example_bash_operator.py for tasks to queue
[2025-03-26T15:27:57.397+0000] {logging_mixin.py:190} INFO - [2025-03-26T15:27:57.397+0000] {dagbag.py:588} INFO - Filling up the DagBag from /home/airflow/.local/lib/python3.12/site-packages/airflow/example_dags/example_bash_operator.py
[2025-03-26T15:27:57.405+0000] {processor.py:925} INFO - DAG(s) 'example_bash_operator' retrieved from /home/airflow/.local/lib/python3.12/site-packages/airflow/example_dags/example_bash_operator.py
[2025-03-26T15:27:57.420+0000] {logging_mixin.py:190} INFO - [2025-03-26T15:27:57.420+0000] {dag.py:3239} INFO - Sync 1 DAGs
[2025-03-26T15:27:57.433+0000] {logging_mixin.py:190} INFO - [2025-03-26T15:27:57.433+0000] {dag.py:4180} INFO - Setting next_dagrun for example_bash_operator to 2025-03-25 00:00:00+00:00, run_after=2025-03-26 00:00:00+00:00
[2025-03-26T15:27:57.448+0000] {processor.py:208} INFO - Processing /home/airflow/.local/lib/python3.12/site-packages/airflow/example_dags/example_bash_operator.py took 0.057 seconds
[2025-03-26T15:28:28.409+0000] {processor.py:186} INFO - Started process (PID=9997) to work on /home/airflow/.local/lib/python3.12/site-packages/airflow/example_dags/example_bash_operator.py
[2025-03-26T15:28:28.410+0000] {processor.py:914} INFO - Processing file /home/airflow/.local/lib/python3.12/site-packages/airflow/example_dags/example_bash_operator.py for tasks to queue
[2025-03-26T15:28:28.412+0000] {logging_mixin.py:190} INFO - [2025-03-26T15:28:28.411+0000] {dagbag.py:588} INFO - Filling up the DagBag from /home/airflow/.local/lib/python3.12/site-packages/airflow/example_dags/example_bash_operator.py
[2025-03-26T15:28:28.419+0000] {processor.py:925} INFO - DAG(s) 'example_bash_operator' retrieved from /home/airflow/.local/lib/python3.12/site-packages/airflow/example_dags/example_bash_operator.py
[2025-03-26T15:28:28.434+0000] {logging_mixin.py:190} INFO - [2025-03-26T15:28:28.434+0000] {dag.py:3239} INFO - Sync 1 DAGs
[2025-03-26T15:28:28.447+0000] {logging_mixin.py:190} INFO - [2025-03-26T15:28:28.447+0000] {dag.py:4180} INFO - Setting next_dagrun for example_bash_operator to 2025-03-25 00:00:00+00:00, run_after=2025-03-26 00:00:00+00:00
[2025-03-26T15:28:28.459+0000] {processor.py:208} INFO - Processing /home/airflow/.local/lib/python3.12/site-packages/airflow/example_dags/example_bash_operator.py took 0.054 seconds
[2025-03-26T15:28:58.634+0000] {processor.py:186} INFO - Started process (PID=10059) to work on /home/airflow/.local/lib/python3.12/site-packages/airflow/example_dags/example_bash_operator.py
[2025-03-26T15:28:58.636+0000] {processor.py:914} INFO - Processing file /home/airflow/.local/lib/python3.12/site-packages/airflow/example_dags/example_bash_operator.py for tasks to queue
[2025-03-26T15:28:58.639+0000] {logging_mixin.py:190} INFO - [2025-03-26T15:28:58.639+0000] {dagbag.py:588} INFO - Filling up the DagBag from /home/airflow/.local/lib/python3.12/site-packages/airflow/example_dags/example_bash_operator.py
[2025-03-26T15:28:58.651+0000] {processor.py:925} INFO - DAG(s) 'example_bash_operator' retrieved from /home/airflow/.local/lib/python3.12/site-packages/airflow/example_dags/example_bash_operator.py
[2025-03-26T15:28:58.670+0000] {logging_mixin.py:190} INFO - [2025-03-26T15:28:58.670+0000] {dag.py:3239} INFO - Sync 1 DAGs
[2025-03-26T15:28:58.689+0000] {logging_mixin.py:190} INFO - [2025-03-26T15:28:58.689+0000] {dag.py:4180} INFO - Setting next_dagrun for example_bash_operator to 2025-03-25 00:00:00+00:00, run_after=2025-03-26 00:00:00+00:00
[2025-03-26T15:28:58.702+0000] {processor.py:208} INFO - Processing /home/airflow/.local/lib/python3.12/site-packages/airflow/example_dags/example_bash_operator.py took 0.073 seconds
[2025-03-26T15:29:29.566+0000] {processor.py:186} INFO - Started process (PID=10121) to work on /home/airflow/.local/lib/python3.12/site-packages/airflow/example_dags/example_bash_operator.py
[2025-03-26T15:29:29.567+0000] {processor.py:914} INFO - Processing file /home/airflow/.local/lib/python3.12/site-packages/airflow/example_dags/example_bash_operator.py for tasks to queue
[2025-03-26T15:29:29.570+0000] {logging_mixin.py:190} INFO - [2025-03-26T15:29:29.570+0000] {dagbag.py:588} INFO - Filling up the DagBag from /home/airflow/.local/lib/python3.12/site-packages/airflow/example_dags/example_bash_operator.py
[2025-03-26T15:29:29.582+0000] {processor.py:925} INFO - DAG(s) 'example_bash_operator' retrieved from /home/airflow/.local/lib/python3.12/site-packages/airflow/example_dags/example_bash_operator.py
[2025-03-26T15:29:29.599+0000] {logging_mixin.py:190} INFO - [2025-03-26T15:29:29.599+0000] {dag.py:3239} INFO - Sync 1 DAGs
[2025-03-26T15:29:29.614+0000] {logging_mixin.py:190} INFO - [2025-03-26T15:29:29.614+0000] {dag.py:4180} INFO - Setting next_dagrun for example_bash_operator to 2025-03-25 00:00:00+00:00, run_after=2025-03-26 00:00:00+00:00
[2025-03-26T15:29:29.630+0000] {processor.py:208} INFO - Processing /home/airflow/.local/lib/python3.12/site-packages/airflow/example_dags/example_bash_operator.py took 0.069 seconds
[2025-03-26T15:29:59.959+0000] {processor.py:186} INFO - Started process (PID=10183) to work on /home/airflow/.local/lib/python3.12/site-packages/airflow/example_dags/example_bash_operator.py
[2025-03-26T15:29:59.962+0000] {processor.py:914} INFO - Processing file /home/airflow/.local/lib/python3.12/site-packages/airflow/example_dags/example_bash_operator.py for tasks to queue
[2025-03-26T15:29:59.964+0000] {logging_mixin.py:190} INFO - [2025-03-26T15:29:59.963+0000] {dagbag.py:588} INFO - Filling up the DagBag from /home/airflow/.local/lib/python3.12/site-packages/airflow/example_dags/example_bash_operator.py
[2025-03-26T15:29:59.974+0000] {processor.py:925} INFO - DAG(s) 'example_bash_operator' retrieved from /home/airflow/.local/lib/python3.12/site-packages/airflow/example_dags/example_bash_operator.py
[2025-03-26T15:29:59.993+0000] {logging_mixin.py:190} INFO - [2025-03-26T15:29:59.993+0000] {dag.py:3239} INFO - Sync 1 DAGs
[2025-03-26T15:30:00.008+0000] {logging_mixin.py:190} INFO - [2025-03-26T15:30:00.008+0000] {dag.py:4180} INFO - Setting next_dagrun for example_bash_operator to 2025-03-25 00:00:00+00:00, run_after=2025-03-26 00:00:00+00:00
[2025-03-26T15:30:00.019+0000] {processor.py:208} INFO - Processing /home/airflow/.local/lib/python3.12/site-packages/airflow/example_dags/example_bash_operator.py took 0.065 seconds
[2025-03-26T15:30:30.991+0000] {processor.py:186} INFO - Started process (PID=10245) to work on /home/airflow/.local/lib/python3.12/site-packages/airflow/example_dags/example_bash_operator.py
[2025-03-26T15:30:30.994+0000] {processor.py:914} INFO - Processing file /home/airflow/.local/lib/python3.12/site-packages/airflow/example_dags/example_bash_operator.py for tasks to queue
[2025-03-26T15:30:30.996+0000] {logging_mixin.py:190} INFO - [2025-03-26T15:30:30.995+0000] {dagbag.py:588} INFO - Filling up the DagBag from /home/airflow/.local/lib/python3.12/site-packages/airflow/example_dags/example_bash_operator.py
[2025-03-26T15:30:31.004+0000] {processor.py:925} INFO - DAG(s) 'example_bash_operator' retrieved from /home/airflow/.local/lib/python3.12/site-packages/airflow/example_dags/example_bash_operator.py
[2025-03-26T15:30:31.026+0000] {logging_mixin.py:190} INFO - [2025-03-26T15:30:31.026+0000] {dag.py:3239} INFO - Sync 1 DAGs
[2025-03-26T15:30:31.043+0000] {logging_mixin.py:190} INFO - [2025-03-26T15:30:31.042+0000] {dag.py:4180} INFO - Setting next_dagrun for example_bash_operator to 2025-03-25 00:00:00+00:00, run_after=2025-03-26 00:00:00+00:00
[2025-03-26T15:30:31.067+0000] {processor.py:208} INFO - Processing /home/airflow/.local/lib/python3.12/site-packages/airflow/example_dags/example_bash_operator.py took 0.079 seconds
[2025-03-26T15:31:01.761+0000] {processor.py:186} INFO - Started process (PID=10306) to work on /home/airflow/.local/lib/python3.12/site-packages/airflow/example_dags/example_bash_operator.py
[2025-03-26T15:31:01.763+0000] {processor.py:914} INFO - Processing file /home/airflow/.local/lib/python3.12/site-packages/airflow/example_dags/example_bash_operator.py for tasks to queue
[2025-03-26T15:31:01.766+0000] {logging_mixin.py:190} INFO - [2025-03-26T15:31:01.766+0000] {dagbag.py:588} INFO - Filling up the DagBag from /home/airflow/.local/lib/python3.12/site-packages/airflow/example_dags/example_bash_operator.py
[2025-03-26T15:31:01.782+0000] {processor.py:925} INFO - DAG(s) 'example_bash_operator' retrieved from /home/airflow/.local/lib/python3.12/site-packages/airflow/example_dags/example_bash_operator.py
[2025-03-26T15:31:01.803+0000] {logging_mixin.py:190} INFO - [2025-03-26T15:31:01.803+0000] {dag.py:3239} INFO - Sync 1 DAGs
[2025-03-26T15:31:01.822+0000] {logging_mixin.py:190} INFO - [2025-03-26T15:31:01.822+0000] {dag.py:4180} INFO - Setting next_dagrun for example_bash_operator to 2025-03-25 00:00:00+00:00, run_after=2025-03-26 00:00:00+00:00
[2025-03-26T15:31:01.835+0000] {processor.py:208} INFO - Processing /home/airflow/.local/lib/python3.12/site-packages/airflow/example_dags/example_bash_operator.py took 0.082 seconds
[2025-03-26T15:31:32.221+0000] {processor.py:186} INFO - Started process (PID=10368) to work on /home/airflow/.local/lib/python3.12/site-packages/airflow/example_dags/example_bash_operator.py
[2025-03-26T15:31:32.222+0000] {processor.py:914} INFO - Processing file /home/airflow/.local/lib/python3.12/site-packages/airflow/example_dags/example_bash_operator.py for tasks to queue
[2025-03-26T15:31:32.225+0000] {logging_mixin.py:190} INFO - [2025-03-26T15:31:32.225+0000] {dagbag.py:588} INFO - Filling up the DagBag from /home/airflow/.local/lib/python3.12/site-packages/airflow/example_dags/example_bash_operator.py
[2025-03-26T15:31:32.239+0000] {processor.py:925} INFO - DAG(s) 'example_bash_operator' retrieved from /home/airflow/.local/lib/python3.12/site-packages/airflow/example_dags/example_bash_operator.py
[2025-03-26T15:31:32.259+0000] {logging_mixin.py:190} INFO - [2025-03-26T15:31:32.259+0000] {dag.py:3239} INFO - Sync 1 DAGs
[2025-03-26T15:31:32.274+0000] {logging_mixin.py:190} INFO - [2025-03-26T15:31:32.274+0000] {dag.py:4180} INFO - Setting next_dagrun for example_bash_operator to 2025-03-25 00:00:00+00:00, run_after=2025-03-26 00:00:00+00:00
[2025-03-26T15:31:32.286+0000] {processor.py:208} INFO - Processing /home/airflow/.local/lib/python3.12/site-packages/airflow/example_dags/example_bash_operator.py took 0.075 seconds
[2025-03-26T15:32:02.729+0000] {processor.py:186} INFO - Started process (PID=10429) to work on /home/airflow/.local/lib/python3.12/site-packages/airflow/example_dags/example_bash_operator.py
[2025-03-26T15:32:02.732+0000] {processor.py:914} INFO - Processing file /home/airflow/.local/lib/python3.12/site-packages/airflow/example_dags/example_bash_operator.py for tasks to queue
[2025-03-26T15:32:02.734+0000] {logging_mixin.py:190} INFO - [2025-03-26T15:32:02.734+0000] {dagbag.py:588} INFO - Filling up the DagBag from /home/airflow/.local/lib/python3.12/site-packages/airflow/example_dags/example_bash_operator.py
[2025-03-26T15:32:02.748+0000] {processor.py:925} INFO - DAG(s) 'example_bash_operator' retrieved from /home/airflow/.local/lib/python3.12/site-packages/airflow/example_dags/example_bash_operator.py
[2025-03-26T15:32:02.772+0000] {logging_mixin.py:190} INFO - [2025-03-26T15:32:02.772+0000] {dag.py:3239} INFO - Sync 1 DAGs
[2025-03-26T15:32:02.787+0000] {logging_mixin.py:190} INFO - [2025-03-26T15:32:02.787+0000] {dag.py:4180} INFO - Setting next_dagrun for example_bash_operator to 2025-03-25 00:00:00+00:00, run_after=2025-03-26 00:00:00+00:00
[2025-03-26T15:32:02.800+0000] {processor.py:208} INFO - Processing /home/airflow/.local/lib/python3.12/site-packages/airflow/example_dags/example_bash_operator.py took 0.080 seconds
[2025-03-26T15:32:33.390+0000] {processor.py:186} INFO - Started process (PID=10491) to work on /home/airflow/.local/lib/python3.12/site-packages/airflow/example_dags/example_bash_operator.py
[2025-03-26T15:32:33.392+0000] {processor.py:914} INFO - Processing file /home/airflow/.local/lib/python3.12/site-packages/airflow/example_dags/example_bash_operator.py for tasks to queue
[2025-03-26T15:32:33.395+0000] {logging_mixin.py:190} INFO - [2025-03-26T15:32:33.394+0000] {dagbag.py:588} INFO - Filling up the DagBag from /home/airflow/.local/lib/python3.12/site-packages/airflow/example_dags/example_bash_operator.py
[2025-03-26T15:32:33.409+0000] {processor.py:925} INFO - DAG(s) 'example_bash_operator' retrieved from /home/airflow/.local/lib/python3.12/site-packages/airflow/example_dags/example_bash_operator.py
[2025-03-26T15:32:33.431+0000] {logging_mixin.py:190} INFO - [2025-03-26T15:32:33.431+0000] {dag.py:3239} INFO - Sync 1 DAGs
[2025-03-26T15:32:33.445+0000] {logging_mixin.py:190} INFO - [2025-03-26T15:32:33.445+0000] {dag.py:4180} INFO - Setting next_dagrun for example_bash_operator to 2025-03-25 00:00:00+00:00, run_after=2025-03-26 00:00:00+00:00
[2025-03-26T15:32:33.460+0000] {processor.py:208} INFO - Processing /home/airflow/.local/lib/python3.12/site-packages/airflow/example_dags/example_bash_operator.py took 0.079 seconds
[2025-03-26T15:35:21.681+0000] {processor.py:186} INFO - Started process (PID=10547) to work on /home/airflow/.local/lib/python3.12/site-packages/airflow/example_dags/example_bash_operator.py
[2025-03-26T15:35:21.682+0000] {processor.py:914} INFO - Processing file /home/airflow/.local/lib/python3.12/site-packages/airflow/example_dags/example_bash_operator.py for tasks to queue
[2025-03-26T15:35:21.684+0000] {logging_mixin.py:190} INFO - [2025-03-26T15:35:21.683+0000] {dagbag.py:588} INFO - Filling up the DagBag from /home/airflow/.local/lib/python3.12/site-packages/airflow/example_dags/example_bash_operator.py
[2025-03-26T15:35:21.695+0000] {processor.py:925} INFO - DAG(s) 'example_bash_operator' retrieved from /home/airflow/.local/lib/python3.12/site-packages/airflow/example_dags/example_bash_operator.py
[2025-03-26T15:35:21.716+0000] {logging_mixin.py:190} INFO - [2025-03-26T15:35:21.715+0000] {dag.py:3239} INFO - Sync 1 DAGs
[2025-03-26T15:35:21.729+0000] {logging_mixin.py:190} INFO - [2025-03-26T15:35:21.729+0000] {dag.py:4180} INFO - Setting next_dagrun for example_bash_operator to 2025-03-25 00:00:00+00:00, run_after=2025-03-26 00:00:00+00:00
[2025-03-26T15:35:21.743+0000] {processor.py:208} INFO - Processing /home/airflow/.local/lib/python3.12/site-packages/airflow/example_dags/example_bash_operator.py took 0.066 seconds
[2025-03-26T15:37:55.139+0000] {processor.py:186} INFO - Started process (PID=10609) to work on /home/airflow/.local/lib/python3.12/site-packages/airflow/example_dags/example_bash_operator.py
[2025-03-26T15:37:55.141+0000] {processor.py:914} INFO - Processing file /home/airflow/.local/lib/python3.12/site-packages/airflow/example_dags/example_bash_operator.py for tasks to queue
[2025-03-26T15:37:55.143+0000] {logging_mixin.py:190} INFO - [2025-03-26T15:37:55.142+0000] {dagbag.py:588} INFO - Filling up the DagBag from /home/airflow/.local/lib/python3.12/site-packages/airflow/example_dags/example_bash_operator.py
[2025-03-26T15:37:55.150+0000] {processor.py:925} INFO - DAG(s) 'example_bash_operator' retrieved from /home/airflow/.local/lib/python3.12/site-packages/airflow/example_dags/example_bash_operator.py
[2025-03-26T15:37:55.164+0000] {logging_mixin.py:190} INFO - [2025-03-26T15:37:55.164+0000] {dag.py:3239} INFO - Sync 1 DAGs
[2025-03-26T15:37:55.177+0000] {logging_mixin.py:190} INFO - [2025-03-26T15:37:55.177+0000] {dag.py:4180} INFO - Setting next_dagrun for example_bash_operator to 2025-03-25 00:00:00+00:00, run_after=2025-03-26 00:00:00+00:00
[2025-03-26T15:37:55.190+0000] {processor.py:208} INFO - Processing /home/airflow/.local/lib/python3.12/site-packages/airflow/example_dags/example_bash_operator.py took 0.055 seconds
[2025-03-26T15:38:26.007+0000] {processor.py:186} INFO - Started process (PID=10671) to work on /home/airflow/.local/lib/python3.12/site-packages/airflow/example_dags/example_bash_operator.py
[2025-03-26T15:38:26.008+0000] {processor.py:914} INFO - Processing file /home/airflow/.local/lib/python3.12/site-packages/airflow/example_dags/example_bash_operator.py for tasks to queue
[2025-03-26T15:38:26.009+0000] {logging_mixin.py:190} INFO - [2025-03-26T15:38:26.009+0000] {dagbag.py:588} INFO - Filling up the DagBag from /home/airflow/.local/lib/python3.12/site-packages/airflow/example_dags/example_bash_operator.py
[2025-03-26T15:38:26.015+0000] {processor.py:925} INFO - DAG(s) 'example_bash_operator' retrieved from /home/airflow/.local/lib/python3.12/site-packages/airflow/example_dags/example_bash_operator.py
[2025-03-26T15:38:26.027+0000] {logging_mixin.py:190} INFO - [2025-03-26T15:38:26.027+0000] {dag.py:3239} INFO - Sync 1 DAGs
[2025-03-26T15:38:26.037+0000] {logging_mixin.py:190} INFO - [2025-03-26T15:38:26.037+0000] {dag.py:4180} INFO - Setting next_dagrun for example_bash_operator to 2025-03-25 00:00:00+00:00, run_after=2025-03-26 00:00:00+00:00
[2025-03-26T15:38:26.045+0000] {processor.py:208} INFO - Processing /home/airflow/.local/lib/python3.12/site-packages/airflow/example_dags/example_bash_operator.py took 0.040 seconds
[2025-03-26T15:38:58.252+0000] {processor.py:186} INFO - Started process (PID=10733) to work on /home/airflow/.local/lib/python3.12/site-packages/airflow/example_dags/example_bash_operator.py
[2025-03-26T15:38:58.257+0000] {processor.py:914} INFO - Processing file /home/airflow/.local/lib/python3.12/site-packages/airflow/example_dags/example_bash_operator.py for tasks to queue
[2025-03-26T15:38:58.268+0000] {logging_mixin.py:190} INFO - [2025-03-26T15:38:58.268+0000] {dagbag.py:588} INFO - Filling up the DagBag from /home/airflow/.local/lib/python3.12/site-packages/airflow/example_dags/example_bash_operator.py
[2025-03-26T15:38:58.317+0000] {processor.py:925} INFO - DAG(s) 'example_bash_operator' retrieved from /home/airflow/.local/lib/python3.12/site-packages/airflow/example_dags/example_bash_operator.py
[2025-03-26T15:38:58.351+0000] {logging_mixin.py:190} INFO - [2025-03-26T15:38:58.351+0000] {dag.py:3239} INFO - Sync 1 DAGs
[2025-03-26T15:38:58.377+0000] {logging_mixin.py:190} INFO - [2025-03-26T15:38:58.377+0000] {dag.py:4180} INFO - Setting next_dagrun for example_bash_operator to 2025-03-25 00:00:00+00:00, run_after=2025-03-26 00:00:00+00:00
[2025-03-26T15:38:58.394+0000] {processor.py:208} INFO - Processing /home/airflow/.local/lib/python3.12/site-packages/airflow/example_dags/example_bash_operator.py took 0.191 seconds
[2025-03-26T15:39:28.918+0000] {processor.py:186} INFO - Started process (PID=10795) to work on /home/airflow/.local/lib/python3.12/site-packages/airflow/example_dags/example_bash_operator.py
[2025-03-26T15:39:28.920+0000] {processor.py:914} INFO - Processing file /home/airflow/.local/lib/python3.12/site-packages/airflow/example_dags/example_bash_operator.py for tasks to queue
[2025-03-26T15:39:28.922+0000] {logging_mixin.py:190} INFO - [2025-03-26T15:39:28.921+0000] {dagbag.py:588} INFO - Filling up the DagBag from /home/airflow/.local/lib/python3.12/site-packages/airflow/example_dags/example_bash_operator.py
[2025-03-26T15:39:28.931+0000] {processor.py:925} INFO - DAG(s) 'example_bash_operator' retrieved from /home/airflow/.local/lib/python3.12/site-packages/airflow/example_dags/example_bash_operator.py
[2025-03-26T15:39:28.944+0000] {logging_mixin.py:190} INFO - [2025-03-26T15:39:28.944+0000] {dag.py:3239} INFO - Sync 1 DAGs
[2025-03-26T15:39:28.956+0000] {logging_mixin.py:190} INFO - [2025-03-26T15:39:28.956+0000] {dag.py:4180} INFO - Setting next_dagrun for example_bash_operator to 2025-03-25 00:00:00+00:00, run_after=2025-03-26 00:00:00+00:00
[2025-03-26T15:39:28.965+0000] {processor.py:208} INFO - Processing /home/airflow/.local/lib/python3.12/site-packages/airflow/example_dags/example_bash_operator.py took 0.051 seconds
[2025-03-26T15:39:59.072+0000] {processor.py:186} INFO - Started process (PID=10857) to work on /home/airflow/.local/lib/python3.12/site-packages/airflow/example_dags/example_bash_operator.py
[2025-03-26T15:39:59.073+0000] {processor.py:914} INFO - Processing file /home/airflow/.local/lib/python3.12/site-packages/airflow/example_dags/example_bash_operator.py for tasks to queue
[2025-03-26T15:39:59.074+0000] {logging_mixin.py:190} INFO - [2025-03-26T15:39:59.074+0000] {dagbag.py:588} INFO - Filling up the DagBag from /home/airflow/.local/lib/python3.12/site-packages/airflow/example_dags/example_bash_operator.py
[2025-03-26T15:39:59.081+0000] {processor.py:925} INFO - DAG(s) 'example_bash_operator' retrieved from /home/airflow/.local/lib/python3.12/site-packages/airflow/example_dags/example_bash_operator.py
[2025-03-26T15:39:59.094+0000] {logging_mixin.py:190} INFO - [2025-03-26T15:39:59.094+0000] {dag.py:3239} INFO - Sync 1 DAGs
[2025-03-26T15:39:59.105+0000] {logging_mixin.py:190} INFO - [2025-03-26T15:39:59.105+0000] {dag.py:4180} INFO - Setting next_dagrun for example_bash_operator to 2025-03-25 00:00:00+00:00, run_after=2025-03-26 00:00:00+00:00
[2025-03-26T15:39:59.114+0000] {processor.py:208} INFO - Processing /home/airflow/.local/lib/python3.12/site-packages/airflow/example_dags/example_bash_operator.py took 0.045 seconds
[2025-03-26T15:56:25.385+0000] {processor.py:186} INFO - Started process (PID=10919) to work on /home/airflow/.local/lib/python3.12/site-packages/airflow/example_dags/example_bash_operator.py
[2025-03-26T15:56:25.387+0000] {processor.py:914} INFO - Processing file /home/airflow/.local/lib/python3.12/site-packages/airflow/example_dags/example_bash_operator.py for tasks to queue
[2025-03-26T15:56:25.389+0000] {logging_mixin.py:190} INFO - [2025-03-26T15:56:25.389+0000] {dagbag.py:588} INFO - Filling up the DagBag from /home/airflow/.local/lib/python3.12/site-packages/airflow/example_dags/example_bash_operator.py
[2025-03-26T15:56:25.400+0000] {processor.py:925} INFO - DAG(s) 'example_bash_operator' retrieved from /home/airflow/.local/lib/python3.12/site-packages/airflow/example_dags/example_bash_operator.py
[2025-03-26T15:56:25.416+0000] {logging_mixin.py:190} INFO - [2025-03-26T15:56:25.416+0000] {dag.py:3239} INFO - Sync 1 DAGs
[2025-03-26T15:56:25.431+0000] {logging_mixin.py:190} INFO - [2025-03-26T15:56:25.431+0000] {dag.py:4180} INFO - Setting next_dagrun for example_bash_operator to 2025-03-25 00:00:00+00:00, run_after=2025-03-26 00:00:00+00:00
[2025-03-26T15:56:25.446+0000] {processor.py:208} INFO - Processing /home/airflow/.local/lib/python3.12/site-packages/airflow/example_dags/example_bash_operator.py took 0.069 seconds
[2025-03-26T16:45:07.657+0000] {processor.py:186} INFO - Started process (PID=10981) to work on /home/airflow/.local/lib/python3.12/site-packages/airflow/example_dags/example_bash_operator.py
[2025-03-26T16:45:07.658+0000] {processor.py:914} INFO - Processing file /home/airflow/.local/lib/python3.12/site-packages/airflow/example_dags/example_bash_operator.py for tasks to queue
[2025-03-26T16:45:07.660+0000] {logging_mixin.py:190} INFO - [2025-03-26T16:45:07.660+0000] {dagbag.py:588} INFO - Filling up the DagBag from /home/airflow/.local/lib/python3.12/site-packages/airflow/example_dags/example_bash_operator.py
[2025-03-26T16:45:07.669+0000] {processor.py:925} INFO - DAG(s) 'example_bash_operator' retrieved from /home/airflow/.local/lib/python3.12/site-packages/airflow/example_dags/example_bash_operator.py
[2025-03-26T16:45:07.687+0000] {logging_mixin.py:190} INFO - [2025-03-26T16:45:07.687+0000] {dag.py:3239} INFO - Sync 1 DAGs
[2025-03-26T16:45:07.704+0000] {logging_mixin.py:190} INFO - [2025-03-26T16:45:07.704+0000] {dag.py:4180} INFO - Setting next_dagrun for example_bash_operator to 2025-03-25 00:00:00+00:00, run_after=2025-03-26 00:00:00+00:00
[2025-03-26T16:45:07.714+0000] {processor.py:208} INFO - Processing /home/airflow/.local/lib/python3.12/site-packages/airflow/example_dags/example_bash_operator.py took 0.062 seconds
[2025-03-26T16:45:41.046+0000] {processor.py:186} INFO - Started process (PID=11043) to work on /home/airflow/.local/lib/python3.12/site-packages/airflow/example_dags/example_bash_operator.py
[2025-03-26T16:45:41.047+0000] {processor.py:914} INFO - Processing file /home/airflow/.local/lib/python3.12/site-packages/airflow/example_dags/example_bash_operator.py for tasks to queue
[2025-03-26T16:45:41.049+0000] {logging_mixin.py:190} INFO - [2025-03-26T16:45:41.048+0000] {dagbag.py:588} INFO - Filling up the DagBag from /home/airflow/.local/lib/python3.12/site-packages/airflow/example_dags/example_bash_operator.py
[2025-03-26T16:45:41.057+0000] {processor.py:925} INFO - DAG(s) 'example_bash_operator' retrieved from /home/airflow/.local/lib/python3.12/site-packages/airflow/example_dags/example_bash_operator.py
[2025-03-26T16:45:41.077+0000] {logging_mixin.py:190} INFO - [2025-03-26T16:45:41.077+0000] {dag.py:3239} INFO - Sync 1 DAGs
[2025-03-26T16:45:41.091+0000] {logging_mixin.py:190} INFO - [2025-03-26T16:45:41.091+0000] {dag.py:4180} INFO - Setting next_dagrun for example_bash_operator to 2025-03-25 00:00:00+00:00, run_after=2025-03-26 00:00:00+00:00
[2025-03-26T16:45:41.105+0000] {processor.py:208} INFO - Processing /home/airflow/.local/lib/python3.12/site-packages/airflow/example_dags/example_bash_operator.py took 0.064 seconds
[2025-03-26T16:46:13.266+0000] {processor.py:186} INFO - Started process (PID=11105) to work on /home/airflow/.local/lib/python3.12/site-packages/airflow/example_dags/example_bash_operator.py
[2025-03-26T16:46:13.267+0000] {processor.py:914} INFO - Processing file /home/airflow/.local/lib/python3.12/site-packages/airflow/example_dags/example_bash_operator.py for tasks to queue
[2025-03-26T16:46:13.269+0000] {logging_mixin.py:190} INFO - [2025-03-26T16:46:13.269+0000] {dagbag.py:588} INFO - Filling up the DagBag from /home/airflow/.local/lib/python3.12/site-packages/airflow/example_dags/example_bash_operator.py
[2025-03-26T16:46:13.277+0000] {processor.py:925} INFO - DAG(s) 'example_bash_operator' retrieved from /home/airflow/.local/lib/python3.12/site-packages/airflow/example_dags/example_bash_operator.py
[2025-03-26T16:46:13.293+0000] {logging_mixin.py:190} INFO - [2025-03-26T16:46:13.292+0000] {dag.py:3239} INFO - Sync 1 DAGs
[2025-03-26T16:46:13.306+0000] {logging_mixin.py:190} INFO - [2025-03-26T16:46:13.306+0000] {dag.py:4180} INFO - Setting next_dagrun for example_bash_operator to 2025-03-25 00:00:00+00:00, run_after=2025-03-26 00:00:00+00:00
[2025-03-26T16:46:13.318+0000] {processor.py:208} INFO - Processing /home/airflow/.local/lib/python3.12/site-packages/airflow/example_dags/example_bash_operator.py took 0.063 seconds
[2025-03-26T16:46:52.345+0000] {processor.py:186} INFO - Started process (PID=11167) to work on /home/airflow/.local/lib/python3.12/site-packages/airflow/example_dags/example_bash_operator.py
[2025-03-26T16:46:52.346+0000] {processor.py:914} INFO - Processing file /home/airflow/.local/lib/python3.12/site-packages/airflow/example_dags/example_bash_operator.py for tasks to queue
[2025-03-26T16:46:52.348+0000] {logging_mixin.py:190} INFO - [2025-03-26T16:46:52.347+0000] {dagbag.py:588} INFO - Filling up the DagBag from /home/airflow/.local/lib/python3.12/site-packages/airflow/example_dags/example_bash_operator.py
[2025-03-26T16:46:52.356+0000] {processor.py:925} INFO - DAG(s) 'example_bash_operator' retrieved from /home/airflow/.local/lib/python3.12/site-packages/airflow/example_dags/example_bash_operator.py
[2025-03-26T16:46:52.369+0000] {logging_mixin.py:190} INFO - [2025-03-26T16:46:52.369+0000] {dag.py:3239} INFO - Sync 1 DAGs
[2025-03-26T16:46:52.381+0000] {logging_mixin.py:190} INFO - [2025-03-26T16:46:52.381+0000] {dag.py:4180} INFO - Setting next_dagrun for example_bash_operator to 2025-03-25 00:00:00+00:00, run_after=2025-03-26 00:00:00+00:00
[2025-03-26T16:46:52.392+0000] {processor.py:208} INFO - Processing /home/airflow/.local/lib/python3.12/site-packages/airflow/example_dags/example_bash_operator.py took 0.051 seconds
[2025-03-26T16:47:25.154+0000] {processor.py:186} INFO - Started process (PID=11229) to work on /home/airflow/.local/lib/python3.12/site-packages/airflow/example_dags/example_bash_operator.py
[2025-03-26T16:47:25.155+0000] {processor.py:914} INFO - Processing file /home/airflow/.local/lib/python3.12/site-packages/airflow/example_dags/example_bash_operator.py for tasks to queue
[2025-03-26T16:47:25.156+0000] {logging_mixin.py:190} INFO - [2025-03-26T16:47:25.156+0000] {dagbag.py:588} INFO - Filling up the DagBag from /home/airflow/.local/lib/python3.12/site-packages/airflow/example_dags/example_bash_operator.py
[2025-03-26T16:47:25.163+0000] {processor.py:925} INFO - DAG(s) 'example_bash_operator' retrieved from /home/airflow/.local/lib/python3.12/site-packages/airflow/example_dags/example_bash_operator.py
[2025-03-26T16:47:25.181+0000] {logging_mixin.py:190} INFO - [2025-03-26T16:47:25.180+0000] {dag.py:3239} INFO - Sync 1 DAGs
[2025-03-26T16:47:25.195+0000] {logging_mixin.py:190} INFO - [2025-03-26T16:47:25.194+0000] {dag.py:4180} INFO - Setting next_dagrun for example_bash_operator to 2025-03-25 00:00:00+00:00, run_after=2025-03-26 00:00:00+00:00
[2025-03-26T16:47:25.206+0000] {processor.py:208} INFO - Processing /home/airflow/.local/lib/python3.12/site-packages/airflow/example_dags/example_bash_operator.py took 0.055 seconds
[2025-03-26T16:47:57.681+0000] {processor.py:186} INFO - Started process (PID=11291) to work on /home/airflow/.local/lib/python3.12/site-packages/airflow/example_dags/example_bash_operator.py
[2025-03-26T16:47:57.682+0000] {processor.py:914} INFO - Processing file /home/airflow/.local/lib/python3.12/site-packages/airflow/example_dags/example_bash_operator.py for tasks to queue
[2025-03-26T16:47:57.684+0000] {logging_mixin.py:190} INFO - [2025-03-26T16:47:57.684+0000] {dagbag.py:588} INFO - Filling up the DagBag from /home/airflow/.local/lib/python3.12/site-packages/airflow/example_dags/example_bash_operator.py
[2025-03-26T16:47:57.690+0000] {processor.py:925} INFO - DAG(s) 'example_bash_operator' retrieved from /home/airflow/.local/lib/python3.12/site-packages/airflow/example_dags/example_bash_operator.py
[2025-03-26T16:47:57.708+0000] {logging_mixin.py:190} INFO - [2025-03-26T16:47:57.708+0000] {dag.py:3239} INFO - Sync 1 DAGs
[2025-03-26T16:47:57.720+0000] {logging_mixin.py:190} INFO - [2025-03-26T16:47:57.720+0000] {dag.py:4180} INFO - Setting next_dagrun for example_bash_operator to 2025-03-25 00:00:00+00:00, run_after=2025-03-26 00:00:00+00:00
[2025-03-26T16:47:57.729+0000] {processor.py:208} INFO - Processing /home/airflow/.local/lib/python3.12/site-packages/airflow/example_dags/example_bash_operator.py took 0.051 seconds
[2025-03-26T16:48:31.559+0000] {processor.py:186} INFO - Started process (PID=11353) to work on /home/airflow/.local/lib/python3.12/site-packages/airflow/example_dags/example_bash_operator.py
[2025-03-26T16:48:31.560+0000] {processor.py:914} INFO - Processing file /home/airflow/.local/lib/python3.12/site-packages/airflow/example_dags/example_bash_operator.py for tasks to queue
[2025-03-26T16:48:31.562+0000] {logging_mixin.py:190} INFO - [2025-03-26T16:48:31.561+0000] {dagbag.py:588} INFO - Filling up the DagBag from /home/airflow/.local/lib/python3.12/site-packages/airflow/example_dags/example_bash_operator.py
[2025-03-26T16:48:31.570+0000] {processor.py:925} INFO - DAG(s) 'example_bash_operator' retrieved from /home/airflow/.local/lib/python3.12/site-packages/airflow/example_dags/example_bash_operator.py
[2025-03-26T16:48:31.582+0000] {logging_mixin.py:190} INFO - [2025-03-26T16:48:31.582+0000] {dag.py:3239} INFO - Sync 1 DAGs
[2025-03-26T16:48:31.594+0000] {logging_mixin.py:190} INFO - [2025-03-26T16:48:31.594+0000] {dag.py:4180} INFO - Setting next_dagrun for example_bash_operator to 2025-03-25 00:00:00+00:00, run_after=2025-03-26 00:00:00+00:00
[2025-03-26T16:48:31.607+0000] {processor.py:208} INFO - Processing /home/airflow/.local/lib/python3.12/site-packages/airflow/example_dags/example_bash_operator.py took 0.052 seconds
[2025-03-26T16:49:05.090+0000] {processor.py:186} INFO - Started process (PID=11415) to work on /home/airflow/.local/lib/python3.12/site-packages/airflow/example_dags/example_bash_operator.py
[2025-03-26T16:49:05.091+0000] {processor.py:914} INFO - Processing file /home/airflow/.local/lib/python3.12/site-packages/airflow/example_dags/example_bash_operator.py for tasks to queue
[2025-03-26T16:49:05.093+0000] {logging_mixin.py:190} INFO - [2025-03-26T16:49:05.093+0000] {dagbag.py:588} INFO - Filling up the DagBag from /home/airflow/.local/lib/python3.12/site-packages/airflow/example_dags/example_bash_operator.py
[2025-03-26T16:49:05.100+0000] {processor.py:925} INFO - DAG(s) 'example_bash_operator' retrieved from /home/airflow/.local/lib/python3.12/site-packages/airflow/example_dags/example_bash_operator.py
[2025-03-26T16:49:05.113+0000] {logging_mixin.py:190} INFO - [2025-03-26T16:49:05.113+0000] {dag.py:3239} INFO - Sync 1 DAGs
[2025-03-26T16:49:05.128+0000] {logging_mixin.py:190} INFO - [2025-03-26T16:49:05.128+0000] {dag.py:4180} INFO - Setting next_dagrun for example_bash_operator to 2025-03-25 00:00:00+00:00, run_after=2025-03-26 00:00:00+00:00
[2025-03-26T16:49:05.145+0000] {processor.py:208} INFO - Processing /home/airflow/.local/lib/python3.12/site-packages/airflow/example_dags/example_bash_operator.py took 0.059 seconds
[2025-03-26T16:49:38.593+0000] {processor.py:186} INFO - Started process (PID=11477) to work on /home/airflow/.local/lib/python3.12/site-packages/airflow/example_dags/example_bash_operator.py
[2025-03-26T16:49:38.594+0000] {processor.py:914} INFO - Processing file /home/airflow/.local/lib/python3.12/site-packages/airflow/example_dags/example_bash_operator.py for tasks to queue
[2025-03-26T16:49:38.596+0000] {logging_mixin.py:190} INFO - [2025-03-26T16:49:38.596+0000] {dagbag.py:588} INFO - Filling up the DagBag from /home/airflow/.local/lib/python3.12/site-packages/airflow/example_dags/example_bash_operator.py
[2025-03-26T16:49:38.603+0000] {processor.py:925} INFO - DAG(s) 'example_bash_operator' retrieved from /home/airflow/.local/lib/python3.12/site-packages/airflow/example_dags/example_bash_operator.py
[2025-03-26T16:49:38.616+0000] {logging_mixin.py:190} INFO - [2025-03-26T16:49:38.616+0000] {dag.py:3239} INFO - Sync 1 DAGs
[2025-03-26T16:49:38.628+0000] {logging_mixin.py:190} INFO - [2025-03-26T16:49:38.628+0000] {dag.py:4180} INFO - Setting next_dagrun for example_bash_operator to 2025-03-25 00:00:00+00:00, run_after=2025-03-26 00:00:00+00:00
[2025-03-26T16:49:38.643+0000] {processor.py:208} INFO - Processing /home/airflow/.local/lib/python3.12/site-packages/airflow/example_dags/example_bash_operator.py took 0.053 seconds
[2025-03-26T16:50:14.331+0000] {processor.py:186} INFO - Started process (PID=11539) to work on /home/airflow/.local/lib/python3.12/site-packages/airflow/example_dags/example_bash_operator.py
[2025-03-26T16:50:14.332+0000] {processor.py:914} INFO - Processing file /home/airflow/.local/lib/python3.12/site-packages/airflow/example_dags/example_bash_operator.py for tasks to queue
[2025-03-26T16:50:14.334+0000] {logging_mixin.py:190} INFO - [2025-03-26T16:50:14.334+0000] {dagbag.py:588} INFO - Filling up the DagBag from /home/airflow/.local/lib/python3.12/site-packages/airflow/example_dags/example_bash_operator.py
[2025-03-26T16:50:14.341+0000] {processor.py:925} INFO - DAG(s) 'example_bash_operator' retrieved from /home/airflow/.local/lib/python3.12/site-packages/airflow/example_dags/example_bash_operator.py
[2025-03-26T16:50:14.361+0000] {logging_mixin.py:190} INFO - [2025-03-26T16:50:14.360+0000] {dag.py:3239} INFO - Sync 1 DAGs
[2025-03-26T16:50:14.371+0000] {logging_mixin.py:190} INFO - [2025-03-26T16:50:14.371+0000] {dag.py:4180} INFO - Setting next_dagrun for example_bash_operator to 2025-03-25 00:00:00+00:00, run_after=2025-03-26 00:00:00+00:00
[2025-03-26T16:50:14.382+0000] {processor.py:208} INFO - Processing /home/airflow/.local/lib/python3.12/site-packages/airflow/example_dags/example_bash_operator.py took 0.054 seconds
[2025-03-26T16:50:50.984+0000] {processor.py:186} INFO - Started process (PID=11601) to work on /home/airflow/.local/lib/python3.12/site-packages/airflow/example_dags/example_bash_operator.py
[2025-03-26T16:50:50.985+0000] {processor.py:914} INFO - Processing file /home/airflow/.local/lib/python3.12/site-packages/airflow/example_dags/example_bash_operator.py for tasks to queue
[2025-03-26T16:50:50.987+0000] {logging_mixin.py:190} INFO - [2025-03-26T16:50:50.987+0000] {dagbag.py:588} INFO - Filling up the DagBag from /home/airflow/.local/lib/python3.12/site-packages/airflow/example_dags/example_bash_operator.py
[2025-03-26T16:50:51.001+0000] {processor.py:925} INFO - DAG(s) 'example_bash_operator' retrieved from /home/airflow/.local/lib/python3.12/site-packages/airflow/example_dags/example_bash_operator.py
[2025-03-26T16:50:51.017+0000] {logging_mixin.py:190} INFO - [2025-03-26T16:50:51.017+0000] {dag.py:3239} INFO - Sync 1 DAGs
[2025-03-26T16:50:51.031+0000] {logging_mixin.py:190} INFO - [2025-03-26T16:50:51.031+0000] {dag.py:4180} INFO - Setting next_dagrun for example_bash_operator to 2025-03-25 00:00:00+00:00, run_after=2025-03-26 00:00:00+00:00
[2025-03-26T16:50:51.040+0000] {processor.py:208} INFO - Processing /home/airflow/.local/lib/python3.12/site-packages/airflow/example_dags/example_bash_operator.py took 0.061 seconds
[2025-03-26T16:51:35.114+0000] {processor.py:186} INFO - Started process (PID=11663) to work on /home/airflow/.local/lib/python3.12/site-packages/airflow/example_dags/example_bash_operator.py
[2025-03-26T16:51:35.115+0000] {processor.py:914} INFO - Processing file /home/airflow/.local/lib/python3.12/site-packages/airflow/example_dags/example_bash_operator.py for tasks to queue
[2025-03-26T16:51:35.116+0000] {logging_mixin.py:190} INFO - [2025-03-26T16:51:35.116+0000] {dagbag.py:588} INFO - Filling up the DagBag from /home/airflow/.local/lib/python3.12/site-packages/airflow/example_dags/example_bash_operator.py
[2025-03-26T16:51:35.122+0000] {processor.py:925} INFO - DAG(s) 'example_bash_operator' retrieved from /home/airflow/.local/lib/python3.12/site-packages/airflow/example_dags/example_bash_operator.py
[2025-03-26T16:51:35.135+0000] {logging_mixin.py:190} INFO - [2025-03-26T16:51:35.135+0000] {dag.py:3239} INFO - Sync 1 DAGs
[2025-03-26T16:51:35.147+0000] {logging_mixin.py:190} INFO - [2025-03-26T16:51:35.147+0000] {dag.py:4180} INFO - Setting next_dagrun for example_bash_operator to 2025-03-25 00:00:00+00:00, run_after=2025-03-26 00:00:00+00:00
[2025-03-26T16:51:35.155+0000] {processor.py:208} INFO - Processing /home/airflow/.local/lib/python3.12/site-packages/airflow/example_dags/example_bash_operator.py took 0.044 seconds
[2025-03-26T16:52:12.531+0000] {processor.py:186} INFO - Started process (PID=11725) to work on /home/airflow/.local/lib/python3.12/site-packages/airflow/example_dags/example_bash_operator.py
[2025-03-26T16:52:12.532+0000] {processor.py:914} INFO - Processing file /home/airflow/.local/lib/python3.12/site-packages/airflow/example_dags/example_bash_operator.py for tasks to queue
[2025-03-26T16:52:12.533+0000] {logging_mixin.py:190} INFO - [2025-03-26T16:52:12.533+0000] {dagbag.py:588} INFO - Filling up the DagBag from /home/airflow/.local/lib/python3.12/site-packages/airflow/example_dags/example_bash_operator.py
[2025-03-26T16:52:12.543+0000] {processor.py:925} INFO - DAG(s) 'example_bash_operator' retrieved from /home/airflow/.local/lib/python3.12/site-packages/airflow/example_dags/example_bash_operator.py
[2025-03-26T16:52:12.559+0000] {logging_mixin.py:190} INFO - [2025-03-26T16:52:12.559+0000] {dag.py:3239} INFO - Sync 1 DAGs
[2025-03-26T16:52:12.572+0000] {logging_mixin.py:190} INFO - [2025-03-26T16:52:12.572+0000] {dag.py:4180} INFO - Setting next_dagrun for example_bash_operator to 2025-03-25 00:00:00+00:00, run_after=2025-03-26 00:00:00+00:00
[2025-03-26T16:52:12.580+0000] {processor.py:208} INFO - Processing /home/airflow/.local/lib/python3.12/site-packages/airflow/example_dags/example_bash_operator.py took 0.052 seconds
[2025-03-26T16:52:44.738+0000] {processor.py:186} INFO - Started process (PID=11787) to work on /home/airflow/.local/lib/python3.12/site-packages/airflow/example_dags/example_bash_operator.py
[2025-03-26T16:52:44.739+0000] {processor.py:914} INFO - Processing file /home/airflow/.local/lib/python3.12/site-packages/airflow/example_dags/example_bash_operator.py for tasks to queue
[2025-03-26T16:52:44.741+0000] {logging_mixin.py:190} INFO - [2025-03-26T16:52:44.741+0000] {dagbag.py:588} INFO - Filling up the DagBag from /home/airflow/.local/lib/python3.12/site-packages/airflow/example_dags/example_bash_operator.py
[2025-03-26T16:52:44.751+0000] {processor.py:925} INFO - DAG(s) 'example_bash_operator' retrieved from /home/airflow/.local/lib/python3.12/site-packages/airflow/example_dags/example_bash_operator.py
[2025-03-26T16:52:44.768+0000] {logging_mixin.py:190} INFO - [2025-03-26T16:52:44.768+0000] {dag.py:3239} INFO - Sync 1 DAGs
[2025-03-26T16:52:44.787+0000] {logging_mixin.py:190} INFO - [2025-03-26T16:52:44.787+0000] {dag.py:4180} INFO - Setting next_dagrun for example_bash_operator to 2025-03-25 00:00:00+00:00, run_after=2025-03-26 00:00:00+00:00
[2025-03-26T16:52:44.802+0000] {processor.py:208} INFO - Processing /home/airflow/.local/lib/python3.12/site-packages/airflow/example_dags/example_bash_operator.py took 0.068 seconds
[2025-03-26T16:53:18.765+0000] {processor.py:186} INFO - Started process (PID=11849) to work on /home/airflow/.local/lib/python3.12/site-packages/airflow/example_dags/example_bash_operator.py
[2025-03-26T16:53:18.766+0000] {processor.py:914} INFO - Processing file /home/airflow/.local/lib/python3.12/site-packages/airflow/example_dags/example_bash_operator.py for tasks to queue
[2025-03-26T16:53:18.767+0000] {logging_mixin.py:190} INFO - [2025-03-26T16:53:18.767+0000] {dagbag.py:588} INFO - Filling up the DagBag from /home/airflow/.local/lib/python3.12/site-packages/airflow/example_dags/example_bash_operator.py
[2025-03-26T16:53:18.775+0000] {processor.py:925} INFO - DAG(s) 'example_bash_operator' retrieved from /home/airflow/.local/lib/python3.12/site-packages/airflow/example_dags/example_bash_operator.py
[2025-03-26T16:53:18.791+0000] {logging_mixin.py:190} INFO - [2025-03-26T16:53:18.791+0000] {dag.py:3239} INFO - Sync 1 DAGs
[2025-03-26T16:53:18.803+0000] {logging_mixin.py:190} INFO - [2025-03-26T16:53:18.803+0000] {dag.py:4180} INFO - Setting next_dagrun for example_bash_operator to 2025-03-25 00:00:00+00:00, run_after=2025-03-26 00:00:00+00:00
[2025-03-26T16:53:18.815+0000] {processor.py:208} INFO - Processing /home/airflow/.local/lib/python3.12/site-packages/airflow/example_dags/example_bash_operator.py took 0.058 seconds
[2025-03-26T16:53:50.179+0000] {processor.py:186} INFO - Started process (PID=11911) to work on /home/airflow/.local/lib/python3.12/site-packages/airflow/example_dags/example_bash_operator.py
[2025-03-26T16:53:50.180+0000] {processor.py:914} INFO - Processing file /home/airflow/.local/lib/python3.12/site-packages/airflow/example_dags/example_bash_operator.py for tasks to queue
[2025-03-26T16:53:50.182+0000] {logging_mixin.py:190} INFO - [2025-03-26T16:53:50.182+0000] {dagbag.py:588} INFO - Filling up the DagBag from /home/airflow/.local/lib/python3.12/site-packages/airflow/example_dags/example_bash_operator.py
[2025-03-26T16:53:50.193+0000] {processor.py:925} INFO - DAG(s) 'example_bash_operator' retrieved from /home/airflow/.local/lib/python3.12/site-packages/airflow/example_dags/example_bash_operator.py
[2025-03-26T16:53:50.213+0000] {logging_mixin.py:190} INFO - [2025-03-26T16:53:50.213+0000] {dag.py:3239} INFO - Sync 1 DAGs
[2025-03-26T16:53:50.228+0000] {logging_mixin.py:190} INFO - [2025-03-26T16:53:50.228+0000] {dag.py:4180} INFO - Setting next_dagrun for example_bash_operator to 2025-03-25 00:00:00+00:00, run_after=2025-03-26 00:00:00+00:00
[2025-03-26T16:53:50.240+0000] {processor.py:208} INFO - Processing /home/airflow/.local/lib/python3.12/site-packages/airflow/example_dags/example_bash_operator.py took 0.064 seconds
[2025-03-26T16:54:23.490+0000] {processor.py:186} INFO - Started process (PID=11973) to work on /home/airflow/.local/lib/python3.12/site-packages/airflow/example_dags/example_bash_operator.py
[2025-03-26T16:54:23.491+0000] {processor.py:914} INFO - Processing file /home/airflow/.local/lib/python3.12/site-packages/airflow/example_dags/example_bash_operator.py for tasks to queue
[2025-03-26T16:54:23.493+0000] {logging_mixin.py:190} INFO - [2025-03-26T16:54:23.493+0000] {dagbag.py:588} INFO - Filling up the DagBag from /home/airflow/.local/lib/python3.12/site-packages/airflow/example_dags/example_bash_operator.py
[2025-03-26T16:54:23.505+0000] {processor.py:925} INFO - DAG(s) 'example_bash_operator' retrieved from /home/airflow/.local/lib/python3.12/site-packages/airflow/example_dags/example_bash_operator.py
[2025-03-26T16:54:23.522+0000] {logging_mixin.py:190} INFO - [2025-03-26T16:54:23.522+0000] {dag.py:3239} INFO - Sync 1 DAGs
[2025-03-26T16:54:23.540+0000] {logging_mixin.py:190} INFO - [2025-03-26T16:54:23.540+0000] {dag.py:4180} INFO - Setting next_dagrun for example_bash_operator to 2025-03-25 00:00:00+00:00, run_after=2025-03-26 00:00:00+00:00
[2025-03-26T16:54:23.550+0000] {processor.py:208} INFO - Processing /home/airflow/.local/lib/python3.12/site-packages/airflow/example_dags/example_bash_operator.py took 0.065 seconds
[2025-03-26T16:54:58.097+0000] {processor.py:186} INFO - Started process (PID=12035) to work on /home/airflow/.local/lib/python3.12/site-packages/airflow/example_dags/example_bash_operator.py
[2025-03-26T16:54:58.098+0000] {processor.py:914} INFO - Processing file /home/airflow/.local/lib/python3.12/site-packages/airflow/example_dags/example_bash_operator.py for tasks to queue
[2025-03-26T16:54:58.099+0000] {logging_mixin.py:190} INFO - [2025-03-26T16:54:58.099+0000] {dagbag.py:588} INFO - Filling up the DagBag from /home/airflow/.local/lib/python3.12/site-packages/airflow/example_dags/example_bash_operator.py
[2025-03-26T16:54:58.108+0000] {processor.py:925} INFO - DAG(s) 'example_bash_operator' retrieved from /home/airflow/.local/lib/python3.12/site-packages/airflow/example_dags/example_bash_operator.py
[2025-03-26T16:54:58.126+0000] {logging_mixin.py:190} INFO - [2025-03-26T16:54:58.126+0000] {dag.py:3239} INFO - Sync 1 DAGs
[2025-03-26T16:54:58.140+0000] {logging_mixin.py:190} INFO - [2025-03-26T16:54:58.140+0000] {dag.py:4180} INFO - Setting next_dagrun for example_bash_operator to 2025-03-25 00:00:00+00:00, run_after=2025-03-26 00:00:00+00:00
[2025-03-26T16:54:58.157+0000] {processor.py:208} INFO - Processing /home/airflow/.local/lib/python3.12/site-packages/airflow/example_dags/example_bash_operator.py took 0.063 seconds
[2025-03-26T16:55:29.642+0000] {processor.py:186} INFO - Started process (PID=12097) to work on /home/airflow/.local/lib/python3.12/site-packages/airflow/example_dags/example_bash_operator.py
[2025-03-26T16:55:29.643+0000] {processor.py:914} INFO - Processing file /home/airflow/.local/lib/python3.12/site-packages/airflow/example_dags/example_bash_operator.py for tasks to queue
[2025-03-26T16:55:29.646+0000] {logging_mixin.py:190} INFO - [2025-03-26T16:55:29.646+0000] {dagbag.py:588} INFO - Filling up the DagBag from /home/airflow/.local/lib/python3.12/site-packages/airflow/example_dags/example_bash_operator.py
[2025-03-26T16:55:29.657+0000] {processor.py:925} INFO - DAG(s) 'example_bash_operator' retrieved from /home/airflow/.local/lib/python3.12/site-packages/airflow/example_dags/example_bash_operator.py
[2025-03-26T16:55:29.673+0000] {logging_mixin.py:190} INFO - [2025-03-26T16:55:29.673+0000] {dag.py:3239} INFO - Sync 1 DAGs
[2025-03-26T16:55:29.688+0000] {logging_mixin.py:190} INFO - [2025-03-26T16:55:29.688+0000] {dag.py:4180} INFO - Setting next_dagrun for example_bash_operator to 2025-03-25 00:00:00+00:00, run_after=2025-03-26 00:00:00+00:00
[2025-03-26T16:55:29.697+0000] {processor.py:208} INFO - Processing /home/airflow/.local/lib/python3.12/site-packages/airflow/example_dags/example_bash_operator.py took 0.059 seconds
[2025-03-26T16:56:04.910+0000] {processor.py:186} INFO - Started process (PID=12159) to work on /home/airflow/.local/lib/python3.12/site-packages/airflow/example_dags/example_bash_operator.py
[2025-03-26T16:56:04.911+0000] {processor.py:914} INFO - Processing file /home/airflow/.local/lib/python3.12/site-packages/airflow/example_dags/example_bash_operator.py for tasks to queue
[2025-03-26T16:56:04.912+0000] {logging_mixin.py:190} INFO - [2025-03-26T16:56:04.912+0000] {dagbag.py:588} INFO - Filling up the DagBag from /home/airflow/.local/lib/python3.12/site-packages/airflow/example_dags/example_bash_operator.py
[2025-03-26T16:56:04.922+0000] {processor.py:925} INFO - DAG(s) 'example_bash_operator' retrieved from /home/airflow/.local/lib/python3.12/site-packages/airflow/example_dags/example_bash_operator.py
[2025-03-26T16:56:04.937+0000] {logging_mixin.py:190} INFO - [2025-03-26T16:56:04.936+0000] {dag.py:3239} INFO - Sync 1 DAGs
[2025-03-26T16:56:04.955+0000] {logging_mixin.py:190} INFO - [2025-03-26T16:56:04.955+0000] {dag.py:4180} INFO - Setting next_dagrun for example_bash_operator to 2025-03-25 00:00:00+00:00, run_after=2025-03-26 00:00:00+00:00
[2025-03-26T16:56:04.965+0000] {processor.py:208} INFO - Processing /home/airflow/.local/lib/python3.12/site-packages/airflow/example_dags/example_bash_operator.py took 0.060 seconds
[2025-03-26T16:56:39.267+0000] {processor.py:186} INFO - Started process (PID=12221) to work on /home/airflow/.local/lib/python3.12/site-packages/airflow/example_dags/example_bash_operator.py
[2025-03-26T16:56:39.268+0000] {processor.py:914} INFO - Processing file /home/airflow/.local/lib/python3.12/site-packages/airflow/example_dags/example_bash_operator.py for tasks to queue
[2025-03-26T16:56:39.271+0000] {logging_mixin.py:190} INFO - [2025-03-26T16:56:39.271+0000] {dagbag.py:588} INFO - Filling up the DagBag from /home/airflow/.local/lib/python3.12/site-packages/airflow/example_dags/example_bash_operator.py
[2025-03-26T16:56:39.279+0000] {processor.py:925} INFO - DAG(s) 'example_bash_operator' retrieved from /home/airflow/.local/lib/python3.12/site-packages/airflow/example_dags/example_bash_operator.py
[2025-03-26T16:56:39.294+0000] {logging_mixin.py:190} INFO - [2025-03-26T16:56:39.294+0000] {dag.py:3239} INFO - Sync 1 DAGs
[2025-03-26T16:56:39.306+0000] {logging_mixin.py:190} INFO - [2025-03-26T16:56:39.306+0000] {dag.py:4180} INFO - Setting next_dagrun for example_bash_operator to 2025-03-25 00:00:00+00:00, run_after=2025-03-26 00:00:00+00:00
[2025-03-26T16:56:39.314+0000] {processor.py:208} INFO - Processing /home/airflow/.local/lib/python3.12/site-packages/airflow/example_dags/example_bash_operator.py took 0.059 seconds
[2025-03-26T16:57:15.820+0000] {processor.py:186} INFO - Started process (PID=12283) to work on /home/airflow/.local/lib/python3.12/site-packages/airflow/example_dags/example_bash_operator.py
[2025-03-26T16:57:15.821+0000] {processor.py:914} INFO - Processing file /home/airflow/.local/lib/python3.12/site-packages/airflow/example_dags/example_bash_operator.py for tasks to queue
[2025-03-26T16:57:15.823+0000] {logging_mixin.py:190} INFO - [2025-03-26T16:57:15.823+0000] {dagbag.py:588} INFO - Filling up the DagBag from /home/airflow/.local/lib/python3.12/site-packages/airflow/example_dags/example_bash_operator.py
[2025-03-26T16:57:15.835+0000] {processor.py:925} INFO - DAG(s) 'example_bash_operator' retrieved from /home/airflow/.local/lib/python3.12/site-packages/airflow/example_dags/example_bash_operator.py
[2025-03-26T16:57:15.853+0000] {logging_mixin.py:190} INFO - [2025-03-26T16:57:15.852+0000] {dag.py:3239} INFO - Sync 1 DAGs
[2025-03-26T16:57:15.870+0000] {logging_mixin.py:190} INFO - [2025-03-26T16:57:15.870+0000] {dag.py:4180} INFO - Setting next_dagrun for example_bash_operator to 2025-03-25 00:00:00+00:00, run_after=2025-03-26 00:00:00+00:00
[2025-03-26T16:57:15.878+0000] {processor.py:208} INFO - Processing /home/airflow/.local/lib/python3.12/site-packages/airflow/example_dags/example_bash_operator.py took 0.063 seconds
[2025-03-26T16:57:58.692+0000] {processor.py:186} INFO - Started process (PID=12345) to work on /home/airflow/.local/lib/python3.12/site-packages/airflow/example_dags/example_bash_operator.py
[2025-03-26T16:57:58.693+0000] {processor.py:914} INFO - Processing file /home/airflow/.local/lib/python3.12/site-packages/airflow/example_dags/example_bash_operator.py for tasks to queue
[2025-03-26T16:57:58.695+0000] {logging_mixin.py:190} INFO - [2025-03-26T16:57:58.695+0000] {dagbag.py:588} INFO - Filling up the DagBag from /home/airflow/.local/lib/python3.12/site-packages/airflow/example_dags/example_bash_operator.py
[2025-03-26T16:57:58.702+0000] {processor.py:925} INFO - DAG(s) 'example_bash_operator' retrieved from /home/airflow/.local/lib/python3.12/site-packages/airflow/example_dags/example_bash_operator.py
[2025-03-26T16:57:58.715+0000] {logging_mixin.py:190} INFO - [2025-03-26T16:57:58.715+0000] {dag.py:3239} INFO - Sync 1 DAGs
[2025-03-26T16:57:58.726+0000] {logging_mixin.py:190} INFO - [2025-03-26T16:57:58.726+0000] {dag.py:4180} INFO - Setting next_dagrun for example_bash_operator to 2025-03-25 00:00:00+00:00, run_after=2025-03-26 00:00:00+00:00
[2025-03-26T16:57:58.734+0000] {processor.py:208} INFO - Processing /home/airflow/.local/lib/python3.12/site-packages/airflow/example_dags/example_bash_operator.py took 0.045 seconds
[2025-03-26T16:58:32.565+0000] {processor.py:186} INFO - Started process (PID=12407) to work on /home/airflow/.local/lib/python3.12/site-packages/airflow/example_dags/example_bash_operator.py
[2025-03-26T16:58:32.566+0000] {processor.py:914} INFO - Processing file /home/airflow/.local/lib/python3.12/site-packages/airflow/example_dags/example_bash_operator.py for tasks to queue
[2025-03-26T16:58:32.567+0000] {logging_mixin.py:190} INFO - [2025-03-26T16:58:32.567+0000] {dagbag.py:588} INFO - Filling up the DagBag from /home/airflow/.local/lib/python3.12/site-packages/airflow/example_dags/example_bash_operator.py
[2025-03-26T16:58:32.575+0000] {processor.py:925} INFO - DAG(s) 'example_bash_operator' retrieved from /home/airflow/.local/lib/python3.12/site-packages/airflow/example_dags/example_bash_operator.py
[2025-03-26T16:58:32.589+0000] {logging_mixin.py:190} INFO - [2025-03-26T16:58:32.589+0000] {dag.py:3239} INFO - Sync 1 DAGs
[2025-03-26T16:58:32.600+0000] {logging_mixin.py:190} INFO - [2025-03-26T16:58:32.600+0000] {dag.py:4180} INFO - Setting next_dagrun for example_bash_operator to 2025-03-25 00:00:00+00:00, run_after=2025-03-26 00:00:00+00:00
[2025-03-26T16:58:32.608+0000] {processor.py:208} INFO - Processing /home/airflow/.local/lib/python3.12/site-packages/airflow/example_dags/example_bash_operator.py took 0.045 seconds
[2025-03-26T17:14:40.469+0000] {processor.py:186} INFO - Started process (PID=12469) to work on /home/airflow/.local/lib/python3.12/site-packages/airflow/example_dags/example_bash_operator.py
[2025-03-26T17:14:40.470+0000] {processor.py:914} INFO - Processing file /home/airflow/.local/lib/python3.12/site-packages/airflow/example_dags/example_bash_operator.py for tasks to queue
[2025-03-26T17:14:40.472+0000] {logging_mixin.py:190} INFO - [2025-03-26T17:14:40.471+0000] {dagbag.py:588} INFO - Filling up the DagBag from /home/airflow/.local/lib/python3.12/site-packages/airflow/example_dags/example_bash_operator.py
[2025-03-26T17:14:40.482+0000] {processor.py:925} INFO - DAG(s) 'example_bash_operator' retrieved from /home/airflow/.local/lib/python3.12/site-packages/airflow/example_dags/example_bash_operator.py
[2025-03-26T17:14:40.503+0000] {logging_mixin.py:190} INFO - [2025-03-26T17:14:40.502+0000] {dag.py:3239} INFO - Sync 1 DAGs
[2025-03-26T17:14:40.518+0000] {logging_mixin.py:190} INFO - [2025-03-26T17:14:40.518+0000] {dag.py:4180} INFO - Setting next_dagrun for example_bash_operator to 2025-03-25 00:00:00+00:00, run_after=2025-03-26 00:00:00+00:00
[2025-03-26T17:14:40.530+0000] {processor.py:208} INFO - Processing /home/airflow/.local/lib/python3.12/site-packages/airflow/example_dags/example_bash_operator.py took 0.066 seconds
[2025-03-26T17:30:34.360+0000] {processor.py:186} INFO - Started process (PID=12531) to work on /home/airflow/.local/lib/python3.12/site-packages/airflow/example_dags/example_bash_operator.py
[2025-03-26T17:30:34.362+0000] {processor.py:914} INFO - Processing file /home/airflow/.local/lib/python3.12/site-packages/airflow/example_dags/example_bash_operator.py for tasks to queue
[2025-03-26T17:30:34.367+0000] {logging_mixin.py:190} INFO - [2025-03-26T17:30:34.367+0000] {dagbag.py:588} INFO - Filling up the DagBag from /home/airflow/.local/lib/python3.12/site-packages/airflow/example_dags/example_bash_operator.py
[2025-03-26T17:30:34.383+0000] {processor.py:925} INFO - DAG(s) 'example_bash_operator' retrieved from /home/airflow/.local/lib/python3.12/site-packages/airflow/example_dags/example_bash_operator.py
[2025-03-26T17:30:34.415+0000] {logging_mixin.py:190} INFO - [2025-03-26T17:30:34.415+0000] {dag.py:3239} INFO - Sync 1 DAGs
[2025-03-26T17:30:34.449+0000] {logging_mixin.py:190} INFO - [2025-03-26T17:30:34.449+0000] {dag.py:4180} INFO - Setting next_dagrun for example_bash_operator to 2025-03-25 00:00:00+00:00, run_after=2025-03-26 00:00:00+00:00
[2025-03-26T17:30:34.504+0000] {processor.py:208} INFO - Processing /home/airflow/.local/lib/python3.12/site-packages/airflow/example_dags/example_bash_operator.py took 0.155 seconds
[2025-03-26T17:31:04.812+0000] {processor.py:186} INFO - Started process (PID=12593) to work on /home/airflow/.local/lib/python3.12/site-packages/airflow/example_dags/example_bash_operator.py
[2025-03-26T17:31:04.813+0000] {processor.py:914} INFO - Processing file /home/airflow/.local/lib/python3.12/site-packages/airflow/example_dags/example_bash_operator.py for tasks to queue
[2025-03-26T17:31:04.814+0000] {logging_mixin.py:190} INFO - [2025-03-26T17:31:04.814+0000] {dagbag.py:588} INFO - Filling up the DagBag from /home/airflow/.local/lib/python3.12/site-packages/airflow/example_dags/example_bash_operator.py
[2025-03-26T17:31:04.823+0000] {processor.py:925} INFO - DAG(s) 'example_bash_operator' retrieved from /home/airflow/.local/lib/python3.12/site-packages/airflow/example_dags/example_bash_operator.py
[2025-03-26T17:31:04.843+0000] {logging_mixin.py:190} INFO - [2025-03-26T17:31:04.843+0000] {dag.py:3239} INFO - Sync 1 DAGs
[2025-03-26T17:31:04.859+0000] {logging_mixin.py:190} INFO - [2025-03-26T17:31:04.859+0000] {dag.py:4180} INFO - Setting next_dagrun for example_bash_operator to 2025-03-25 00:00:00+00:00, run_after=2025-03-26 00:00:00+00:00
[2025-03-26T17:31:04.871+0000] {processor.py:208} INFO - Processing /home/airflow/.local/lib/python3.12/site-packages/airflow/example_dags/example_bash_operator.py took 0.066 seconds
[2025-03-26T17:49:20.527+0000] {processor.py:186} INFO - Started process (PID=12655) to work on /home/airflow/.local/lib/python3.12/site-packages/airflow/example_dags/example_bash_operator.py
[2025-03-26T17:49:20.528+0000] {processor.py:914} INFO - Processing file /home/airflow/.local/lib/python3.12/site-packages/airflow/example_dags/example_bash_operator.py for tasks to queue
[2025-03-26T17:49:20.530+0000] {logging_mixin.py:190} INFO - [2025-03-26T17:49:20.530+0000] {dagbag.py:588} INFO - Filling up the DagBag from /home/airflow/.local/lib/python3.12/site-packages/airflow/example_dags/example_bash_operator.py
[2025-03-26T17:49:20.538+0000] {processor.py:925} INFO - DAG(s) 'example_bash_operator' retrieved from /home/airflow/.local/lib/python3.12/site-packages/airflow/example_dags/example_bash_operator.py
[2025-03-26T17:49:20.554+0000] {logging_mixin.py:190} INFO - [2025-03-26T17:49:20.554+0000] {dag.py:3239} INFO - Sync 1 DAGs
[2025-03-26T17:49:20.569+0000] {logging_mixin.py:190} INFO - [2025-03-26T17:49:20.569+0000] {dag.py:4180} INFO - Setting next_dagrun for example_bash_operator to 2025-03-25 00:00:00+00:00, run_after=2025-03-26 00:00:00+00:00
[2025-03-26T17:49:20.577+0000] {processor.py:208} INFO - Processing /home/airflow/.local/lib/python3.12/site-packages/airflow/example_dags/example_bash_operator.py took 0.053 seconds
[2025-03-26T18:22:07.587+0000] {processor.py:186} INFO - Started process (PID=12717) to work on /home/airflow/.local/lib/python3.12/site-packages/airflow/example_dags/example_bash_operator.py
[2025-03-26T18:22:07.589+0000] {processor.py:914} INFO - Processing file /home/airflow/.local/lib/python3.12/site-packages/airflow/example_dags/example_bash_operator.py for tasks to queue
[2025-03-26T18:22:07.591+0000] {logging_mixin.py:190} INFO - [2025-03-26T18:22:07.591+0000] {dagbag.py:588} INFO - Filling up the DagBag from /home/airflow/.local/lib/python3.12/site-packages/airflow/example_dags/example_bash_operator.py
[2025-03-26T18:22:07.604+0000] {processor.py:925} INFO - DAG(s) 'example_bash_operator' retrieved from /home/airflow/.local/lib/python3.12/site-packages/airflow/example_dags/example_bash_operator.py
[2025-03-26T18:22:07.629+0000] {logging_mixin.py:190} INFO - [2025-03-26T18:22:07.629+0000] {dag.py:3239} INFO - Sync 1 DAGs
[2025-03-26T18:22:07.647+0000] {logging_mixin.py:190} INFO - [2025-03-26T18:22:07.647+0000] {dag.py:4180} INFO - Setting next_dagrun for example_bash_operator to 2025-03-25 00:00:00+00:00, run_after=2025-03-26 00:00:00+00:00
[2025-03-26T18:22:07.664+0000] {processor.py:208} INFO - Processing /home/airflow/.local/lib/python3.12/site-packages/airflow/example_dags/example_bash_operator.py took 0.082 seconds
[2025-03-26T18:22:40.094+0000] {processor.py:186} INFO - Started process (PID=12779) to work on /home/airflow/.local/lib/python3.12/site-packages/airflow/example_dags/example_bash_operator.py
[2025-03-26T18:22:40.095+0000] {processor.py:914} INFO - Processing file /home/airflow/.local/lib/python3.12/site-packages/airflow/example_dags/example_bash_operator.py for tasks to queue
[2025-03-26T18:22:40.098+0000] {logging_mixin.py:190} INFO - [2025-03-26T18:22:40.097+0000] {dagbag.py:588} INFO - Filling up the DagBag from /home/airflow/.local/lib/python3.12/site-packages/airflow/example_dags/example_bash_operator.py
[2025-03-26T18:22:40.106+0000] {processor.py:925} INFO - DAG(s) 'example_bash_operator' retrieved from /home/airflow/.local/lib/python3.12/site-packages/airflow/example_dags/example_bash_operator.py
[2025-03-26T18:22:40.120+0000] {logging_mixin.py:190} INFO - [2025-03-26T18:22:40.120+0000] {dag.py:3239} INFO - Sync 1 DAGs
[2025-03-26T18:22:40.134+0000] {logging_mixin.py:190} INFO - [2025-03-26T18:22:40.134+0000] {dag.py:4180} INFO - Setting next_dagrun for example_bash_operator to 2025-03-25 00:00:00+00:00, run_after=2025-03-26 00:00:00+00:00
[2025-03-26T18:22:40.146+0000] {processor.py:208} INFO - Processing /home/airflow/.local/lib/python3.12/site-packages/airflow/example_dags/example_bash_operator.py took 0.062 seconds
[2025-03-26T18:40:46.269+0000] {processor.py:186} INFO - Started process (PID=12841) to work on /home/airflow/.local/lib/python3.12/site-packages/airflow/example_dags/example_bash_operator.py
[2025-03-26T18:40:46.270+0000] {processor.py:914} INFO - Processing file /home/airflow/.local/lib/python3.12/site-packages/airflow/example_dags/example_bash_operator.py for tasks to queue
[2025-03-26T18:40:46.272+0000] {logging_mixin.py:190} INFO - [2025-03-26T18:40:46.272+0000] {dagbag.py:588} INFO - Filling up the DagBag from /home/airflow/.local/lib/python3.12/site-packages/airflow/example_dags/example_bash_operator.py
[2025-03-26T18:40:46.280+0000] {processor.py:925} INFO - DAG(s) 'example_bash_operator' retrieved from /home/airflow/.local/lib/python3.12/site-packages/airflow/example_dags/example_bash_operator.py
[2025-03-26T18:40:46.295+0000] {logging_mixin.py:190} INFO - [2025-03-26T18:40:46.295+0000] {dag.py:3239} INFO - Sync 1 DAGs
[2025-03-26T18:40:46.315+0000] {logging_mixin.py:190} INFO - [2025-03-26T18:40:46.315+0000] {dag.py:4180} INFO - Setting next_dagrun for example_bash_operator to 2025-03-25 00:00:00+00:00, run_after=2025-03-26 00:00:00+00:00
[2025-03-26T18:40:46.333+0000] {processor.py:208} INFO - Processing /home/airflow/.local/lib/python3.12/site-packages/airflow/example_dags/example_bash_operator.py took 0.067 seconds
[2025-03-26T18:59:46.618+0000] {processor.py:186} INFO - Started process (PID=12903) to work on /home/airflow/.local/lib/python3.12/site-packages/airflow/example_dags/example_bash_operator.py
[2025-03-26T18:59:46.619+0000] {processor.py:914} INFO - Processing file /home/airflow/.local/lib/python3.12/site-packages/airflow/example_dags/example_bash_operator.py for tasks to queue
[2025-03-26T18:59:46.620+0000] {logging_mixin.py:190} INFO - [2025-03-26T18:59:46.620+0000] {dagbag.py:588} INFO - Filling up the DagBag from /home/airflow/.local/lib/python3.12/site-packages/airflow/example_dags/example_bash_operator.py
[2025-03-26T18:59:46.626+0000] {processor.py:925} INFO - DAG(s) 'example_bash_operator' retrieved from /home/airflow/.local/lib/python3.12/site-packages/airflow/example_dags/example_bash_operator.py
[2025-03-26T18:59:46.639+0000] {logging_mixin.py:190} INFO - [2025-03-26T18:59:46.639+0000] {dag.py:3239} INFO - Sync 1 DAGs
[2025-03-26T18:59:46.650+0000] {logging_mixin.py:190} INFO - [2025-03-26T18:59:46.650+0000] {dag.py:4180} INFO - Setting next_dagrun for example_bash_operator to 2025-03-25 00:00:00+00:00, run_after=2025-03-26 00:00:00+00:00
[2025-03-26T18:59:46.658+0000] {processor.py:208} INFO - Processing /home/airflow/.local/lib/python3.12/site-packages/airflow/example_dags/example_bash_operator.py took 0.043 seconds
[2025-03-26T19:16:02.228+0000] {processor.py:186} INFO - Started process (PID=12965) to work on /home/airflow/.local/lib/python3.12/site-packages/airflow/example_dags/example_bash_operator.py
[2025-03-26T19:16:02.228+0000] {processor.py:914} INFO - Processing file /home/airflow/.local/lib/python3.12/site-packages/airflow/example_dags/example_bash_operator.py for tasks to queue
[2025-03-26T19:16:02.230+0000] {logging_mixin.py:190} INFO - [2025-03-26T19:16:02.230+0000] {dagbag.py:588} INFO - Filling up the DagBag from /home/airflow/.local/lib/python3.12/site-packages/airflow/example_dags/example_bash_operator.py
[2025-03-26T19:16:02.237+0000] {processor.py:925} INFO - DAG(s) 'example_bash_operator' retrieved from /home/airflow/.local/lib/python3.12/site-packages/airflow/example_dags/example_bash_operator.py
[2025-03-26T19:16:02.254+0000] {logging_mixin.py:190} INFO - [2025-03-26T19:16:02.254+0000] {dag.py:3239} INFO - Sync 1 DAGs
[2025-03-26T19:16:02.271+0000] {logging_mixin.py:190} INFO - [2025-03-26T19:16:02.270+0000] {dag.py:4180} INFO - Setting next_dagrun for example_bash_operator to 2025-03-25 00:00:00+00:00, run_after=2025-03-26 00:00:00+00:00
[2025-03-26T19:16:02.282+0000] {processor.py:208} INFO - Processing /home/airflow/.local/lib/python3.12/site-packages/airflow/example_dags/example_bash_operator.py took 0.058 seconds
[2025-03-26T19:37:53.979+0000] {processor.py:186} INFO - Started process (PID=13027) to work on /home/airflow/.local/lib/python3.12/site-packages/airflow/example_dags/example_bash_operator.py
[2025-03-26T19:37:53.982+0000] {processor.py:914} INFO - Processing file /home/airflow/.local/lib/python3.12/site-packages/airflow/example_dags/example_bash_operator.py for tasks to queue
[2025-03-26T19:37:53.984+0000] {logging_mixin.py:190} INFO - [2025-03-26T19:37:53.984+0000] {dagbag.py:588} INFO - Filling up the DagBag from /home/airflow/.local/lib/python3.12/site-packages/airflow/example_dags/example_bash_operator.py
[2025-03-26T19:37:54.001+0000] {processor.py:925} INFO - DAG(s) 'example_bash_operator' retrieved from /home/airflow/.local/lib/python3.12/site-packages/airflow/example_dags/example_bash_operator.py
[2025-03-26T19:37:54.062+0000] {logging_mixin.py:190} INFO - [2025-03-26T19:37:54.062+0000] {dag.py:3239} INFO - Sync 1 DAGs
[2025-03-26T19:37:54.078+0000] {logging_mixin.py:190} INFO - [2025-03-26T19:37:54.078+0000] {dag.py:4180} INFO - Setting next_dagrun for example_bash_operator to 2025-03-25 00:00:00+00:00, run_after=2025-03-26 00:00:00+00:00
[2025-03-26T19:37:54.095+0000] {processor.py:208} INFO - Processing /home/airflow/.local/lib/python3.12/site-packages/airflow/example_dags/example_bash_operator.py took 0.126 seconds
[2025-03-26T20:00:35.746+0000] {processor.py:186} INFO - Started process (PID=13089) to work on /home/airflow/.local/lib/python3.12/site-packages/airflow/example_dags/example_bash_operator.py
[2025-03-26T20:00:35.747+0000] {processor.py:914} INFO - Processing file /home/airflow/.local/lib/python3.12/site-packages/airflow/example_dags/example_bash_operator.py for tasks to queue
[2025-03-26T20:00:35.748+0000] {logging_mixin.py:190} INFO - [2025-03-26T20:00:35.748+0000] {dagbag.py:588} INFO - Filling up the DagBag from /home/airflow/.local/lib/python3.12/site-packages/airflow/example_dags/example_bash_operator.py
[2025-03-26T20:00:35.756+0000] {processor.py:925} INFO - DAG(s) 'example_bash_operator' retrieved from /home/airflow/.local/lib/python3.12/site-packages/airflow/example_dags/example_bash_operator.py
[2025-03-26T20:00:35.777+0000] {logging_mixin.py:190} INFO - [2025-03-26T20:00:35.777+0000] {dag.py:3239} INFO - Sync 1 DAGs
[2025-03-26T20:00:35.791+0000] {logging_mixin.py:190} INFO - [2025-03-26T20:00:35.791+0000] {dag.py:4180} INFO - Setting next_dagrun for example_bash_operator to 2025-03-25 00:00:00+00:00, run_after=2025-03-26 00:00:00+00:00
[2025-03-26T20:00:35.806+0000] {processor.py:208} INFO - Processing /home/airflow/.local/lib/python3.12/site-packages/airflow/example_dags/example_bash_operator.py took 0.064 seconds
[2025-03-26T20:16:12.596+0000] {processor.py:186} INFO - Started process (PID=13151) to work on /home/airflow/.local/lib/python3.12/site-packages/airflow/example_dags/example_bash_operator.py
[2025-03-26T20:16:12.598+0000] {processor.py:914} INFO - Processing file /home/airflow/.local/lib/python3.12/site-packages/airflow/example_dags/example_bash_operator.py for tasks to queue
[2025-03-26T20:16:12.600+0000] {logging_mixin.py:190} INFO - [2025-03-26T20:16:12.600+0000] {dagbag.py:588} INFO - Filling up the DagBag from /home/airflow/.local/lib/python3.12/site-packages/airflow/example_dags/example_bash_operator.py
[2025-03-26T20:16:12.606+0000] {processor.py:925} INFO - DAG(s) 'example_bash_operator' retrieved from /home/airflow/.local/lib/python3.12/site-packages/airflow/example_dags/example_bash_operator.py
[2025-03-26T20:16:12.619+0000] {logging_mixin.py:190} INFO - [2025-03-26T20:16:12.619+0000] {dag.py:3239} INFO - Sync 1 DAGs
[2025-03-26T20:16:12.633+0000] {logging_mixin.py:190} INFO - [2025-03-26T20:16:12.633+0000] {dag.py:4180} INFO - Setting next_dagrun for example_bash_operator to 2025-03-25 00:00:00+00:00, run_after=2025-03-26 00:00:00+00:00
[2025-03-26T20:16:12.646+0000] {processor.py:208} INFO - Processing /home/airflow/.local/lib/python3.12/site-packages/airflow/example_dags/example_bash_operator.py took 0.053 seconds
[2025-03-26T20:32:45.970+0000] {processor.py:186} INFO - Started process (PID=13213) to work on /home/airflow/.local/lib/python3.12/site-packages/airflow/example_dags/example_bash_operator.py
[2025-03-26T20:32:45.971+0000] {processor.py:914} INFO - Processing file /home/airflow/.local/lib/python3.12/site-packages/airflow/example_dags/example_bash_operator.py for tasks to queue
[2025-03-26T20:32:45.973+0000] {logging_mixin.py:190} INFO - [2025-03-26T20:32:45.973+0000] {dagbag.py:588} INFO - Filling up the DagBag from /home/airflow/.local/lib/python3.12/site-packages/airflow/example_dags/example_bash_operator.py
[2025-03-26T20:32:45.985+0000] {processor.py:925} INFO - DAG(s) 'example_bash_operator' retrieved from /home/airflow/.local/lib/python3.12/site-packages/airflow/example_dags/example_bash_operator.py
[2025-03-26T20:32:46.006+0000] {logging_mixin.py:190} INFO - [2025-03-26T20:32:46.006+0000] {dag.py:3239} INFO - Sync 1 DAGs
[2025-03-26T20:32:46.019+0000] {logging_mixin.py:190} INFO - [2025-03-26T20:32:46.019+0000] {dag.py:4180} INFO - Setting next_dagrun for example_bash_operator to 2025-03-25 00:00:00+00:00, run_after=2025-03-26 00:00:00+00:00
[2025-03-26T20:32:46.030+0000] {processor.py:208} INFO - Processing /home/airflow/.local/lib/python3.12/site-packages/airflow/example_dags/example_bash_operator.py took 0.063 seconds
[2025-03-26T20:44:09.989+0000] {processor.py:186} INFO - Started process (PID=13275) to work on /home/airflow/.local/lib/python3.12/site-packages/airflow/example_dags/example_bash_operator.py
[2025-03-26T20:44:09.991+0000] {processor.py:914} INFO - Processing file /home/airflow/.local/lib/python3.12/site-packages/airflow/example_dags/example_bash_operator.py for tasks to queue
[2025-03-26T20:44:09.994+0000] {logging_mixin.py:190} INFO - [2025-03-26T20:44:09.994+0000] {dagbag.py:588} INFO - Filling up the DagBag from /home/airflow/.local/lib/python3.12/site-packages/airflow/example_dags/example_bash_operator.py
[2025-03-26T20:44:10.009+0000] {processor.py:925} INFO - DAG(s) 'example_bash_operator' retrieved from /home/airflow/.local/lib/python3.12/site-packages/airflow/example_dags/example_bash_operator.py
[2025-03-26T20:44:10.067+0000] {logging_mixin.py:190} INFO - [2025-03-26T20:44:10.066+0000] {dag.py:3239} INFO - Sync 1 DAGs
[2025-03-26T20:44:10.166+0000] {logging_mixin.py:190} INFO - [2025-03-26T20:44:10.166+0000] {dag.py:4180} INFO - Setting next_dagrun for example_bash_operator to 2025-03-25 00:00:00+00:00, run_after=2025-03-26 00:00:00+00:00
[2025-03-26T20:44:10.198+0000] {processor.py:208} INFO - Processing /home/airflow/.local/lib/python3.12/site-packages/airflow/example_dags/example_bash_operator.py took 0.216 seconds
[2025-03-26T21:00:51.385+0000] {processor.py:186} INFO - Started process (PID=13337) to work on /home/airflow/.local/lib/python3.12/site-packages/airflow/example_dags/example_bash_operator.py
[2025-03-26T21:00:51.388+0000] {processor.py:914} INFO - Processing file /home/airflow/.local/lib/python3.12/site-packages/airflow/example_dags/example_bash_operator.py for tasks to queue
[2025-03-26T21:00:51.390+0000] {logging_mixin.py:190} INFO - [2025-03-26T21:00:51.390+0000] {dagbag.py:588} INFO - Filling up the DagBag from /home/airflow/.local/lib/python3.12/site-packages/airflow/example_dags/example_bash_operator.py
[2025-03-26T21:00:51.401+0000] {processor.py:925} INFO - DAG(s) 'example_bash_operator' retrieved from /home/airflow/.local/lib/python3.12/site-packages/airflow/example_dags/example_bash_operator.py
[2025-03-26T21:00:51.417+0000] {logging_mixin.py:190} INFO - [2025-03-26T21:00:51.417+0000] {dag.py:3239} INFO - Sync 1 DAGs
[2025-03-26T21:00:51.430+0000] {logging_mixin.py:190} INFO - [2025-03-26T21:00:51.430+0000] {dag.py:4180} INFO - Setting next_dagrun for example_bash_operator to 2025-03-25 00:00:00+00:00, run_after=2025-03-26 00:00:00+00:00
[2025-03-26T21:00:51.441+0000] {processor.py:208} INFO - Processing /home/airflow/.local/lib/python3.12/site-packages/airflow/example_dags/example_bash_operator.py took 0.060 seconds
[2025-03-26T21:16:27.867+0000] {processor.py:186} INFO - Started process (PID=13399) to work on /home/airflow/.local/lib/python3.12/site-packages/airflow/example_dags/example_bash_operator.py
[2025-03-26T21:16:27.867+0000] {processor.py:914} INFO - Processing file /home/airflow/.local/lib/python3.12/site-packages/airflow/example_dags/example_bash_operator.py for tasks to queue
[2025-03-26T21:16:27.869+0000] {logging_mixin.py:190} INFO - [2025-03-26T21:16:27.869+0000] {dagbag.py:588} INFO - Filling up the DagBag from /home/airflow/.local/lib/python3.12/site-packages/airflow/example_dags/example_bash_operator.py
[2025-03-26T21:16:27.876+0000] {processor.py:925} INFO - DAG(s) 'example_bash_operator' retrieved from /home/airflow/.local/lib/python3.12/site-packages/airflow/example_dags/example_bash_operator.py
[2025-03-26T21:16:27.895+0000] {logging_mixin.py:190} INFO - [2025-03-26T21:16:27.894+0000] {dag.py:3239} INFO - Sync 1 DAGs
[2025-03-26T21:16:27.921+0000] {logging_mixin.py:190} INFO - [2025-03-26T21:16:27.921+0000] {dag.py:4180} INFO - Setting next_dagrun for example_bash_operator to 2025-03-25 00:00:00+00:00, run_after=2025-03-26 00:00:00+00:00
[2025-03-26T21:16:27.937+0000] {processor.py:208} INFO - Processing /home/airflow/.local/lib/python3.12/site-packages/airflow/example_dags/example_bash_operator.py took 0.075 seconds
[2025-03-26T21:32:55.501+0000] {processor.py:186} INFO - Started process (PID=13461) to work on /home/airflow/.local/lib/python3.12/site-packages/airflow/example_dags/example_bash_operator.py
[2025-03-26T21:32:55.501+0000] {processor.py:914} INFO - Processing file /home/airflow/.local/lib/python3.12/site-packages/airflow/example_dags/example_bash_operator.py for tasks to queue
[2025-03-26T21:32:55.503+0000] {logging_mixin.py:190} INFO - [2025-03-26T21:32:55.503+0000] {dagbag.py:588} INFO - Filling up the DagBag from /home/airflow/.local/lib/python3.12/site-packages/airflow/example_dags/example_bash_operator.py
[2025-03-26T21:32:55.519+0000] {processor.py:925} INFO - DAG(s) 'example_bash_operator' retrieved from /home/airflow/.local/lib/python3.12/site-packages/airflow/example_dags/example_bash_operator.py
[2025-03-26T21:32:55.542+0000] {logging_mixin.py:190} INFO - [2025-03-26T21:32:55.542+0000] {dag.py:3239} INFO - Sync 1 DAGs
[2025-03-26T21:32:55.560+0000] {logging_mixin.py:190} INFO - [2025-03-26T21:32:55.560+0000] {dag.py:4180} INFO - Setting next_dagrun for example_bash_operator to 2025-03-25 00:00:00+00:00, run_after=2025-03-26 00:00:00+00:00
[2025-03-26T21:32:55.580+0000] {processor.py:208} INFO - Processing /home/airflow/.local/lib/python3.12/site-packages/airflow/example_dags/example_bash_operator.py took 0.085 seconds
[2025-03-26T21:45:01.720+0000] {processor.py:186} INFO - Started process (PID=13523) to work on /home/airflow/.local/lib/python3.12/site-packages/airflow/example_dags/example_bash_operator.py
[2025-03-26T21:45:01.722+0000] {processor.py:914} INFO - Processing file /home/airflow/.local/lib/python3.12/site-packages/airflow/example_dags/example_bash_operator.py for tasks to queue
[2025-03-26T21:45:01.723+0000] {logging_mixin.py:190} INFO - [2025-03-26T21:45:01.723+0000] {dagbag.py:588} INFO - Filling up the DagBag from /home/airflow/.local/lib/python3.12/site-packages/airflow/example_dags/example_bash_operator.py
[2025-03-26T21:45:01.733+0000] {processor.py:925} INFO - DAG(s) 'example_bash_operator' retrieved from /home/airflow/.local/lib/python3.12/site-packages/airflow/example_dags/example_bash_operator.py
[2025-03-26T21:45:01.747+0000] {logging_mixin.py:190} INFO - [2025-03-26T21:45:01.747+0000] {dag.py:3239} INFO - Sync 1 DAGs
[2025-03-26T21:45:01.760+0000] {logging_mixin.py:190} INFO - [2025-03-26T21:45:01.760+0000] {dag.py:4180} INFO - Setting next_dagrun for example_bash_operator to 2025-03-25 00:00:00+00:00, run_after=2025-03-26 00:00:00+00:00
[2025-03-26T21:45:01.773+0000] {processor.py:208} INFO - Processing /home/airflow/.local/lib/python3.12/site-packages/airflow/example_dags/example_bash_operator.py took 0.057 seconds
[2025-03-26T22:02:07.529+0000] {processor.py:186} INFO - Started process (PID=13585) to work on /home/airflow/.local/lib/python3.12/site-packages/airflow/example_dags/example_bash_operator.py
[2025-03-26T22:02:07.530+0000] {processor.py:914} INFO - Processing file /home/airflow/.local/lib/python3.12/site-packages/airflow/example_dags/example_bash_operator.py for tasks to queue
[2025-03-26T22:02:07.533+0000] {logging_mixin.py:190} INFO - [2025-03-26T22:02:07.533+0000] {dagbag.py:588} INFO - Filling up the DagBag from /home/airflow/.local/lib/python3.12/site-packages/airflow/example_dags/example_bash_operator.py
[2025-03-26T22:02:07.546+0000] {processor.py:925} INFO - DAG(s) 'example_bash_operator' retrieved from /home/airflow/.local/lib/python3.12/site-packages/airflow/example_dags/example_bash_operator.py
[2025-03-26T22:02:07.561+0000] {logging_mixin.py:190} INFO - [2025-03-26T22:02:07.560+0000] {dag.py:3239} INFO - Sync 1 DAGs
[2025-03-26T22:02:07.572+0000] {logging_mixin.py:190} INFO - [2025-03-26T22:02:07.572+0000] {dag.py:4180} INFO - Setting next_dagrun for example_bash_operator to 2025-03-25 00:00:00+00:00, run_after=2025-03-26 00:00:00+00:00
[2025-03-26T22:02:07.580+0000] {processor.py:208} INFO - Processing /home/airflow/.local/lib/python3.12/site-packages/airflow/example_dags/example_bash_operator.py took 0.063 seconds
[2025-03-26T22:18:20.664+0000] {processor.py:186} INFO - Started process (PID=13646) to work on /home/airflow/.local/lib/python3.12/site-packages/airflow/example_dags/example_bash_operator.py
[2025-03-26T22:18:20.664+0000] {processor.py:914} INFO - Processing file /home/airflow/.local/lib/python3.12/site-packages/airflow/example_dags/example_bash_operator.py for tasks to queue
[2025-03-26T22:18:20.666+0000] {logging_mixin.py:190} INFO - [2025-03-26T22:18:20.665+0000] {dagbag.py:588} INFO - Filling up the DagBag from /home/airflow/.local/lib/python3.12/site-packages/airflow/example_dags/example_bash_operator.py
[2025-03-26T22:18:20.672+0000] {processor.py:925} INFO - DAG(s) 'example_bash_operator' retrieved from /home/airflow/.local/lib/python3.12/site-packages/airflow/example_dags/example_bash_operator.py
[2025-03-26T22:18:20.684+0000] {logging_mixin.py:190} INFO - [2025-03-26T22:18:20.684+0000] {dag.py:3239} INFO - Sync 1 DAGs
[2025-03-26T22:18:20.695+0000] {logging_mixin.py:190} INFO - [2025-03-26T22:18:20.695+0000] {dag.py:4180} INFO - Setting next_dagrun for example_bash_operator to 2025-03-25 00:00:00+00:00, run_after=2025-03-26 00:00:00+00:00
[2025-03-26T22:18:20.702+0000] {processor.py:208} INFO - Processing /home/airflow/.local/lib/python3.12/site-packages/airflow/example_dags/example_bash_operator.py took 0.041 seconds
[2025-03-26T22:18:53.064+0000] {processor.py:186} INFO - Started process (PID=13708) to work on /home/airflow/.local/lib/python3.12/site-packages/airflow/example_dags/example_bash_operator.py
[2025-03-26T22:18:53.065+0000] {processor.py:914} INFO - Processing file /home/airflow/.local/lib/python3.12/site-packages/airflow/example_dags/example_bash_operator.py for tasks to queue
[2025-03-26T22:18:53.067+0000] {logging_mixin.py:190} INFO - [2025-03-26T22:18:53.067+0000] {dagbag.py:588} INFO - Filling up the DagBag from /home/airflow/.local/lib/python3.12/site-packages/airflow/example_dags/example_bash_operator.py
[2025-03-26T22:18:53.074+0000] {processor.py:925} INFO - DAG(s) 'example_bash_operator' retrieved from /home/airflow/.local/lib/python3.12/site-packages/airflow/example_dags/example_bash_operator.py
[2025-03-26T22:18:53.088+0000] {logging_mixin.py:190} INFO - [2025-03-26T22:18:53.088+0000] {dag.py:3239} INFO - Sync 1 DAGs
[2025-03-26T22:18:53.101+0000] {logging_mixin.py:190} INFO - [2025-03-26T22:18:53.101+0000] {dag.py:4180} INFO - Setting next_dagrun for example_bash_operator to 2025-03-25 00:00:00+00:00, run_after=2025-03-26 00:00:00+00:00
[2025-03-26T22:18:53.116+0000] {processor.py:208} INFO - Processing /home/airflow/.local/lib/python3.12/site-packages/airflow/example_dags/example_bash_operator.py took 0.056 seconds
[2025-03-26T22:41:19.601+0000] {processor.py:186} INFO - Started process (PID=13770) to work on /home/airflow/.local/lib/python3.12/site-packages/airflow/example_dags/example_bash_operator.py
[2025-03-26T22:41:19.603+0000] {processor.py:914} INFO - Processing file /home/airflow/.local/lib/python3.12/site-packages/airflow/example_dags/example_bash_operator.py for tasks to queue
[2025-03-26T22:41:19.606+0000] {logging_mixin.py:190} INFO - [2025-03-26T22:41:19.606+0000] {dagbag.py:588} INFO - Filling up the DagBag from /home/airflow/.local/lib/python3.12/site-packages/airflow/example_dags/example_bash_operator.py
[2025-03-26T22:41:19.615+0000] {processor.py:925} INFO - DAG(s) 'example_bash_operator' retrieved from /home/airflow/.local/lib/python3.12/site-packages/airflow/example_dags/example_bash_operator.py
[2025-03-26T22:41:19.634+0000] {logging_mixin.py:190} INFO - [2025-03-26T22:41:19.633+0000] {dag.py:3239} INFO - Sync 1 DAGs
[2025-03-26T22:41:19.650+0000] {logging_mixin.py:190} INFO - [2025-03-26T22:41:19.650+0000] {dag.py:4180} INFO - Setting next_dagrun for example_bash_operator to 2025-03-25 00:00:00+00:00, run_after=2025-03-26 00:00:00+00:00
[2025-03-26T22:41:19.664+0000] {processor.py:208} INFO - Processing /home/airflow/.local/lib/python3.12/site-packages/airflow/example_dags/example_bash_operator.py took 0.075 seconds
[2025-03-26T22:41:50.750+0000] {processor.py:186} INFO - Started process (PID=13832) to work on /home/airflow/.local/lib/python3.12/site-packages/airflow/example_dags/example_bash_operator.py
[2025-03-26T22:41:50.752+0000] {processor.py:914} INFO - Processing file /home/airflow/.local/lib/python3.12/site-packages/airflow/example_dags/example_bash_operator.py for tasks to queue
[2025-03-26T22:41:50.755+0000] {logging_mixin.py:190} INFO - [2025-03-26T22:41:50.755+0000] {dagbag.py:588} INFO - Filling up the DagBag from /home/airflow/.local/lib/python3.12/site-packages/airflow/example_dags/example_bash_operator.py
[2025-03-26T22:41:50.764+0000] {processor.py:925} INFO - DAG(s) 'example_bash_operator' retrieved from /home/airflow/.local/lib/python3.12/site-packages/airflow/example_dags/example_bash_operator.py
[2025-03-26T22:41:50.791+0000] {logging_mixin.py:190} INFO - [2025-03-26T22:41:50.791+0000] {dag.py:3239} INFO - Sync 1 DAGs
[2025-03-26T22:41:50.809+0000] {logging_mixin.py:190} INFO - [2025-03-26T22:41:50.809+0000] {dag.py:4180} INFO - Setting next_dagrun for example_bash_operator to 2025-03-25 00:00:00+00:00, run_after=2025-03-26 00:00:00+00:00
[2025-03-26T22:41:50.819+0000] {processor.py:208} INFO - Processing /home/airflow/.local/lib/python3.12/site-packages/airflow/example_dags/example_bash_operator.py took 0.084 seconds
[2025-03-26T22:46:18.504+0000] {processor.py:186} INFO - Started process (PID=13894) to work on /home/airflow/.local/lib/python3.12/site-packages/airflow/example_dags/example_bash_operator.py
[2025-03-26T22:46:18.506+0000] {processor.py:914} INFO - Processing file /home/airflow/.local/lib/python3.12/site-packages/airflow/example_dags/example_bash_operator.py for tasks to queue
[2025-03-26T22:46:18.510+0000] {logging_mixin.py:190} INFO - [2025-03-26T22:46:18.510+0000] {dagbag.py:588} INFO - Filling up the DagBag from /home/airflow/.local/lib/python3.12/site-packages/airflow/example_dags/example_bash_operator.py
[2025-03-26T22:46:18.524+0000] {processor.py:925} INFO - DAG(s) 'example_bash_operator' retrieved from /home/airflow/.local/lib/python3.12/site-packages/airflow/example_dags/example_bash_operator.py
[2025-03-26T22:46:18.549+0000] {logging_mixin.py:190} INFO - [2025-03-26T22:46:18.549+0000] {dag.py:3239} INFO - Sync 1 DAGs
[2025-03-26T22:46:18.564+0000] {logging_mixin.py:190} INFO - [2025-03-26T22:46:18.564+0000] {dag.py:4180} INFO - Setting next_dagrun for example_bash_operator to 2025-03-25 00:00:00+00:00, run_after=2025-03-26 00:00:00+00:00
[2025-03-26T22:46:18.583+0000] {processor.py:208} INFO - Processing /home/airflow/.local/lib/python3.12/site-packages/airflow/example_dags/example_bash_operator.py took 0.083 seconds
[2025-03-26T23:19:44.069+0000] {processor.py:186} INFO - Started process (PID=13956) to work on /home/airflow/.local/lib/python3.12/site-packages/airflow/example_dags/example_bash_operator.py
[2025-03-26T23:19:44.070+0000] {processor.py:914} INFO - Processing file /home/airflow/.local/lib/python3.12/site-packages/airflow/example_dags/example_bash_operator.py for tasks to queue
[2025-03-26T23:19:44.072+0000] {logging_mixin.py:190} INFO - [2025-03-26T23:19:44.072+0000] {dagbag.py:588} INFO - Filling up the DagBag from /home/airflow/.local/lib/python3.12/site-packages/airflow/example_dags/example_bash_operator.py
[2025-03-26T23:19:44.080+0000] {processor.py:925} INFO - DAG(s) 'example_bash_operator' retrieved from /home/airflow/.local/lib/python3.12/site-packages/airflow/example_dags/example_bash_operator.py
[2025-03-26T23:19:44.098+0000] {logging_mixin.py:190} INFO - [2025-03-26T23:19:44.098+0000] {dag.py:3239} INFO - Sync 1 DAGs
[2025-03-26T23:19:44.113+0000] {logging_mixin.py:190} INFO - [2025-03-26T23:19:44.113+0000] {dag.py:4180} INFO - Setting next_dagrun for example_bash_operator to 2025-03-25 00:00:00+00:00, run_after=2025-03-26 00:00:00+00:00
[2025-03-26T23:19:44.127+0000] {processor.py:208} INFO - Processing /home/airflow/.local/lib/python3.12/site-packages/airflow/example_dags/example_bash_operator.py took 0.062 seconds
[2025-03-26T23:38:06.088+0000] {processor.py:186} INFO - Started process (PID=14018) to work on /home/airflow/.local/lib/python3.12/site-packages/airflow/example_dags/example_bash_operator.py
[2025-03-26T23:38:06.089+0000] {processor.py:914} INFO - Processing file /home/airflow/.local/lib/python3.12/site-packages/airflow/example_dags/example_bash_operator.py for tasks to queue
[2025-03-26T23:38:06.092+0000] {logging_mixin.py:190} INFO - [2025-03-26T23:38:06.091+0000] {dagbag.py:588} INFO - Filling up the DagBag from /home/airflow/.local/lib/python3.12/site-packages/airflow/example_dags/example_bash_operator.py
[2025-03-26T23:38:06.104+0000] {processor.py:925} INFO - DAG(s) 'example_bash_operator' retrieved from /home/airflow/.local/lib/python3.12/site-packages/airflow/example_dags/example_bash_operator.py
[2025-03-26T23:38:06.118+0000] {logging_mixin.py:190} INFO - [2025-03-26T23:38:06.118+0000] {dag.py:3239} INFO - Sync 1 DAGs
[2025-03-26T23:38:06.135+0000] {logging_mixin.py:190} INFO - [2025-03-26T23:38:06.135+0000] {dag.py:4180} INFO - Setting next_dagrun for example_bash_operator to 2025-03-25 00:00:00+00:00, run_after=2025-03-26 00:00:00+00:00
[2025-03-26T23:38:06.151+0000] {processor.py:208} INFO - Processing /home/airflow/.local/lib/python3.12/site-packages/airflow/example_dags/example_bash_operator.py took 0.069 seconds
[2025-03-26T23:55:13.566+0000] {processor.py:186} INFO - Started process (PID=14080) to work on /home/airflow/.local/lib/python3.12/site-packages/airflow/example_dags/example_bash_operator.py
[2025-03-26T23:55:13.568+0000] {processor.py:914} INFO - Processing file /home/airflow/.local/lib/python3.12/site-packages/airflow/example_dags/example_bash_operator.py for tasks to queue
[2025-03-26T23:55:13.570+0000] {logging_mixin.py:190} INFO - [2025-03-26T23:55:13.569+0000] {dagbag.py:588} INFO - Filling up the DagBag from /home/airflow/.local/lib/python3.12/site-packages/airflow/example_dags/example_bash_operator.py
[2025-03-26T23:55:13.581+0000] {processor.py:925} INFO - DAG(s) 'example_bash_operator' retrieved from /home/airflow/.local/lib/python3.12/site-packages/airflow/example_dags/example_bash_operator.py
[2025-03-26T23:55:13.600+0000] {logging_mixin.py:190} INFO - [2025-03-26T23:55:13.599+0000] {dag.py:3239} INFO - Sync 1 DAGs
[2025-03-26T23:55:13.614+0000] {logging_mixin.py:190} INFO - [2025-03-26T23:55:13.614+0000] {dag.py:4180} INFO - Setting next_dagrun for example_bash_operator to 2025-03-25 00:00:00+00:00, run_after=2025-03-26 00:00:00+00:00
[2025-03-26T23:55:13.623+0000] {processor.py:208} INFO - Processing /home/airflow/.local/lib/python3.12/site-packages/airflow/example_dags/example_bash_operator.py took 0.060 seconds
