[2025-03-26T00:11:55.775+0000] {processor.py:186} INFO - Started process (PID=5728) to work on /home/airflow/.local/lib/python3.12/site-packages/airflow/example_dags/tutorial_taskflow_api.py
[2025-03-26T00:11:55.776+0000] {processor.py:914} INFO - Processing file /home/airflow/.local/lib/python3.12/site-packages/airflow/example_dags/tutorial_taskflow_api.py for tasks to queue
[2025-03-26T00:11:55.778+0000] {logging_mixin.py:190} INFO - [2025-03-26T00:11:55.777+0000] {dagbag.py:588} INFO - Filling up the DagBag from /home/airflow/.local/lib/python3.12/site-packages/airflow/example_dags/tutorial_taskflow_api.py
[2025-03-26T00:11:55.787+0000] {processor.py:925} INFO - DAG(s) 'tutorial_taskflow_api' retrieved from /home/airflow/.local/lib/python3.12/site-packages/airflow/example_dags/tutorial_taskflow_api.py
[2025-03-26T00:11:55.803+0000] {logging_mixin.py:190} INFO - [2025-03-26T00:11:55.803+0000] {dag.py:3239} INFO - Sync 1 DAGs
[2025-03-26T00:11:55.813+0000] {logging_mixin.py:190} INFO - [2025-03-26T00:11:55.813+0000] {dag.py:4180} INFO - Setting next_dagrun for tutorial_taskflow_api to None, run_after=None
[2025-03-26T00:11:55.838+0000] {processor.py:208} INFO - Processing /home/airflow/.local/lib/python3.12/site-packages/airflow/example_dags/tutorial_taskflow_api.py took 0.068 seconds
[2025-03-26T00:28:51.263+0000] {processor.py:186} INFO - Started process (PID=5790) to work on /home/airflow/.local/lib/python3.12/site-packages/airflow/example_dags/tutorial_taskflow_api.py
[2025-03-26T00:28:51.264+0000] {processor.py:914} INFO - Processing file /home/airflow/.local/lib/python3.12/site-packages/airflow/example_dags/tutorial_taskflow_api.py for tasks to queue
[2025-03-26T00:28:51.269+0000] {logging_mixin.py:190} INFO - [2025-03-26T00:28:51.269+0000] {dagbag.py:588} INFO - Filling up the DagBag from /home/airflow/.local/lib/python3.12/site-packages/airflow/example_dags/tutorial_taskflow_api.py
[2025-03-26T00:28:51.279+0000] {processor.py:925} INFO - DAG(s) 'tutorial_taskflow_api' retrieved from /home/airflow/.local/lib/python3.12/site-packages/airflow/example_dags/tutorial_taskflow_api.py
[2025-03-26T00:28:51.298+0000] {logging_mixin.py:190} INFO - [2025-03-26T00:28:51.298+0000] {dag.py:3239} INFO - Sync 1 DAGs
[2025-03-26T00:28:51.307+0000] {logging_mixin.py:190} INFO - [2025-03-26T00:28:51.306+0000] {dag.py:4180} INFO - Setting next_dagrun for tutorial_taskflow_api to None, run_after=None
[2025-03-26T00:28:51.317+0000] {processor.py:208} INFO - Processing /home/airflow/.local/lib/python3.12/site-packages/airflow/example_dags/tutorial_taskflow_api.py took 0.065 seconds
[2025-03-26T01:03:04.238+0000] {processor.py:186} INFO - Started process (PID=5852) to work on /home/airflow/.local/lib/python3.12/site-packages/airflow/example_dags/tutorial_taskflow_api.py
[2025-03-26T01:03:04.239+0000] {processor.py:914} INFO - Processing file /home/airflow/.local/lib/python3.12/site-packages/airflow/example_dags/tutorial_taskflow_api.py for tasks to queue
[2025-03-26T01:03:04.242+0000] {logging_mixin.py:190} INFO - [2025-03-26T01:03:04.241+0000] {dagbag.py:588} INFO - Filling up the DagBag from /home/airflow/.local/lib/python3.12/site-packages/airflow/example_dags/tutorial_taskflow_api.py
[2025-03-26T01:03:04.249+0000] {processor.py:925} INFO - DAG(s) 'tutorial_taskflow_api' retrieved from /home/airflow/.local/lib/python3.12/site-packages/airflow/example_dags/tutorial_taskflow_api.py
[2025-03-26T01:03:04.263+0000] {logging_mixin.py:190} INFO - [2025-03-26T01:03:04.262+0000] {dag.py:3239} INFO - Sync 1 DAGs
[2025-03-26T01:03:04.271+0000] {logging_mixin.py:190} INFO - [2025-03-26T01:03:04.271+0000] {dag.py:4180} INFO - Setting next_dagrun for tutorial_taskflow_api to None, run_after=None
[2025-03-26T01:03:04.283+0000] {processor.py:208} INFO - Processing /home/airflow/.local/lib/python3.12/site-packages/airflow/example_dags/tutorial_taskflow_api.py took 0.050 seconds
[2025-03-26T01:21:10.712+0000] {processor.py:186} INFO - Started process (PID=5914) to work on /home/airflow/.local/lib/python3.12/site-packages/airflow/example_dags/tutorial_taskflow_api.py
[2025-03-26T01:21:10.715+0000] {processor.py:914} INFO - Processing file /home/airflow/.local/lib/python3.12/site-packages/airflow/example_dags/tutorial_taskflow_api.py for tasks to queue
[2025-03-26T01:21:10.716+0000] {logging_mixin.py:190} INFO - [2025-03-26T01:21:10.716+0000] {dagbag.py:588} INFO - Filling up the DagBag from /home/airflow/.local/lib/python3.12/site-packages/airflow/example_dags/tutorial_taskflow_api.py
[2025-03-26T01:21:10.722+0000] {processor.py:925} INFO - DAG(s) 'tutorial_taskflow_api' retrieved from /home/airflow/.local/lib/python3.12/site-packages/airflow/example_dags/tutorial_taskflow_api.py
[2025-03-26T01:21:10.742+0000] {logging_mixin.py:190} INFO - [2025-03-26T01:21:10.742+0000] {dag.py:3239} INFO - Sync 1 DAGs
[2025-03-26T01:21:10.752+0000] {logging_mixin.py:190} INFO - [2025-03-26T01:21:10.752+0000] {dag.py:4180} INFO - Setting next_dagrun for tutorial_taskflow_api to None, run_after=None
[2025-03-26T01:21:10.822+0000] {processor.py:208} INFO - Processing /home/airflow/.local/lib/python3.12/site-packages/airflow/example_dags/tutorial_taskflow_api.py took 0.115 seconds
[2025-03-26T01:39:11.876+0000] {processor.py:186} INFO - Started process (PID=5976) to work on /home/airflow/.local/lib/python3.12/site-packages/airflow/example_dags/tutorial_taskflow_api.py
[2025-03-26T01:39:11.879+0000] {processor.py:914} INFO - Processing file /home/airflow/.local/lib/python3.12/site-packages/airflow/example_dags/tutorial_taskflow_api.py for tasks to queue
[2025-03-26T01:39:11.881+0000] {logging_mixin.py:190} INFO - [2025-03-26T01:39:11.881+0000] {dagbag.py:588} INFO - Filling up the DagBag from /home/airflow/.local/lib/python3.12/site-packages/airflow/example_dags/tutorial_taskflow_api.py
[2025-03-26T01:39:11.890+0000] {processor.py:925} INFO - DAG(s) 'tutorial_taskflow_api' retrieved from /home/airflow/.local/lib/python3.12/site-packages/airflow/example_dags/tutorial_taskflow_api.py
[2025-03-26T01:39:11.905+0000] {logging_mixin.py:190} INFO - [2025-03-26T01:39:11.905+0000] {dag.py:3239} INFO - Sync 1 DAGs
[2025-03-26T01:39:11.912+0000] {logging_mixin.py:190} INFO - [2025-03-26T01:39:11.912+0000] {dag.py:4180} INFO - Setting next_dagrun for tutorial_taskflow_api to None, run_after=None
[2025-03-26T01:39:11.934+0000] {processor.py:208} INFO - Processing /home/airflow/.local/lib/python3.12/site-packages/airflow/example_dags/tutorial_taskflow_api.py took 0.061 seconds
[2025-03-26T01:56:23.095+0000] {processor.py:186} INFO - Started process (PID=6038) to work on /home/airflow/.local/lib/python3.12/site-packages/airflow/example_dags/tutorial_taskflow_api.py
[2025-03-26T01:56:23.096+0000] {processor.py:914} INFO - Processing file /home/airflow/.local/lib/python3.12/site-packages/airflow/example_dags/tutorial_taskflow_api.py for tasks to queue
[2025-03-26T01:56:23.098+0000] {logging_mixin.py:190} INFO - [2025-03-26T01:56:23.098+0000] {dagbag.py:588} INFO - Filling up the DagBag from /home/airflow/.local/lib/python3.12/site-packages/airflow/example_dags/tutorial_taskflow_api.py
[2025-03-26T01:56:23.104+0000] {processor.py:925} INFO - DAG(s) 'tutorial_taskflow_api' retrieved from /home/airflow/.local/lib/python3.12/site-packages/airflow/example_dags/tutorial_taskflow_api.py
[2025-03-26T01:56:23.121+0000] {logging_mixin.py:190} INFO - [2025-03-26T01:56:23.120+0000] {dag.py:3239} INFO - Sync 1 DAGs
[2025-03-26T01:56:23.128+0000] {logging_mixin.py:190} INFO - [2025-03-26T01:56:23.128+0000] {dag.py:4180} INFO - Setting next_dagrun for tutorial_taskflow_api to None, run_after=None
[2025-03-26T01:56:23.153+0000] {processor.py:208} INFO - Processing /home/airflow/.local/lib/python3.12/site-packages/airflow/example_dags/tutorial_taskflow_api.py took 0.061 seconds
[2025-03-26T02:14:40.810+0000] {processor.py:186} INFO - Started process (PID=6100) to work on /home/airflow/.local/lib/python3.12/site-packages/airflow/example_dags/tutorial_taskflow_api.py
[2025-03-26T02:14:40.810+0000] {processor.py:914} INFO - Processing file /home/airflow/.local/lib/python3.12/site-packages/airflow/example_dags/tutorial_taskflow_api.py for tasks to queue
[2025-03-26T02:14:40.812+0000] {logging_mixin.py:190} INFO - [2025-03-26T02:14:40.812+0000] {dagbag.py:588} INFO - Filling up the DagBag from /home/airflow/.local/lib/python3.12/site-packages/airflow/example_dags/tutorial_taskflow_api.py
[2025-03-26T02:14:40.817+0000] {processor.py:925} INFO - DAG(s) 'tutorial_taskflow_api' retrieved from /home/airflow/.local/lib/python3.12/site-packages/airflow/example_dags/tutorial_taskflow_api.py
[2025-03-26T02:14:40.840+0000] {logging_mixin.py:190} INFO - [2025-03-26T02:14:40.839+0000] {dag.py:3239} INFO - Sync 1 DAGs
[2025-03-26T02:14:40.852+0000] {logging_mixin.py:190} INFO - [2025-03-26T02:14:40.852+0000] {dag.py:4180} INFO - Setting next_dagrun for tutorial_taskflow_api to None, run_after=None
[2025-03-26T02:14:40.863+0000] {processor.py:208} INFO - Processing /home/airflow/.local/lib/python3.12/site-packages/airflow/example_dags/tutorial_taskflow_api.py took 0.057 seconds
[2025-03-26T02:30:20.209+0000] {processor.py:186} INFO - Started process (PID=6162) to work on /home/airflow/.local/lib/python3.12/site-packages/airflow/example_dags/tutorial_taskflow_api.py
[2025-03-26T02:30:20.210+0000] {processor.py:914} INFO - Processing file /home/airflow/.local/lib/python3.12/site-packages/airflow/example_dags/tutorial_taskflow_api.py for tasks to queue
[2025-03-26T02:30:20.211+0000] {logging_mixin.py:190} INFO - [2025-03-26T02:30:20.211+0000] {dagbag.py:588} INFO - Filling up the DagBag from /home/airflow/.local/lib/python3.12/site-packages/airflow/example_dags/tutorial_taskflow_api.py
[2025-03-26T02:30:20.217+0000] {processor.py:925} INFO - DAG(s) 'tutorial_taskflow_api' retrieved from /home/airflow/.local/lib/python3.12/site-packages/airflow/example_dags/tutorial_taskflow_api.py
[2025-03-26T02:30:20.233+0000] {logging_mixin.py:190} INFO - [2025-03-26T02:30:20.233+0000] {dag.py:3239} INFO - Sync 1 DAGs
[2025-03-26T02:30:20.242+0000] {logging_mixin.py:190} INFO - [2025-03-26T02:30:20.242+0000] {dag.py:4180} INFO - Setting next_dagrun for tutorial_taskflow_api to None, run_after=None
[2025-03-26T02:30:20.251+0000] {processor.py:208} INFO - Processing /home/airflow/.local/lib/python3.12/site-packages/airflow/example_dags/tutorial_taskflow_api.py took 0.047 seconds
[2025-03-26T02:48:21.824+0000] {processor.py:186} INFO - Started process (PID=6224) to work on /home/airflow/.local/lib/python3.12/site-packages/airflow/example_dags/tutorial_taskflow_api.py
[2025-03-26T02:48:21.825+0000] {processor.py:914} INFO - Processing file /home/airflow/.local/lib/python3.12/site-packages/airflow/example_dags/tutorial_taskflow_api.py for tasks to queue
[2025-03-26T02:48:21.826+0000] {logging_mixin.py:190} INFO - [2025-03-26T02:48:21.826+0000] {dagbag.py:588} INFO - Filling up the DagBag from /home/airflow/.local/lib/python3.12/site-packages/airflow/example_dags/tutorial_taskflow_api.py
[2025-03-26T02:48:21.834+0000] {processor.py:925} INFO - DAG(s) 'tutorial_taskflow_api' retrieved from /home/airflow/.local/lib/python3.12/site-packages/airflow/example_dags/tutorial_taskflow_api.py
[2025-03-26T02:48:21.849+0000] {logging_mixin.py:190} INFO - [2025-03-26T02:48:21.849+0000] {dag.py:3239} INFO - Sync 1 DAGs
[2025-03-26T02:48:21.858+0000] {logging_mixin.py:190} INFO - [2025-03-26T02:48:21.858+0000] {dag.py:4180} INFO - Setting next_dagrun for tutorial_taskflow_api to None, run_after=None
[2025-03-26T02:48:21.878+0000] {processor.py:208} INFO - Processing /home/airflow/.local/lib/python3.12/site-packages/airflow/example_dags/tutorial_taskflow_api.py took 0.059 seconds
[2025-03-26T03:13:29.016+0000] {processor.py:186} INFO - Started process (PID=6286) to work on /home/airflow/.local/lib/python3.12/site-packages/airflow/example_dags/tutorial_taskflow_api.py
[2025-03-26T03:13:29.017+0000] {processor.py:914} INFO - Processing file /home/airflow/.local/lib/python3.12/site-packages/airflow/example_dags/tutorial_taskflow_api.py for tasks to queue
[2025-03-26T03:13:29.020+0000] {logging_mixin.py:190} INFO - [2025-03-26T03:13:29.020+0000] {dagbag.py:588} INFO - Filling up the DagBag from /home/airflow/.local/lib/python3.12/site-packages/airflow/example_dags/tutorial_taskflow_api.py
[2025-03-26T03:13:29.029+0000] {processor.py:925} INFO - DAG(s) 'tutorial_taskflow_api' retrieved from /home/airflow/.local/lib/python3.12/site-packages/airflow/example_dags/tutorial_taskflow_api.py
[2025-03-26T03:13:29.049+0000] {logging_mixin.py:190} INFO - [2025-03-26T03:13:29.049+0000] {dag.py:3239} INFO - Sync 1 DAGs
[2025-03-26T03:13:29.068+0000] {logging_mixin.py:190} INFO - [2025-03-26T03:13:29.068+0000] {dag.py:4180} INFO - Setting next_dagrun for tutorial_taskflow_api to None, run_after=None
[2025-03-26T03:13:29.082+0000] {processor.py:208} INFO - Processing /home/airflow/.local/lib/python3.12/site-packages/airflow/example_dags/tutorial_taskflow_api.py took 0.070 seconds
[2025-03-26T03:29:28.146+0000] {processor.py:186} INFO - Started process (PID=6348) to work on /home/airflow/.local/lib/python3.12/site-packages/airflow/example_dags/tutorial_taskflow_api.py
[2025-03-26T03:29:28.147+0000] {processor.py:914} INFO - Processing file /home/airflow/.local/lib/python3.12/site-packages/airflow/example_dags/tutorial_taskflow_api.py for tasks to queue
[2025-03-26T03:29:28.149+0000] {logging_mixin.py:190} INFO - [2025-03-26T03:29:28.148+0000] {dagbag.py:588} INFO - Filling up the DagBag from /home/airflow/.local/lib/python3.12/site-packages/airflow/example_dags/tutorial_taskflow_api.py
[2025-03-26T03:29:28.154+0000] {processor.py:925} INFO - DAG(s) 'tutorial_taskflow_api' retrieved from /home/airflow/.local/lib/python3.12/site-packages/airflow/example_dags/tutorial_taskflow_api.py
[2025-03-26T03:29:28.168+0000] {logging_mixin.py:190} INFO - [2025-03-26T03:29:28.167+0000] {dag.py:3239} INFO - Sync 1 DAGs
[2025-03-26T03:29:28.178+0000] {logging_mixin.py:190} INFO - [2025-03-26T03:29:28.177+0000] {dag.py:4180} INFO - Setting next_dagrun for tutorial_taskflow_api to None, run_after=None
[2025-03-26T03:29:28.187+0000] {processor.py:208} INFO - Processing /home/airflow/.local/lib/python3.12/site-packages/airflow/example_dags/tutorial_taskflow_api.py took 0.044 seconds
[2025-03-26T03:47:50.395+0000] {processor.py:186} INFO - Started process (PID=6410) to work on /home/airflow/.local/lib/python3.12/site-packages/airflow/example_dags/tutorial_taskflow_api.py
[2025-03-26T03:47:50.396+0000] {processor.py:914} INFO - Processing file /home/airflow/.local/lib/python3.12/site-packages/airflow/example_dags/tutorial_taskflow_api.py for tasks to queue
[2025-03-26T03:47:50.399+0000] {logging_mixin.py:190} INFO - [2025-03-26T03:47:50.398+0000] {dagbag.py:588} INFO - Filling up the DagBag from /home/airflow/.local/lib/python3.12/site-packages/airflow/example_dags/tutorial_taskflow_api.py
[2025-03-26T03:47:50.407+0000] {processor.py:925} INFO - DAG(s) 'tutorial_taskflow_api' retrieved from /home/airflow/.local/lib/python3.12/site-packages/airflow/example_dags/tutorial_taskflow_api.py
[2025-03-26T03:47:50.422+0000] {logging_mixin.py:190} INFO - [2025-03-26T03:47:50.422+0000] {dag.py:3239} INFO - Sync 1 DAGs
[2025-03-26T03:47:50.433+0000] {logging_mixin.py:190} INFO - [2025-03-26T03:47:50.433+0000] {dag.py:4180} INFO - Setting next_dagrun for tutorial_taskflow_api to None, run_after=None
[2025-03-26T03:47:50.445+0000] {processor.py:208} INFO - Processing /home/airflow/.local/lib/python3.12/site-packages/airflow/example_dags/tutorial_taskflow_api.py took 0.058 seconds
[2025-03-26T04:03:44.854+0000] {processor.py:186} INFO - Started process (PID=6472) to work on /home/airflow/.local/lib/python3.12/site-packages/airflow/example_dags/tutorial_taskflow_api.py
[2025-03-26T04:03:44.857+0000] {processor.py:914} INFO - Processing file /home/airflow/.local/lib/python3.12/site-packages/airflow/example_dags/tutorial_taskflow_api.py for tasks to queue
[2025-03-26T04:03:44.859+0000] {logging_mixin.py:190} INFO - [2025-03-26T04:03:44.859+0000] {dagbag.py:588} INFO - Filling up the DagBag from /home/airflow/.local/lib/python3.12/site-packages/airflow/example_dags/tutorial_taskflow_api.py
[2025-03-26T04:03:44.866+0000] {processor.py:925} INFO - DAG(s) 'tutorial_taskflow_api' retrieved from /home/airflow/.local/lib/python3.12/site-packages/airflow/example_dags/tutorial_taskflow_api.py
[2025-03-26T04:03:44.882+0000] {logging_mixin.py:190} INFO - [2025-03-26T04:03:44.882+0000] {dag.py:3239} INFO - Sync 1 DAGs
[2025-03-26T04:03:44.891+0000] {logging_mixin.py:190} INFO - [2025-03-26T04:03:44.890+0000] {dag.py:4180} INFO - Setting next_dagrun for tutorial_taskflow_api to None, run_after=None
[2025-03-26T04:03:44.900+0000] {processor.py:208} INFO - Processing /home/airflow/.local/lib/python3.12/site-packages/airflow/example_dags/tutorial_taskflow_api.py took 0.049 seconds
[2025-03-26T04:21:36.608+0000] {processor.py:186} INFO - Started process (PID=6534) to work on /home/airflow/.local/lib/python3.12/site-packages/airflow/example_dags/tutorial_taskflow_api.py
[2025-03-26T04:21:36.610+0000] {processor.py:914} INFO - Processing file /home/airflow/.local/lib/python3.12/site-packages/airflow/example_dags/tutorial_taskflow_api.py for tasks to queue
[2025-03-26T04:21:36.613+0000] {logging_mixin.py:190} INFO - [2025-03-26T04:21:36.612+0000] {dagbag.py:588} INFO - Filling up the DagBag from /home/airflow/.local/lib/python3.12/site-packages/airflow/example_dags/tutorial_taskflow_api.py
[2025-03-26T04:21:36.621+0000] {processor.py:925} INFO - DAG(s) 'tutorial_taskflow_api' retrieved from /home/airflow/.local/lib/python3.12/site-packages/airflow/example_dags/tutorial_taskflow_api.py
[2025-03-26T04:21:36.644+0000] {logging_mixin.py:190} INFO - [2025-03-26T04:21:36.643+0000] {dag.py:3239} INFO - Sync 1 DAGs
[2025-03-26T04:21:36.658+0000] {logging_mixin.py:190} INFO - [2025-03-26T04:21:36.658+0000] {dag.py:4180} INFO - Setting next_dagrun for tutorial_taskflow_api to None, run_after=None
[2025-03-26T04:21:36.672+0000] {processor.py:208} INFO - Processing /home/airflow/.local/lib/python3.12/site-packages/airflow/example_dags/tutorial_taskflow_api.py took 0.075 seconds
[2025-03-26T04:39:38.347+0000] {processor.py:186} INFO - Started process (PID=6596) to work on /home/airflow/.local/lib/python3.12/site-packages/airflow/example_dags/tutorial_taskflow_api.py
[2025-03-26T04:39:38.349+0000] {processor.py:914} INFO - Processing file /home/airflow/.local/lib/python3.12/site-packages/airflow/example_dags/tutorial_taskflow_api.py for tasks to queue
[2025-03-26T04:39:38.352+0000] {logging_mixin.py:190} INFO - [2025-03-26T04:39:38.351+0000] {dagbag.py:588} INFO - Filling up the DagBag from /home/airflow/.local/lib/python3.12/site-packages/airflow/example_dags/tutorial_taskflow_api.py
[2025-03-26T04:39:38.360+0000] {processor.py:925} INFO - DAG(s) 'tutorial_taskflow_api' retrieved from /home/airflow/.local/lib/python3.12/site-packages/airflow/example_dags/tutorial_taskflow_api.py
[2025-03-26T04:39:38.384+0000] {logging_mixin.py:190} INFO - [2025-03-26T04:39:38.384+0000] {dag.py:3239} INFO - Sync 1 DAGs
[2025-03-26T04:39:38.405+0000] {logging_mixin.py:190} INFO - [2025-03-26T04:39:38.405+0000] {dag.py:4180} INFO - Setting next_dagrun for tutorial_taskflow_api to None, run_after=None
[2025-03-26T04:39:38.433+0000] {processor.py:208} INFO - Processing /home/airflow/.local/lib/python3.12/site-packages/airflow/example_dags/tutorial_taskflow_api.py took 0.097 seconds
[2025-03-26T05:14:27.451+0000] {processor.py:186} INFO - Started process (PID=6658) to work on /home/airflow/.local/lib/python3.12/site-packages/airflow/example_dags/tutorial_taskflow_api.py
[2025-03-26T05:14:27.454+0000] {processor.py:914} INFO - Processing file /home/airflow/.local/lib/python3.12/site-packages/airflow/example_dags/tutorial_taskflow_api.py for tasks to queue
[2025-03-26T05:14:27.462+0000] {logging_mixin.py:190} INFO - [2025-03-26T05:14:27.461+0000] {dagbag.py:588} INFO - Filling up the DagBag from /home/airflow/.local/lib/python3.12/site-packages/airflow/example_dags/tutorial_taskflow_api.py
[2025-03-26T05:14:27.472+0000] {processor.py:925} INFO - DAG(s) 'tutorial_taskflow_api' retrieved from /home/airflow/.local/lib/python3.12/site-packages/airflow/example_dags/tutorial_taskflow_api.py
[2025-03-26T05:14:27.513+0000] {logging_mixin.py:190} INFO - [2025-03-26T05:14:27.512+0000] {dag.py:3239} INFO - Sync 1 DAGs
[2025-03-26T05:14:27.539+0000] {logging_mixin.py:190} INFO - [2025-03-26T05:14:27.539+0000] {dag.py:4180} INFO - Setting next_dagrun for tutorial_taskflow_api to None, run_after=None
[2025-03-26T05:14:27.561+0000] {processor.py:208} INFO - Processing /home/airflow/.local/lib/python3.12/site-packages/airflow/example_dags/tutorial_taskflow_api.py took 0.123 seconds
[2025-03-26T05:32:51.974+0000] {processor.py:186} INFO - Started process (PID=6720) to work on /home/airflow/.local/lib/python3.12/site-packages/airflow/example_dags/tutorial_taskflow_api.py
[2025-03-26T05:32:51.975+0000] {processor.py:914} INFO - Processing file /home/airflow/.local/lib/python3.12/site-packages/airflow/example_dags/tutorial_taskflow_api.py for tasks to queue
[2025-03-26T05:32:51.977+0000] {logging_mixin.py:190} INFO - [2025-03-26T05:32:51.976+0000] {dagbag.py:588} INFO - Filling up the DagBag from /home/airflow/.local/lib/python3.12/site-packages/airflow/example_dags/tutorial_taskflow_api.py
[2025-03-26T05:32:51.983+0000] {processor.py:925} INFO - DAG(s) 'tutorial_taskflow_api' retrieved from /home/airflow/.local/lib/python3.12/site-packages/airflow/example_dags/tutorial_taskflow_api.py
[2025-03-26T05:32:51.998+0000] {logging_mixin.py:190} INFO - [2025-03-26T05:32:51.998+0000] {dag.py:3239} INFO - Sync 1 DAGs
[2025-03-26T05:32:52.010+0000] {logging_mixin.py:190} INFO - [2025-03-26T05:32:52.009+0000] {dag.py:4180} INFO - Setting next_dagrun for tutorial_taskflow_api to None, run_after=None
[2025-03-26T05:32:52.026+0000] {processor.py:208} INFO - Processing /home/airflow/.local/lib/python3.12/site-packages/airflow/example_dags/tutorial_taskflow_api.py took 0.057 seconds
[2025-03-26T05:49:53.778+0000] {processor.py:186} INFO - Started process (PID=6782) to work on /home/airflow/.local/lib/python3.12/site-packages/airflow/example_dags/tutorial_taskflow_api.py
[2025-03-26T05:49:53.780+0000] {processor.py:914} INFO - Processing file /home/airflow/.local/lib/python3.12/site-packages/airflow/example_dags/tutorial_taskflow_api.py for tasks to queue
[2025-03-26T05:49:53.784+0000] {logging_mixin.py:190} INFO - [2025-03-26T05:49:53.783+0000] {dagbag.py:588} INFO - Filling up the DagBag from /home/airflow/.local/lib/python3.12/site-packages/airflow/example_dags/tutorial_taskflow_api.py
[2025-03-26T05:49:53.791+0000] {processor.py:925} INFO - DAG(s) 'tutorial_taskflow_api' retrieved from /home/airflow/.local/lib/python3.12/site-packages/airflow/example_dags/tutorial_taskflow_api.py
[2025-03-26T05:49:53.803+0000] {logging_mixin.py:190} INFO - [2025-03-26T05:49:53.803+0000] {dag.py:3239} INFO - Sync 1 DAGs
[2025-03-26T05:49:53.812+0000] {logging_mixin.py:190} INFO - [2025-03-26T05:49:53.812+0000] {dag.py:4180} INFO - Setting next_dagrun for tutorial_taskflow_api to None, run_after=None
[2025-03-26T05:49:53.821+0000] {processor.py:208} INFO - Processing /home/airflow/.local/lib/python3.12/site-packages/airflow/example_dags/tutorial_taskflow_api.py took 0.056 seconds
[2025-03-26T06:06:35.576+0000] {processor.py:186} INFO - Started process (PID=6844) to work on /home/airflow/.local/lib/python3.12/site-packages/airflow/example_dags/tutorial_taskflow_api.py
[2025-03-26T06:06:35.578+0000] {processor.py:914} INFO - Processing file /home/airflow/.local/lib/python3.12/site-packages/airflow/example_dags/tutorial_taskflow_api.py for tasks to queue
[2025-03-26T06:06:35.583+0000] {logging_mixin.py:190} INFO - [2025-03-26T06:06:35.583+0000] {dagbag.py:588} INFO - Filling up the DagBag from /home/airflow/.local/lib/python3.12/site-packages/airflow/example_dags/tutorial_taskflow_api.py
[2025-03-26T06:06:35.589+0000] {processor.py:925} INFO - DAG(s) 'tutorial_taskflow_api' retrieved from /home/airflow/.local/lib/python3.12/site-packages/airflow/example_dags/tutorial_taskflow_api.py
[2025-03-26T06:06:35.601+0000] {logging_mixin.py:190} INFO - [2025-03-26T06:06:35.600+0000] {dag.py:3239} INFO - Sync 1 DAGs
[2025-03-26T06:06:35.611+0000] {logging_mixin.py:190} INFO - [2025-03-26T06:06:35.611+0000] {dag.py:4180} INFO - Setting next_dagrun for tutorial_taskflow_api to None, run_after=None
[2025-03-26T06:06:35.623+0000] {processor.py:208} INFO - Processing /home/airflow/.local/lib/python3.12/site-packages/airflow/example_dags/tutorial_taskflow_api.py took 0.053 seconds
[2025-03-26T06:24:42.440+0000] {processor.py:186} INFO - Started process (PID=6906) to work on /home/airflow/.local/lib/python3.12/site-packages/airflow/example_dags/tutorial_taskflow_api.py
[2025-03-26T06:24:42.444+0000] {processor.py:914} INFO - Processing file /home/airflow/.local/lib/python3.12/site-packages/airflow/example_dags/tutorial_taskflow_api.py for tasks to queue
[2025-03-26T06:24:42.448+0000] {logging_mixin.py:190} INFO - [2025-03-26T06:24:42.448+0000] {dagbag.py:588} INFO - Filling up the DagBag from /home/airflow/.local/lib/python3.12/site-packages/airflow/example_dags/tutorial_taskflow_api.py
[2025-03-26T06:24:42.542+0000] {processor.py:925} INFO - DAG(s) 'tutorial_taskflow_api' retrieved from /home/airflow/.local/lib/python3.12/site-packages/airflow/example_dags/tutorial_taskflow_api.py
[2025-03-26T06:24:42.570+0000] {logging_mixin.py:190} INFO - [2025-03-26T06:24:42.570+0000] {dag.py:3239} INFO - Sync 1 DAGs
[2025-03-26T06:24:42.587+0000] {logging_mixin.py:190} INFO - [2025-03-26T06:24:42.586+0000] {dag.py:4180} INFO - Setting next_dagrun for tutorial_taskflow_api to None, run_after=None
[2025-03-26T06:24:42.614+0000] {processor.py:208} INFO - Processing /home/airflow/.local/lib/python3.12/site-packages/airflow/example_dags/tutorial_taskflow_api.py took 0.180 seconds
[2025-03-26T06:59:13.709+0000] {processor.py:186} INFO - Started process (PID=6968) to work on /home/airflow/.local/lib/python3.12/site-packages/airflow/example_dags/tutorial_taskflow_api.py
[2025-03-26T06:59:13.711+0000] {processor.py:914} INFO - Processing file /home/airflow/.local/lib/python3.12/site-packages/airflow/example_dags/tutorial_taskflow_api.py for tasks to queue
[2025-03-26T06:59:13.714+0000] {logging_mixin.py:190} INFO - [2025-03-26T06:59:13.714+0000] {dagbag.py:588} INFO - Filling up the DagBag from /home/airflow/.local/lib/python3.12/site-packages/airflow/example_dags/tutorial_taskflow_api.py
[2025-03-26T06:59:13.722+0000] {processor.py:925} INFO - DAG(s) 'tutorial_taskflow_api' retrieved from /home/airflow/.local/lib/python3.12/site-packages/airflow/example_dags/tutorial_taskflow_api.py
[2025-03-26T06:59:13.748+0000] {logging_mixin.py:190} INFO - [2025-03-26T06:59:13.746+0000] {dag.py:3239} INFO - Sync 1 DAGs
[2025-03-26T06:59:13.760+0000] {logging_mixin.py:190} INFO - [2025-03-26T06:59:13.760+0000] {dag.py:4180} INFO - Setting next_dagrun for tutorial_taskflow_api to None, run_after=None
[2025-03-26T06:59:13.776+0000] {processor.py:208} INFO - Processing /home/airflow/.local/lib/python3.12/site-packages/airflow/example_dags/tutorial_taskflow_api.py took 0.071 seconds
[2025-03-26T07:14:57.080+0000] {processor.py:186} INFO - Started process (PID=7030) to work on /home/airflow/.local/lib/python3.12/site-packages/airflow/example_dags/tutorial_taskflow_api.py
[2025-03-26T07:14:57.081+0000] {processor.py:914} INFO - Processing file /home/airflow/.local/lib/python3.12/site-packages/airflow/example_dags/tutorial_taskflow_api.py for tasks to queue
[2025-03-26T07:14:57.084+0000] {logging_mixin.py:190} INFO - [2025-03-26T07:14:57.084+0000] {dagbag.py:588} INFO - Filling up the DagBag from /home/airflow/.local/lib/python3.12/site-packages/airflow/example_dags/tutorial_taskflow_api.py
[2025-03-26T07:14:57.089+0000] {processor.py:925} INFO - DAG(s) 'tutorial_taskflow_api' retrieved from /home/airflow/.local/lib/python3.12/site-packages/airflow/example_dags/tutorial_taskflow_api.py
[2025-03-26T07:14:57.101+0000] {logging_mixin.py:190} INFO - [2025-03-26T07:14:57.101+0000] {dag.py:3239} INFO - Sync 1 DAGs
[2025-03-26T07:14:57.109+0000] {logging_mixin.py:190} INFO - [2025-03-26T07:14:57.109+0000] {dag.py:4180} INFO - Setting next_dagrun for tutorial_taskflow_api to None, run_after=None
[2025-03-26T07:14:57.122+0000] {processor.py:208} INFO - Processing /home/airflow/.local/lib/python3.12/site-packages/airflow/example_dags/tutorial_taskflow_api.py took 0.048 seconds
[2025-03-26T07:27:50.881+0000] {processor.py:186} INFO - Started process (PID=7092) to work on /home/airflow/.local/lib/python3.12/site-packages/airflow/example_dags/tutorial_taskflow_api.py
[2025-03-26T07:27:50.882+0000] {processor.py:914} INFO - Processing file /home/airflow/.local/lib/python3.12/site-packages/airflow/example_dags/tutorial_taskflow_api.py for tasks to queue
[2025-03-26T07:27:50.883+0000] {logging_mixin.py:190} INFO - [2025-03-26T07:27:50.883+0000] {dagbag.py:588} INFO - Filling up the DagBag from /home/airflow/.local/lib/python3.12/site-packages/airflow/example_dags/tutorial_taskflow_api.py
[2025-03-26T07:27:50.888+0000] {processor.py:925} INFO - DAG(s) 'tutorial_taskflow_api' retrieved from /home/airflow/.local/lib/python3.12/site-packages/airflow/example_dags/tutorial_taskflow_api.py
[2025-03-26T07:27:50.900+0000] {logging_mixin.py:190} INFO - [2025-03-26T07:27:50.900+0000] {dag.py:3239} INFO - Sync 1 DAGs
[2025-03-26T07:27:50.908+0000] {logging_mixin.py:190} INFO - [2025-03-26T07:27:50.908+0000] {dag.py:4180} INFO - Setting next_dagrun for tutorial_taskflow_api to None, run_after=None
[2025-03-26T07:27:50.926+0000] {processor.py:208} INFO - Processing /home/airflow/.local/lib/python3.12/site-packages/airflow/example_dags/tutorial_taskflow_api.py took 0.048 seconds
[2025-03-26T07:34:41.314+0000] {processor.py:186} INFO - Started process (PID=7154) to work on /home/airflow/.local/lib/python3.12/site-packages/airflow/example_dags/tutorial_taskflow_api.py
[2025-03-26T07:34:41.315+0000] {processor.py:914} INFO - Processing file /home/airflow/.local/lib/python3.12/site-packages/airflow/example_dags/tutorial_taskflow_api.py for tasks to queue
[2025-03-26T07:34:41.317+0000] {logging_mixin.py:190} INFO - [2025-03-26T07:34:41.317+0000] {dagbag.py:588} INFO - Filling up the DagBag from /home/airflow/.local/lib/python3.12/site-packages/airflow/example_dags/tutorial_taskflow_api.py
[2025-03-26T07:34:41.328+0000] {processor.py:925} INFO - DAG(s) 'tutorial_taskflow_api' retrieved from /home/airflow/.local/lib/python3.12/site-packages/airflow/example_dags/tutorial_taskflow_api.py
[2025-03-26T07:34:41.342+0000] {logging_mixin.py:190} INFO - [2025-03-26T07:34:41.342+0000] {dag.py:3239} INFO - Sync 1 DAGs
[2025-03-26T07:34:41.354+0000] {logging_mixin.py:190} INFO - [2025-03-26T07:34:41.353+0000] {dag.py:4180} INFO - Setting next_dagrun for tutorial_taskflow_api to None, run_after=None
[2025-03-26T07:34:41.368+0000] {processor.py:208} INFO - Processing /home/airflow/.local/lib/python3.12/site-packages/airflow/example_dags/tutorial_taskflow_api.py took 0.060 seconds
[2025-03-26T07:52:17.207+0000] {processor.py:186} INFO - Started process (PID=7216) to work on /home/airflow/.local/lib/python3.12/site-packages/airflow/example_dags/tutorial_taskflow_api.py
[2025-03-26T07:52:17.208+0000] {processor.py:914} INFO - Processing file /home/airflow/.local/lib/python3.12/site-packages/airflow/example_dags/tutorial_taskflow_api.py for tasks to queue
[2025-03-26T07:52:17.210+0000] {logging_mixin.py:190} INFO - [2025-03-26T07:52:17.210+0000] {dagbag.py:588} INFO - Filling up the DagBag from /home/airflow/.local/lib/python3.12/site-packages/airflow/example_dags/tutorial_taskflow_api.py
[2025-03-26T07:52:17.215+0000] {processor.py:925} INFO - DAG(s) 'tutorial_taskflow_api' retrieved from /home/airflow/.local/lib/python3.12/site-packages/airflow/example_dags/tutorial_taskflow_api.py
[2025-03-26T07:52:17.225+0000] {logging_mixin.py:190} INFO - [2025-03-26T07:52:17.225+0000] {dag.py:3239} INFO - Sync 1 DAGs
[2025-03-26T07:52:17.237+0000] {logging_mixin.py:190} INFO - [2025-03-26T07:52:17.236+0000] {dag.py:4180} INFO - Setting next_dagrun for tutorial_taskflow_api to None, run_after=None
[2025-03-26T07:52:17.253+0000] {processor.py:208} INFO - Processing /home/airflow/.local/lib/python3.12/site-packages/airflow/example_dags/tutorial_taskflow_api.py took 0.049 seconds
[2025-03-26T08:25:14.183+0000] {processor.py:186} INFO - Started process (PID=7278) to work on /home/airflow/.local/lib/python3.12/site-packages/airflow/example_dags/tutorial_taskflow_api.py
[2025-03-26T08:25:14.186+0000] {processor.py:914} INFO - Processing file /home/airflow/.local/lib/python3.12/site-packages/airflow/example_dags/tutorial_taskflow_api.py for tasks to queue
[2025-03-26T08:25:14.191+0000] {logging_mixin.py:190} INFO - [2025-03-26T08:25:14.189+0000] {dagbag.py:588} INFO - Filling up the DagBag from /home/airflow/.local/lib/python3.12/site-packages/airflow/example_dags/tutorial_taskflow_api.py
[2025-03-26T08:25:14.200+0000] {processor.py:925} INFO - DAG(s) 'tutorial_taskflow_api' retrieved from /home/airflow/.local/lib/python3.12/site-packages/airflow/example_dags/tutorial_taskflow_api.py
[2025-03-26T08:25:14.226+0000] {logging_mixin.py:190} INFO - [2025-03-26T08:25:14.226+0000] {dag.py:3239} INFO - Sync 1 DAGs
[2025-03-26T08:25:14.238+0000] {logging_mixin.py:190} INFO - [2025-03-26T08:25:14.237+0000] {dag.py:4180} INFO - Setting next_dagrun for tutorial_taskflow_api to None, run_after=None
[2025-03-26T08:25:14.252+0000] {processor.py:208} INFO - Processing /home/airflow/.local/lib/python3.12/site-packages/airflow/example_dags/tutorial_taskflow_api.py took 0.078 seconds
[2025-03-26T08:30:13.316+0000] {processor.py:186} INFO - Started process (PID=7340) to work on /home/airflow/.local/lib/python3.12/site-packages/airflow/example_dags/tutorial_taskflow_api.py
[2025-03-26T08:30:13.317+0000] {processor.py:914} INFO - Processing file /home/airflow/.local/lib/python3.12/site-packages/airflow/example_dags/tutorial_taskflow_api.py for tasks to queue
[2025-03-26T08:30:13.319+0000] {logging_mixin.py:190} INFO - [2025-03-26T08:30:13.319+0000] {dagbag.py:588} INFO - Filling up the DagBag from /home/airflow/.local/lib/python3.12/site-packages/airflow/example_dags/tutorial_taskflow_api.py
[2025-03-26T08:30:13.326+0000] {processor.py:925} INFO - DAG(s) 'tutorial_taskflow_api' retrieved from /home/airflow/.local/lib/python3.12/site-packages/airflow/example_dags/tutorial_taskflow_api.py
[2025-03-26T08:30:13.339+0000] {logging_mixin.py:190} INFO - [2025-03-26T08:30:13.339+0000] {dag.py:3239} INFO - Sync 1 DAGs
[2025-03-26T08:30:13.347+0000] {logging_mixin.py:190} INFO - [2025-03-26T08:30:13.347+0000] {dag.py:4180} INFO - Setting next_dagrun for tutorial_taskflow_api to None, run_after=None
[2025-03-26T08:30:13.358+0000] {processor.py:208} INFO - Processing /home/airflow/.local/lib/python3.12/site-packages/airflow/example_dags/tutorial_taskflow_api.py took 0.045 seconds
[2025-03-26T08:48:07.208+0000] {processor.py:186} INFO - Started process (PID=7402) to work on /home/airflow/.local/lib/python3.12/site-packages/airflow/example_dags/tutorial_taskflow_api.py
[2025-03-26T08:48:07.209+0000] {processor.py:914} INFO - Processing file /home/airflow/.local/lib/python3.12/site-packages/airflow/example_dags/tutorial_taskflow_api.py for tasks to queue
[2025-03-26T08:48:07.210+0000] {logging_mixin.py:190} INFO - [2025-03-26T08:48:07.210+0000] {dagbag.py:588} INFO - Filling up the DagBag from /home/airflow/.local/lib/python3.12/site-packages/airflow/example_dags/tutorial_taskflow_api.py
[2025-03-26T08:48:07.215+0000] {processor.py:925} INFO - DAG(s) 'tutorial_taskflow_api' retrieved from /home/airflow/.local/lib/python3.12/site-packages/airflow/example_dags/tutorial_taskflow_api.py
[2025-03-26T08:48:07.226+0000] {logging_mixin.py:190} INFO - [2025-03-26T08:48:07.226+0000] {dag.py:3239} INFO - Sync 1 DAGs
[2025-03-26T08:48:07.238+0000] {logging_mixin.py:190} INFO - [2025-03-26T08:48:07.238+0000] {dag.py:4180} INFO - Setting next_dagrun for tutorial_taskflow_api to None, run_after=None
[2025-03-26T08:48:07.247+0000] {processor.py:208} INFO - Processing /home/airflow/.local/lib/python3.12/site-packages/airflow/example_dags/tutorial_taskflow_api.py took 0.044 seconds
[2025-03-26T09:06:20.608+0000] {processor.py:186} INFO - Started process (PID=7464) to work on /home/airflow/.local/lib/python3.12/site-packages/airflow/example_dags/tutorial_taskflow_api.py
[2025-03-26T09:06:20.609+0000] {processor.py:914} INFO - Processing file /home/airflow/.local/lib/python3.12/site-packages/airflow/example_dags/tutorial_taskflow_api.py for tasks to queue
[2025-03-26T09:06:20.612+0000] {logging_mixin.py:190} INFO - [2025-03-26T09:06:20.612+0000] {dagbag.py:588} INFO - Filling up the DagBag from /home/airflow/.local/lib/python3.12/site-packages/airflow/example_dags/tutorial_taskflow_api.py
[2025-03-26T09:06:20.617+0000] {processor.py:925} INFO - DAG(s) 'tutorial_taskflow_api' retrieved from /home/airflow/.local/lib/python3.12/site-packages/airflow/example_dags/tutorial_taskflow_api.py
[2025-03-26T09:06:20.632+0000] {logging_mixin.py:190} INFO - [2025-03-26T09:06:20.632+0000] {dag.py:3239} INFO - Sync 1 DAGs
[2025-03-26T09:06:20.642+0000] {logging_mixin.py:190} INFO - [2025-03-26T09:06:20.642+0000] {dag.py:4180} INFO - Setting next_dagrun for tutorial_taskflow_api to None, run_after=None
[2025-03-26T09:06:20.658+0000] {processor.py:208} INFO - Processing /home/airflow/.local/lib/python3.12/site-packages/airflow/example_dags/tutorial_taskflow_api.py took 0.053 seconds
[2025-03-26T09:23:35.930+0000] {processor.py:186} INFO - Started process (PID=7526) to work on /home/airflow/.local/lib/python3.12/site-packages/airflow/example_dags/tutorial_taskflow_api.py
[2025-03-26T09:23:35.931+0000] {processor.py:914} INFO - Processing file /home/airflow/.local/lib/python3.12/site-packages/airflow/example_dags/tutorial_taskflow_api.py for tasks to queue
[2025-03-26T09:23:35.934+0000] {logging_mixin.py:190} INFO - [2025-03-26T09:23:35.933+0000] {dagbag.py:588} INFO - Filling up the DagBag from /home/airflow/.local/lib/python3.12/site-packages/airflow/example_dags/tutorial_taskflow_api.py
[2025-03-26T09:23:35.941+0000] {processor.py:925} INFO - DAG(s) 'tutorial_taskflow_api' retrieved from /home/airflow/.local/lib/python3.12/site-packages/airflow/example_dags/tutorial_taskflow_api.py
[2025-03-26T09:23:35.956+0000] {logging_mixin.py:190} INFO - [2025-03-26T09:23:35.956+0000] {dag.py:3239} INFO - Sync 1 DAGs
[2025-03-26T09:23:35.965+0000] {logging_mixin.py:190} INFO - [2025-03-26T09:23:35.965+0000] {dag.py:4180} INFO - Setting next_dagrun for tutorial_taskflow_api to None, run_after=None
[2025-03-26T09:23:35.975+0000] {processor.py:208} INFO - Processing /home/airflow/.local/lib/python3.12/site-packages/airflow/example_dags/tutorial_taskflow_api.py took 0.050 seconds
[2025-03-26T09:32:41.115+0000] {processor.py:186} INFO - Started process (PID=7588) to work on /home/airflow/.local/lib/python3.12/site-packages/airflow/example_dags/tutorial_taskflow_api.py
[2025-03-26T09:32:41.116+0000] {processor.py:914} INFO - Processing file /home/airflow/.local/lib/python3.12/site-packages/airflow/example_dags/tutorial_taskflow_api.py for tasks to queue
[2025-03-26T09:32:41.118+0000] {logging_mixin.py:190} INFO - [2025-03-26T09:32:41.118+0000] {dagbag.py:588} INFO - Filling up the DagBag from /home/airflow/.local/lib/python3.12/site-packages/airflow/example_dags/tutorial_taskflow_api.py
[2025-03-26T09:32:41.128+0000] {processor.py:925} INFO - DAG(s) 'tutorial_taskflow_api' retrieved from /home/airflow/.local/lib/python3.12/site-packages/airflow/example_dags/tutorial_taskflow_api.py
[2025-03-26T09:32:41.143+0000] {logging_mixin.py:190} INFO - [2025-03-26T09:32:41.142+0000] {dag.py:3239} INFO - Sync 1 DAGs
[2025-03-26T09:32:41.152+0000] {logging_mixin.py:190} INFO - [2025-03-26T09:32:41.152+0000] {dag.py:4180} INFO - Setting next_dagrun for tutorial_taskflow_api to None, run_after=None
[2025-03-26T09:32:41.165+0000] {processor.py:208} INFO - Processing /home/airflow/.local/lib/python3.12/site-packages/airflow/example_dags/tutorial_taskflow_api.py took 0.057 seconds
[2025-03-26T09:50:53.818+0000] {processor.py:186} INFO - Started process (PID=7650) to work on /home/airflow/.local/lib/python3.12/site-packages/airflow/example_dags/tutorial_taskflow_api.py
[2025-03-26T09:50:53.819+0000] {processor.py:914} INFO - Processing file /home/airflow/.local/lib/python3.12/site-packages/airflow/example_dags/tutorial_taskflow_api.py for tasks to queue
[2025-03-26T09:50:53.825+0000] {logging_mixin.py:190} INFO - [2025-03-26T09:50:53.825+0000] {dagbag.py:588} INFO - Filling up the DagBag from /home/airflow/.local/lib/python3.12/site-packages/airflow/example_dags/tutorial_taskflow_api.py
[2025-03-26T09:50:53.836+0000] {processor.py:925} INFO - DAG(s) 'tutorial_taskflow_api' retrieved from /home/airflow/.local/lib/python3.12/site-packages/airflow/example_dags/tutorial_taskflow_api.py
[2025-03-26T09:50:53.855+0000] {logging_mixin.py:190} INFO - [2025-03-26T09:50:53.855+0000] {dag.py:3239} INFO - Sync 1 DAGs
[2025-03-26T09:50:53.866+0000] {logging_mixin.py:190} INFO - [2025-03-26T09:50:53.866+0000] {dag.py:4180} INFO - Setting next_dagrun for tutorial_taskflow_api to None, run_after=None
[2025-03-26T09:50:53.877+0000] {processor.py:208} INFO - Processing /home/airflow/.local/lib/python3.12/site-packages/airflow/example_dags/tutorial_taskflow_api.py took 0.064 seconds
[2025-03-26T10:19:14.383+0000] {processor.py:186} INFO - Started process (PID=7712) to work on /home/airflow/.local/lib/python3.12/site-packages/airflow/example_dags/tutorial_taskflow_api.py
[2025-03-26T10:19:14.384+0000] {processor.py:914} INFO - Processing file /home/airflow/.local/lib/python3.12/site-packages/airflow/example_dags/tutorial_taskflow_api.py for tasks to queue
[2025-03-26T10:19:14.388+0000] {logging_mixin.py:190} INFO - [2025-03-26T10:19:14.388+0000] {dagbag.py:588} INFO - Filling up the DagBag from /home/airflow/.local/lib/python3.12/site-packages/airflow/example_dags/tutorial_taskflow_api.py
[2025-03-26T10:19:14.394+0000] {processor.py:925} INFO - DAG(s) 'tutorial_taskflow_api' retrieved from /home/airflow/.local/lib/python3.12/site-packages/airflow/example_dags/tutorial_taskflow_api.py
[2025-03-26T10:19:14.406+0000] {logging_mixin.py:190} INFO - [2025-03-26T10:19:14.406+0000] {dag.py:3239} INFO - Sync 1 DAGs
[2025-03-26T10:19:14.418+0000] {logging_mixin.py:190} INFO - [2025-03-26T10:19:14.417+0000] {dag.py:4180} INFO - Setting next_dagrun for tutorial_taskflow_api to None, run_after=None
[2025-03-26T10:19:14.433+0000] {processor.py:208} INFO - Processing /home/airflow/.local/lib/python3.12/site-packages/airflow/example_dags/tutorial_taskflow_api.py took 0.055 seconds
[2025-03-26T10:47:20.458+0000] {processor.py:186} INFO - Started process (PID=7774) to work on /home/airflow/.local/lib/python3.12/site-packages/airflow/example_dags/tutorial_taskflow_api.py
[2025-03-26T10:47:20.459+0000] {processor.py:914} INFO - Processing file /home/airflow/.local/lib/python3.12/site-packages/airflow/example_dags/tutorial_taskflow_api.py for tasks to queue
[2025-03-26T10:47:20.461+0000] {logging_mixin.py:190} INFO - [2025-03-26T10:47:20.461+0000] {dagbag.py:588} INFO - Filling up the DagBag from /home/airflow/.local/lib/python3.12/site-packages/airflow/example_dags/tutorial_taskflow_api.py
[2025-03-26T10:47:20.466+0000] {processor.py:925} INFO - DAG(s) 'tutorial_taskflow_api' retrieved from /home/airflow/.local/lib/python3.12/site-packages/airflow/example_dags/tutorial_taskflow_api.py
[2025-03-26T10:47:20.490+0000] {logging_mixin.py:190} INFO - [2025-03-26T10:47:20.489+0000] {dag.py:3239} INFO - Sync 1 DAGs
[2025-03-26T10:47:20.501+0000] {logging_mixin.py:190} INFO - [2025-03-26T10:47:20.500+0000] {dag.py:4180} INFO - Setting next_dagrun for tutorial_taskflow_api to None, run_after=None
[2025-03-26T10:47:20.512+0000] {processor.py:208} INFO - Processing /home/airflow/.local/lib/python3.12/site-packages/airflow/example_dags/tutorial_taskflow_api.py took 0.059 seconds
[2025-03-26T10:54:41.248+0000] {processor.py:186} INFO - Started process (PID=7836) to work on /home/airflow/.local/lib/python3.12/site-packages/airflow/example_dags/tutorial_taskflow_api.py
[2025-03-26T10:54:41.251+0000] {processor.py:914} INFO - Processing file /home/airflow/.local/lib/python3.12/site-packages/airflow/example_dags/tutorial_taskflow_api.py for tasks to queue
[2025-03-26T10:54:41.254+0000] {logging_mixin.py:190} INFO - [2025-03-26T10:54:41.253+0000] {dagbag.py:588} INFO - Filling up the DagBag from /home/airflow/.local/lib/python3.12/site-packages/airflow/example_dags/tutorial_taskflow_api.py
[2025-03-26T10:54:41.275+0000] {processor.py:925} INFO - DAG(s) 'tutorial_taskflow_api' retrieved from /home/airflow/.local/lib/python3.12/site-packages/airflow/example_dags/tutorial_taskflow_api.py
[2025-03-26T10:54:41.312+0000] {logging_mixin.py:190} INFO - [2025-03-26T10:54:41.311+0000] {dag.py:3239} INFO - Sync 1 DAGs
[2025-03-26T10:54:41.330+0000] {logging_mixin.py:190} INFO - [2025-03-26T10:54:41.329+0000] {dag.py:4180} INFO - Setting next_dagrun for tutorial_taskflow_api to None, run_after=None
[2025-03-26T10:54:41.360+0000] {processor.py:208} INFO - Processing /home/airflow/.local/lib/python3.12/site-packages/airflow/example_dags/tutorial_taskflow_api.py took 0.118 seconds
[2025-03-26T11:26:22.216+0000] {processor.py:186} INFO - Started process (PID=7897) to work on /home/airflow/.local/lib/python3.12/site-packages/airflow/example_dags/tutorial_taskflow_api.py
[2025-03-26T11:26:22.217+0000] {processor.py:914} INFO - Processing file /home/airflow/.local/lib/python3.12/site-packages/airflow/example_dags/tutorial_taskflow_api.py for tasks to queue
[2025-03-26T11:26:22.219+0000] {logging_mixin.py:190} INFO - [2025-03-26T11:26:22.219+0000] {dagbag.py:588} INFO - Filling up the DagBag from /home/airflow/.local/lib/python3.12/site-packages/airflow/example_dags/tutorial_taskflow_api.py
[2025-03-26T11:26:22.223+0000] {processor.py:925} INFO - DAG(s) 'tutorial_taskflow_api' retrieved from /home/airflow/.local/lib/python3.12/site-packages/airflow/example_dags/tutorial_taskflow_api.py
[2025-03-26T11:26:22.238+0000] {logging_mixin.py:190} INFO - [2025-03-26T11:26:22.238+0000] {dag.py:3239} INFO - Sync 1 DAGs
[2025-03-26T11:26:22.248+0000] {logging_mixin.py:190} INFO - [2025-03-26T11:26:22.248+0000] {dag.py:4180} INFO - Setting next_dagrun for tutorial_taskflow_api to None, run_after=None
[2025-03-26T11:26:22.259+0000] {processor.py:208} INFO - Processing /home/airflow/.local/lib/python3.12/site-packages/airflow/example_dags/tutorial_taskflow_api.py took 0.046 seconds
[2025-03-26T11:26:52.586+0000] {processor.py:186} INFO - Started process (PID=7959) to work on /home/airflow/.local/lib/python3.12/site-packages/airflow/example_dags/tutorial_taskflow_api.py
[2025-03-26T11:26:52.587+0000] {processor.py:914} INFO - Processing file /home/airflow/.local/lib/python3.12/site-packages/airflow/example_dags/tutorial_taskflow_api.py for tasks to queue
[2025-03-26T11:26:52.589+0000] {logging_mixin.py:190} INFO - [2025-03-26T11:26:52.588+0000] {dagbag.py:588} INFO - Filling up the DagBag from /home/airflow/.local/lib/python3.12/site-packages/airflow/example_dags/tutorial_taskflow_api.py
[2025-03-26T11:26:52.594+0000] {processor.py:925} INFO - DAG(s) 'tutorial_taskflow_api' retrieved from /home/airflow/.local/lib/python3.12/site-packages/airflow/example_dags/tutorial_taskflow_api.py
[2025-03-26T11:26:52.608+0000] {logging_mixin.py:190} INFO - [2025-03-26T11:26:52.608+0000] {dag.py:3239} INFO - Sync 1 DAGs
[2025-03-26T11:26:52.615+0000] {logging_mixin.py:190} INFO - [2025-03-26T11:26:52.614+0000] {dag.py:4180} INFO - Setting next_dagrun for tutorial_taskflow_api to None, run_after=None
[2025-03-26T11:26:52.627+0000] {processor.py:208} INFO - Processing /home/airflow/.local/lib/python3.12/site-packages/airflow/example_dags/tutorial_taskflow_api.py took 0.044 seconds
[2025-03-26T11:46:41.173+0000] {processor.py:186} INFO - Started process (PID=8021) to work on /home/airflow/.local/lib/python3.12/site-packages/airflow/example_dags/tutorial_taskflow_api.py
[2025-03-26T11:46:41.174+0000] {processor.py:914} INFO - Processing file /home/airflow/.local/lib/python3.12/site-packages/airflow/example_dags/tutorial_taskflow_api.py for tasks to queue
[2025-03-26T11:46:41.176+0000] {logging_mixin.py:190} INFO - [2025-03-26T11:46:41.176+0000] {dagbag.py:588} INFO - Filling up the DagBag from /home/airflow/.local/lib/python3.12/site-packages/airflow/example_dags/tutorial_taskflow_api.py
[2025-03-26T11:46:41.182+0000] {processor.py:925} INFO - DAG(s) 'tutorial_taskflow_api' retrieved from /home/airflow/.local/lib/python3.12/site-packages/airflow/example_dags/tutorial_taskflow_api.py
[2025-03-26T11:46:41.199+0000] {logging_mixin.py:190} INFO - [2025-03-26T11:46:41.199+0000] {dag.py:3239} INFO - Sync 1 DAGs
[2025-03-26T11:46:41.207+0000] {logging_mixin.py:190} INFO - [2025-03-26T11:46:41.207+0000] {dag.py:4180} INFO - Setting next_dagrun for tutorial_taskflow_api to None, run_after=None
[2025-03-26T11:46:41.222+0000] {processor.py:208} INFO - Processing /home/airflow/.local/lib/python3.12/site-packages/airflow/example_dags/tutorial_taskflow_api.py took 0.052 seconds
[2025-03-26T12:02:50.872+0000] {processor.py:186} INFO - Started process (PID=8083) to work on /home/airflow/.local/lib/python3.12/site-packages/airflow/example_dags/tutorial_taskflow_api.py
[2025-03-26T12:02:50.873+0000] {processor.py:914} INFO - Processing file /home/airflow/.local/lib/python3.12/site-packages/airflow/example_dags/tutorial_taskflow_api.py for tasks to queue
[2025-03-26T12:02:50.874+0000] {logging_mixin.py:190} INFO - [2025-03-26T12:02:50.874+0000] {dagbag.py:588} INFO - Filling up the DagBag from /home/airflow/.local/lib/python3.12/site-packages/airflow/example_dags/tutorial_taskflow_api.py
[2025-03-26T12:02:50.880+0000] {processor.py:925} INFO - DAG(s) 'tutorial_taskflow_api' retrieved from /home/airflow/.local/lib/python3.12/site-packages/airflow/example_dags/tutorial_taskflow_api.py
[2025-03-26T12:02:50.894+0000] {logging_mixin.py:190} INFO - [2025-03-26T12:02:50.893+0000] {dag.py:3239} INFO - Sync 1 DAGs
[2025-03-26T12:02:50.901+0000] {logging_mixin.py:190} INFO - [2025-03-26T12:02:50.901+0000] {dag.py:4180} INFO - Setting next_dagrun for tutorial_taskflow_api to None, run_after=None
[2025-03-26T12:02:50.915+0000] {processor.py:208} INFO - Processing /home/airflow/.local/lib/python3.12/site-packages/airflow/example_dags/tutorial_taskflow_api.py took 0.047 seconds
[2025-03-26T12:16:10.149+0000] {processor.py:186} INFO - Started process (PID=8145) to work on /home/airflow/.local/lib/python3.12/site-packages/airflow/example_dags/tutorial_taskflow_api.py
[2025-03-26T12:16:10.151+0000] {processor.py:914} INFO - Processing file /home/airflow/.local/lib/python3.12/site-packages/airflow/example_dags/tutorial_taskflow_api.py for tasks to queue
[2025-03-26T12:16:10.153+0000] {logging_mixin.py:190} INFO - [2025-03-26T12:16:10.153+0000] {dagbag.py:588} INFO - Filling up the DagBag from /home/airflow/.local/lib/python3.12/site-packages/airflow/example_dags/tutorial_taskflow_api.py
[2025-03-26T12:16:10.159+0000] {processor.py:925} INFO - DAG(s) 'tutorial_taskflow_api' retrieved from /home/airflow/.local/lib/python3.12/site-packages/airflow/example_dags/tutorial_taskflow_api.py
[2025-03-26T12:16:10.178+0000] {logging_mixin.py:190} INFO - [2025-03-26T12:16:10.178+0000] {dag.py:3239} INFO - Sync 1 DAGs
[2025-03-26T12:16:10.187+0000] {logging_mixin.py:190} INFO - [2025-03-26T12:16:10.187+0000] {dag.py:4180} INFO - Setting next_dagrun for tutorial_taskflow_api to None, run_after=None
[2025-03-26T12:16:10.203+0000] {processor.py:208} INFO - Processing /home/airflow/.local/lib/python3.12/site-packages/airflow/example_dags/tutorial_taskflow_api.py took 0.057 seconds
[2025-03-26T12:31:49.862+0000] {processor.py:186} INFO - Started process (PID=8207) to work on /home/airflow/.local/lib/python3.12/site-packages/airflow/example_dags/tutorial_taskflow_api.py
[2025-03-26T12:31:49.863+0000] {processor.py:914} INFO - Processing file /home/airflow/.local/lib/python3.12/site-packages/airflow/example_dags/tutorial_taskflow_api.py for tasks to queue
[2025-03-26T12:31:49.865+0000] {logging_mixin.py:190} INFO - [2025-03-26T12:31:49.865+0000] {dagbag.py:588} INFO - Filling up the DagBag from /home/airflow/.local/lib/python3.12/site-packages/airflow/example_dags/tutorial_taskflow_api.py
[2025-03-26T12:31:49.879+0000] {processor.py:925} INFO - DAG(s) 'tutorial_taskflow_api' retrieved from /home/airflow/.local/lib/python3.12/site-packages/airflow/example_dags/tutorial_taskflow_api.py
[2025-03-26T12:31:49.894+0000] {logging_mixin.py:190} INFO - [2025-03-26T12:31:49.894+0000] {dag.py:3239} INFO - Sync 1 DAGs
[2025-03-26T12:31:49.902+0000] {logging_mixin.py:190} INFO - [2025-03-26T12:31:49.902+0000] {dag.py:4180} INFO - Setting next_dagrun for tutorial_taskflow_api to None, run_after=None
[2025-03-26T12:31:49.914+0000] {processor.py:208} INFO - Processing /home/airflow/.local/lib/python3.12/site-packages/airflow/example_dags/tutorial_taskflow_api.py took 0.055 seconds
[2025-03-26T12:41:51.686+0000] {processor.py:186} INFO - Started process (PID=8268) to work on /home/airflow/.local/lib/python3.12/site-packages/airflow/example_dags/tutorial_taskflow_api.py
[2025-03-26T12:41:51.687+0000] {processor.py:914} INFO - Processing file /home/airflow/.local/lib/python3.12/site-packages/airflow/example_dags/tutorial_taskflow_api.py for tasks to queue
[2025-03-26T12:41:51.689+0000] {logging_mixin.py:190} INFO - [2025-03-26T12:41:51.688+0000] {dagbag.py:588} INFO - Filling up the DagBag from /home/airflow/.local/lib/python3.12/site-packages/airflow/example_dags/tutorial_taskflow_api.py
[2025-03-26T12:41:51.695+0000] {processor.py:925} INFO - DAG(s) 'tutorial_taskflow_api' retrieved from /home/airflow/.local/lib/python3.12/site-packages/airflow/example_dags/tutorial_taskflow_api.py
[2025-03-26T12:41:51.708+0000] {logging_mixin.py:190} INFO - [2025-03-26T12:41:51.708+0000] {dag.py:3239} INFO - Sync 1 DAGs
[2025-03-26T12:41:51.717+0000] {logging_mixin.py:190} INFO - [2025-03-26T12:41:51.716+0000] {dag.py:4180} INFO - Setting next_dagrun for tutorial_taskflow_api to None, run_after=None
[2025-03-26T12:41:51.726+0000] {processor.py:208} INFO - Processing /home/airflow/.local/lib/python3.12/site-packages/airflow/example_dags/tutorial_taskflow_api.py took 0.046 seconds
[2025-03-26T13:05:12.693+0000] {processor.py:186} INFO - Started process (PID=8330) to work on /home/airflow/.local/lib/python3.12/site-packages/airflow/example_dags/tutorial_taskflow_api.py
[2025-03-26T13:05:12.697+0000] {processor.py:914} INFO - Processing file /home/airflow/.local/lib/python3.12/site-packages/airflow/example_dags/tutorial_taskflow_api.py for tasks to queue
[2025-03-26T13:05:12.700+0000] {logging_mixin.py:190} INFO - [2025-03-26T13:05:12.700+0000] {dagbag.py:588} INFO - Filling up the DagBag from /home/airflow/.local/lib/python3.12/site-packages/airflow/example_dags/tutorial_taskflow_api.py
[2025-03-26T13:05:12.716+0000] {processor.py:925} INFO - DAG(s) 'tutorial_taskflow_api' retrieved from /home/airflow/.local/lib/python3.12/site-packages/airflow/example_dags/tutorial_taskflow_api.py
[2025-03-26T13:05:12.737+0000] {logging_mixin.py:190} INFO - [2025-03-26T13:05:12.736+0000] {dag.py:3239} INFO - Sync 1 DAGs
[2025-03-26T13:05:12.760+0000] {logging_mixin.py:190} INFO - [2025-03-26T13:05:12.760+0000] {dag.py:4180} INFO - Setting next_dagrun for tutorial_taskflow_api to None, run_after=None
[2025-03-26T13:05:12.781+0000] {processor.py:208} INFO - Processing /home/airflow/.local/lib/python3.12/site-packages/airflow/example_dags/tutorial_taskflow_api.py took 0.098 seconds
[2025-03-26T13:30:00.527+0000] {processor.py:186} INFO - Started process (PID=8392) to work on /home/airflow/.local/lib/python3.12/site-packages/airflow/example_dags/tutorial_taskflow_api.py
[2025-03-26T13:30:00.529+0000] {processor.py:914} INFO - Processing file /home/airflow/.local/lib/python3.12/site-packages/airflow/example_dags/tutorial_taskflow_api.py for tasks to queue
[2025-03-26T13:30:00.533+0000] {logging_mixin.py:190} INFO - [2025-03-26T13:30:00.532+0000] {dagbag.py:588} INFO - Filling up the DagBag from /home/airflow/.local/lib/python3.12/site-packages/airflow/example_dags/tutorial_taskflow_api.py
[2025-03-26T13:30:00.541+0000] {processor.py:925} INFO - DAG(s) 'tutorial_taskflow_api' retrieved from /home/airflow/.local/lib/python3.12/site-packages/airflow/example_dags/tutorial_taskflow_api.py
[2025-03-26T13:30:00.560+0000] {logging_mixin.py:190} INFO - [2025-03-26T13:30:00.560+0000] {dag.py:3239} INFO - Sync 1 DAGs
[2025-03-26T13:30:00.642+0000] {logging_mixin.py:190} INFO - [2025-03-26T13:30:00.640+0000] {dag.py:4180} INFO - Setting next_dagrun for tutorial_taskflow_api to None, run_after=None
[2025-03-26T13:30:00.695+0000] {processor.py:208} INFO - Processing /home/airflow/.local/lib/python3.12/site-packages/airflow/example_dags/tutorial_taskflow_api.py took 0.172 seconds
[2025-03-26T13:50:35.316+0000] {processor.py:186} INFO - Started process (PID=8454) to work on /home/airflow/.local/lib/python3.12/site-packages/airflow/example_dags/tutorial_taskflow_api.py
[2025-03-26T13:50:35.318+0000] {processor.py:914} INFO - Processing file /home/airflow/.local/lib/python3.12/site-packages/airflow/example_dags/tutorial_taskflow_api.py for tasks to queue
[2025-03-26T13:50:35.323+0000] {logging_mixin.py:190} INFO - [2025-03-26T13:50:35.323+0000] {dagbag.py:588} INFO - Filling up the DagBag from /home/airflow/.local/lib/python3.12/site-packages/airflow/example_dags/tutorial_taskflow_api.py
[2025-03-26T13:50:35.336+0000] {processor.py:925} INFO - DAG(s) 'tutorial_taskflow_api' retrieved from /home/airflow/.local/lib/python3.12/site-packages/airflow/example_dags/tutorial_taskflow_api.py
[2025-03-26T13:50:35.359+0000] {logging_mixin.py:190} INFO - [2025-03-26T13:50:35.359+0000] {dag.py:3239} INFO - Sync 1 DAGs
[2025-03-26T13:50:35.374+0000] {logging_mixin.py:190} INFO - [2025-03-26T13:50:35.374+0000] {dag.py:4180} INFO - Setting next_dagrun for tutorial_taskflow_api to None, run_after=None
[2025-03-26T13:50:35.390+0000] {processor.py:208} INFO - Processing /home/airflow/.local/lib/python3.12/site-packages/airflow/example_dags/tutorial_taskflow_api.py took 0.084 seconds
[2025-03-26T14:06:59.212+0000] {processor.py:186} INFO - Started process (PID=8516) to work on /home/airflow/.local/lib/python3.12/site-packages/airflow/example_dags/tutorial_taskflow_api.py
[2025-03-26T14:06:59.214+0000] {processor.py:914} INFO - Processing file /home/airflow/.local/lib/python3.12/site-packages/airflow/example_dags/tutorial_taskflow_api.py for tasks to queue
[2025-03-26T14:06:59.217+0000] {logging_mixin.py:190} INFO - [2025-03-26T14:06:59.216+0000] {dagbag.py:588} INFO - Filling up the DagBag from /home/airflow/.local/lib/python3.12/site-packages/airflow/example_dags/tutorial_taskflow_api.py
[2025-03-26T14:06:59.229+0000] {processor.py:925} INFO - DAG(s) 'tutorial_taskflow_api' retrieved from /home/airflow/.local/lib/python3.12/site-packages/airflow/example_dags/tutorial_taskflow_api.py
[2025-03-26T14:06:59.241+0000] {logging_mixin.py:190} INFO - [2025-03-26T14:06:59.241+0000] {dag.py:3239} INFO - Sync 1 DAGs
[2025-03-26T14:06:59.252+0000] {logging_mixin.py:190} INFO - [2025-03-26T14:06:59.252+0000] {dag.py:4180} INFO - Setting next_dagrun for tutorial_taskflow_api to None, run_after=None
[2025-03-26T14:06:59.264+0000] {processor.py:208} INFO - Processing /home/airflow/.local/lib/python3.12/site-packages/airflow/example_dags/tutorial_taskflow_api.py took 0.061 seconds
[2025-03-26T14:31:54.233+0000] {processor.py:186} INFO - Started process (PID=8578) to work on /home/airflow/.local/lib/python3.12/site-packages/airflow/example_dags/tutorial_taskflow_api.py
[2025-03-26T14:31:54.235+0000] {processor.py:914} INFO - Processing file /home/airflow/.local/lib/python3.12/site-packages/airflow/example_dags/tutorial_taskflow_api.py for tasks to queue
[2025-03-26T14:31:54.240+0000] {logging_mixin.py:190} INFO - [2025-03-26T14:31:54.240+0000] {dagbag.py:588} INFO - Filling up the DagBag from /home/airflow/.local/lib/python3.12/site-packages/airflow/example_dags/tutorial_taskflow_api.py
[2025-03-26T14:31:54.257+0000] {processor.py:925} INFO - DAG(s) 'tutorial_taskflow_api' retrieved from /home/airflow/.local/lib/python3.12/site-packages/airflow/example_dags/tutorial_taskflow_api.py
[2025-03-26T14:31:54.310+0000] {logging_mixin.py:190} INFO - [2025-03-26T14:31:54.309+0000] {dag.py:3239} INFO - Sync 1 DAGs
[2025-03-26T14:31:54.331+0000] {logging_mixin.py:190} INFO - [2025-03-26T14:31:54.331+0000] {dag.py:4180} INFO - Setting next_dagrun for tutorial_taskflow_api to None, run_after=None
[2025-03-26T14:31:54.348+0000] {processor.py:208} INFO - Processing /home/airflow/.local/lib/python3.12/site-packages/airflow/example_dags/tutorial_taskflow_api.py took 0.119 seconds
[2025-03-26T14:33:48.315+0000] {processor.py:186} INFO - Started process (PID=8639) to work on /home/airflow/.local/lib/python3.12/site-packages/airflow/example_dags/tutorial_taskflow_api.py
[2025-03-26T14:33:48.316+0000] {processor.py:914} INFO - Processing file /home/airflow/.local/lib/python3.12/site-packages/airflow/example_dags/tutorial_taskflow_api.py for tasks to queue
[2025-03-26T14:33:48.322+0000] {logging_mixin.py:190} INFO - [2025-03-26T14:33:48.322+0000] {dagbag.py:588} INFO - Filling up the DagBag from /home/airflow/.local/lib/python3.12/site-packages/airflow/example_dags/tutorial_taskflow_api.py
[2025-03-26T14:33:48.328+0000] {processor.py:925} INFO - DAG(s) 'tutorial_taskflow_api' retrieved from /home/airflow/.local/lib/python3.12/site-packages/airflow/example_dags/tutorial_taskflow_api.py
[2025-03-26T14:33:48.340+0000] {logging_mixin.py:190} INFO - [2025-03-26T14:33:48.340+0000] {dag.py:3239} INFO - Sync 1 DAGs
[2025-03-26T14:33:48.464+0000] {logging_mixin.py:190} INFO - [2025-03-26T14:33:48.464+0000] {dag.py:4180} INFO - Setting next_dagrun for tutorial_taskflow_api to None, run_after=None
[2025-03-26T14:33:48.475+0000] {processor.py:208} INFO - Processing /home/airflow/.local/lib/python3.12/site-packages/airflow/example_dags/tutorial_taskflow_api.py took 0.164 seconds
[2025-03-26T14:51:50.729+0000] {processor.py:186} INFO - Started process (PID=8695) to work on /home/airflow/.local/lib/python3.12/site-packages/airflow/example_dags/tutorial_taskflow_api.py
[2025-03-26T14:51:50.730+0000] {processor.py:914} INFO - Processing file /home/airflow/.local/lib/python3.12/site-packages/airflow/example_dags/tutorial_taskflow_api.py for tasks to queue
[2025-03-26T14:51:50.731+0000] {logging_mixin.py:190} INFO - [2025-03-26T14:51:50.731+0000] {dagbag.py:588} INFO - Filling up the DagBag from /home/airflow/.local/lib/python3.12/site-packages/airflow/example_dags/tutorial_taskflow_api.py
[2025-03-26T14:51:50.736+0000] {processor.py:925} INFO - DAG(s) 'tutorial_taskflow_api' retrieved from /home/airflow/.local/lib/python3.12/site-packages/airflow/example_dags/tutorial_taskflow_api.py
[2025-03-26T14:51:50.757+0000] {logging_mixin.py:190} INFO - [2025-03-26T14:51:50.756+0000] {dag.py:3239} INFO - Sync 1 DAGs
[2025-03-26T14:51:50.772+0000] {logging_mixin.py:190} INFO - [2025-03-26T14:51:50.772+0000] {dag.py:4180} INFO - Setting next_dagrun for tutorial_taskflow_api to None, run_after=None
[2025-03-26T14:51:50.799+0000] {processor.py:208} INFO - Processing /home/airflow/.local/lib/python3.12/site-packages/airflow/example_dags/tutorial_taskflow_api.py took 0.078 seconds
[2025-03-26T15:02:45.429+0000] {processor.py:186} INFO - Started process (PID=8756) to work on /home/airflow/.local/lib/python3.12/site-packages/airflow/example_dags/tutorial_taskflow_api.py
[2025-03-26T15:02:45.433+0000] {processor.py:914} INFO - Processing file /home/airflow/.local/lib/python3.12/site-packages/airflow/example_dags/tutorial_taskflow_api.py for tasks to queue
[2025-03-26T15:02:45.435+0000] {logging_mixin.py:190} INFO - [2025-03-26T15:02:45.435+0000] {dagbag.py:588} INFO - Filling up the DagBag from /home/airflow/.local/lib/python3.12/site-packages/airflow/example_dags/tutorial_taskflow_api.py
[2025-03-26T15:02:45.440+0000] {processor.py:925} INFO - DAG(s) 'tutorial_taskflow_api' retrieved from /home/airflow/.local/lib/python3.12/site-packages/airflow/example_dags/tutorial_taskflow_api.py
[2025-03-26T15:02:45.453+0000] {logging_mixin.py:190} INFO - [2025-03-26T15:02:45.453+0000] {dag.py:3239} INFO - Sync 1 DAGs
[2025-03-26T15:02:45.467+0000] {logging_mixin.py:190} INFO - [2025-03-26T15:02:45.467+0000] {dag.py:4180} INFO - Setting next_dagrun for tutorial_taskflow_api to None, run_after=None
[2025-03-26T15:02:45.478+0000] {processor.py:208} INFO - Processing /home/airflow/.local/lib/python3.12/site-packages/airflow/example_dags/tutorial_taskflow_api.py took 0.053 seconds
[2025-03-26T15:08:02.894+0000] {processor.py:186} INFO - Started process (PID=8823) to work on /home/airflow/.local/lib/python3.12/site-packages/airflow/example_dags/tutorial_taskflow_api.py
[2025-03-26T15:08:02.906+0000] {processor.py:914} INFO - Processing file /home/airflow/.local/lib/python3.12/site-packages/airflow/example_dags/tutorial_taskflow_api.py for tasks to queue
[2025-03-26T15:08:02.920+0000] {logging_mixin.py:190} INFO - [2025-03-26T15:08:02.919+0000] {dagbag.py:588} INFO - Filling up the DagBag from /home/airflow/.local/lib/python3.12/site-packages/airflow/example_dags/tutorial_taskflow_api.py
[2025-03-26T15:08:02.963+0000] {processor.py:925} INFO - DAG(s) 'tutorial_taskflow_api' retrieved from /home/airflow/.local/lib/python3.12/site-packages/airflow/example_dags/tutorial_taskflow_api.py
[2025-03-26T15:08:03.064+0000] {logging_mixin.py:190} INFO - [2025-03-26T15:08:03.063+0000] {dag.py:3239} INFO - Sync 1 DAGs
[2025-03-26T15:08:03.108+0000] {logging_mixin.py:190} INFO - [2025-03-26T15:08:03.107+0000] {dag.py:4180} INFO - Setting next_dagrun for tutorial_taskflow_api to None, run_after=None
[2025-03-26T15:08:03.163+0000] {processor.py:208} INFO - Processing /home/airflow/.local/lib/python3.12/site-packages/airflow/example_dags/tutorial_taskflow_api.py took 0.298 seconds
[2025-03-26T15:08:39.167+0000] {processor.py:186} INFO - Started process (PID=8885) to work on /home/airflow/.local/lib/python3.12/site-packages/airflow/example_dags/tutorial_taskflow_api.py
[2025-03-26T15:08:39.170+0000] {processor.py:914} INFO - Processing file /home/airflow/.local/lib/python3.12/site-packages/airflow/example_dags/tutorial_taskflow_api.py for tasks to queue
[2025-03-26T15:08:39.176+0000] {logging_mixin.py:190} INFO - [2025-03-26T15:08:39.176+0000] {dagbag.py:588} INFO - Filling up the DagBag from /home/airflow/.local/lib/python3.12/site-packages/airflow/example_dags/tutorial_taskflow_api.py
[2025-03-26T15:08:39.193+0000] {processor.py:925} INFO - DAG(s) 'tutorial_taskflow_api' retrieved from /home/airflow/.local/lib/python3.12/site-packages/airflow/example_dags/tutorial_taskflow_api.py
[2025-03-26T15:08:39.212+0000] {logging_mixin.py:190} INFO - [2025-03-26T15:08:39.211+0000] {dag.py:3239} INFO - Sync 1 DAGs
[2025-03-26T15:08:39.222+0000] {logging_mixin.py:190} INFO - [2025-03-26T15:08:39.222+0000] {dag.py:4180} INFO - Setting next_dagrun for tutorial_taskflow_api to None, run_after=None
[2025-03-26T15:08:39.240+0000] {processor.py:208} INFO - Processing /home/airflow/.local/lib/python3.12/site-packages/airflow/example_dags/tutorial_taskflow_api.py took 0.082 seconds
[2025-03-26T15:09:10.024+0000] {processor.py:186} INFO - Started process (PID=8947) to work on /home/airflow/.local/lib/python3.12/site-packages/airflow/example_dags/tutorial_taskflow_api.py
[2025-03-26T15:09:10.025+0000] {processor.py:914} INFO - Processing file /home/airflow/.local/lib/python3.12/site-packages/airflow/example_dags/tutorial_taskflow_api.py for tasks to queue
[2025-03-26T15:09:10.026+0000] {logging_mixin.py:190} INFO - [2025-03-26T15:09:10.026+0000] {dagbag.py:588} INFO - Filling up the DagBag from /home/airflow/.local/lib/python3.12/site-packages/airflow/example_dags/tutorial_taskflow_api.py
[2025-03-26T15:09:10.031+0000] {processor.py:925} INFO - DAG(s) 'tutorial_taskflow_api' retrieved from /home/airflow/.local/lib/python3.12/site-packages/airflow/example_dags/tutorial_taskflow_api.py
[2025-03-26T15:09:10.055+0000] {logging_mixin.py:190} INFO - [2025-03-26T15:09:10.055+0000] {dag.py:3239} INFO - Sync 1 DAGs
[2025-03-26T15:09:10.068+0000] {logging_mixin.py:190} INFO - [2025-03-26T15:09:10.068+0000] {dag.py:4180} INFO - Setting next_dagrun for tutorial_taskflow_api to None, run_after=None
[2025-03-26T15:09:10.083+0000] {processor.py:208} INFO - Processing /home/airflow/.local/lib/python3.12/site-packages/airflow/example_dags/tutorial_taskflow_api.py took 0.064 seconds
[2025-03-26T15:09:41.241+0000] {processor.py:186} INFO - Started process (PID=9009) to work on /home/airflow/.local/lib/python3.12/site-packages/airflow/example_dags/tutorial_taskflow_api.py
[2025-03-26T15:09:41.250+0000] {processor.py:914} INFO - Processing file /home/airflow/.local/lib/python3.12/site-packages/airflow/example_dags/tutorial_taskflow_api.py for tasks to queue
[2025-03-26T15:09:41.261+0000] {logging_mixin.py:190} INFO - [2025-03-26T15:09:41.259+0000] {dagbag.py:588} INFO - Filling up the DagBag from /home/airflow/.local/lib/python3.12/site-packages/airflow/example_dags/tutorial_taskflow_api.py
[2025-03-26T15:09:41.292+0000] {processor.py:925} INFO - DAG(s) 'tutorial_taskflow_api' retrieved from /home/airflow/.local/lib/python3.12/site-packages/airflow/example_dags/tutorial_taskflow_api.py
[2025-03-26T15:09:41.408+0000] {logging_mixin.py:190} INFO - [2025-03-26T15:09:41.408+0000] {dag.py:3239} INFO - Sync 1 DAGs
[2025-03-26T15:09:41.504+0000] {logging_mixin.py:190} INFO - [2025-03-26T15:09:41.504+0000] {dag.py:4180} INFO - Setting next_dagrun for tutorial_taskflow_api to None, run_after=None
[2025-03-26T15:09:41.550+0000] {processor.py:208} INFO - Processing /home/airflow/.local/lib/python3.12/site-packages/airflow/example_dags/tutorial_taskflow_api.py took 0.334 seconds
[2025-03-26T15:10:11.968+0000] {processor.py:186} INFO - Started process (PID=9071) to work on /home/airflow/.local/lib/python3.12/site-packages/airflow/example_dags/tutorial_taskflow_api.py
[2025-03-26T15:10:11.969+0000] {processor.py:914} INFO - Processing file /home/airflow/.local/lib/python3.12/site-packages/airflow/example_dags/tutorial_taskflow_api.py for tasks to queue
[2025-03-26T15:10:11.974+0000] {logging_mixin.py:190} INFO - [2025-03-26T15:10:11.973+0000] {dagbag.py:588} INFO - Filling up the DagBag from /home/airflow/.local/lib/python3.12/site-packages/airflow/example_dags/tutorial_taskflow_api.py
[2025-03-26T15:10:11.994+0000] {processor.py:925} INFO - DAG(s) 'tutorial_taskflow_api' retrieved from /home/airflow/.local/lib/python3.12/site-packages/airflow/example_dags/tutorial_taskflow_api.py
[2025-03-26T15:10:12.018+0000] {logging_mixin.py:190} INFO - [2025-03-26T15:10:12.018+0000] {dag.py:3239} INFO - Sync 1 DAGs
[2025-03-26T15:10:12.032+0000] {logging_mixin.py:190} INFO - [2025-03-26T15:10:12.032+0000] {dag.py:4180} INFO - Setting next_dagrun for tutorial_taskflow_api to None, run_after=None
[2025-03-26T15:10:12.048+0000] {processor.py:208} INFO - Processing /home/airflow/.local/lib/python3.12/site-packages/airflow/example_dags/tutorial_taskflow_api.py took 0.089 seconds
[2025-03-26T15:10:42.940+0000] {processor.py:186} INFO - Started process (PID=9133) to work on /home/airflow/.local/lib/python3.12/site-packages/airflow/example_dags/tutorial_taskflow_api.py
[2025-03-26T15:10:42.941+0000] {processor.py:914} INFO - Processing file /home/airflow/.local/lib/python3.12/site-packages/airflow/example_dags/tutorial_taskflow_api.py for tasks to queue
[2025-03-26T15:10:42.945+0000] {logging_mixin.py:190} INFO - [2025-03-26T15:10:42.944+0000] {dagbag.py:588} INFO - Filling up the DagBag from /home/airflow/.local/lib/python3.12/site-packages/airflow/example_dags/tutorial_taskflow_api.py
[2025-03-26T15:10:42.964+0000] {processor.py:925} INFO - DAG(s) 'tutorial_taskflow_api' retrieved from /home/airflow/.local/lib/python3.12/site-packages/airflow/example_dags/tutorial_taskflow_api.py
[2025-03-26T15:10:42.997+0000] {logging_mixin.py:190} INFO - [2025-03-26T15:10:42.997+0000] {dag.py:3239} INFO - Sync 1 DAGs
[2025-03-26T15:10:43.007+0000] {logging_mixin.py:190} INFO - [2025-03-26T15:10:43.007+0000] {dag.py:4180} INFO - Setting next_dagrun for tutorial_taskflow_api to None, run_after=None
[2025-03-26T15:10:43.031+0000] {processor.py:208} INFO - Processing /home/airflow/.local/lib/python3.12/site-packages/airflow/example_dags/tutorial_taskflow_api.py took 0.098 seconds
[2025-03-26T15:11:13.568+0000] {processor.py:186} INFO - Started process (PID=9195) to work on /home/airflow/.local/lib/python3.12/site-packages/airflow/example_dags/tutorial_taskflow_api.py
[2025-03-26T15:11:13.569+0000] {processor.py:914} INFO - Processing file /home/airflow/.local/lib/python3.12/site-packages/airflow/example_dags/tutorial_taskflow_api.py for tasks to queue
[2025-03-26T15:11:13.572+0000] {logging_mixin.py:190} INFO - [2025-03-26T15:11:13.572+0000] {dagbag.py:588} INFO - Filling up the DagBag from /home/airflow/.local/lib/python3.12/site-packages/airflow/example_dags/tutorial_taskflow_api.py
[2025-03-26T15:11:13.583+0000] {processor.py:925} INFO - DAG(s) 'tutorial_taskflow_api' retrieved from /home/airflow/.local/lib/python3.12/site-packages/airflow/example_dags/tutorial_taskflow_api.py
[2025-03-26T15:11:13.602+0000] {logging_mixin.py:190} INFO - [2025-03-26T15:11:13.602+0000] {dag.py:3239} INFO - Sync 1 DAGs
[2025-03-26T15:11:13.614+0000] {logging_mixin.py:190} INFO - [2025-03-26T15:11:13.614+0000] {dag.py:4180} INFO - Setting next_dagrun for tutorial_taskflow_api to None, run_after=None
[2025-03-26T15:11:13.628+0000] {processor.py:208} INFO - Processing /home/airflow/.local/lib/python3.12/site-packages/airflow/example_dags/tutorial_taskflow_api.py took 0.067 seconds
[2025-03-26T15:11:44.151+0000] {processor.py:186} INFO - Started process (PID=9257) to work on /home/airflow/.local/lib/python3.12/site-packages/airflow/example_dags/tutorial_taskflow_api.py
[2025-03-26T15:11:44.153+0000] {processor.py:914} INFO - Processing file /home/airflow/.local/lib/python3.12/site-packages/airflow/example_dags/tutorial_taskflow_api.py for tasks to queue
[2025-03-26T15:11:44.158+0000] {logging_mixin.py:190} INFO - [2025-03-26T15:11:44.158+0000] {dagbag.py:588} INFO - Filling up the DagBag from /home/airflow/.local/lib/python3.12/site-packages/airflow/example_dags/tutorial_taskflow_api.py
[2025-03-26T15:11:44.170+0000] {processor.py:925} INFO - DAG(s) 'tutorial_taskflow_api' retrieved from /home/airflow/.local/lib/python3.12/site-packages/airflow/example_dags/tutorial_taskflow_api.py
[2025-03-26T15:11:44.188+0000] {logging_mixin.py:190} INFO - [2025-03-26T15:11:44.188+0000] {dag.py:3239} INFO - Sync 1 DAGs
[2025-03-26T15:11:44.198+0000] {logging_mixin.py:190} INFO - [2025-03-26T15:11:44.198+0000] {dag.py:4180} INFO - Setting next_dagrun for tutorial_taskflow_api to None, run_after=None
[2025-03-26T15:11:44.211+0000] {processor.py:208} INFO - Processing /home/airflow/.local/lib/python3.12/site-packages/airflow/example_dags/tutorial_taskflow_api.py took 0.068 seconds
[2025-03-26T15:12:14.655+0000] {processor.py:186} INFO - Started process (PID=9319) to work on /home/airflow/.local/lib/python3.12/site-packages/airflow/example_dags/tutorial_taskflow_api.py
[2025-03-26T15:12:14.656+0000] {processor.py:914} INFO - Processing file /home/airflow/.local/lib/python3.12/site-packages/airflow/example_dags/tutorial_taskflow_api.py for tasks to queue
[2025-03-26T15:12:14.658+0000] {logging_mixin.py:190} INFO - [2025-03-26T15:12:14.658+0000] {dagbag.py:588} INFO - Filling up the DagBag from /home/airflow/.local/lib/python3.12/site-packages/airflow/example_dags/tutorial_taskflow_api.py
[2025-03-26T15:12:14.669+0000] {processor.py:925} INFO - DAG(s) 'tutorial_taskflow_api' retrieved from /home/airflow/.local/lib/python3.12/site-packages/airflow/example_dags/tutorial_taskflow_api.py
[2025-03-26T15:12:14.689+0000] {logging_mixin.py:190} INFO - [2025-03-26T15:12:14.688+0000] {dag.py:3239} INFO - Sync 1 DAGs
[2025-03-26T15:12:14.697+0000] {logging_mixin.py:190} INFO - [2025-03-26T15:12:14.697+0000] {dag.py:4180} INFO - Setting next_dagrun for tutorial_taskflow_api to None, run_after=None
[2025-03-26T15:12:14.711+0000] {processor.py:208} INFO - Processing /home/airflow/.local/lib/python3.12/site-packages/airflow/example_dags/tutorial_taskflow_api.py took 0.064 seconds
[2025-03-26T15:12:45.337+0000] {processor.py:186} INFO - Started process (PID=9381) to work on /home/airflow/.local/lib/python3.12/site-packages/airflow/example_dags/tutorial_taskflow_api.py
[2025-03-26T15:12:45.338+0000] {processor.py:914} INFO - Processing file /home/airflow/.local/lib/python3.12/site-packages/airflow/example_dags/tutorial_taskflow_api.py for tasks to queue
[2025-03-26T15:12:45.341+0000] {logging_mixin.py:190} INFO - [2025-03-26T15:12:45.341+0000] {dagbag.py:588} INFO - Filling up the DagBag from /home/airflow/.local/lib/python3.12/site-packages/airflow/example_dags/tutorial_taskflow_api.py
[2025-03-26T15:12:45.351+0000] {processor.py:925} INFO - DAG(s) 'tutorial_taskflow_api' retrieved from /home/airflow/.local/lib/python3.12/site-packages/airflow/example_dags/tutorial_taskflow_api.py
[2025-03-26T15:12:45.370+0000] {logging_mixin.py:190} INFO - [2025-03-26T15:12:45.370+0000] {dag.py:3239} INFO - Sync 1 DAGs
[2025-03-26T15:12:45.385+0000] {logging_mixin.py:190} INFO - [2025-03-26T15:12:45.385+0000] {dag.py:4180} INFO - Setting next_dagrun for tutorial_taskflow_api to None, run_after=None
[2025-03-26T15:12:45.399+0000] {processor.py:208} INFO - Processing /home/airflow/.local/lib/python3.12/site-packages/airflow/example_dags/tutorial_taskflow_api.py took 0.071 seconds
[2025-03-26T15:13:16.031+0000] {processor.py:186} INFO - Started process (PID=9443) to work on /home/airflow/.local/lib/python3.12/site-packages/airflow/example_dags/tutorial_taskflow_api.py
[2025-03-26T15:13:16.033+0000] {processor.py:914} INFO - Processing file /home/airflow/.local/lib/python3.12/site-packages/airflow/example_dags/tutorial_taskflow_api.py for tasks to queue
[2025-03-26T15:13:16.035+0000] {logging_mixin.py:190} INFO - [2025-03-26T15:13:16.035+0000] {dagbag.py:588} INFO - Filling up the DagBag from /home/airflow/.local/lib/python3.12/site-packages/airflow/example_dags/tutorial_taskflow_api.py
[2025-03-26T15:13:16.045+0000] {processor.py:925} INFO - DAG(s) 'tutorial_taskflow_api' retrieved from /home/airflow/.local/lib/python3.12/site-packages/airflow/example_dags/tutorial_taskflow_api.py
[2025-03-26T15:13:16.062+0000] {logging_mixin.py:190} INFO - [2025-03-26T15:13:16.062+0000] {dag.py:3239} INFO - Sync 1 DAGs
[2025-03-26T15:13:16.071+0000] {logging_mixin.py:190} INFO - [2025-03-26T15:13:16.070+0000] {dag.py:4180} INFO - Setting next_dagrun for tutorial_taskflow_api to None, run_after=None
[2025-03-26T15:13:16.084+0000] {processor.py:208} INFO - Processing /home/airflow/.local/lib/python3.12/site-packages/airflow/example_dags/tutorial_taskflow_api.py took 0.059 seconds
[2025-03-26T15:13:46.867+0000] {processor.py:186} INFO - Started process (PID=9505) to work on /home/airflow/.local/lib/python3.12/site-packages/airflow/example_dags/tutorial_taskflow_api.py
[2025-03-26T15:13:46.869+0000] {processor.py:914} INFO - Processing file /home/airflow/.local/lib/python3.12/site-packages/airflow/example_dags/tutorial_taskflow_api.py for tasks to queue
[2025-03-26T15:13:46.872+0000] {logging_mixin.py:190} INFO - [2025-03-26T15:13:46.871+0000] {dagbag.py:588} INFO - Filling up the DagBag from /home/airflow/.local/lib/python3.12/site-packages/airflow/example_dags/tutorial_taskflow_api.py
[2025-03-26T15:13:46.890+0000] {processor.py:925} INFO - DAG(s) 'tutorial_taskflow_api' retrieved from /home/airflow/.local/lib/python3.12/site-packages/airflow/example_dags/tutorial_taskflow_api.py
[2025-03-26T15:13:46.916+0000] {logging_mixin.py:190} INFO - [2025-03-26T15:13:46.916+0000] {dag.py:3239} INFO - Sync 1 DAGs
[2025-03-26T15:13:46.930+0000] {logging_mixin.py:190} INFO - [2025-03-26T15:13:46.930+0000] {dag.py:4180} INFO - Setting next_dagrun for tutorial_taskflow_api to None, run_after=None
[2025-03-26T15:13:46.952+0000] {processor.py:208} INFO - Processing /home/airflow/.local/lib/python3.12/site-packages/airflow/example_dags/tutorial_taskflow_api.py took 0.091 seconds
[2025-03-26T15:14:19.665+0000] {processor.py:186} INFO - Started process (PID=9567) to work on /home/airflow/.local/lib/python3.12/site-packages/airflow/example_dags/tutorial_taskflow_api.py
[2025-03-26T15:14:19.666+0000] {processor.py:914} INFO - Processing file /home/airflow/.local/lib/python3.12/site-packages/airflow/example_dags/tutorial_taskflow_api.py for tasks to queue
[2025-03-26T15:14:19.673+0000] {logging_mixin.py:190} INFO - [2025-03-26T15:14:19.672+0000] {dagbag.py:588} INFO - Filling up the DagBag from /home/airflow/.local/lib/python3.12/site-packages/airflow/example_dags/tutorial_taskflow_api.py
[2025-03-26T15:14:19.684+0000] {processor.py:925} INFO - DAG(s) 'tutorial_taskflow_api' retrieved from /home/airflow/.local/lib/python3.12/site-packages/airflow/example_dags/tutorial_taskflow_api.py
[2025-03-26T15:14:19.724+0000] {logging_mixin.py:190} INFO - [2025-03-26T15:14:19.724+0000] {dag.py:3239} INFO - Sync 1 DAGs
[2025-03-26T15:14:19.739+0000] {logging_mixin.py:190} INFO - [2025-03-26T15:14:19.738+0000] {dag.py:4180} INFO - Setting next_dagrun for tutorial_taskflow_api to None, run_after=None
[2025-03-26T15:14:19.770+0000] {processor.py:208} INFO - Processing /home/airflow/.local/lib/python3.12/site-packages/airflow/example_dags/tutorial_taskflow_api.py took 0.114 seconds
[2025-03-26T15:25:22.777+0000] {processor.py:186} INFO - Started process (PID=9623) to work on /home/airflow/.local/lib/python3.12/site-packages/airflow/example_dags/tutorial_taskflow_api.py
[2025-03-26T15:25:22.779+0000] {processor.py:914} INFO - Processing file /home/airflow/.local/lib/python3.12/site-packages/airflow/example_dags/tutorial_taskflow_api.py for tasks to queue
[2025-03-26T15:25:22.781+0000] {logging_mixin.py:190} INFO - [2025-03-26T15:25:22.780+0000] {dagbag.py:588} INFO - Filling up the DagBag from /home/airflow/.local/lib/python3.12/site-packages/airflow/example_dags/tutorial_taskflow_api.py
[2025-03-26T15:25:22.787+0000] {processor.py:925} INFO - DAG(s) 'tutorial_taskflow_api' retrieved from /home/airflow/.local/lib/python3.12/site-packages/airflow/example_dags/tutorial_taskflow_api.py
[2025-03-26T15:25:22.806+0000] {logging_mixin.py:190} INFO - [2025-03-26T15:25:22.806+0000] {dag.py:3239} INFO - Sync 1 DAGs
[2025-03-26T15:25:22.821+0000] {logging_mixin.py:190} INFO - [2025-03-26T15:25:22.821+0000] {dag.py:4180} INFO - Setting next_dagrun for tutorial_taskflow_api to None, run_after=None
[2025-03-26T15:25:22.843+0000] {processor.py:208} INFO - Processing /home/airflow/.local/lib/python3.12/site-packages/airflow/example_dags/tutorial_taskflow_api.py took 0.073 seconds
[2025-03-26T15:25:53.039+0000] {processor.py:186} INFO - Started process (PID=9685) to work on /home/airflow/.local/lib/python3.12/site-packages/airflow/example_dags/tutorial_taskflow_api.py
[2025-03-26T15:25:53.040+0000] {processor.py:914} INFO - Processing file /home/airflow/.local/lib/python3.12/site-packages/airflow/example_dags/tutorial_taskflow_api.py for tasks to queue
[2025-03-26T15:25:53.042+0000] {logging_mixin.py:190} INFO - [2025-03-26T15:25:53.042+0000] {dagbag.py:588} INFO - Filling up the DagBag from /home/airflow/.local/lib/python3.12/site-packages/airflow/example_dags/tutorial_taskflow_api.py
[2025-03-26T15:25:53.051+0000] {processor.py:925} INFO - DAG(s) 'tutorial_taskflow_api' retrieved from /home/airflow/.local/lib/python3.12/site-packages/airflow/example_dags/tutorial_taskflow_api.py
[2025-03-26T15:25:53.067+0000] {logging_mixin.py:190} INFO - [2025-03-26T15:25:53.067+0000] {dag.py:3239} INFO - Sync 1 DAGs
[2025-03-26T15:25:53.079+0000] {logging_mixin.py:190} INFO - [2025-03-26T15:25:53.079+0000] {dag.py:4180} INFO - Setting next_dagrun for tutorial_taskflow_api to None, run_after=None
[2025-03-26T15:25:53.094+0000] {processor.py:208} INFO - Processing /home/airflow/.local/lib/python3.12/site-packages/airflow/example_dags/tutorial_taskflow_api.py took 0.059 seconds
[2025-03-26T15:26:23.988+0000] {processor.py:186} INFO - Started process (PID=9747) to work on /home/airflow/.local/lib/python3.12/site-packages/airflow/example_dags/tutorial_taskflow_api.py
[2025-03-26T15:26:23.989+0000] {processor.py:914} INFO - Processing file /home/airflow/.local/lib/python3.12/site-packages/airflow/example_dags/tutorial_taskflow_api.py for tasks to queue
[2025-03-26T15:26:23.992+0000] {logging_mixin.py:190} INFO - [2025-03-26T15:26:23.992+0000] {dagbag.py:588} INFO - Filling up the DagBag from /home/airflow/.local/lib/python3.12/site-packages/airflow/example_dags/tutorial_taskflow_api.py
[2025-03-26T15:26:24.001+0000] {processor.py:925} INFO - DAG(s) 'tutorial_taskflow_api' retrieved from /home/airflow/.local/lib/python3.12/site-packages/airflow/example_dags/tutorial_taskflow_api.py
[2025-03-26T15:26:24.014+0000] {logging_mixin.py:190} INFO - [2025-03-26T15:26:24.014+0000] {dag.py:3239} INFO - Sync 1 DAGs
[2025-03-26T15:26:24.026+0000] {logging_mixin.py:190} INFO - [2025-03-26T15:26:24.025+0000] {dag.py:4180} INFO - Setting next_dagrun for tutorial_taskflow_api to None, run_after=None
[2025-03-26T15:26:24.038+0000] {processor.py:208} INFO - Processing /home/airflow/.local/lib/python3.12/site-packages/airflow/example_dags/tutorial_taskflow_api.py took 0.054 seconds
[2025-03-26T15:26:54.582+0000] {processor.py:186} INFO - Started process (PID=9814) to work on /home/airflow/.local/lib/python3.12/site-packages/airflow/example_dags/tutorial_taskflow_api.py
[2025-03-26T15:26:54.583+0000] {processor.py:914} INFO - Processing file /home/airflow/.local/lib/python3.12/site-packages/airflow/example_dags/tutorial_taskflow_api.py for tasks to queue
[2025-03-26T15:26:54.586+0000] {logging_mixin.py:190} INFO - [2025-03-26T15:26:54.585+0000] {dagbag.py:588} INFO - Filling up the DagBag from /home/airflow/.local/lib/python3.12/site-packages/airflow/example_dags/tutorial_taskflow_api.py
[2025-03-26T15:26:54.592+0000] {processor.py:925} INFO - DAG(s) 'tutorial_taskflow_api' retrieved from /home/airflow/.local/lib/python3.12/site-packages/airflow/example_dags/tutorial_taskflow_api.py
[2025-03-26T15:26:54.605+0000] {logging_mixin.py:190} INFO - [2025-03-26T15:26:54.605+0000] {dag.py:3239} INFO - Sync 1 DAGs
[2025-03-26T15:26:54.613+0000] {logging_mixin.py:190} INFO - [2025-03-26T15:26:54.612+0000] {dag.py:4180} INFO - Setting next_dagrun for tutorial_taskflow_api to None, run_after=None
[2025-03-26T15:26:54.625+0000] {processor.py:208} INFO - Processing /home/airflow/.local/lib/python3.12/site-packages/airflow/example_dags/tutorial_taskflow_api.py took 0.046 seconds
[2025-03-26T15:27:26.566+0000] {processor.py:186} INFO - Started process (PID=9877) to work on /home/airflow/.local/lib/python3.12/site-packages/airflow/example_dags/tutorial_taskflow_api.py
[2025-03-26T15:27:26.567+0000] {processor.py:914} INFO - Processing file /home/airflow/.local/lib/python3.12/site-packages/airflow/example_dags/tutorial_taskflow_api.py for tasks to queue
[2025-03-26T15:27:26.569+0000] {logging_mixin.py:190} INFO - [2025-03-26T15:27:26.568+0000] {dagbag.py:588} INFO - Filling up the DagBag from /home/airflow/.local/lib/python3.12/site-packages/airflow/example_dags/tutorial_taskflow_api.py
[2025-03-26T15:27:26.575+0000] {processor.py:925} INFO - DAG(s) 'tutorial_taskflow_api' retrieved from /home/airflow/.local/lib/python3.12/site-packages/airflow/example_dags/tutorial_taskflow_api.py
[2025-03-26T15:27:26.597+0000] {logging_mixin.py:190} INFO - [2025-03-26T15:27:26.597+0000] {dag.py:3239} INFO - Sync 1 DAGs
[2025-03-26T15:27:26.611+0000] {logging_mixin.py:190} INFO - [2025-03-26T15:27:26.611+0000] {dag.py:4180} INFO - Setting next_dagrun for tutorial_taskflow_api to None, run_after=None
[2025-03-26T15:27:26.624+0000] {processor.py:208} INFO - Processing /home/airflow/.local/lib/python3.12/site-packages/airflow/example_dags/tutorial_taskflow_api.py took 0.063 seconds
[2025-03-26T15:27:57.513+0000] {processor.py:186} INFO - Started process (PID=9939) to work on /home/airflow/.local/lib/python3.12/site-packages/airflow/example_dags/tutorial_taskflow_api.py
[2025-03-26T15:27:57.514+0000] {processor.py:914} INFO - Processing file /home/airflow/.local/lib/python3.12/site-packages/airflow/example_dags/tutorial_taskflow_api.py for tasks to queue
[2025-03-26T15:27:57.516+0000] {logging_mixin.py:190} INFO - [2025-03-26T15:27:57.516+0000] {dagbag.py:588} INFO - Filling up the DagBag from /home/airflow/.local/lib/python3.12/site-packages/airflow/example_dags/tutorial_taskflow_api.py
[2025-03-26T15:27:57.523+0000] {processor.py:925} INFO - DAG(s) 'tutorial_taskflow_api' retrieved from /home/airflow/.local/lib/python3.12/site-packages/airflow/example_dags/tutorial_taskflow_api.py
[2025-03-26T15:27:57.539+0000] {logging_mixin.py:190} INFO - [2025-03-26T15:27:57.539+0000] {dag.py:3239} INFO - Sync 1 DAGs
[2025-03-26T15:27:57.549+0000] {logging_mixin.py:190} INFO - [2025-03-26T15:27:57.549+0000] {dag.py:4180} INFO - Setting next_dagrun for tutorial_taskflow_api to None, run_after=None
[2025-03-26T15:27:57.561+0000] {processor.py:208} INFO - Processing /home/airflow/.local/lib/python3.12/site-packages/airflow/example_dags/tutorial_taskflow_api.py took 0.053 seconds
[2025-03-26T15:28:28.539+0000] {processor.py:186} INFO - Started process (PID=10001) to work on /home/airflow/.local/lib/python3.12/site-packages/airflow/example_dags/tutorial_taskflow_api.py
[2025-03-26T15:28:28.541+0000] {processor.py:914} INFO - Processing file /home/airflow/.local/lib/python3.12/site-packages/airflow/example_dags/tutorial_taskflow_api.py for tasks to queue
[2025-03-26T15:28:28.542+0000] {logging_mixin.py:190} INFO - [2025-03-26T15:28:28.542+0000] {dagbag.py:588} INFO - Filling up the DagBag from /home/airflow/.local/lib/python3.12/site-packages/airflow/example_dags/tutorial_taskflow_api.py
[2025-03-26T15:28:28.548+0000] {processor.py:925} INFO - DAG(s) 'tutorial_taskflow_api' retrieved from /home/airflow/.local/lib/python3.12/site-packages/airflow/example_dags/tutorial_taskflow_api.py
[2025-03-26T15:28:28.559+0000] {logging_mixin.py:190} INFO - [2025-03-26T15:28:28.558+0000] {dag.py:3239} INFO - Sync 1 DAGs
[2025-03-26T15:28:28.567+0000] {logging_mixin.py:190} INFO - [2025-03-26T15:28:28.567+0000] {dag.py:4180} INFO - Setting next_dagrun for tutorial_taskflow_api to None, run_after=None
[2025-03-26T15:28:28.579+0000] {processor.py:208} INFO - Processing /home/airflow/.local/lib/python3.12/site-packages/airflow/example_dags/tutorial_taskflow_api.py took 0.044 seconds
[2025-03-26T15:28:58.796+0000] {processor.py:186} INFO - Started process (PID=10063) to work on /home/airflow/.local/lib/python3.12/site-packages/airflow/example_dags/tutorial_taskflow_api.py
[2025-03-26T15:28:58.797+0000] {processor.py:914} INFO - Processing file /home/airflow/.local/lib/python3.12/site-packages/airflow/example_dags/tutorial_taskflow_api.py for tasks to queue
[2025-03-26T15:28:58.799+0000] {logging_mixin.py:190} INFO - [2025-03-26T15:28:58.798+0000] {dagbag.py:588} INFO - Filling up the DagBag from /home/airflow/.local/lib/python3.12/site-packages/airflow/example_dags/tutorial_taskflow_api.py
[2025-03-26T15:28:58.804+0000] {processor.py:925} INFO - DAG(s) 'tutorial_taskflow_api' retrieved from /home/airflow/.local/lib/python3.12/site-packages/airflow/example_dags/tutorial_taskflow_api.py
[2025-03-26T15:28:58.819+0000] {logging_mixin.py:190} INFO - [2025-03-26T15:28:58.819+0000] {dag.py:3239} INFO - Sync 1 DAGs
[2025-03-26T15:28:58.830+0000] {logging_mixin.py:190} INFO - [2025-03-26T15:28:58.830+0000] {dag.py:4180} INFO - Setting next_dagrun for tutorial_taskflow_api to None, run_after=None
[2025-03-26T15:28:58.848+0000] {processor.py:208} INFO - Processing /home/airflow/.local/lib/python3.12/site-packages/airflow/example_dags/tutorial_taskflow_api.py took 0.058 seconds
[2025-03-26T15:29:29.736+0000] {processor.py:186} INFO - Started process (PID=10125) to work on /home/airflow/.local/lib/python3.12/site-packages/airflow/example_dags/tutorial_taskflow_api.py
[2025-03-26T15:29:29.738+0000] {processor.py:914} INFO - Processing file /home/airflow/.local/lib/python3.12/site-packages/airflow/example_dags/tutorial_taskflow_api.py for tasks to queue
[2025-03-26T15:29:29.743+0000] {logging_mixin.py:190} INFO - [2025-03-26T15:29:29.742+0000] {dagbag.py:588} INFO - Filling up the DagBag from /home/airflow/.local/lib/python3.12/site-packages/airflow/example_dags/tutorial_taskflow_api.py
[2025-03-26T15:29:29.751+0000] {processor.py:925} INFO - DAG(s) 'tutorial_taskflow_api' retrieved from /home/airflow/.local/lib/python3.12/site-packages/airflow/example_dags/tutorial_taskflow_api.py
[2025-03-26T15:29:29.768+0000] {logging_mixin.py:190} INFO - [2025-03-26T15:29:29.768+0000] {dag.py:3239} INFO - Sync 1 DAGs
[2025-03-26T15:29:29.785+0000] {logging_mixin.py:190} INFO - [2025-03-26T15:29:29.784+0000] {dag.py:4180} INFO - Setting next_dagrun for tutorial_taskflow_api to None, run_after=None
[2025-03-26T15:29:29.814+0000] {processor.py:208} INFO - Processing /home/airflow/.local/lib/python3.12/site-packages/airflow/example_dags/tutorial_taskflow_api.py took 0.087 seconds
[2025-03-26T15:30:00.102+0000] {processor.py:186} INFO - Started process (PID=10187) to work on /home/airflow/.local/lib/python3.12/site-packages/airflow/example_dags/tutorial_taskflow_api.py
[2025-03-26T15:30:00.106+0000] {processor.py:914} INFO - Processing file /home/airflow/.local/lib/python3.12/site-packages/airflow/example_dags/tutorial_taskflow_api.py for tasks to queue
[2025-03-26T15:30:00.111+0000] {logging_mixin.py:190} INFO - [2025-03-26T15:30:00.111+0000] {dagbag.py:588} INFO - Filling up the DagBag from /home/airflow/.local/lib/python3.12/site-packages/airflow/example_dags/tutorial_taskflow_api.py
[2025-03-26T15:30:00.118+0000] {processor.py:925} INFO - DAG(s) 'tutorial_taskflow_api' retrieved from /home/airflow/.local/lib/python3.12/site-packages/airflow/example_dags/tutorial_taskflow_api.py
[2025-03-26T15:30:00.139+0000] {logging_mixin.py:190} INFO - [2025-03-26T15:30:00.139+0000] {dag.py:3239} INFO - Sync 1 DAGs
[2025-03-26T15:30:00.154+0000] {logging_mixin.py:190} INFO - [2025-03-26T15:30:00.154+0000] {dag.py:4180} INFO - Setting next_dagrun for tutorial_taskflow_api to None, run_after=None
[2025-03-26T15:30:00.167+0000] {processor.py:208} INFO - Processing /home/airflow/.local/lib/python3.12/site-packages/airflow/example_dags/tutorial_taskflow_api.py took 0.070 seconds
[2025-03-26T15:30:31.162+0000] {processor.py:186} INFO - Started process (PID=10249) to work on /home/airflow/.local/lib/python3.12/site-packages/airflow/example_dags/tutorial_taskflow_api.py
[2025-03-26T15:30:31.163+0000] {processor.py:914} INFO - Processing file /home/airflow/.local/lib/python3.12/site-packages/airflow/example_dags/tutorial_taskflow_api.py for tasks to queue
[2025-03-26T15:30:31.164+0000] {logging_mixin.py:190} INFO - [2025-03-26T15:30:31.164+0000] {dagbag.py:588} INFO - Filling up the DagBag from /home/airflow/.local/lib/python3.12/site-packages/airflow/example_dags/tutorial_taskflow_api.py
[2025-03-26T15:30:31.169+0000] {processor.py:925} INFO - DAG(s) 'tutorial_taskflow_api' retrieved from /home/airflow/.local/lib/python3.12/site-packages/airflow/example_dags/tutorial_taskflow_api.py
[2025-03-26T15:30:31.189+0000] {logging_mixin.py:190} INFO - [2025-03-26T15:30:31.189+0000] {dag.py:3239} INFO - Sync 1 DAGs
[2025-03-26T15:30:31.203+0000] {logging_mixin.py:190} INFO - [2025-03-26T15:30:31.203+0000] {dag.py:4180} INFO - Setting next_dagrun for tutorial_taskflow_api to None, run_after=None
[2025-03-26T15:30:31.216+0000] {processor.py:208} INFO - Processing /home/airflow/.local/lib/python3.12/site-packages/airflow/example_dags/tutorial_taskflow_api.py took 0.058 seconds
[2025-03-26T15:31:01.906+0000] {processor.py:186} INFO - Started process (PID=10310) to work on /home/airflow/.local/lib/python3.12/site-packages/airflow/example_dags/tutorial_taskflow_api.py
[2025-03-26T15:31:01.907+0000] {processor.py:914} INFO - Processing file /home/airflow/.local/lib/python3.12/site-packages/airflow/example_dags/tutorial_taskflow_api.py for tasks to queue
[2025-03-26T15:31:01.908+0000] {logging_mixin.py:190} INFO - [2025-03-26T15:31:01.908+0000] {dagbag.py:588} INFO - Filling up the DagBag from /home/airflow/.local/lib/python3.12/site-packages/airflow/example_dags/tutorial_taskflow_api.py
[2025-03-26T15:31:01.912+0000] {processor.py:925} INFO - DAG(s) 'tutorial_taskflow_api' retrieved from /home/airflow/.local/lib/python3.12/site-packages/airflow/example_dags/tutorial_taskflow_api.py
[2025-03-26T15:31:01.926+0000] {logging_mixin.py:190} INFO - [2025-03-26T15:31:01.925+0000] {dag.py:3239} INFO - Sync 1 DAGs
[2025-03-26T15:31:01.934+0000] {logging_mixin.py:190} INFO - [2025-03-26T15:31:01.933+0000] {dag.py:4180} INFO - Setting next_dagrun for tutorial_taskflow_api to None, run_after=None
[2025-03-26T15:31:01.943+0000] {processor.py:208} INFO - Processing /home/airflow/.local/lib/python3.12/site-packages/airflow/example_dags/tutorial_taskflow_api.py took 0.040 seconds
[2025-03-26T15:31:32.348+0000] {processor.py:186} INFO - Started process (PID=10372) to work on /home/airflow/.local/lib/python3.12/site-packages/airflow/example_dags/tutorial_taskflow_api.py
[2025-03-26T15:31:32.349+0000] {processor.py:914} INFO - Processing file /home/airflow/.local/lib/python3.12/site-packages/airflow/example_dags/tutorial_taskflow_api.py for tasks to queue
[2025-03-26T15:31:32.351+0000] {logging_mixin.py:190} INFO - [2025-03-26T15:31:32.351+0000] {dagbag.py:588} INFO - Filling up the DagBag from /home/airflow/.local/lib/python3.12/site-packages/airflow/example_dags/tutorial_taskflow_api.py
[2025-03-26T15:31:32.355+0000] {processor.py:925} INFO - DAG(s) 'tutorial_taskflow_api' retrieved from /home/airflow/.local/lib/python3.12/site-packages/airflow/example_dags/tutorial_taskflow_api.py
[2025-03-26T15:31:32.370+0000] {logging_mixin.py:190} INFO - [2025-03-26T15:31:32.370+0000] {dag.py:3239} INFO - Sync 1 DAGs
[2025-03-26T15:31:32.377+0000] {logging_mixin.py:190} INFO - [2025-03-26T15:31:32.377+0000] {dag.py:4180} INFO - Setting next_dagrun for tutorial_taskflow_api to None, run_after=None
[2025-03-26T15:31:32.388+0000] {processor.py:208} INFO - Processing /home/airflow/.local/lib/python3.12/site-packages/airflow/example_dags/tutorial_taskflow_api.py took 0.044 seconds
[2025-03-26T15:32:02.867+0000] {processor.py:186} INFO - Started process (PID=10433) to work on /home/airflow/.local/lib/python3.12/site-packages/airflow/example_dags/tutorial_taskflow_api.py
[2025-03-26T15:32:02.868+0000] {processor.py:914} INFO - Processing file /home/airflow/.local/lib/python3.12/site-packages/airflow/example_dags/tutorial_taskflow_api.py for tasks to queue
[2025-03-26T15:32:02.871+0000] {logging_mixin.py:190} INFO - [2025-03-26T15:32:02.870+0000] {dagbag.py:588} INFO - Filling up the DagBag from /home/airflow/.local/lib/python3.12/site-packages/airflow/example_dags/tutorial_taskflow_api.py
[2025-03-26T15:32:02.878+0000] {processor.py:925} INFO - DAG(s) 'tutorial_taskflow_api' retrieved from /home/airflow/.local/lib/python3.12/site-packages/airflow/example_dags/tutorial_taskflow_api.py
[2025-03-26T15:32:02.892+0000] {logging_mixin.py:190} INFO - [2025-03-26T15:32:02.892+0000] {dag.py:3239} INFO - Sync 1 DAGs
[2025-03-26T15:32:02.904+0000] {logging_mixin.py:190} INFO - [2025-03-26T15:32:02.903+0000] {dag.py:4180} INFO - Setting next_dagrun for tutorial_taskflow_api to None, run_after=None
[2025-03-26T15:32:02.913+0000] {processor.py:208} INFO - Processing /home/airflow/.local/lib/python3.12/site-packages/airflow/example_dags/tutorial_taskflow_api.py took 0.051 seconds
[2025-03-26T15:32:33.521+0000] {processor.py:186} INFO - Started process (PID=10495) to work on /home/airflow/.local/lib/python3.12/site-packages/airflow/example_dags/tutorial_taskflow_api.py
[2025-03-26T15:32:33.522+0000] {processor.py:914} INFO - Processing file /home/airflow/.local/lib/python3.12/site-packages/airflow/example_dags/tutorial_taskflow_api.py for tasks to queue
[2025-03-26T15:32:33.523+0000] {logging_mixin.py:190} INFO - [2025-03-26T15:32:33.523+0000] {dagbag.py:588} INFO - Filling up the DagBag from /home/airflow/.local/lib/python3.12/site-packages/airflow/example_dags/tutorial_taskflow_api.py
[2025-03-26T15:32:33.528+0000] {processor.py:925} INFO - DAG(s) 'tutorial_taskflow_api' retrieved from /home/airflow/.local/lib/python3.12/site-packages/airflow/example_dags/tutorial_taskflow_api.py
[2025-03-26T15:32:33.541+0000] {logging_mixin.py:190} INFO - [2025-03-26T15:32:33.541+0000] {dag.py:3239} INFO - Sync 1 DAGs
[2025-03-26T15:32:33.548+0000] {logging_mixin.py:190} INFO - [2025-03-26T15:32:33.548+0000] {dag.py:4180} INFO - Setting next_dagrun for tutorial_taskflow_api to None, run_after=None
[2025-03-26T15:32:33.558+0000] {processor.py:208} INFO - Processing /home/airflow/.local/lib/python3.12/site-packages/airflow/example_dags/tutorial_taskflow_api.py took 0.041 seconds
[2025-03-26T15:35:21.818+0000] {processor.py:186} INFO - Started process (PID=10551) to work on /home/airflow/.local/lib/python3.12/site-packages/airflow/example_dags/tutorial_taskflow_api.py
[2025-03-26T15:35:21.822+0000] {processor.py:914} INFO - Processing file /home/airflow/.local/lib/python3.12/site-packages/airflow/example_dags/tutorial_taskflow_api.py for tasks to queue
[2025-03-26T15:35:21.825+0000] {logging_mixin.py:190} INFO - [2025-03-26T15:35:21.824+0000] {dagbag.py:588} INFO - Filling up the DagBag from /home/airflow/.local/lib/python3.12/site-packages/airflow/example_dags/tutorial_taskflow_api.py
[2025-03-26T15:35:21.832+0000] {processor.py:925} INFO - DAG(s) 'tutorial_taskflow_api' retrieved from /home/airflow/.local/lib/python3.12/site-packages/airflow/example_dags/tutorial_taskflow_api.py
[2025-03-26T15:35:21.881+0000] {logging_mixin.py:190} INFO - [2025-03-26T15:35:21.880+0000] {dag.py:3239} INFO - Sync 1 DAGs
[2025-03-26T15:35:21.914+0000] {logging_mixin.py:190} INFO - [2025-03-26T15:35:21.912+0000] {dag.py:4180} INFO - Setting next_dagrun for tutorial_taskflow_api to None, run_after=None
[2025-03-26T15:35:21.933+0000] {processor.py:208} INFO - Processing /home/airflow/.local/lib/python3.12/site-packages/airflow/example_dags/tutorial_taskflow_api.py took 0.121 seconds
[2025-03-26T15:37:55.267+0000] {processor.py:186} INFO - Started process (PID=10613) to work on /home/airflow/.local/lib/python3.12/site-packages/airflow/example_dags/tutorial_taskflow_api.py
[2025-03-26T15:37:55.270+0000] {processor.py:914} INFO - Processing file /home/airflow/.local/lib/python3.12/site-packages/airflow/example_dags/tutorial_taskflow_api.py for tasks to queue
[2025-03-26T15:37:55.272+0000] {logging_mixin.py:190} INFO - [2025-03-26T15:37:55.272+0000] {dagbag.py:588} INFO - Filling up the DagBag from /home/airflow/.local/lib/python3.12/site-packages/airflow/example_dags/tutorial_taskflow_api.py
[2025-03-26T15:37:55.280+0000] {processor.py:925} INFO - DAG(s) 'tutorial_taskflow_api' retrieved from /home/airflow/.local/lib/python3.12/site-packages/airflow/example_dags/tutorial_taskflow_api.py
[2025-03-26T15:37:55.296+0000] {logging_mixin.py:190} INFO - [2025-03-26T15:37:55.295+0000] {dag.py:3239} INFO - Sync 1 DAGs
[2025-03-26T15:37:55.303+0000] {logging_mixin.py:190} INFO - [2025-03-26T15:37:55.303+0000] {dag.py:4180} INFO - Setting next_dagrun for tutorial_taskflow_api to None, run_after=None
[2025-03-26T15:37:55.313+0000] {processor.py:208} INFO - Processing /home/airflow/.local/lib/python3.12/site-packages/airflow/example_dags/tutorial_taskflow_api.py took 0.049 seconds
[2025-03-26T15:38:26.195+0000] {processor.py:186} INFO - Started process (PID=10675) to work on /home/airflow/.local/lib/python3.12/site-packages/airflow/example_dags/tutorial_taskflow_api.py
[2025-03-26T15:38:26.196+0000] {processor.py:914} INFO - Processing file /home/airflow/.local/lib/python3.12/site-packages/airflow/example_dags/tutorial_taskflow_api.py for tasks to queue
[2025-03-26T15:38:26.198+0000] {logging_mixin.py:190} INFO - [2025-03-26T15:38:26.198+0000] {dagbag.py:588} INFO - Filling up the DagBag from /home/airflow/.local/lib/python3.12/site-packages/airflow/example_dags/tutorial_taskflow_api.py
[2025-03-26T15:38:26.203+0000] {processor.py:925} INFO - DAG(s) 'tutorial_taskflow_api' retrieved from /home/airflow/.local/lib/python3.12/site-packages/airflow/example_dags/tutorial_taskflow_api.py
[2025-03-26T15:38:26.223+0000] {logging_mixin.py:190} INFO - [2025-03-26T15:38:26.222+0000] {dag.py:3239} INFO - Sync 1 DAGs
[2025-03-26T15:38:26.233+0000] {logging_mixin.py:190} INFO - [2025-03-26T15:38:26.232+0000] {dag.py:4180} INFO - Setting next_dagrun for tutorial_taskflow_api to None, run_after=None
[2025-03-26T15:38:26.245+0000] {processor.py:208} INFO - Processing /home/airflow/.local/lib/python3.12/site-packages/airflow/example_dags/tutorial_taskflow_api.py took 0.055 seconds
[2025-03-26T15:38:58.586+0000] {processor.py:186} INFO - Started process (PID=10737) to work on /home/airflow/.local/lib/python3.12/site-packages/airflow/example_dags/tutorial_taskflow_api.py
[2025-03-26T15:38:58.592+0000] {processor.py:914} INFO - Processing file /home/airflow/.local/lib/python3.12/site-packages/airflow/example_dags/tutorial_taskflow_api.py for tasks to queue
[2025-03-26T15:38:58.594+0000] {logging_mixin.py:190} INFO - [2025-03-26T15:38:58.594+0000] {dagbag.py:588} INFO - Filling up the DagBag from /home/airflow/.local/lib/python3.12/site-packages/airflow/example_dags/tutorial_taskflow_api.py
[2025-03-26T15:38:58.600+0000] {processor.py:925} INFO - DAG(s) 'tutorial_taskflow_api' retrieved from /home/airflow/.local/lib/python3.12/site-packages/airflow/example_dags/tutorial_taskflow_api.py
[2025-03-26T15:38:58.622+0000] {logging_mixin.py:190} INFO - [2025-03-26T15:38:58.622+0000] {dag.py:3239} INFO - Sync 1 DAGs
[2025-03-26T15:38:58.630+0000] {logging_mixin.py:190} INFO - [2025-03-26T15:38:58.630+0000] {dag.py:4180} INFO - Setting next_dagrun for tutorial_taskflow_api to None, run_after=None
[2025-03-26T15:38:58.641+0000] {processor.py:208} INFO - Processing /home/airflow/.local/lib/python3.12/site-packages/airflow/example_dags/tutorial_taskflow_api.py took 0.064 seconds
[2025-03-26T15:39:29.151+0000] {processor.py:186} INFO - Started process (PID=10799) to work on /home/airflow/.local/lib/python3.12/site-packages/airflow/example_dags/tutorial_taskflow_api.py
[2025-03-26T15:39:29.153+0000] {processor.py:914} INFO - Processing file /home/airflow/.local/lib/python3.12/site-packages/airflow/example_dags/tutorial_taskflow_api.py for tasks to queue
[2025-03-26T15:39:29.156+0000] {logging_mixin.py:190} INFO - [2025-03-26T15:39:29.156+0000] {dagbag.py:588} INFO - Filling up the DagBag from /home/airflow/.local/lib/python3.12/site-packages/airflow/example_dags/tutorial_taskflow_api.py
[2025-03-26T15:39:29.164+0000] {processor.py:925} INFO - DAG(s) 'tutorial_taskflow_api' retrieved from /home/airflow/.local/lib/python3.12/site-packages/airflow/example_dags/tutorial_taskflow_api.py
[2025-03-26T15:39:29.180+0000] {logging_mixin.py:190} INFO - [2025-03-26T15:39:29.180+0000] {dag.py:3239} INFO - Sync 1 DAGs
[2025-03-26T15:39:29.188+0000] {logging_mixin.py:190} INFO - [2025-03-26T15:39:29.188+0000] {dag.py:4180} INFO - Setting next_dagrun for tutorial_taskflow_api to None, run_after=None
[2025-03-26T15:39:29.198+0000] {processor.py:208} INFO - Processing /home/airflow/.local/lib/python3.12/site-packages/airflow/example_dags/tutorial_taskflow_api.py took 0.055 seconds
[2025-03-26T15:39:59.238+0000] {processor.py:186} INFO - Started process (PID=10861) to work on /home/airflow/.local/lib/python3.12/site-packages/airflow/example_dags/tutorial_taskflow_api.py
[2025-03-26T15:39:59.241+0000] {processor.py:914} INFO - Processing file /home/airflow/.local/lib/python3.12/site-packages/airflow/example_dags/tutorial_taskflow_api.py for tasks to queue
[2025-03-26T15:39:59.246+0000] {logging_mixin.py:190} INFO - [2025-03-26T15:39:59.245+0000] {dagbag.py:588} INFO - Filling up the DagBag from /home/airflow/.local/lib/python3.12/site-packages/airflow/example_dags/tutorial_taskflow_api.py
[2025-03-26T15:39:59.255+0000] {processor.py:925} INFO - DAG(s) 'tutorial_taskflow_api' retrieved from /home/airflow/.local/lib/python3.12/site-packages/airflow/example_dags/tutorial_taskflow_api.py
[2025-03-26T15:39:59.278+0000] {logging_mixin.py:190} INFO - [2025-03-26T15:39:59.277+0000] {dag.py:3239} INFO - Sync 1 DAGs
[2025-03-26T15:39:59.290+0000] {logging_mixin.py:190} INFO - [2025-03-26T15:39:59.289+0000] {dag.py:4180} INFO - Setting next_dagrun for tutorial_taskflow_api to None, run_after=None
[2025-03-26T15:39:59.311+0000] {processor.py:208} INFO - Processing /home/airflow/.local/lib/python3.12/site-packages/airflow/example_dags/tutorial_taskflow_api.py took 0.077 seconds
[2025-03-26T15:56:25.536+0000] {processor.py:186} INFO - Started process (PID=10923) to work on /home/airflow/.local/lib/python3.12/site-packages/airflow/example_dags/tutorial_taskflow_api.py
[2025-03-26T15:56:25.537+0000] {processor.py:914} INFO - Processing file /home/airflow/.local/lib/python3.12/site-packages/airflow/example_dags/tutorial_taskflow_api.py for tasks to queue
[2025-03-26T15:56:25.539+0000] {logging_mixin.py:190} INFO - [2025-03-26T15:56:25.538+0000] {dagbag.py:588} INFO - Filling up the DagBag from /home/airflow/.local/lib/python3.12/site-packages/airflow/example_dags/tutorial_taskflow_api.py
[2025-03-26T15:56:25.544+0000] {processor.py:925} INFO - DAG(s) 'tutorial_taskflow_api' retrieved from /home/airflow/.local/lib/python3.12/site-packages/airflow/example_dags/tutorial_taskflow_api.py
[2025-03-26T15:56:25.561+0000] {logging_mixin.py:190} INFO - [2025-03-26T15:56:25.560+0000] {dag.py:3239} INFO - Sync 1 DAGs
[2025-03-26T15:56:25.571+0000] {logging_mixin.py:190} INFO - [2025-03-26T15:56:25.571+0000] {dag.py:4180} INFO - Setting next_dagrun for tutorial_taskflow_api to None, run_after=None
[2025-03-26T15:56:25.584+0000] {processor.py:208} INFO - Processing /home/airflow/.local/lib/python3.12/site-packages/airflow/example_dags/tutorial_taskflow_api.py took 0.054 seconds
[2025-03-26T16:45:07.893+0000] {processor.py:186} INFO - Started process (PID=10985) to work on /home/airflow/.local/lib/python3.12/site-packages/airflow/example_dags/tutorial_taskflow_api.py
[2025-03-26T16:45:07.894+0000] {processor.py:914} INFO - Processing file /home/airflow/.local/lib/python3.12/site-packages/airflow/example_dags/tutorial_taskflow_api.py for tasks to queue
[2025-03-26T16:45:07.896+0000] {logging_mixin.py:190} INFO - [2025-03-26T16:45:07.895+0000] {dagbag.py:588} INFO - Filling up the DagBag from /home/airflow/.local/lib/python3.12/site-packages/airflow/example_dags/tutorial_taskflow_api.py
[2025-03-26T16:45:07.902+0000] {processor.py:925} INFO - DAG(s) 'tutorial_taskflow_api' retrieved from /home/airflow/.local/lib/python3.12/site-packages/airflow/example_dags/tutorial_taskflow_api.py
[2025-03-26T16:45:07.918+0000] {logging_mixin.py:190} INFO - [2025-03-26T16:45:07.918+0000] {dag.py:3239} INFO - Sync 1 DAGs
[2025-03-26T16:45:07.927+0000] {logging_mixin.py:190} INFO - [2025-03-26T16:45:07.927+0000] {dag.py:4180} INFO - Setting next_dagrun for tutorial_taskflow_api to None, run_after=None
[2025-03-26T16:45:07.943+0000] {processor.py:208} INFO - Processing /home/airflow/.local/lib/python3.12/site-packages/airflow/example_dags/tutorial_taskflow_api.py took 0.056 seconds
[2025-03-26T16:45:41.203+0000] {processor.py:186} INFO - Started process (PID=11047) to work on /home/airflow/.local/lib/python3.12/site-packages/airflow/example_dags/tutorial_taskflow_api.py
[2025-03-26T16:45:41.204+0000] {processor.py:914} INFO - Processing file /home/airflow/.local/lib/python3.12/site-packages/airflow/example_dags/tutorial_taskflow_api.py for tasks to queue
[2025-03-26T16:45:41.206+0000] {logging_mixin.py:190} INFO - [2025-03-26T16:45:41.205+0000] {dagbag.py:588} INFO - Filling up the DagBag from /home/airflow/.local/lib/python3.12/site-packages/airflow/example_dags/tutorial_taskflow_api.py
[2025-03-26T16:45:41.213+0000] {processor.py:925} INFO - DAG(s) 'tutorial_taskflow_api' retrieved from /home/airflow/.local/lib/python3.12/site-packages/airflow/example_dags/tutorial_taskflow_api.py
[2025-03-26T16:45:41.228+0000] {logging_mixin.py:190} INFO - [2025-03-26T16:45:41.228+0000] {dag.py:3239} INFO - Sync 1 DAGs
[2025-03-26T16:45:41.238+0000] {logging_mixin.py:190} INFO - [2025-03-26T16:45:41.238+0000] {dag.py:4180} INFO - Setting next_dagrun for tutorial_taskflow_api to None, run_after=None
[2025-03-26T16:45:41.252+0000] {processor.py:208} INFO - Processing /home/airflow/.local/lib/python3.12/site-packages/airflow/example_dags/tutorial_taskflow_api.py took 0.052 seconds
[2025-03-26T16:46:13.396+0000] {processor.py:186} INFO - Started process (PID=11109) to work on /home/airflow/.local/lib/python3.12/site-packages/airflow/example_dags/tutorial_taskflow_api.py
[2025-03-26T16:46:13.398+0000] {processor.py:914} INFO - Processing file /home/airflow/.local/lib/python3.12/site-packages/airflow/example_dags/tutorial_taskflow_api.py for tasks to queue
[2025-03-26T16:46:13.401+0000] {logging_mixin.py:190} INFO - [2025-03-26T16:46:13.401+0000] {dagbag.py:588} INFO - Filling up the DagBag from /home/airflow/.local/lib/python3.12/site-packages/airflow/example_dags/tutorial_taskflow_api.py
[2025-03-26T16:46:13.405+0000] {processor.py:925} INFO - DAG(s) 'tutorial_taskflow_api' retrieved from /home/airflow/.local/lib/python3.12/site-packages/airflow/example_dags/tutorial_taskflow_api.py
[2025-03-26T16:46:13.415+0000] {logging_mixin.py:190} INFO - [2025-03-26T16:46:13.415+0000] {dag.py:3239} INFO - Sync 1 DAGs
[2025-03-26T16:46:13.423+0000] {logging_mixin.py:190} INFO - [2025-03-26T16:46:13.423+0000] {dag.py:4180} INFO - Setting next_dagrun for tutorial_taskflow_api to None, run_after=None
[2025-03-26T16:46:13.436+0000] {processor.py:208} INFO - Processing /home/airflow/.local/lib/python3.12/site-packages/airflow/example_dags/tutorial_taskflow_api.py took 0.044 seconds
[2025-03-26T16:46:52.456+0000] {processor.py:186} INFO - Started process (PID=11171) to work on /home/airflow/.local/lib/python3.12/site-packages/airflow/example_dags/tutorial_taskflow_api.py
[2025-03-26T16:46:52.457+0000] {processor.py:914} INFO - Processing file /home/airflow/.local/lib/python3.12/site-packages/airflow/example_dags/tutorial_taskflow_api.py for tasks to queue
[2025-03-26T16:46:52.458+0000] {logging_mixin.py:190} INFO - [2025-03-26T16:46:52.458+0000] {dagbag.py:588} INFO - Filling up the DagBag from /home/airflow/.local/lib/python3.12/site-packages/airflow/example_dags/tutorial_taskflow_api.py
[2025-03-26T16:46:52.462+0000] {processor.py:925} INFO - DAG(s) 'tutorial_taskflow_api' retrieved from /home/airflow/.local/lib/python3.12/site-packages/airflow/example_dags/tutorial_taskflow_api.py
[2025-03-26T16:46:52.473+0000] {logging_mixin.py:190} INFO - [2025-03-26T16:46:52.473+0000] {dag.py:3239} INFO - Sync 1 DAGs
[2025-03-26T16:46:52.481+0000] {logging_mixin.py:190} INFO - [2025-03-26T16:46:52.481+0000] {dag.py:4180} INFO - Setting next_dagrun for tutorial_taskflow_api to None, run_after=None
[2025-03-26T16:46:52.491+0000] {processor.py:208} INFO - Processing /home/airflow/.local/lib/python3.12/site-packages/airflow/example_dags/tutorial_taskflow_api.py took 0.038 seconds
[2025-03-26T16:47:25.276+0000] {processor.py:186} INFO - Started process (PID=11233) to work on /home/airflow/.local/lib/python3.12/site-packages/airflow/example_dags/tutorial_taskflow_api.py
[2025-03-26T16:47:25.276+0000] {processor.py:914} INFO - Processing file /home/airflow/.local/lib/python3.12/site-packages/airflow/example_dags/tutorial_taskflow_api.py for tasks to queue
[2025-03-26T16:47:25.277+0000] {logging_mixin.py:190} INFO - [2025-03-26T16:47:25.277+0000] {dagbag.py:588} INFO - Filling up the DagBag from /home/airflow/.local/lib/python3.12/site-packages/airflow/example_dags/tutorial_taskflow_api.py
[2025-03-26T16:47:25.282+0000] {processor.py:925} INFO - DAG(s) 'tutorial_taskflow_api' retrieved from /home/airflow/.local/lib/python3.12/site-packages/airflow/example_dags/tutorial_taskflow_api.py
[2025-03-26T16:47:25.294+0000] {logging_mixin.py:190} INFO - [2025-03-26T16:47:25.294+0000] {dag.py:3239} INFO - Sync 1 DAGs
[2025-03-26T16:47:25.302+0000] {logging_mixin.py:190} INFO - [2025-03-26T16:47:25.302+0000] {dag.py:4180} INFO - Setting next_dagrun for tutorial_taskflow_api to None, run_after=None
[2025-03-26T16:47:25.311+0000] {processor.py:208} INFO - Processing /home/airflow/.local/lib/python3.12/site-packages/airflow/example_dags/tutorial_taskflow_api.py took 0.039 seconds
[2025-03-26T16:47:57.786+0000] {processor.py:186} INFO - Started process (PID=11295) to work on /home/airflow/.local/lib/python3.12/site-packages/airflow/example_dags/tutorial_taskflow_api.py
[2025-03-26T16:47:57.790+0000] {processor.py:914} INFO - Processing file /home/airflow/.local/lib/python3.12/site-packages/airflow/example_dags/tutorial_taskflow_api.py for tasks to queue
[2025-03-26T16:47:57.791+0000] {logging_mixin.py:190} INFO - [2025-03-26T16:47:57.791+0000] {dagbag.py:588} INFO - Filling up the DagBag from /home/airflow/.local/lib/python3.12/site-packages/airflow/example_dags/tutorial_taskflow_api.py
[2025-03-26T16:47:57.797+0000] {processor.py:925} INFO - DAG(s) 'tutorial_taskflow_api' retrieved from /home/airflow/.local/lib/python3.12/site-packages/airflow/example_dags/tutorial_taskflow_api.py
[2025-03-26T16:47:57.809+0000] {logging_mixin.py:190} INFO - [2025-03-26T16:47:57.809+0000] {dag.py:3239} INFO - Sync 1 DAGs
[2025-03-26T16:47:57.816+0000] {logging_mixin.py:190} INFO - [2025-03-26T16:47:57.816+0000] {dag.py:4180} INFO - Setting next_dagrun for tutorial_taskflow_api to None, run_after=None
[2025-03-26T16:47:57.828+0000] {processor.py:208} INFO - Processing /home/airflow/.local/lib/python3.12/site-packages/airflow/example_dags/tutorial_taskflow_api.py took 0.045 seconds
[2025-03-26T16:48:31.712+0000] {processor.py:186} INFO - Started process (PID=11357) to work on /home/airflow/.local/lib/python3.12/site-packages/airflow/example_dags/tutorial_taskflow_api.py
[2025-03-26T16:48:31.713+0000] {processor.py:914} INFO - Processing file /home/airflow/.local/lib/python3.12/site-packages/airflow/example_dags/tutorial_taskflow_api.py for tasks to queue
[2025-03-26T16:48:31.714+0000] {logging_mixin.py:190} INFO - [2025-03-26T16:48:31.714+0000] {dagbag.py:588} INFO - Filling up the DagBag from /home/airflow/.local/lib/python3.12/site-packages/airflow/example_dags/tutorial_taskflow_api.py
[2025-03-26T16:48:31.718+0000] {processor.py:925} INFO - DAG(s) 'tutorial_taskflow_api' retrieved from /home/airflow/.local/lib/python3.12/site-packages/airflow/example_dags/tutorial_taskflow_api.py
[2025-03-26T16:48:31.729+0000] {logging_mixin.py:190} INFO - [2025-03-26T16:48:31.729+0000] {dag.py:3239} INFO - Sync 1 DAGs
[2025-03-26T16:48:31.736+0000] {logging_mixin.py:190} INFO - [2025-03-26T16:48:31.736+0000] {dag.py:4180} INFO - Setting next_dagrun for tutorial_taskflow_api to None, run_after=None
[2025-03-26T16:48:31.745+0000] {processor.py:208} INFO - Processing /home/airflow/.local/lib/python3.12/site-packages/airflow/example_dags/tutorial_taskflow_api.py took 0.036 seconds
[2025-03-26T16:49:05.221+0000] {processor.py:186} INFO - Started process (PID=11419) to work on /home/airflow/.local/lib/python3.12/site-packages/airflow/example_dags/tutorial_taskflow_api.py
[2025-03-26T16:49:05.221+0000] {processor.py:914} INFO - Processing file /home/airflow/.local/lib/python3.12/site-packages/airflow/example_dags/tutorial_taskflow_api.py for tasks to queue
[2025-03-26T16:49:05.225+0000] {logging_mixin.py:190} INFO - [2025-03-26T16:49:05.224+0000] {dagbag.py:588} INFO - Filling up the DagBag from /home/airflow/.local/lib/python3.12/site-packages/airflow/example_dags/tutorial_taskflow_api.py
[2025-03-26T16:49:05.229+0000] {processor.py:925} INFO - DAG(s) 'tutorial_taskflow_api' retrieved from /home/airflow/.local/lib/python3.12/site-packages/airflow/example_dags/tutorial_taskflow_api.py
[2025-03-26T16:49:05.239+0000] {logging_mixin.py:190} INFO - [2025-03-26T16:49:05.239+0000] {dag.py:3239} INFO - Sync 1 DAGs
[2025-03-26T16:49:05.246+0000] {logging_mixin.py:190} INFO - [2025-03-26T16:49:05.246+0000] {dag.py:4180} INFO - Setting next_dagrun for tutorial_taskflow_api to None, run_after=None
[2025-03-26T16:49:05.259+0000] {processor.py:208} INFO - Processing /home/airflow/.local/lib/python3.12/site-packages/airflow/example_dags/tutorial_taskflow_api.py took 0.043 seconds
[2025-03-26T16:49:38.717+0000] {processor.py:186} INFO - Started process (PID=11481) to work on /home/airflow/.local/lib/python3.12/site-packages/airflow/example_dags/tutorial_taskflow_api.py
[2025-03-26T16:49:38.717+0000] {processor.py:914} INFO - Processing file /home/airflow/.local/lib/python3.12/site-packages/airflow/example_dags/tutorial_taskflow_api.py for tasks to queue
[2025-03-26T16:49:38.719+0000] {logging_mixin.py:190} INFO - [2025-03-26T16:49:38.718+0000] {dagbag.py:588} INFO - Filling up the DagBag from /home/airflow/.local/lib/python3.12/site-packages/airflow/example_dags/tutorial_taskflow_api.py
[2025-03-26T16:49:38.723+0000] {processor.py:925} INFO - DAG(s) 'tutorial_taskflow_api' retrieved from /home/airflow/.local/lib/python3.12/site-packages/airflow/example_dags/tutorial_taskflow_api.py
[2025-03-26T16:49:38.738+0000] {logging_mixin.py:190} INFO - [2025-03-26T16:49:38.737+0000] {dag.py:3239} INFO - Sync 1 DAGs
[2025-03-26T16:49:38.749+0000] {logging_mixin.py:190} INFO - [2025-03-26T16:49:38.749+0000] {dag.py:4180} INFO - Setting next_dagrun for tutorial_taskflow_api to None, run_after=None
[2025-03-26T16:49:38.759+0000] {processor.py:208} INFO - Processing /home/airflow/.local/lib/python3.12/site-packages/airflow/example_dags/tutorial_taskflow_api.py took 0.045 seconds
[2025-03-26T16:50:14.454+0000] {processor.py:186} INFO - Started process (PID=11543) to work on /home/airflow/.local/lib/python3.12/site-packages/airflow/example_dags/tutorial_taskflow_api.py
[2025-03-26T16:50:14.455+0000] {processor.py:914} INFO - Processing file /home/airflow/.local/lib/python3.12/site-packages/airflow/example_dags/tutorial_taskflow_api.py for tasks to queue
[2025-03-26T16:50:14.456+0000] {logging_mixin.py:190} INFO - [2025-03-26T16:50:14.456+0000] {dagbag.py:588} INFO - Filling up the DagBag from /home/airflow/.local/lib/python3.12/site-packages/airflow/example_dags/tutorial_taskflow_api.py
[2025-03-26T16:50:14.461+0000] {processor.py:925} INFO - DAG(s) 'tutorial_taskflow_api' retrieved from /home/airflow/.local/lib/python3.12/site-packages/airflow/example_dags/tutorial_taskflow_api.py
[2025-03-26T16:50:14.474+0000] {logging_mixin.py:190} INFO - [2025-03-26T16:50:14.474+0000] {dag.py:3239} INFO - Sync 1 DAGs
[2025-03-26T16:50:14.483+0000] {logging_mixin.py:190} INFO - [2025-03-26T16:50:14.483+0000] {dag.py:4180} INFO - Setting next_dagrun for tutorial_taskflow_api to None, run_after=None
[2025-03-26T16:50:14.493+0000] {processor.py:208} INFO - Processing /home/airflow/.local/lib/python3.12/site-packages/airflow/example_dags/tutorial_taskflow_api.py took 0.041 seconds
[2025-03-26T16:50:51.262+0000] {processor.py:186} INFO - Started process (PID=11605) to work on /home/airflow/.local/lib/python3.12/site-packages/airflow/example_dags/tutorial_taskflow_api.py
[2025-03-26T16:50:51.264+0000] {processor.py:914} INFO - Processing file /home/airflow/.local/lib/python3.12/site-packages/airflow/example_dags/tutorial_taskflow_api.py for tasks to queue
[2025-03-26T16:50:51.266+0000] {logging_mixin.py:190} INFO - [2025-03-26T16:50:51.266+0000] {dagbag.py:588} INFO - Filling up the DagBag from /home/airflow/.local/lib/python3.12/site-packages/airflow/example_dags/tutorial_taskflow_api.py
[2025-03-26T16:50:51.275+0000] {processor.py:925} INFO - DAG(s) 'tutorial_taskflow_api' retrieved from /home/airflow/.local/lib/python3.12/site-packages/airflow/example_dags/tutorial_taskflow_api.py
[2025-03-26T16:50:51.288+0000] {logging_mixin.py:190} INFO - [2025-03-26T16:50:51.288+0000] {dag.py:3239} INFO - Sync 1 DAGs
[2025-03-26T16:50:51.297+0000] {logging_mixin.py:190} INFO - [2025-03-26T16:50:51.297+0000] {dag.py:4180} INFO - Setting next_dagrun for tutorial_taskflow_api to None, run_after=None
[2025-03-26T16:50:51.312+0000] {processor.py:208} INFO - Processing /home/airflow/.local/lib/python3.12/site-packages/airflow/example_dags/tutorial_taskflow_api.py took 0.054 seconds
[2025-03-26T16:51:35.350+0000] {processor.py:186} INFO - Started process (PID=11667) to work on /home/airflow/.local/lib/python3.12/site-packages/airflow/example_dags/tutorial_taskflow_api.py
[2025-03-26T16:51:35.351+0000] {processor.py:914} INFO - Processing file /home/airflow/.local/lib/python3.12/site-packages/airflow/example_dags/tutorial_taskflow_api.py for tasks to queue
[2025-03-26T16:51:35.355+0000] {logging_mixin.py:190} INFO - [2025-03-26T16:51:35.355+0000] {dagbag.py:588} INFO - Filling up the DagBag from /home/airflow/.local/lib/python3.12/site-packages/airflow/example_dags/tutorial_taskflow_api.py
[2025-03-26T16:51:35.369+0000] {processor.py:925} INFO - DAG(s) 'tutorial_taskflow_api' retrieved from /home/airflow/.local/lib/python3.12/site-packages/airflow/example_dags/tutorial_taskflow_api.py
[2025-03-26T16:51:35.393+0000] {logging_mixin.py:190} INFO - [2025-03-26T16:51:35.393+0000] {dag.py:3239} INFO - Sync 1 DAGs
[2025-03-26T16:51:35.407+0000] {logging_mixin.py:190} INFO - [2025-03-26T16:51:35.407+0000] {dag.py:4180} INFO - Setting next_dagrun for tutorial_taskflow_api to None, run_after=None
[2025-03-26T16:51:35.423+0000] {processor.py:208} INFO - Processing /home/airflow/.local/lib/python3.12/site-packages/airflow/example_dags/tutorial_taskflow_api.py took 0.081 seconds
[2025-03-26T16:52:12.655+0000] {processor.py:186} INFO - Started process (PID=11729) to work on /home/airflow/.local/lib/python3.12/site-packages/airflow/example_dags/tutorial_taskflow_api.py
[2025-03-26T16:52:12.656+0000] {processor.py:914} INFO - Processing file /home/airflow/.local/lib/python3.12/site-packages/airflow/example_dags/tutorial_taskflow_api.py for tasks to queue
[2025-03-26T16:52:12.663+0000] {logging_mixin.py:190} INFO - [2025-03-26T16:52:12.662+0000] {dagbag.py:588} INFO - Filling up the DagBag from /home/airflow/.local/lib/python3.12/site-packages/airflow/example_dags/tutorial_taskflow_api.py
[2025-03-26T16:52:12.673+0000] {processor.py:925} INFO - DAG(s) 'tutorial_taskflow_api' retrieved from /home/airflow/.local/lib/python3.12/site-packages/airflow/example_dags/tutorial_taskflow_api.py
[2025-03-26T16:52:12.686+0000] {logging_mixin.py:190} INFO - [2025-03-26T16:52:12.686+0000] {dag.py:3239} INFO - Sync 1 DAGs
[2025-03-26T16:52:12.694+0000] {logging_mixin.py:190} INFO - [2025-03-26T16:52:12.694+0000] {dag.py:4180} INFO - Setting next_dagrun for tutorial_taskflow_api to None, run_after=None
[2025-03-26T16:52:12.707+0000] {processor.py:208} INFO - Processing /home/airflow/.local/lib/python3.12/site-packages/airflow/example_dags/tutorial_taskflow_api.py took 0.057 seconds
[2025-03-26T16:52:44.888+0000] {processor.py:186} INFO - Started process (PID=11791) to work on /home/airflow/.local/lib/python3.12/site-packages/airflow/example_dags/tutorial_taskflow_api.py
[2025-03-26T16:52:44.891+0000] {processor.py:914} INFO - Processing file /home/airflow/.local/lib/python3.12/site-packages/airflow/example_dags/tutorial_taskflow_api.py for tasks to queue
[2025-03-26T16:52:44.893+0000] {logging_mixin.py:190} INFO - [2025-03-26T16:52:44.892+0000] {dagbag.py:588} INFO - Filling up the DagBag from /home/airflow/.local/lib/python3.12/site-packages/airflow/example_dags/tutorial_taskflow_api.py
[2025-03-26T16:52:44.898+0000] {processor.py:925} INFO - DAG(s) 'tutorial_taskflow_api' retrieved from /home/airflow/.local/lib/python3.12/site-packages/airflow/example_dags/tutorial_taskflow_api.py
[2025-03-26T16:52:44.911+0000] {logging_mixin.py:190} INFO - [2025-03-26T16:52:44.911+0000] {dag.py:3239} INFO - Sync 1 DAGs
[2025-03-26T16:52:44.920+0000] {logging_mixin.py:190} INFO - [2025-03-26T16:52:44.920+0000] {dag.py:4180} INFO - Setting next_dagrun for tutorial_taskflow_api to None, run_after=None
[2025-03-26T16:52:44.929+0000] {processor.py:208} INFO - Processing /home/airflow/.local/lib/python3.12/site-packages/airflow/example_dags/tutorial_taskflow_api.py took 0.045 seconds
[2025-03-26T16:53:18.944+0000] {processor.py:186} INFO - Started process (PID=11853) to work on /home/airflow/.local/lib/python3.12/site-packages/airflow/example_dags/tutorial_taskflow_api.py
[2025-03-26T16:53:18.945+0000] {processor.py:914} INFO - Processing file /home/airflow/.local/lib/python3.12/site-packages/airflow/example_dags/tutorial_taskflow_api.py for tasks to queue
[2025-03-26T16:53:18.948+0000] {logging_mixin.py:190} INFO - [2025-03-26T16:53:18.948+0000] {dagbag.py:588} INFO - Filling up the DagBag from /home/airflow/.local/lib/python3.12/site-packages/airflow/example_dags/tutorial_taskflow_api.py
[2025-03-26T16:53:18.955+0000] {processor.py:925} INFO - DAG(s) 'tutorial_taskflow_api' retrieved from /home/airflow/.local/lib/python3.12/site-packages/airflow/example_dags/tutorial_taskflow_api.py
[2025-03-26T16:53:18.971+0000] {logging_mixin.py:190} INFO - [2025-03-26T16:53:18.971+0000] {dag.py:3239} INFO - Sync 1 DAGs
[2025-03-26T16:53:18.979+0000] {logging_mixin.py:190} INFO - [2025-03-26T16:53:18.979+0000] {dag.py:4180} INFO - Setting next_dagrun for tutorial_taskflow_api to None, run_after=None
[2025-03-26T16:53:18.992+0000] {processor.py:208} INFO - Processing /home/airflow/.local/lib/python3.12/site-packages/airflow/example_dags/tutorial_taskflow_api.py took 0.051 seconds
[2025-03-26T16:53:50.310+0000] {processor.py:186} INFO - Started process (PID=11915) to work on /home/airflow/.local/lib/python3.12/site-packages/airflow/example_dags/tutorial_taskflow_api.py
[2025-03-26T16:53:50.312+0000] {processor.py:914} INFO - Processing file /home/airflow/.local/lib/python3.12/site-packages/airflow/example_dags/tutorial_taskflow_api.py for tasks to queue
[2025-03-26T16:53:50.314+0000] {logging_mixin.py:190} INFO - [2025-03-26T16:53:50.314+0000] {dagbag.py:588} INFO - Filling up the DagBag from /home/airflow/.local/lib/python3.12/site-packages/airflow/example_dags/tutorial_taskflow_api.py
[2025-03-26T16:53:50.320+0000] {processor.py:925} INFO - DAG(s) 'tutorial_taskflow_api' retrieved from /home/airflow/.local/lib/python3.12/site-packages/airflow/example_dags/tutorial_taskflow_api.py
[2025-03-26T16:53:50.338+0000] {logging_mixin.py:190} INFO - [2025-03-26T16:53:50.338+0000] {dag.py:3239} INFO - Sync 1 DAGs
[2025-03-26T16:53:50.350+0000] {logging_mixin.py:190} INFO - [2025-03-26T16:53:50.350+0000] {dag.py:4180} INFO - Setting next_dagrun for tutorial_taskflow_api to None, run_after=None
[2025-03-26T16:53:50.372+0000] {processor.py:208} INFO - Processing /home/airflow/.local/lib/python3.12/site-packages/airflow/example_dags/tutorial_taskflow_api.py took 0.066 seconds
[2025-03-26T16:54:23.645+0000] {processor.py:186} INFO - Started process (PID=11977) to work on /home/airflow/.local/lib/python3.12/site-packages/airflow/example_dags/tutorial_taskflow_api.py
[2025-03-26T16:54:23.646+0000] {processor.py:914} INFO - Processing file /home/airflow/.local/lib/python3.12/site-packages/airflow/example_dags/tutorial_taskflow_api.py for tasks to queue
[2025-03-26T16:54:23.648+0000] {logging_mixin.py:190} INFO - [2025-03-26T16:54:23.647+0000] {dagbag.py:588} INFO - Filling up the DagBag from /home/airflow/.local/lib/python3.12/site-packages/airflow/example_dags/tutorial_taskflow_api.py
[2025-03-26T16:54:23.656+0000] {processor.py:925} INFO - DAG(s) 'tutorial_taskflow_api' retrieved from /home/airflow/.local/lib/python3.12/site-packages/airflow/example_dags/tutorial_taskflow_api.py
[2025-03-26T16:54:23.672+0000] {logging_mixin.py:190} INFO - [2025-03-26T16:54:23.672+0000] {dag.py:3239} INFO - Sync 1 DAGs
[2025-03-26T16:54:23.680+0000] {logging_mixin.py:190} INFO - [2025-03-26T16:54:23.680+0000] {dag.py:4180} INFO - Setting next_dagrun for tutorial_taskflow_api to None, run_after=None
[2025-03-26T16:54:23.689+0000] {processor.py:208} INFO - Processing /home/airflow/.local/lib/python3.12/site-packages/airflow/example_dags/tutorial_taskflow_api.py took 0.049 seconds
[2025-03-26T16:54:58.229+0000] {processor.py:186} INFO - Started process (PID=12039) to work on /home/airflow/.local/lib/python3.12/site-packages/airflow/example_dags/tutorial_taskflow_api.py
[2025-03-26T16:54:58.230+0000] {processor.py:914} INFO - Processing file /home/airflow/.local/lib/python3.12/site-packages/airflow/example_dags/tutorial_taskflow_api.py for tasks to queue
[2025-03-26T16:54:58.231+0000] {logging_mixin.py:190} INFO - [2025-03-26T16:54:58.231+0000] {dagbag.py:588} INFO - Filling up the DagBag from /home/airflow/.local/lib/python3.12/site-packages/airflow/example_dags/tutorial_taskflow_api.py
[2025-03-26T16:54:58.236+0000] {processor.py:925} INFO - DAG(s) 'tutorial_taskflow_api' retrieved from /home/airflow/.local/lib/python3.12/site-packages/airflow/example_dags/tutorial_taskflow_api.py
[2025-03-26T16:54:58.247+0000] {logging_mixin.py:190} INFO - [2025-03-26T16:54:58.247+0000] {dag.py:3239} INFO - Sync 1 DAGs
[2025-03-26T16:54:58.257+0000] {logging_mixin.py:190} INFO - [2025-03-26T16:54:58.257+0000] {dag.py:4180} INFO - Setting next_dagrun for tutorial_taskflow_api to None, run_after=None
[2025-03-26T16:54:58.267+0000] {processor.py:208} INFO - Processing /home/airflow/.local/lib/python3.12/site-packages/airflow/example_dags/tutorial_taskflow_api.py took 0.041 seconds
[2025-03-26T16:55:29.770+0000] {processor.py:186} INFO - Started process (PID=12101) to work on /home/airflow/.local/lib/python3.12/site-packages/airflow/example_dags/tutorial_taskflow_api.py
[2025-03-26T16:55:29.771+0000] {processor.py:914} INFO - Processing file /home/airflow/.local/lib/python3.12/site-packages/airflow/example_dags/tutorial_taskflow_api.py for tasks to queue
[2025-03-26T16:55:29.773+0000] {logging_mixin.py:190} INFO - [2025-03-26T16:55:29.772+0000] {dagbag.py:588} INFO - Filling up the DagBag from /home/airflow/.local/lib/python3.12/site-packages/airflow/example_dags/tutorial_taskflow_api.py
[2025-03-26T16:55:29.778+0000] {processor.py:925} INFO - DAG(s) 'tutorial_taskflow_api' retrieved from /home/airflow/.local/lib/python3.12/site-packages/airflow/example_dags/tutorial_taskflow_api.py
[2025-03-26T16:55:29.789+0000] {logging_mixin.py:190} INFO - [2025-03-26T16:55:29.789+0000] {dag.py:3239} INFO - Sync 1 DAGs
[2025-03-26T16:55:29.797+0000] {logging_mixin.py:190} INFO - [2025-03-26T16:55:29.797+0000] {dag.py:4180} INFO - Setting next_dagrun for tutorial_taskflow_api to None, run_after=None
[2025-03-26T16:55:29.810+0000] {processor.py:208} INFO - Processing /home/airflow/.local/lib/python3.12/site-packages/airflow/example_dags/tutorial_taskflow_api.py took 0.043 seconds
[2025-03-26T16:56:05.055+0000] {processor.py:186} INFO - Started process (PID=12163) to work on /home/airflow/.local/lib/python3.12/site-packages/airflow/example_dags/tutorial_taskflow_api.py
[2025-03-26T16:56:05.057+0000] {processor.py:914} INFO - Processing file /home/airflow/.local/lib/python3.12/site-packages/airflow/example_dags/tutorial_taskflow_api.py for tasks to queue
[2025-03-26T16:56:05.059+0000] {logging_mixin.py:190} INFO - [2025-03-26T16:56:05.058+0000] {dagbag.py:588} INFO - Filling up the DagBag from /home/airflow/.local/lib/python3.12/site-packages/airflow/example_dags/tutorial_taskflow_api.py
[2025-03-26T16:56:05.066+0000] {processor.py:925} INFO - DAG(s) 'tutorial_taskflow_api' retrieved from /home/airflow/.local/lib/python3.12/site-packages/airflow/example_dags/tutorial_taskflow_api.py
[2025-03-26T16:56:05.077+0000] {logging_mixin.py:190} INFO - [2025-03-26T16:56:05.077+0000] {dag.py:3239} INFO - Sync 1 DAGs
[2025-03-26T16:56:05.087+0000] {logging_mixin.py:190} INFO - [2025-03-26T16:56:05.087+0000] {dag.py:4180} INFO - Setting next_dagrun for tutorial_taskflow_api to None, run_after=None
[2025-03-26T16:56:05.099+0000] {processor.py:208} INFO - Processing /home/airflow/.local/lib/python3.12/site-packages/airflow/example_dags/tutorial_taskflow_api.py took 0.054 seconds
[2025-03-26T16:56:39.386+0000] {processor.py:186} INFO - Started process (PID=12225) to work on /home/airflow/.local/lib/python3.12/site-packages/airflow/example_dags/tutorial_taskflow_api.py
[2025-03-26T16:56:39.387+0000] {processor.py:914} INFO - Processing file /home/airflow/.local/lib/python3.12/site-packages/airflow/example_dags/tutorial_taskflow_api.py for tasks to queue
[2025-03-26T16:56:39.388+0000] {logging_mixin.py:190} INFO - [2025-03-26T16:56:39.388+0000] {dagbag.py:588} INFO - Filling up the DagBag from /home/airflow/.local/lib/python3.12/site-packages/airflow/example_dags/tutorial_taskflow_api.py
[2025-03-26T16:56:39.393+0000] {processor.py:925} INFO - DAG(s) 'tutorial_taskflow_api' retrieved from /home/airflow/.local/lib/python3.12/site-packages/airflow/example_dags/tutorial_taskflow_api.py
[2025-03-26T16:56:39.403+0000] {logging_mixin.py:190} INFO - [2025-03-26T16:56:39.403+0000] {dag.py:3239} INFO - Sync 1 DAGs
[2025-03-26T16:56:39.410+0000] {logging_mixin.py:190} INFO - [2025-03-26T16:56:39.410+0000] {dag.py:4180} INFO - Setting next_dagrun for tutorial_taskflow_api to None, run_after=None
[2025-03-26T16:56:39.423+0000] {processor.py:208} INFO - Processing /home/airflow/.local/lib/python3.12/site-packages/airflow/example_dags/tutorial_taskflow_api.py took 0.041 seconds
[2025-03-26T16:57:15.946+0000] {processor.py:186} INFO - Started process (PID=12287) to work on /home/airflow/.local/lib/python3.12/site-packages/airflow/example_dags/tutorial_taskflow_api.py
[2025-03-26T16:57:15.947+0000] {processor.py:914} INFO - Processing file /home/airflow/.local/lib/python3.12/site-packages/airflow/example_dags/tutorial_taskflow_api.py for tasks to queue
[2025-03-26T16:57:15.949+0000] {logging_mixin.py:190} INFO - [2025-03-26T16:57:15.948+0000] {dagbag.py:588} INFO - Filling up the DagBag from /home/airflow/.local/lib/python3.12/site-packages/airflow/example_dags/tutorial_taskflow_api.py
[2025-03-26T16:57:15.956+0000] {processor.py:925} INFO - DAG(s) 'tutorial_taskflow_api' retrieved from /home/airflow/.local/lib/python3.12/site-packages/airflow/example_dags/tutorial_taskflow_api.py
[2025-03-26T16:57:15.976+0000] {logging_mixin.py:190} INFO - [2025-03-26T16:57:15.976+0000] {dag.py:3239} INFO - Sync 1 DAGs
[2025-03-26T16:57:15.997+0000] {logging_mixin.py:190} INFO - [2025-03-26T16:57:15.997+0000] {dag.py:4180} INFO - Setting next_dagrun for tutorial_taskflow_api to None, run_after=None
[2025-03-26T16:57:16.025+0000] {processor.py:208} INFO - Processing /home/airflow/.local/lib/python3.12/site-packages/airflow/example_dags/tutorial_taskflow_api.py took 0.083 seconds
[2025-03-26T16:57:58.803+0000] {processor.py:186} INFO - Started process (PID=12349) to work on /home/airflow/.local/lib/python3.12/site-packages/airflow/example_dags/tutorial_taskflow_api.py
[2025-03-26T16:57:58.804+0000] {processor.py:914} INFO - Processing file /home/airflow/.local/lib/python3.12/site-packages/airflow/example_dags/tutorial_taskflow_api.py for tasks to queue
[2025-03-26T16:57:58.805+0000] {logging_mixin.py:190} INFO - [2025-03-26T16:57:58.805+0000] {dagbag.py:588} INFO - Filling up the DagBag from /home/airflow/.local/lib/python3.12/site-packages/airflow/example_dags/tutorial_taskflow_api.py
[2025-03-26T16:57:58.809+0000] {processor.py:925} INFO - DAG(s) 'tutorial_taskflow_api' retrieved from /home/airflow/.local/lib/python3.12/site-packages/airflow/example_dags/tutorial_taskflow_api.py
[2025-03-26T16:57:58.819+0000] {logging_mixin.py:190} INFO - [2025-03-26T16:57:58.819+0000] {dag.py:3239} INFO - Sync 1 DAGs
[2025-03-26T16:57:58.825+0000] {logging_mixin.py:190} INFO - [2025-03-26T16:57:58.825+0000] {dag.py:4180} INFO - Setting next_dagrun for tutorial_taskflow_api to None, run_after=None
[2025-03-26T16:57:58.838+0000] {processor.py:208} INFO - Processing /home/airflow/.local/lib/python3.12/site-packages/airflow/example_dags/tutorial_taskflow_api.py took 0.038 seconds
[2025-03-26T16:58:32.753+0000] {processor.py:186} INFO - Started process (PID=12411) to work on /home/airflow/.local/lib/python3.12/site-packages/airflow/example_dags/tutorial_taskflow_api.py
[2025-03-26T16:58:32.754+0000] {processor.py:914} INFO - Processing file /home/airflow/.local/lib/python3.12/site-packages/airflow/example_dags/tutorial_taskflow_api.py for tasks to queue
[2025-03-26T16:58:32.755+0000] {logging_mixin.py:190} INFO - [2025-03-26T16:58:32.755+0000] {dagbag.py:588} INFO - Filling up the DagBag from /home/airflow/.local/lib/python3.12/site-packages/airflow/example_dags/tutorial_taskflow_api.py
[2025-03-26T16:58:32.760+0000] {processor.py:925} INFO - DAG(s) 'tutorial_taskflow_api' retrieved from /home/airflow/.local/lib/python3.12/site-packages/airflow/example_dags/tutorial_taskflow_api.py
[2025-03-26T16:58:32.771+0000] {logging_mixin.py:190} INFO - [2025-03-26T16:58:32.771+0000] {dag.py:3239} INFO - Sync 1 DAGs
[2025-03-26T16:58:32.779+0000] {logging_mixin.py:190} INFO - [2025-03-26T16:58:32.778+0000] {dag.py:4180} INFO - Setting next_dagrun for tutorial_taskflow_api to None, run_after=None
[2025-03-26T16:58:32.787+0000] {processor.py:208} INFO - Processing /home/airflow/.local/lib/python3.12/site-packages/airflow/example_dags/tutorial_taskflow_api.py took 0.038 seconds
[2025-03-26T17:14:40.655+0000] {processor.py:186} INFO - Started process (PID=12473) to work on /home/airflow/.local/lib/python3.12/site-packages/airflow/example_dags/tutorial_taskflow_api.py
[2025-03-26T17:14:40.655+0000] {processor.py:914} INFO - Processing file /home/airflow/.local/lib/python3.12/site-packages/airflow/example_dags/tutorial_taskflow_api.py for tasks to queue
[2025-03-26T17:14:40.657+0000] {logging_mixin.py:190} INFO - [2025-03-26T17:14:40.657+0000] {dagbag.py:588} INFO - Filling up the DagBag from /home/airflow/.local/lib/python3.12/site-packages/airflow/example_dags/tutorial_taskflow_api.py
[2025-03-26T17:14:40.662+0000] {processor.py:925} INFO - DAG(s) 'tutorial_taskflow_api' retrieved from /home/airflow/.local/lib/python3.12/site-packages/airflow/example_dags/tutorial_taskflow_api.py
[2025-03-26T17:14:40.684+0000] {logging_mixin.py:190} INFO - [2025-03-26T17:14:40.684+0000] {dag.py:3239} INFO - Sync 1 DAGs
[2025-03-26T17:14:40.696+0000] {logging_mixin.py:190} INFO - [2025-03-26T17:14:40.696+0000] {dag.py:4180} INFO - Setting next_dagrun for tutorial_taskflow_api to None, run_after=None
[2025-03-26T17:14:40.709+0000] {processor.py:208} INFO - Processing /home/airflow/.local/lib/python3.12/site-packages/airflow/example_dags/tutorial_taskflow_api.py took 0.057 seconds
[2025-03-26T17:30:34.627+0000] {processor.py:186} INFO - Started process (PID=12535) to work on /home/airflow/.local/lib/python3.12/site-packages/airflow/example_dags/tutorial_taskflow_api.py
[2025-03-26T17:30:34.631+0000] {processor.py:914} INFO - Processing file /home/airflow/.local/lib/python3.12/site-packages/airflow/example_dags/tutorial_taskflow_api.py for tasks to queue
[2025-03-26T17:30:34.634+0000] {logging_mixin.py:190} INFO - [2025-03-26T17:30:34.634+0000] {dagbag.py:588} INFO - Filling up the DagBag from /home/airflow/.local/lib/python3.12/site-packages/airflow/example_dags/tutorial_taskflow_api.py
[2025-03-26T17:30:34.641+0000] {processor.py:925} INFO - DAG(s) 'tutorial_taskflow_api' retrieved from /home/airflow/.local/lib/python3.12/site-packages/airflow/example_dags/tutorial_taskflow_api.py
[2025-03-26T17:30:34.660+0000] {logging_mixin.py:190} INFO - [2025-03-26T17:30:34.660+0000] {dag.py:3239} INFO - Sync 1 DAGs
[2025-03-26T17:30:34.671+0000] {logging_mixin.py:190} INFO - [2025-03-26T17:30:34.671+0000] {dag.py:4180} INFO - Setting next_dagrun for tutorial_taskflow_api to None, run_after=None
[2025-03-26T17:30:34.684+0000] {processor.py:208} INFO - Processing /home/airflow/.local/lib/python3.12/site-packages/airflow/example_dags/tutorial_taskflow_api.py took 0.066 seconds
[2025-03-26T17:31:04.948+0000] {processor.py:186} INFO - Started process (PID=12597) to work on /home/airflow/.local/lib/python3.12/site-packages/airflow/example_dags/tutorial_taskflow_api.py
[2025-03-26T17:31:04.949+0000] {processor.py:914} INFO - Processing file /home/airflow/.local/lib/python3.12/site-packages/airflow/example_dags/tutorial_taskflow_api.py for tasks to queue
[2025-03-26T17:31:04.951+0000] {logging_mixin.py:190} INFO - [2025-03-26T17:31:04.951+0000] {dagbag.py:588} INFO - Filling up the DagBag from /home/airflow/.local/lib/python3.12/site-packages/airflow/example_dags/tutorial_taskflow_api.py
[2025-03-26T17:31:04.960+0000] {processor.py:925} INFO - DAG(s) 'tutorial_taskflow_api' retrieved from /home/airflow/.local/lib/python3.12/site-packages/airflow/example_dags/tutorial_taskflow_api.py
[2025-03-26T17:31:04.971+0000] {logging_mixin.py:190} INFO - [2025-03-26T17:31:04.971+0000] {dag.py:3239} INFO - Sync 1 DAGs
[2025-03-26T17:31:04.979+0000] {logging_mixin.py:190} INFO - [2025-03-26T17:31:04.979+0000] {dag.py:4180} INFO - Setting next_dagrun for tutorial_taskflow_api to None, run_after=None
[2025-03-26T17:31:04.992+0000] {processor.py:208} INFO - Processing /home/airflow/.local/lib/python3.12/site-packages/airflow/example_dags/tutorial_taskflow_api.py took 0.048 seconds
[2025-03-26T17:49:20.666+0000] {processor.py:186} INFO - Started process (PID=12659) to work on /home/airflow/.local/lib/python3.12/site-packages/airflow/example_dags/tutorial_taskflow_api.py
[2025-03-26T17:49:20.668+0000] {processor.py:914} INFO - Processing file /home/airflow/.local/lib/python3.12/site-packages/airflow/example_dags/tutorial_taskflow_api.py for tasks to queue
[2025-03-26T17:49:20.670+0000] {logging_mixin.py:190} INFO - [2025-03-26T17:49:20.669+0000] {dagbag.py:588} INFO - Filling up the DagBag from /home/airflow/.local/lib/python3.12/site-packages/airflow/example_dags/tutorial_taskflow_api.py
[2025-03-26T17:49:20.674+0000] {processor.py:925} INFO - DAG(s) 'tutorial_taskflow_api' retrieved from /home/airflow/.local/lib/python3.12/site-packages/airflow/example_dags/tutorial_taskflow_api.py
[2025-03-26T17:49:20.686+0000] {logging_mixin.py:190} INFO - [2025-03-26T17:49:20.686+0000] {dag.py:3239} INFO - Sync 1 DAGs
[2025-03-26T17:49:20.693+0000] {logging_mixin.py:190} INFO - [2025-03-26T17:49:20.693+0000] {dag.py:4180} INFO - Setting next_dagrun for tutorial_taskflow_api to None, run_after=None
[2025-03-26T17:49:20.703+0000] {processor.py:208} INFO - Processing /home/airflow/.local/lib/python3.12/site-packages/airflow/example_dags/tutorial_taskflow_api.py took 0.042 seconds
[2025-03-26T18:22:07.742+0000] {processor.py:186} INFO - Started process (PID=12721) to work on /home/airflow/.local/lib/python3.12/site-packages/airflow/example_dags/tutorial_taskflow_api.py
[2025-03-26T18:22:07.743+0000] {processor.py:914} INFO - Processing file /home/airflow/.local/lib/python3.12/site-packages/airflow/example_dags/tutorial_taskflow_api.py for tasks to queue
[2025-03-26T18:22:07.744+0000] {logging_mixin.py:190} INFO - [2025-03-26T18:22:07.744+0000] {dagbag.py:588} INFO - Filling up the DagBag from /home/airflow/.local/lib/python3.12/site-packages/airflow/example_dags/tutorial_taskflow_api.py
[2025-03-26T18:22:07.749+0000] {processor.py:925} INFO - DAG(s) 'tutorial_taskflow_api' retrieved from /home/airflow/.local/lib/python3.12/site-packages/airflow/example_dags/tutorial_taskflow_api.py
[2025-03-26T18:22:07.765+0000] {logging_mixin.py:190} INFO - [2025-03-26T18:22:07.765+0000] {dag.py:3239} INFO - Sync 1 DAGs
[2025-03-26T18:22:07.774+0000] {logging_mixin.py:190} INFO - [2025-03-26T18:22:07.774+0000] {dag.py:4180} INFO - Setting next_dagrun for tutorial_taskflow_api to None, run_after=None
[2025-03-26T18:22:07.787+0000] {processor.py:208} INFO - Processing /home/airflow/.local/lib/python3.12/site-packages/airflow/example_dags/tutorial_taskflow_api.py took 0.049 seconds
[2025-03-26T18:22:40.236+0000] {processor.py:186} INFO - Started process (PID=12783) to work on /home/airflow/.local/lib/python3.12/site-packages/airflow/example_dags/tutorial_taskflow_api.py
[2025-03-26T18:22:40.237+0000] {processor.py:914} INFO - Processing file /home/airflow/.local/lib/python3.12/site-packages/airflow/example_dags/tutorial_taskflow_api.py for tasks to queue
[2025-03-26T18:22:40.241+0000] {logging_mixin.py:190} INFO - [2025-03-26T18:22:40.239+0000] {dagbag.py:588} INFO - Filling up the DagBag from /home/airflow/.local/lib/python3.12/site-packages/airflow/example_dags/tutorial_taskflow_api.py
[2025-03-26T18:22:40.246+0000] {processor.py:925} INFO - DAG(s) 'tutorial_taskflow_api' retrieved from /home/airflow/.local/lib/python3.12/site-packages/airflow/example_dags/tutorial_taskflow_api.py
[2025-03-26T18:22:40.256+0000] {logging_mixin.py:190} INFO - [2025-03-26T18:22:40.256+0000] {dag.py:3239} INFO - Sync 1 DAGs
[2025-03-26T18:22:40.267+0000] {logging_mixin.py:190} INFO - [2025-03-26T18:22:40.267+0000] {dag.py:4180} INFO - Setting next_dagrun for tutorial_taskflow_api to None, run_after=None
[2025-03-26T18:22:40.284+0000] {processor.py:208} INFO - Processing /home/airflow/.local/lib/python3.12/site-packages/airflow/example_dags/tutorial_taskflow_api.py took 0.052 seconds
[2025-03-26T18:40:46.419+0000] {processor.py:186} INFO - Started process (PID=12845) to work on /home/airflow/.local/lib/python3.12/site-packages/airflow/example_dags/tutorial_taskflow_api.py
[2025-03-26T18:40:46.420+0000] {processor.py:914} INFO - Processing file /home/airflow/.local/lib/python3.12/site-packages/airflow/example_dags/tutorial_taskflow_api.py for tasks to queue
[2025-03-26T18:40:46.422+0000] {logging_mixin.py:190} INFO - [2025-03-26T18:40:46.422+0000] {dagbag.py:588} INFO - Filling up the DagBag from /home/airflow/.local/lib/python3.12/site-packages/airflow/example_dags/tutorial_taskflow_api.py
[2025-03-26T18:40:46.427+0000] {processor.py:925} INFO - DAG(s) 'tutorial_taskflow_api' retrieved from /home/airflow/.local/lib/python3.12/site-packages/airflow/example_dags/tutorial_taskflow_api.py
[2025-03-26T18:40:46.439+0000] {logging_mixin.py:190} INFO - [2025-03-26T18:40:46.438+0000] {dag.py:3239} INFO - Sync 1 DAGs
[2025-03-26T18:40:46.449+0000] {logging_mixin.py:190} INFO - [2025-03-26T18:40:46.449+0000] {dag.py:4180} INFO - Setting next_dagrun for tutorial_taskflow_api to None, run_after=None
[2025-03-26T18:40:46.463+0000] {processor.py:208} INFO - Processing /home/airflow/.local/lib/python3.12/site-packages/airflow/example_dags/tutorial_taskflow_api.py took 0.048 seconds
[2025-03-26T18:59:46.806+0000] {processor.py:186} INFO - Started process (PID=12907) to work on /home/airflow/.local/lib/python3.12/site-packages/airflow/example_dags/tutorial_taskflow_api.py
[2025-03-26T18:59:46.807+0000] {processor.py:914} INFO - Processing file /home/airflow/.local/lib/python3.12/site-packages/airflow/example_dags/tutorial_taskflow_api.py for tasks to queue
[2025-03-26T18:59:46.809+0000] {logging_mixin.py:190} INFO - [2025-03-26T18:59:46.809+0000] {dagbag.py:588} INFO - Filling up the DagBag from /home/airflow/.local/lib/python3.12/site-packages/airflow/example_dags/tutorial_taskflow_api.py
[2025-03-26T18:59:46.814+0000] {processor.py:925} INFO - DAG(s) 'tutorial_taskflow_api' retrieved from /home/airflow/.local/lib/python3.12/site-packages/airflow/example_dags/tutorial_taskflow_api.py
[2025-03-26T18:59:46.830+0000] {logging_mixin.py:190} INFO - [2025-03-26T18:59:46.830+0000] {dag.py:3239} INFO - Sync 1 DAGs
[2025-03-26T18:59:46.840+0000] {logging_mixin.py:190} INFO - [2025-03-26T18:59:46.840+0000] {dag.py:4180} INFO - Setting next_dagrun for tutorial_taskflow_api to None, run_after=None
[2025-03-26T18:59:46.854+0000] {processor.py:208} INFO - Processing /home/airflow/.local/lib/python3.12/site-packages/airflow/example_dags/tutorial_taskflow_api.py took 0.052 seconds
[2025-03-26T19:16:02.357+0000] {processor.py:186} INFO - Started process (PID=12969) to work on /home/airflow/.local/lib/python3.12/site-packages/airflow/example_dags/tutorial_taskflow_api.py
[2025-03-26T19:16:02.359+0000] {processor.py:914} INFO - Processing file /home/airflow/.local/lib/python3.12/site-packages/airflow/example_dags/tutorial_taskflow_api.py for tasks to queue
[2025-03-26T19:16:02.362+0000] {logging_mixin.py:190} INFO - [2025-03-26T19:16:02.361+0000] {dagbag.py:588} INFO - Filling up the DagBag from /home/airflow/.local/lib/python3.12/site-packages/airflow/example_dags/tutorial_taskflow_api.py
[2025-03-26T19:16:02.368+0000] {processor.py:925} INFO - DAG(s) 'tutorial_taskflow_api' retrieved from /home/airflow/.local/lib/python3.12/site-packages/airflow/example_dags/tutorial_taskflow_api.py
[2025-03-26T19:16:02.382+0000] {logging_mixin.py:190} INFO - [2025-03-26T19:16:02.382+0000] {dag.py:3239} INFO - Sync 1 DAGs
[2025-03-26T19:16:02.391+0000] {logging_mixin.py:190} INFO - [2025-03-26T19:16:02.390+0000] {dag.py:4180} INFO - Setting next_dagrun for tutorial_taskflow_api to None, run_after=None
[2025-03-26T19:16:02.402+0000] {processor.py:208} INFO - Processing /home/airflow/.local/lib/python3.12/site-packages/airflow/example_dags/tutorial_taskflow_api.py took 0.048 seconds
[2025-03-26T19:37:54.192+0000] {processor.py:186} INFO - Started process (PID=13031) to work on /home/airflow/.local/lib/python3.12/site-packages/airflow/example_dags/tutorial_taskflow_api.py
[2025-03-26T19:37:54.193+0000] {processor.py:914} INFO - Processing file /home/airflow/.local/lib/python3.12/site-packages/airflow/example_dags/tutorial_taskflow_api.py for tasks to queue
[2025-03-26T19:37:54.194+0000] {logging_mixin.py:190} INFO - [2025-03-26T19:37:54.194+0000] {dagbag.py:588} INFO - Filling up the DagBag from /home/airflow/.local/lib/python3.12/site-packages/airflow/example_dags/tutorial_taskflow_api.py
[2025-03-26T19:37:54.200+0000] {processor.py:925} INFO - DAG(s) 'tutorial_taskflow_api' retrieved from /home/airflow/.local/lib/python3.12/site-packages/airflow/example_dags/tutorial_taskflow_api.py
[2025-03-26T19:37:54.216+0000] {logging_mixin.py:190} INFO - [2025-03-26T19:37:54.216+0000] {dag.py:3239} INFO - Sync 1 DAGs
[2025-03-26T19:37:54.230+0000] {logging_mixin.py:190} INFO - [2025-03-26T19:37:54.230+0000] {dag.py:4180} INFO - Setting next_dagrun for tutorial_taskflow_api to None, run_after=None
[2025-03-26T19:37:54.241+0000] {processor.py:208} INFO - Processing /home/airflow/.local/lib/python3.12/site-packages/airflow/example_dags/tutorial_taskflow_api.py took 0.053 seconds
[2025-03-26T20:00:35.878+0000] {processor.py:186} INFO - Started process (PID=13093) to work on /home/airflow/.local/lib/python3.12/site-packages/airflow/example_dags/tutorial_taskflow_api.py
[2025-03-26T20:00:35.880+0000] {processor.py:914} INFO - Processing file /home/airflow/.local/lib/python3.12/site-packages/airflow/example_dags/tutorial_taskflow_api.py for tasks to queue
[2025-03-26T20:00:35.881+0000] {logging_mixin.py:190} INFO - [2025-03-26T20:00:35.881+0000] {dagbag.py:588} INFO - Filling up the DagBag from /home/airflow/.local/lib/python3.12/site-packages/airflow/example_dags/tutorial_taskflow_api.py
[2025-03-26T20:00:35.887+0000] {processor.py:925} INFO - DAG(s) 'tutorial_taskflow_api' retrieved from /home/airflow/.local/lib/python3.12/site-packages/airflow/example_dags/tutorial_taskflow_api.py
[2025-03-26T20:00:35.902+0000] {logging_mixin.py:190} INFO - [2025-03-26T20:00:35.902+0000] {dag.py:3239} INFO - Sync 1 DAGs
[2025-03-26T20:00:35.912+0000] {logging_mixin.py:190} INFO - [2025-03-26T20:00:35.912+0000] {dag.py:4180} INFO - Setting next_dagrun for tutorial_taskflow_api to None, run_after=None
[2025-03-26T20:00:35.926+0000] {processor.py:208} INFO - Processing /home/airflow/.local/lib/python3.12/site-packages/airflow/example_dags/tutorial_taskflow_api.py took 0.050 seconds
[2025-03-26T20:16:12.778+0000] {processor.py:186} INFO - Started process (PID=13155) to work on /home/airflow/.local/lib/python3.12/site-packages/airflow/example_dags/tutorial_taskflow_api.py
[2025-03-26T20:16:12.779+0000] {processor.py:914} INFO - Processing file /home/airflow/.local/lib/python3.12/site-packages/airflow/example_dags/tutorial_taskflow_api.py for tasks to queue
[2025-03-26T20:16:12.780+0000] {logging_mixin.py:190} INFO - [2025-03-26T20:16:12.780+0000] {dagbag.py:588} INFO - Filling up the DagBag from /home/airflow/.local/lib/python3.12/site-packages/airflow/example_dags/tutorial_taskflow_api.py
[2025-03-26T20:16:12.785+0000] {processor.py:925} INFO - DAG(s) 'tutorial_taskflow_api' retrieved from /home/airflow/.local/lib/python3.12/site-packages/airflow/example_dags/tutorial_taskflow_api.py
[2025-03-26T20:16:12.797+0000] {logging_mixin.py:190} INFO - [2025-03-26T20:16:12.797+0000] {dag.py:3239} INFO - Sync 1 DAGs
[2025-03-26T20:16:12.804+0000] {logging_mixin.py:190} INFO - [2025-03-26T20:16:12.804+0000] {dag.py:4180} INFO - Setting next_dagrun for tutorial_taskflow_api to None, run_after=None
[2025-03-26T20:16:12.818+0000] {processor.py:208} INFO - Processing /home/airflow/.local/lib/python3.12/site-packages/airflow/example_dags/tutorial_taskflow_api.py took 0.043 seconds
[2025-03-26T20:32:46.112+0000] {processor.py:186} INFO - Started process (PID=13217) to work on /home/airflow/.local/lib/python3.12/site-packages/airflow/example_dags/tutorial_taskflow_api.py
[2025-03-26T20:32:46.113+0000] {processor.py:914} INFO - Processing file /home/airflow/.local/lib/python3.12/site-packages/airflow/example_dags/tutorial_taskflow_api.py for tasks to queue
[2025-03-26T20:32:46.115+0000] {logging_mixin.py:190} INFO - [2025-03-26T20:32:46.115+0000] {dagbag.py:588} INFO - Filling up the DagBag from /home/airflow/.local/lib/python3.12/site-packages/airflow/example_dags/tutorial_taskflow_api.py
[2025-03-26T20:32:46.124+0000] {processor.py:925} INFO - DAG(s) 'tutorial_taskflow_api' retrieved from /home/airflow/.local/lib/python3.12/site-packages/airflow/example_dags/tutorial_taskflow_api.py
[2025-03-26T20:32:46.142+0000] {logging_mixin.py:190} INFO - [2025-03-26T20:32:46.142+0000] {dag.py:3239} INFO - Sync 1 DAGs
[2025-03-26T20:32:46.149+0000] {logging_mixin.py:190} INFO - [2025-03-26T20:32:46.149+0000] {dag.py:4180} INFO - Setting next_dagrun for tutorial_taskflow_api to None, run_after=None
[2025-03-26T20:32:46.160+0000] {processor.py:208} INFO - Processing /home/airflow/.local/lib/python3.12/site-packages/airflow/example_dags/tutorial_taskflow_api.py took 0.052 seconds
[2025-03-26T20:44:10.392+0000] {processor.py:186} INFO - Started process (PID=13279) to work on /home/airflow/.local/lib/python3.12/site-packages/airflow/example_dags/tutorial_taskflow_api.py
[2025-03-26T20:44:10.394+0000] {processor.py:914} INFO - Processing file /home/airflow/.local/lib/python3.12/site-packages/airflow/example_dags/tutorial_taskflow_api.py for tasks to queue
[2025-03-26T20:44:10.400+0000] {logging_mixin.py:190} INFO - [2025-03-26T20:44:10.400+0000] {dagbag.py:588} INFO - Filling up the DagBag from /home/airflow/.local/lib/python3.12/site-packages/airflow/example_dags/tutorial_taskflow_api.py
[2025-03-26T20:44:10.409+0000] {processor.py:925} INFO - DAG(s) 'tutorial_taskflow_api' retrieved from /home/airflow/.local/lib/python3.12/site-packages/airflow/example_dags/tutorial_taskflow_api.py
[2025-03-26T20:44:10.432+0000] {logging_mixin.py:190} INFO - [2025-03-26T20:44:10.432+0000] {dag.py:3239} INFO - Sync 1 DAGs
[2025-03-26T20:44:10.450+0000] {logging_mixin.py:190} INFO - [2025-03-26T20:44:10.450+0000] {dag.py:4180} INFO - Setting next_dagrun for tutorial_taskflow_api to None, run_after=None
[2025-03-26T20:44:10.466+0000] {processor.py:208} INFO - Processing /home/airflow/.local/lib/python3.12/site-packages/airflow/example_dags/tutorial_taskflow_api.py took 0.091 seconds
[2025-03-26T21:00:51.610+0000] {processor.py:186} INFO - Started process (PID=13341) to work on /home/airflow/.local/lib/python3.12/site-packages/airflow/example_dags/tutorial_taskflow_api.py
[2025-03-26T21:00:51.613+0000] {processor.py:914} INFO - Processing file /home/airflow/.local/lib/python3.12/site-packages/airflow/example_dags/tutorial_taskflow_api.py for tasks to queue
[2025-03-26T21:00:51.614+0000] {logging_mixin.py:190} INFO - [2025-03-26T21:00:51.614+0000] {dagbag.py:588} INFO - Filling up the DagBag from /home/airflow/.local/lib/python3.12/site-packages/airflow/example_dags/tutorial_taskflow_api.py
[2025-03-26T21:00:51.619+0000] {processor.py:925} INFO - DAG(s) 'tutorial_taskflow_api' retrieved from /home/airflow/.local/lib/python3.12/site-packages/airflow/example_dags/tutorial_taskflow_api.py
[2025-03-26T21:00:51.632+0000] {logging_mixin.py:190} INFO - [2025-03-26T21:00:51.632+0000] {dag.py:3239} INFO - Sync 1 DAGs
[2025-03-26T21:00:51.640+0000] {logging_mixin.py:190} INFO - [2025-03-26T21:00:51.640+0000] {dag.py:4180} INFO - Setting next_dagrun for tutorial_taskflow_api to None, run_after=None
[2025-03-26T21:00:51.652+0000] {processor.py:208} INFO - Processing /home/airflow/.local/lib/python3.12/site-packages/airflow/example_dags/tutorial_taskflow_api.py took 0.045 seconds
[2025-03-26T21:16:28.013+0000] {processor.py:186} INFO - Started process (PID=13403) to work on /home/airflow/.local/lib/python3.12/site-packages/airflow/example_dags/tutorial_taskflow_api.py
[2025-03-26T21:16:28.014+0000] {processor.py:914} INFO - Processing file /home/airflow/.local/lib/python3.12/site-packages/airflow/example_dags/tutorial_taskflow_api.py for tasks to queue
[2025-03-26T21:16:28.016+0000] {logging_mixin.py:190} INFO - [2025-03-26T21:16:28.016+0000] {dagbag.py:588} INFO - Filling up the DagBag from /home/airflow/.local/lib/python3.12/site-packages/airflow/example_dags/tutorial_taskflow_api.py
[2025-03-26T21:16:28.021+0000] {processor.py:925} INFO - DAG(s) 'tutorial_taskflow_api' retrieved from /home/airflow/.local/lib/python3.12/site-packages/airflow/example_dags/tutorial_taskflow_api.py
[2025-03-26T21:16:28.035+0000] {logging_mixin.py:190} INFO - [2025-03-26T21:16:28.035+0000] {dag.py:3239} INFO - Sync 1 DAGs
[2025-03-26T21:16:28.043+0000] {logging_mixin.py:190} INFO - [2025-03-26T21:16:28.043+0000] {dag.py:4180} INFO - Setting next_dagrun for tutorial_taskflow_api to None, run_after=None
[2025-03-26T21:16:28.059+0000] {processor.py:208} INFO - Processing /home/airflow/.local/lib/python3.12/site-packages/airflow/example_dags/tutorial_taskflow_api.py took 0.049 seconds
[2025-03-26T21:32:55.665+0000] {processor.py:186} INFO - Started process (PID=13465) to work on /home/airflow/.local/lib/python3.12/site-packages/airflow/example_dags/tutorial_taskflow_api.py
[2025-03-26T21:32:55.666+0000] {processor.py:914} INFO - Processing file /home/airflow/.local/lib/python3.12/site-packages/airflow/example_dags/tutorial_taskflow_api.py for tasks to queue
[2025-03-26T21:32:55.669+0000] {logging_mixin.py:190} INFO - [2025-03-26T21:32:55.669+0000] {dagbag.py:588} INFO - Filling up the DagBag from /home/airflow/.local/lib/python3.12/site-packages/airflow/example_dags/tutorial_taskflow_api.py
[2025-03-26T21:32:55.677+0000] {processor.py:925} INFO - DAG(s) 'tutorial_taskflow_api' retrieved from /home/airflow/.local/lib/python3.12/site-packages/airflow/example_dags/tutorial_taskflow_api.py
[2025-03-26T21:32:55.694+0000] {logging_mixin.py:190} INFO - [2025-03-26T21:32:55.694+0000] {dag.py:3239} INFO - Sync 1 DAGs
[2025-03-26T21:32:55.707+0000] {logging_mixin.py:190} INFO - [2025-03-26T21:32:55.707+0000] {dag.py:4180} INFO - Setting next_dagrun for tutorial_taskflow_api to None, run_after=None
[2025-03-26T21:32:55.717+0000] {processor.py:208} INFO - Processing /home/airflow/.local/lib/python3.12/site-packages/airflow/example_dags/tutorial_taskflow_api.py took 0.057 seconds
[2025-03-26T21:45:01.841+0000] {processor.py:186} INFO - Started process (PID=13527) to work on /home/airflow/.local/lib/python3.12/site-packages/airflow/example_dags/tutorial_taskflow_api.py
[2025-03-26T21:45:01.843+0000] {processor.py:914} INFO - Processing file /home/airflow/.local/lib/python3.12/site-packages/airflow/example_dags/tutorial_taskflow_api.py for tasks to queue
[2025-03-26T21:45:01.846+0000] {logging_mixin.py:190} INFO - [2025-03-26T21:45:01.845+0000] {dagbag.py:588} INFO - Filling up the DagBag from /home/airflow/.local/lib/python3.12/site-packages/airflow/example_dags/tutorial_taskflow_api.py
[2025-03-26T21:45:01.856+0000] {processor.py:925} INFO - DAG(s) 'tutorial_taskflow_api' retrieved from /home/airflow/.local/lib/python3.12/site-packages/airflow/example_dags/tutorial_taskflow_api.py
[2025-03-26T21:45:01.870+0000] {logging_mixin.py:190} INFO - [2025-03-26T21:45:01.869+0000] {dag.py:3239} INFO - Sync 1 DAGs
[2025-03-26T21:45:01.879+0000] {logging_mixin.py:190} INFO - [2025-03-26T21:45:01.879+0000] {dag.py:4180} INFO - Setting next_dagrun for tutorial_taskflow_api to None, run_after=None
[2025-03-26T21:45:01.888+0000] {processor.py:208} INFO - Processing /home/airflow/.local/lib/python3.12/site-packages/airflow/example_dags/tutorial_taskflow_api.py took 0.050 seconds
[2025-03-26T22:02:07.661+0000] {processor.py:186} INFO - Started process (PID=13589) to work on /home/airflow/.local/lib/python3.12/site-packages/airflow/example_dags/tutorial_taskflow_api.py
[2025-03-26T22:02:07.662+0000] {processor.py:914} INFO - Processing file /home/airflow/.local/lib/python3.12/site-packages/airflow/example_dags/tutorial_taskflow_api.py for tasks to queue
[2025-03-26T22:02:07.663+0000] {logging_mixin.py:190} INFO - [2025-03-26T22:02:07.663+0000] {dagbag.py:588} INFO - Filling up the DagBag from /home/airflow/.local/lib/python3.12/site-packages/airflow/example_dags/tutorial_taskflow_api.py
[2025-03-26T22:02:07.668+0000] {processor.py:925} INFO - DAG(s) 'tutorial_taskflow_api' retrieved from /home/airflow/.local/lib/python3.12/site-packages/airflow/example_dags/tutorial_taskflow_api.py
[2025-03-26T22:02:07.681+0000] {logging_mixin.py:190} INFO - [2025-03-26T22:02:07.681+0000] {dag.py:3239} INFO - Sync 1 DAGs
[2025-03-26T22:02:07.692+0000] {logging_mixin.py:190} INFO - [2025-03-26T22:02:07.692+0000] {dag.py:4180} INFO - Setting next_dagrun for tutorial_taskflow_api to None, run_after=None
[2025-03-26T22:02:07.705+0000] {processor.py:208} INFO - Processing /home/airflow/.local/lib/python3.12/site-packages/airflow/example_dags/tutorial_taskflow_api.py took 0.048 seconds
[2025-03-26T22:18:20.847+0000] {processor.py:186} INFO - Started process (PID=13650) to work on /home/airflow/.local/lib/python3.12/site-packages/airflow/example_dags/tutorial_taskflow_api.py
[2025-03-26T22:18:20.849+0000] {processor.py:914} INFO - Processing file /home/airflow/.local/lib/python3.12/site-packages/airflow/example_dags/tutorial_taskflow_api.py for tasks to queue
[2025-03-26T22:18:20.852+0000] {logging_mixin.py:190} INFO - [2025-03-26T22:18:20.852+0000] {dagbag.py:588} INFO - Filling up the DagBag from /home/airflow/.local/lib/python3.12/site-packages/airflow/example_dags/tutorial_taskflow_api.py
[2025-03-26T22:18:20.857+0000] {processor.py:925} INFO - DAG(s) 'tutorial_taskflow_api' retrieved from /home/airflow/.local/lib/python3.12/site-packages/airflow/example_dags/tutorial_taskflow_api.py
[2025-03-26T22:18:20.869+0000] {logging_mixin.py:190} INFO - [2025-03-26T22:18:20.869+0000] {dag.py:3239} INFO - Sync 1 DAGs
[2025-03-26T22:18:20.876+0000] {logging_mixin.py:190} INFO - [2025-03-26T22:18:20.876+0000] {dag.py:4180} INFO - Setting next_dagrun for tutorial_taskflow_api to None, run_after=None
[2025-03-26T22:18:20.886+0000] {processor.py:208} INFO - Processing /home/airflow/.local/lib/python3.12/site-packages/airflow/example_dags/tutorial_taskflow_api.py took 0.042 seconds
[2025-03-26T22:18:53.196+0000] {processor.py:186} INFO - Started process (PID=13712) to work on /home/airflow/.local/lib/python3.12/site-packages/airflow/example_dags/tutorial_taskflow_api.py
[2025-03-26T22:18:53.197+0000] {processor.py:914} INFO - Processing file /home/airflow/.local/lib/python3.12/site-packages/airflow/example_dags/tutorial_taskflow_api.py for tasks to queue
[2025-03-26T22:18:53.198+0000] {logging_mixin.py:190} INFO - [2025-03-26T22:18:53.198+0000] {dagbag.py:588} INFO - Filling up the DagBag from /home/airflow/.local/lib/python3.12/site-packages/airflow/example_dags/tutorial_taskflow_api.py
[2025-03-26T22:18:53.205+0000] {processor.py:925} INFO - DAG(s) 'tutorial_taskflow_api' retrieved from /home/airflow/.local/lib/python3.12/site-packages/airflow/example_dags/tutorial_taskflow_api.py
[2025-03-26T22:18:53.219+0000] {logging_mixin.py:190} INFO - [2025-03-26T22:18:53.219+0000] {dag.py:3239} INFO - Sync 1 DAGs
[2025-03-26T22:18:53.227+0000] {logging_mixin.py:190} INFO - [2025-03-26T22:18:53.227+0000] {dag.py:4180} INFO - Setting next_dagrun for tutorial_taskflow_api to None, run_after=None
[2025-03-26T22:18:53.237+0000] {processor.py:208} INFO - Processing /home/airflow/.local/lib/python3.12/site-packages/airflow/example_dags/tutorial_taskflow_api.py took 0.043 seconds
[2025-03-26T22:41:19.740+0000] {processor.py:186} INFO - Started process (PID=13774) to work on /home/airflow/.local/lib/python3.12/site-packages/airflow/example_dags/tutorial_taskflow_api.py
[2025-03-26T22:41:19.742+0000] {processor.py:914} INFO - Processing file /home/airflow/.local/lib/python3.12/site-packages/airflow/example_dags/tutorial_taskflow_api.py for tasks to queue
[2025-03-26T22:41:19.744+0000] {logging_mixin.py:190} INFO - [2025-03-26T22:41:19.744+0000] {dagbag.py:588} INFO - Filling up the DagBag from /home/airflow/.local/lib/python3.12/site-packages/airflow/example_dags/tutorial_taskflow_api.py
[2025-03-26T22:41:19.749+0000] {processor.py:925} INFO - DAG(s) 'tutorial_taskflow_api' retrieved from /home/airflow/.local/lib/python3.12/site-packages/airflow/example_dags/tutorial_taskflow_api.py
[2025-03-26T22:41:19.772+0000] {logging_mixin.py:190} INFO - [2025-03-26T22:41:19.771+0000] {dag.py:3239} INFO - Sync 1 DAGs
[2025-03-26T22:41:19.794+0000] {logging_mixin.py:190} INFO - [2025-03-26T22:41:19.794+0000] {dag.py:4180} INFO - Setting next_dagrun for tutorial_taskflow_api to None, run_after=None
[2025-03-26T22:41:19.849+0000] {processor.py:208} INFO - Processing /home/airflow/.local/lib/python3.12/site-packages/airflow/example_dags/tutorial_taskflow_api.py took 0.114 seconds
[2025-03-26T22:41:50.968+0000] {processor.py:186} INFO - Started process (PID=13836) to work on /home/airflow/.local/lib/python3.12/site-packages/airflow/example_dags/tutorial_taskflow_api.py
[2025-03-26T22:41:50.969+0000] {processor.py:914} INFO - Processing file /home/airflow/.local/lib/python3.12/site-packages/airflow/example_dags/tutorial_taskflow_api.py for tasks to queue
[2025-03-26T22:41:50.970+0000] {logging_mixin.py:190} INFO - [2025-03-26T22:41:50.970+0000] {dagbag.py:588} INFO - Filling up the DagBag from /home/airflow/.local/lib/python3.12/site-packages/airflow/example_dags/tutorial_taskflow_api.py
[2025-03-26T22:41:50.976+0000] {processor.py:925} INFO - DAG(s) 'tutorial_taskflow_api' retrieved from /home/airflow/.local/lib/python3.12/site-packages/airflow/example_dags/tutorial_taskflow_api.py
[2025-03-26T22:41:50.993+0000] {logging_mixin.py:190} INFO - [2025-03-26T22:41:50.993+0000] {dag.py:3239} INFO - Sync 1 DAGs
[2025-03-26T22:41:51.001+0000] {logging_mixin.py:190} INFO - [2025-03-26T22:41:51.000+0000] {dag.py:4180} INFO - Setting next_dagrun for tutorial_taskflow_api to None, run_after=None
[2025-03-26T22:41:51.010+0000] {processor.py:208} INFO - Processing /home/airflow/.local/lib/python3.12/site-packages/airflow/example_dags/tutorial_taskflow_api.py took 0.048 seconds
[2025-03-26T22:46:18.741+0000] {processor.py:186} INFO - Started process (PID=13898) to work on /home/airflow/.local/lib/python3.12/site-packages/airflow/example_dags/tutorial_taskflow_api.py
[2025-03-26T22:46:18.742+0000] {processor.py:914} INFO - Processing file /home/airflow/.local/lib/python3.12/site-packages/airflow/example_dags/tutorial_taskflow_api.py for tasks to queue
[2025-03-26T22:46:18.744+0000] {logging_mixin.py:190} INFO - [2025-03-26T22:46:18.743+0000] {dagbag.py:588} INFO - Filling up the DagBag from /home/airflow/.local/lib/python3.12/site-packages/airflow/example_dags/tutorial_taskflow_api.py
[2025-03-26T22:46:18.749+0000] {processor.py:925} INFO - DAG(s) 'tutorial_taskflow_api' retrieved from /home/airflow/.local/lib/python3.12/site-packages/airflow/example_dags/tutorial_taskflow_api.py
[2025-03-26T22:46:18.767+0000] {logging_mixin.py:190} INFO - [2025-03-26T22:46:18.767+0000] {dag.py:3239} INFO - Sync 1 DAGs
[2025-03-26T22:46:18.778+0000] {logging_mixin.py:190} INFO - [2025-03-26T22:46:18.778+0000] {dag.py:4180} INFO - Setting next_dagrun for tutorial_taskflow_api to None, run_after=None
[2025-03-26T22:46:18.791+0000] {processor.py:208} INFO - Processing /home/airflow/.local/lib/python3.12/site-packages/airflow/example_dags/tutorial_taskflow_api.py took 0.053 seconds
[2025-03-26T23:19:44.204+0000] {processor.py:186} INFO - Started process (PID=13960) to work on /home/airflow/.local/lib/python3.12/site-packages/airflow/example_dags/tutorial_taskflow_api.py
[2025-03-26T23:19:44.205+0000] {processor.py:914} INFO - Processing file /home/airflow/.local/lib/python3.12/site-packages/airflow/example_dags/tutorial_taskflow_api.py for tasks to queue
[2025-03-26T23:19:44.207+0000] {logging_mixin.py:190} INFO - [2025-03-26T23:19:44.207+0000] {dagbag.py:588} INFO - Filling up the DagBag from /home/airflow/.local/lib/python3.12/site-packages/airflow/example_dags/tutorial_taskflow_api.py
[2025-03-26T23:19:44.212+0000] {processor.py:925} INFO - DAG(s) 'tutorial_taskflow_api' retrieved from /home/airflow/.local/lib/python3.12/site-packages/airflow/example_dags/tutorial_taskflow_api.py
[2025-03-26T23:19:44.225+0000] {logging_mixin.py:190} INFO - [2025-03-26T23:19:44.225+0000] {dag.py:3239} INFO - Sync 1 DAGs
[2025-03-26T23:19:44.232+0000] {logging_mixin.py:190} INFO - [2025-03-26T23:19:44.231+0000] {dag.py:4180} INFO - Setting next_dagrun for tutorial_taskflow_api to None, run_after=None
[2025-03-26T23:19:44.242+0000] {processor.py:208} INFO - Processing /home/airflow/.local/lib/python3.12/site-packages/airflow/example_dags/tutorial_taskflow_api.py took 0.041 seconds
[2025-03-26T23:38:06.349+0000] {processor.py:186} INFO - Started process (PID=14022) to work on /home/airflow/.local/lib/python3.12/site-packages/airflow/example_dags/tutorial_taskflow_api.py
[2025-03-26T23:38:06.352+0000] {processor.py:914} INFO - Processing file /home/airflow/.local/lib/python3.12/site-packages/airflow/example_dags/tutorial_taskflow_api.py for tasks to queue
[2025-03-26T23:38:06.358+0000] {logging_mixin.py:190} INFO - [2025-03-26T23:38:06.357+0000] {dagbag.py:588} INFO - Filling up the DagBag from /home/airflow/.local/lib/python3.12/site-packages/airflow/example_dags/tutorial_taskflow_api.py
[2025-03-26T23:38:06.364+0000] {processor.py:925} INFO - DAG(s) 'tutorial_taskflow_api' retrieved from /home/airflow/.local/lib/python3.12/site-packages/airflow/example_dags/tutorial_taskflow_api.py
[2025-03-26T23:38:06.387+0000] {logging_mixin.py:190} INFO - [2025-03-26T23:38:06.386+0000] {dag.py:3239} INFO - Sync 1 DAGs
[2025-03-26T23:38:06.397+0000] {logging_mixin.py:190} INFO - [2025-03-26T23:38:06.397+0000] {dag.py:4180} INFO - Setting next_dagrun for tutorial_taskflow_api to None, run_after=None
[2025-03-26T23:38:06.410+0000] {processor.py:208} INFO - Processing /home/airflow/.local/lib/python3.12/site-packages/airflow/example_dags/tutorial_taskflow_api.py took 0.067 seconds
[2025-03-26T23:55:13.735+0000] {processor.py:186} INFO - Started process (PID=14084) to work on /home/airflow/.local/lib/python3.12/site-packages/airflow/example_dags/tutorial_taskflow_api.py
[2025-03-26T23:55:13.736+0000] {processor.py:914} INFO - Processing file /home/airflow/.local/lib/python3.12/site-packages/airflow/example_dags/tutorial_taskflow_api.py for tasks to queue
[2025-03-26T23:55:13.738+0000] {logging_mixin.py:190} INFO - [2025-03-26T23:55:13.738+0000] {dagbag.py:588} INFO - Filling up the DagBag from /home/airflow/.local/lib/python3.12/site-packages/airflow/example_dags/tutorial_taskflow_api.py
[2025-03-26T23:55:13.743+0000] {processor.py:925} INFO - DAG(s) 'tutorial_taskflow_api' retrieved from /home/airflow/.local/lib/python3.12/site-packages/airflow/example_dags/tutorial_taskflow_api.py
[2025-03-26T23:55:13.753+0000] {logging_mixin.py:190} INFO - [2025-03-26T23:55:13.753+0000] {dag.py:3239} INFO - Sync 1 DAGs
[2025-03-26T23:55:13.761+0000] {logging_mixin.py:190} INFO - [2025-03-26T23:55:13.761+0000] {dag.py:4180} INFO - Setting next_dagrun for tutorial_taskflow_api to None, run_after=None
[2025-03-26T23:55:13.770+0000] {processor.py:208} INFO - Processing /home/airflow/.local/lib/python3.12/site-packages/airflow/example_dags/tutorial_taskflow_api.py took 0.039 seconds
