[2025-07-15T14:40:37.279+0000] {processor.py:186} INFO - Started process (PID=58) to work on /home/airflow/.local/lib/python3.12/site-packages/airflow/example_dags/example_dynamic_task_mapping.py
[2025-07-15T14:40:37.281+0000] {processor.py:914} INFO - Processing file /home/airflow/.local/lib/python3.12/site-packages/airflow/example_dags/example_dynamic_task_mapping.py for tasks to queue
[2025-07-15T14:40:37.311+0000] {logging_mixin.py:190} INFO - [2025-07-15T14:40:37.310+0000] {dagbag.py:588} INFO - Filling up the DagBag from /home/airflow/.local/lib/python3.12/site-packages/airflow/example_dags/example_dynamic_task_mapping.py
[2025-07-15T14:40:37.350+0000] {processor.py:925} INFO - DAG(s) 'example_dynamic_task_mapping' retrieved from /home/airflow/.local/lib/python3.12/site-packages/airflow/example_dags/example_dynamic_task_mapping.py
[2025-07-15T14:40:37.427+0000] {logging_mixin.py:190} INFO - [2025-07-15T14:40:37.426+0000] {dag.py:3239} INFO - Sync 1 DAGs
[2025-07-15T14:40:37.480+0000] {logging_mixin.py:190} INFO - [2025-07-15T14:40:37.479+0000] {dag.py:4180} INFO - Setting next_dagrun for example_dynamic_task_mapping to None, run_after=None
[2025-07-15T14:40:37.640+0000] {processor.py:208} INFO - Processing /home/airflow/.local/lib/python3.12/site-packages/airflow/example_dags/example_dynamic_task_mapping.py took 0.375 seconds
[2025-07-15T14:41:08.646+0000] {processor.py:186} INFO - Started process (PID=120) to work on /home/airflow/.local/lib/python3.12/site-packages/airflow/example_dags/example_dynamic_task_mapping.py
[2025-07-15T14:41:08.648+0000] {processor.py:914} INFO - Processing file /home/airflow/.local/lib/python3.12/site-packages/airflow/example_dags/example_dynamic_task_mapping.py for tasks to queue
[2025-07-15T14:41:08.655+0000] {logging_mixin.py:190} INFO - [2025-07-15T14:41:08.654+0000] {dagbag.py:588} INFO - Filling up the DagBag from /home/airflow/.local/lib/python3.12/site-packages/airflow/example_dags/example_dynamic_task_mapping.py
[2025-07-15T14:41:08.677+0000] {processor.py:925} INFO - DAG(s) 'example_dynamic_task_mapping' retrieved from /home/airflow/.local/lib/python3.12/site-packages/airflow/example_dags/example_dynamic_task_mapping.py
[2025-07-15T14:41:08.709+0000] {logging_mixin.py:190} INFO - [2025-07-15T14:41:08.708+0000] {dag.py:3239} INFO - Sync 1 DAGs
[2025-07-15T14:41:08.725+0000] {logging_mixin.py:190} INFO - [2025-07-15T14:41:08.725+0000] {dag.py:4180} INFO - Setting next_dagrun for example_dynamic_task_mapping to None, run_after=None
[2025-07-15T14:41:08.744+0000] {processor.py:208} INFO - Processing /home/airflow/.local/lib/python3.12/site-packages/airflow/example_dags/example_dynamic_task_mapping.py took 0.107 seconds
[2025-07-15T14:41:39.799+0000] {processor.py:186} INFO - Started process (PID=182) to work on /home/airflow/.local/lib/python3.12/site-packages/airflow/example_dags/example_dynamic_task_mapping.py
[2025-07-15T14:41:39.804+0000] {processor.py:914} INFO - Processing file /home/airflow/.local/lib/python3.12/site-packages/airflow/example_dags/example_dynamic_task_mapping.py for tasks to queue
[2025-07-15T14:41:39.815+0000] {logging_mixin.py:190} INFO - [2025-07-15T14:41:39.813+0000] {dagbag.py:588} INFO - Filling up the DagBag from /home/airflow/.local/lib/python3.12/site-packages/airflow/example_dags/example_dynamic_task_mapping.py
[2025-07-15T14:41:39.849+0000] {processor.py:925} INFO - DAG(s) 'example_dynamic_task_mapping' retrieved from /home/airflow/.local/lib/python3.12/site-packages/airflow/example_dags/example_dynamic_task_mapping.py
[2025-07-15T14:41:39.902+0000] {logging_mixin.py:190} INFO - [2025-07-15T14:41:39.901+0000] {dag.py:3239} INFO - Sync 1 DAGs
[2025-07-15T14:41:39.926+0000] {logging_mixin.py:190} INFO - [2025-07-15T14:41:39.925+0000] {dag.py:4180} INFO - Setting next_dagrun for example_dynamic_task_mapping to None, run_after=None
[2025-07-15T14:41:39.964+0000] {processor.py:208} INFO - Processing /home/airflow/.local/lib/python3.12/site-packages/airflow/example_dags/example_dynamic_task_mapping.py took 0.189 seconds
[2025-07-15T14:42:10.793+0000] {processor.py:186} INFO - Started process (PID=245) to work on /home/airflow/.local/lib/python3.12/site-packages/airflow/example_dags/example_dynamic_task_mapping.py
[2025-07-15T14:42:10.795+0000] {processor.py:914} INFO - Processing file /home/airflow/.local/lib/python3.12/site-packages/airflow/example_dags/example_dynamic_task_mapping.py for tasks to queue
[2025-07-15T14:42:10.798+0000] {logging_mixin.py:190} INFO - [2025-07-15T14:42:10.797+0000] {dagbag.py:588} INFO - Filling up the DagBag from /home/airflow/.local/lib/python3.12/site-packages/airflow/example_dags/example_dynamic_task_mapping.py
[2025-07-15T14:42:10.806+0000] {processor.py:925} INFO - DAG(s) 'example_dynamic_task_mapping' retrieved from /home/airflow/.local/lib/python3.12/site-packages/airflow/example_dags/example_dynamic_task_mapping.py
[2025-07-15T14:42:10.828+0000] {logging_mixin.py:190} INFO - [2025-07-15T14:42:10.828+0000] {dag.py:3239} INFO - Sync 1 DAGs
[2025-07-15T14:42:10.840+0000] {logging_mixin.py:190} INFO - [2025-07-15T14:42:10.839+0000] {dag.py:4180} INFO - Setting next_dagrun for example_dynamic_task_mapping to None, run_after=None
[2025-07-15T14:42:10.856+0000] {processor.py:208} INFO - Processing /home/airflow/.local/lib/python3.12/site-packages/airflow/example_dags/example_dynamic_task_mapping.py took 0.070 seconds
[2025-07-15T14:42:41.709+0000] {processor.py:186} INFO - Started process (PID=312) to work on /home/airflow/.local/lib/python3.12/site-packages/airflow/example_dags/example_dynamic_task_mapping.py
[2025-07-15T14:42:41.710+0000] {processor.py:914} INFO - Processing file /home/airflow/.local/lib/python3.12/site-packages/airflow/example_dags/example_dynamic_task_mapping.py for tasks to queue
[2025-07-15T14:42:41.712+0000] {logging_mixin.py:190} INFO - [2025-07-15T14:42:41.712+0000] {dagbag.py:588} INFO - Filling up the DagBag from /home/airflow/.local/lib/python3.12/site-packages/airflow/example_dags/example_dynamic_task_mapping.py
[2025-07-15T14:42:41.717+0000] {processor.py:925} INFO - DAG(s) 'example_dynamic_task_mapping' retrieved from /home/airflow/.local/lib/python3.12/site-packages/airflow/example_dags/example_dynamic_task_mapping.py
[2025-07-15T14:42:41.735+0000] {logging_mixin.py:190} INFO - [2025-07-15T14:42:41.734+0000] {dag.py:3239} INFO - Sync 1 DAGs
[2025-07-15T14:42:41.746+0000] {logging_mixin.py:190} INFO - [2025-07-15T14:42:41.746+0000] {dag.py:4180} INFO - Setting next_dagrun for example_dynamic_task_mapping to None, run_after=None
[2025-07-15T14:42:41.758+0000] {processor.py:208} INFO - Processing /home/airflow/.local/lib/python3.12/site-packages/airflow/example_dags/example_dynamic_task_mapping.py took 0.056 seconds
[2025-07-15T14:43:12.643+0000] {processor.py:186} INFO - Started process (PID=374) to work on /home/airflow/.local/lib/python3.12/site-packages/airflow/example_dags/example_dynamic_task_mapping.py
[2025-07-15T14:43:12.646+0000] {processor.py:914} INFO - Processing file /home/airflow/.local/lib/python3.12/site-packages/airflow/example_dags/example_dynamic_task_mapping.py for tasks to queue
[2025-07-15T14:43:12.649+0000] {logging_mixin.py:190} INFO - [2025-07-15T14:43:12.649+0000] {dagbag.py:588} INFO - Filling up the DagBag from /home/airflow/.local/lib/python3.12/site-packages/airflow/example_dags/example_dynamic_task_mapping.py
[2025-07-15T14:43:12.661+0000] {processor.py:925} INFO - DAG(s) 'example_dynamic_task_mapping' retrieved from /home/airflow/.local/lib/python3.12/site-packages/airflow/example_dags/example_dynamic_task_mapping.py
[2025-07-15T14:43:12.690+0000] {logging_mixin.py:190} INFO - [2025-07-15T14:43:12.690+0000] {dag.py:3239} INFO - Sync 1 DAGs
[2025-07-15T14:43:12.702+0000] {logging_mixin.py:190} INFO - [2025-07-15T14:43:12.702+0000] {dag.py:4180} INFO - Setting next_dagrun for example_dynamic_task_mapping to None, run_after=None
[2025-07-15T14:43:12.718+0000] {processor.py:208} INFO - Processing /home/airflow/.local/lib/python3.12/site-packages/airflow/example_dags/example_dynamic_task_mapping.py took 0.085 seconds
[2025-07-15T14:43:43.673+0000] {processor.py:186} INFO - Started process (PID=436) to work on /home/airflow/.local/lib/python3.12/site-packages/airflow/example_dags/example_dynamic_task_mapping.py
[2025-07-15T14:43:43.678+0000] {processor.py:914} INFO - Processing file /home/airflow/.local/lib/python3.12/site-packages/airflow/example_dags/example_dynamic_task_mapping.py for tasks to queue
[2025-07-15T14:43:43.680+0000] {logging_mixin.py:190} INFO - [2025-07-15T14:43:43.680+0000] {dagbag.py:588} INFO - Filling up the DagBag from /home/airflow/.local/lib/python3.12/site-packages/airflow/example_dags/example_dynamic_task_mapping.py
[2025-07-15T14:43:43.688+0000] {processor.py:925} INFO - DAG(s) 'example_dynamic_task_mapping' retrieved from /home/airflow/.local/lib/python3.12/site-packages/airflow/example_dags/example_dynamic_task_mapping.py
[2025-07-15T14:43:43.709+0000] {logging_mixin.py:190} INFO - [2025-07-15T14:43:43.709+0000] {dag.py:3239} INFO - Sync 1 DAGs
[2025-07-15T14:43:43.719+0000] {logging_mixin.py:190} INFO - [2025-07-15T14:43:43.719+0000] {dag.py:4180} INFO - Setting next_dagrun for example_dynamic_task_mapping to None, run_after=None
[2025-07-15T14:43:43.731+0000] {processor.py:208} INFO - Processing /home/airflow/.local/lib/python3.12/site-packages/airflow/example_dags/example_dynamic_task_mapping.py took 0.064 seconds
[2025-07-15T14:44:14.729+0000] {processor.py:186} INFO - Started process (PID=498) to work on /home/airflow/.local/lib/python3.12/site-packages/airflow/example_dags/example_dynamic_task_mapping.py
[2025-07-15T14:44:14.735+0000] {processor.py:914} INFO - Processing file /home/airflow/.local/lib/python3.12/site-packages/airflow/example_dags/example_dynamic_task_mapping.py for tasks to queue
[2025-07-15T14:44:14.737+0000] {logging_mixin.py:190} INFO - [2025-07-15T14:44:14.737+0000] {dagbag.py:588} INFO - Filling up the DagBag from /home/airflow/.local/lib/python3.12/site-packages/airflow/example_dags/example_dynamic_task_mapping.py
[2025-07-15T14:44:14.746+0000] {processor.py:925} INFO - DAG(s) 'example_dynamic_task_mapping' retrieved from /home/airflow/.local/lib/python3.12/site-packages/airflow/example_dags/example_dynamic_task_mapping.py
[2025-07-15T14:44:14.765+0000] {logging_mixin.py:190} INFO - [2025-07-15T14:44:14.765+0000] {dag.py:3239} INFO - Sync 1 DAGs
[2025-07-15T14:44:14.781+0000] {logging_mixin.py:190} INFO - [2025-07-15T14:44:14.781+0000] {dag.py:4180} INFO - Setting next_dagrun for example_dynamic_task_mapping to None, run_after=None
[2025-07-15T14:44:14.794+0000] {processor.py:208} INFO - Processing /home/airflow/.local/lib/python3.12/site-packages/airflow/example_dags/example_dynamic_task_mapping.py took 0.074 seconds
[2025-07-15T14:44:45.372+0000] {processor.py:186} INFO - Started process (PID=560) to work on /home/airflow/.local/lib/python3.12/site-packages/airflow/example_dags/example_dynamic_task_mapping.py
[2025-07-15T14:44:45.373+0000] {processor.py:914} INFO - Processing file /home/airflow/.local/lib/python3.12/site-packages/airflow/example_dags/example_dynamic_task_mapping.py for tasks to queue
[2025-07-15T14:44:45.377+0000] {logging_mixin.py:190} INFO - [2025-07-15T14:44:45.377+0000] {dagbag.py:588} INFO - Filling up the DagBag from /home/airflow/.local/lib/python3.12/site-packages/airflow/example_dags/example_dynamic_task_mapping.py
[2025-07-15T14:44:45.386+0000] {processor.py:925} INFO - DAG(s) 'example_dynamic_task_mapping' retrieved from /home/airflow/.local/lib/python3.12/site-packages/airflow/example_dags/example_dynamic_task_mapping.py
[2025-07-15T14:44:45.411+0000] {logging_mixin.py:190} INFO - [2025-07-15T14:44:45.411+0000] {dag.py:3239} INFO - Sync 1 DAGs
[2025-07-15T14:44:45.420+0000] {logging_mixin.py:190} INFO - [2025-07-15T14:44:45.420+0000] {dag.py:4180} INFO - Setting next_dagrun for example_dynamic_task_mapping to None, run_after=None
[2025-07-15T14:44:45.435+0000] {processor.py:208} INFO - Processing /home/airflow/.local/lib/python3.12/site-packages/airflow/example_dags/example_dynamic_task_mapping.py took 0.070 seconds
[2025-07-15T14:45:16.033+0000] {processor.py:186} INFO - Started process (PID=622) to work on /home/airflow/.local/lib/python3.12/site-packages/airflow/example_dags/example_dynamic_task_mapping.py
[2025-07-15T14:45:16.035+0000] {processor.py:914} INFO - Processing file /home/airflow/.local/lib/python3.12/site-packages/airflow/example_dags/example_dynamic_task_mapping.py for tasks to queue
[2025-07-15T14:45:16.038+0000] {logging_mixin.py:190} INFO - [2025-07-15T14:45:16.037+0000] {dagbag.py:588} INFO - Filling up the DagBag from /home/airflow/.local/lib/python3.12/site-packages/airflow/example_dags/example_dynamic_task_mapping.py
[2025-07-15T14:45:16.049+0000] {processor.py:925} INFO - DAG(s) 'example_dynamic_task_mapping' retrieved from /home/airflow/.local/lib/python3.12/site-packages/airflow/example_dags/example_dynamic_task_mapping.py
[2025-07-15T14:45:16.068+0000] {logging_mixin.py:190} INFO - [2025-07-15T14:45:16.068+0000] {dag.py:3239} INFO - Sync 1 DAGs
[2025-07-15T14:45:16.076+0000] {logging_mixin.py:190} INFO - [2025-07-15T14:45:16.076+0000] {dag.py:4180} INFO - Setting next_dagrun for example_dynamic_task_mapping to None, run_after=None
[2025-07-15T14:45:16.087+0000] {processor.py:208} INFO - Processing /home/airflow/.local/lib/python3.12/site-packages/airflow/example_dags/example_dynamic_task_mapping.py took 0.067 seconds
[2025-07-15T14:45:46.547+0000] {processor.py:186} INFO - Started process (PID=684) to work on /home/airflow/.local/lib/python3.12/site-packages/airflow/example_dags/example_dynamic_task_mapping.py
[2025-07-15T14:45:46.549+0000] {processor.py:914} INFO - Processing file /home/airflow/.local/lib/python3.12/site-packages/airflow/example_dags/example_dynamic_task_mapping.py for tasks to queue
[2025-07-15T14:45:46.551+0000] {logging_mixin.py:190} INFO - [2025-07-15T14:45:46.551+0000] {dagbag.py:588} INFO - Filling up the DagBag from /home/airflow/.local/lib/python3.12/site-packages/airflow/example_dags/example_dynamic_task_mapping.py
[2025-07-15T14:45:46.562+0000] {processor.py:925} INFO - DAG(s) 'example_dynamic_task_mapping' retrieved from /home/airflow/.local/lib/python3.12/site-packages/airflow/example_dags/example_dynamic_task_mapping.py
[2025-07-15T14:45:46.584+0000] {logging_mixin.py:190} INFO - [2025-07-15T14:45:46.584+0000] {dag.py:3239} INFO - Sync 1 DAGs
[2025-07-15T14:45:46.593+0000] {logging_mixin.py:190} INFO - [2025-07-15T14:45:46.593+0000] {dag.py:4180} INFO - Setting next_dagrun for example_dynamic_task_mapping to None, run_after=None
[2025-07-15T14:45:46.603+0000] {processor.py:208} INFO - Processing /home/airflow/.local/lib/python3.12/site-packages/airflow/example_dags/example_dynamic_task_mapping.py took 0.063 seconds
[2025-07-15T14:46:17.251+0000] {processor.py:186} INFO - Started process (PID=746) to work on /home/airflow/.local/lib/python3.12/site-packages/airflow/example_dags/example_dynamic_task_mapping.py
[2025-07-15T14:46:17.252+0000] {processor.py:914} INFO - Processing file /home/airflow/.local/lib/python3.12/site-packages/airflow/example_dags/example_dynamic_task_mapping.py for tasks to queue
[2025-07-15T14:46:17.254+0000] {logging_mixin.py:190} INFO - [2025-07-15T14:46:17.253+0000] {dagbag.py:588} INFO - Filling up the DagBag from /home/airflow/.local/lib/python3.12/site-packages/airflow/example_dags/example_dynamic_task_mapping.py
[2025-07-15T14:46:17.262+0000] {processor.py:925} INFO - DAG(s) 'example_dynamic_task_mapping' retrieved from /home/airflow/.local/lib/python3.12/site-packages/airflow/example_dags/example_dynamic_task_mapping.py
[2025-07-15T14:46:17.283+0000] {logging_mixin.py:190} INFO - [2025-07-15T14:46:17.282+0000] {dag.py:3239} INFO - Sync 1 DAGs
[2025-07-15T14:46:17.293+0000] {logging_mixin.py:190} INFO - [2025-07-15T14:46:17.292+0000] {dag.py:4180} INFO - Setting next_dagrun for example_dynamic_task_mapping to None, run_after=None
[2025-07-15T14:46:17.309+0000] {processor.py:208} INFO - Processing /home/airflow/.local/lib/python3.12/site-packages/airflow/example_dags/example_dynamic_task_mapping.py took 0.063 seconds
[2025-07-15T14:46:48.065+0000] {processor.py:186} INFO - Started process (PID=808) to work on /home/airflow/.local/lib/python3.12/site-packages/airflow/example_dags/example_dynamic_task_mapping.py
[2025-07-15T14:46:48.067+0000] {processor.py:914} INFO - Processing file /home/airflow/.local/lib/python3.12/site-packages/airflow/example_dags/example_dynamic_task_mapping.py for tasks to queue
[2025-07-15T14:46:48.070+0000] {logging_mixin.py:190} INFO - [2025-07-15T14:46:48.069+0000] {dagbag.py:588} INFO - Filling up the DagBag from /home/airflow/.local/lib/python3.12/site-packages/airflow/example_dags/example_dynamic_task_mapping.py
[2025-07-15T14:46:48.078+0000] {processor.py:925} INFO - DAG(s) 'example_dynamic_task_mapping' retrieved from /home/airflow/.local/lib/python3.12/site-packages/airflow/example_dags/example_dynamic_task_mapping.py
[2025-07-15T14:46:48.097+0000] {logging_mixin.py:190} INFO - [2025-07-15T14:46:48.097+0000] {dag.py:3239} INFO - Sync 1 DAGs
[2025-07-15T14:46:48.106+0000] {logging_mixin.py:190} INFO - [2025-07-15T14:46:48.106+0000] {dag.py:4180} INFO - Setting next_dagrun for example_dynamic_task_mapping to None, run_after=None
[2025-07-15T14:46:48.117+0000] {processor.py:208} INFO - Processing /home/airflow/.local/lib/python3.12/site-packages/airflow/example_dags/example_dynamic_task_mapping.py took 0.066 seconds
[2025-07-15T14:47:18.150+0000] {processor.py:186} INFO - Started process (PID=870) to work on /home/airflow/.local/lib/python3.12/site-packages/airflow/example_dags/example_dynamic_task_mapping.py
[2025-07-15T14:47:18.151+0000] {processor.py:914} INFO - Processing file /home/airflow/.local/lib/python3.12/site-packages/airflow/example_dags/example_dynamic_task_mapping.py for tasks to queue
[2025-07-15T14:47:18.153+0000] {logging_mixin.py:190} INFO - [2025-07-15T14:47:18.152+0000] {dagbag.py:588} INFO - Filling up the DagBag from /home/airflow/.local/lib/python3.12/site-packages/airflow/example_dags/example_dynamic_task_mapping.py
[2025-07-15T14:47:18.158+0000] {processor.py:925} INFO - DAG(s) 'example_dynamic_task_mapping' retrieved from /home/airflow/.local/lib/python3.12/site-packages/airflow/example_dags/example_dynamic_task_mapping.py
[2025-07-15T14:47:18.169+0000] {logging_mixin.py:190} INFO - [2025-07-15T14:47:18.169+0000] {dag.py:3239} INFO - Sync 1 DAGs
[2025-07-15T14:47:18.180+0000] {logging_mixin.py:190} INFO - [2025-07-15T14:47:18.179+0000] {dag.py:4180} INFO - Setting next_dagrun for example_dynamic_task_mapping to None, run_after=None
[2025-07-15T14:47:18.196+0000] {processor.py:208} INFO - Processing /home/airflow/.local/lib/python3.12/site-packages/airflow/example_dags/example_dynamic_task_mapping.py took 0.048 seconds
[2025-07-15T14:47:49.235+0000] {processor.py:186} INFO - Started process (PID=932) to work on /home/airflow/.local/lib/python3.12/site-packages/airflow/example_dags/example_dynamic_task_mapping.py
[2025-07-15T14:47:49.235+0000] {processor.py:914} INFO - Processing file /home/airflow/.local/lib/python3.12/site-packages/airflow/example_dags/example_dynamic_task_mapping.py for tasks to queue
[2025-07-15T14:47:49.237+0000] {logging_mixin.py:190} INFO - [2025-07-15T14:47:49.237+0000] {dagbag.py:588} INFO - Filling up the DagBag from /home/airflow/.local/lib/python3.12/site-packages/airflow/example_dags/example_dynamic_task_mapping.py
[2025-07-15T14:47:49.242+0000] {processor.py:925} INFO - DAG(s) 'example_dynamic_task_mapping' retrieved from /home/airflow/.local/lib/python3.12/site-packages/airflow/example_dags/example_dynamic_task_mapping.py
[2025-07-15T14:47:49.261+0000] {logging_mixin.py:190} INFO - [2025-07-15T14:47:49.261+0000] {dag.py:3239} INFO - Sync 1 DAGs
[2025-07-15T14:47:49.269+0000] {logging_mixin.py:190} INFO - [2025-07-15T14:47:49.269+0000] {dag.py:4180} INFO - Setting next_dagrun for example_dynamic_task_mapping to None, run_after=None
[2025-07-15T14:47:49.287+0000] {processor.py:208} INFO - Processing /home/airflow/.local/lib/python3.12/site-packages/airflow/example_dags/example_dynamic_task_mapping.py took 0.055 seconds
[2025-07-15T14:48:19.976+0000] {processor.py:186} INFO - Started process (PID=994) to work on /home/airflow/.local/lib/python3.12/site-packages/airflow/example_dags/example_dynamic_task_mapping.py
[2025-07-15T14:48:19.977+0000] {processor.py:914} INFO - Processing file /home/airflow/.local/lib/python3.12/site-packages/airflow/example_dags/example_dynamic_task_mapping.py for tasks to queue
[2025-07-15T14:48:19.978+0000] {logging_mixin.py:190} INFO - [2025-07-15T14:48:19.978+0000] {dagbag.py:588} INFO - Filling up the DagBag from /home/airflow/.local/lib/python3.12/site-packages/airflow/example_dags/example_dynamic_task_mapping.py
[2025-07-15T14:48:19.986+0000] {processor.py:925} INFO - DAG(s) 'example_dynamic_task_mapping' retrieved from /home/airflow/.local/lib/python3.12/site-packages/airflow/example_dags/example_dynamic_task_mapping.py
[2025-07-15T14:48:20.004+0000] {logging_mixin.py:190} INFO - [2025-07-15T14:48:20.003+0000] {dag.py:3239} INFO - Sync 1 DAGs
[2025-07-15T14:48:20.011+0000] {logging_mixin.py:190} INFO - [2025-07-15T14:48:20.011+0000] {dag.py:4180} INFO - Setting next_dagrun for example_dynamic_task_mapping to None, run_after=None
[2025-07-15T14:48:20.024+0000] {processor.py:208} INFO - Processing /home/airflow/.local/lib/python3.12/site-packages/airflow/example_dags/example_dynamic_task_mapping.py took 0.051 seconds
[2025-07-15T14:48:50.363+0000] {processor.py:186} INFO - Started process (PID=1056) to work on /home/airflow/.local/lib/python3.12/site-packages/airflow/example_dags/example_dynamic_task_mapping.py
[2025-07-15T14:48:50.366+0000] {processor.py:914} INFO - Processing file /home/airflow/.local/lib/python3.12/site-packages/airflow/example_dags/example_dynamic_task_mapping.py for tasks to queue
[2025-07-15T14:48:50.367+0000] {logging_mixin.py:190} INFO - [2025-07-15T14:48:50.367+0000] {dagbag.py:588} INFO - Filling up the DagBag from /home/airflow/.local/lib/python3.12/site-packages/airflow/example_dags/example_dynamic_task_mapping.py
[2025-07-15T14:48:50.373+0000] {processor.py:925} INFO - DAG(s) 'example_dynamic_task_mapping' retrieved from /home/airflow/.local/lib/python3.12/site-packages/airflow/example_dags/example_dynamic_task_mapping.py
[2025-07-15T14:48:50.389+0000] {logging_mixin.py:190} INFO - [2025-07-15T14:48:50.389+0000] {dag.py:3239} INFO - Sync 1 DAGs
[2025-07-15T14:48:50.397+0000] {logging_mixin.py:190} INFO - [2025-07-15T14:48:50.397+0000] {dag.py:4180} INFO - Setting next_dagrun for example_dynamic_task_mapping to None, run_after=None
[2025-07-15T14:48:50.413+0000] {processor.py:208} INFO - Processing /home/airflow/.local/lib/python3.12/site-packages/airflow/example_dags/example_dynamic_task_mapping.py took 0.057 seconds
[2025-07-15T14:49:20.912+0000] {processor.py:186} INFO - Started process (PID=1118) to work on /home/airflow/.local/lib/python3.12/site-packages/airflow/example_dags/example_dynamic_task_mapping.py
[2025-07-15T14:49:20.913+0000] {processor.py:914} INFO - Processing file /home/airflow/.local/lib/python3.12/site-packages/airflow/example_dags/example_dynamic_task_mapping.py for tasks to queue
[2025-07-15T14:49:20.914+0000] {logging_mixin.py:190} INFO - [2025-07-15T14:49:20.914+0000] {dagbag.py:588} INFO - Filling up the DagBag from /home/airflow/.local/lib/python3.12/site-packages/airflow/example_dags/example_dynamic_task_mapping.py
[2025-07-15T14:49:20.920+0000] {processor.py:925} INFO - DAG(s) 'example_dynamic_task_mapping' retrieved from /home/airflow/.local/lib/python3.12/site-packages/airflow/example_dags/example_dynamic_task_mapping.py
[2025-07-15T14:49:20.931+0000] {logging_mixin.py:190} INFO - [2025-07-15T14:49:20.930+0000] {dag.py:3239} INFO - Sync 1 DAGs
[2025-07-15T14:49:20.937+0000] {logging_mixin.py:190} INFO - [2025-07-15T14:49:20.937+0000] {dag.py:4180} INFO - Setting next_dagrun for example_dynamic_task_mapping to None, run_after=None
[2025-07-15T14:49:20.945+0000] {processor.py:208} INFO - Processing /home/airflow/.local/lib/python3.12/site-packages/airflow/example_dags/example_dynamic_task_mapping.py took 0.036 seconds
[2025-07-15T14:49:51.732+0000] {processor.py:186} INFO - Started process (PID=1180) to work on /home/airflow/.local/lib/python3.12/site-packages/airflow/example_dags/example_dynamic_task_mapping.py
[2025-07-15T14:49:51.733+0000] {processor.py:914} INFO - Processing file /home/airflow/.local/lib/python3.12/site-packages/airflow/example_dags/example_dynamic_task_mapping.py for tasks to queue
[2025-07-15T14:49:51.734+0000] {logging_mixin.py:190} INFO - [2025-07-15T14:49:51.734+0000] {dagbag.py:588} INFO - Filling up the DagBag from /home/airflow/.local/lib/python3.12/site-packages/airflow/example_dags/example_dynamic_task_mapping.py
[2025-07-15T14:49:51.739+0000] {processor.py:925} INFO - DAG(s) 'example_dynamic_task_mapping' retrieved from /home/airflow/.local/lib/python3.12/site-packages/airflow/example_dags/example_dynamic_task_mapping.py
[2025-07-15T14:49:51.753+0000] {logging_mixin.py:190} INFO - [2025-07-15T14:49:51.752+0000] {dag.py:3239} INFO - Sync 1 DAGs
[2025-07-15T14:49:51.770+0000] {logging_mixin.py:190} INFO - [2025-07-15T14:49:51.769+0000] {dag.py:4180} INFO - Setting next_dagrun for example_dynamic_task_mapping to None, run_after=None
[2025-07-15T14:49:51.786+0000] {processor.py:208} INFO - Processing /home/airflow/.local/lib/python3.12/site-packages/airflow/example_dags/example_dynamic_task_mapping.py took 0.060 seconds
[2025-07-15T14:50:22.759+0000] {processor.py:186} INFO - Started process (PID=1242) to work on /home/airflow/.local/lib/python3.12/site-packages/airflow/example_dags/example_dynamic_task_mapping.py
[2025-07-15T14:50:22.761+0000] {processor.py:914} INFO - Processing file /home/airflow/.local/lib/python3.12/site-packages/airflow/example_dags/example_dynamic_task_mapping.py for tasks to queue
[2025-07-15T14:50:22.762+0000] {logging_mixin.py:190} INFO - [2025-07-15T14:50:22.762+0000] {dagbag.py:588} INFO - Filling up the DagBag from /home/airflow/.local/lib/python3.12/site-packages/airflow/example_dags/example_dynamic_task_mapping.py
[2025-07-15T14:50:22.769+0000] {processor.py:925} INFO - DAG(s) 'example_dynamic_task_mapping' retrieved from /home/airflow/.local/lib/python3.12/site-packages/airflow/example_dags/example_dynamic_task_mapping.py
[2025-07-15T14:50:22.780+0000] {logging_mixin.py:190} INFO - [2025-07-15T14:50:22.780+0000] {dag.py:3239} INFO - Sync 1 DAGs
[2025-07-15T14:50:22.791+0000] {logging_mixin.py:190} INFO - [2025-07-15T14:50:22.791+0000] {dag.py:4180} INFO - Setting next_dagrun for example_dynamic_task_mapping to None, run_after=None
[2025-07-15T14:50:22.805+0000] {processor.py:208} INFO - Processing /home/airflow/.local/lib/python3.12/site-packages/airflow/example_dags/example_dynamic_task_mapping.py took 0.051 seconds
[2025-07-15T14:50:53.338+0000] {processor.py:186} INFO - Started process (PID=1304) to work on /home/airflow/.local/lib/python3.12/site-packages/airflow/example_dags/example_dynamic_task_mapping.py
[2025-07-15T14:50:53.339+0000] {processor.py:914} INFO - Processing file /home/airflow/.local/lib/python3.12/site-packages/airflow/example_dags/example_dynamic_task_mapping.py for tasks to queue
[2025-07-15T14:50:53.340+0000] {logging_mixin.py:190} INFO - [2025-07-15T14:50:53.340+0000] {dagbag.py:588} INFO - Filling up the DagBag from /home/airflow/.local/lib/python3.12/site-packages/airflow/example_dags/example_dynamic_task_mapping.py
[2025-07-15T14:50:53.345+0000] {processor.py:925} INFO - DAG(s) 'example_dynamic_task_mapping' retrieved from /home/airflow/.local/lib/python3.12/site-packages/airflow/example_dags/example_dynamic_task_mapping.py
[2025-07-15T14:50:53.360+0000] {logging_mixin.py:190} INFO - [2025-07-15T14:50:53.359+0000] {dag.py:3239} INFO - Sync 1 DAGs
[2025-07-15T14:50:53.367+0000] {logging_mixin.py:190} INFO - [2025-07-15T14:50:53.367+0000] {dag.py:4180} INFO - Setting next_dagrun for example_dynamic_task_mapping to None, run_after=None
[2025-07-15T14:50:53.376+0000] {processor.py:208} INFO - Processing /home/airflow/.local/lib/python3.12/site-packages/airflow/example_dags/example_dynamic_task_mapping.py took 0.046 seconds
[2025-07-15T14:51:24.349+0000] {processor.py:186} INFO - Started process (PID=1366) to work on /home/airflow/.local/lib/python3.12/site-packages/airflow/example_dags/example_dynamic_task_mapping.py
[2025-07-15T14:51:24.352+0000] {processor.py:914} INFO - Processing file /home/airflow/.local/lib/python3.12/site-packages/airflow/example_dags/example_dynamic_task_mapping.py for tasks to queue
[2025-07-15T14:51:24.354+0000] {logging_mixin.py:190} INFO - [2025-07-15T14:51:24.353+0000] {dagbag.py:588} INFO - Filling up the DagBag from /home/airflow/.local/lib/python3.12/site-packages/airflow/example_dags/example_dynamic_task_mapping.py
[2025-07-15T14:51:24.359+0000] {processor.py:925} INFO - DAG(s) 'example_dynamic_task_mapping' retrieved from /home/airflow/.local/lib/python3.12/site-packages/airflow/example_dags/example_dynamic_task_mapping.py
[2025-07-15T14:51:24.373+0000] {logging_mixin.py:190} INFO - [2025-07-15T14:51:24.373+0000] {dag.py:3239} INFO - Sync 1 DAGs
[2025-07-15T14:51:24.380+0000] {logging_mixin.py:190} INFO - [2025-07-15T14:51:24.380+0000] {dag.py:4180} INFO - Setting next_dagrun for example_dynamic_task_mapping to None, run_after=None
[2025-07-15T14:51:24.392+0000] {processor.py:208} INFO - Processing /home/airflow/.local/lib/python3.12/site-packages/airflow/example_dags/example_dynamic_task_mapping.py took 0.051 seconds
[2025-07-15T14:51:55.249+0000] {processor.py:186} INFO - Started process (PID=1428) to work on /home/airflow/.local/lib/python3.12/site-packages/airflow/example_dags/example_dynamic_task_mapping.py
[2025-07-15T14:51:55.249+0000] {processor.py:914} INFO - Processing file /home/airflow/.local/lib/python3.12/site-packages/airflow/example_dags/example_dynamic_task_mapping.py for tasks to queue
[2025-07-15T14:51:55.250+0000] {logging_mixin.py:190} INFO - [2025-07-15T14:51:55.250+0000] {dagbag.py:588} INFO - Filling up the DagBag from /home/airflow/.local/lib/python3.12/site-packages/airflow/example_dags/example_dynamic_task_mapping.py
[2025-07-15T14:51:55.255+0000] {processor.py:925} INFO - DAG(s) 'example_dynamic_task_mapping' retrieved from /home/airflow/.local/lib/python3.12/site-packages/airflow/example_dags/example_dynamic_task_mapping.py
[2025-07-15T14:51:55.264+0000] {logging_mixin.py:190} INFO - [2025-07-15T14:51:55.264+0000] {dag.py:3239} INFO - Sync 1 DAGs
[2025-07-15T14:51:55.270+0000] {logging_mixin.py:190} INFO - [2025-07-15T14:51:55.270+0000] {dag.py:4180} INFO - Setting next_dagrun for example_dynamic_task_mapping to None, run_after=None
[2025-07-15T14:51:55.278+0000] {processor.py:208} INFO - Processing /home/airflow/.local/lib/python3.12/site-packages/airflow/example_dags/example_dynamic_task_mapping.py took 0.032 seconds
[2025-07-15T14:52:25.494+0000] {processor.py:186} INFO - Started process (PID=1490) to work on /home/airflow/.local/lib/python3.12/site-packages/airflow/example_dags/example_dynamic_task_mapping.py
[2025-07-15T14:52:25.495+0000] {processor.py:914} INFO - Processing file /home/airflow/.local/lib/python3.12/site-packages/airflow/example_dags/example_dynamic_task_mapping.py for tasks to queue
[2025-07-15T14:52:25.497+0000] {logging_mixin.py:190} INFO - [2025-07-15T14:52:25.496+0000] {dagbag.py:588} INFO - Filling up the DagBag from /home/airflow/.local/lib/python3.12/site-packages/airflow/example_dags/example_dynamic_task_mapping.py
[2025-07-15T14:52:25.507+0000] {processor.py:925} INFO - DAG(s) 'example_dynamic_task_mapping' retrieved from /home/airflow/.local/lib/python3.12/site-packages/airflow/example_dags/example_dynamic_task_mapping.py
[2025-07-15T14:52:25.541+0000] {logging_mixin.py:190} INFO - [2025-07-15T14:52:25.540+0000] {dag.py:3239} INFO - Sync 1 DAGs
[2025-07-15T14:52:25.558+0000] {logging_mixin.py:190} INFO - [2025-07-15T14:52:25.557+0000] {dag.py:4180} INFO - Setting next_dagrun for example_dynamic_task_mapping to None, run_after=None
[2025-07-15T14:52:25.581+0000] {processor.py:208} INFO - Processing /home/airflow/.local/lib/python3.12/site-packages/airflow/example_dags/example_dynamic_task_mapping.py took 0.092 seconds
[2025-07-15T15:36:45.064+0000] {processor.py:186} INFO - Started process (PID=54) to work on /home/airflow/.local/lib/python3.12/site-packages/airflow/example_dags/example_dynamic_task_mapping.py
[2025-07-15T15:36:45.066+0000] {processor.py:914} INFO - Processing file /home/airflow/.local/lib/python3.12/site-packages/airflow/example_dags/example_dynamic_task_mapping.py for tasks to queue
[2025-07-15T15:36:45.071+0000] {logging_mixin.py:190} INFO - [2025-07-15T15:36:45.070+0000] {dagbag.py:588} INFO - Filling up the DagBag from /home/airflow/.local/lib/python3.12/site-packages/airflow/example_dags/example_dynamic_task_mapping.py
[2025-07-15T15:36:45.081+0000] {processor.py:925} INFO - DAG(s) 'example_dynamic_task_mapping' retrieved from /home/airflow/.local/lib/python3.12/site-packages/airflow/example_dags/example_dynamic_task_mapping.py
[2025-07-15T15:36:45.116+0000] {logging_mixin.py:190} INFO - [2025-07-15T15:36:45.116+0000] {dag.py:3239} INFO - Sync 1 DAGs
[2025-07-15T15:36:45.126+0000] {logging_mixin.py:190} INFO - [2025-07-15T15:36:45.126+0000] {dag.py:4180} INFO - Setting next_dagrun for example_dynamic_task_mapping to None, run_after=None
[2025-07-15T15:36:45.162+0000] {processor.py:208} INFO - Processing /home/airflow/.local/lib/python3.12/site-packages/airflow/example_dags/example_dynamic_task_mapping.py took 0.105 seconds
[2025-07-15T15:37:15.247+0000] {processor.py:186} INFO - Started process (PID=115) to work on /home/airflow/.local/lib/python3.12/site-packages/airflow/example_dags/example_dynamic_task_mapping.py
[2025-07-15T15:37:15.248+0000] {processor.py:914} INFO - Processing file /home/airflow/.local/lib/python3.12/site-packages/airflow/example_dags/example_dynamic_task_mapping.py for tasks to queue
[2025-07-15T15:37:15.250+0000] {logging_mixin.py:190} INFO - [2025-07-15T15:37:15.250+0000] {dagbag.py:588} INFO - Filling up the DagBag from /home/airflow/.local/lib/python3.12/site-packages/airflow/example_dags/example_dynamic_task_mapping.py
[2025-07-15T15:37:15.257+0000] {processor.py:925} INFO - DAG(s) 'example_dynamic_task_mapping' retrieved from /home/airflow/.local/lib/python3.12/site-packages/airflow/example_dags/example_dynamic_task_mapping.py
[2025-07-15T15:37:15.269+0000] {logging_mixin.py:190} INFO - [2025-07-15T15:37:15.269+0000] {dag.py:3239} INFO - Sync 1 DAGs
[2025-07-15T15:37:15.275+0000] {logging_mixin.py:190} INFO - [2025-07-15T15:37:15.275+0000] {dag.py:4180} INFO - Setting next_dagrun for example_dynamic_task_mapping to None, run_after=None
[2025-07-15T15:37:15.283+0000] {processor.py:208} INFO - Processing /home/airflow/.local/lib/python3.12/site-packages/airflow/example_dags/example_dynamic_task_mapping.py took 0.045 seconds
[2025-07-15T15:37:45.443+0000] {processor.py:186} INFO - Started process (PID=177) to work on /home/airflow/.local/lib/python3.12/site-packages/airflow/example_dags/example_dynamic_task_mapping.py
[2025-07-15T15:37:45.444+0000] {processor.py:914} INFO - Processing file /home/airflow/.local/lib/python3.12/site-packages/airflow/example_dags/example_dynamic_task_mapping.py for tasks to queue
[2025-07-15T15:37:45.445+0000] {logging_mixin.py:190} INFO - [2025-07-15T15:37:45.445+0000] {dagbag.py:588} INFO - Filling up the DagBag from /home/airflow/.local/lib/python3.12/site-packages/airflow/example_dags/example_dynamic_task_mapping.py
[2025-07-15T15:37:45.449+0000] {processor.py:925} INFO - DAG(s) 'example_dynamic_task_mapping' retrieved from /home/airflow/.local/lib/python3.12/site-packages/airflow/example_dags/example_dynamic_task_mapping.py
[2025-07-15T15:37:45.461+0000] {logging_mixin.py:190} INFO - [2025-07-15T15:37:45.461+0000] {dag.py:3239} INFO - Sync 1 DAGs
[2025-07-15T15:37:45.468+0000] {logging_mixin.py:190} INFO - [2025-07-15T15:37:45.468+0000] {dag.py:4180} INFO - Setting next_dagrun for example_dynamic_task_mapping to None, run_after=None
[2025-07-15T15:37:45.475+0000] {processor.py:208} INFO - Processing /home/airflow/.local/lib/python3.12/site-packages/airflow/example_dags/example_dynamic_task_mapping.py took 0.035 seconds
[2025-07-15T15:38:16.064+0000] {processor.py:186} INFO - Started process (PID=244) to work on /home/airflow/.local/lib/python3.12/site-packages/airflow/example_dags/example_dynamic_task_mapping.py
[2025-07-15T15:38:16.064+0000] {processor.py:914} INFO - Processing file /home/airflow/.local/lib/python3.12/site-packages/airflow/example_dags/example_dynamic_task_mapping.py for tasks to queue
[2025-07-15T15:38:16.066+0000] {logging_mixin.py:190} INFO - [2025-07-15T15:38:16.066+0000] {dagbag.py:588} INFO - Filling up the DagBag from /home/airflow/.local/lib/python3.12/site-packages/airflow/example_dags/example_dynamic_task_mapping.py
[2025-07-15T15:38:16.070+0000] {processor.py:925} INFO - DAG(s) 'example_dynamic_task_mapping' retrieved from /home/airflow/.local/lib/python3.12/site-packages/airflow/example_dags/example_dynamic_task_mapping.py
[2025-07-15T15:38:16.080+0000] {logging_mixin.py:190} INFO - [2025-07-15T15:38:16.080+0000] {dag.py:3239} INFO - Sync 1 DAGs
[2025-07-15T15:38:16.087+0000] {logging_mixin.py:190} INFO - [2025-07-15T15:38:16.087+0000] {dag.py:4180} INFO - Setting next_dagrun for example_dynamic_task_mapping to None, run_after=None
[2025-07-15T15:38:16.094+0000] {processor.py:208} INFO - Processing /home/airflow/.local/lib/python3.12/site-packages/airflow/example_dags/example_dynamic_task_mapping.py took 0.034 seconds
[2025-07-15T15:38:46.851+0000] {processor.py:186} INFO - Started process (PID=306) to work on /home/airflow/.local/lib/python3.12/site-packages/airflow/example_dags/example_dynamic_task_mapping.py
[2025-07-15T15:38:46.852+0000] {processor.py:914} INFO - Processing file /home/airflow/.local/lib/python3.12/site-packages/airflow/example_dags/example_dynamic_task_mapping.py for tasks to queue
[2025-07-15T15:38:46.853+0000] {logging_mixin.py:190} INFO - [2025-07-15T15:38:46.853+0000] {dagbag.py:588} INFO - Filling up the DagBag from /home/airflow/.local/lib/python3.12/site-packages/airflow/example_dags/example_dynamic_task_mapping.py
[2025-07-15T15:38:46.857+0000] {processor.py:925} INFO - DAG(s) 'example_dynamic_task_mapping' retrieved from /home/airflow/.local/lib/python3.12/site-packages/airflow/example_dags/example_dynamic_task_mapping.py
[2025-07-15T15:38:46.866+0000] {logging_mixin.py:190} INFO - [2025-07-15T15:38:46.866+0000] {dag.py:3239} INFO - Sync 1 DAGs
[2025-07-15T15:38:46.873+0000] {logging_mixin.py:190} INFO - [2025-07-15T15:38:46.872+0000] {dag.py:4180} INFO - Setting next_dagrun for example_dynamic_task_mapping to None, run_after=None
[2025-07-15T15:38:46.880+0000] {processor.py:208} INFO - Processing /home/airflow/.local/lib/python3.12/site-packages/airflow/example_dags/example_dynamic_task_mapping.py took 0.033 seconds
[2025-07-15T15:39:17.724+0000] {processor.py:186} INFO - Started process (PID=368) to work on /home/airflow/.local/lib/python3.12/site-packages/airflow/example_dags/example_dynamic_task_mapping.py
[2025-07-15T15:39:17.725+0000] {processor.py:914} INFO - Processing file /home/airflow/.local/lib/python3.12/site-packages/airflow/example_dags/example_dynamic_task_mapping.py for tasks to queue
[2025-07-15T15:39:17.728+0000] {logging_mixin.py:190} INFO - [2025-07-15T15:39:17.727+0000] {dagbag.py:588} INFO - Filling up the DagBag from /home/airflow/.local/lib/python3.12/site-packages/airflow/example_dags/example_dynamic_task_mapping.py
[2025-07-15T15:39:17.734+0000] {processor.py:925} INFO - DAG(s) 'example_dynamic_task_mapping' retrieved from /home/airflow/.local/lib/python3.12/site-packages/airflow/example_dags/example_dynamic_task_mapping.py
[2025-07-15T15:39:17.750+0000] {logging_mixin.py:190} INFO - [2025-07-15T15:39:17.750+0000] {dag.py:3239} INFO - Sync 1 DAGs
[2025-07-15T15:39:17.758+0000] {logging_mixin.py:190} INFO - [2025-07-15T15:39:17.758+0000] {dag.py:4180} INFO - Setting next_dagrun for example_dynamic_task_mapping to None, run_after=None
[2025-07-15T15:39:17.770+0000] {processor.py:208} INFO - Processing /home/airflow/.local/lib/python3.12/site-packages/airflow/example_dags/example_dynamic_task_mapping.py took 0.050 seconds
[2025-07-15T15:39:48.591+0000] {processor.py:186} INFO - Started process (PID=430) to work on /home/airflow/.local/lib/python3.12/site-packages/airflow/example_dags/example_dynamic_task_mapping.py
[2025-07-15T15:39:48.592+0000] {processor.py:914} INFO - Processing file /home/airflow/.local/lib/python3.12/site-packages/airflow/example_dags/example_dynamic_task_mapping.py for tasks to queue
[2025-07-15T15:39:48.594+0000] {logging_mixin.py:190} INFO - [2025-07-15T15:39:48.594+0000] {dagbag.py:588} INFO - Filling up the DagBag from /home/airflow/.local/lib/python3.12/site-packages/airflow/example_dags/example_dynamic_task_mapping.py
[2025-07-15T15:39:48.599+0000] {processor.py:925} INFO - DAG(s) 'example_dynamic_task_mapping' retrieved from /home/airflow/.local/lib/python3.12/site-packages/airflow/example_dags/example_dynamic_task_mapping.py
[2025-07-15T15:39:48.609+0000] {logging_mixin.py:190} INFO - [2025-07-15T15:39:48.609+0000] {dag.py:3239} INFO - Sync 1 DAGs
[2025-07-15T15:39:48.616+0000] {logging_mixin.py:190} INFO - [2025-07-15T15:39:48.615+0000] {dag.py:4180} INFO - Setting next_dagrun for example_dynamic_task_mapping to None, run_after=None
[2025-07-15T15:39:48.624+0000] {processor.py:208} INFO - Processing /home/airflow/.local/lib/python3.12/site-packages/airflow/example_dags/example_dynamic_task_mapping.py took 0.038 seconds
[2025-07-15T15:40:19.586+0000] {processor.py:186} INFO - Started process (PID=492) to work on /home/airflow/.local/lib/python3.12/site-packages/airflow/example_dags/example_dynamic_task_mapping.py
[2025-07-15T15:40:19.588+0000] {processor.py:914} INFO - Processing file /home/airflow/.local/lib/python3.12/site-packages/airflow/example_dags/example_dynamic_task_mapping.py for tasks to queue
[2025-07-15T15:40:19.589+0000] {logging_mixin.py:190} INFO - [2025-07-15T15:40:19.589+0000] {dagbag.py:588} INFO - Filling up the DagBag from /home/airflow/.local/lib/python3.12/site-packages/airflow/example_dags/example_dynamic_task_mapping.py
[2025-07-15T15:40:19.594+0000] {processor.py:925} INFO - DAG(s) 'example_dynamic_task_mapping' retrieved from /home/airflow/.local/lib/python3.12/site-packages/airflow/example_dags/example_dynamic_task_mapping.py
[2025-07-15T15:40:19.603+0000] {logging_mixin.py:190} INFO - [2025-07-15T15:40:19.603+0000] {dag.py:3239} INFO - Sync 1 DAGs
[2025-07-15T15:40:19.609+0000] {logging_mixin.py:190} INFO - [2025-07-15T15:40:19.609+0000] {dag.py:4180} INFO - Setting next_dagrun for example_dynamic_task_mapping to None, run_after=None
[2025-07-15T15:40:19.616+0000] {processor.py:208} INFO - Processing /home/airflow/.local/lib/python3.12/site-packages/airflow/example_dags/example_dynamic_task_mapping.py took 0.033 seconds
[2025-07-15T15:40:49.982+0000] {processor.py:186} INFO - Started process (PID=554) to work on /home/airflow/.local/lib/python3.12/site-packages/airflow/example_dags/example_dynamic_task_mapping.py
[2025-07-15T15:40:49.984+0000] {processor.py:914} INFO - Processing file /home/airflow/.local/lib/python3.12/site-packages/airflow/example_dags/example_dynamic_task_mapping.py for tasks to queue
[2025-07-15T15:40:49.986+0000] {logging_mixin.py:190} INFO - [2025-07-15T15:40:49.985+0000] {dagbag.py:588} INFO - Filling up the DagBag from /home/airflow/.local/lib/python3.12/site-packages/airflow/example_dags/example_dynamic_task_mapping.py
[2025-07-15T15:40:49.991+0000] {processor.py:925} INFO - DAG(s) 'example_dynamic_task_mapping' retrieved from /home/airflow/.local/lib/python3.12/site-packages/airflow/example_dags/example_dynamic_task_mapping.py
[2025-07-15T15:40:50.009+0000] {logging_mixin.py:190} INFO - [2025-07-15T15:40:50.008+0000] {dag.py:3239} INFO - Sync 1 DAGs
[2025-07-15T15:40:50.017+0000] {logging_mixin.py:190} INFO - [2025-07-15T15:40:50.017+0000] {dag.py:4180} INFO - Setting next_dagrun for example_dynamic_task_mapping to None, run_after=None
[2025-07-15T15:40:50.033+0000] {processor.py:208} INFO - Processing /home/airflow/.local/lib/python3.12/site-packages/airflow/example_dags/example_dynamic_task_mapping.py took 0.054 seconds
[2025-07-15T15:41:20.343+0000] {processor.py:186} INFO - Started process (PID=616) to work on /home/airflow/.local/lib/python3.12/site-packages/airflow/example_dags/example_dynamic_task_mapping.py
[2025-07-15T15:41:20.344+0000] {processor.py:914} INFO - Processing file /home/airflow/.local/lib/python3.12/site-packages/airflow/example_dags/example_dynamic_task_mapping.py for tasks to queue
[2025-07-15T15:41:20.345+0000] {logging_mixin.py:190} INFO - [2025-07-15T15:41:20.345+0000] {dagbag.py:588} INFO - Filling up the DagBag from /home/airflow/.local/lib/python3.12/site-packages/airflow/example_dags/example_dynamic_task_mapping.py
[2025-07-15T15:41:20.350+0000] {processor.py:925} INFO - DAG(s) 'example_dynamic_task_mapping' retrieved from /home/airflow/.local/lib/python3.12/site-packages/airflow/example_dags/example_dynamic_task_mapping.py
[2025-07-15T15:41:20.361+0000] {logging_mixin.py:190} INFO - [2025-07-15T15:41:20.360+0000] {dag.py:3239} INFO - Sync 1 DAGs
[2025-07-15T15:41:20.367+0000] {logging_mixin.py:190} INFO - [2025-07-15T15:41:20.367+0000] {dag.py:4180} INFO - Setting next_dagrun for example_dynamic_task_mapping to None, run_after=None
[2025-07-15T15:41:20.374+0000] {processor.py:208} INFO - Processing /home/airflow/.local/lib/python3.12/site-packages/airflow/example_dags/example_dynamic_task_mapping.py took 0.035 seconds
[2025-07-15T15:41:53.511+0000] {processor.py:186} INFO - Started process (PID=678) to work on /home/airflow/.local/lib/python3.12/site-packages/airflow/example_dags/example_dynamic_task_mapping.py
[2025-07-15T15:41:53.523+0000] {processor.py:914} INFO - Processing file /home/airflow/.local/lib/python3.12/site-packages/airflow/example_dags/example_dynamic_task_mapping.py for tasks to queue
[2025-07-15T15:41:53.530+0000] {logging_mixin.py:190} INFO - [2025-07-15T15:41:53.529+0000] {dagbag.py:588} INFO - Filling up the DagBag from /home/airflow/.local/lib/python3.12/site-packages/airflow/example_dags/example_dynamic_task_mapping.py
[2025-07-15T15:41:53.542+0000] {processor.py:925} INFO - DAG(s) 'example_dynamic_task_mapping' retrieved from /home/airflow/.local/lib/python3.12/site-packages/airflow/example_dags/example_dynamic_task_mapping.py
[2025-07-15T15:41:53.624+0000] {logging_mixin.py:190} INFO - [2025-07-15T15:41:53.624+0000] {dag.py:3239} INFO - Sync 1 DAGs
[2025-07-15T15:41:53.656+0000] {logging_mixin.py:190} INFO - [2025-07-15T15:41:53.655+0000] {dag.py:4180} INFO - Setting next_dagrun for example_dynamic_task_mapping to None, run_after=None
[2025-07-15T15:41:53.693+0000] {processor.py:208} INFO - Processing /home/airflow/.local/lib/python3.12/site-packages/airflow/example_dags/example_dynamic_task_mapping.py took 0.247 seconds
[2025-07-15T15:42:23.900+0000] {processor.py:186} INFO - Started process (PID=740) to work on /home/airflow/.local/lib/python3.12/site-packages/airflow/example_dags/example_dynamic_task_mapping.py
[2025-07-15T15:42:23.905+0000] {processor.py:914} INFO - Processing file /home/airflow/.local/lib/python3.12/site-packages/airflow/example_dags/example_dynamic_task_mapping.py for tasks to queue
[2025-07-15T15:42:23.906+0000] {logging_mixin.py:190} INFO - [2025-07-15T15:42:23.906+0000] {dagbag.py:588} INFO - Filling up the DagBag from /home/airflow/.local/lib/python3.12/site-packages/airflow/example_dags/example_dynamic_task_mapping.py
[2025-07-15T15:42:23.914+0000] {processor.py:925} INFO - DAG(s) 'example_dynamic_task_mapping' retrieved from /home/airflow/.local/lib/python3.12/site-packages/airflow/example_dags/example_dynamic_task_mapping.py
[2025-07-15T15:42:23.930+0000] {logging_mixin.py:190} INFO - [2025-07-15T15:42:23.929+0000] {dag.py:3239} INFO - Sync 1 DAGs
[2025-07-15T15:42:23.937+0000] {logging_mixin.py:190} INFO - [2025-07-15T15:42:23.937+0000] {dag.py:4180} INFO - Setting next_dagrun for example_dynamic_task_mapping to None, run_after=None
[2025-07-15T15:42:23.948+0000] {processor.py:208} INFO - Processing /home/airflow/.local/lib/python3.12/site-packages/airflow/example_dags/example_dynamic_task_mapping.py took 0.057 seconds
[2025-07-15T15:42:54.625+0000] {processor.py:186} INFO - Started process (PID=802) to work on /home/airflow/.local/lib/python3.12/site-packages/airflow/example_dags/example_dynamic_task_mapping.py
[2025-07-15T15:42:54.627+0000] {processor.py:914} INFO - Processing file /home/airflow/.local/lib/python3.12/site-packages/airflow/example_dags/example_dynamic_task_mapping.py for tasks to queue
[2025-07-15T15:42:54.628+0000] {logging_mixin.py:190} INFO - [2025-07-15T15:42:54.628+0000] {dagbag.py:588} INFO - Filling up the DagBag from /home/airflow/.local/lib/python3.12/site-packages/airflow/example_dags/example_dynamic_task_mapping.py
[2025-07-15T15:42:54.632+0000] {processor.py:925} INFO - DAG(s) 'example_dynamic_task_mapping' retrieved from /home/airflow/.local/lib/python3.12/site-packages/airflow/example_dags/example_dynamic_task_mapping.py
[2025-07-15T15:42:54.641+0000] {logging_mixin.py:190} INFO - [2025-07-15T15:42:54.641+0000] {dag.py:3239} INFO - Sync 1 DAGs
[2025-07-15T15:42:54.647+0000] {logging_mixin.py:190} INFO - [2025-07-15T15:42:54.647+0000] {dag.py:4180} INFO - Setting next_dagrun for example_dynamic_task_mapping to None, run_after=None
[2025-07-15T15:42:54.654+0000] {processor.py:208} INFO - Processing /home/airflow/.local/lib/python3.12/site-packages/airflow/example_dags/example_dynamic_task_mapping.py took 0.032 seconds
[2025-07-15T15:43:25.164+0000] {processor.py:186} INFO - Started process (PID=864) to work on /home/airflow/.local/lib/python3.12/site-packages/airflow/example_dags/example_dynamic_task_mapping.py
[2025-07-15T15:43:25.165+0000] {processor.py:914} INFO - Processing file /home/airflow/.local/lib/python3.12/site-packages/airflow/example_dags/example_dynamic_task_mapping.py for tasks to queue
[2025-07-15T15:43:25.166+0000] {logging_mixin.py:190} INFO - [2025-07-15T15:43:25.166+0000] {dagbag.py:588} INFO - Filling up the DagBag from /home/airflow/.local/lib/python3.12/site-packages/airflow/example_dags/example_dynamic_task_mapping.py
[2025-07-15T15:43:25.172+0000] {processor.py:925} INFO - DAG(s) 'example_dynamic_task_mapping' retrieved from /home/airflow/.local/lib/python3.12/site-packages/airflow/example_dags/example_dynamic_task_mapping.py
[2025-07-15T15:43:25.190+0000] {logging_mixin.py:190} INFO - [2025-07-15T15:43:25.190+0000] {dag.py:3239} INFO - Sync 1 DAGs
[2025-07-15T15:43:25.207+0000] {logging_mixin.py:190} INFO - [2025-07-15T15:43:25.207+0000] {dag.py:4180} INFO - Setting next_dagrun for example_dynamic_task_mapping to None, run_after=None
[2025-07-15T15:43:25.218+0000] {processor.py:208} INFO - Processing /home/airflow/.local/lib/python3.12/site-packages/airflow/example_dags/example_dynamic_task_mapping.py took 0.059 seconds
[2025-07-15T15:43:55.720+0000] {processor.py:186} INFO - Started process (PID=926) to work on /home/airflow/.local/lib/python3.12/site-packages/airflow/example_dags/example_dynamic_task_mapping.py
[2025-07-15T15:43:55.720+0000] {processor.py:914} INFO - Processing file /home/airflow/.local/lib/python3.12/site-packages/airflow/example_dags/example_dynamic_task_mapping.py for tasks to queue
[2025-07-15T15:43:55.721+0000] {logging_mixin.py:190} INFO - [2025-07-15T15:43:55.721+0000] {dagbag.py:588} INFO - Filling up the DagBag from /home/airflow/.local/lib/python3.12/site-packages/airflow/example_dags/example_dynamic_task_mapping.py
[2025-07-15T15:43:55.726+0000] {processor.py:925} INFO - DAG(s) 'example_dynamic_task_mapping' retrieved from /home/airflow/.local/lib/python3.12/site-packages/airflow/example_dags/example_dynamic_task_mapping.py
[2025-07-15T15:43:55.736+0000] {logging_mixin.py:190} INFO - [2025-07-15T15:43:55.735+0000] {dag.py:3239} INFO - Sync 1 DAGs
[2025-07-15T15:43:55.741+0000] {logging_mixin.py:190} INFO - [2025-07-15T15:43:55.741+0000] {dag.py:4180} INFO - Setting next_dagrun for example_dynamic_task_mapping to None, run_after=None
[2025-07-15T15:43:55.749+0000] {processor.py:208} INFO - Processing /home/airflow/.local/lib/python3.12/site-packages/airflow/example_dags/example_dynamic_task_mapping.py took 0.032 seconds
[2025-07-15T15:44:26.388+0000] {processor.py:186} INFO - Started process (PID=989) to work on /home/airflow/.local/lib/python3.12/site-packages/airflow/example_dags/example_dynamic_task_mapping.py
[2025-07-15T15:44:26.389+0000] {processor.py:914} INFO - Processing file /home/airflow/.local/lib/python3.12/site-packages/airflow/example_dags/example_dynamic_task_mapping.py for tasks to queue
[2025-07-15T15:44:26.391+0000] {logging_mixin.py:190} INFO - [2025-07-15T15:44:26.391+0000] {dagbag.py:588} INFO - Filling up the DagBag from /home/airflow/.local/lib/python3.12/site-packages/airflow/example_dags/example_dynamic_task_mapping.py
[2025-07-15T15:44:26.397+0000] {processor.py:925} INFO - DAG(s) 'example_dynamic_task_mapping' retrieved from /home/airflow/.local/lib/python3.12/site-packages/airflow/example_dags/example_dynamic_task_mapping.py
[2025-07-15T15:44:26.416+0000] {logging_mixin.py:190} INFO - [2025-07-15T15:44:26.416+0000] {dag.py:3239} INFO - Sync 1 DAGs
[2025-07-15T15:44:26.425+0000] {logging_mixin.py:190} INFO - [2025-07-15T15:44:26.425+0000] {dag.py:4180} INFO - Setting next_dagrun for example_dynamic_task_mapping to None, run_after=None
[2025-07-15T15:44:26.434+0000] {processor.py:208} INFO - Processing /home/airflow/.local/lib/python3.12/site-packages/airflow/example_dags/example_dynamic_task_mapping.py took 0.050 seconds
[2025-07-15T15:44:56.985+0000] {processor.py:186} INFO - Started process (PID=1051) to work on /home/airflow/.local/lib/python3.12/site-packages/airflow/example_dags/example_dynamic_task_mapping.py
[2025-07-15T15:44:56.985+0000] {processor.py:914} INFO - Processing file /home/airflow/.local/lib/python3.12/site-packages/airflow/example_dags/example_dynamic_task_mapping.py for tasks to queue
[2025-07-15T15:44:56.987+0000] {logging_mixin.py:190} INFO - [2025-07-15T15:44:56.986+0000] {dagbag.py:588} INFO - Filling up the DagBag from /home/airflow/.local/lib/python3.12/site-packages/airflow/example_dags/example_dynamic_task_mapping.py
[2025-07-15T15:44:56.991+0000] {processor.py:925} INFO - DAG(s) 'example_dynamic_task_mapping' retrieved from /home/airflow/.local/lib/python3.12/site-packages/airflow/example_dags/example_dynamic_task_mapping.py
[2025-07-15T15:44:57.001+0000] {logging_mixin.py:190} INFO - [2025-07-15T15:44:57.001+0000] {dag.py:3239} INFO - Sync 1 DAGs
[2025-07-15T15:44:57.007+0000] {logging_mixin.py:190} INFO - [2025-07-15T15:44:57.007+0000] {dag.py:4180} INFO - Setting next_dagrun for example_dynamic_task_mapping to None, run_after=None
[2025-07-15T15:44:57.014+0000] {processor.py:208} INFO - Processing /home/airflow/.local/lib/python3.12/site-packages/airflow/example_dags/example_dynamic_task_mapping.py took 0.032 seconds
[2025-07-15T15:45:27.751+0000] {processor.py:186} INFO - Started process (PID=1113) to work on /home/airflow/.local/lib/python3.12/site-packages/airflow/example_dags/example_dynamic_task_mapping.py
[2025-07-15T15:45:27.751+0000] {processor.py:914} INFO - Processing file /home/airflow/.local/lib/python3.12/site-packages/airflow/example_dags/example_dynamic_task_mapping.py for tasks to queue
[2025-07-15T15:45:27.753+0000] {logging_mixin.py:190} INFO - [2025-07-15T15:45:27.753+0000] {dagbag.py:588} INFO - Filling up the DagBag from /home/airflow/.local/lib/python3.12/site-packages/airflow/example_dags/example_dynamic_task_mapping.py
[2025-07-15T15:45:27.757+0000] {processor.py:925} INFO - DAG(s) 'example_dynamic_task_mapping' retrieved from /home/airflow/.local/lib/python3.12/site-packages/airflow/example_dags/example_dynamic_task_mapping.py
[2025-07-15T15:45:27.779+0000] {logging_mixin.py:190} INFO - [2025-07-15T15:45:27.779+0000] {dag.py:3239} INFO - Sync 1 DAGs
[2025-07-15T15:45:27.786+0000] {logging_mixin.py:190} INFO - [2025-07-15T15:45:27.786+0000] {dag.py:4180} INFO - Setting next_dagrun for example_dynamic_task_mapping to None, run_after=None
[2025-07-15T15:45:27.797+0000] {processor.py:208} INFO - Processing /home/airflow/.local/lib/python3.12/site-packages/airflow/example_dags/example_dynamic_task_mapping.py took 0.050 seconds
[2025-07-15T15:45:58.897+0000] {processor.py:186} INFO - Started process (PID=1175) to work on /home/airflow/.local/lib/python3.12/site-packages/airflow/example_dags/example_dynamic_task_mapping.py
[2025-07-15T15:45:58.899+0000] {processor.py:914} INFO - Processing file /home/airflow/.local/lib/python3.12/site-packages/airflow/example_dags/example_dynamic_task_mapping.py for tasks to queue
[2025-07-15T15:45:58.900+0000] {logging_mixin.py:190} INFO - [2025-07-15T15:45:58.900+0000] {dagbag.py:588} INFO - Filling up the DagBag from /home/airflow/.local/lib/python3.12/site-packages/airflow/example_dags/example_dynamic_task_mapping.py
[2025-07-15T15:45:58.907+0000] {processor.py:925} INFO - DAG(s) 'example_dynamic_task_mapping' retrieved from /home/airflow/.local/lib/python3.12/site-packages/airflow/example_dags/example_dynamic_task_mapping.py
[2025-07-15T15:45:58.944+0000] {logging_mixin.py:190} INFO - [2025-07-15T15:45:58.944+0000] {dag.py:3239} INFO - Sync 1 DAGs
[2025-07-15T15:45:58.953+0000] {logging_mixin.py:190} INFO - [2025-07-15T15:45:58.953+0000] {dag.py:4180} INFO - Setting next_dagrun for example_dynamic_task_mapping to None, run_after=None
[2025-07-15T15:45:58.963+0000] {processor.py:208} INFO - Processing /home/airflow/.local/lib/python3.12/site-packages/airflow/example_dags/example_dynamic_task_mapping.py took 0.073 seconds
[2025-07-15T15:46:29.752+0000] {processor.py:186} INFO - Started process (PID=1237) to work on /home/airflow/.local/lib/python3.12/site-packages/airflow/example_dags/example_dynamic_task_mapping.py
[2025-07-15T15:46:29.753+0000] {processor.py:914} INFO - Processing file /home/airflow/.local/lib/python3.12/site-packages/airflow/example_dags/example_dynamic_task_mapping.py for tasks to queue
[2025-07-15T15:46:29.755+0000] {logging_mixin.py:190} INFO - [2025-07-15T15:46:29.754+0000] {dagbag.py:588} INFO - Filling up the DagBag from /home/airflow/.local/lib/python3.12/site-packages/airflow/example_dags/example_dynamic_task_mapping.py
[2025-07-15T15:46:29.761+0000] {processor.py:925} INFO - DAG(s) 'example_dynamic_task_mapping' retrieved from /home/airflow/.local/lib/python3.12/site-packages/airflow/example_dags/example_dynamic_task_mapping.py
[2025-07-15T15:46:29.788+0000] {logging_mixin.py:190} INFO - [2025-07-15T15:46:29.788+0000] {dag.py:3239} INFO - Sync 1 DAGs
[2025-07-15T15:46:29.804+0000] {logging_mixin.py:190} INFO - [2025-07-15T15:46:29.803+0000] {dag.py:4180} INFO - Setting next_dagrun for example_dynamic_task_mapping to None, run_after=None
[2025-07-15T15:46:29.818+0000] {processor.py:208} INFO - Processing /home/airflow/.local/lib/python3.12/site-packages/airflow/example_dags/example_dynamic_task_mapping.py took 0.071 seconds
[2025-07-15T15:47:00.695+0000] {processor.py:186} INFO - Started process (PID=1299) to work on /home/airflow/.local/lib/python3.12/site-packages/airflow/example_dags/example_dynamic_task_mapping.py
[2025-07-15T15:47:00.697+0000] {processor.py:914} INFO - Processing file /home/airflow/.local/lib/python3.12/site-packages/airflow/example_dags/example_dynamic_task_mapping.py for tasks to queue
[2025-07-15T15:47:00.698+0000] {logging_mixin.py:190} INFO - [2025-07-15T15:47:00.698+0000] {dagbag.py:588} INFO - Filling up the DagBag from /home/airflow/.local/lib/python3.12/site-packages/airflow/example_dags/example_dynamic_task_mapping.py
[2025-07-15T15:47:00.702+0000] {processor.py:925} INFO - DAG(s) 'example_dynamic_task_mapping' retrieved from /home/airflow/.local/lib/python3.12/site-packages/airflow/example_dags/example_dynamic_task_mapping.py
[2025-07-15T15:47:00.712+0000] {logging_mixin.py:190} INFO - [2025-07-15T15:47:00.712+0000] {dag.py:3239} INFO - Sync 1 DAGs
[2025-07-15T15:47:00.718+0000] {logging_mixin.py:190} INFO - [2025-07-15T15:47:00.718+0000] {dag.py:4180} INFO - Setting next_dagrun for example_dynamic_task_mapping to None, run_after=None
[2025-07-15T15:47:00.726+0000] {processor.py:208} INFO - Processing /home/airflow/.local/lib/python3.12/site-packages/airflow/example_dags/example_dynamic_task_mapping.py took 0.034 seconds
[2025-07-15T15:47:31.393+0000] {processor.py:186} INFO - Started process (PID=1361) to work on /home/airflow/.local/lib/python3.12/site-packages/airflow/example_dags/example_dynamic_task_mapping.py
[2025-07-15T15:47:31.394+0000] {processor.py:914} INFO - Processing file /home/airflow/.local/lib/python3.12/site-packages/airflow/example_dags/example_dynamic_task_mapping.py for tasks to queue
[2025-07-15T15:47:31.396+0000] {logging_mixin.py:190} INFO - [2025-07-15T15:47:31.395+0000] {dagbag.py:588} INFO - Filling up the DagBag from /home/airflow/.local/lib/python3.12/site-packages/airflow/example_dags/example_dynamic_task_mapping.py
[2025-07-15T15:47:31.401+0000] {processor.py:925} INFO - DAG(s) 'example_dynamic_task_mapping' retrieved from /home/airflow/.local/lib/python3.12/site-packages/airflow/example_dags/example_dynamic_task_mapping.py
[2025-07-15T15:47:31.422+0000] {logging_mixin.py:190} INFO - [2025-07-15T15:47:31.422+0000] {dag.py:3239} INFO - Sync 1 DAGs
[2025-07-15T15:47:31.431+0000] {logging_mixin.py:190} INFO - [2025-07-15T15:47:31.431+0000] {dag.py:4180} INFO - Setting next_dagrun for example_dynamic_task_mapping to None, run_after=None
[2025-07-15T15:47:31.442+0000] {processor.py:208} INFO - Processing /home/airflow/.local/lib/python3.12/site-packages/airflow/example_dags/example_dynamic_task_mapping.py took 0.054 seconds
[2025-07-15T15:48:02.247+0000] {processor.py:186} INFO - Started process (PID=1423) to work on /home/airflow/.local/lib/python3.12/site-packages/airflow/example_dags/example_dynamic_task_mapping.py
[2025-07-15T15:48:02.248+0000] {processor.py:914} INFO - Processing file /home/airflow/.local/lib/python3.12/site-packages/airflow/example_dags/example_dynamic_task_mapping.py for tasks to queue
[2025-07-15T15:48:02.250+0000] {logging_mixin.py:190} INFO - [2025-07-15T15:48:02.250+0000] {dagbag.py:588} INFO - Filling up the DagBag from /home/airflow/.local/lib/python3.12/site-packages/airflow/example_dags/example_dynamic_task_mapping.py
[2025-07-15T15:48:02.264+0000] {processor.py:925} INFO - DAG(s) 'example_dynamic_task_mapping' retrieved from /home/airflow/.local/lib/python3.12/site-packages/airflow/example_dags/example_dynamic_task_mapping.py
[2025-07-15T15:48:02.282+0000] {logging_mixin.py:190} INFO - [2025-07-15T15:48:02.282+0000] {dag.py:3239} INFO - Sync 1 DAGs
[2025-07-15T15:48:02.292+0000] {logging_mixin.py:190} INFO - [2025-07-15T15:48:02.292+0000] {dag.py:4180} INFO - Setting next_dagrun for example_dynamic_task_mapping to None, run_after=None
[2025-07-15T15:48:02.306+0000] {processor.py:208} INFO - Processing /home/airflow/.local/lib/python3.12/site-packages/airflow/example_dags/example_dynamic_task_mapping.py took 0.065 seconds
[2025-07-15T15:48:32.953+0000] {processor.py:186} INFO - Started process (PID=1485) to work on /home/airflow/.local/lib/python3.12/site-packages/airflow/example_dags/example_dynamic_task_mapping.py
[2025-07-15T15:48:32.954+0000] {processor.py:914} INFO - Processing file /home/airflow/.local/lib/python3.12/site-packages/airflow/example_dags/example_dynamic_task_mapping.py for tasks to queue
[2025-07-15T15:48:32.956+0000] {logging_mixin.py:190} INFO - [2025-07-15T15:48:32.956+0000] {dagbag.py:588} INFO - Filling up the DagBag from /home/airflow/.local/lib/python3.12/site-packages/airflow/example_dags/example_dynamic_task_mapping.py
[2025-07-15T15:48:32.962+0000] {processor.py:925} INFO - DAG(s) 'example_dynamic_task_mapping' retrieved from /home/airflow/.local/lib/python3.12/site-packages/airflow/example_dags/example_dynamic_task_mapping.py
[2025-07-15T15:48:32.975+0000] {logging_mixin.py:190} INFO - [2025-07-15T15:48:32.974+0000] {dag.py:3239} INFO - Sync 1 DAGs
[2025-07-15T15:48:32.982+0000] {logging_mixin.py:190} INFO - [2025-07-15T15:48:32.982+0000] {dag.py:4180} INFO - Setting next_dagrun for example_dynamic_task_mapping to None, run_after=None
[2025-07-15T15:48:32.991+0000] {processor.py:208} INFO - Processing /home/airflow/.local/lib/python3.12/site-packages/airflow/example_dags/example_dynamic_task_mapping.py took 0.041 seconds
[2025-07-15T15:49:03.627+0000] {processor.py:186} INFO - Started process (PID=1546) to work on /home/airflow/.local/lib/python3.12/site-packages/airflow/example_dags/example_dynamic_task_mapping.py
[2025-07-15T15:49:03.628+0000] {processor.py:914} INFO - Processing file /home/airflow/.local/lib/python3.12/site-packages/airflow/example_dags/example_dynamic_task_mapping.py for tasks to queue
[2025-07-15T15:49:03.629+0000] {logging_mixin.py:190} INFO - [2025-07-15T15:49:03.629+0000] {dagbag.py:588} INFO - Filling up the DagBag from /home/airflow/.local/lib/python3.12/site-packages/airflow/example_dags/example_dynamic_task_mapping.py
[2025-07-15T15:49:03.633+0000] {processor.py:925} INFO - DAG(s) 'example_dynamic_task_mapping' retrieved from /home/airflow/.local/lib/python3.12/site-packages/airflow/example_dags/example_dynamic_task_mapping.py
[2025-07-15T15:49:03.643+0000] {logging_mixin.py:190} INFO - [2025-07-15T15:49:03.642+0000] {dag.py:3239} INFO - Sync 1 DAGs
[2025-07-15T15:49:03.649+0000] {logging_mixin.py:190} INFO - [2025-07-15T15:49:03.649+0000] {dag.py:4180} INFO - Setting next_dagrun for example_dynamic_task_mapping to None, run_after=None
[2025-07-15T15:49:03.656+0000] {processor.py:208} INFO - Processing /home/airflow/.local/lib/python3.12/site-packages/airflow/example_dags/example_dynamic_task_mapping.py took 0.031 seconds
[2025-07-15T15:49:34.254+0000] {processor.py:186} INFO - Started process (PID=1608) to work on /home/airflow/.local/lib/python3.12/site-packages/airflow/example_dags/example_dynamic_task_mapping.py
[2025-07-15T15:49:34.255+0000] {processor.py:914} INFO - Processing file /home/airflow/.local/lib/python3.12/site-packages/airflow/example_dags/example_dynamic_task_mapping.py for tasks to queue
[2025-07-15T15:49:34.256+0000] {logging_mixin.py:190} INFO - [2025-07-15T15:49:34.256+0000] {dagbag.py:588} INFO - Filling up the DagBag from /home/airflow/.local/lib/python3.12/site-packages/airflow/example_dags/example_dynamic_task_mapping.py
[2025-07-15T15:49:34.261+0000] {processor.py:925} INFO - DAG(s) 'example_dynamic_task_mapping' retrieved from /home/airflow/.local/lib/python3.12/site-packages/airflow/example_dags/example_dynamic_task_mapping.py
[2025-07-15T15:49:34.271+0000] {logging_mixin.py:190} INFO - [2025-07-15T15:49:34.270+0000] {dag.py:3239} INFO - Sync 1 DAGs
[2025-07-15T15:49:34.277+0000] {logging_mixin.py:190} INFO - [2025-07-15T15:49:34.277+0000] {dag.py:4180} INFO - Setting next_dagrun for example_dynamic_task_mapping to None, run_after=None
[2025-07-15T15:49:34.284+0000] {processor.py:208} INFO - Processing /home/airflow/.local/lib/python3.12/site-packages/airflow/example_dags/example_dynamic_task_mapping.py took 0.033 seconds
[2025-07-15T15:50:04.763+0000] {processor.py:186} INFO - Started process (PID=1670) to work on /home/airflow/.local/lib/python3.12/site-packages/airflow/example_dags/example_dynamic_task_mapping.py
[2025-07-15T15:50:04.764+0000] {processor.py:914} INFO - Processing file /home/airflow/.local/lib/python3.12/site-packages/airflow/example_dags/example_dynamic_task_mapping.py for tasks to queue
[2025-07-15T15:50:04.766+0000] {logging_mixin.py:190} INFO - [2025-07-15T15:50:04.765+0000] {dagbag.py:588} INFO - Filling up the DagBag from /home/airflow/.local/lib/python3.12/site-packages/airflow/example_dags/example_dynamic_task_mapping.py
[2025-07-15T15:50:04.771+0000] {processor.py:925} INFO - DAG(s) 'example_dynamic_task_mapping' retrieved from /home/airflow/.local/lib/python3.12/site-packages/airflow/example_dags/example_dynamic_task_mapping.py
[2025-07-15T15:50:04.783+0000] {logging_mixin.py:190} INFO - [2025-07-15T15:50:04.783+0000] {dag.py:3239} INFO - Sync 1 DAGs
[2025-07-15T15:50:04.792+0000] {logging_mixin.py:190} INFO - [2025-07-15T15:50:04.791+0000] {dag.py:4180} INFO - Setting next_dagrun for example_dynamic_task_mapping to None, run_after=None
[2025-07-15T15:50:04.802+0000] {processor.py:208} INFO - Processing /home/airflow/.local/lib/python3.12/site-packages/airflow/example_dags/example_dynamic_task_mapping.py took 0.042 seconds
[2025-07-15T15:50:35.468+0000] {processor.py:186} INFO - Started process (PID=1732) to work on /home/airflow/.local/lib/python3.12/site-packages/airflow/example_dags/example_dynamic_task_mapping.py
[2025-07-15T15:50:35.469+0000] {processor.py:914} INFO - Processing file /home/airflow/.local/lib/python3.12/site-packages/airflow/example_dags/example_dynamic_task_mapping.py for tasks to queue
[2025-07-15T15:50:35.471+0000] {logging_mixin.py:190} INFO - [2025-07-15T15:50:35.471+0000] {dagbag.py:588} INFO - Filling up the DagBag from /home/airflow/.local/lib/python3.12/site-packages/airflow/example_dags/example_dynamic_task_mapping.py
[2025-07-15T15:50:35.478+0000] {processor.py:925} INFO - DAG(s) 'example_dynamic_task_mapping' retrieved from /home/airflow/.local/lib/python3.12/site-packages/airflow/example_dags/example_dynamic_task_mapping.py
[2025-07-15T15:50:35.495+0000] {logging_mixin.py:190} INFO - [2025-07-15T15:50:35.495+0000] {dag.py:3239} INFO - Sync 1 DAGs
[2025-07-15T15:50:35.504+0000] {logging_mixin.py:190} INFO - [2025-07-15T15:50:35.504+0000] {dag.py:4180} INFO - Setting next_dagrun for example_dynamic_task_mapping to None, run_after=None
[2025-07-15T15:50:35.515+0000] {processor.py:208} INFO - Processing /home/airflow/.local/lib/python3.12/site-packages/airflow/example_dags/example_dynamic_task_mapping.py took 0.053 seconds
[2025-07-15T15:51:05.691+0000] {processor.py:186} INFO - Started process (PID=1794) to work on /home/airflow/.local/lib/python3.12/site-packages/airflow/example_dags/example_dynamic_task_mapping.py
[2025-07-15T15:51:05.694+0000] {processor.py:914} INFO - Processing file /home/airflow/.local/lib/python3.12/site-packages/airflow/example_dags/example_dynamic_task_mapping.py for tasks to queue
[2025-07-15T15:51:05.697+0000] {logging_mixin.py:190} INFO - [2025-07-15T15:51:05.697+0000] {dagbag.py:588} INFO - Filling up the DagBag from /home/airflow/.local/lib/python3.12/site-packages/airflow/example_dags/example_dynamic_task_mapping.py
[2025-07-15T15:51:05.703+0000] {processor.py:925} INFO - DAG(s) 'example_dynamic_task_mapping' retrieved from /home/airflow/.local/lib/python3.12/site-packages/airflow/example_dags/example_dynamic_task_mapping.py
[2025-07-15T15:51:05.713+0000] {logging_mixin.py:190} INFO - [2025-07-15T15:51:05.713+0000] {dag.py:3239} INFO - Sync 1 DAGs
[2025-07-15T15:51:05.721+0000] {logging_mixin.py:190} INFO - [2025-07-15T15:51:05.721+0000] {dag.py:4180} INFO - Setting next_dagrun for example_dynamic_task_mapping to None, run_after=None
[2025-07-15T15:51:05.735+0000] {processor.py:208} INFO - Processing /home/airflow/.local/lib/python3.12/site-packages/airflow/example_dags/example_dynamic_task_mapping.py took 0.049 seconds
[2025-07-15T15:51:36.435+0000] {processor.py:186} INFO - Started process (PID=1856) to work on /home/airflow/.local/lib/python3.12/site-packages/airflow/example_dags/example_dynamic_task_mapping.py
[2025-07-15T15:51:36.437+0000] {processor.py:914} INFO - Processing file /home/airflow/.local/lib/python3.12/site-packages/airflow/example_dags/example_dynamic_task_mapping.py for tasks to queue
[2025-07-15T15:51:36.439+0000] {logging_mixin.py:190} INFO - [2025-07-15T15:51:36.438+0000] {dagbag.py:588} INFO - Filling up the DagBag from /home/airflow/.local/lib/python3.12/site-packages/airflow/example_dags/example_dynamic_task_mapping.py
[2025-07-15T15:51:36.447+0000] {processor.py:925} INFO - DAG(s) 'example_dynamic_task_mapping' retrieved from /home/airflow/.local/lib/python3.12/site-packages/airflow/example_dags/example_dynamic_task_mapping.py
[2025-07-15T15:51:36.459+0000] {logging_mixin.py:190} INFO - [2025-07-15T15:51:36.459+0000] {dag.py:3239} INFO - Sync 1 DAGs
[2025-07-15T15:51:36.467+0000] {logging_mixin.py:190} INFO - [2025-07-15T15:51:36.467+0000] {dag.py:4180} INFO - Setting next_dagrun for example_dynamic_task_mapping to None, run_after=None
[2025-07-15T15:51:36.477+0000] {processor.py:208} INFO - Processing /home/airflow/.local/lib/python3.12/site-packages/airflow/example_dags/example_dynamic_task_mapping.py took 0.046 seconds
[2025-07-15T15:52:06.615+0000] {processor.py:186} INFO - Started process (PID=1918) to work on /home/airflow/.local/lib/python3.12/site-packages/airflow/example_dags/example_dynamic_task_mapping.py
[2025-07-15T15:52:06.616+0000] {processor.py:914} INFO - Processing file /home/airflow/.local/lib/python3.12/site-packages/airflow/example_dags/example_dynamic_task_mapping.py for tasks to queue
[2025-07-15T15:52:06.617+0000] {logging_mixin.py:190} INFO - [2025-07-15T15:52:06.617+0000] {dagbag.py:588} INFO - Filling up the DagBag from /home/airflow/.local/lib/python3.12/site-packages/airflow/example_dags/example_dynamic_task_mapping.py
[2025-07-15T15:52:06.625+0000] {processor.py:925} INFO - DAG(s) 'example_dynamic_task_mapping' retrieved from /home/airflow/.local/lib/python3.12/site-packages/airflow/example_dags/example_dynamic_task_mapping.py
[2025-07-15T15:52:06.639+0000] {logging_mixin.py:190} INFO - [2025-07-15T15:52:06.639+0000] {dag.py:3239} INFO - Sync 1 DAGs
[2025-07-15T15:52:06.646+0000] {logging_mixin.py:190} INFO - [2025-07-15T15:52:06.646+0000] {dag.py:4180} INFO - Setting next_dagrun for example_dynamic_task_mapping to None, run_after=None
[2025-07-15T15:52:06.655+0000] {processor.py:208} INFO - Processing /home/airflow/.local/lib/python3.12/site-packages/airflow/example_dags/example_dynamic_task_mapping.py took 0.046 seconds
[2025-07-15T15:52:37.455+0000] {processor.py:186} INFO - Started process (PID=1980) to work on /home/airflow/.local/lib/python3.12/site-packages/airflow/example_dags/example_dynamic_task_mapping.py
[2025-07-15T15:52:37.456+0000] {processor.py:914} INFO - Processing file /home/airflow/.local/lib/python3.12/site-packages/airflow/example_dags/example_dynamic_task_mapping.py for tasks to queue
[2025-07-15T15:52:37.457+0000] {logging_mixin.py:190} INFO - [2025-07-15T15:52:37.457+0000] {dagbag.py:588} INFO - Filling up the DagBag from /home/airflow/.local/lib/python3.12/site-packages/airflow/example_dags/example_dynamic_task_mapping.py
[2025-07-15T15:52:37.462+0000] {processor.py:925} INFO - DAG(s) 'example_dynamic_task_mapping' retrieved from /home/airflow/.local/lib/python3.12/site-packages/airflow/example_dags/example_dynamic_task_mapping.py
[2025-07-15T15:52:37.475+0000] {logging_mixin.py:190} INFO - [2025-07-15T15:52:37.475+0000] {dag.py:3239} INFO - Sync 1 DAGs
[2025-07-15T15:52:37.483+0000] {logging_mixin.py:190} INFO - [2025-07-15T15:52:37.483+0000] {dag.py:4180} INFO - Setting next_dagrun for example_dynamic_task_mapping to None, run_after=None
[2025-07-15T15:52:37.496+0000] {processor.py:208} INFO - Processing /home/airflow/.local/lib/python3.12/site-packages/airflow/example_dags/example_dynamic_task_mapping.py took 0.047 seconds
[2025-07-15T15:53:08.301+0000] {processor.py:186} INFO - Started process (PID=2042) to work on /home/airflow/.local/lib/python3.12/site-packages/airflow/example_dags/example_dynamic_task_mapping.py
[2025-07-15T15:53:08.302+0000] {processor.py:914} INFO - Processing file /home/airflow/.local/lib/python3.12/site-packages/airflow/example_dags/example_dynamic_task_mapping.py for tasks to queue
[2025-07-15T15:53:08.303+0000] {logging_mixin.py:190} INFO - [2025-07-15T15:53:08.303+0000] {dagbag.py:588} INFO - Filling up the DagBag from /home/airflow/.local/lib/python3.12/site-packages/airflow/example_dags/example_dynamic_task_mapping.py
[2025-07-15T15:53:08.309+0000] {processor.py:925} INFO - DAG(s) 'example_dynamic_task_mapping' retrieved from /home/airflow/.local/lib/python3.12/site-packages/airflow/example_dags/example_dynamic_task_mapping.py
[2025-07-15T15:53:08.325+0000] {logging_mixin.py:190} INFO - [2025-07-15T15:53:08.325+0000] {dag.py:3239} INFO - Sync 1 DAGs
[2025-07-15T15:53:08.335+0000] {logging_mixin.py:190} INFO - [2025-07-15T15:53:08.335+0000] {dag.py:4180} INFO - Setting next_dagrun for example_dynamic_task_mapping to None, run_after=None
[2025-07-15T15:53:08.346+0000] {processor.py:208} INFO - Processing /home/airflow/.local/lib/python3.12/site-packages/airflow/example_dags/example_dynamic_task_mapping.py took 0.050 seconds
[2025-07-15T15:53:38.942+0000] {processor.py:186} INFO - Started process (PID=2104) to work on /home/airflow/.local/lib/python3.12/site-packages/airflow/example_dags/example_dynamic_task_mapping.py
[2025-07-15T15:53:38.943+0000] {processor.py:914} INFO - Processing file /home/airflow/.local/lib/python3.12/site-packages/airflow/example_dags/example_dynamic_task_mapping.py for tasks to queue
[2025-07-15T15:53:38.946+0000] {logging_mixin.py:190} INFO - [2025-07-15T15:53:38.946+0000] {dagbag.py:588} INFO - Filling up the DagBag from /home/airflow/.local/lib/python3.12/site-packages/airflow/example_dags/example_dynamic_task_mapping.py
[2025-07-15T15:53:38.950+0000] {processor.py:925} INFO - DAG(s) 'example_dynamic_task_mapping' retrieved from /home/airflow/.local/lib/python3.12/site-packages/airflow/example_dags/example_dynamic_task_mapping.py
[2025-07-15T15:53:38.963+0000] {logging_mixin.py:190} INFO - [2025-07-15T15:53:38.963+0000] {dag.py:3239} INFO - Sync 1 DAGs
[2025-07-15T15:53:38.971+0000] {logging_mixin.py:190} INFO - [2025-07-15T15:53:38.970+0000] {dag.py:4180} INFO - Setting next_dagrun for example_dynamic_task_mapping to None, run_after=None
[2025-07-15T15:53:38.983+0000] {processor.py:208} INFO - Processing /home/airflow/.local/lib/python3.12/site-packages/airflow/example_dags/example_dynamic_task_mapping.py took 0.044 seconds
[2025-07-15T15:54:09.730+0000] {processor.py:186} INFO - Started process (PID=2166) to work on /home/airflow/.local/lib/python3.12/site-packages/airflow/example_dags/example_dynamic_task_mapping.py
[2025-07-15T15:54:09.733+0000] {processor.py:914} INFO - Processing file /home/airflow/.local/lib/python3.12/site-packages/airflow/example_dags/example_dynamic_task_mapping.py for tasks to queue
[2025-07-15T15:54:09.734+0000] {logging_mixin.py:190} INFO - [2025-07-15T15:54:09.734+0000] {dagbag.py:588} INFO - Filling up the DagBag from /home/airflow/.local/lib/python3.12/site-packages/airflow/example_dags/example_dynamic_task_mapping.py
[2025-07-15T15:54:09.741+0000] {processor.py:925} INFO - DAG(s) 'example_dynamic_task_mapping' retrieved from /home/airflow/.local/lib/python3.12/site-packages/airflow/example_dags/example_dynamic_task_mapping.py
[2025-07-15T15:54:09.754+0000] {logging_mixin.py:190} INFO - [2025-07-15T15:54:09.754+0000] {dag.py:3239} INFO - Sync 1 DAGs
[2025-07-15T15:54:09.762+0000] {logging_mixin.py:190} INFO - [2025-07-15T15:54:09.762+0000] {dag.py:4180} INFO - Setting next_dagrun for example_dynamic_task_mapping to None, run_after=None
[2025-07-15T15:54:09.776+0000] {processor.py:208} INFO - Processing /home/airflow/.local/lib/python3.12/site-packages/airflow/example_dags/example_dynamic_task_mapping.py took 0.051 seconds
[2025-07-15T15:54:40.442+0000] {processor.py:186} INFO - Started process (PID=2228) to work on /home/airflow/.local/lib/python3.12/site-packages/airflow/example_dags/example_dynamic_task_mapping.py
[2025-07-15T15:54:40.443+0000] {processor.py:914} INFO - Processing file /home/airflow/.local/lib/python3.12/site-packages/airflow/example_dags/example_dynamic_task_mapping.py for tasks to queue
[2025-07-15T15:54:40.444+0000] {logging_mixin.py:190} INFO - [2025-07-15T15:54:40.444+0000] {dagbag.py:588} INFO - Filling up the DagBag from /home/airflow/.local/lib/python3.12/site-packages/airflow/example_dags/example_dynamic_task_mapping.py
[2025-07-15T15:54:40.450+0000] {processor.py:925} INFO - DAG(s) 'example_dynamic_task_mapping' retrieved from /home/airflow/.local/lib/python3.12/site-packages/airflow/example_dags/example_dynamic_task_mapping.py
[2025-07-15T15:54:40.464+0000] {logging_mixin.py:190} INFO - [2025-07-15T15:54:40.464+0000] {dag.py:3239} INFO - Sync 1 DAGs
[2025-07-15T15:54:40.471+0000] {logging_mixin.py:190} INFO - [2025-07-15T15:54:40.471+0000] {dag.py:4180} INFO - Setting next_dagrun for example_dynamic_task_mapping to None, run_after=None
[2025-07-15T15:54:40.479+0000] {processor.py:208} INFO - Processing /home/airflow/.local/lib/python3.12/site-packages/airflow/example_dags/example_dynamic_task_mapping.py took 0.042 seconds
[2025-07-15T15:55:11.648+0000] {processor.py:186} INFO - Started process (PID=2290) to work on /home/airflow/.local/lib/python3.12/site-packages/airflow/example_dags/example_dynamic_task_mapping.py
[2025-07-15T15:55:11.650+0000] {processor.py:914} INFO - Processing file /home/airflow/.local/lib/python3.12/site-packages/airflow/example_dags/example_dynamic_task_mapping.py for tasks to queue
[2025-07-15T15:55:11.651+0000] {logging_mixin.py:190} INFO - [2025-07-15T15:55:11.651+0000] {dagbag.py:588} INFO - Filling up the DagBag from /home/airflow/.local/lib/python3.12/site-packages/airflow/example_dags/example_dynamic_task_mapping.py
[2025-07-15T15:55:11.656+0000] {processor.py:925} INFO - DAG(s) 'example_dynamic_task_mapping' retrieved from /home/airflow/.local/lib/python3.12/site-packages/airflow/example_dags/example_dynamic_task_mapping.py
[2025-07-15T15:55:11.680+0000] {logging_mixin.py:190} INFO - [2025-07-15T15:55:11.680+0000] {dag.py:3239} INFO - Sync 1 DAGs
[2025-07-15T15:55:11.689+0000] {logging_mixin.py:190} INFO - [2025-07-15T15:55:11.689+0000] {dag.py:4180} INFO - Setting next_dagrun for example_dynamic_task_mapping to None, run_after=None
[2025-07-15T15:55:11.709+0000] {processor.py:208} INFO - Processing /home/airflow/.local/lib/python3.12/site-packages/airflow/example_dags/example_dynamic_task_mapping.py took 0.068 seconds
[2025-07-15T15:55:42.192+0000] {processor.py:186} INFO - Started process (PID=2352) to work on /home/airflow/.local/lib/python3.12/site-packages/airflow/example_dags/example_dynamic_task_mapping.py
[2025-07-15T15:55:42.197+0000] {processor.py:914} INFO - Processing file /home/airflow/.local/lib/python3.12/site-packages/airflow/example_dags/example_dynamic_task_mapping.py for tasks to queue
[2025-07-15T15:55:42.199+0000] {logging_mixin.py:190} INFO - [2025-07-15T15:55:42.199+0000] {dagbag.py:588} INFO - Filling up the DagBag from /home/airflow/.local/lib/python3.12/site-packages/airflow/example_dags/example_dynamic_task_mapping.py
[2025-07-15T15:55:42.209+0000] {processor.py:925} INFO - DAG(s) 'example_dynamic_task_mapping' retrieved from /home/airflow/.local/lib/python3.12/site-packages/airflow/example_dags/example_dynamic_task_mapping.py
[2025-07-15T15:55:42.246+0000] {logging_mixin.py:190} INFO - [2025-07-15T15:55:42.246+0000] {dag.py:3239} INFO - Sync 1 DAGs
[2025-07-15T15:55:42.258+0000] {logging_mixin.py:190} INFO - [2025-07-15T15:55:42.258+0000] {dag.py:4180} INFO - Setting next_dagrun for example_dynamic_task_mapping to None, run_after=None
[2025-07-15T15:55:42.271+0000] {processor.py:208} INFO - Processing /home/airflow/.local/lib/python3.12/site-packages/airflow/example_dags/example_dynamic_task_mapping.py took 0.085 seconds
[2025-07-15T15:56:12.616+0000] {processor.py:186} INFO - Started process (PID=2414) to work on /home/airflow/.local/lib/python3.12/site-packages/airflow/example_dags/example_dynamic_task_mapping.py
[2025-07-15T15:56:12.617+0000] {processor.py:914} INFO - Processing file /home/airflow/.local/lib/python3.12/site-packages/airflow/example_dags/example_dynamic_task_mapping.py for tasks to queue
[2025-07-15T15:56:12.618+0000] {logging_mixin.py:190} INFO - [2025-07-15T15:56:12.618+0000] {dagbag.py:588} INFO - Filling up the DagBag from /home/airflow/.local/lib/python3.12/site-packages/airflow/example_dags/example_dynamic_task_mapping.py
[2025-07-15T15:56:12.627+0000] {processor.py:925} INFO - DAG(s) 'example_dynamic_task_mapping' retrieved from /home/airflow/.local/lib/python3.12/site-packages/airflow/example_dags/example_dynamic_task_mapping.py
[2025-07-15T15:56:12.646+0000] {logging_mixin.py:190} INFO - [2025-07-15T15:56:12.646+0000] {dag.py:3239} INFO - Sync 1 DAGs
[2025-07-15T15:56:12.658+0000] {logging_mixin.py:190} INFO - [2025-07-15T15:56:12.658+0000] {dag.py:4180} INFO - Setting next_dagrun for example_dynamic_task_mapping to None, run_after=None
[2025-07-15T15:56:12.676+0000] {processor.py:208} INFO - Processing /home/airflow/.local/lib/python3.12/site-packages/airflow/example_dags/example_dynamic_task_mapping.py took 0.065 seconds
[2025-07-15T15:56:43.176+0000] {processor.py:186} INFO - Started process (PID=2477) to work on /home/airflow/.local/lib/python3.12/site-packages/airflow/example_dags/example_dynamic_task_mapping.py
[2025-07-15T15:56:43.177+0000] {processor.py:914} INFO - Processing file /home/airflow/.local/lib/python3.12/site-packages/airflow/example_dags/example_dynamic_task_mapping.py for tasks to queue
[2025-07-15T15:56:43.179+0000] {logging_mixin.py:190} INFO - [2025-07-15T15:56:43.178+0000] {dagbag.py:588} INFO - Filling up the DagBag from /home/airflow/.local/lib/python3.12/site-packages/airflow/example_dags/example_dynamic_task_mapping.py
[2025-07-15T15:56:43.184+0000] {processor.py:925} INFO - DAG(s) 'example_dynamic_task_mapping' retrieved from /home/airflow/.local/lib/python3.12/site-packages/airflow/example_dags/example_dynamic_task_mapping.py
[2025-07-15T15:56:43.200+0000] {logging_mixin.py:190} INFO - [2025-07-15T15:56:43.199+0000] {dag.py:3239} INFO - Sync 1 DAGs
[2025-07-15T15:56:43.208+0000] {logging_mixin.py:190} INFO - [2025-07-15T15:56:43.207+0000] {dag.py:4180} INFO - Setting next_dagrun for example_dynamic_task_mapping to None, run_after=None
[2025-07-15T15:56:43.219+0000] {processor.py:208} INFO - Processing /home/airflow/.local/lib/python3.12/site-packages/airflow/example_dags/example_dynamic_task_mapping.py took 0.046 seconds
[2025-07-15T15:57:13.685+0000] {processor.py:186} INFO - Started process (PID=2539) to work on /home/airflow/.local/lib/python3.12/site-packages/airflow/example_dags/example_dynamic_task_mapping.py
[2025-07-15T15:57:13.687+0000] {processor.py:914} INFO - Processing file /home/airflow/.local/lib/python3.12/site-packages/airflow/example_dags/example_dynamic_task_mapping.py for tasks to queue
[2025-07-15T15:57:13.688+0000] {logging_mixin.py:190} INFO - [2025-07-15T15:57:13.688+0000] {dagbag.py:588} INFO - Filling up the DagBag from /home/airflow/.local/lib/python3.12/site-packages/airflow/example_dags/example_dynamic_task_mapping.py
[2025-07-15T15:57:13.695+0000] {processor.py:925} INFO - DAG(s) 'example_dynamic_task_mapping' retrieved from /home/airflow/.local/lib/python3.12/site-packages/airflow/example_dags/example_dynamic_task_mapping.py
[2025-07-15T15:57:13.709+0000] {logging_mixin.py:190} INFO - [2025-07-15T15:57:13.709+0000] {dag.py:3239} INFO - Sync 1 DAGs
[2025-07-15T15:57:13.726+0000] {logging_mixin.py:190} INFO - [2025-07-15T15:57:13.726+0000] {dag.py:4180} INFO - Setting next_dagrun for example_dynamic_task_mapping to None, run_after=None
[2025-07-15T15:57:13.738+0000] {processor.py:208} INFO - Processing /home/airflow/.local/lib/python3.12/site-packages/airflow/example_dags/example_dynamic_task_mapping.py took 0.059 seconds
[2025-07-15T15:57:43.953+0000] {processor.py:186} INFO - Started process (PID=2601) to work on /home/airflow/.local/lib/python3.12/site-packages/airflow/example_dags/example_dynamic_task_mapping.py
[2025-07-15T15:57:43.955+0000] {processor.py:914} INFO - Processing file /home/airflow/.local/lib/python3.12/site-packages/airflow/example_dags/example_dynamic_task_mapping.py for tasks to queue
[2025-07-15T15:57:43.957+0000] {logging_mixin.py:190} INFO - [2025-07-15T15:57:43.956+0000] {dagbag.py:588} INFO - Filling up the DagBag from /home/airflow/.local/lib/python3.12/site-packages/airflow/example_dags/example_dynamic_task_mapping.py
[2025-07-15T15:57:43.964+0000] {processor.py:925} INFO - DAG(s) 'example_dynamic_task_mapping' retrieved from /home/airflow/.local/lib/python3.12/site-packages/airflow/example_dags/example_dynamic_task_mapping.py
[2025-07-15T15:57:43.982+0000] {logging_mixin.py:190} INFO - [2025-07-15T15:57:43.981+0000] {dag.py:3239} INFO - Sync 1 DAGs
[2025-07-15T15:57:43.993+0000] {logging_mixin.py:190} INFO - [2025-07-15T15:57:43.993+0000] {dag.py:4180} INFO - Setting next_dagrun for example_dynamic_task_mapping to None, run_after=None
[2025-07-15T15:57:44.023+0000] {processor.py:208} INFO - Processing /home/airflow/.local/lib/python3.12/site-packages/airflow/example_dags/example_dynamic_task_mapping.py took 0.080 seconds
[2025-07-15T15:58:14.806+0000] {processor.py:186} INFO - Started process (PID=2663) to work on /home/airflow/.local/lib/python3.12/site-packages/airflow/example_dags/example_dynamic_task_mapping.py
[2025-07-15T15:58:14.808+0000] {processor.py:914} INFO - Processing file /home/airflow/.local/lib/python3.12/site-packages/airflow/example_dags/example_dynamic_task_mapping.py for tasks to queue
[2025-07-15T15:58:14.809+0000] {logging_mixin.py:190} INFO - [2025-07-15T15:58:14.809+0000] {dagbag.py:588} INFO - Filling up the DagBag from /home/airflow/.local/lib/python3.12/site-packages/airflow/example_dags/example_dynamic_task_mapping.py
[2025-07-15T15:58:14.814+0000] {processor.py:925} INFO - DAG(s) 'example_dynamic_task_mapping' retrieved from /home/airflow/.local/lib/python3.12/site-packages/airflow/example_dags/example_dynamic_task_mapping.py
[2025-07-15T15:58:14.826+0000] {logging_mixin.py:190} INFO - [2025-07-15T15:58:14.826+0000] {dag.py:3239} INFO - Sync 1 DAGs
[2025-07-15T15:58:14.838+0000] {logging_mixin.py:190} INFO - [2025-07-15T15:58:14.838+0000] {dag.py:4180} INFO - Setting next_dagrun for example_dynamic_task_mapping to None, run_after=None
[2025-07-15T15:58:14.850+0000] {processor.py:208} INFO - Processing /home/airflow/.local/lib/python3.12/site-packages/airflow/example_dags/example_dynamic_task_mapping.py took 0.047 seconds
[2025-07-15T15:58:45.813+0000] {processor.py:186} INFO - Started process (PID=2725) to work on /home/airflow/.local/lib/python3.12/site-packages/airflow/example_dags/example_dynamic_task_mapping.py
[2025-07-15T15:58:45.814+0000] {processor.py:914} INFO - Processing file /home/airflow/.local/lib/python3.12/site-packages/airflow/example_dags/example_dynamic_task_mapping.py for tasks to queue
[2025-07-15T15:58:45.815+0000] {logging_mixin.py:190} INFO - [2025-07-15T15:58:45.815+0000] {dagbag.py:588} INFO - Filling up the DagBag from /home/airflow/.local/lib/python3.12/site-packages/airflow/example_dags/example_dynamic_task_mapping.py
[2025-07-15T15:58:45.820+0000] {processor.py:925} INFO - DAG(s) 'example_dynamic_task_mapping' retrieved from /home/airflow/.local/lib/python3.12/site-packages/airflow/example_dags/example_dynamic_task_mapping.py
[2025-07-15T15:58:45.833+0000] {logging_mixin.py:190} INFO - [2025-07-15T15:58:45.833+0000] {dag.py:3239} INFO - Sync 1 DAGs
[2025-07-15T15:58:45.840+0000] {logging_mixin.py:190} INFO - [2025-07-15T15:58:45.840+0000] {dag.py:4180} INFO - Setting next_dagrun for example_dynamic_task_mapping to None, run_after=None
[2025-07-15T15:58:45.856+0000] {processor.py:208} INFO - Processing /home/airflow/.local/lib/python3.12/site-packages/airflow/example_dags/example_dynamic_task_mapping.py took 0.046 seconds
[2025-07-15T15:59:16.291+0000] {processor.py:186} INFO - Started process (PID=2787) to work on /home/airflow/.local/lib/python3.12/site-packages/airflow/example_dags/example_dynamic_task_mapping.py
[2025-07-15T15:59:16.292+0000] {processor.py:914} INFO - Processing file /home/airflow/.local/lib/python3.12/site-packages/airflow/example_dags/example_dynamic_task_mapping.py for tasks to queue
[2025-07-15T15:59:16.293+0000] {logging_mixin.py:190} INFO - [2025-07-15T15:59:16.293+0000] {dagbag.py:588} INFO - Filling up the DagBag from /home/airflow/.local/lib/python3.12/site-packages/airflow/example_dags/example_dynamic_task_mapping.py
[2025-07-15T15:59:16.297+0000] {processor.py:925} INFO - DAG(s) 'example_dynamic_task_mapping' retrieved from /home/airflow/.local/lib/python3.12/site-packages/airflow/example_dags/example_dynamic_task_mapping.py
[2025-07-15T15:59:16.308+0000] {logging_mixin.py:190} INFO - [2025-07-15T15:59:16.308+0000] {dag.py:3239} INFO - Sync 1 DAGs
[2025-07-15T15:59:16.315+0000] {logging_mixin.py:190} INFO - [2025-07-15T15:59:16.315+0000] {dag.py:4180} INFO - Setting next_dagrun for example_dynamic_task_mapping to None, run_after=None
[2025-07-15T15:59:16.323+0000] {processor.py:208} INFO - Processing /home/airflow/.local/lib/python3.12/site-packages/airflow/example_dags/example_dynamic_task_mapping.py took 0.035 seconds
[2025-07-15T15:59:47.486+0000] {processor.py:186} INFO - Started process (PID=2849) to work on /home/airflow/.local/lib/python3.12/site-packages/airflow/example_dags/example_dynamic_task_mapping.py
[2025-07-15T15:59:47.488+0000] {processor.py:914} INFO - Processing file /home/airflow/.local/lib/python3.12/site-packages/airflow/example_dags/example_dynamic_task_mapping.py for tasks to queue
[2025-07-15T15:59:47.490+0000] {logging_mixin.py:190} INFO - [2025-07-15T15:59:47.490+0000] {dagbag.py:588} INFO - Filling up the DagBag from /home/airflow/.local/lib/python3.12/site-packages/airflow/example_dags/example_dynamic_task_mapping.py
[2025-07-15T15:59:47.496+0000] {processor.py:925} INFO - DAG(s) 'example_dynamic_task_mapping' retrieved from /home/airflow/.local/lib/python3.12/site-packages/airflow/example_dags/example_dynamic_task_mapping.py
[2025-07-15T15:59:47.556+0000] {logging_mixin.py:190} INFO - [2025-07-15T15:59:47.555+0000] {dag.py:3239} INFO - Sync 1 DAGs
[2025-07-15T15:59:47.662+0000] {logging_mixin.py:190} INFO - [2025-07-15T15:59:47.660+0000] {dag.py:4180} INFO - Setting next_dagrun for example_dynamic_task_mapping to None, run_after=None
[2025-07-15T15:59:47.712+0000] {processor.py:208} INFO - Processing /home/airflow/.local/lib/python3.12/site-packages/airflow/example_dags/example_dynamic_task_mapping.py took 0.229 seconds
[2025-07-15T16:00:17.981+0000] {processor.py:186} INFO - Started process (PID=2911) to work on /home/airflow/.local/lib/python3.12/site-packages/airflow/example_dags/example_dynamic_task_mapping.py
[2025-07-15T16:00:17.982+0000] {processor.py:914} INFO - Processing file /home/airflow/.local/lib/python3.12/site-packages/airflow/example_dags/example_dynamic_task_mapping.py for tasks to queue
[2025-07-15T16:00:17.984+0000] {logging_mixin.py:190} INFO - [2025-07-15T16:00:17.984+0000] {dagbag.py:588} INFO - Filling up the DagBag from /home/airflow/.local/lib/python3.12/site-packages/airflow/example_dags/example_dynamic_task_mapping.py
[2025-07-15T16:00:17.992+0000] {processor.py:925} INFO - DAG(s) 'example_dynamic_task_mapping' retrieved from /home/airflow/.local/lib/python3.12/site-packages/airflow/example_dags/example_dynamic_task_mapping.py
[2025-07-15T16:00:18.007+0000] {logging_mixin.py:190} INFO - [2025-07-15T16:00:18.007+0000] {dag.py:3239} INFO - Sync 1 DAGs
[2025-07-15T16:00:18.015+0000] {logging_mixin.py:190} INFO - [2025-07-15T16:00:18.015+0000] {dag.py:4180} INFO - Setting next_dagrun for example_dynamic_task_mapping to None, run_after=None
[2025-07-15T16:00:18.029+0000] {processor.py:208} INFO - Processing /home/airflow/.local/lib/python3.12/site-packages/airflow/example_dags/example_dynamic_task_mapping.py took 0.051 seconds
[2025-07-15T16:00:48.701+0000] {processor.py:186} INFO - Started process (PID=2973) to work on /home/airflow/.local/lib/python3.12/site-packages/airflow/example_dags/example_dynamic_task_mapping.py
[2025-07-15T16:00:48.702+0000] {processor.py:914} INFO - Processing file /home/airflow/.local/lib/python3.12/site-packages/airflow/example_dags/example_dynamic_task_mapping.py for tasks to queue
[2025-07-15T16:00:48.704+0000] {logging_mixin.py:190} INFO - [2025-07-15T16:00:48.703+0000] {dagbag.py:588} INFO - Filling up the DagBag from /home/airflow/.local/lib/python3.12/site-packages/airflow/example_dags/example_dynamic_task_mapping.py
[2025-07-15T16:00:48.707+0000] {processor.py:925} INFO - DAG(s) 'example_dynamic_task_mapping' retrieved from /home/airflow/.local/lib/python3.12/site-packages/airflow/example_dags/example_dynamic_task_mapping.py
[2025-07-15T16:00:48.717+0000] {logging_mixin.py:190} INFO - [2025-07-15T16:00:48.717+0000] {dag.py:3239} INFO - Sync 1 DAGs
[2025-07-15T16:00:48.723+0000] {logging_mixin.py:190} INFO - [2025-07-15T16:00:48.723+0000] {dag.py:4180} INFO - Setting next_dagrun for example_dynamic_task_mapping to None, run_after=None
[2025-07-15T16:00:48.730+0000] {processor.py:208} INFO - Processing /home/airflow/.local/lib/python3.12/site-packages/airflow/example_dags/example_dynamic_task_mapping.py took 0.032 seconds
[2025-07-15T16:01:19.251+0000] {processor.py:186} INFO - Started process (PID=3035) to work on /home/airflow/.local/lib/python3.12/site-packages/airflow/example_dags/example_dynamic_task_mapping.py
[2025-07-15T16:01:19.252+0000] {processor.py:914} INFO - Processing file /home/airflow/.local/lib/python3.12/site-packages/airflow/example_dags/example_dynamic_task_mapping.py for tasks to queue
[2025-07-15T16:01:19.253+0000] {logging_mixin.py:190} INFO - [2025-07-15T16:01:19.253+0000] {dagbag.py:588} INFO - Filling up the DagBag from /home/airflow/.local/lib/python3.12/site-packages/airflow/example_dags/example_dynamic_task_mapping.py
[2025-07-15T16:01:19.258+0000] {processor.py:925} INFO - DAG(s) 'example_dynamic_task_mapping' retrieved from /home/airflow/.local/lib/python3.12/site-packages/airflow/example_dags/example_dynamic_task_mapping.py
[2025-07-15T16:01:19.269+0000] {logging_mixin.py:190} INFO - [2025-07-15T16:01:19.269+0000] {dag.py:3239} INFO - Sync 1 DAGs
[2025-07-15T16:01:19.276+0000] {logging_mixin.py:190} INFO - [2025-07-15T16:01:19.276+0000] {dag.py:4180} INFO - Setting next_dagrun for example_dynamic_task_mapping to None, run_after=None
[2025-07-15T16:01:19.288+0000] {processor.py:208} INFO - Processing /home/airflow/.local/lib/python3.12/site-packages/airflow/example_dags/example_dynamic_task_mapping.py took 0.043 seconds
[2025-07-15T16:01:50.334+0000] {processor.py:186} INFO - Started process (PID=3097) to work on /home/airflow/.local/lib/python3.12/site-packages/airflow/example_dags/example_dynamic_task_mapping.py
[2025-07-15T16:01:50.335+0000] {processor.py:914} INFO - Processing file /home/airflow/.local/lib/python3.12/site-packages/airflow/example_dags/example_dynamic_task_mapping.py for tasks to queue
[2025-07-15T16:01:50.337+0000] {logging_mixin.py:190} INFO - [2025-07-15T16:01:50.337+0000] {dagbag.py:588} INFO - Filling up the DagBag from /home/airflow/.local/lib/python3.12/site-packages/airflow/example_dags/example_dynamic_task_mapping.py
[2025-07-15T16:01:50.343+0000] {processor.py:925} INFO - DAG(s) 'example_dynamic_task_mapping' retrieved from /home/airflow/.local/lib/python3.12/site-packages/airflow/example_dags/example_dynamic_task_mapping.py
[2025-07-15T16:01:50.360+0000] {logging_mixin.py:190} INFO - [2025-07-15T16:01:50.360+0000] {dag.py:3239} INFO - Sync 1 DAGs
[2025-07-15T16:01:50.375+0000] {logging_mixin.py:190} INFO - [2025-07-15T16:01:50.374+0000] {dag.py:4180} INFO - Setting next_dagrun for example_dynamic_task_mapping to None, run_after=None
[2025-07-15T16:01:50.391+0000] {processor.py:208} INFO - Processing /home/airflow/.local/lib/python3.12/site-packages/airflow/example_dags/example_dynamic_task_mapping.py took 0.068 seconds
[2025-07-15T16:02:21.433+0000] {processor.py:186} INFO - Started process (PID=3165) to work on /home/airflow/.local/lib/python3.12/site-packages/airflow/example_dags/example_dynamic_task_mapping.py
[2025-07-15T16:02:21.434+0000] {processor.py:914} INFO - Processing file /home/airflow/.local/lib/python3.12/site-packages/airflow/example_dags/example_dynamic_task_mapping.py for tasks to queue
[2025-07-15T16:02:21.435+0000] {logging_mixin.py:190} INFO - [2025-07-15T16:02:21.435+0000] {dagbag.py:588} INFO - Filling up the DagBag from /home/airflow/.local/lib/python3.12/site-packages/airflow/example_dags/example_dynamic_task_mapping.py
[2025-07-15T16:02:21.440+0000] {processor.py:925} INFO - DAG(s) 'example_dynamic_task_mapping' retrieved from /home/airflow/.local/lib/python3.12/site-packages/airflow/example_dags/example_dynamic_task_mapping.py
[2025-07-15T16:02:21.454+0000] {logging_mixin.py:190} INFO - [2025-07-15T16:02:21.454+0000] {dag.py:3239} INFO - Sync 1 DAGs
[2025-07-15T16:02:21.461+0000] {logging_mixin.py:190} INFO - [2025-07-15T16:02:21.461+0000] {dag.py:4180} INFO - Setting next_dagrun for example_dynamic_task_mapping to None, run_after=None
[2025-07-15T16:02:21.470+0000] {processor.py:208} INFO - Processing /home/airflow/.local/lib/python3.12/site-packages/airflow/example_dags/example_dynamic_task_mapping.py took 0.041 seconds
[2025-07-15T16:02:52.729+0000] {processor.py:186} INFO - Started process (PID=3227) to work on /home/airflow/.local/lib/python3.12/site-packages/airflow/example_dags/example_dynamic_task_mapping.py
[2025-07-15T16:02:52.730+0000] {processor.py:914} INFO - Processing file /home/airflow/.local/lib/python3.12/site-packages/airflow/example_dags/example_dynamic_task_mapping.py for tasks to queue
[2025-07-15T16:02:52.732+0000] {logging_mixin.py:190} INFO - [2025-07-15T16:02:52.732+0000] {dagbag.py:588} INFO - Filling up the DagBag from /home/airflow/.local/lib/python3.12/site-packages/airflow/example_dags/example_dynamic_task_mapping.py
[2025-07-15T16:02:52.741+0000] {processor.py:925} INFO - DAG(s) 'example_dynamic_task_mapping' retrieved from /home/airflow/.local/lib/python3.12/site-packages/airflow/example_dags/example_dynamic_task_mapping.py
[2025-07-15T16:02:52.753+0000] {logging_mixin.py:190} INFO - [2025-07-15T16:02:52.753+0000] {dag.py:3239} INFO - Sync 1 DAGs
[2025-07-15T16:02:52.760+0000] {logging_mixin.py:190} INFO - [2025-07-15T16:02:52.760+0000] {dag.py:4180} INFO - Setting next_dagrun for example_dynamic_task_mapping to None, run_after=None
[2025-07-15T16:02:52.881+0000] {processor.py:208} INFO - Processing /home/airflow/.local/lib/python3.12/site-packages/airflow/example_dags/example_dynamic_task_mapping.py took 0.155 seconds
[2025-07-15T16:03:23.305+0000] {processor.py:186} INFO - Started process (PID=3289) to work on /home/airflow/.local/lib/python3.12/site-packages/airflow/example_dags/example_dynamic_task_mapping.py
[2025-07-15T16:03:23.306+0000] {processor.py:914} INFO - Processing file /home/airflow/.local/lib/python3.12/site-packages/airflow/example_dags/example_dynamic_task_mapping.py for tasks to queue
[2025-07-15T16:03:23.307+0000] {logging_mixin.py:190} INFO - [2025-07-15T16:03:23.307+0000] {dagbag.py:588} INFO - Filling up the DagBag from /home/airflow/.local/lib/python3.12/site-packages/airflow/example_dags/example_dynamic_task_mapping.py
[2025-07-15T16:03:23.312+0000] {processor.py:925} INFO - DAG(s) 'example_dynamic_task_mapping' retrieved from /home/airflow/.local/lib/python3.12/site-packages/airflow/example_dags/example_dynamic_task_mapping.py
[2025-07-15T16:03:23.328+0000] {logging_mixin.py:190} INFO - [2025-07-15T16:03:23.327+0000] {dag.py:3239} INFO - Sync 1 DAGs
[2025-07-15T16:03:23.337+0000] {logging_mixin.py:190} INFO - [2025-07-15T16:03:23.337+0000] {dag.py:4180} INFO - Setting next_dagrun for example_dynamic_task_mapping to None, run_after=None
[2025-07-15T16:03:23.346+0000] {processor.py:208} INFO - Processing /home/airflow/.local/lib/python3.12/site-packages/airflow/example_dags/example_dynamic_task_mapping.py took 0.045 seconds
[2025-07-15T16:03:53.691+0000] {processor.py:186} INFO - Started process (PID=3351) to work on /home/airflow/.local/lib/python3.12/site-packages/airflow/example_dags/example_dynamic_task_mapping.py
[2025-07-15T16:03:53.692+0000] {processor.py:914} INFO - Processing file /home/airflow/.local/lib/python3.12/site-packages/airflow/example_dags/example_dynamic_task_mapping.py for tasks to queue
[2025-07-15T16:03:53.695+0000] {logging_mixin.py:190} INFO - [2025-07-15T16:03:53.695+0000] {dagbag.py:588} INFO - Filling up the DagBag from /home/airflow/.local/lib/python3.12/site-packages/airflow/example_dags/example_dynamic_task_mapping.py
[2025-07-15T16:03:53.701+0000] {processor.py:925} INFO - DAG(s) 'example_dynamic_task_mapping' retrieved from /home/airflow/.local/lib/python3.12/site-packages/airflow/example_dags/example_dynamic_task_mapping.py
[2025-07-15T16:03:53.712+0000] {logging_mixin.py:190} INFO - [2025-07-15T16:03:53.712+0000] {dag.py:3239} INFO - Sync 1 DAGs
[2025-07-15T16:03:53.719+0000] {logging_mixin.py:190} INFO - [2025-07-15T16:03:53.718+0000] {dag.py:4180} INFO - Setting next_dagrun for example_dynamic_task_mapping to None, run_after=None
[2025-07-15T16:03:53.727+0000] {processor.py:208} INFO - Processing /home/airflow/.local/lib/python3.12/site-packages/airflow/example_dags/example_dynamic_task_mapping.py took 0.038 seconds
[2025-07-15T16:04:24.605+0000] {processor.py:186} INFO - Started process (PID=3413) to work on /home/airflow/.local/lib/python3.12/site-packages/airflow/example_dags/example_dynamic_task_mapping.py
[2025-07-15T16:04:24.606+0000] {processor.py:914} INFO - Processing file /home/airflow/.local/lib/python3.12/site-packages/airflow/example_dags/example_dynamic_task_mapping.py for tasks to queue
[2025-07-15T16:04:24.607+0000] {logging_mixin.py:190} INFO - [2025-07-15T16:04:24.607+0000] {dagbag.py:588} INFO - Filling up the DagBag from /home/airflow/.local/lib/python3.12/site-packages/airflow/example_dags/example_dynamic_task_mapping.py
[2025-07-15T16:04:24.612+0000] {processor.py:925} INFO - DAG(s) 'example_dynamic_task_mapping' retrieved from /home/airflow/.local/lib/python3.12/site-packages/airflow/example_dags/example_dynamic_task_mapping.py
[2025-07-15T16:04:24.622+0000] {logging_mixin.py:190} INFO - [2025-07-15T16:04:24.622+0000] {dag.py:3239} INFO - Sync 1 DAGs
[2025-07-15T16:04:24.629+0000] {logging_mixin.py:190} INFO - [2025-07-15T16:04:24.628+0000] {dag.py:4180} INFO - Setting next_dagrun for example_dynamic_task_mapping to None, run_after=None
[2025-07-15T16:04:24.636+0000] {processor.py:208} INFO - Processing /home/airflow/.local/lib/python3.12/site-packages/airflow/example_dags/example_dynamic_task_mapping.py took 0.033 seconds
[2025-07-15T16:04:54.996+0000] {processor.py:186} INFO - Started process (PID=3475) to work on /home/airflow/.local/lib/python3.12/site-packages/airflow/example_dags/example_dynamic_task_mapping.py
[2025-07-15T16:04:55.000+0000] {processor.py:914} INFO - Processing file /home/airflow/.local/lib/python3.12/site-packages/airflow/example_dags/example_dynamic_task_mapping.py for tasks to queue
[2025-07-15T16:04:55.003+0000] {logging_mixin.py:190} INFO - [2025-07-15T16:04:55.003+0000] {dagbag.py:588} INFO - Filling up the DagBag from /home/airflow/.local/lib/python3.12/site-packages/airflow/example_dags/example_dynamic_task_mapping.py
[2025-07-15T16:04:55.019+0000] {processor.py:925} INFO - DAG(s) 'example_dynamic_task_mapping' retrieved from /home/airflow/.local/lib/python3.12/site-packages/airflow/example_dags/example_dynamic_task_mapping.py
[2025-07-15T16:04:55.040+0000] {logging_mixin.py:190} INFO - [2025-07-15T16:04:55.039+0000] {dag.py:3239} INFO - Sync 1 DAGs
[2025-07-15T16:04:55.052+0000] {logging_mixin.py:190} INFO - [2025-07-15T16:04:55.051+0000] {dag.py:4180} INFO - Setting next_dagrun for example_dynamic_task_mapping to None, run_after=None
[2025-07-15T16:04:55.066+0000] {processor.py:208} INFO - Processing /home/airflow/.local/lib/python3.12/site-packages/airflow/example_dags/example_dynamic_task_mapping.py took 0.085 seconds
[2025-07-15T16:05:25.876+0000] {processor.py:186} INFO - Started process (PID=3537) to work on /home/airflow/.local/lib/python3.12/site-packages/airflow/example_dags/example_dynamic_task_mapping.py
[2025-07-15T16:05:25.880+0000] {processor.py:914} INFO - Processing file /home/airflow/.local/lib/python3.12/site-packages/airflow/example_dags/example_dynamic_task_mapping.py for tasks to queue
[2025-07-15T16:05:25.883+0000] {logging_mixin.py:190} INFO - [2025-07-15T16:05:25.883+0000] {dagbag.py:588} INFO - Filling up the DagBag from /home/airflow/.local/lib/python3.12/site-packages/airflow/example_dags/example_dynamic_task_mapping.py
[2025-07-15T16:05:25.894+0000] {processor.py:925} INFO - DAG(s) 'example_dynamic_task_mapping' retrieved from /home/airflow/.local/lib/python3.12/site-packages/airflow/example_dags/example_dynamic_task_mapping.py
[2025-07-15T16:05:25.910+0000] {logging_mixin.py:190} INFO - [2025-07-15T16:05:25.910+0000] {dag.py:3239} INFO - Sync 1 DAGs
[2025-07-15T16:05:25.918+0000] {logging_mixin.py:190} INFO - [2025-07-15T16:05:25.918+0000] {dag.py:4180} INFO - Setting next_dagrun for example_dynamic_task_mapping to None, run_after=None
[2025-07-15T16:05:25.928+0000] {processor.py:208} INFO - Processing /home/airflow/.local/lib/python3.12/site-packages/airflow/example_dags/example_dynamic_task_mapping.py took 0.060 seconds
[2025-07-15T16:05:56.235+0000] {processor.py:186} INFO - Started process (PID=3599) to work on /home/airflow/.local/lib/python3.12/site-packages/airflow/example_dags/example_dynamic_task_mapping.py
[2025-07-15T16:05:56.236+0000] {processor.py:914} INFO - Processing file /home/airflow/.local/lib/python3.12/site-packages/airflow/example_dags/example_dynamic_task_mapping.py for tasks to queue
[2025-07-15T16:05:56.237+0000] {logging_mixin.py:190} INFO - [2025-07-15T16:05:56.237+0000] {dagbag.py:588} INFO - Filling up the DagBag from /home/airflow/.local/lib/python3.12/site-packages/airflow/example_dags/example_dynamic_task_mapping.py
[2025-07-15T16:05:56.249+0000] {processor.py:925} INFO - DAG(s) 'example_dynamic_task_mapping' retrieved from /home/airflow/.local/lib/python3.12/site-packages/airflow/example_dags/example_dynamic_task_mapping.py
[2025-07-15T16:05:56.262+0000] {logging_mixin.py:190} INFO - [2025-07-15T16:05:56.262+0000] {dag.py:3239} INFO - Sync 1 DAGs
[2025-07-15T16:05:56.271+0000] {logging_mixin.py:190} INFO - [2025-07-15T16:05:56.270+0000] {dag.py:4180} INFO - Setting next_dagrun for example_dynamic_task_mapping to None, run_after=None
[2025-07-15T16:05:56.283+0000] {processor.py:208} INFO - Processing /home/airflow/.local/lib/python3.12/site-packages/airflow/example_dags/example_dynamic_task_mapping.py took 0.052 seconds
[2025-07-15T16:06:26.984+0000] {processor.py:186} INFO - Started process (PID=3661) to work on /home/airflow/.local/lib/python3.12/site-packages/airflow/example_dags/example_dynamic_task_mapping.py
[2025-07-15T16:06:26.985+0000] {processor.py:914} INFO - Processing file /home/airflow/.local/lib/python3.12/site-packages/airflow/example_dags/example_dynamic_task_mapping.py for tasks to queue
[2025-07-15T16:06:26.986+0000] {logging_mixin.py:190} INFO - [2025-07-15T16:06:26.986+0000] {dagbag.py:588} INFO - Filling up the DagBag from /home/airflow/.local/lib/python3.12/site-packages/airflow/example_dags/example_dynamic_task_mapping.py
[2025-07-15T16:06:26.990+0000] {processor.py:925} INFO - DAG(s) 'example_dynamic_task_mapping' retrieved from /home/airflow/.local/lib/python3.12/site-packages/airflow/example_dags/example_dynamic_task_mapping.py
[2025-07-15T16:06:27.000+0000] {logging_mixin.py:190} INFO - [2025-07-15T16:06:27.000+0000] {dag.py:3239} INFO - Sync 1 DAGs
[2025-07-15T16:06:27.006+0000] {logging_mixin.py:190} INFO - [2025-07-15T16:06:27.006+0000] {dag.py:4180} INFO - Setting next_dagrun for example_dynamic_task_mapping to None, run_after=None
[2025-07-15T16:06:27.013+0000] {processor.py:208} INFO - Processing /home/airflow/.local/lib/python3.12/site-packages/airflow/example_dags/example_dynamic_task_mapping.py took 0.041 seconds
[2025-07-15T16:06:57.928+0000] {processor.py:186} INFO - Started process (PID=3723) to work on /home/airflow/.local/lib/python3.12/site-packages/airflow/example_dags/example_dynamic_task_mapping.py
[2025-07-15T16:06:57.929+0000] {processor.py:914} INFO - Processing file /home/airflow/.local/lib/python3.12/site-packages/airflow/example_dags/example_dynamic_task_mapping.py for tasks to queue
[2025-07-15T16:06:57.930+0000] {logging_mixin.py:190} INFO - [2025-07-15T16:06:57.930+0000] {dagbag.py:588} INFO - Filling up the DagBag from /home/airflow/.local/lib/python3.12/site-packages/airflow/example_dags/example_dynamic_task_mapping.py
[2025-07-15T16:06:57.935+0000] {processor.py:925} INFO - DAG(s) 'example_dynamic_task_mapping' retrieved from /home/airflow/.local/lib/python3.12/site-packages/airflow/example_dags/example_dynamic_task_mapping.py
[2025-07-15T16:06:57.946+0000] {logging_mixin.py:190} INFO - [2025-07-15T16:06:57.946+0000] {dag.py:3239} INFO - Sync 1 DAGs
[2025-07-15T16:06:57.953+0000] {logging_mixin.py:190} INFO - [2025-07-15T16:06:57.953+0000] {dag.py:4180} INFO - Setting next_dagrun for example_dynamic_task_mapping to None, run_after=None
[2025-07-15T16:06:57.960+0000] {processor.py:208} INFO - Processing /home/airflow/.local/lib/python3.12/site-packages/airflow/example_dags/example_dynamic_task_mapping.py took 0.040 seconds
[2025-07-15T16:07:28.305+0000] {processor.py:186} INFO - Started process (PID=3785) to work on /home/airflow/.local/lib/python3.12/site-packages/airflow/example_dags/example_dynamic_task_mapping.py
[2025-07-15T16:07:28.305+0000] {processor.py:914} INFO - Processing file /home/airflow/.local/lib/python3.12/site-packages/airflow/example_dags/example_dynamic_task_mapping.py for tasks to queue
[2025-07-15T16:07:28.307+0000] {logging_mixin.py:190} INFO - [2025-07-15T16:07:28.307+0000] {dagbag.py:588} INFO - Filling up the DagBag from /home/airflow/.local/lib/python3.12/site-packages/airflow/example_dags/example_dynamic_task_mapping.py
[2025-07-15T16:07:28.312+0000] {processor.py:925} INFO - DAG(s) 'example_dynamic_task_mapping' retrieved from /home/airflow/.local/lib/python3.12/site-packages/airflow/example_dags/example_dynamic_task_mapping.py
[2025-07-15T16:07:28.327+0000] {logging_mixin.py:190} INFO - [2025-07-15T16:07:28.326+0000] {dag.py:3239} INFO - Sync 1 DAGs
[2025-07-15T16:07:28.336+0000] {logging_mixin.py:190} INFO - [2025-07-15T16:07:28.336+0000] {dag.py:4180} INFO - Setting next_dagrun for example_dynamic_task_mapping to None, run_after=None
[2025-07-15T16:07:28.347+0000] {processor.py:208} INFO - Processing /home/airflow/.local/lib/python3.12/site-packages/airflow/example_dags/example_dynamic_task_mapping.py took 0.049 seconds
[2025-07-15T16:07:59.353+0000] {processor.py:186} INFO - Started process (PID=3847) to work on /home/airflow/.local/lib/python3.12/site-packages/airflow/example_dags/example_dynamic_task_mapping.py
[2025-07-15T16:07:59.354+0000] {processor.py:914} INFO - Processing file /home/airflow/.local/lib/python3.12/site-packages/airflow/example_dags/example_dynamic_task_mapping.py for tasks to queue
[2025-07-15T16:07:59.355+0000] {logging_mixin.py:190} INFO - [2025-07-15T16:07:59.355+0000] {dagbag.py:588} INFO - Filling up the DagBag from /home/airflow/.local/lib/python3.12/site-packages/airflow/example_dags/example_dynamic_task_mapping.py
[2025-07-15T16:07:59.360+0000] {processor.py:925} INFO - DAG(s) 'example_dynamic_task_mapping' retrieved from /home/airflow/.local/lib/python3.12/site-packages/airflow/example_dags/example_dynamic_task_mapping.py
[2025-07-15T16:07:59.370+0000] {logging_mixin.py:190} INFO - [2025-07-15T16:07:59.370+0000] {dag.py:3239} INFO - Sync 1 DAGs
[2025-07-15T16:07:59.377+0000] {logging_mixin.py:190} INFO - [2025-07-15T16:07:59.377+0000] {dag.py:4180} INFO - Setting next_dagrun for example_dynamic_task_mapping to None, run_after=None
[2025-07-15T16:07:59.384+0000] {processor.py:208} INFO - Processing /home/airflow/.local/lib/python3.12/site-packages/airflow/example_dags/example_dynamic_task_mapping.py took 0.038 seconds
[2025-07-15T16:08:30.381+0000] {processor.py:186} INFO - Started process (PID=3909) to work on /home/airflow/.local/lib/python3.12/site-packages/airflow/example_dags/example_dynamic_task_mapping.py
[2025-07-15T16:08:30.382+0000] {processor.py:914} INFO - Processing file /home/airflow/.local/lib/python3.12/site-packages/airflow/example_dags/example_dynamic_task_mapping.py for tasks to queue
[2025-07-15T16:08:30.383+0000] {logging_mixin.py:190} INFO - [2025-07-15T16:08:30.383+0000] {dagbag.py:588} INFO - Filling up the DagBag from /home/airflow/.local/lib/python3.12/site-packages/airflow/example_dags/example_dynamic_task_mapping.py
[2025-07-15T16:08:30.387+0000] {processor.py:925} INFO - DAG(s) 'example_dynamic_task_mapping' retrieved from /home/airflow/.local/lib/python3.12/site-packages/airflow/example_dags/example_dynamic_task_mapping.py
[2025-07-15T16:08:30.397+0000] {logging_mixin.py:190} INFO - [2025-07-15T16:08:30.397+0000] {dag.py:3239} INFO - Sync 1 DAGs
[2025-07-15T16:08:30.403+0000] {logging_mixin.py:190} INFO - [2025-07-15T16:08:30.403+0000] {dag.py:4180} INFO - Setting next_dagrun for example_dynamic_task_mapping to None, run_after=None
[2025-07-15T16:08:30.412+0000] {processor.py:208} INFO - Processing /home/airflow/.local/lib/python3.12/site-packages/airflow/example_dags/example_dynamic_task_mapping.py took 0.034 seconds
[2025-07-15T16:09:01.095+0000] {processor.py:186} INFO - Started process (PID=3971) to work on /home/airflow/.local/lib/python3.12/site-packages/airflow/example_dags/example_dynamic_task_mapping.py
[2025-07-15T16:09:01.096+0000] {processor.py:914} INFO - Processing file /home/airflow/.local/lib/python3.12/site-packages/airflow/example_dags/example_dynamic_task_mapping.py for tasks to queue
[2025-07-15T16:09:01.097+0000] {logging_mixin.py:190} INFO - [2025-07-15T16:09:01.097+0000] {dagbag.py:588} INFO - Filling up the DagBag from /home/airflow/.local/lib/python3.12/site-packages/airflow/example_dags/example_dynamic_task_mapping.py
[2025-07-15T16:09:01.102+0000] {processor.py:925} INFO - DAG(s) 'example_dynamic_task_mapping' retrieved from /home/airflow/.local/lib/python3.12/site-packages/airflow/example_dags/example_dynamic_task_mapping.py
[2025-07-15T16:09:01.123+0000] {logging_mixin.py:190} INFO - [2025-07-15T16:09:01.123+0000] {dag.py:3239} INFO - Sync 1 DAGs
[2025-07-15T16:09:01.132+0000] {logging_mixin.py:190} INFO - [2025-07-15T16:09:01.132+0000] {dag.py:4180} INFO - Setting next_dagrun for example_dynamic_task_mapping to None, run_after=None
[2025-07-15T16:09:01.143+0000] {processor.py:208} INFO - Processing /home/airflow/.local/lib/python3.12/site-packages/airflow/example_dags/example_dynamic_task_mapping.py took 0.055 seconds
[2025-07-15T16:09:32.107+0000] {processor.py:186} INFO - Started process (PID=4032) to work on /home/airflow/.local/lib/python3.12/site-packages/airflow/example_dags/example_dynamic_task_mapping.py
[2025-07-15T16:09:32.108+0000] {processor.py:914} INFO - Processing file /home/airflow/.local/lib/python3.12/site-packages/airflow/example_dags/example_dynamic_task_mapping.py for tasks to queue
[2025-07-15T16:09:32.109+0000] {logging_mixin.py:190} INFO - [2025-07-15T16:09:32.109+0000] {dagbag.py:588} INFO - Filling up the DagBag from /home/airflow/.local/lib/python3.12/site-packages/airflow/example_dags/example_dynamic_task_mapping.py
[2025-07-15T16:09:32.113+0000] {processor.py:925} INFO - DAG(s) 'example_dynamic_task_mapping' retrieved from /home/airflow/.local/lib/python3.12/site-packages/airflow/example_dags/example_dynamic_task_mapping.py
[2025-07-15T16:09:32.123+0000] {logging_mixin.py:190} INFO - [2025-07-15T16:09:32.123+0000] {dag.py:3239} INFO - Sync 1 DAGs
[2025-07-15T16:09:32.129+0000] {logging_mixin.py:190} INFO - [2025-07-15T16:09:32.129+0000] {dag.py:4180} INFO - Setting next_dagrun for example_dynamic_task_mapping to None, run_after=None
[2025-07-15T16:09:32.136+0000] {processor.py:208} INFO - Processing /home/airflow/.local/lib/python3.12/site-packages/airflow/example_dags/example_dynamic_task_mapping.py took 0.032 seconds
[2025-07-15T16:10:02.575+0000] {processor.py:186} INFO - Started process (PID=4094) to work on /home/airflow/.local/lib/python3.12/site-packages/airflow/example_dags/example_dynamic_task_mapping.py
[2025-07-15T16:10:02.576+0000] {processor.py:914} INFO - Processing file /home/airflow/.local/lib/python3.12/site-packages/airflow/example_dags/example_dynamic_task_mapping.py for tasks to queue
[2025-07-15T16:10:02.577+0000] {logging_mixin.py:190} INFO - [2025-07-15T16:10:02.577+0000] {dagbag.py:588} INFO - Filling up the DagBag from /home/airflow/.local/lib/python3.12/site-packages/airflow/example_dags/example_dynamic_task_mapping.py
[2025-07-15T16:10:02.583+0000] {processor.py:925} INFO - DAG(s) 'example_dynamic_task_mapping' retrieved from /home/airflow/.local/lib/python3.12/site-packages/airflow/example_dags/example_dynamic_task_mapping.py
[2025-07-15T16:10:02.598+0000] {logging_mixin.py:190} INFO - [2025-07-15T16:10:02.598+0000] {dag.py:3239} INFO - Sync 1 DAGs
[2025-07-15T16:10:02.605+0000] {logging_mixin.py:190} INFO - [2025-07-15T16:10:02.605+0000] {dag.py:4180} INFO - Setting next_dagrun for example_dynamic_task_mapping to None, run_after=None
[2025-07-15T16:10:02.621+0000] {processor.py:208} INFO - Processing /home/airflow/.local/lib/python3.12/site-packages/airflow/example_dags/example_dynamic_task_mapping.py took 0.058 seconds
[2025-07-15T16:10:33.149+0000] {processor.py:186} INFO - Started process (PID=4155) to work on /home/airflow/.local/lib/python3.12/site-packages/airflow/example_dags/example_dynamic_task_mapping.py
[2025-07-15T16:10:33.150+0000] {processor.py:914} INFO - Processing file /home/airflow/.local/lib/python3.12/site-packages/airflow/example_dags/example_dynamic_task_mapping.py for tasks to queue
[2025-07-15T16:10:33.151+0000] {logging_mixin.py:190} INFO - [2025-07-15T16:10:33.151+0000] {dagbag.py:588} INFO - Filling up the DagBag from /home/airflow/.local/lib/python3.12/site-packages/airflow/example_dags/example_dynamic_task_mapping.py
[2025-07-15T16:10:33.157+0000] {processor.py:925} INFO - DAG(s) 'example_dynamic_task_mapping' retrieved from /home/airflow/.local/lib/python3.12/site-packages/airflow/example_dags/example_dynamic_task_mapping.py
[2025-07-15T16:10:33.179+0000] {logging_mixin.py:190} INFO - [2025-07-15T16:10:33.179+0000] {dag.py:3239} INFO - Sync 1 DAGs
[2025-07-15T16:10:33.187+0000] {logging_mixin.py:190} INFO - [2025-07-15T16:10:33.187+0000] {dag.py:4180} INFO - Setting next_dagrun for example_dynamic_task_mapping to None, run_after=None
[2025-07-15T16:10:33.197+0000] {processor.py:208} INFO - Processing /home/airflow/.local/lib/python3.12/site-packages/airflow/example_dags/example_dynamic_task_mapping.py took 0.053 seconds
[2025-07-15T16:11:04.254+0000] {processor.py:186} INFO - Started process (PID=4217) to work on /home/airflow/.local/lib/python3.12/site-packages/airflow/example_dags/example_dynamic_task_mapping.py
[2025-07-15T16:11:04.255+0000] {processor.py:914} INFO - Processing file /home/airflow/.local/lib/python3.12/site-packages/airflow/example_dags/example_dynamic_task_mapping.py for tasks to queue
[2025-07-15T16:11:04.256+0000] {logging_mixin.py:190} INFO - [2025-07-15T16:11:04.256+0000] {dagbag.py:588} INFO - Filling up the DagBag from /home/airflow/.local/lib/python3.12/site-packages/airflow/example_dags/example_dynamic_task_mapping.py
[2025-07-15T16:11:04.262+0000] {processor.py:925} INFO - DAG(s) 'example_dynamic_task_mapping' retrieved from /home/airflow/.local/lib/python3.12/site-packages/airflow/example_dags/example_dynamic_task_mapping.py
[2025-07-15T16:11:04.282+0000] {logging_mixin.py:190} INFO - [2025-07-15T16:11:04.282+0000] {dag.py:3239} INFO - Sync 1 DAGs
[2025-07-15T16:11:04.291+0000] {logging_mixin.py:190} INFO - [2025-07-15T16:11:04.291+0000] {dag.py:4180} INFO - Setting next_dagrun for example_dynamic_task_mapping to None, run_after=None
[2025-07-15T16:11:04.301+0000] {processor.py:208} INFO - Processing /home/airflow/.local/lib/python3.12/site-packages/airflow/example_dags/example_dynamic_task_mapping.py took 0.051 seconds
[2025-07-15T16:11:35.120+0000] {processor.py:186} INFO - Started process (PID=4279) to work on /home/airflow/.local/lib/python3.12/site-packages/airflow/example_dags/example_dynamic_task_mapping.py
[2025-07-15T16:11:35.123+0000] {processor.py:914} INFO - Processing file /home/airflow/.local/lib/python3.12/site-packages/airflow/example_dags/example_dynamic_task_mapping.py for tasks to queue
[2025-07-15T16:11:35.125+0000] {logging_mixin.py:190} INFO - [2025-07-15T16:11:35.125+0000] {dagbag.py:588} INFO - Filling up the DagBag from /home/airflow/.local/lib/python3.12/site-packages/airflow/example_dags/example_dynamic_task_mapping.py
[2025-07-15T16:11:35.130+0000] {processor.py:925} INFO - DAG(s) 'example_dynamic_task_mapping' retrieved from /home/airflow/.local/lib/python3.12/site-packages/airflow/example_dags/example_dynamic_task_mapping.py
[2025-07-15T16:11:35.146+0000] {logging_mixin.py:190} INFO - [2025-07-15T16:11:35.145+0000] {dag.py:3239} INFO - Sync 1 DAGs
[2025-07-15T16:11:35.155+0000] {logging_mixin.py:190} INFO - [2025-07-15T16:11:35.155+0000] {dag.py:4180} INFO - Setting next_dagrun for example_dynamic_task_mapping to None, run_after=None
[2025-07-15T16:11:35.177+0000] {processor.py:208} INFO - Processing /home/airflow/.local/lib/python3.12/site-packages/airflow/example_dags/example_dynamic_task_mapping.py took 0.062 seconds
[2025-07-15T16:12:05.588+0000] {processor.py:186} INFO - Started process (PID=4341) to work on /home/airflow/.local/lib/python3.12/site-packages/airflow/example_dags/example_dynamic_task_mapping.py
[2025-07-15T16:12:05.590+0000] {processor.py:914} INFO - Processing file /home/airflow/.local/lib/python3.12/site-packages/airflow/example_dags/example_dynamic_task_mapping.py for tasks to queue
[2025-07-15T16:12:05.591+0000] {logging_mixin.py:190} INFO - [2025-07-15T16:12:05.591+0000] {dagbag.py:588} INFO - Filling up the DagBag from /home/airflow/.local/lib/python3.12/site-packages/airflow/example_dags/example_dynamic_task_mapping.py
[2025-07-15T16:12:05.598+0000] {processor.py:925} INFO - DAG(s) 'example_dynamic_task_mapping' retrieved from /home/airflow/.local/lib/python3.12/site-packages/airflow/example_dags/example_dynamic_task_mapping.py
[2025-07-15T16:12:05.613+0000] {logging_mixin.py:190} INFO - [2025-07-15T16:12:05.612+0000] {dag.py:3239} INFO - Sync 1 DAGs
[2025-07-15T16:12:05.632+0000] {logging_mixin.py:190} INFO - [2025-07-15T16:12:05.631+0000] {dag.py:4180} INFO - Setting next_dagrun for example_dynamic_task_mapping to None, run_after=None
[2025-07-15T16:12:05.647+0000] {processor.py:208} INFO - Processing /home/airflow/.local/lib/python3.12/site-packages/airflow/example_dags/example_dynamic_task_mapping.py took 0.073 seconds
[2025-07-15T16:12:36.157+0000] {processor.py:186} INFO - Started process (PID=4403) to work on /home/airflow/.local/lib/python3.12/site-packages/airflow/example_dags/example_dynamic_task_mapping.py
[2025-07-15T16:12:36.158+0000] {processor.py:914} INFO - Processing file /home/airflow/.local/lib/python3.12/site-packages/airflow/example_dags/example_dynamic_task_mapping.py for tasks to queue
[2025-07-15T16:12:36.160+0000] {logging_mixin.py:190} INFO - [2025-07-15T16:12:36.160+0000] {dagbag.py:588} INFO - Filling up the DagBag from /home/airflow/.local/lib/python3.12/site-packages/airflow/example_dags/example_dynamic_task_mapping.py
[2025-07-15T16:12:36.167+0000] {processor.py:925} INFO - DAG(s) 'example_dynamic_task_mapping' retrieved from /home/airflow/.local/lib/python3.12/site-packages/airflow/example_dags/example_dynamic_task_mapping.py
[2025-07-15T16:12:36.186+0000] {logging_mixin.py:190} INFO - [2025-07-15T16:12:36.186+0000] {dag.py:3239} INFO - Sync 1 DAGs
[2025-07-15T16:12:36.201+0000] {logging_mixin.py:190} INFO - [2025-07-15T16:12:36.201+0000] {dag.py:4180} INFO - Setting next_dagrun for example_dynamic_task_mapping to None, run_after=None
[2025-07-15T16:12:36.212+0000] {processor.py:208} INFO - Processing /home/airflow/.local/lib/python3.12/site-packages/airflow/example_dags/example_dynamic_task_mapping.py took 0.063 seconds
[2025-07-15T16:13:06.441+0000] {processor.py:186} INFO - Started process (PID=4465) to work on /home/airflow/.local/lib/python3.12/site-packages/airflow/example_dags/example_dynamic_task_mapping.py
[2025-07-15T16:13:06.441+0000] {processor.py:914} INFO - Processing file /home/airflow/.local/lib/python3.12/site-packages/airflow/example_dags/example_dynamic_task_mapping.py for tasks to queue
[2025-07-15T16:13:06.443+0000] {logging_mixin.py:190} INFO - [2025-07-15T16:13:06.443+0000] {dagbag.py:588} INFO - Filling up the DagBag from /home/airflow/.local/lib/python3.12/site-packages/airflow/example_dags/example_dynamic_task_mapping.py
[2025-07-15T16:13:06.447+0000] {processor.py:925} INFO - DAG(s) 'example_dynamic_task_mapping' retrieved from /home/airflow/.local/lib/python3.12/site-packages/airflow/example_dags/example_dynamic_task_mapping.py
[2025-07-15T16:13:06.458+0000] {logging_mixin.py:190} INFO - [2025-07-15T16:13:06.458+0000] {dag.py:3239} INFO - Sync 1 DAGs
[2025-07-15T16:13:06.466+0000] {logging_mixin.py:190} INFO - [2025-07-15T16:13:06.466+0000] {dag.py:4180} INFO - Setting next_dagrun for example_dynamic_task_mapping to None, run_after=None
[2025-07-15T16:13:06.474+0000] {processor.py:208} INFO - Processing /home/airflow/.local/lib/python3.12/site-packages/airflow/example_dags/example_dynamic_task_mapping.py took 0.037 seconds
[2025-07-15T16:13:36.770+0000] {processor.py:186} INFO - Started process (PID=4527) to work on /home/airflow/.local/lib/python3.12/site-packages/airflow/example_dags/example_dynamic_task_mapping.py
[2025-07-15T16:13:36.770+0000] {processor.py:914} INFO - Processing file /home/airflow/.local/lib/python3.12/site-packages/airflow/example_dags/example_dynamic_task_mapping.py for tasks to queue
[2025-07-15T16:13:36.772+0000] {logging_mixin.py:190} INFO - [2025-07-15T16:13:36.772+0000] {dagbag.py:588} INFO - Filling up the DagBag from /home/airflow/.local/lib/python3.12/site-packages/airflow/example_dags/example_dynamic_task_mapping.py
[2025-07-15T16:13:36.779+0000] {processor.py:925} INFO - DAG(s) 'example_dynamic_task_mapping' retrieved from /home/airflow/.local/lib/python3.12/site-packages/airflow/example_dags/example_dynamic_task_mapping.py
[2025-07-15T16:13:36.792+0000] {logging_mixin.py:190} INFO - [2025-07-15T16:13:36.792+0000] {dag.py:3239} INFO - Sync 1 DAGs
[2025-07-15T16:13:36.800+0000] {logging_mixin.py:190} INFO - [2025-07-15T16:13:36.800+0000] {dag.py:4180} INFO - Setting next_dagrun for example_dynamic_task_mapping to None, run_after=None
[2025-07-15T16:13:36.811+0000] {processor.py:208} INFO - Processing /home/airflow/.local/lib/python3.12/site-packages/airflow/example_dags/example_dynamic_task_mapping.py took 0.047 seconds
[2025-07-15T16:14:07.135+0000] {processor.py:186} INFO - Started process (PID=4589) to work on /home/airflow/.local/lib/python3.12/site-packages/airflow/example_dags/example_dynamic_task_mapping.py
[2025-07-15T16:14:07.136+0000] {processor.py:914} INFO - Processing file /home/airflow/.local/lib/python3.12/site-packages/airflow/example_dags/example_dynamic_task_mapping.py for tasks to queue
[2025-07-15T16:14:07.137+0000] {logging_mixin.py:190} INFO - [2025-07-15T16:14:07.137+0000] {dagbag.py:588} INFO - Filling up the DagBag from /home/airflow/.local/lib/python3.12/site-packages/airflow/example_dags/example_dynamic_task_mapping.py
[2025-07-15T16:14:07.143+0000] {processor.py:925} INFO - DAG(s) 'example_dynamic_task_mapping' retrieved from /home/airflow/.local/lib/python3.12/site-packages/airflow/example_dags/example_dynamic_task_mapping.py
[2025-07-15T16:14:07.157+0000] {logging_mixin.py:190} INFO - [2025-07-15T16:14:07.157+0000] {dag.py:3239} INFO - Sync 1 DAGs
[2025-07-15T16:14:07.165+0000] {logging_mixin.py:190} INFO - [2025-07-15T16:14:07.165+0000] {dag.py:4180} INFO - Setting next_dagrun for example_dynamic_task_mapping to None, run_after=None
[2025-07-15T16:14:07.179+0000] {processor.py:208} INFO - Processing /home/airflow/.local/lib/python3.12/site-packages/airflow/example_dags/example_dynamic_task_mapping.py took 0.056 seconds
[2025-07-15T16:14:38.315+0000] {processor.py:186} INFO - Started process (PID=4650) to work on /home/airflow/.local/lib/python3.12/site-packages/airflow/example_dags/example_dynamic_task_mapping.py
[2025-07-15T16:14:38.316+0000] {processor.py:914} INFO - Processing file /home/airflow/.local/lib/python3.12/site-packages/airflow/example_dags/example_dynamic_task_mapping.py for tasks to queue
[2025-07-15T16:14:38.317+0000] {logging_mixin.py:190} INFO - [2025-07-15T16:14:38.317+0000] {dagbag.py:588} INFO - Filling up the DagBag from /home/airflow/.local/lib/python3.12/site-packages/airflow/example_dags/example_dynamic_task_mapping.py
[2025-07-15T16:14:38.323+0000] {processor.py:925} INFO - DAG(s) 'example_dynamic_task_mapping' retrieved from /home/airflow/.local/lib/python3.12/site-packages/airflow/example_dags/example_dynamic_task_mapping.py
[2025-07-15T16:14:38.335+0000] {logging_mixin.py:190} INFO - [2025-07-15T16:14:38.335+0000] {dag.py:3239} INFO - Sync 1 DAGs
[2025-07-15T16:14:38.342+0000] {logging_mixin.py:190} INFO - [2025-07-15T16:14:38.342+0000] {dag.py:4180} INFO - Setting next_dagrun for example_dynamic_task_mapping to None, run_after=None
[2025-07-15T16:14:38.356+0000] {processor.py:208} INFO - Processing /home/airflow/.local/lib/python3.12/site-packages/airflow/example_dags/example_dynamic_task_mapping.py took 0.045 seconds
[2025-07-15T16:15:08.739+0000] {processor.py:186} INFO - Started process (PID=4712) to work on /home/airflow/.local/lib/python3.12/site-packages/airflow/example_dags/example_dynamic_task_mapping.py
[2025-07-15T16:15:08.739+0000] {processor.py:914} INFO - Processing file /home/airflow/.local/lib/python3.12/site-packages/airflow/example_dags/example_dynamic_task_mapping.py for tasks to queue
[2025-07-15T16:15:08.741+0000] {logging_mixin.py:190} INFO - [2025-07-15T16:15:08.740+0000] {dagbag.py:588} INFO - Filling up the DagBag from /home/airflow/.local/lib/python3.12/site-packages/airflow/example_dags/example_dynamic_task_mapping.py
[2025-07-15T16:15:08.745+0000] {processor.py:925} INFO - DAG(s) 'example_dynamic_task_mapping' retrieved from /home/airflow/.local/lib/python3.12/site-packages/airflow/example_dags/example_dynamic_task_mapping.py
[2025-07-15T16:15:08.755+0000] {logging_mixin.py:190} INFO - [2025-07-15T16:15:08.754+0000] {dag.py:3239} INFO - Sync 1 DAGs
[2025-07-15T16:15:08.761+0000] {logging_mixin.py:190} INFO - [2025-07-15T16:15:08.760+0000] {dag.py:4180} INFO - Setting next_dagrun for example_dynamic_task_mapping to None, run_after=None
[2025-07-15T16:15:08.768+0000] {processor.py:208} INFO - Processing /home/airflow/.local/lib/python3.12/site-packages/airflow/example_dags/example_dynamic_task_mapping.py took 0.032 seconds
[2025-07-15T16:15:39.050+0000] {processor.py:186} INFO - Started process (PID=4774) to work on /home/airflow/.local/lib/python3.12/site-packages/airflow/example_dags/example_dynamic_task_mapping.py
[2025-07-15T16:15:39.051+0000] {processor.py:914} INFO - Processing file /home/airflow/.local/lib/python3.12/site-packages/airflow/example_dags/example_dynamic_task_mapping.py for tasks to queue
[2025-07-15T16:15:39.052+0000] {logging_mixin.py:190} INFO - [2025-07-15T16:15:39.052+0000] {dagbag.py:588} INFO - Filling up the DagBag from /home/airflow/.local/lib/python3.12/site-packages/airflow/example_dags/example_dynamic_task_mapping.py
[2025-07-15T16:15:39.058+0000] {processor.py:925} INFO - DAG(s) 'example_dynamic_task_mapping' retrieved from /home/airflow/.local/lib/python3.12/site-packages/airflow/example_dags/example_dynamic_task_mapping.py
[2025-07-15T16:15:39.069+0000] {logging_mixin.py:190} INFO - [2025-07-15T16:15:39.069+0000] {dag.py:3239} INFO - Sync 1 DAGs
[2025-07-15T16:15:39.076+0000] {logging_mixin.py:190} INFO - [2025-07-15T16:15:39.075+0000] {dag.py:4180} INFO - Setting next_dagrun for example_dynamic_task_mapping to None, run_after=None
[2025-07-15T16:15:39.083+0000] {processor.py:208} INFO - Processing /home/airflow/.local/lib/python3.12/site-packages/airflow/example_dags/example_dynamic_task_mapping.py took 0.040 seconds
[2025-07-15T16:16:10.063+0000] {processor.py:186} INFO - Started process (PID=4836) to work on /home/airflow/.local/lib/python3.12/site-packages/airflow/example_dags/example_dynamic_task_mapping.py
[2025-07-15T16:16:10.064+0000] {processor.py:914} INFO - Processing file /home/airflow/.local/lib/python3.12/site-packages/airflow/example_dags/example_dynamic_task_mapping.py for tasks to queue
[2025-07-15T16:16:10.066+0000] {logging_mixin.py:190} INFO - [2025-07-15T16:16:10.066+0000] {dagbag.py:588} INFO - Filling up the DagBag from /home/airflow/.local/lib/python3.12/site-packages/airflow/example_dags/example_dynamic_task_mapping.py
[2025-07-15T16:16:10.071+0000] {processor.py:925} INFO - DAG(s) 'example_dynamic_task_mapping' retrieved from /home/airflow/.local/lib/python3.12/site-packages/airflow/example_dags/example_dynamic_task_mapping.py
[2025-07-15T16:16:10.083+0000] {logging_mixin.py:190} INFO - [2025-07-15T16:16:10.083+0000] {dag.py:3239} INFO - Sync 1 DAGs
[2025-07-15T16:16:10.090+0000] {logging_mixin.py:190} INFO - [2025-07-15T16:16:10.090+0000] {dag.py:4180} INFO - Setting next_dagrun for example_dynamic_task_mapping to None, run_after=None
[2025-07-15T16:16:10.105+0000] {processor.py:208} INFO - Processing /home/airflow/.local/lib/python3.12/site-packages/airflow/example_dags/example_dynamic_task_mapping.py took 0.051 seconds
[2025-07-15T16:16:40.512+0000] {processor.py:186} INFO - Started process (PID=4898) to work on /home/airflow/.local/lib/python3.12/site-packages/airflow/example_dags/example_dynamic_task_mapping.py
[2025-07-15T16:16:40.514+0000] {processor.py:914} INFO - Processing file /home/airflow/.local/lib/python3.12/site-packages/airflow/example_dags/example_dynamic_task_mapping.py for tasks to queue
[2025-07-15T16:16:40.515+0000] {logging_mixin.py:190} INFO - [2025-07-15T16:16:40.515+0000] {dagbag.py:588} INFO - Filling up the DagBag from /home/airflow/.local/lib/python3.12/site-packages/airflow/example_dags/example_dynamic_task_mapping.py
[2025-07-15T16:16:40.521+0000] {processor.py:925} INFO - DAG(s) 'example_dynamic_task_mapping' retrieved from /home/airflow/.local/lib/python3.12/site-packages/airflow/example_dags/example_dynamic_task_mapping.py
[2025-07-15T16:16:40.544+0000] {logging_mixin.py:190} INFO - [2025-07-15T16:16:40.544+0000] {dag.py:3239} INFO - Sync 1 DAGs
[2025-07-15T16:16:40.558+0000] {logging_mixin.py:190} INFO - [2025-07-15T16:16:40.558+0000] {dag.py:4180} INFO - Setting next_dagrun for example_dynamic_task_mapping to None, run_after=None
[2025-07-15T16:16:40.570+0000] {processor.py:208} INFO - Processing /home/airflow/.local/lib/python3.12/site-packages/airflow/example_dags/example_dynamic_task_mapping.py took 0.066 seconds
[2025-07-15T16:17:10.912+0000] {processor.py:186} INFO - Started process (PID=4960) to work on /home/airflow/.local/lib/python3.12/site-packages/airflow/example_dags/example_dynamic_task_mapping.py
[2025-07-15T16:17:10.914+0000] {processor.py:914} INFO - Processing file /home/airflow/.local/lib/python3.12/site-packages/airflow/example_dags/example_dynamic_task_mapping.py for tasks to queue
[2025-07-15T16:17:10.916+0000] {logging_mixin.py:190} INFO - [2025-07-15T16:17:10.916+0000] {dagbag.py:588} INFO - Filling up the DagBag from /home/airflow/.local/lib/python3.12/site-packages/airflow/example_dags/example_dynamic_task_mapping.py
[2025-07-15T16:17:10.922+0000] {processor.py:925} INFO - DAG(s) 'example_dynamic_task_mapping' retrieved from /home/airflow/.local/lib/python3.12/site-packages/airflow/example_dags/example_dynamic_task_mapping.py
[2025-07-15T16:17:10.940+0000] {logging_mixin.py:190} INFO - [2025-07-15T16:17:10.940+0000] {dag.py:3239} INFO - Sync 1 DAGs
[2025-07-15T16:17:10.950+0000] {logging_mixin.py:190} INFO - [2025-07-15T16:17:10.950+0000] {dag.py:4180} INFO - Setting next_dagrun for example_dynamic_task_mapping to None, run_after=None
[2025-07-15T16:17:10.963+0000] {processor.py:208} INFO - Processing /home/airflow/.local/lib/python3.12/site-packages/airflow/example_dags/example_dynamic_task_mapping.py took 0.060 seconds
[2025-07-15T16:17:41.836+0000] {processor.py:186} INFO - Started process (PID=5022) to work on /home/airflow/.local/lib/python3.12/site-packages/airflow/example_dags/example_dynamic_task_mapping.py
[2025-07-15T16:17:41.839+0000] {processor.py:914} INFO - Processing file /home/airflow/.local/lib/python3.12/site-packages/airflow/example_dags/example_dynamic_task_mapping.py for tasks to queue
[2025-07-15T16:17:41.841+0000] {logging_mixin.py:190} INFO - [2025-07-15T16:17:41.840+0000] {dagbag.py:588} INFO - Filling up the DagBag from /home/airflow/.local/lib/python3.12/site-packages/airflow/example_dags/example_dynamic_task_mapping.py
[2025-07-15T16:17:41.851+0000] {processor.py:925} INFO - DAG(s) 'example_dynamic_task_mapping' retrieved from /home/airflow/.local/lib/python3.12/site-packages/airflow/example_dags/example_dynamic_task_mapping.py
[2025-07-15T16:17:41.871+0000] {logging_mixin.py:190} INFO - [2025-07-15T16:17:41.870+0000] {dag.py:3239} INFO - Sync 1 DAGs
[2025-07-15T16:17:41.880+0000] {logging_mixin.py:190} INFO - [2025-07-15T16:17:41.880+0000] {dag.py:4180} INFO - Setting next_dagrun for example_dynamic_task_mapping to None, run_after=None
[2025-07-15T16:17:41.889+0000] {processor.py:208} INFO - Processing /home/airflow/.local/lib/python3.12/site-packages/airflow/example_dags/example_dynamic_task_mapping.py took 0.061 seconds
[2025-07-15T16:18:12.482+0000] {processor.py:186} INFO - Started process (PID=5084) to work on /home/airflow/.local/lib/python3.12/site-packages/airflow/example_dags/example_dynamic_task_mapping.py
[2025-07-15T16:18:12.482+0000] {processor.py:914} INFO - Processing file /home/airflow/.local/lib/python3.12/site-packages/airflow/example_dags/example_dynamic_task_mapping.py for tasks to queue
[2025-07-15T16:18:12.484+0000] {logging_mixin.py:190} INFO - [2025-07-15T16:18:12.484+0000] {dagbag.py:588} INFO - Filling up the DagBag from /home/airflow/.local/lib/python3.12/site-packages/airflow/example_dags/example_dynamic_task_mapping.py
[2025-07-15T16:18:12.490+0000] {processor.py:925} INFO - DAG(s) 'example_dynamic_task_mapping' retrieved from /home/airflow/.local/lib/python3.12/site-packages/airflow/example_dags/example_dynamic_task_mapping.py
[2025-07-15T16:18:12.502+0000] {logging_mixin.py:190} INFO - [2025-07-15T16:18:12.502+0000] {dag.py:3239} INFO - Sync 1 DAGs
[2025-07-15T16:18:12.511+0000] {logging_mixin.py:190} INFO - [2025-07-15T16:18:12.510+0000] {dag.py:4180} INFO - Setting next_dagrun for example_dynamic_task_mapping to None, run_after=None
[2025-07-15T16:18:12.525+0000] {processor.py:208} INFO - Processing /home/airflow/.local/lib/python3.12/site-packages/airflow/example_dags/example_dynamic_task_mapping.py took 0.048 seconds
[2025-07-15T16:18:43.026+0000] {processor.py:186} INFO - Started process (PID=5146) to work on /home/airflow/.local/lib/python3.12/site-packages/airflow/example_dags/example_dynamic_task_mapping.py
[2025-07-15T16:18:43.027+0000] {processor.py:914} INFO - Processing file /home/airflow/.local/lib/python3.12/site-packages/airflow/example_dags/example_dynamic_task_mapping.py for tasks to queue
[2025-07-15T16:18:43.028+0000] {logging_mixin.py:190} INFO - [2025-07-15T16:18:43.028+0000] {dagbag.py:588} INFO - Filling up the DagBag from /home/airflow/.local/lib/python3.12/site-packages/airflow/example_dags/example_dynamic_task_mapping.py
[2025-07-15T16:18:43.035+0000] {processor.py:925} INFO - DAG(s) 'example_dynamic_task_mapping' retrieved from /home/airflow/.local/lib/python3.12/site-packages/airflow/example_dags/example_dynamic_task_mapping.py
[2025-07-15T16:18:43.047+0000] {logging_mixin.py:190} INFO - [2025-07-15T16:18:43.047+0000] {dag.py:3239} INFO - Sync 1 DAGs
[2025-07-15T16:18:43.055+0000] {logging_mixin.py:190} INFO - [2025-07-15T16:18:43.055+0000] {dag.py:4180} INFO - Setting next_dagrun for example_dynamic_task_mapping to None, run_after=None
[2025-07-15T16:18:43.068+0000] {processor.py:208} INFO - Processing /home/airflow/.local/lib/python3.12/site-packages/airflow/example_dags/example_dynamic_task_mapping.py took 0.046 seconds
[2025-07-15T16:19:13.553+0000] {processor.py:186} INFO - Started process (PID=5207) to work on /home/airflow/.local/lib/python3.12/site-packages/airflow/example_dags/example_dynamic_task_mapping.py
[2025-07-15T16:19:13.554+0000] {processor.py:914} INFO - Processing file /home/airflow/.local/lib/python3.12/site-packages/airflow/example_dags/example_dynamic_task_mapping.py for tasks to queue
[2025-07-15T16:19:13.556+0000] {logging_mixin.py:190} INFO - [2025-07-15T16:19:13.555+0000] {dagbag.py:588} INFO - Filling up the DagBag from /home/airflow/.local/lib/python3.12/site-packages/airflow/example_dags/example_dynamic_task_mapping.py
[2025-07-15T16:19:13.561+0000] {processor.py:925} INFO - DAG(s) 'example_dynamic_task_mapping' retrieved from /home/airflow/.local/lib/python3.12/site-packages/airflow/example_dags/example_dynamic_task_mapping.py
[2025-07-15T16:19:13.574+0000] {logging_mixin.py:190} INFO - [2025-07-15T16:19:13.574+0000] {dag.py:3239} INFO - Sync 1 DAGs
[2025-07-15T16:19:13.581+0000] {logging_mixin.py:190} INFO - [2025-07-15T16:19:13.581+0000] {dag.py:4180} INFO - Setting next_dagrun for example_dynamic_task_mapping to None, run_after=None
[2025-07-15T16:19:13.596+0000] {processor.py:208} INFO - Processing /home/airflow/.local/lib/python3.12/site-packages/airflow/example_dags/example_dynamic_task_mapping.py took 0.048 seconds
[2025-07-15T16:19:43.959+0000] {processor.py:186} INFO - Started process (PID=5269) to work on /home/airflow/.local/lib/python3.12/site-packages/airflow/example_dags/example_dynamic_task_mapping.py
[2025-07-15T16:19:43.960+0000] {processor.py:914} INFO - Processing file /home/airflow/.local/lib/python3.12/site-packages/airflow/example_dags/example_dynamic_task_mapping.py for tasks to queue
[2025-07-15T16:19:43.962+0000] {logging_mixin.py:190} INFO - [2025-07-15T16:19:43.961+0000] {dagbag.py:588} INFO - Filling up the DagBag from /home/airflow/.local/lib/python3.12/site-packages/airflow/example_dags/example_dynamic_task_mapping.py
[2025-07-15T16:19:43.966+0000] {processor.py:925} INFO - DAG(s) 'example_dynamic_task_mapping' retrieved from /home/airflow/.local/lib/python3.12/site-packages/airflow/example_dags/example_dynamic_task_mapping.py
[2025-07-15T16:19:43.980+0000] {logging_mixin.py:190} INFO - [2025-07-15T16:19:43.980+0000] {dag.py:3239} INFO - Sync 1 DAGs
[2025-07-15T16:19:43.988+0000] {logging_mixin.py:190} INFO - [2025-07-15T16:19:43.987+0000] {dag.py:4180} INFO - Setting next_dagrun for example_dynamic_task_mapping to None, run_after=None
[2025-07-15T16:19:44.004+0000] {processor.py:208} INFO - Processing /home/airflow/.local/lib/python3.12/site-packages/airflow/example_dags/example_dynamic_task_mapping.py took 0.049 seconds
[2025-07-15T16:20:14.585+0000] {processor.py:186} INFO - Started process (PID=5331) to work on /home/airflow/.local/lib/python3.12/site-packages/airflow/example_dags/example_dynamic_task_mapping.py
[2025-07-15T16:20:14.588+0000] {processor.py:914} INFO - Processing file /home/airflow/.local/lib/python3.12/site-packages/airflow/example_dags/example_dynamic_task_mapping.py for tasks to queue
[2025-07-15T16:20:14.589+0000] {logging_mixin.py:190} INFO - [2025-07-15T16:20:14.589+0000] {dagbag.py:588} INFO - Filling up the DagBag from /home/airflow/.local/lib/python3.12/site-packages/airflow/example_dags/example_dynamic_task_mapping.py
[2025-07-15T16:20:14.598+0000] {processor.py:925} INFO - DAG(s) 'example_dynamic_task_mapping' retrieved from /home/airflow/.local/lib/python3.12/site-packages/airflow/example_dags/example_dynamic_task_mapping.py
[2025-07-15T16:20:14.613+0000] {logging_mixin.py:190} INFO - [2025-07-15T16:20:14.613+0000] {dag.py:3239} INFO - Sync 1 DAGs
[2025-07-15T16:20:14.622+0000] {logging_mixin.py:190} INFO - [2025-07-15T16:20:14.622+0000] {dag.py:4180} INFO - Setting next_dagrun for example_dynamic_task_mapping to None, run_after=None
[2025-07-15T16:20:14.631+0000] {processor.py:208} INFO - Processing /home/airflow/.local/lib/python3.12/site-packages/airflow/example_dags/example_dynamic_task_mapping.py took 0.054 seconds
[2025-07-15T16:20:45.890+0000] {processor.py:186} INFO - Started process (PID=5393) to work on /home/airflow/.local/lib/python3.12/site-packages/airflow/example_dags/example_dynamic_task_mapping.py
[2025-07-15T16:20:45.891+0000] {processor.py:914} INFO - Processing file /home/airflow/.local/lib/python3.12/site-packages/airflow/example_dags/example_dynamic_task_mapping.py for tasks to queue
[2025-07-15T16:20:45.896+0000] {logging_mixin.py:190} INFO - [2025-07-15T16:20:45.894+0000] {dagbag.py:588} INFO - Filling up the DagBag from /home/airflow/.local/lib/python3.12/site-packages/airflow/example_dags/example_dynamic_task_mapping.py
[2025-07-15T16:20:45.902+0000] {processor.py:925} INFO - DAG(s) 'example_dynamic_task_mapping' retrieved from /home/airflow/.local/lib/python3.12/site-packages/airflow/example_dags/example_dynamic_task_mapping.py
[2025-07-15T16:20:45.915+0000] {logging_mixin.py:190} INFO - [2025-07-15T16:20:45.915+0000] {dag.py:3239} INFO - Sync 1 DAGs
[2025-07-15T16:20:45.928+0000] {logging_mixin.py:190} INFO - [2025-07-15T16:20:45.928+0000] {dag.py:4180} INFO - Setting next_dagrun for example_dynamic_task_mapping to None, run_after=None
[2025-07-15T16:20:45.942+0000] {processor.py:208} INFO - Processing /home/airflow/.local/lib/python3.12/site-packages/airflow/example_dags/example_dynamic_task_mapping.py took 0.056 seconds
[2025-07-15T16:21:16.471+0000] {processor.py:186} INFO - Started process (PID=5455) to work on /home/airflow/.local/lib/python3.12/site-packages/airflow/example_dags/example_dynamic_task_mapping.py
[2025-07-15T16:21:16.471+0000] {processor.py:914} INFO - Processing file /home/airflow/.local/lib/python3.12/site-packages/airflow/example_dags/example_dynamic_task_mapping.py for tasks to queue
[2025-07-15T16:21:16.473+0000] {logging_mixin.py:190} INFO - [2025-07-15T16:21:16.473+0000] {dagbag.py:588} INFO - Filling up the DagBag from /home/airflow/.local/lib/python3.12/site-packages/airflow/example_dags/example_dynamic_task_mapping.py
[2025-07-15T16:21:16.477+0000] {processor.py:925} INFO - DAG(s) 'example_dynamic_task_mapping' retrieved from /home/airflow/.local/lib/python3.12/site-packages/airflow/example_dags/example_dynamic_task_mapping.py
[2025-07-15T16:21:16.486+0000] {logging_mixin.py:190} INFO - [2025-07-15T16:21:16.486+0000] {dag.py:3239} INFO - Sync 1 DAGs
[2025-07-15T16:21:16.494+0000] {logging_mixin.py:190} INFO - [2025-07-15T16:21:16.493+0000] {dag.py:4180} INFO - Setting next_dagrun for example_dynamic_task_mapping to None, run_after=None
[2025-07-15T16:21:16.501+0000] {processor.py:208} INFO - Processing /home/airflow/.local/lib/python3.12/site-packages/airflow/example_dags/example_dynamic_task_mapping.py took 0.034 seconds
[2025-07-15T16:21:47.055+0000] {processor.py:186} INFO - Started process (PID=5517) to work on /home/airflow/.local/lib/python3.12/site-packages/airflow/example_dags/example_dynamic_task_mapping.py
[2025-07-15T16:21:47.058+0000] {processor.py:914} INFO - Processing file /home/airflow/.local/lib/python3.12/site-packages/airflow/example_dags/example_dynamic_task_mapping.py for tasks to queue
[2025-07-15T16:21:47.062+0000] {logging_mixin.py:190} INFO - [2025-07-15T16:21:47.062+0000] {dagbag.py:588} INFO - Filling up the DagBag from /home/airflow/.local/lib/python3.12/site-packages/airflow/example_dags/example_dynamic_task_mapping.py
[2025-07-15T16:21:47.075+0000] {processor.py:925} INFO - DAG(s) 'example_dynamic_task_mapping' retrieved from /home/airflow/.local/lib/python3.12/site-packages/airflow/example_dags/example_dynamic_task_mapping.py
[2025-07-15T16:21:47.124+0000] {logging_mixin.py:190} INFO - [2025-07-15T16:21:47.124+0000] {dag.py:3239} INFO - Sync 1 DAGs
[2025-07-15T16:21:47.141+0000] {logging_mixin.py:190} INFO - [2025-07-15T16:21:47.140+0000] {dag.py:4180} INFO - Setting next_dagrun for example_dynamic_task_mapping to None, run_after=None
[2025-07-15T16:21:47.164+0000] {processor.py:208} INFO - Processing /home/airflow/.local/lib/python3.12/site-packages/airflow/example_dags/example_dynamic_task_mapping.py took 0.122 seconds
[2025-07-15T16:22:18.348+0000] {processor.py:186} INFO - Started process (PID=5579) to work on /home/airflow/.local/lib/python3.12/site-packages/airflow/example_dags/example_dynamic_task_mapping.py
[2025-07-15T16:22:18.349+0000] {processor.py:914} INFO - Processing file /home/airflow/.local/lib/python3.12/site-packages/airflow/example_dags/example_dynamic_task_mapping.py for tasks to queue
[2025-07-15T16:22:18.351+0000] {logging_mixin.py:190} INFO - [2025-07-15T16:22:18.351+0000] {dagbag.py:588} INFO - Filling up the DagBag from /home/airflow/.local/lib/python3.12/site-packages/airflow/example_dags/example_dynamic_task_mapping.py
[2025-07-15T16:22:18.358+0000] {processor.py:925} INFO - DAG(s) 'example_dynamic_task_mapping' retrieved from /home/airflow/.local/lib/python3.12/site-packages/airflow/example_dags/example_dynamic_task_mapping.py
[2025-07-15T16:22:18.371+0000] {logging_mixin.py:190} INFO - [2025-07-15T16:22:18.370+0000] {dag.py:3239} INFO - Sync 1 DAGs
[2025-07-15T16:22:18.378+0000] {logging_mixin.py:190} INFO - [2025-07-15T16:22:18.378+0000] {dag.py:4180} INFO - Setting next_dagrun for example_dynamic_task_mapping to None, run_after=None
[2025-07-15T16:22:18.386+0000] {processor.py:208} INFO - Processing /home/airflow/.local/lib/python3.12/site-packages/airflow/example_dags/example_dynamic_task_mapping.py took 0.044 seconds
[2025-07-15T16:22:49.131+0000] {processor.py:186} INFO - Started process (PID=5641) to work on /home/airflow/.local/lib/python3.12/site-packages/airflow/example_dags/example_dynamic_task_mapping.py
[2025-07-15T16:22:49.132+0000] {processor.py:914} INFO - Processing file /home/airflow/.local/lib/python3.12/site-packages/airflow/example_dags/example_dynamic_task_mapping.py for tasks to queue
[2025-07-15T16:22:49.134+0000] {logging_mixin.py:190} INFO - [2025-07-15T16:22:49.134+0000] {dagbag.py:588} INFO - Filling up the DagBag from /home/airflow/.local/lib/python3.12/site-packages/airflow/example_dags/example_dynamic_task_mapping.py
[2025-07-15T16:22:49.139+0000] {processor.py:925} INFO - DAG(s) 'example_dynamic_task_mapping' retrieved from /home/airflow/.local/lib/python3.12/site-packages/airflow/example_dags/example_dynamic_task_mapping.py
[2025-07-15T16:22:49.158+0000] {logging_mixin.py:190} INFO - [2025-07-15T16:22:49.158+0000] {dag.py:3239} INFO - Sync 1 DAGs
[2025-07-15T16:22:49.168+0000] {logging_mixin.py:190} INFO - [2025-07-15T16:22:49.168+0000] {dag.py:4180} INFO - Setting next_dagrun for example_dynamic_task_mapping to None, run_after=None
[2025-07-15T16:22:49.182+0000] {processor.py:208} INFO - Processing /home/airflow/.local/lib/python3.12/site-packages/airflow/example_dags/example_dynamic_task_mapping.py took 0.060 seconds
[2025-07-15T16:23:20.225+0000] {processor.py:186} INFO - Started process (PID=5703) to work on /home/airflow/.local/lib/python3.12/site-packages/airflow/example_dags/example_dynamic_task_mapping.py
[2025-07-15T16:23:20.227+0000] {processor.py:914} INFO - Processing file /home/airflow/.local/lib/python3.12/site-packages/airflow/example_dags/example_dynamic_task_mapping.py for tasks to queue
[2025-07-15T16:23:20.228+0000] {logging_mixin.py:190} INFO - [2025-07-15T16:23:20.228+0000] {dagbag.py:588} INFO - Filling up the DagBag from /home/airflow/.local/lib/python3.12/site-packages/airflow/example_dags/example_dynamic_task_mapping.py
[2025-07-15T16:23:20.236+0000] {processor.py:925} INFO - DAG(s) 'example_dynamic_task_mapping' retrieved from /home/airflow/.local/lib/python3.12/site-packages/airflow/example_dags/example_dynamic_task_mapping.py
[2025-07-15T16:23:20.247+0000] {logging_mixin.py:190} INFO - [2025-07-15T16:23:20.247+0000] {dag.py:3239} INFO - Sync 1 DAGs
[2025-07-15T16:23:20.257+0000] {logging_mixin.py:190} INFO - [2025-07-15T16:23:20.257+0000] {dag.py:4180} INFO - Setting next_dagrun for example_dynamic_task_mapping to None, run_after=None
[2025-07-15T16:23:20.268+0000] {processor.py:208} INFO - Processing /home/airflow/.local/lib/python3.12/site-packages/airflow/example_dags/example_dynamic_task_mapping.py took 0.064 seconds
[2025-07-15T16:23:50.636+0000] {processor.py:186} INFO - Started process (PID=5764) to work on /home/airflow/.local/lib/python3.12/site-packages/airflow/example_dags/example_dynamic_task_mapping.py
[2025-07-15T16:23:50.636+0000] {processor.py:914} INFO - Processing file /home/airflow/.local/lib/python3.12/site-packages/airflow/example_dags/example_dynamic_task_mapping.py for tasks to queue
[2025-07-15T16:23:50.638+0000] {logging_mixin.py:190} INFO - [2025-07-15T16:23:50.638+0000] {dagbag.py:588} INFO - Filling up the DagBag from /home/airflow/.local/lib/python3.12/site-packages/airflow/example_dags/example_dynamic_task_mapping.py
[2025-07-15T16:23:50.643+0000] {processor.py:925} INFO - DAG(s) 'example_dynamic_task_mapping' retrieved from /home/airflow/.local/lib/python3.12/site-packages/airflow/example_dags/example_dynamic_task_mapping.py
[2025-07-15T16:23:50.658+0000] {logging_mixin.py:190} INFO - [2025-07-15T16:23:50.657+0000] {dag.py:3239} INFO - Sync 1 DAGs
[2025-07-15T16:23:50.669+0000] {logging_mixin.py:190} INFO - [2025-07-15T16:23:50.669+0000] {dag.py:4180} INFO - Setting next_dagrun for example_dynamic_task_mapping to None, run_after=None
[2025-07-15T16:23:50.682+0000] {processor.py:208} INFO - Processing /home/airflow/.local/lib/python3.12/site-packages/airflow/example_dags/example_dynamic_task_mapping.py took 0.050 seconds
[2025-07-15T16:24:21.320+0000] {processor.py:186} INFO - Started process (PID=5826) to work on /home/airflow/.local/lib/python3.12/site-packages/airflow/example_dags/example_dynamic_task_mapping.py
[2025-07-15T16:24:21.321+0000] {processor.py:914} INFO - Processing file /home/airflow/.local/lib/python3.12/site-packages/airflow/example_dags/example_dynamic_task_mapping.py for tasks to queue
[2025-07-15T16:24:21.324+0000] {logging_mixin.py:190} INFO - [2025-07-15T16:24:21.324+0000] {dagbag.py:588} INFO - Filling up the DagBag from /home/airflow/.local/lib/python3.12/site-packages/airflow/example_dags/example_dynamic_task_mapping.py
[2025-07-15T16:24:21.330+0000] {processor.py:925} INFO - DAG(s) 'example_dynamic_task_mapping' retrieved from /home/airflow/.local/lib/python3.12/site-packages/airflow/example_dags/example_dynamic_task_mapping.py
[2025-07-15T16:24:21.357+0000] {logging_mixin.py:190} INFO - [2025-07-15T16:24:21.357+0000] {dag.py:3239} INFO - Sync 1 DAGs
[2025-07-15T16:24:21.368+0000] {logging_mixin.py:190} INFO - [2025-07-15T16:24:21.368+0000] {dag.py:4180} INFO - Setting next_dagrun for example_dynamic_task_mapping to None, run_after=None
[2025-07-15T16:24:21.378+0000] {processor.py:208} INFO - Processing /home/airflow/.local/lib/python3.12/site-packages/airflow/example_dags/example_dynamic_task_mapping.py took 0.069 seconds
[2025-07-15T16:24:52.266+0000] {processor.py:186} INFO - Started process (PID=5887) to work on /home/airflow/.local/lib/python3.12/site-packages/airflow/example_dags/example_dynamic_task_mapping.py
[2025-07-15T16:24:52.267+0000] {processor.py:914} INFO - Processing file /home/airflow/.local/lib/python3.12/site-packages/airflow/example_dags/example_dynamic_task_mapping.py for tasks to queue
[2025-07-15T16:24:52.268+0000] {logging_mixin.py:190} INFO - [2025-07-15T16:24:52.268+0000] {dagbag.py:588} INFO - Filling up the DagBag from /home/airflow/.local/lib/python3.12/site-packages/airflow/example_dags/example_dynamic_task_mapping.py
[2025-07-15T16:24:52.272+0000] {processor.py:925} INFO - DAG(s) 'example_dynamic_task_mapping' retrieved from /home/airflow/.local/lib/python3.12/site-packages/airflow/example_dags/example_dynamic_task_mapping.py
[2025-07-15T16:24:52.281+0000] {logging_mixin.py:190} INFO - [2025-07-15T16:24:52.281+0000] {dag.py:3239} INFO - Sync 1 DAGs
[2025-07-15T16:24:52.287+0000] {logging_mixin.py:190} INFO - [2025-07-15T16:24:52.287+0000] {dag.py:4180} INFO - Setting next_dagrun for example_dynamic_task_mapping to None, run_after=None
[2025-07-15T16:24:52.294+0000] {processor.py:208} INFO - Processing /home/airflow/.local/lib/python3.12/site-packages/airflow/example_dags/example_dynamic_task_mapping.py took 0.032 seconds
[2025-07-15T16:25:22.906+0000] {processor.py:186} INFO - Started process (PID=5949) to work on /home/airflow/.local/lib/python3.12/site-packages/airflow/example_dags/example_dynamic_task_mapping.py
[2025-07-15T16:25:22.907+0000] {processor.py:914} INFO - Processing file /home/airflow/.local/lib/python3.12/site-packages/airflow/example_dags/example_dynamic_task_mapping.py for tasks to queue
[2025-07-15T16:25:22.909+0000] {logging_mixin.py:190} INFO - [2025-07-15T16:25:22.909+0000] {dagbag.py:588} INFO - Filling up the DagBag from /home/airflow/.local/lib/python3.12/site-packages/airflow/example_dags/example_dynamic_task_mapping.py
[2025-07-15T16:25:22.914+0000] {processor.py:925} INFO - DAG(s) 'example_dynamic_task_mapping' retrieved from /home/airflow/.local/lib/python3.12/site-packages/airflow/example_dags/example_dynamic_task_mapping.py
[2025-07-15T16:25:22.926+0000] {logging_mixin.py:190} INFO - [2025-07-15T16:25:22.926+0000] {dag.py:3239} INFO - Sync 1 DAGs
[2025-07-15T16:25:22.933+0000] {logging_mixin.py:190} INFO - [2025-07-15T16:25:22.933+0000] {dag.py:4180} INFO - Setting next_dagrun for example_dynamic_task_mapping to None, run_after=None
[2025-07-15T16:25:22.946+0000] {processor.py:208} INFO - Processing /home/airflow/.local/lib/python3.12/site-packages/airflow/example_dags/example_dynamic_task_mapping.py took 0.047 seconds
[2025-07-15T16:25:53.721+0000] {processor.py:186} INFO - Started process (PID=6011) to work on /home/airflow/.local/lib/python3.12/site-packages/airflow/example_dags/example_dynamic_task_mapping.py
[2025-07-15T16:25:53.721+0000] {processor.py:914} INFO - Processing file /home/airflow/.local/lib/python3.12/site-packages/airflow/example_dags/example_dynamic_task_mapping.py for tasks to queue
[2025-07-15T16:25:53.723+0000] {logging_mixin.py:190} INFO - [2025-07-15T16:25:53.723+0000] {dagbag.py:588} INFO - Filling up the DagBag from /home/airflow/.local/lib/python3.12/site-packages/airflow/example_dags/example_dynamic_task_mapping.py
[2025-07-15T16:25:53.728+0000] {processor.py:925} INFO - DAG(s) 'example_dynamic_task_mapping' retrieved from /home/airflow/.local/lib/python3.12/site-packages/airflow/example_dags/example_dynamic_task_mapping.py
[2025-07-15T16:25:53.749+0000] {logging_mixin.py:190} INFO - [2025-07-15T16:25:53.749+0000] {dag.py:3239} INFO - Sync 1 DAGs
[2025-07-15T16:25:53.758+0000] {logging_mixin.py:190} INFO - [2025-07-15T16:25:53.758+0000] {dag.py:4180} INFO - Setting next_dagrun for example_dynamic_task_mapping to None, run_after=None
[2025-07-15T16:25:53.772+0000] {processor.py:208} INFO - Processing /home/airflow/.local/lib/python3.12/site-packages/airflow/example_dags/example_dynamic_task_mapping.py took 0.054 seconds
[2025-07-15T16:26:23.984+0000] {processor.py:186} INFO - Started process (PID=6073) to work on /home/airflow/.local/lib/python3.12/site-packages/airflow/example_dags/example_dynamic_task_mapping.py
[2025-07-15T16:26:23.985+0000] {processor.py:914} INFO - Processing file /home/airflow/.local/lib/python3.12/site-packages/airflow/example_dags/example_dynamic_task_mapping.py for tasks to queue
[2025-07-15T16:26:23.987+0000] {logging_mixin.py:190} INFO - [2025-07-15T16:26:23.987+0000] {dagbag.py:588} INFO - Filling up the DagBag from /home/airflow/.local/lib/python3.12/site-packages/airflow/example_dags/example_dynamic_task_mapping.py
[2025-07-15T16:26:23.993+0000] {processor.py:925} INFO - DAG(s) 'example_dynamic_task_mapping' retrieved from /home/airflow/.local/lib/python3.12/site-packages/airflow/example_dags/example_dynamic_task_mapping.py
[2025-07-15T16:26:24.003+0000] {logging_mixin.py:190} INFO - [2025-07-15T16:26:24.003+0000] {dag.py:3239} INFO - Sync 1 DAGs
[2025-07-15T16:26:24.010+0000] {logging_mixin.py:190} INFO - [2025-07-15T16:26:24.010+0000] {dag.py:4180} INFO - Setting next_dagrun for example_dynamic_task_mapping to None, run_after=None
[2025-07-15T16:26:24.018+0000] {processor.py:208} INFO - Processing /home/airflow/.local/lib/python3.12/site-packages/airflow/example_dags/example_dynamic_task_mapping.py took 0.037 seconds
[2025-07-15T16:26:54.981+0000] {processor.py:186} INFO - Started process (PID=6135) to work on /home/airflow/.local/lib/python3.12/site-packages/airflow/example_dags/example_dynamic_task_mapping.py
[2025-07-15T16:26:54.982+0000] {processor.py:914} INFO - Processing file /home/airflow/.local/lib/python3.12/site-packages/airflow/example_dags/example_dynamic_task_mapping.py for tasks to queue
[2025-07-15T16:26:54.983+0000] {logging_mixin.py:190} INFO - [2025-07-15T16:26:54.983+0000] {dagbag.py:588} INFO - Filling up the DagBag from /home/airflow/.local/lib/python3.12/site-packages/airflow/example_dags/example_dynamic_task_mapping.py
[2025-07-15T16:26:54.987+0000] {processor.py:925} INFO - DAG(s) 'example_dynamic_task_mapping' retrieved from /home/airflow/.local/lib/python3.12/site-packages/airflow/example_dags/example_dynamic_task_mapping.py
[2025-07-15T16:26:54.997+0000] {logging_mixin.py:190} INFO - [2025-07-15T16:26:54.997+0000] {dag.py:3239} INFO - Sync 1 DAGs
[2025-07-15T16:26:55.003+0000] {logging_mixin.py:190} INFO - [2025-07-15T16:26:55.003+0000] {dag.py:4180} INFO - Setting next_dagrun for example_dynamic_task_mapping to None, run_after=None
[2025-07-15T16:26:55.010+0000] {processor.py:208} INFO - Processing /home/airflow/.local/lib/python3.12/site-packages/airflow/example_dags/example_dynamic_task_mapping.py took 0.032 seconds
[2025-07-15T16:27:26.059+0000] {processor.py:186} INFO - Started process (PID=6197) to work on /home/airflow/.local/lib/python3.12/site-packages/airflow/example_dags/example_dynamic_task_mapping.py
[2025-07-15T16:27:26.060+0000] {processor.py:914} INFO - Processing file /home/airflow/.local/lib/python3.12/site-packages/airflow/example_dags/example_dynamic_task_mapping.py for tasks to queue
[2025-07-15T16:27:26.062+0000] {logging_mixin.py:190} INFO - [2025-07-15T16:27:26.061+0000] {dagbag.py:588} INFO - Filling up the DagBag from /home/airflow/.local/lib/python3.12/site-packages/airflow/example_dags/example_dynamic_task_mapping.py
[2025-07-15T16:27:26.070+0000] {processor.py:925} INFO - DAG(s) 'example_dynamic_task_mapping' retrieved from /home/airflow/.local/lib/python3.12/site-packages/airflow/example_dags/example_dynamic_task_mapping.py
[2025-07-15T16:27:26.081+0000] {logging_mixin.py:190} INFO - [2025-07-15T16:27:26.081+0000] {dag.py:3239} INFO - Sync 1 DAGs
[2025-07-15T16:27:26.090+0000] {logging_mixin.py:190} INFO - [2025-07-15T16:27:26.090+0000] {dag.py:4180} INFO - Setting next_dagrun for example_dynamic_task_mapping to None, run_after=None
[2025-07-15T16:27:26.102+0000] {processor.py:208} INFO - Processing /home/airflow/.local/lib/python3.12/site-packages/airflow/example_dags/example_dynamic_task_mapping.py took 0.055 seconds
[2025-07-15T16:27:57.302+0000] {processor.py:186} INFO - Started process (PID=6265) to work on /home/airflow/.local/lib/python3.12/site-packages/airflow/example_dags/example_dynamic_task_mapping.py
[2025-07-15T16:27:57.306+0000] {processor.py:914} INFO - Processing file /home/airflow/.local/lib/python3.12/site-packages/airflow/example_dags/example_dynamic_task_mapping.py for tasks to queue
[2025-07-15T16:27:57.307+0000] {logging_mixin.py:190} INFO - [2025-07-15T16:27:57.307+0000] {dagbag.py:588} INFO - Filling up the DagBag from /home/airflow/.local/lib/python3.12/site-packages/airflow/example_dags/example_dynamic_task_mapping.py
[2025-07-15T16:27:57.314+0000] {processor.py:925} INFO - DAG(s) 'example_dynamic_task_mapping' retrieved from /home/airflow/.local/lib/python3.12/site-packages/airflow/example_dags/example_dynamic_task_mapping.py
[2025-07-15T16:27:57.339+0000] {logging_mixin.py:190} INFO - [2025-07-15T16:27:57.339+0000] {dag.py:3239} INFO - Sync 1 DAGs
[2025-07-15T16:27:57.349+0000] {logging_mixin.py:190} INFO - [2025-07-15T16:27:57.349+0000] {dag.py:4180} INFO - Setting next_dagrun for example_dynamic_task_mapping to None, run_after=None
[2025-07-15T16:27:57.362+0000] {processor.py:208} INFO - Processing /home/airflow/.local/lib/python3.12/site-packages/airflow/example_dags/example_dynamic_task_mapping.py took 0.069 seconds
[2025-07-15T16:28:27.852+0000] {processor.py:186} INFO - Started process (PID=6326) to work on /home/airflow/.local/lib/python3.12/site-packages/airflow/example_dags/example_dynamic_task_mapping.py
[2025-07-15T16:28:27.854+0000] {processor.py:914} INFO - Processing file /home/airflow/.local/lib/python3.12/site-packages/airflow/example_dags/example_dynamic_task_mapping.py for tasks to queue
[2025-07-15T16:28:27.855+0000] {logging_mixin.py:190} INFO - [2025-07-15T16:28:27.855+0000] {dagbag.py:588} INFO - Filling up the DagBag from /home/airflow/.local/lib/python3.12/site-packages/airflow/example_dags/example_dynamic_task_mapping.py
[2025-07-15T16:28:27.861+0000] {processor.py:925} INFO - DAG(s) 'example_dynamic_task_mapping' retrieved from /home/airflow/.local/lib/python3.12/site-packages/airflow/example_dags/example_dynamic_task_mapping.py
[2025-07-15T16:28:27.875+0000] {logging_mixin.py:190} INFO - [2025-07-15T16:28:27.875+0000] {dag.py:3239} INFO - Sync 1 DAGs
[2025-07-15T16:28:27.884+0000] {logging_mixin.py:190} INFO - [2025-07-15T16:28:27.884+0000] {dag.py:4180} INFO - Setting next_dagrun for example_dynamic_task_mapping to None, run_after=None
[2025-07-15T16:28:27.891+0000] {processor.py:208} INFO - Processing /home/airflow/.local/lib/python3.12/site-packages/airflow/example_dags/example_dynamic_task_mapping.py took 0.046 seconds
[2025-07-15T16:28:58.261+0000] {processor.py:186} INFO - Started process (PID=6388) to work on /home/airflow/.local/lib/python3.12/site-packages/airflow/example_dags/example_dynamic_task_mapping.py
[2025-07-15T16:28:58.261+0000] {processor.py:914} INFO - Processing file /home/airflow/.local/lib/python3.12/site-packages/airflow/example_dags/example_dynamic_task_mapping.py for tasks to queue
[2025-07-15T16:28:58.263+0000] {logging_mixin.py:190} INFO - [2025-07-15T16:28:58.263+0000] {dagbag.py:588} INFO - Filling up the DagBag from /home/airflow/.local/lib/python3.12/site-packages/airflow/example_dags/example_dynamic_task_mapping.py
[2025-07-15T16:28:58.267+0000] {processor.py:925} INFO - DAG(s) 'example_dynamic_task_mapping' retrieved from /home/airflow/.local/lib/python3.12/site-packages/airflow/example_dags/example_dynamic_task_mapping.py
[2025-07-15T16:28:58.277+0000] {logging_mixin.py:190} INFO - [2025-07-15T16:28:58.276+0000] {dag.py:3239} INFO - Sync 1 DAGs
[2025-07-15T16:28:58.283+0000] {logging_mixin.py:190} INFO - [2025-07-15T16:28:58.283+0000] {dag.py:4180} INFO - Setting next_dagrun for example_dynamic_task_mapping to None, run_after=None
[2025-07-15T16:28:58.290+0000] {processor.py:208} INFO - Processing /home/airflow/.local/lib/python3.12/site-packages/airflow/example_dags/example_dynamic_task_mapping.py took 0.033 seconds
[2025-07-15T16:29:28.969+0000] {processor.py:186} INFO - Started process (PID=6450) to work on /home/airflow/.local/lib/python3.12/site-packages/airflow/example_dags/example_dynamic_task_mapping.py
[2025-07-15T16:29:28.970+0000] {processor.py:914} INFO - Processing file /home/airflow/.local/lib/python3.12/site-packages/airflow/example_dags/example_dynamic_task_mapping.py for tasks to queue
[2025-07-15T16:29:28.974+0000] {logging_mixin.py:190} INFO - [2025-07-15T16:29:28.974+0000] {dagbag.py:588} INFO - Filling up the DagBag from /home/airflow/.local/lib/python3.12/site-packages/airflow/example_dags/example_dynamic_task_mapping.py
[2025-07-15T16:29:28.983+0000] {processor.py:925} INFO - DAG(s) 'example_dynamic_task_mapping' retrieved from /home/airflow/.local/lib/python3.12/site-packages/airflow/example_dags/example_dynamic_task_mapping.py
[2025-07-15T16:29:28.997+0000] {logging_mixin.py:190} INFO - [2025-07-15T16:29:28.997+0000] {dag.py:3239} INFO - Sync 1 DAGs
[2025-07-15T16:29:29.004+0000] {logging_mixin.py:190} INFO - [2025-07-15T16:29:29.004+0000] {dag.py:4180} INFO - Setting next_dagrun for example_dynamic_task_mapping to None, run_after=None
[2025-07-15T16:29:29.020+0000] {processor.py:208} INFO - Processing /home/airflow/.local/lib/python3.12/site-packages/airflow/example_dags/example_dynamic_task_mapping.py took 0.058 seconds
[2025-07-15T16:29:59.360+0000] {processor.py:186} INFO - Started process (PID=6512) to work on /home/airflow/.local/lib/python3.12/site-packages/airflow/example_dags/example_dynamic_task_mapping.py
[2025-07-15T16:29:59.362+0000] {processor.py:914} INFO - Processing file /home/airflow/.local/lib/python3.12/site-packages/airflow/example_dags/example_dynamic_task_mapping.py for tasks to queue
[2025-07-15T16:29:59.367+0000] {logging_mixin.py:190} INFO - [2025-07-15T16:29:59.366+0000] {dagbag.py:588} INFO - Filling up the DagBag from /home/airflow/.local/lib/python3.12/site-packages/airflow/example_dags/example_dynamic_task_mapping.py
[2025-07-15T16:29:59.385+0000] {processor.py:925} INFO - DAG(s) 'example_dynamic_task_mapping' retrieved from /home/airflow/.local/lib/python3.12/site-packages/airflow/example_dags/example_dynamic_task_mapping.py
[2025-07-15T16:29:59.403+0000] {logging_mixin.py:190} INFO - [2025-07-15T16:29:59.403+0000] {dag.py:3239} INFO - Sync 1 DAGs
[2025-07-15T16:29:59.417+0000] {logging_mixin.py:190} INFO - [2025-07-15T16:29:59.416+0000] {dag.py:4180} INFO - Setting next_dagrun for example_dynamic_task_mapping to None, run_after=None
[2025-07-15T16:29:59.428+0000] {processor.py:208} INFO - Processing /home/airflow/.local/lib/python3.12/site-packages/airflow/example_dags/example_dynamic_task_mapping.py took 0.087 seconds
[2025-07-15T16:30:29.688+0000] {processor.py:186} INFO - Started process (PID=6574) to work on /home/airflow/.local/lib/python3.12/site-packages/airflow/example_dags/example_dynamic_task_mapping.py
[2025-07-15T16:30:29.689+0000] {processor.py:914} INFO - Processing file /home/airflow/.local/lib/python3.12/site-packages/airflow/example_dags/example_dynamic_task_mapping.py for tasks to queue
[2025-07-15T16:30:29.692+0000] {logging_mixin.py:190} INFO - [2025-07-15T16:30:29.692+0000] {dagbag.py:588} INFO - Filling up the DagBag from /home/airflow/.local/lib/python3.12/site-packages/airflow/example_dags/example_dynamic_task_mapping.py
[2025-07-15T16:30:29.698+0000] {processor.py:925} INFO - DAG(s) 'example_dynamic_task_mapping' retrieved from /home/airflow/.local/lib/python3.12/site-packages/airflow/example_dags/example_dynamic_task_mapping.py
[2025-07-15T16:30:29.710+0000] {logging_mixin.py:190} INFO - [2025-07-15T16:30:29.709+0000] {dag.py:3239} INFO - Sync 1 DAGs
[2025-07-15T16:30:29.716+0000] {logging_mixin.py:190} INFO - [2025-07-15T16:30:29.716+0000] {dag.py:4180} INFO - Setting next_dagrun for example_dynamic_task_mapping to None, run_after=None
[2025-07-15T16:30:29.724+0000] {processor.py:208} INFO - Processing /home/airflow/.local/lib/python3.12/site-packages/airflow/example_dags/example_dynamic_task_mapping.py took 0.040 seconds
[2025-07-15T16:31:00.157+0000] {processor.py:186} INFO - Started process (PID=6636) to work on /home/airflow/.local/lib/python3.12/site-packages/airflow/example_dags/example_dynamic_task_mapping.py
[2025-07-15T16:31:00.158+0000] {processor.py:914} INFO - Processing file /home/airflow/.local/lib/python3.12/site-packages/airflow/example_dags/example_dynamic_task_mapping.py for tasks to queue
[2025-07-15T16:31:00.159+0000] {logging_mixin.py:190} INFO - [2025-07-15T16:31:00.159+0000] {dagbag.py:588} INFO - Filling up the DagBag from /home/airflow/.local/lib/python3.12/site-packages/airflow/example_dags/example_dynamic_task_mapping.py
[2025-07-15T16:31:00.164+0000] {processor.py:925} INFO - DAG(s) 'example_dynamic_task_mapping' retrieved from /home/airflow/.local/lib/python3.12/site-packages/airflow/example_dags/example_dynamic_task_mapping.py
[2025-07-15T16:31:00.184+0000] {logging_mixin.py:190} INFO - [2025-07-15T16:31:00.184+0000] {dag.py:3239} INFO - Sync 1 DAGs
[2025-07-15T16:31:00.193+0000] {logging_mixin.py:190} INFO - [2025-07-15T16:31:00.193+0000] {dag.py:4180} INFO - Setting next_dagrun for example_dynamic_task_mapping to None, run_after=None
[2025-07-15T16:31:00.208+0000] {processor.py:208} INFO - Processing /home/airflow/.local/lib/python3.12/site-packages/airflow/example_dags/example_dynamic_task_mapping.py took 0.057 seconds
[2025-07-15T16:31:30.527+0000] {processor.py:186} INFO - Started process (PID=6698) to work on /home/airflow/.local/lib/python3.12/site-packages/airflow/example_dags/example_dynamic_task_mapping.py
[2025-07-15T16:31:30.531+0000] {processor.py:914} INFO - Processing file /home/airflow/.local/lib/python3.12/site-packages/airflow/example_dags/example_dynamic_task_mapping.py for tasks to queue
[2025-07-15T16:31:30.535+0000] {logging_mixin.py:190} INFO - [2025-07-15T16:31:30.535+0000] {dagbag.py:588} INFO - Filling up the DagBag from /home/airflow/.local/lib/python3.12/site-packages/airflow/example_dags/example_dynamic_task_mapping.py
[2025-07-15T16:31:30.544+0000] {processor.py:925} INFO - DAG(s) 'example_dynamic_task_mapping' retrieved from /home/airflow/.local/lib/python3.12/site-packages/airflow/example_dags/example_dynamic_task_mapping.py
[2025-07-15T16:31:30.579+0000] {logging_mixin.py:190} INFO - [2025-07-15T16:31:30.578+0000] {dag.py:3239} INFO - Sync 1 DAGs
[2025-07-15T16:31:30.598+0000] {logging_mixin.py:190} INFO - [2025-07-15T16:31:30.598+0000] {dag.py:4180} INFO - Setting next_dagrun for example_dynamic_task_mapping to None, run_after=None
[2025-07-15T16:31:30.627+0000] {processor.py:208} INFO - Processing /home/airflow/.local/lib/python3.12/site-packages/airflow/example_dags/example_dynamic_task_mapping.py took 0.108 seconds
[2025-07-15T16:32:00.891+0000] {processor.py:186} INFO - Started process (PID=6760) to work on /home/airflow/.local/lib/python3.12/site-packages/airflow/example_dags/example_dynamic_task_mapping.py
[2025-07-15T16:32:00.893+0000] {processor.py:914} INFO - Processing file /home/airflow/.local/lib/python3.12/site-packages/airflow/example_dags/example_dynamic_task_mapping.py for tasks to queue
[2025-07-15T16:32:00.895+0000] {logging_mixin.py:190} INFO - [2025-07-15T16:32:00.895+0000] {dagbag.py:588} INFO - Filling up the DagBag from /home/airflow/.local/lib/python3.12/site-packages/airflow/example_dags/example_dynamic_task_mapping.py
[2025-07-15T16:32:00.901+0000] {processor.py:925} INFO - DAG(s) 'example_dynamic_task_mapping' retrieved from /home/airflow/.local/lib/python3.12/site-packages/airflow/example_dags/example_dynamic_task_mapping.py
[2025-07-15T16:32:00.916+0000] {logging_mixin.py:190} INFO - [2025-07-15T16:32:00.915+0000] {dag.py:3239} INFO - Sync 1 DAGs
[2025-07-15T16:32:00.928+0000] {logging_mixin.py:190} INFO - [2025-07-15T16:32:00.928+0000] {dag.py:4180} INFO - Setting next_dagrun for example_dynamic_task_mapping to None, run_after=None
[2025-07-15T16:32:00.940+0000] {processor.py:208} INFO - Processing /home/airflow/.local/lib/python3.12/site-packages/airflow/example_dags/example_dynamic_task_mapping.py took 0.055 seconds
[2025-07-15T16:32:32.023+0000] {processor.py:186} INFO - Started process (PID=6822) to work on /home/airflow/.local/lib/python3.12/site-packages/airflow/example_dags/example_dynamic_task_mapping.py
[2025-07-15T16:32:32.024+0000] {processor.py:914} INFO - Processing file /home/airflow/.local/lib/python3.12/site-packages/airflow/example_dags/example_dynamic_task_mapping.py for tasks to queue
[2025-07-15T16:32:32.026+0000] {logging_mixin.py:190} INFO - [2025-07-15T16:32:32.026+0000] {dagbag.py:588} INFO - Filling up the DagBag from /home/airflow/.local/lib/python3.12/site-packages/airflow/example_dags/example_dynamic_task_mapping.py
[2025-07-15T16:32:32.031+0000] {processor.py:925} INFO - DAG(s) 'example_dynamic_task_mapping' retrieved from /home/airflow/.local/lib/python3.12/site-packages/airflow/example_dags/example_dynamic_task_mapping.py
[2025-07-15T16:32:32.047+0000] {logging_mixin.py:190} INFO - [2025-07-15T16:32:32.046+0000] {dag.py:3239} INFO - Sync 1 DAGs
[2025-07-15T16:32:32.055+0000] {logging_mixin.py:190} INFO - [2025-07-15T16:32:32.054+0000] {dag.py:4180} INFO - Setting next_dagrun for example_dynamic_task_mapping to None, run_after=None
[2025-07-15T16:32:32.067+0000] {processor.py:208} INFO - Processing /home/airflow/.local/lib/python3.12/site-packages/airflow/example_dags/example_dynamic_task_mapping.py took 0.050 seconds
[2025-07-15T16:33:02.643+0000] {processor.py:186} INFO - Started process (PID=6884) to work on /home/airflow/.local/lib/python3.12/site-packages/airflow/example_dags/example_dynamic_task_mapping.py
[2025-07-15T16:33:02.643+0000] {processor.py:914} INFO - Processing file /home/airflow/.local/lib/python3.12/site-packages/airflow/example_dags/example_dynamic_task_mapping.py for tasks to queue
[2025-07-15T16:33:02.645+0000] {logging_mixin.py:190} INFO - [2025-07-15T16:33:02.645+0000] {dagbag.py:588} INFO - Filling up the DagBag from /home/airflow/.local/lib/python3.12/site-packages/airflow/example_dags/example_dynamic_task_mapping.py
[2025-07-15T16:33:02.649+0000] {processor.py:925} INFO - DAG(s) 'example_dynamic_task_mapping' retrieved from /home/airflow/.local/lib/python3.12/site-packages/airflow/example_dags/example_dynamic_task_mapping.py
[2025-07-15T16:33:02.661+0000] {logging_mixin.py:190} INFO - [2025-07-15T16:33:02.661+0000] {dag.py:3239} INFO - Sync 1 DAGs
[2025-07-15T16:33:02.670+0000] {logging_mixin.py:190} INFO - [2025-07-15T16:33:02.669+0000] {dag.py:4180} INFO - Setting next_dagrun for example_dynamic_task_mapping to None, run_after=None
[2025-07-15T16:33:02.678+0000] {processor.py:208} INFO - Processing /home/airflow/.local/lib/python3.12/site-packages/airflow/example_dags/example_dynamic_task_mapping.py took 0.041 seconds
[2025-07-15T16:33:32.930+0000] {processor.py:186} INFO - Started process (PID=6946) to work on /home/airflow/.local/lib/python3.12/site-packages/airflow/example_dags/example_dynamic_task_mapping.py
[2025-07-15T16:33:32.933+0000] {processor.py:914} INFO - Processing file /home/airflow/.local/lib/python3.12/site-packages/airflow/example_dags/example_dynamic_task_mapping.py for tasks to queue
[2025-07-15T16:33:32.936+0000] {logging_mixin.py:190} INFO - [2025-07-15T16:33:32.935+0000] {dagbag.py:588} INFO - Filling up the DagBag from /home/airflow/.local/lib/python3.12/site-packages/airflow/example_dags/example_dynamic_task_mapping.py
[2025-07-15T16:33:32.942+0000] {processor.py:925} INFO - DAG(s) 'example_dynamic_task_mapping' retrieved from /home/airflow/.local/lib/python3.12/site-packages/airflow/example_dags/example_dynamic_task_mapping.py
[2025-07-15T16:33:32.956+0000] {logging_mixin.py:190} INFO - [2025-07-15T16:33:32.956+0000] {dag.py:3239} INFO - Sync 1 DAGs
[2025-07-15T16:33:32.965+0000] {logging_mixin.py:190} INFO - [2025-07-15T16:33:32.965+0000] {dag.py:4180} INFO - Setting next_dagrun for example_dynamic_task_mapping to None, run_after=None
[2025-07-15T16:33:32.974+0000] {processor.py:208} INFO - Processing /home/airflow/.local/lib/python3.12/site-packages/airflow/example_dags/example_dynamic_task_mapping.py took 0.073 seconds
[2025-07-15T16:34:03.220+0000] {processor.py:186} INFO - Started process (PID=7008) to work on /home/airflow/.local/lib/python3.12/site-packages/airflow/example_dags/example_dynamic_task_mapping.py
[2025-07-15T16:34:03.221+0000] {processor.py:914} INFO - Processing file /home/airflow/.local/lib/python3.12/site-packages/airflow/example_dags/example_dynamic_task_mapping.py for tasks to queue
[2025-07-15T16:34:03.223+0000] {logging_mixin.py:190} INFO - [2025-07-15T16:34:03.223+0000] {dagbag.py:588} INFO - Filling up the DagBag from /home/airflow/.local/lib/python3.12/site-packages/airflow/example_dags/example_dynamic_task_mapping.py
[2025-07-15T16:34:03.231+0000] {processor.py:925} INFO - DAG(s) 'example_dynamic_task_mapping' retrieved from /home/airflow/.local/lib/python3.12/site-packages/airflow/example_dags/example_dynamic_task_mapping.py
[2025-07-15T16:34:03.242+0000] {logging_mixin.py:190} INFO - [2025-07-15T16:34:03.242+0000] {dag.py:3239} INFO - Sync 1 DAGs
[2025-07-15T16:34:03.249+0000] {logging_mixin.py:190} INFO - [2025-07-15T16:34:03.249+0000] {dag.py:4180} INFO - Setting next_dagrun for example_dynamic_task_mapping to None, run_after=None
[2025-07-15T16:34:03.257+0000] {processor.py:208} INFO - Processing /home/airflow/.local/lib/python3.12/site-packages/airflow/example_dags/example_dynamic_task_mapping.py took 0.039 seconds
[2025-07-15T16:34:34.264+0000] {processor.py:186} INFO - Started process (PID=7070) to work on /home/airflow/.local/lib/python3.12/site-packages/airflow/example_dags/example_dynamic_task_mapping.py
[2025-07-15T16:34:34.265+0000] {processor.py:914} INFO - Processing file /home/airflow/.local/lib/python3.12/site-packages/airflow/example_dags/example_dynamic_task_mapping.py for tasks to queue
[2025-07-15T16:34:34.267+0000] {logging_mixin.py:190} INFO - [2025-07-15T16:34:34.266+0000] {dagbag.py:588} INFO - Filling up the DagBag from /home/airflow/.local/lib/python3.12/site-packages/airflow/example_dags/example_dynamic_task_mapping.py
[2025-07-15T16:34:34.271+0000] {processor.py:925} INFO - DAG(s) 'example_dynamic_task_mapping' retrieved from /home/airflow/.local/lib/python3.12/site-packages/airflow/example_dags/example_dynamic_task_mapping.py
[2025-07-15T16:34:34.283+0000] {logging_mixin.py:190} INFO - [2025-07-15T16:34:34.283+0000] {dag.py:3239} INFO - Sync 1 DAGs
[2025-07-15T16:34:34.291+0000] {logging_mixin.py:190} INFO - [2025-07-15T16:34:34.291+0000] {dag.py:4180} INFO - Setting next_dagrun for example_dynamic_task_mapping to None, run_after=None
[2025-07-15T16:34:34.303+0000] {processor.py:208} INFO - Processing /home/airflow/.local/lib/python3.12/site-packages/airflow/example_dags/example_dynamic_task_mapping.py took 0.042 seconds
[2025-07-15T16:35:04.451+0000] {processor.py:186} INFO - Started process (PID=7132) to work on /home/airflow/.local/lib/python3.12/site-packages/airflow/example_dags/example_dynamic_task_mapping.py
[2025-07-15T16:35:04.451+0000] {processor.py:914} INFO - Processing file /home/airflow/.local/lib/python3.12/site-packages/airflow/example_dags/example_dynamic_task_mapping.py for tasks to queue
[2025-07-15T16:35:04.453+0000] {logging_mixin.py:190} INFO - [2025-07-15T16:35:04.452+0000] {dagbag.py:588} INFO - Filling up the DagBag from /home/airflow/.local/lib/python3.12/site-packages/airflow/example_dags/example_dynamic_task_mapping.py
[2025-07-15T16:35:04.457+0000] {processor.py:925} INFO - DAG(s) 'example_dynamic_task_mapping' retrieved from /home/airflow/.local/lib/python3.12/site-packages/airflow/example_dags/example_dynamic_task_mapping.py
[2025-07-15T16:35:04.468+0000] {logging_mixin.py:190} INFO - [2025-07-15T16:35:04.468+0000] {dag.py:3239} INFO - Sync 1 DAGs
[2025-07-15T16:35:04.475+0000] {logging_mixin.py:190} INFO - [2025-07-15T16:35:04.475+0000] {dag.py:4180} INFO - Setting next_dagrun for example_dynamic_task_mapping to None, run_after=None
[2025-07-15T16:35:04.482+0000] {processor.py:208} INFO - Processing /home/airflow/.local/lib/python3.12/site-packages/airflow/example_dags/example_dynamic_task_mapping.py took 0.035 seconds
[2025-07-15T16:35:35.246+0000] {processor.py:186} INFO - Started process (PID=7193) to work on /home/airflow/.local/lib/python3.12/site-packages/airflow/example_dags/example_dynamic_task_mapping.py
[2025-07-15T16:35:35.247+0000] {processor.py:914} INFO - Processing file /home/airflow/.local/lib/python3.12/site-packages/airflow/example_dags/example_dynamic_task_mapping.py for tasks to queue
[2025-07-15T16:35:35.250+0000] {logging_mixin.py:190} INFO - [2025-07-15T16:35:35.249+0000] {dagbag.py:588} INFO - Filling up the DagBag from /home/airflow/.local/lib/python3.12/site-packages/airflow/example_dags/example_dynamic_task_mapping.py
[2025-07-15T16:35:35.254+0000] {processor.py:925} INFO - DAG(s) 'example_dynamic_task_mapping' retrieved from /home/airflow/.local/lib/python3.12/site-packages/airflow/example_dags/example_dynamic_task_mapping.py
[2025-07-15T16:35:35.267+0000] {logging_mixin.py:190} INFO - [2025-07-15T16:35:35.267+0000] {dag.py:3239} INFO - Sync 1 DAGs
[2025-07-15T16:35:35.275+0000] {logging_mixin.py:190} INFO - [2025-07-15T16:35:35.275+0000] {dag.py:4180} INFO - Setting next_dagrun for example_dynamic_task_mapping to None, run_after=None
[2025-07-15T16:35:35.286+0000] {processor.py:208} INFO - Processing /home/airflow/.local/lib/python3.12/site-packages/airflow/example_dags/example_dynamic_task_mapping.py took 0.043 seconds
[2025-07-15T16:36:06.965+0000] {processor.py:186} INFO - Started process (PID=7255) to work on /home/airflow/.local/lib/python3.12/site-packages/airflow/example_dags/example_dynamic_task_mapping.py
[2025-07-15T16:36:06.967+0000] {processor.py:914} INFO - Processing file /home/airflow/.local/lib/python3.12/site-packages/airflow/example_dags/example_dynamic_task_mapping.py for tasks to queue
[2025-07-15T16:36:06.971+0000] {logging_mixin.py:190} INFO - [2025-07-15T16:36:06.971+0000] {dagbag.py:588} INFO - Filling up the DagBag from /home/airflow/.local/lib/python3.12/site-packages/airflow/example_dags/example_dynamic_task_mapping.py
[2025-07-15T16:36:06.976+0000] {processor.py:925} INFO - DAG(s) 'example_dynamic_task_mapping' retrieved from /home/airflow/.local/lib/python3.12/site-packages/airflow/example_dags/example_dynamic_task_mapping.py
[2025-07-15T16:36:06.997+0000] {logging_mixin.py:190} INFO - [2025-07-15T16:36:06.997+0000] {dag.py:3239} INFO - Sync 1 DAGs
[2025-07-15T16:36:07.008+0000] {logging_mixin.py:190} INFO - [2025-07-15T16:36:07.007+0000] {dag.py:4180} INFO - Setting next_dagrun for example_dynamic_task_mapping to None, run_after=None
[2025-07-15T16:36:07.018+0000] {processor.py:208} INFO - Processing /home/airflow/.local/lib/python3.12/site-packages/airflow/example_dags/example_dynamic_task_mapping.py took 0.057 seconds
[2025-07-15T16:36:38.469+0000] {processor.py:186} INFO - Started process (PID=7317) to work on /home/airflow/.local/lib/python3.12/site-packages/airflow/example_dags/example_dynamic_task_mapping.py
[2025-07-15T16:36:38.473+0000] {processor.py:914} INFO - Processing file /home/airflow/.local/lib/python3.12/site-packages/airflow/example_dags/example_dynamic_task_mapping.py for tasks to queue
[2025-07-15T16:36:38.475+0000] {logging_mixin.py:190} INFO - [2025-07-15T16:36:38.475+0000] {dagbag.py:588} INFO - Filling up the DagBag from /home/airflow/.local/lib/python3.12/site-packages/airflow/example_dags/example_dynamic_task_mapping.py
[2025-07-15T16:36:38.482+0000] {processor.py:925} INFO - DAG(s) 'example_dynamic_task_mapping' retrieved from /home/airflow/.local/lib/python3.12/site-packages/airflow/example_dags/example_dynamic_task_mapping.py
[2025-07-15T16:36:38.497+0000] {logging_mixin.py:190} INFO - [2025-07-15T16:36:38.497+0000] {dag.py:3239} INFO - Sync 1 DAGs
[2025-07-15T16:36:38.505+0000] {logging_mixin.py:190} INFO - [2025-07-15T16:36:38.505+0000] {dag.py:4180} INFO - Setting next_dagrun for example_dynamic_task_mapping to None, run_after=None
[2025-07-15T16:36:38.520+0000] {processor.py:208} INFO - Processing /home/airflow/.local/lib/python3.12/site-packages/airflow/example_dags/example_dynamic_task_mapping.py took 0.056 seconds
[2025-07-15T16:37:08.579+0000] {processor.py:186} INFO - Started process (PID=7368) to work on /home/airflow/.local/lib/python3.12/site-packages/airflow/example_dags/example_dynamic_task_mapping.py
[2025-07-15T16:37:08.581+0000] {processor.py:914} INFO - Processing file /home/airflow/.local/lib/python3.12/site-packages/airflow/example_dags/example_dynamic_task_mapping.py for tasks to queue
[2025-07-15T16:37:08.585+0000] {logging_mixin.py:190} INFO - [2025-07-15T16:37:08.584+0000] {dagbag.py:588} INFO - Filling up the DagBag from /home/airflow/.local/lib/python3.12/site-packages/airflow/example_dags/example_dynamic_task_mapping.py
[2025-07-15T16:37:08.590+0000] {processor.py:925} INFO - DAG(s) 'example_dynamic_task_mapping' retrieved from /home/airflow/.local/lib/python3.12/site-packages/airflow/example_dags/example_dynamic_task_mapping.py
[2025-07-15T16:37:08.601+0000] {logging_mixin.py:190} INFO - [2025-07-15T16:37:08.601+0000] {dag.py:3239} INFO - Sync 1 DAGs
[2025-07-15T16:37:08.610+0000] {logging_mixin.py:190} INFO - [2025-07-15T16:37:08.609+0000] {dag.py:4180} INFO - Setting next_dagrun for example_dynamic_task_mapping to None, run_after=None
[2025-07-15T16:37:08.619+0000] {processor.py:208} INFO - Processing /home/airflow/.local/lib/python3.12/site-packages/airflow/example_dags/example_dynamic_task_mapping.py took 0.044 seconds
[2025-07-15T16:37:38.802+0000] {processor.py:186} INFO - Started process (PID=7422) to work on /home/airflow/.local/lib/python3.12/site-packages/airflow/example_dags/example_dynamic_task_mapping.py
[2025-07-15T16:37:38.803+0000] {processor.py:914} INFO - Processing file /home/airflow/.local/lib/python3.12/site-packages/airflow/example_dags/example_dynamic_task_mapping.py for tasks to queue
[2025-07-15T16:37:38.805+0000] {logging_mixin.py:190} INFO - [2025-07-15T16:37:38.805+0000] {dagbag.py:588} INFO - Filling up the DagBag from /home/airflow/.local/lib/python3.12/site-packages/airflow/example_dags/example_dynamic_task_mapping.py
[2025-07-15T16:37:38.814+0000] {processor.py:925} INFO - DAG(s) 'example_dynamic_task_mapping' retrieved from /home/airflow/.local/lib/python3.12/site-packages/airflow/example_dags/example_dynamic_task_mapping.py
[2025-07-15T16:37:38.836+0000] {logging_mixin.py:190} INFO - [2025-07-15T16:37:38.836+0000] {dag.py:3239} INFO - Sync 1 DAGs
[2025-07-15T16:37:38.848+0000] {logging_mixin.py:190} INFO - [2025-07-15T16:37:38.848+0000] {dag.py:4180} INFO - Setting next_dagrun for example_dynamic_task_mapping to None, run_after=None
[2025-07-15T16:37:38.861+0000] {processor.py:208} INFO - Processing /home/airflow/.local/lib/python3.12/site-packages/airflow/example_dags/example_dynamic_task_mapping.py took 0.083 seconds
[2025-07-15T16:38:08.966+0000] {processor.py:186} INFO - Started process (PID=7484) to work on /home/airflow/.local/lib/python3.12/site-packages/airflow/example_dags/example_dynamic_task_mapping.py
[2025-07-15T16:38:08.967+0000] {processor.py:914} INFO - Processing file /home/airflow/.local/lib/python3.12/site-packages/airflow/example_dags/example_dynamic_task_mapping.py for tasks to queue
[2025-07-15T16:38:08.969+0000] {logging_mixin.py:190} INFO - [2025-07-15T16:38:08.969+0000] {dagbag.py:588} INFO - Filling up the DagBag from /home/airflow/.local/lib/python3.12/site-packages/airflow/example_dags/example_dynamic_task_mapping.py
[2025-07-15T16:38:08.973+0000] {processor.py:925} INFO - DAG(s) 'example_dynamic_task_mapping' retrieved from /home/airflow/.local/lib/python3.12/site-packages/airflow/example_dags/example_dynamic_task_mapping.py
[2025-07-15T16:38:08.984+0000] {logging_mixin.py:190} INFO - [2025-07-15T16:38:08.983+0000] {dag.py:3239} INFO - Sync 1 DAGs
[2025-07-15T16:38:08.991+0000] {logging_mixin.py:190} INFO - [2025-07-15T16:38:08.991+0000] {dag.py:4180} INFO - Setting next_dagrun for example_dynamic_task_mapping to None, run_after=None
[2025-07-15T16:38:09.001+0000] {processor.py:208} INFO - Processing /home/airflow/.local/lib/python3.12/site-packages/airflow/example_dags/example_dynamic_task_mapping.py took 0.038 seconds
[2025-07-15T16:38:39.736+0000] {processor.py:186} INFO - Started process (PID=7544) to work on /home/airflow/.local/lib/python3.12/site-packages/airflow/example_dags/example_dynamic_task_mapping.py
[2025-07-15T16:38:39.739+0000] {processor.py:914} INFO - Processing file /home/airflow/.local/lib/python3.12/site-packages/airflow/example_dags/example_dynamic_task_mapping.py for tasks to queue
[2025-07-15T16:38:39.743+0000] {logging_mixin.py:190} INFO - [2025-07-15T16:38:39.742+0000] {dagbag.py:588} INFO - Filling up the DagBag from /home/airflow/.local/lib/python3.12/site-packages/airflow/example_dags/example_dynamic_task_mapping.py
[2025-07-15T16:38:39.770+0000] {processor.py:925} INFO - DAG(s) 'example_dynamic_task_mapping' retrieved from /home/airflow/.local/lib/python3.12/site-packages/airflow/example_dags/example_dynamic_task_mapping.py
[2025-07-15T16:38:39.810+0000] {logging_mixin.py:190} INFO - [2025-07-15T16:38:39.810+0000] {dag.py:3239} INFO - Sync 1 DAGs
[2025-07-15T16:38:39.835+0000] {logging_mixin.py:190} INFO - [2025-07-15T16:38:39.835+0000] {dag.py:4180} INFO - Setting next_dagrun for example_dynamic_task_mapping to None, run_after=None
[2025-07-15T16:38:39.849+0000] {processor.py:208} INFO - Processing /home/airflow/.local/lib/python3.12/site-packages/airflow/example_dags/example_dynamic_task_mapping.py took 0.120 seconds
[2025-07-15T16:39:10.180+0000] {processor.py:186} INFO - Started process (PID=7606) to work on /home/airflow/.local/lib/python3.12/site-packages/airflow/example_dags/example_dynamic_task_mapping.py
[2025-07-15T16:39:10.181+0000] {processor.py:914} INFO - Processing file /home/airflow/.local/lib/python3.12/site-packages/airflow/example_dags/example_dynamic_task_mapping.py for tasks to queue
[2025-07-15T16:39:10.182+0000] {logging_mixin.py:190} INFO - [2025-07-15T16:39:10.182+0000] {dagbag.py:588} INFO - Filling up the DagBag from /home/airflow/.local/lib/python3.12/site-packages/airflow/example_dags/example_dynamic_task_mapping.py
[2025-07-15T16:39:10.187+0000] {processor.py:925} INFO - DAG(s) 'example_dynamic_task_mapping' retrieved from /home/airflow/.local/lib/python3.12/site-packages/airflow/example_dags/example_dynamic_task_mapping.py
[2025-07-15T16:39:10.198+0000] {logging_mixin.py:190} INFO - [2025-07-15T16:39:10.198+0000] {dag.py:3239} INFO - Sync 1 DAGs
[2025-07-15T16:39:10.205+0000] {logging_mixin.py:190} INFO - [2025-07-15T16:39:10.205+0000] {dag.py:4180} INFO - Setting next_dagrun for example_dynamic_task_mapping to None, run_after=None
[2025-07-15T16:39:10.218+0000] {processor.py:208} INFO - Processing /home/airflow/.local/lib/python3.12/site-packages/airflow/example_dags/example_dynamic_task_mapping.py took 0.042 seconds
[2025-07-15T16:39:40.983+0000] {processor.py:186} INFO - Started process (PID=7658) to work on /home/airflow/.local/lib/python3.12/site-packages/airflow/example_dags/example_dynamic_task_mapping.py
[2025-07-15T16:39:40.983+0000] {processor.py:914} INFO - Processing file /home/airflow/.local/lib/python3.12/site-packages/airflow/example_dags/example_dynamic_task_mapping.py for tasks to queue
[2025-07-15T16:39:40.985+0000] {logging_mixin.py:190} INFO - [2025-07-15T16:39:40.985+0000] {dagbag.py:588} INFO - Filling up the DagBag from /home/airflow/.local/lib/python3.12/site-packages/airflow/example_dags/example_dynamic_task_mapping.py
[2025-07-15T16:39:40.993+0000] {processor.py:925} INFO - DAG(s) 'example_dynamic_task_mapping' retrieved from /home/airflow/.local/lib/python3.12/site-packages/airflow/example_dags/example_dynamic_task_mapping.py
[2025-07-15T16:39:41.010+0000] {logging_mixin.py:190} INFO - [2025-07-15T16:39:41.010+0000] {dag.py:3239} INFO - Sync 1 DAGs
[2025-07-15T16:39:41.019+0000] {logging_mixin.py:190} INFO - [2025-07-15T16:39:41.019+0000] {dag.py:4180} INFO - Setting next_dagrun for example_dynamic_task_mapping to None, run_after=None
[2025-07-15T16:39:41.030+0000] {processor.py:208} INFO - Processing /home/airflow/.local/lib/python3.12/site-packages/airflow/example_dags/example_dynamic_task_mapping.py took 0.054 seconds
[2025-07-15T16:40:12.372+0000] {processor.py:186} INFO - Started process (PID=7718) to work on /home/airflow/.local/lib/python3.12/site-packages/airflow/example_dags/example_dynamic_task_mapping.py
[2025-07-15T16:40:12.376+0000] {processor.py:914} INFO - Processing file /home/airflow/.local/lib/python3.12/site-packages/airflow/example_dags/example_dynamic_task_mapping.py for tasks to queue
[2025-07-15T16:40:12.380+0000] {logging_mixin.py:190} INFO - [2025-07-15T16:40:12.379+0000] {dagbag.py:588} INFO - Filling up the DagBag from /home/airflow/.local/lib/python3.12/site-packages/airflow/example_dags/example_dynamic_task_mapping.py
[2025-07-15T16:40:12.388+0000] {processor.py:925} INFO - DAG(s) 'example_dynamic_task_mapping' retrieved from /home/airflow/.local/lib/python3.12/site-packages/airflow/example_dags/example_dynamic_task_mapping.py
[2025-07-15T16:40:12.404+0000] {logging_mixin.py:190} INFO - [2025-07-15T16:40:12.404+0000] {dag.py:3239} INFO - Sync 1 DAGs
[2025-07-15T16:40:12.413+0000] {logging_mixin.py:190} INFO - [2025-07-15T16:40:12.413+0000] {dag.py:4180} INFO - Setting next_dagrun for example_dynamic_task_mapping to None, run_after=None
[2025-07-15T16:40:12.423+0000] {processor.py:208} INFO - Processing /home/airflow/.local/lib/python3.12/site-packages/airflow/example_dags/example_dynamic_task_mapping.py took 0.060 seconds
[2025-07-15T16:40:43.006+0000] {processor.py:186} INFO - Started process (PID=7769) to work on /home/airflow/.local/lib/python3.12/site-packages/airflow/example_dags/example_dynamic_task_mapping.py
[2025-07-15T16:40:43.010+0000] {processor.py:914} INFO - Processing file /home/airflow/.local/lib/python3.12/site-packages/airflow/example_dags/example_dynamic_task_mapping.py for tasks to queue
[2025-07-15T16:40:43.021+0000] {logging_mixin.py:190} INFO - [2025-07-15T16:40:43.019+0000] {dagbag.py:588} INFO - Filling up the DagBag from /home/airflow/.local/lib/python3.12/site-packages/airflow/example_dags/example_dynamic_task_mapping.py
[2025-07-15T16:40:43.088+0000] {processor.py:925} INFO - DAG(s) 'example_dynamic_task_mapping' retrieved from /home/airflow/.local/lib/python3.12/site-packages/airflow/example_dags/example_dynamic_task_mapping.py
[2025-07-15T16:40:43.229+0000] {logging_mixin.py:190} INFO - [2025-07-15T16:40:43.225+0000] {dag.py:3239} INFO - Sync 1 DAGs
[2025-07-15T16:40:43.303+0000] {logging_mixin.py:190} INFO - [2025-07-15T16:40:43.302+0000] {dag.py:4180} INFO - Setting next_dagrun for example_dynamic_task_mapping to None, run_after=None
[2025-07-15T16:40:43.357+0000] {processor.py:208} INFO - Processing /home/airflow/.local/lib/python3.12/site-packages/airflow/example_dags/example_dynamic_task_mapping.py took 0.382 seconds
[2025-07-15T16:41:13.472+0000] {processor.py:186} INFO - Started process (PID=7831) to work on /home/airflow/.local/lib/python3.12/site-packages/airflow/example_dags/example_dynamic_task_mapping.py
[2025-07-15T16:41:13.473+0000] {processor.py:914} INFO - Processing file /home/airflow/.local/lib/python3.12/site-packages/airflow/example_dags/example_dynamic_task_mapping.py for tasks to queue
[2025-07-15T16:41:13.475+0000] {logging_mixin.py:190} INFO - [2025-07-15T16:41:13.474+0000] {dagbag.py:588} INFO - Filling up the DagBag from /home/airflow/.local/lib/python3.12/site-packages/airflow/example_dags/example_dynamic_task_mapping.py
[2025-07-15T16:41:13.480+0000] {processor.py:925} INFO - DAG(s) 'example_dynamic_task_mapping' retrieved from /home/airflow/.local/lib/python3.12/site-packages/airflow/example_dags/example_dynamic_task_mapping.py
[2025-07-15T16:41:13.493+0000] {logging_mixin.py:190} INFO - [2025-07-15T16:41:13.492+0000] {dag.py:3239} INFO - Sync 1 DAGs
[2025-07-15T16:41:13.499+0000] {logging_mixin.py:190} INFO - [2025-07-15T16:41:13.499+0000] {dag.py:4180} INFO - Setting next_dagrun for example_dynamic_task_mapping to None, run_after=None
[2025-07-15T16:41:13.507+0000] {processor.py:208} INFO - Processing /home/airflow/.local/lib/python3.12/site-packages/airflow/example_dags/example_dynamic_task_mapping.py took 0.043 seconds
[2025-07-15T16:41:44.267+0000] {processor.py:186} INFO - Started process (PID=7893) to work on /home/airflow/.local/lib/python3.12/site-packages/airflow/example_dags/example_dynamic_task_mapping.py
[2025-07-15T16:41:44.268+0000] {processor.py:914} INFO - Processing file /home/airflow/.local/lib/python3.12/site-packages/airflow/example_dags/example_dynamic_task_mapping.py for tasks to queue
[2025-07-15T16:41:44.269+0000] {logging_mixin.py:190} INFO - [2025-07-15T16:41:44.269+0000] {dagbag.py:588} INFO - Filling up the DagBag from /home/airflow/.local/lib/python3.12/site-packages/airflow/example_dags/example_dynamic_task_mapping.py
[2025-07-15T16:41:44.274+0000] {processor.py:925} INFO - DAG(s) 'example_dynamic_task_mapping' retrieved from /home/airflow/.local/lib/python3.12/site-packages/airflow/example_dags/example_dynamic_task_mapping.py
[2025-07-15T16:41:44.289+0000] {logging_mixin.py:190} INFO - [2025-07-15T16:41:44.289+0000] {dag.py:3239} INFO - Sync 1 DAGs
[2025-07-15T16:41:44.299+0000] {logging_mixin.py:190} INFO - [2025-07-15T16:41:44.298+0000] {dag.py:4180} INFO - Setting next_dagrun for example_dynamic_task_mapping to None, run_after=None
[2025-07-15T16:41:44.309+0000] {processor.py:208} INFO - Processing /home/airflow/.local/lib/python3.12/site-packages/airflow/example_dags/example_dynamic_task_mapping.py took 0.048 seconds
[2025-07-15T16:42:15.152+0000] {processor.py:186} INFO - Started process (PID=7955) to work on /home/airflow/.local/lib/python3.12/site-packages/airflow/example_dags/example_dynamic_task_mapping.py
[2025-07-15T16:42:15.153+0000] {processor.py:914} INFO - Processing file /home/airflow/.local/lib/python3.12/site-packages/airflow/example_dags/example_dynamic_task_mapping.py for tasks to queue
[2025-07-15T16:42:15.155+0000] {logging_mixin.py:190} INFO - [2025-07-15T16:42:15.155+0000] {dagbag.py:588} INFO - Filling up the DagBag from /home/airflow/.local/lib/python3.12/site-packages/airflow/example_dags/example_dynamic_task_mapping.py
[2025-07-15T16:42:15.161+0000] {processor.py:925} INFO - DAG(s) 'example_dynamic_task_mapping' retrieved from /home/airflow/.local/lib/python3.12/site-packages/airflow/example_dags/example_dynamic_task_mapping.py
[2025-07-15T16:42:15.173+0000] {logging_mixin.py:190} INFO - [2025-07-15T16:42:15.173+0000] {dag.py:3239} INFO - Sync 1 DAGs
[2025-07-15T16:42:15.180+0000] {logging_mixin.py:190} INFO - [2025-07-15T16:42:15.180+0000] {dag.py:4180} INFO - Setting next_dagrun for example_dynamic_task_mapping to None, run_after=None
[2025-07-15T16:42:15.188+0000] {processor.py:208} INFO - Processing /home/airflow/.local/lib/python3.12/site-packages/airflow/example_dags/example_dynamic_task_mapping.py took 0.050 seconds
[2025-07-15T16:42:45.379+0000] {processor.py:186} INFO - Started process (PID=8017) to work on /home/airflow/.local/lib/python3.12/site-packages/airflow/example_dags/example_dynamic_task_mapping.py
[2025-07-15T16:42:45.380+0000] {processor.py:914} INFO - Processing file /home/airflow/.local/lib/python3.12/site-packages/airflow/example_dags/example_dynamic_task_mapping.py for tasks to queue
[2025-07-15T16:42:45.381+0000] {logging_mixin.py:190} INFO - [2025-07-15T16:42:45.381+0000] {dagbag.py:588} INFO - Filling up the DagBag from /home/airflow/.local/lib/python3.12/site-packages/airflow/example_dags/example_dynamic_task_mapping.py
[2025-07-15T16:42:45.386+0000] {processor.py:925} INFO - DAG(s) 'example_dynamic_task_mapping' retrieved from /home/airflow/.local/lib/python3.12/site-packages/airflow/example_dags/example_dynamic_task_mapping.py
[2025-07-15T16:42:45.397+0000] {logging_mixin.py:190} INFO - [2025-07-15T16:42:45.396+0000] {dag.py:3239} INFO - Sync 1 DAGs
[2025-07-15T16:42:45.403+0000] {logging_mixin.py:190} INFO - [2025-07-15T16:42:45.403+0000] {dag.py:4180} INFO - Setting next_dagrun for example_dynamic_task_mapping to None, run_after=None
[2025-07-15T16:42:45.410+0000] {processor.py:208} INFO - Processing /home/airflow/.local/lib/python3.12/site-packages/airflow/example_dags/example_dynamic_task_mapping.py took 0.037 seconds
[2025-07-15T16:43:16.175+0000] {processor.py:186} INFO - Started process (PID=8079) to work on /home/airflow/.local/lib/python3.12/site-packages/airflow/example_dags/example_dynamic_task_mapping.py
[2025-07-15T16:43:16.176+0000] {processor.py:914} INFO - Processing file /home/airflow/.local/lib/python3.12/site-packages/airflow/example_dags/example_dynamic_task_mapping.py for tasks to queue
[2025-07-15T16:43:16.178+0000] {logging_mixin.py:190} INFO - [2025-07-15T16:43:16.177+0000] {dagbag.py:588} INFO - Filling up the DagBag from /home/airflow/.local/lib/python3.12/site-packages/airflow/example_dags/example_dynamic_task_mapping.py
[2025-07-15T16:43:16.182+0000] {processor.py:925} INFO - DAG(s) 'example_dynamic_task_mapping' retrieved from /home/airflow/.local/lib/python3.12/site-packages/airflow/example_dags/example_dynamic_task_mapping.py
[2025-07-15T16:43:16.194+0000] {logging_mixin.py:190} INFO - [2025-07-15T16:43:16.194+0000] {dag.py:3239} INFO - Sync 1 DAGs
[2025-07-15T16:43:16.202+0000] {logging_mixin.py:190} INFO - [2025-07-15T16:43:16.202+0000] {dag.py:4180} INFO - Setting next_dagrun for example_dynamic_task_mapping to None, run_after=None
[2025-07-15T16:43:16.209+0000] {processor.py:208} INFO - Processing /home/airflow/.local/lib/python3.12/site-packages/airflow/example_dags/example_dynamic_task_mapping.py took 0.038 seconds
[2025-07-15T16:43:46.448+0000] {processor.py:186} INFO - Started process (PID=8141) to work on /home/airflow/.local/lib/python3.12/site-packages/airflow/example_dags/example_dynamic_task_mapping.py
[2025-07-15T16:43:46.449+0000] {processor.py:914} INFO - Processing file /home/airflow/.local/lib/python3.12/site-packages/airflow/example_dags/example_dynamic_task_mapping.py for tasks to queue
[2025-07-15T16:43:46.451+0000] {logging_mixin.py:190} INFO - [2025-07-15T16:43:46.451+0000] {dagbag.py:588} INFO - Filling up the DagBag from /home/airflow/.local/lib/python3.12/site-packages/airflow/example_dags/example_dynamic_task_mapping.py
[2025-07-15T16:43:46.455+0000] {processor.py:925} INFO - DAG(s) 'example_dynamic_task_mapping' retrieved from /home/airflow/.local/lib/python3.12/site-packages/airflow/example_dags/example_dynamic_task_mapping.py
[2025-07-15T16:43:46.466+0000] {logging_mixin.py:190} INFO - [2025-07-15T16:43:46.465+0000] {dag.py:3239} INFO - Sync 1 DAGs
[2025-07-15T16:43:46.473+0000] {logging_mixin.py:190} INFO - [2025-07-15T16:43:46.473+0000] {dag.py:4180} INFO - Setting next_dagrun for example_dynamic_task_mapping to None, run_after=None
[2025-07-15T16:43:46.480+0000] {processor.py:208} INFO - Processing /home/airflow/.local/lib/python3.12/site-packages/airflow/example_dags/example_dynamic_task_mapping.py took 0.042 seconds
[2025-07-15T16:44:17.001+0000] {processor.py:186} INFO - Started process (PID=8203) to work on /home/airflow/.local/lib/python3.12/site-packages/airflow/example_dags/example_dynamic_task_mapping.py
[2025-07-15T16:44:17.001+0000] {processor.py:914} INFO - Processing file /home/airflow/.local/lib/python3.12/site-packages/airflow/example_dags/example_dynamic_task_mapping.py for tasks to queue
[2025-07-15T16:44:17.003+0000] {logging_mixin.py:190} INFO - [2025-07-15T16:44:17.002+0000] {dagbag.py:588} INFO - Filling up the DagBag from /home/airflow/.local/lib/python3.12/site-packages/airflow/example_dags/example_dynamic_task_mapping.py
[2025-07-15T16:44:17.008+0000] {processor.py:925} INFO - DAG(s) 'example_dynamic_task_mapping' retrieved from /home/airflow/.local/lib/python3.12/site-packages/airflow/example_dags/example_dynamic_task_mapping.py
[2025-07-15T16:44:17.020+0000] {logging_mixin.py:190} INFO - [2025-07-15T16:44:17.020+0000] {dag.py:3239} INFO - Sync 1 DAGs
[2025-07-15T16:44:17.032+0000] {logging_mixin.py:190} INFO - [2025-07-15T16:44:17.032+0000] {dag.py:4180} INFO - Setting next_dagrun for example_dynamic_task_mapping to None, run_after=None
[2025-07-15T16:44:17.042+0000] {processor.py:208} INFO - Processing /home/airflow/.local/lib/python3.12/site-packages/airflow/example_dags/example_dynamic_task_mapping.py took 0.046 seconds
[2025-07-15T16:44:47.577+0000] {processor.py:186} INFO - Started process (PID=8265) to work on /home/airflow/.local/lib/python3.12/site-packages/airflow/example_dags/example_dynamic_task_mapping.py
[2025-07-15T16:44:47.578+0000] {processor.py:914} INFO - Processing file /home/airflow/.local/lib/python3.12/site-packages/airflow/example_dags/example_dynamic_task_mapping.py for tasks to queue
[2025-07-15T16:44:47.581+0000] {logging_mixin.py:190} INFO - [2025-07-15T16:44:47.581+0000] {dagbag.py:588} INFO - Filling up the DagBag from /home/airflow/.local/lib/python3.12/site-packages/airflow/example_dags/example_dynamic_task_mapping.py
[2025-07-15T16:44:47.587+0000] {processor.py:925} INFO - DAG(s) 'example_dynamic_task_mapping' retrieved from /home/airflow/.local/lib/python3.12/site-packages/airflow/example_dags/example_dynamic_task_mapping.py
[2025-07-15T16:44:47.602+0000] {logging_mixin.py:190} INFO - [2025-07-15T16:44:47.601+0000] {dag.py:3239} INFO - Sync 1 DAGs
[2025-07-15T16:44:47.615+0000] {logging_mixin.py:190} INFO - [2025-07-15T16:44:47.615+0000] {dag.py:4180} INFO - Setting next_dagrun for example_dynamic_task_mapping to None, run_after=None
[2025-07-15T16:44:47.626+0000] {processor.py:208} INFO - Processing /home/airflow/.local/lib/python3.12/site-packages/airflow/example_dags/example_dynamic_task_mapping.py took 0.053 seconds
[2025-07-15T16:45:17.769+0000] {processor.py:186} INFO - Started process (PID=8327) to work on /home/airflow/.local/lib/python3.12/site-packages/airflow/example_dags/example_dynamic_task_mapping.py
[2025-07-15T16:45:17.770+0000] {processor.py:914} INFO - Processing file /home/airflow/.local/lib/python3.12/site-packages/airflow/example_dags/example_dynamic_task_mapping.py for tasks to queue
[2025-07-15T16:45:17.771+0000] {logging_mixin.py:190} INFO - [2025-07-15T16:45:17.771+0000] {dagbag.py:588} INFO - Filling up the DagBag from /home/airflow/.local/lib/python3.12/site-packages/airflow/example_dags/example_dynamic_task_mapping.py
[2025-07-15T16:45:17.775+0000] {processor.py:925} INFO - DAG(s) 'example_dynamic_task_mapping' retrieved from /home/airflow/.local/lib/python3.12/site-packages/airflow/example_dags/example_dynamic_task_mapping.py
[2025-07-15T16:45:17.784+0000] {logging_mixin.py:190} INFO - [2025-07-15T16:45:17.784+0000] {dag.py:3239} INFO - Sync 1 DAGs
[2025-07-15T16:45:17.791+0000] {logging_mixin.py:190} INFO - [2025-07-15T16:45:17.791+0000] {dag.py:4180} INFO - Setting next_dagrun for example_dynamic_task_mapping to None, run_after=None
[2025-07-15T16:45:17.798+0000] {processor.py:208} INFO - Processing /home/airflow/.local/lib/python3.12/site-packages/airflow/example_dags/example_dynamic_task_mapping.py took 0.036 seconds
[2025-07-15T16:45:48.257+0000] {processor.py:186} INFO - Started process (PID=8389) to work on /home/airflow/.local/lib/python3.12/site-packages/airflow/example_dags/example_dynamic_task_mapping.py
[2025-07-15T16:45:48.258+0000] {processor.py:914} INFO - Processing file /home/airflow/.local/lib/python3.12/site-packages/airflow/example_dags/example_dynamic_task_mapping.py for tasks to queue
[2025-07-15T16:45:48.259+0000] {logging_mixin.py:190} INFO - [2025-07-15T16:45:48.259+0000] {dagbag.py:588} INFO - Filling up the DagBag from /home/airflow/.local/lib/python3.12/site-packages/airflow/example_dags/example_dynamic_task_mapping.py
[2025-07-15T16:45:48.264+0000] {processor.py:925} INFO - DAG(s) 'example_dynamic_task_mapping' retrieved from /home/airflow/.local/lib/python3.12/site-packages/airflow/example_dags/example_dynamic_task_mapping.py
[2025-07-15T16:45:48.281+0000] {logging_mixin.py:190} INFO - [2025-07-15T16:45:48.281+0000] {dag.py:3239} INFO - Sync 1 DAGs
[2025-07-15T16:45:48.290+0000] {logging_mixin.py:190} INFO - [2025-07-15T16:45:48.290+0000] {dag.py:4180} INFO - Setting next_dagrun for example_dynamic_task_mapping to None, run_after=None
[2025-07-15T16:45:48.298+0000] {processor.py:208} INFO - Processing /home/airflow/.local/lib/python3.12/site-packages/airflow/example_dags/example_dynamic_task_mapping.py took 0.044 seconds
[2025-07-15T16:46:19.350+0000] {processor.py:186} INFO - Started process (PID=8451) to work on /home/airflow/.local/lib/python3.12/site-packages/airflow/example_dags/example_dynamic_task_mapping.py
[2025-07-15T16:46:19.351+0000] {processor.py:914} INFO - Processing file /home/airflow/.local/lib/python3.12/site-packages/airflow/example_dags/example_dynamic_task_mapping.py for tasks to queue
[2025-07-15T16:46:19.352+0000] {logging_mixin.py:190} INFO - [2025-07-15T16:46:19.352+0000] {dagbag.py:588} INFO - Filling up the DagBag from /home/airflow/.local/lib/python3.12/site-packages/airflow/example_dags/example_dynamic_task_mapping.py
[2025-07-15T16:46:19.357+0000] {processor.py:925} INFO - DAG(s) 'example_dynamic_task_mapping' retrieved from /home/airflow/.local/lib/python3.12/site-packages/airflow/example_dags/example_dynamic_task_mapping.py
[2025-07-15T16:46:19.368+0000] {logging_mixin.py:190} INFO - [2025-07-15T16:46:19.368+0000] {dag.py:3239} INFO - Sync 1 DAGs
[2025-07-15T16:46:19.374+0000] {logging_mixin.py:190} INFO - [2025-07-15T16:46:19.374+0000] {dag.py:4180} INFO - Setting next_dagrun for example_dynamic_task_mapping to None, run_after=None
[2025-07-15T16:46:19.381+0000] {processor.py:208} INFO - Processing /home/airflow/.local/lib/python3.12/site-packages/airflow/example_dags/example_dynamic_task_mapping.py took 0.040 seconds
[2025-07-15T16:46:50.084+0000] {processor.py:186} INFO - Started process (PID=8513) to work on /home/airflow/.local/lib/python3.12/site-packages/airflow/example_dags/example_dynamic_task_mapping.py
[2025-07-15T16:46:50.085+0000] {processor.py:914} INFO - Processing file /home/airflow/.local/lib/python3.12/site-packages/airflow/example_dags/example_dynamic_task_mapping.py for tasks to queue
[2025-07-15T16:46:50.086+0000] {logging_mixin.py:190} INFO - [2025-07-15T16:46:50.086+0000] {dagbag.py:588} INFO - Filling up the DagBag from /home/airflow/.local/lib/python3.12/site-packages/airflow/example_dags/example_dynamic_task_mapping.py
[2025-07-15T16:46:50.091+0000] {processor.py:925} INFO - DAG(s) 'example_dynamic_task_mapping' retrieved from /home/airflow/.local/lib/python3.12/site-packages/airflow/example_dags/example_dynamic_task_mapping.py
[2025-07-15T16:46:50.104+0000] {logging_mixin.py:190} INFO - [2025-07-15T16:46:50.104+0000] {dag.py:3239} INFO - Sync 1 DAGs
[2025-07-15T16:46:50.111+0000] {logging_mixin.py:190} INFO - [2025-07-15T16:46:50.111+0000] {dag.py:4180} INFO - Setting next_dagrun for example_dynamic_task_mapping to None, run_after=None
[2025-07-15T16:46:50.123+0000] {processor.py:208} INFO - Processing /home/airflow/.local/lib/python3.12/site-packages/airflow/example_dags/example_dynamic_task_mapping.py took 0.047 seconds
[2025-07-15T16:47:20.364+0000] {processor.py:186} INFO - Started process (PID=8575) to work on /home/airflow/.local/lib/python3.12/site-packages/airflow/example_dags/example_dynamic_task_mapping.py
[2025-07-15T16:47:20.365+0000] {processor.py:914} INFO - Processing file /home/airflow/.local/lib/python3.12/site-packages/airflow/example_dags/example_dynamic_task_mapping.py for tasks to queue
[2025-07-15T16:47:20.366+0000] {logging_mixin.py:190} INFO - [2025-07-15T16:47:20.366+0000] {dagbag.py:588} INFO - Filling up the DagBag from /home/airflow/.local/lib/python3.12/site-packages/airflow/example_dags/example_dynamic_task_mapping.py
[2025-07-15T16:47:20.372+0000] {processor.py:925} INFO - DAG(s) 'example_dynamic_task_mapping' retrieved from /home/airflow/.local/lib/python3.12/site-packages/airflow/example_dags/example_dynamic_task_mapping.py
[2025-07-15T16:47:20.390+0000] {logging_mixin.py:190} INFO - [2025-07-15T16:47:20.390+0000] {dag.py:3239} INFO - Sync 1 DAGs
[2025-07-15T16:47:20.399+0000] {logging_mixin.py:190} INFO - [2025-07-15T16:47:20.399+0000] {dag.py:4180} INFO - Setting next_dagrun for example_dynamic_task_mapping to None, run_after=None
[2025-07-15T16:47:20.409+0000] {processor.py:208} INFO - Processing /home/airflow/.local/lib/python3.12/site-packages/airflow/example_dags/example_dynamic_task_mapping.py took 0.054 seconds
[2025-07-15T16:47:51.512+0000] {processor.py:186} INFO - Started process (PID=8637) to work on /home/airflow/.local/lib/python3.12/site-packages/airflow/example_dags/example_dynamic_task_mapping.py
[2025-07-15T16:47:51.513+0000] {processor.py:914} INFO - Processing file /home/airflow/.local/lib/python3.12/site-packages/airflow/example_dags/example_dynamic_task_mapping.py for tasks to queue
[2025-07-15T16:47:51.515+0000] {logging_mixin.py:190} INFO - [2025-07-15T16:47:51.515+0000] {dagbag.py:588} INFO - Filling up the DagBag from /home/airflow/.local/lib/python3.12/site-packages/airflow/example_dags/example_dynamic_task_mapping.py
[2025-07-15T16:47:51.521+0000] {processor.py:925} INFO - DAG(s) 'example_dynamic_task_mapping' retrieved from /home/airflow/.local/lib/python3.12/site-packages/airflow/example_dags/example_dynamic_task_mapping.py
[2025-07-15T16:47:51.533+0000] {logging_mixin.py:190} INFO - [2025-07-15T16:47:51.533+0000] {dag.py:3239} INFO - Sync 1 DAGs
[2025-07-15T16:47:51.547+0000] {logging_mixin.py:190} INFO - [2025-07-15T16:47:51.546+0000] {dag.py:4180} INFO - Setting next_dagrun for example_dynamic_task_mapping to None, run_after=None
[2025-07-15T16:47:51.562+0000] {processor.py:208} INFO - Processing /home/airflow/.local/lib/python3.12/site-packages/airflow/example_dags/example_dynamic_task_mapping.py took 0.055 seconds
[2025-07-15T16:48:22.519+0000] {processor.py:186} INFO - Started process (PID=8699) to work on /home/airflow/.local/lib/python3.12/site-packages/airflow/example_dags/example_dynamic_task_mapping.py
[2025-07-15T16:48:22.520+0000] {processor.py:914} INFO - Processing file /home/airflow/.local/lib/python3.12/site-packages/airflow/example_dags/example_dynamic_task_mapping.py for tasks to queue
[2025-07-15T16:48:22.521+0000] {logging_mixin.py:190} INFO - [2025-07-15T16:48:22.521+0000] {dagbag.py:588} INFO - Filling up the DagBag from /home/airflow/.local/lib/python3.12/site-packages/airflow/example_dags/example_dynamic_task_mapping.py
[2025-07-15T16:48:22.532+0000] {processor.py:925} INFO - DAG(s) 'example_dynamic_task_mapping' retrieved from /home/airflow/.local/lib/python3.12/site-packages/airflow/example_dags/example_dynamic_task_mapping.py
[2025-07-15T16:48:22.546+0000] {logging_mixin.py:190} INFO - [2025-07-15T16:48:22.545+0000] {dag.py:3239} INFO - Sync 1 DAGs
[2025-07-15T16:48:22.553+0000] {logging_mixin.py:190} INFO - [2025-07-15T16:48:22.553+0000] {dag.py:4180} INFO - Setting next_dagrun for example_dynamic_task_mapping to None, run_after=None
[2025-07-15T16:48:22.561+0000] {processor.py:208} INFO - Processing /home/airflow/.local/lib/python3.12/site-packages/airflow/example_dags/example_dynamic_task_mapping.py took 0.046 seconds
[2025-07-15T16:48:53.337+0000] {processor.py:186} INFO - Started process (PID=8761) to work on /home/airflow/.local/lib/python3.12/site-packages/airflow/example_dags/example_dynamic_task_mapping.py
[2025-07-15T16:48:53.338+0000] {processor.py:914} INFO - Processing file /home/airflow/.local/lib/python3.12/site-packages/airflow/example_dags/example_dynamic_task_mapping.py for tasks to queue
[2025-07-15T16:48:53.339+0000] {logging_mixin.py:190} INFO - [2025-07-15T16:48:53.339+0000] {dagbag.py:588} INFO - Filling up the DagBag from /home/airflow/.local/lib/python3.12/site-packages/airflow/example_dags/example_dynamic_task_mapping.py
[2025-07-15T16:48:53.349+0000] {processor.py:925} INFO - DAG(s) 'example_dynamic_task_mapping' retrieved from /home/airflow/.local/lib/python3.12/site-packages/airflow/example_dags/example_dynamic_task_mapping.py
[2025-07-15T16:48:53.362+0000] {logging_mixin.py:190} INFO - [2025-07-15T16:48:53.362+0000] {dag.py:3239} INFO - Sync 1 DAGs
[2025-07-15T16:48:53.372+0000] {logging_mixin.py:190} INFO - [2025-07-15T16:48:53.372+0000] {dag.py:4180} INFO - Setting next_dagrun for example_dynamic_task_mapping to None, run_after=None
[2025-07-15T16:48:53.392+0000] {processor.py:208} INFO - Processing /home/airflow/.local/lib/python3.12/site-packages/airflow/example_dags/example_dynamic_task_mapping.py took 0.061 seconds
[2025-07-15T16:49:23.550+0000] {processor.py:186} INFO - Started process (PID=8823) to work on /home/airflow/.local/lib/python3.12/site-packages/airflow/example_dags/example_dynamic_task_mapping.py
[2025-07-15T16:49:23.550+0000] {processor.py:914} INFO - Processing file /home/airflow/.local/lib/python3.12/site-packages/airflow/example_dags/example_dynamic_task_mapping.py for tasks to queue
[2025-07-15T16:49:23.552+0000] {logging_mixin.py:190} INFO - [2025-07-15T16:49:23.552+0000] {dagbag.py:588} INFO - Filling up the DagBag from /home/airflow/.local/lib/python3.12/site-packages/airflow/example_dags/example_dynamic_task_mapping.py
[2025-07-15T16:49:23.557+0000] {processor.py:925} INFO - DAG(s) 'example_dynamic_task_mapping' retrieved from /home/airflow/.local/lib/python3.12/site-packages/airflow/example_dags/example_dynamic_task_mapping.py
[2025-07-15T16:49:23.578+0000] {logging_mixin.py:190} INFO - [2025-07-15T16:49:23.577+0000] {dag.py:3239} INFO - Sync 1 DAGs
[2025-07-15T16:49:23.585+0000] {logging_mixin.py:190} INFO - [2025-07-15T16:49:23.585+0000] {dag.py:4180} INFO - Setting next_dagrun for example_dynamic_task_mapping to None, run_after=None
[2025-07-15T16:49:23.599+0000] {processor.py:208} INFO - Processing /home/airflow/.local/lib/python3.12/site-packages/airflow/example_dags/example_dynamic_task_mapping.py took 0.054 seconds
[2025-07-15T16:49:54.090+0000] {processor.py:186} INFO - Started process (PID=8885) to work on /home/airflow/.local/lib/python3.12/site-packages/airflow/example_dags/example_dynamic_task_mapping.py
[2025-07-15T16:49:54.091+0000] {processor.py:914} INFO - Processing file /home/airflow/.local/lib/python3.12/site-packages/airflow/example_dags/example_dynamic_task_mapping.py for tasks to queue
[2025-07-15T16:49:54.092+0000] {logging_mixin.py:190} INFO - [2025-07-15T16:49:54.092+0000] {dagbag.py:588} INFO - Filling up the DagBag from /home/airflow/.local/lib/python3.12/site-packages/airflow/example_dags/example_dynamic_task_mapping.py
[2025-07-15T16:49:54.097+0000] {processor.py:925} INFO - DAG(s) 'example_dynamic_task_mapping' retrieved from /home/airflow/.local/lib/python3.12/site-packages/airflow/example_dags/example_dynamic_task_mapping.py
[2025-07-15T16:49:54.107+0000] {logging_mixin.py:190} INFO - [2025-07-15T16:49:54.107+0000] {dag.py:3239} INFO - Sync 1 DAGs
[2025-07-15T16:49:54.114+0000] {logging_mixin.py:190} INFO - [2025-07-15T16:49:54.114+0000] {dag.py:4180} INFO - Setting next_dagrun for example_dynamic_task_mapping to None, run_after=None
[2025-07-15T16:49:54.121+0000] {processor.py:208} INFO - Processing /home/airflow/.local/lib/python3.12/site-packages/airflow/example_dags/example_dynamic_task_mapping.py took 0.035 seconds
[2025-07-15T16:50:26.390+0000] {processor.py:186} INFO - Started process (PID=8947) to work on /home/airflow/.local/lib/python3.12/site-packages/airflow/example_dags/example_dynamic_task_mapping.py
[2025-07-15T16:50:26.396+0000] {processor.py:914} INFO - Processing file /home/airflow/.local/lib/python3.12/site-packages/airflow/example_dags/example_dynamic_task_mapping.py for tasks to queue
[2025-07-15T16:50:26.423+0000] {logging_mixin.py:190} INFO - [2025-07-15T16:50:26.421+0000] {dagbag.py:588} INFO - Filling up the DagBag from /home/airflow/.local/lib/python3.12/site-packages/airflow/example_dags/example_dynamic_task_mapping.py
[2025-07-15T16:50:26.485+0000] {processor.py:925} INFO - DAG(s) 'example_dynamic_task_mapping' retrieved from /home/airflow/.local/lib/python3.12/site-packages/airflow/example_dags/example_dynamic_task_mapping.py
[2025-07-15T16:50:26.558+0000] {logging_mixin.py:190} INFO - [2025-07-15T16:50:26.557+0000] {dag.py:3239} INFO - Sync 1 DAGs
[2025-07-15T16:50:26.620+0000] {logging_mixin.py:190} INFO - [2025-07-15T16:50:26.619+0000] {dag.py:4180} INFO - Setting next_dagrun for example_dynamic_task_mapping to None, run_after=None
[2025-07-15T16:50:26.681+0000] {processor.py:208} INFO - Processing /home/airflow/.local/lib/python3.12/site-packages/airflow/example_dags/example_dynamic_task_mapping.py took 0.338 seconds
[2025-07-15T16:50:57.735+0000] {processor.py:186} INFO - Started process (PID=9009) to work on /home/airflow/.local/lib/python3.12/site-packages/airflow/example_dags/example_dynamic_task_mapping.py
[2025-07-15T16:50:57.737+0000] {processor.py:914} INFO - Processing file /home/airflow/.local/lib/python3.12/site-packages/airflow/example_dags/example_dynamic_task_mapping.py for tasks to queue
[2025-07-15T16:50:57.740+0000] {logging_mixin.py:190} INFO - [2025-07-15T16:50:57.740+0000] {dagbag.py:588} INFO - Filling up the DagBag from /home/airflow/.local/lib/python3.12/site-packages/airflow/example_dags/example_dynamic_task_mapping.py
[2025-07-15T16:50:57.750+0000] {processor.py:925} INFO - DAG(s) 'example_dynamic_task_mapping' retrieved from /home/airflow/.local/lib/python3.12/site-packages/airflow/example_dags/example_dynamic_task_mapping.py
[2025-07-15T16:50:57.774+0000] {logging_mixin.py:190} INFO - [2025-07-15T16:50:57.774+0000] {dag.py:3239} INFO - Sync 1 DAGs
[2025-07-15T16:50:57.786+0000] {logging_mixin.py:190} INFO - [2025-07-15T16:50:57.786+0000] {dag.py:4180} INFO - Setting next_dagrun for example_dynamic_task_mapping to None, run_after=None
[2025-07-15T16:50:57.801+0000] {processor.py:208} INFO - Processing /home/airflow/.local/lib/python3.12/site-packages/airflow/example_dags/example_dynamic_task_mapping.py took 0.077 seconds
[2025-07-15T16:51:28.182+0000] {processor.py:186} INFO - Started process (PID=9071) to work on /home/airflow/.local/lib/python3.12/site-packages/airflow/example_dags/example_dynamic_task_mapping.py
[2025-07-15T16:51:28.184+0000] {processor.py:914} INFO - Processing file /home/airflow/.local/lib/python3.12/site-packages/airflow/example_dags/example_dynamic_task_mapping.py for tasks to queue
[2025-07-15T16:51:28.193+0000] {logging_mixin.py:190} INFO - [2025-07-15T16:51:28.192+0000] {dagbag.py:588} INFO - Filling up the DagBag from /home/airflow/.local/lib/python3.12/site-packages/airflow/example_dags/example_dynamic_task_mapping.py
[2025-07-15T16:51:28.202+0000] {processor.py:925} INFO - DAG(s) 'example_dynamic_task_mapping' retrieved from /home/airflow/.local/lib/python3.12/site-packages/airflow/example_dags/example_dynamic_task_mapping.py
[2025-07-15T16:51:28.220+0000] {logging_mixin.py:190} INFO - [2025-07-15T16:51:28.220+0000] {dag.py:3239} INFO - Sync 1 DAGs
[2025-07-15T16:51:28.230+0000] {logging_mixin.py:190} INFO - [2025-07-15T16:51:28.230+0000] {dag.py:4180} INFO - Setting next_dagrun for example_dynamic_task_mapping to None, run_after=None
[2025-07-15T16:51:28.243+0000] {processor.py:208} INFO - Processing /home/airflow/.local/lib/python3.12/site-packages/airflow/example_dags/example_dynamic_task_mapping.py took 0.069 seconds
[2025-07-15T16:51:58.784+0000] {processor.py:186} INFO - Started process (PID=9133) to work on /home/airflow/.local/lib/python3.12/site-packages/airflow/example_dags/example_dynamic_task_mapping.py
[2025-07-15T16:51:58.785+0000] {processor.py:914} INFO - Processing file /home/airflow/.local/lib/python3.12/site-packages/airflow/example_dags/example_dynamic_task_mapping.py for tasks to queue
[2025-07-15T16:51:58.786+0000] {logging_mixin.py:190} INFO - [2025-07-15T16:51:58.786+0000] {dagbag.py:588} INFO - Filling up the DagBag from /home/airflow/.local/lib/python3.12/site-packages/airflow/example_dags/example_dynamic_task_mapping.py
[2025-07-15T16:51:58.792+0000] {processor.py:925} INFO - DAG(s) 'example_dynamic_task_mapping' retrieved from /home/airflow/.local/lib/python3.12/site-packages/airflow/example_dags/example_dynamic_task_mapping.py
[2025-07-15T16:51:58.807+0000] {logging_mixin.py:190} INFO - [2025-07-15T16:51:58.807+0000] {dag.py:3239} INFO - Sync 1 DAGs
[2025-07-15T16:51:58.818+0000] {logging_mixin.py:190} INFO - [2025-07-15T16:51:58.818+0000] {dag.py:4180} INFO - Setting next_dagrun for example_dynamic_task_mapping to None, run_after=None
[2025-07-15T16:51:58.835+0000] {processor.py:208} INFO - Processing /home/airflow/.local/lib/python3.12/site-packages/airflow/example_dags/example_dynamic_task_mapping.py took 0.059 seconds
[2025-07-15T16:52:29.997+0000] {processor.py:186} INFO - Started process (PID=9195) to work on /home/airflow/.local/lib/python3.12/site-packages/airflow/example_dags/example_dynamic_task_mapping.py
[2025-07-15T16:52:29.998+0000] {processor.py:914} INFO - Processing file /home/airflow/.local/lib/python3.12/site-packages/airflow/example_dags/example_dynamic_task_mapping.py for tasks to queue
[2025-07-15T16:52:30.000+0000] {logging_mixin.py:190} INFO - [2025-07-15T16:52:30.000+0000] {dagbag.py:588} INFO - Filling up the DagBag from /home/airflow/.local/lib/python3.12/site-packages/airflow/example_dags/example_dynamic_task_mapping.py
[2025-07-15T16:52:30.006+0000] {processor.py:925} INFO - DAG(s) 'example_dynamic_task_mapping' retrieved from /home/airflow/.local/lib/python3.12/site-packages/airflow/example_dags/example_dynamic_task_mapping.py
[2025-07-15T16:52:30.022+0000] {logging_mixin.py:190} INFO - [2025-07-15T16:52:30.022+0000] {dag.py:3239} INFO - Sync 1 DAGs
[2025-07-15T16:52:30.032+0000] {logging_mixin.py:190} INFO - [2025-07-15T16:52:30.032+0000] {dag.py:4180} INFO - Setting next_dagrun for example_dynamic_task_mapping to None, run_after=None
[2025-07-15T16:52:30.044+0000] {processor.py:208} INFO - Processing /home/airflow/.local/lib/python3.12/site-packages/airflow/example_dags/example_dynamic_task_mapping.py took 0.053 seconds
[2025-07-15T16:53:01.108+0000] {processor.py:186} INFO - Started process (PID=9257) to work on /home/airflow/.local/lib/python3.12/site-packages/airflow/example_dags/example_dynamic_task_mapping.py
[2025-07-15T16:53:01.109+0000] {processor.py:914} INFO - Processing file /home/airflow/.local/lib/python3.12/site-packages/airflow/example_dags/example_dynamic_task_mapping.py for tasks to queue
[2025-07-15T16:53:01.110+0000] {logging_mixin.py:190} INFO - [2025-07-15T16:53:01.110+0000] {dagbag.py:588} INFO - Filling up the DagBag from /home/airflow/.local/lib/python3.12/site-packages/airflow/example_dags/example_dynamic_task_mapping.py
[2025-07-15T16:53:01.118+0000] {processor.py:925} INFO - DAG(s) 'example_dynamic_task_mapping' retrieved from /home/airflow/.local/lib/python3.12/site-packages/airflow/example_dags/example_dynamic_task_mapping.py
[2025-07-15T16:53:01.138+0000] {logging_mixin.py:190} INFO - [2025-07-15T16:53:01.138+0000] {dag.py:3239} INFO - Sync 1 DAGs
[2025-07-15T16:53:01.145+0000] {logging_mixin.py:190} INFO - [2025-07-15T16:53:01.145+0000] {dag.py:4180} INFO - Setting next_dagrun for example_dynamic_task_mapping to None, run_after=None
[2025-07-15T16:53:01.155+0000] {processor.py:208} INFO - Processing /home/airflow/.local/lib/python3.12/site-packages/airflow/example_dags/example_dynamic_task_mapping.py took 0.051 seconds
[2025-07-15T16:53:32.040+0000] {processor.py:186} INFO - Started process (PID=9319) to work on /home/airflow/.local/lib/python3.12/site-packages/airflow/example_dags/example_dynamic_task_mapping.py
[2025-07-15T16:53:32.043+0000] {processor.py:914} INFO - Processing file /home/airflow/.local/lib/python3.12/site-packages/airflow/example_dags/example_dynamic_task_mapping.py for tasks to queue
[2025-07-15T16:53:32.049+0000] {logging_mixin.py:190} INFO - [2025-07-15T16:53:32.049+0000] {dagbag.py:588} INFO - Filling up the DagBag from /home/airflow/.local/lib/python3.12/site-packages/airflow/example_dags/example_dynamic_task_mapping.py
[2025-07-15T16:53:32.055+0000] {processor.py:925} INFO - DAG(s) 'example_dynamic_task_mapping' retrieved from /home/airflow/.local/lib/python3.12/site-packages/airflow/example_dags/example_dynamic_task_mapping.py
[2025-07-15T16:53:32.073+0000] {logging_mixin.py:190} INFO - [2025-07-15T16:53:32.073+0000] {dag.py:3239} INFO - Sync 1 DAGs
[2025-07-15T16:53:32.083+0000] {logging_mixin.py:190} INFO - [2025-07-15T16:53:32.083+0000] {dag.py:4180} INFO - Setting next_dagrun for example_dynamic_task_mapping to None, run_after=None
[2025-07-15T16:53:32.096+0000] {processor.py:208} INFO - Processing /home/airflow/.local/lib/python3.12/site-packages/airflow/example_dags/example_dynamic_task_mapping.py took 0.068 seconds
[2025-07-15T16:54:05.633+0000] {processor.py:186} INFO - Started process (PID=9387) to work on /home/airflow/.local/lib/python3.12/site-packages/airflow/example_dags/example_dynamic_task_mapping.py
[2025-07-15T16:54:05.638+0000] {processor.py:914} INFO - Processing file /home/airflow/.local/lib/python3.12/site-packages/airflow/example_dags/example_dynamic_task_mapping.py for tasks to queue
[2025-07-15T16:54:05.651+0000] {logging_mixin.py:190} INFO - [2025-07-15T16:54:05.650+0000] {dagbag.py:588} INFO - Filling up the DagBag from /home/airflow/.local/lib/python3.12/site-packages/airflow/example_dags/example_dynamic_task_mapping.py
[2025-07-15T16:54:05.682+0000] {processor.py:925} INFO - DAG(s) 'example_dynamic_task_mapping' retrieved from /home/airflow/.local/lib/python3.12/site-packages/airflow/example_dags/example_dynamic_task_mapping.py
[2025-07-15T16:54:05.757+0000] {logging_mixin.py:190} INFO - [2025-07-15T16:54:05.756+0000] {dag.py:3239} INFO - Sync 1 DAGs
[2025-07-15T16:54:05.795+0000] {logging_mixin.py:190} INFO - [2025-07-15T16:54:05.795+0000] {dag.py:4180} INFO - Setting next_dagrun for example_dynamic_task_mapping to None, run_after=None
[2025-07-15T16:54:05.834+0000] {processor.py:208} INFO - Processing /home/airflow/.local/lib/python3.12/site-packages/airflow/example_dags/example_dynamic_task_mapping.py took 0.224 seconds
