[2025-07-15T14:40:42.001+0000] {processor.py:186} INFO - Started process (PID=82) to work on /home/airflow/.local/lib/python3.12/site-packages/airflow/example_dags/example_datasets.py
[2025-07-15T14:40:42.003+0000] {processor.py:914} INFO - Processing file /home/airflow/.local/lib/python3.12/site-packages/airflow/example_dags/example_datasets.py for tasks to queue
[2025-07-15T14:40:42.006+0000] {logging_mixin.py:190} INFO - [2025-07-15T14:40:42.006+0000] {dagbag.py:588} INFO - Filling up the DagBag from /home/airflow/.local/lib/python3.12/site-packages/airflow/example_dags/example_datasets.py
[2025-07-15T14:40:42.346+0000] {processor.py:925} INFO - DAG(s) 'dataset_consumes_1_never_scheduled', 'consume_1_or_2_with_dataset_expressions', 'dataset_consumes_1', 'consume_1_and_2_with_dataset_expressions', 'dataset_consumes_unknown_never_scheduled', 'dataset_consumes_1_and_2', 'dataset_produces_2', 'consume_1_or_both_2_and_3_with_dataset_expressions', 'dataset_produces_1', 'conditional_dataset_and_time_based_timetable' retrieved from /home/airflow/.local/lib/python3.12/site-packages/airflow/example_dags/example_datasets.py
[2025-07-15T14:40:42.526+0000] {logging_mixin.py:190} INFO - [2025-07-15T14:40:42.526+0000] {dag.py:3239} INFO - Sync 10 DAGs
[2025-07-15T14:40:42.583+0000] {logging_mixin.py:190} INFO - [2025-07-15T14:40:42.583+0000] {dag.py:4180} INFO - Setting next_dagrun for conditional_dataset_and_time_based_timetable to 2025-07-09 01:00:00+00:00, run_after=2025-07-09 01:00:00+00:00
[2025-07-15T14:40:42.594+0000] {logging_mixin.py:190} INFO - [2025-07-15T14:40:42.594+0000] {dag.py:4180} INFO - Setting next_dagrun for consume_1_and_2_with_dataset_expressions to None, run_after=None
[2025-07-15T14:40:42.601+0000] {logging_mixin.py:190} INFO - [2025-07-15T14:40:42.601+0000] {dag.py:4180} INFO - Setting next_dagrun for consume_1_or_2_with_dataset_expressions to None, run_after=None
[2025-07-15T14:40:42.607+0000] {logging_mixin.py:190} INFO - [2025-07-15T14:40:42.607+0000] {dag.py:4180} INFO - Setting next_dagrun for consume_1_or_both_2_and_3_with_dataset_expressions to None, run_after=None
[2025-07-15T14:40:42.609+0000] {logging_mixin.py:190} INFO - [2025-07-15T14:40:42.609+0000] {dag.py:4180} INFO - Setting next_dagrun for dataset_consumes_1 to None, run_after=None
[2025-07-15T14:40:42.613+0000] {logging_mixin.py:190} INFO - [2025-07-15T14:40:42.613+0000] {dag.py:4180} INFO - Setting next_dagrun for dataset_consumes_1_and_2 to None, run_after=None
[2025-07-15T14:40:42.614+0000] {logging_mixin.py:190} INFO - [2025-07-15T14:40:42.614+0000] {dag.py:4180} INFO - Setting next_dagrun for dataset_consumes_1_never_scheduled to None, run_after=None
[2025-07-15T14:40:42.616+0000] {logging_mixin.py:190} INFO - [2025-07-15T14:40:42.616+0000] {dag.py:4180} INFO - Setting next_dagrun for dataset_consumes_unknown_never_scheduled to None, run_after=None
[2025-07-15T14:40:42.618+0000] {logging_mixin.py:190} INFO - [2025-07-15T14:40:42.618+0000] {dag.py:4180} INFO - Setting next_dagrun for dataset_produces_1 to 2025-07-14 00:00:00+00:00, run_after=2025-07-15 00:00:00+00:00
[2025-07-15T14:40:42.623+0000] {logging_mixin.py:190} INFO - [2025-07-15T14:40:42.623+0000] {dag.py:4180} INFO - Setting next_dagrun for dataset_produces_2 to None, run_after=None
[2025-07-15T14:40:42.658+0000] {processor.py:208} INFO - Processing /home/airflow/.local/lib/python3.12/site-packages/airflow/example_dags/example_datasets.py took 0.666 seconds
[2025-07-15T14:41:12.809+0000] {processor.py:186} INFO - Started process (PID=144) to work on /home/airflow/.local/lib/python3.12/site-packages/airflow/example_dags/example_datasets.py
[2025-07-15T14:41:12.810+0000] {processor.py:914} INFO - Processing file /home/airflow/.local/lib/python3.12/site-packages/airflow/example_dags/example_datasets.py for tasks to queue
[2025-07-15T14:41:12.811+0000] {logging_mixin.py:190} INFO - [2025-07-15T14:41:12.811+0000] {dagbag.py:588} INFO - Filling up the DagBag from /home/airflow/.local/lib/python3.12/site-packages/airflow/example_dags/example_datasets.py
[2025-07-15T14:41:12.954+0000] {processor.py:925} INFO - DAG(s) 'dataset_produces_2', 'dataset_consumes_1', 'dataset_consumes_1_and_2', 'consume_1_or_both_2_and_3_with_dataset_expressions', 'consume_1_and_2_with_dataset_expressions', 'dataset_consumes_unknown_never_scheduled', 'consume_1_or_2_with_dataset_expressions', 'dataset_consumes_1_never_scheduled', 'conditional_dataset_and_time_based_timetable', 'dataset_produces_1' retrieved from /home/airflow/.local/lib/python3.12/site-packages/airflow/example_dags/example_datasets.py
[2025-07-15T14:41:12.974+0000] {logging_mixin.py:190} INFO - [2025-07-15T14:41:12.974+0000] {dag.py:3239} INFO - Sync 10 DAGs
[2025-07-15T14:41:12.987+0000] {logging_mixin.py:190} INFO - [2025-07-15T14:41:12.986+0000] {dag.py:4180} INFO - Setting next_dagrun for conditional_dataset_and_time_based_timetable to 2025-07-09 01:00:00+00:00, run_after=2025-07-09 01:00:00+00:00
[2025-07-15T14:41:12.988+0000] {logging_mixin.py:190} INFO - [2025-07-15T14:41:12.988+0000] {dag.py:4180} INFO - Setting next_dagrun for consume_1_and_2_with_dataset_expressions to None, run_after=None
[2025-07-15T14:41:12.989+0000] {logging_mixin.py:190} INFO - [2025-07-15T14:41:12.989+0000] {dag.py:4180} INFO - Setting next_dagrun for consume_1_or_2_with_dataset_expressions to None, run_after=None
[2025-07-15T14:41:12.990+0000] {logging_mixin.py:190} INFO - [2025-07-15T14:41:12.989+0000] {dag.py:4180} INFO - Setting next_dagrun for consume_1_or_both_2_and_3_with_dataset_expressions to None, run_after=None
[2025-07-15T14:41:12.990+0000] {logging_mixin.py:190} INFO - [2025-07-15T14:41:12.990+0000] {dag.py:4180} INFO - Setting next_dagrun for dataset_consumes_1 to None, run_after=None
[2025-07-15T14:41:12.991+0000] {logging_mixin.py:190} INFO - [2025-07-15T14:41:12.991+0000] {dag.py:4180} INFO - Setting next_dagrun for dataset_consumes_1_and_2 to None, run_after=None
[2025-07-15T14:41:12.991+0000] {logging_mixin.py:190} INFO - [2025-07-15T14:41:12.991+0000] {dag.py:4180} INFO - Setting next_dagrun for dataset_consumes_1_never_scheduled to None, run_after=None
[2025-07-15T14:41:12.992+0000] {logging_mixin.py:190} INFO - [2025-07-15T14:41:12.992+0000] {dag.py:4180} INFO - Setting next_dagrun for dataset_consumes_unknown_never_scheduled to None, run_after=None
[2025-07-15T14:41:12.993+0000] {logging_mixin.py:190} INFO - [2025-07-15T14:41:12.992+0000] {dag.py:4180} INFO - Setting next_dagrun for dataset_produces_1 to 2025-07-14 00:00:00+00:00, run_after=2025-07-15 00:00:00+00:00
[2025-07-15T14:41:12.993+0000] {logging_mixin.py:190} INFO - [2025-07-15T14:41:12.993+0000] {dag.py:4180} INFO - Setting next_dagrun for dataset_produces_2 to None, run_after=None
[2025-07-15T14:41:13.012+0000] {processor.py:208} INFO - Processing /home/airflow/.local/lib/python3.12/site-packages/airflow/example_dags/example_datasets.py took 0.207 seconds
[2025-07-15T14:41:43.516+0000] {processor.py:186} INFO - Started process (PID=207) to work on /home/airflow/.local/lib/python3.12/site-packages/airflow/example_dags/example_datasets.py
[2025-07-15T14:41:43.517+0000] {processor.py:914} INFO - Processing file /home/airflow/.local/lib/python3.12/site-packages/airflow/example_dags/example_datasets.py for tasks to queue
[2025-07-15T14:41:43.519+0000] {logging_mixin.py:190} INFO - [2025-07-15T14:41:43.519+0000] {dagbag.py:588} INFO - Filling up the DagBag from /home/airflow/.local/lib/python3.12/site-packages/airflow/example_dags/example_datasets.py
[2025-07-15T14:41:43.688+0000] {processor.py:925} INFO - DAG(s) 'dataset_consumes_1_and_2', 'dataset_produces_2', 'dataset_consumes_1_never_scheduled', 'dataset_consumes_unknown_never_scheduled', 'dataset_consumes_1', 'consume_1_or_2_with_dataset_expressions', 'dataset_produces_1', 'consume_1_or_both_2_and_3_with_dataset_expressions', 'conditional_dataset_and_time_based_timetable', 'consume_1_and_2_with_dataset_expressions' retrieved from /home/airflow/.local/lib/python3.12/site-packages/airflow/example_dags/example_datasets.py
[2025-07-15T14:41:43.732+0000] {logging_mixin.py:190} INFO - [2025-07-15T14:41:43.732+0000] {dag.py:3239} INFO - Sync 10 DAGs
[2025-07-15T14:41:43.751+0000] {logging_mixin.py:190} INFO - [2025-07-15T14:41:43.751+0000] {dag.py:4180} INFO - Setting next_dagrun for conditional_dataset_and_time_based_timetable to 2025-07-09 01:00:00+00:00, run_after=2025-07-09 01:00:00+00:00
[2025-07-15T14:41:43.753+0000] {logging_mixin.py:190} INFO - [2025-07-15T14:41:43.753+0000] {dag.py:4180} INFO - Setting next_dagrun for consume_1_and_2_with_dataset_expressions to None, run_after=None
[2025-07-15T14:41:43.754+0000] {logging_mixin.py:190} INFO - [2025-07-15T14:41:43.754+0000] {dag.py:4180} INFO - Setting next_dagrun for consume_1_or_2_with_dataset_expressions to None, run_after=None
[2025-07-15T14:41:43.754+0000] {logging_mixin.py:190} INFO - [2025-07-15T14:41:43.754+0000] {dag.py:4180} INFO - Setting next_dagrun for consume_1_or_both_2_and_3_with_dataset_expressions to None, run_after=None
[2025-07-15T14:41:43.755+0000] {logging_mixin.py:190} INFO - [2025-07-15T14:41:43.755+0000] {dag.py:4180} INFO - Setting next_dagrun for dataset_consumes_1 to None, run_after=None
[2025-07-15T14:41:43.756+0000] {logging_mixin.py:190} INFO - [2025-07-15T14:41:43.755+0000] {dag.py:4180} INFO - Setting next_dagrun for dataset_consumes_1_and_2 to None, run_after=None
[2025-07-15T14:41:43.756+0000] {logging_mixin.py:190} INFO - [2025-07-15T14:41:43.756+0000] {dag.py:4180} INFO - Setting next_dagrun for dataset_consumes_1_never_scheduled to None, run_after=None
[2025-07-15T14:41:43.756+0000] {logging_mixin.py:190} INFO - [2025-07-15T14:41:43.756+0000] {dag.py:4180} INFO - Setting next_dagrun for dataset_consumes_unknown_never_scheduled to None, run_after=None
[2025-07-15T14:41:43.757+0000] {logging_mixin.py:190} INFO - [2025-07-15T14:41:43.757+0000] {dag.py:4180} INFO - Setting next_dagrun for dataset_produces_1 to 2025-07-14 00:00:00+00:00, run_after=2025-07-15 00:00:00+00:00
[2025-07-15T14:41:43.758+0000] {logging_mixin.py:190} INFO - [2025-07-15T14:41:43.758+0000] {dag.py:4180} INFO - Setting next_dagrun for dataset_produces_2 to None, run_after=None
[2025-07-15T14:41:43.782+0000] {processor.py:208} INFO - Processing /home/airflow/.local/lib/python3.12/site-packages/airflow/example_dags/example_datasets.py took 0.273 seconds
[2025-07-15T14:42:13.831+0000] {processor.py:186} INFO - Started process (PID=270) to work on /home/airflow/.local/lib/python3.12/site-packages/airflow/example_dags/example_datasets.py
[2025-07-15T14:42:13.832+0000] {processor.py:914} INFO - Processing file /home/airflow/.local/lib/python3.12/site-packages/airflow/example_dags/example_datasets.py for tasks to queue
[2025-07-15T14:42:13.833+0000] {logging_mixin.py:190} INFO - [2025-07-15T14:42:13.832+0000] {dagbag.py:588} INFO - Filling up the DagBag from /home/airflow/.local/lib/python3.12/site-packages/airflow/example_dags/example_datasets.py
[2025-07-15T14:42:13.902+0000] {processor.py:925} INFO - DAG(s) 'consume_1_and_2_with_dataset_expressions', 'consume_1_or_2_with_dataset_expressions', 'dataset_consumes_1', 'consume_1_or_both_2_and_3_with_dataset_expressions', 'conditional_dataset_and_time_based_timetable', 'dataset_consumes_1_never_scheduled', 'dataset_produces_2', 'dataset_consumes_unknown_never_scheduled', 'dataset_produces_1', 'dataset_consumes_1_and_2' retrieved from /home/airflow/.local/lib/python3.12/site-packages/airflow/example_dags/example_datasets.py
[2025-07-15T14:42:13.922+0000] {logging_mixin.py:190} INFO - [2025-07-15T14:42:13.922+0000] {dag.py:3239} INFO - Sync 10 DAGs
[2025-07-15T14:42:13.934+0000] {logging_mixin.py:190} INFO - [2025-07-15T14:42:13.934+0000] {dag.py:4180} INFO - Setting next_dagrun for conditional_dataset_and_time_based_timetable to 2025-07-09 01:00:00+00:00, run_after=2025-07-09 01:00:00+00:00
[2025-07-15T14:42:13.936+0000] {logging_mixin.py:190} INFO - [2025-07-15T14:42:13.936+0000] {dag.py:4180} INFO - Setting next_dagrun for consume_1_and_2_with_dataset_expressions to None, run_after=None
[2025-07-15T14:42:13.936+0000] {logging_mixin.py:190} INFO - [2025-07-15T14:42:13.936+0000] {dag.py:4180} INFO - Setting next_dagrun for consume_1_or_2_with_dataset_expressions to None, run_after=None
[2025-07-15T14:42:13.937+0000] {logging_mixin.py:190} INFO - [2025-07-15T14:42:13.937+0000] {dag.py:4180} INFO - Setting next_dagrun for consume_1_or_both_2_and_3_with_dataset_expressions to None, run_after=None
[2025-07-15T14:42:13.937+0000] {logging_mixin.py:190} INFO - [2025-07-15T14:42:13.937+0000] {dag.py:4180} INFO - Setting next_dagrun for dataset_consumes_1 to None, run_after=None
[2025-07-15T14:42:13.938+0000] {logging_mixin.py:190} INFO - [2025-07-15T14:42:13.938+0000] {dag.py:4180} INFO - Setting next_dagrun for dataset_consumes_1_and_2 to None, run_after=None
[2025-07-15T14:42:13.939+0000] {logging_mixin.py:190} INFO - [2025-07-15T14:42:13.938+0000] {dag.py:4180} INFO - Setting next_dagrun for dataset_consumes_1_never_scheduled to None, run_after=None
[2025-07-15T14:42:13.939+0000] {logging_mixin.py:190} INFO - [2025-07-15T14:42:13.939+0000] {dag.py:4180} INFO - Setting next_dagrun for dataset_consumes_unknown_never_scheduled to None, run_after=None
[2025-07-15T14:42:13.940+0000] {logging_mixin.py:190} INFO - [2025-07-15T14:42:13.940+0000] {dag.py:4180} INFO - Setting next_dagrun for dataset_produces_1 to 2025-07-14 00:00:00+00:00, run_after=2025-07-15 00:00:00+00:00
[2025-07-15T14:42:13.940+0000] {logging_mixin.py:190} INFO - [2025-07-15T14:42:13.940+0000] {dag.py:4180} INFO - Setting next_dagrun for dataset_produces_2 to None, run_after=None
[2025-07-15T14:42:13.953+0000] {processor.py:208} INFO - Processing /home/airflow/.local/lib/python3.12/site-packages/airflow/example_dags/example_datasets.py took 0.124 seconds
[2025-07-15T14:42:44.512+0000] {processor.py:186} INFO - Started process (PID=330) to work on /home/airflow/.local/lib/python3.12/site-packages/airflow/example_dags/example_datasets.py
[2025-07-15T14:42:44.514+0000] {processor.py:914} INFO - Processing file /home/airflow/.local/lib/python3.12/site-packages/airflow/example_dags/example_datasets.py for tasks to queue
[2025-07-15T14:42:44.516+0000] {logging_mixin.py:190} INFO - [2025-07-15T14:42:44.515+0000] {dagbag.py:588} INFO - Filling up the DagBag from /home/airflow/.local/lib/python3.12/site-packages/airflow/example_dags/example_datasets.py
[2025-07-15T14:42:44.603+0000] {processor.py:925} INFO - DAG(s) 'consume_1_or_both_2_and_3_with_dataset_expressions', 'conditional_dataset_and_time_based_timetable', 'dataset_produces_2', 'dataset_consumes_1', 'dataset_consumes_1_never_scheduled', 'dataset_produces_1', 'consume_1_or_2_with_dataset_expressions', 'dataset_consumes_1_and_2', 'consume_1_and_2_with_dataset_expressions', 'dataset_consumes_unknown_never_scheduled' retrieved from /home/airflow/.local/lib/python3.12/site-packages/airflow/example_dags/example_datasets.py
[2025-07-15T14:42:44.634+0000] {logging_mixin.py:190} INFO - [2025-07-15T14:42:44.634+0000] {dag.py:3239} INFO - Sync 10 DAGs
[2025-07-15T14:42:44.652+0000] {logging_mixin.py:190} INFO - [2025-07-15T14:42:44.652+0000] {dag.py:4180} INFO - Setting next_dagrun for conditional_dataset_and_time_based_timetable to 2025-07-09 01:00:00+00:00, run_after=2025-07-09 01:00:00+00:00
[2025-07-15T14:42:44.654+0000] {logging_mixin.py:190} INFO - [2025-07-15T14:42:44.654+0000] {dag.py:4180} INFO - Setting next_dagrun for consume_1_and_2_with_dataset_expressions to None, run_after=None
[2025-07-15T14:42:44.655+0000] {logging_mixin.py:190} INFO - [2025-07-15T14:42:44.655+0000] {dag.py:4180} INFO - Setting next_dagrun for consume_1_or_2_with_dataset_expressions to None, run_after=None
[2025-07-15T14:42:44.656+0000] {logging_mixin.py:190} INFO - [2025-07-15T14:42:44.656+0000] {dag.py:4180} INFO - Setting next_dagrun for consume_1_or_both_2_and_3_with_dataset_expressions to None, run_after=None
[2025-07-15T14:42:44.656+0000] {logging_mixin.py:190} INFO - [2025-07-15T14:42:44.656+0000] {dag.py:4180} INFO - Setting next_dagrun for dataset_consumes_1 to None, run_after=None
[2025-07-15T14:42:44.657+0000] {logging_mixin.py:190} INFO - [2025-07-15T14:42:44.657+0000] {dag.py:4180} INFO - Setting next_dagrun for dataset_consumes_1_and_2 to None, run_after=None
[2025-07-15T14:42:44.658+0000] {logging_mixin.py:190} INFO - [2025-07-15T14:42:44.658+0000] {dag.py:4180} INFO - Setting next_dagrun for dataset_consumes_1_never_scheduled to None, run_after=None
[2025-07-15T14:42:44.659+0000] {logging_mixin.py:190} INFO - [2025-07-15T14:42:44.659+0000] {dag.py:4180} INFO - Setting next_dagrun for dataset_consumes_unknown_never_scheduled to None, run_after=None
[2025-07-15T14:42:44.660+0000] {logging_mixin.py:190} INFO - [2025-07-15T14:42:44.660+0000] {dag.py:4180} INFO - Setting next_dagrun for dataset_produces_1 to 2025-07-14 00:00:00+00:00, run_after=2025-07-15 00:00:00+00:00
[2025-07-15T14:42:44.661+0000] {logging_mixin.py:190} INFO - [2025-07-15T14:42:44.661+0000] {dag.py:4180} INFO - Setting next_dagrun for dataset_produces_2 to None, run_after=None
[2025-07-15T14:42:44.676+0000] {processor.py:208} INFO - Processing /home/airflow/.local/lib/python3.12/site-packages/airflow/example_dags/example_datasets.py took 0.167 seconds
[2025-07-15T14:43:14.716+0000] {processor.py:186} INFO - Started process (PID=392) to work on /home/airflow/.local/lib/python3.12/site-packages/airflow/example_dags/example_datasets.py
[2025-07-15T14:43:14.719+0000] {processor.py:914} INFO - Processing file /home/airflow/.local/lib/python3.12/site-packages/airflow/example_dags/example_datasets.py for tasks to queue
[2025-07-15T14:43:14.721+0000] {logging_mixin.py:190} INFO - [2025-07-15T14:43:14.721+0000] {dagbag.py:588} INFO - Filling up the DagBag from /home/airflow/.local/lib/python3.12/site-packages/airflow/example_dags/example_datasets.py
[2025-07-15T14:43:14.812+0000] {processor.py:925} INFO - DAG(s) 'consume_1_or_both_2_and_3_with_dataset_expressions', 'dataset_produces_1', 'dataset_consumes_unknown_never_scheduled', 'dataset_consumes_1_and_2', 'dataset_produces_2', 'consume_1_and_2_with_dataset_expressions', 'dataset_consumes_1', 'conditional_dataset_and_time_based_timetable', 'dataset_consumes_1_never_scheduled', 'consume_1_or_2_with_dataset_expressions' retrieved from /home/airflow/.local/lib/python3.12/site-packages/airflow/example_dags/example_datasets.py
[2025-07-15T14:43:14.833+0000] {logging_mixin.py:190} INFO - [2025-07-15T14:43:14.832+0000] {dag.py:3239} INFO - Sync 10 DAGs
[2025-07-15T14:43:14.845+0000] {logging_mixin.py:190} INFO - [2025-07-15T14:43:14.845+0000] {dag.py:4180} INFO - Setting next_dagrun for conditional_dataset_and_time_based_timetable to 2025-07-09 01:00:00+00:00, run_after=2025-07-09 01:00:00+00:00
[2025-07-15T14:43:14.847+0000] {logging_mixin.py:190} INFO - [2025-07-15T14:43:14.846+0000] {dag.py:4180} INFO - Setting next_dagrun for consume_1_and_2_with_dataset_expressions to None, run_after=None
[2025-07-15T14:43:14.847+0000] {logging_mixin.py:190} INFO - [2025-07-15T14:43:14.847+0000] {dag.py:4180} INFO - Setting next_dagrun for consume_1_or_2_with_dataset_expressions to None, run_after=None
[2025-07-15T14:43:14.848+0000] {logging_mixin.py:190} INFO - [2025-07-15T14:43:14.848+0000] {dag.py:4180} INFO - Setting next_dagrun for consume_1_or_both_2_and_3_with_dataset_expressions to None, run_after=None
[2025-07-15T14:43:14.848+0000] {logging_mixin.py:190} INFO - [2025-07-15T14:43:14.848+0000] {dag.py:4180} INFO - Setting next_dagrun for dataset_consumes_1 to None, run_after=None
[2025-07-15T14:43:14.849+0000] {logging_mixin.py:190} INFO - [2025-07-15T14:43:14.849+0000] {dag.py:4180} INFO - Setting next_dagrun for dataset_consumes_1_and_2 to None, run_after=None
[2025-07-15T14:43:14.849+0000] {logging_mixin.py:190} INFO - [2025-07-15T14:43:14.849+0000] {dag.py:4180} INFO - Setting next_dagrun for dataset_consumes_1_never_scheduled to None, run_after=None
[2025-07-15T14:43:14.850+0000] {logging_mixin.py:190} INFO - [2025-07-15T14:43:14.850+0000] {dag.py:4180} INFO - Setting next_dagrun for dataset_consumes_unknown_never_scheduled to None, run_after=None
[2025-07-15T14:43:14.851+0000] {logging_mixin.py:190} INFO - [2025-07-15T14:43:14.850+0000] {dag.py:4180} INFO - Setting next_dagrun for dataset_produces_1 to 2025-07-14 00:00:00+00:00, run_after=2025-07-15 00:00:00+00:00
[2025-07-15T14:43:14.851+0000] {logging_mixin.py:190} INFO - [2025-07-15T14:43:14.851+0000] {dag.py:4180} INFO - Setting next_dagrun for dataset_produces_2 to None, run_after=None
[2025-07-15T14:43:14.866+0000] {processor.py:208} INFO - Processing /home/airflow/.local/lib/python3.12/site-packages/airflow/example_dags/example_datasets.py took 0.153 seconds
[2025-07-15T14:43:45.470+0000] {processor.py:186} INFO - Started process (PID=454) to work on /home/airflow/.local/lib/python3.12/site-packages/airflow/example_dags/example_datasets.py
[2025-07-15T14:43:45.471+0000] {processor.py:914} INFO - Processing file /home/airflow/.local/lib/python3.12/site-packages/airflow/example_dags/example_datasets.py for tasks to queue
[2025-07-15T14:43:45.472+0000] {logging_mixin.py:190} INFO - [2025-07-15T14:43:45.472+0000] {dagbag.py:588} INFO - Filling up the DagBag from /home/airflow/.local/lib/python3.12/site-packages/airflow/example_dags/example_datasets.py
[2025-07-15T14:43:45.554+0000] {processor.py:925} INFO - DAG(s) 'dataset_produces_1', 'consume_1_or_both_2_and_3_with_dataset_expressions', 'dataset_consumes_1', 'dataset_consumes_1_never_scheduled', 'consume_1_or_2_with_dataset_expressions', 'consume_1_and_2_with_dataset_expressions', 'conditional_dataset_and_time_based_timetable', 'dataset_consumes_1_and_2', 'dataset_consumes_unknown_never_scheduled', 'dataset_produces_2' retrieved from /home/airflow/.local/lib/python3.12/site-packages/airflow/example_dags/example_datasets.py
[2025-07-15T14:43:45.580+0000] {logging_mixin.py:190} INFO - [2025-07-15T14:43:45.579+0000] {dag.py:3239} INFO - Sync 10 DAGs
[2025-07-15T14:43:45.593+0000] {logging_mixin.py:190} INFO - [2025-07-15T14:43:45.593+0000] {dag.py:4180} INFO - Setting next_dagrun for conditional_dataset_and_time_based_timetable to 2025-07-09 01:00:00+00:00, run_after=2025-07-09 01:00:00+00:00
[2025-07-15T14:43:45.594+0000] {logging_mixin.py:190} INFO - [2025-07-15T14:43:45.594+0000] {dag.py:4180} INFO - Setting next_dagrun for consume_1_and_2_with_dataset_expressions to None, run_after=None
[2025-07-15T14:43:45.595+0000] {logging_mixin.py:190} INFO - [2025-07-15T14:43:45.595+0000] {dag.py:4180} INFO - Setting next_dagrun for consume_1_or_2_with_dataset_expressions to None, run_after=None
[2025-07-15T14:43:45.596+0000] {logging_mixin.py:190} INFO - [2025-07-15T14:43:45.595+0000] {dag.py:4180} INFO - Setting next_dagrun for consume_1_or_both_2_and_3_with_dataset_expressions to None, run_after=None
[2025-07-15T14:43:45.596+0000] {logging_mixin.py:190} INFO - [2025-07-15T14:43:45.596+0000] {dag.py:4180} INFO - Setting next_dagrun for dataset_consumes_1 to None, run_after=None
[2025-07-15T14:43:45.597+0000] {logging_mixin.py:190} INFO - [2025-07-15T14:43:45.597+0000] {dag.py:4180} INFO - Setting next_dagrun for dataset_consumes_1_and_2 to None, run_after=None
[2025-07-15T14:43:45.597+0000] {logging_mixin.py:190} INFO - [2025-07-15T14:43:45.597+0000] {dag.py:4180} INFO - Setting next_dagrun for dataset_consumes_1_never_scheduled to None, run_after=None
[2025-07-15T14:43:45.597+0000] {logging_mixin.py:190} INFO - [2025-07-15T14:43:45.597+0000] {dag.py:4180} INFO - Setting next_dagrun for dataset_consumes_unknown_never_scheduled to None, run_after=None
[2025-07-15T14:43:45.598+0000] {logging_mixin.py:190} INFO - [2025-07-15T14:43:45.598+0000] {dag.py:4180} INFO - Setting next_dagrun for dataset_produces_1 to 2025-07-14 00:00:00+00:00, run_after=2025-07-15 00:00:00+00:00
[2025-07-15T14:43:45.599+0000] {logging_mixin.py:190} INFO - [2025-07-15T14:43:45.599+0000] {dag.py:4180} INFO - Setting next_dagrun for dataset_produces_2 to None, run_after=None
[2025-07-15T14:43:45.612+0000] {processor.py:208} INFO - Processing /home/airflow/.local/lib/python3.12/site-packages/airflow/example_dags/example_datasets.py took 0.145 seconds
[2025-07-15T14:44:16.531+0000] {processor.py:186} INFO - Started process (PID=516) to work on /home/airflow/.local/lib/python3.12/site-packages/airflow/example_dags/example_datasets.py
[2025-07-15T14:44:16.532+0000] {processor.py:914} INFO - Processing file /home/airflow/.local/lib/python3.12/site-packages/airflow/example_dags/example_datasets.py for tasks to queue
[2025-07-15T14:44:16.535+0000] {logging_mixin.py:190} INFO - [2025-07-15T14:44:16.535+0000] {dagbag.py:588} INFO - Filling up the DagBag from /home/airflow/.local/lib/python3.12/site-packages/airflow/example_dags/example_datasets.py
[2025-07-15T14:44:16.614+0000] {processor.py:925} INFO - DAG(s) 'consume_1_or_2_with_dataset_expressions', 'conditional_dataset_and_time_based_timetable', 'dataset_consumes_unknown_never_scheduled', 'dataset_produces_1', 'dataset_consumes_1_and_2', 'dataset_consumes_1', 'dataset_produces_2', 'consume_1_and_2_with_dataset_expressions', 'dataset_consumes_1_never_scheduled', 'consume_1_or_both_2_and_3_with_dataset_expressions' retrieved from /home/airflow/.local/lib/python3.12/site-packages/airflow/example_dags/example_datasets.py
[2025-07-15T14:44:16.634+0000] {logging_mixin.py:190} INFO - [2025-07-15T14:44:16.634+0000] {dag.py:3239} INFO - Sync 10 DAGs
[2025-07-15T14:44:16.648+0000] {logging_mixin.py:190} INFO - [2025-07-15T14:44:16.648+0000] {dag.py:4180} INFO - Setting next_dagrun for conditional_dataset_and_time_based_timetable to 2025-07-09 01:00:00+00:00, run_after=2025-07-09 01:00:00+00:00
[2025-07-15T14:44:16.650+0000] {logging_mixin.py:190} INFO - [2025-07-15T14:44:16.650+0000] {dag.py:4180} INFO - Setting next_dagrun for consume_1_and_2_with_dataset_expressions to None, run_after=None
[2025-07-15T14:44:16.651+0000] {logging_mixin.py:190} INFO - [2025-07-15T14:44:16.650+0000] {dag.py:4180} INFO - Setting next_dagrun for consume_1_or_2_with_dataset_expressions to None, run_after=None
[2025-07-15T14:44:16.651+0000] {logging_mixin.py:190} INFO - [2025-07-15T14:44:16.651+0000] {dag.py:4180} INFO - Setting next_dagrun for consume_1_or_both_2_and_3_with_dataset_expressions to None, run_after=None
[2025-07-15T14:44:16.653+0000] {logging_mixin.py:190} INFO - [2025-07-15T14:44:16.653+0000] {dag.py:4180} INFO - Setting next_dagrun for dataset_consumes_1 to None, run_after=None
[2025-07-15T14:44:16.654+0000] {logging_mixin.py:190} INFO - [2025-07-15T14:44:16.654+0000] {dag.py:4180} INFO - Setting next_dagrun for dataset_consumes_1_and_2 to None, run_after=None
[2025-07-15T14:44:16.655+0000] {logging_mixin.py:190} INFO - [2025-07-15T14:44:16.655+0000] {dag.py:4180} INFO - Setting next_dagrun for dataset_consumes_1_never_scheduled to None, run_after=None
[2025-07-15T14:44:16.656+0000] {logging_mixin.py:190} INFO - [2025-07-15T14:44:16.655+0000] {dag.py:4180} INFO - Setting next_dagrun for dataset_consumes_unknown_never_scheduled to None, run_after=None
[2025-07-15T14:44:16.657+0000] {logging_mixin.py:190} INFO - [2025-07-15T14:44:16.656+0000] {dag.py:4180} INFO - Setting next_dagrun for dataset_produces_1 to 2025-07-14 00:00:00+00:00, run_after=2025-07-15 00:00:00+00:00
[2025-07-15T14:44:16.657+0000] {logging_mixin.py:190} INFO - [2025-07-15T14:44:16.657+0000] {dag.py:4180} INFO - Setting next_dagrun for dataset_produces_2 to None, run_after=None
[2025-07-15T14:44:16.675+0000] {processor.py:208} INFO - Processing /home/airflow/.local/lib/python3.12/site-packages/airflow/example_dags/example_datasets.py took 0.147 seconds
[2025-07-15T14:44:47.220+0000] {processor.py:186} INFO - Started process (PID=579) to work on /home/airflow/.local/lib/python3.12/site-packages/airflow/example_dags/example_datasets.py
[2025-07-15T14:44:47.221+0000] {processor.py:914} INFO - Processing file /home/airflow/.local/lib/python3.12/site-packages/airflow/example_dags/example_datasets.py for tasks to queue
[2025-07-15T14:44:47.223+0000] {logging_mixin.py:190} INFO - [2025-07-15T14:44:47.223+0000] {dagbag.py:588} INFO - Filling up the DagBag from /home/airflow/.local/lib/python3.12/site-packages/airflow/example_dags/example_datasets.py
[2025-07-15T14:44:47.300+0000] {processor.py:925} INFO - DAG(s) 'consume_1_and_2_with_dataset_expressions', 'consume_1_or_both_2_and_3_with_dataset_expressions', 'dataset_produces_2', 'dataset_consumes_1_and_2', 'dataset_produces_1', 'dataset_consumes_unknown_never_scheduled', 'conditional_dataset_and_time_based_timetable', 'dataset_consumes_1', 'dataset_consumes_1_never_scheduled', 'consume_1_or_2_with_dataset_expressions' retrieved from /home/airflow/.local/lib/python3.12/site-packages/airflow/example_dags/example_datasets.py
[2025-07-15T14:44:47.318+0000] {logging_mixin.py:190} INFO - [2025-07-15T14:44:47.318+0000] {dag.py:3239} INFO - Sync 10 DAGs
[2025-07-15T14:44:47.330+0000] {logging_mixin.py:190} INFO - [2025-07-15T14:44:47.330+0000] {dag.py:4180} INFO - Setting next_dagrun for conditional_dataset_and_time_based_timetable to 2025-07-09 01:00:00+00:00, run_after=2025-07-09 01:00:00+00:00
[2025-07-15T14:44:47.332+0000] {logging_mixin.py:190} INFO - [2025-07-15T14:44:47.331+0000] {dag.py:4180} INFO - Setting next_dagrun for consume_1_and_2_with_dataset_expressions to None, run_after=None
[2025-07-15T14:44:47.332+0000] {logging_mixin.py:190} INFO - [2025-07-15T14:44:47.332+0000] {dag.py:4180} INFO - Setting next_dagrun for consume_1_or_2_with_dataset_expressions to None, run_after=None
[2025-07-15T14:44:47.333+0000] {logging_mixin.py:190} INFO - [2025-07-15T14:44:47.333+0000] {dag.py:4180} INFO - Setting next_dagrun for consume_1_or_both_2_and_3_with_dataset_expressions to None, run_after=None
[2025-07-15T14:44:47.333+0000] {logging_mixin.py:190} INFO - [2025-07-15T14:44:47.333+0000] {dag.py:4180} INFO - Setting next_dagrun for dataset_consumes_1 to None, run_after=None
[2025-07-15T14:44:47.334+0000] {logging_mixin.py:190} INFO - [2025-07-15T14:44:47.334+0000] {dag.py:4180} INFO - Setting next_dagrun for dataset_consumes_1_and_2 to None, run_after=None
[2025-07-15T14:44:47.334+0000] {logging_mixin.py:190} INFO - [2025-07-15T14:44:47.334+0000] {dag.py:4180} INFO - Setting next_dagrun for dataset_consumes_1_never_scheduled to None, run_after=None
[2025-07-15T14:44:47.335+0000] {logging_mixin.py:190} INFO - [2025-07-15T14:44:47.334+0000] {dag.py:4180} INFO - Setting next_dagrun for dataset_consumes_unknown_never_scheduled to None, run_after=None
[2025-07-15T14:44:47.335+0000] {logging_mixin.py:190} INFO - [2025-07-15T14:44:47.335+0000] {dag.py:4180} INFO - Setting next_dagrun for dataset_produces_1 to 2025-07-14 00:00:00+00:00, run_after=2025-07-15 00:00:00+00:00
[2025-07-15T14:44:47.336+0000] {logging_mixin.py:190} INFO - [2025-07-15T14:44:47.336+0000] {dag.py:4180} INFO - Setting next_dagrun for dataset_produces_2 to None, run_after=None
[2025-07-15T14:44:47.350+0000] {processor.py:208} INFO - Processing /home/airflow/.local/lib/python3.12/site-packages/airflow/example_dags/example_datasets.py took 0.133 seconds
[2025-07-15T14:45:17.856+0000] {processor.py:186} INFO - Started process (PID=642) to work on /home/airflow/.local/lib/python3.12/site-packages/airflow/example_dags/example_datasets.py
[2025-07-15T14:45:17.857+0000] {processor.py:914} INFO - Processing file /home/airflow/.local/lib/python3.12/site-packages/airflow/example_dags/example_datasets.py for tasks to queue
[2025-07-15T14:45:17.858+0000] {logging_mixin.py:190} INFO - [2025-07-15T14:45:17.858+0000] {dagbag.py:588} INFO - Filling up the DagBag from /home/airflow/.local/lib/python3.12/site-packages/airflow/example_dags/example_datasets.py
[2025-07-15T14:45:17.925+0000] {processor.py:925} INFO - DAG(s) 'dataset_produces_2', 'consume_1_and_2_with_dataset_expressions', 'dataset_consumes_unknown_never_scheduled', 'dataset_consumes_1_and_2', 'dataset_consumes_1', 'consume_1_or_both_2_and_3_with_dataset_expressions', 'dataset_produces_1', 'conditional_dataset_and_time_based_timetable', 'consume_1_or_2_with_dataset_expressions', 'dataset_consumes_1_never_scheduled' retrieved from /home/airflow/.local/lib/python3.12/site-packages/airflow/example_dags/example_datasets.py
[2025-07-15T14:45:17.943+0000] {logging_mixin.py:190} INFO - [2025-07-15T14:45:17.943+0000] {dag.py:3239} INFO - Sync 10 DAGs
[2025-07-15T14:45:17.954+0000] {logging_mixin.py:190} INFO - [2025-07-15T14:45:17.954+0000] {dag.py:4180} INFO - Setting next_dagrun for conditional_dataset_and_time_based_timetable to 2025-07-09 01:00:00+00:00, run_after=2025-07-09 01:00:00+00:00
[2025-07-15T14:45:17.955+0000] {logging_mixin.py:190} INFO - [2025-07-15T14:45:17.955+0000] {dag.py:4180} INFO - Setting next_dagrun for consume_1_and_2_with_dataset_expressions to None, run_after=None
[2025-07-15T14:45:17.956+0000] {logging_mixin.py:190} INFO - [2025-07-15T14:45:17.956+0000] {dag.py:4180} INFO - Setting next_dagrun for consume_1_or_2_with_dataset_expressions to None, run_after=None
[2025-07-15T14:45:17.956+0000] {logging_mixin.py:190} INFO - [2025-07-15T14:45:17.956+0000] {dag.py:4180} INFO - Setting next_dagrun for consume_1_or_both_2_and_3_with_dataset_expressions to None, run_after=None
[2025-07-15T14:45:17.957+0000] {logging_mixin.py:190} INFO - [2025-07-15T14:45:17.957+0000] {dag.py:4180} INFO - Setting next_dagrun for dataset_consumes_1 to None, run_after=None
[2025-07-15T14:45:17.957+0000] {logging_mixin.py:190} INFO - [2025-07-15T14:45:17.957+0000] {dag.py:4180} INFO - Setting next_dagrun for dataset_consumes_1_and_2 to None, run_after=None
[2025-07-15T14:45:17.958+0000] {logging_mixin.py:190} INFO - [2025-07-15T14:45:17.958+0000] {dag.py:4180} INFO - Setting next_dagrun for dataset_consumes_1_never_scheduled to None, run_after=None
[2025-07-15T14:45:17.958+0000] {logging_mixin.py:190} INFO - [2025-07-15T14:45:17.958+0000] {dag.py:4180} INFO - Setting next_dagrun for dataset_consumes_unknown_never_scheduled to None, run_after=None
[2025-07-15T14:45:17.959+0000] {logging_mixin.py:190} INFO - [2025-07-15T14:45:17.959+0000] {dag.py:4180} INFO - Setting next_dagrun for dataset_produces_1 to 2025-07-14 00:00:00+00:00, run_after=2025-07-15 00:00:00+00:00
[2025-07-15T14:45:17.959+0000] {logging_mixin.py:190} INFO - [2025-07-15T14:45:17.959+0000] {dag.py:4180} INFO - Setting next_dagrun for dataset_produces_2 to None, run_after=None
[2025-07-15T14:45:17.973+0000] {processor.py:208} INFO - Processing /home/airflow/.local/lib/python3.12/site-packages/airflow/example_dags/example_datasets.py took 0.119 seconds
[2025-07-15T14:45:48.268+0000] {processor.py:186} INFO - Started process (PID=702) to work on /home/airflow/.local/lib/python3.12/site-packages/airflow/example_dags/example_datasets.py
[2025-07-15T14:45:48.269+0000] {processor.py:914} INFO - Processing file /home/airflow/.local/lib/python3.12/site-packages/airflow/example_dags/example_datasets.py for tasks to queue
[2025-07-15T14:45:48.271+0000] {logging_mixin.py:190} INFO - [2025-07-15T14:45:48.271+0000] {dagbag.py:588} INFO - Filling up the DagBag from /home/airflow/.local/lib/python3.12/site-packages/airflow/example_dags/example_datasets.py
[2025-07-15T14:45:48.353+0000] {processor.py:925} INFO - DAG(s) 'dataset_consumes_1', 'consume_1_and_2_with_dataset_expressions', 'dataset_consumes_1_and_2', 'consume_1_or_2_with_dataset_expressions', 'dataset_produces_2', 'dataset_consumes_1_never_scheduled', 'dataset_consumes_unknown_never_scheduled', 'conditional_dataset_and_time_based_timetable', 'consume_1_or_both_2_and_3_with_dataset_expressions', 'dataset_produces_1' retrieved from /home/airflow/.local/lib/python3.12/site-packages/airflow/example_dags/example_datasets.py
[2025-07-15T14:45:48.374+0000] {logging_mixin.py:190} INFO - [2025-07-15T14:45:48.374+0000] {dag.py:3239} INFO - Sync 10 DAGs
[2025-07-15T14:45:48.387+0000] {logging_mixin.py:190} INFO - [2025-07-15T14:45:48.387+0000] {dag.py:4180} INFO - Setting next_dagrun for conditional_dataset_and_time_based_timetable to 2025-07-09 01:00:00+00:00, run_after=2025-07-09 01:00:00+00:00
[2025-07-15T14:45:48.389+0000] {logging_mixin.py:190} INFO - [2025-07-15T14:45:48.389+0000] {dag.py:4180} INFO - Setting next_dagrun for consume_1_and_2_with_dataset_expressions to None, run_after=None
[2025-07-15T14:45:48.389+0000] {logging_mixin.py:190} INFO - [2025-07-15T14:45:48.389+0000] {dag.py:4180} INFO - Setting next_dagrun for consume_1_or_2_with_dataset_expressions to None, run_after=None
[2025-07-15T14:45:48.390+0000] {logging_mixin.py:190} INFO - [2025-07-15T14:45:48.390+0000] {dag.py:4180} INFO - Setting next_dagrun for consume_1_or_both_2_and_3_with_dataset_expressions to None, run_after=None
[2025-07-15T14:45:48.391+0000] {logging_mixin.py:190} INFO - [2025-07-15T14:45:48.390+0000] {dag.py:4180} INFO - Setting next_dagrun for dataset_consumes_1 to None, run_after=None
[2025-07-15T14:45:48.391+0000] {logging_mixin.py:190} INFO - [2025-07-15T14:45:48.391+0000] {dag.py:4180} INFO - Setting next_dagrun for dataset_consumes_1_and_2 to None, run_after=None
[2025-07-15T14:45:48.393+0000] {logging_mixin.py:190} INFO - [2025-07-15T14:45:48.393+0000] {dag.py:4180} INFO - Setting next_dagrun for dataset_consumes_1_never_scheduled to None, run_after=None
[2025-07-15T14:45:48.394+0000] {logging_mixin.py:190} INFO - [2025-07-15T14:45:48.394+0000] {dag.py:4180} INFO - Setting next_dagrun for dataset_consumes_unknown_never_scheduled to None, run_after=None
[2025-07-15T14:45:48.395+0000] {logging_mixin.py:190} INFO - [2025-07-15T14:45:48.395+0000] {dag.py:4180} INFO - Setting next_dagrun for dataset_produces_1 to 2025-07-14 00:00:00+00:00, run_after=2025-07-15 00:00:00+00:00
[2025-07-15T14:45:48.396+0000] {logging_mixin.py:190} INFO - [2025-07-15T14:45:48.396+0000] {dag.py:4180} INFO - Setting next_dagrun for dataset_produces_2 to None, run_after=None
[2025-07-15T14:45:48.413+0000] {processor.py:208} INFO - Processing /home/airflow/.local/lib/python3.12/site-packages/airflow/example_dags/example_datasets.py took 0.149 seconds
[2025-07-15T14:46:19.151+0000] {processor.py:186} INFO - Started process (PID=764) to work on /home/airflow/.local/lib/python3.12/site-packages/airflow/example_dags/example_datasets.py
[2025-07-15T14:46:19.152+0000] {processor.py:914} INFO - Processing file /home/airflow/.local/lib/python3.12/site-packages/airflow/example_dags/example_datasets.py for tasks to queue
[2025-07-15T14:46:19.153+0000] {logging_mixin.py:190} INFO - [2025-07-15T14:46:19.153+0000] {dagbag.py:588} INFO - Filling up the DagBag from /home/airflow/.local/lib/python3.12/site-packages/airflow/example_dags/example_datasets.py
[2025-07-15T14:46:19.237+0000] {processor.py:925} INFO - DAG(s) 'dataset_consumes_1', 'dataset_consumes_1_never_scheduled', 'dataset_produces_2', 'conditional_dataset_and_time_based_timetable', 'dataset_produces_1', 'consume_1_and_2_with_dataset_expressions', 'dataset_consumes_1_and_2', 'consume_1_or_2_with_dataset_expressions', 'consume_1_or_both_2_and_3_with_dataset_expressions', 'dataset_consumes_unknown_never_scheduled' retrieved from /home/airflow/.local/lib/python3.12/site-packages/airflow/example_dags/example_datasets.py
[2025-07-15T14:46:19.264+0000] {logging_mixin.py:190} INFO - [2025-07-15T14:46:19.264+0000] {dag.py:3239} INFO - Sync 10 DAGs
[2025-07-15T14:46:19.276+0000] {logging_mixin.py:190} INFO - [2025-07-15T14:46:19.276+0000] {dag.py:4180} INFO - Setting next_dagrun for conditional_dataset_and_time_based_timetable to 2025-07-09 01:00:00+00:00, run_after=2025-07-09 01:00:00+00:00
[2025-07-15T14:46:19.278+0000] {logging_mixin.py:190} INFO - [2025-07-15T14:46:19.278+0000] {dag.py:4180} INFO - Setting next_dagrun for consume_1_and_2_with_dataset_expressions to None, run_after=None
[2025-07-15T14:46:19.278+0000] {logging_mixin.py:190} INFO - [2025-07-15T14:46:19.278+0000] {dag.py:4180} INFO - Setting next_dagrun for consume_1_or_2_with_dataset_expressions to None, run_after=None
[2025-07-15T14:46:19.279+0000] {logging_mixin.py:190} INFO - [2025-07-15T14:46:19.279+0000] {dag.py:4180} INFO - Setting next_dagrun for consume_1_or_both_2_and_3_with_dataset_expressions to None, run_after=None
[2025-07-15T14:46:19.279+0000] {logging_mixin.py:190} INFO - [2025-07-15T14:46:19.279+0000] {dag.py:4180} INFO - Setting next_dagrun for dataset_consumes_1 to None, run_after=None
[2025-07-15T14:46:19.280+0000] {logging_mixin.py:190} INFO - [2025-07-15T14:46:19.280+0000] {dag.py:4180} INFO - Setting next_dagrun for dataset_consumes_1_and_2 to None, run_after=None
[2025-07-15T14:46:19.280+0000] {logging_mixin.py:190} INFO - [2025-07-15T14:46:19.280+0000] {dag.py:4180} INFO - Setting next_dagrun for dataset_consumes_1_never_scheduled to None, run_after=None
[2025-07-15T14:46:19.280+0000] {logging_mixin.py:190} INFO - [2025-07-15T14:46:19.280+0000] {dag.py:4180} INFO - Setting next_dagrun for dataset_consumes_unknown_never_scheduled to None, run_after=None
[2025-07-15T14:46:19.281+0000] {logging_mixin.py:190} INFO - [2025-07-15T14:46:19.281+0000] {dag.py:4180} INFO - Setting next_dagrun for dataset_produces_1 to 2025-07-14 00:00:00+00:00, run_after=2025-07-15 00:00:00+00:00
[2025-07-15T14:46:19.282+0000] {logging_mixin.py:190} INFO - [2025-07-15T14:46:19.282+0000] {dag.py:4180} INFO - Setting next_dagrun for dataset_produces_2 to None, run_after=None
[2025-07-15T14:46:19.295+0000] {processor.py:208} INFO - Processing /home/airflow/.local/lib/python3.12/site-packages/airflow/example_dags/example_datasets.py took 0.147 seconds
[2025-07-15T14:46:49.835+0000] {processor.py:186} INFO - Started process (PID=826) to work on /home/airflow/.local/lib/python3.12/site-packages/airflow/example_dags/example_datasets.py
[2025-07-15T14:46:49.835+0000] {processor.py:914} INFO - Processing file /home/airflow/.local/lib/python3.12/site-packages/airflow/example_dags/example_datasets.py for tasks to queue
[2025-07-15T14:46:49.836+0000] {logging_mixin.py:190} INFO - [2025-07-15T14:46:49.836+0000] {dagbag.py:588} INFO - Filling up the DagBag from /home/airflow/.local/lib/python3.12/site-packages/airflow/example_dags/example_datasets.py
[2025-07-15T14:46:49.924+0000] {processor.py:925} INFO - DAG(s) 'dataset_produces_1', 'dataset_produces_2', 'dataset_consumes_1_never_scheduled', 'dataset_consumes_1', 'dataset_consumes_unknown_never_scheduled', 'consume_1_and_2_with_dataset_expressions', 'consume_1_or_both_2_and_3_with_dataset_expressions', 'dataset_consumes_1_and_2', 'conditional_dataset_and_time_based_timetable', 'consume_1_or_2_with_dataset_expressions' retrieved from /home/airflow/.local/lib/python3.12/site-packages/airflow/example_dags/example_datasets.py
[2025-07-15T14:46:49.948+0000] {logging_mixin.py:190} INFO - [2025-07-15T14:46:49.948+0000] {dag.py:3239} INFO - Sync 10 DAGs
[2025-07-15T14:46:49.964+0000] {logging_mixin.py:190} INFO - [2025-07-15T14:46:49.964+0000] {dag.py:4180} INFO - Setting next_dagrun for conditional_dataset_and_time_based_timetable to 2025-07-09 01:00:00+00:00, run_after=2025-07-09 01:00:00+00:00
[2025-07-15T14:46:49.966+0000] {logging_mixin.py:190} INFO - [2025-07-15T14:46:49.966+0000] {dag.py:4180} INFO - Setting next_dagrun for consume_1_and_2_with_dataset_expressions to None, run_after=None
[2025-07-15T14:46:49.966+0000] {logging_mixin.py:190} INFO - [2025-07-15T14:46:49.966+0000] {dag.py:4180} INFO - Setting next_dagrun for consume_1_or_2_with_dataset_expressions to None, run_after=None
[2025-07-15T14:46:49.967+0000] {logging_mixin.py:190} INFO - [2025-07-15T14:46:49.967+0000] {dag.py:4180} INFO - Setting next_dagrun for consume_1_or_both_2_and_3_with_dataset_expressions to None, run_after=None
[2025-07-15T14:46:49.967+0000] {logging_mixin.py:190} INFO - [2025-07-15T14:46:49.967+0000] {dag.py:4180} INFO - Setting next_dagrun for dataset_consumes_1 to None, run_after=None
[2025-07-15T14:46:49.968+0000] {logging_mixin.py:190} INFO - [2025-07-15T14:46:49.968+0000] {dag.py:4180} INFO - Setting next_dagrun for dataset_consumes_1_and_2 to None, run_after=None
[2025-07-15T14:46:49.968+0000] {logging_mixin.py:190} INFO - [2025-07-15T14:46:49.968+0000] {dag.py:4180} INFO - Setting next_dagrun for dataset_consumes_1_never_scheduled to None, run_after=None
[2025-07-15T14:46:49.969+0000] {logging_mixin.py:190} INFO - [2025-07-15T14:46:49.969+0000] {dag.py:4180} INFO - Setting next_dagrun for dataset_consumes_unknown_never_scheduled to None, run_after=None
[2025-07-15T14:46:49.970+0000] {logging_mixin.py:190} INFO - [2025-07-15T14:46:49.970+0000] {dag.py:4180} INFO - Setting next_dagrun for dataset_produces_1 to 2025-07-14 00:00:00+00:00, run_after=2025-07-15 00:00:00+00:00
[2025-07-15T14:46:49.971+0000] {logging_mixin.py:190} INFO - [2025-07-15T14:46:49.971+0000] {dag.py:4180} INFO - Setting next_dagrun for dataset_produces_2 to None, run_after=None
[2025-07-15T14:46:49.991+0000] {processor.py:208} INFO - Processing /home/airflow/.local/lib/python3.12/site-packages/airflow/example_dags/example_datasets.py took 0.159 seconds
[2025-07-15T14:47:21.269+0000] {processor.py:186} INFO - Started process (PID=888) to work on /home/airflow/.local/lib/python3.12/site-packages/airflow/example_dags/example_datasets.py
[2025-07-15T14:47:21.270+0000] {processor.py:914} INFO - Processing file /home/airflow/.local/lib/python3.12/site-packages/airflow/example_dags/example_datasets.py for tasks to queue
[2025-07-15T14:47:21.271+0000] {logging_mixin.py:190} INFO - [2025-07-15T14:47:21.271+0000] {dagbag.py:588} INFO - Filling up the DagBag from /home/airflow/.local/lib/python3.12/site-packages/airflow/example_dags/example_datasets.py
[2025-07-15T14:47:21.411+0000] {processor.py:925} INFO - DAG(s) 'dataset_consumes_1_and_2', 'consume_1_and_2_with_dataset_expressions', 'conditional_dataset_and_time_based_timetable', 'dataset_consumes_unknown_never_scheduled', 'consume_1_or_2_with_dataset_expressions', 'consume_1_or_both_2_and_3_with_dataset_expressions', 'dataset_produces_1', 'dataset_consumes_1_never_scheduled', 'dataset_produces_2', 'dataset_consumes_1' retrieved from /home/airflow/.local/lib/python3.12/site-packages/airflow/example_dags/example_datasets.py
[2025-07-15T14:47:21.442+0000] {logging_mixin.py:190} INFO - [2025-07-15T14:47:21.442+0000] {dag.py:3239} INFO - Sync 10 DAGs
[2025-07-15T14:47:21.457+0000] {logging_mixin.py:190} INFO - [2025-07-15T14:47:21.457+0000] {dag.py:4180} INFO - Setting next_dagrun for conditional_dataset_and_time_based_timetable to 2025-07-09 01:00:00+00:00, run_after=2025-07-09 01:00:00+00:00
[2025-07-15T14:47:21.459+0000] {logging_mixin.py:190} INFO - [2025-07-15T14:47:21.459+0000] {dag.py:4180} INFO - Setting next_dagrun for consume_1_and_2_with_dataset_expressions to None, run_after=None
[2025-07-15T14:47:21.460+0000] {logging_mixin.py:190} INFO - [2025-07-15T14:47:21.460+0000] {dag.py:4180} INFO - Setting next_dagrun for consume_1_or_2_with_dataset_expressions to None, run_after=None
[2025-07-15T14:47:21.460+0000] {logging_mixin.py:190} INFO - [2025-07-15T14:47:21.460+0000] {dag.py:4180} INFO - Setting next_dagrun for consume_1_or_both_2_and_3_with_dataset_expressions to None, run_after=None
[2025-07-15T14:47:21.461+0000] {logging_mixin.py:190} INFO - [2025-07-15T14:47:21.461+0000] {dag.py:4180} INFO - Setting next_dagrun for dataset_consumes_1 to None, run_after=None
[2025-07-15T14:47:21.461+0000] {logging_mixin.py:190} INFO - [2025-07-15T14:47:21.461+0000] {dag.py:4180} INFO - Setting next_dagrun for dataset_consumes_1_and_2 to None, run_after=None
[2025-07-15T14:47:21.462+0000] {logging_mixin.py:190} INFO - [2025-07-15T14:47:21.462+0000] {dag.py:4180} INFO - Setting next_dagrun for dataset_consumes_1_never_scheduled to None, run_after=None
[2025-07-15T14:47:21.462+0000] {logging_mixin.py:190} INFO - [2025-07-15T14:47:21.462+0000] {dag.py:4180} INFO - Setting next_dagrun for dataset_consumes_unknown_never_scheduled to None, run_after=None
[2025-07-15T14:47:21.463+0000] {logging_mixin.py:190} INFO - [2025-07-15T14:47:21.463+0000] {dag.py:4180} INFO - Setting next_dagrun for dataset_produces_1 to 2025-07-14 00:00:00+00:00, run_after=2025-07-15 00:00:00+00:00
[2025-07-15T14:47:21.464+0000] {logging_mixin.py:190} INFO - [2025-07-15T14:47:21.464+0000] {dag.py:4180} INFO - Setting next_dagrun for dataset_produces_2 to None, run_after=None
[2025-07-15T14:47:21.479+0000] {processor.py:208} INFO - Processing /home/airflow/.local/lib/python3.12/site-packages/airflow/example_dags/example_datasets.py took 0.213 seconds
[2025-07-15T14:47:52.013+0000] {processor.py:186} INFO - Started process (PID=950) to work on /home/airflow/.local/lib/python3.12/site-packages/airflow/example_dags/example_datasets.py
[2025-07-15T14:47:52.013+0000] {processor.py:914} INFO - Processing file /home/airflow/.local/lib/python3.12/site-packages/airflow/example_dags/example_datasets.py for tasks to queue
[2025-07-15T14:47:52.015+0000] {logging_mixin.py:190} INFO - [2025-07-15T14:47:52.014+0000] {dagbag.py:588} INFO - Filling up the DagBag from /home/airflow/.local/lib/python3.12/site-packages/airflow/example_dags/example_datasets.py
[2025-07-15T14:47:52.107+0000] {processor.py:925} INFO - DAG(s) 'consume_1_or_2_with_dataset_expressions', 'conditional_dataset_and_time_based_timetable', 'dataset_consumes_1_never_scheduled', 'dataset_produces_2', 'consume_1_or_both_2_and_3_with_dataset_expressions', 'dataset_consumes_unknown_never_scheduled', 'dataset_consumes_1_and_2', 'dataset_produces_1', 'consume_1_and_2_with_dataset_expressions', 'dataset_consumes_1' retrieved from /home/airflow/.local/lib/python3.12/site-packages/airflow/example_dags/example_datasets.py
[2025-07-15T14:47:52.135+0000] {logging_mixin.py:190} INFO - [2025-07-15T14:47:52.135+0000] {dag.py:3239} INFO - Sync 10 DAGs
[2025-07-15T14:47:52.150+0000] {logging_mixin.py:190} INFO - [2025-07-15T14:47:52.150+0000] {dag.py:4180} INFO - Setting next_dagrun for conditional_dataset_and_time_based_timetable to 2025-07-09 01:00:00+00:00, run_after=2025-07-09 01:00:00+00:00
[2025-07-15T14:47:52.153+0000] {logging_mixin.py:190} INFO - [2025-07-15T14:47:52.153+0000] {dag.py:4180} INFO - Setting next_dagrun for consume_1_and_2_with_dataset_expressions to None, run_after=None
[2025-07-15T14:47:52.155+0000] {logging_mixin.py:190} INFO - [2025-07-15T14:47:52.155+0000] {dag.py:4180} INFO - Setting next_dagrun for consume_1_or_2_with_dataset_expressions to None, run_after=None
[2025-07-15T14:47:52.156+0000] {logging_mixin.py:190} INFO - [2025-07-15T14:47:52.156+0000] {dag.py:4180} INFO - Setting next_dagrun for consume_1_or_both_2_and_3_with_dataset_expressions to None, run_after=None
[2025-07-15T14:47:52.157+0000] {logging_mixin.py:190} INFO - [2025-07-15T14:47:52.156+0000] {dag.py:4180} INFO - Setting next_dagrun for dataset_consumes_1 to None, run_after=None
[2025-07-15T14:47:52.158+0000] {logging_mixin.py:190} INFO - [2025-07-15T14:47:52.157+0000] {dag.py:4180} INFO - Setting next_dagrun for dataset_consumes_1_and_2 to None, run_after=None
[2025-07-15T14:47:52.159+0000] {logging_mixin.py:190} INFO - [2025-07-15T14:47:52.159+0000] {dag.py:4180} INFO - Setting next_dagrun for dataset_consumes_1_never_scheduled to None, run_after=None
[2025-07-15T14:47:52.160+0000] {logging_mixin.py:190} INFO - [2025-07-15T14:47:52.160+0000] {dag.py:4180} INFO - Setting next_dagrun for dataset_consumes_unknown_never_scheduled to None, run_after=None
[2025-07-15T14:47:52.161+0000] {logging_mixin.py:190} INFO - [2025-07-15T14:47:52.161+0000] {dag.py:4180} INFO - Setting next_dagrun for dataset_produces_1 to 2025-07-14 00:00:00+00:00, run_after=2025-07-15 00:00:00+00:00
[2025-07-15T14:47:52.164+0000] {logging_mixin.py:190} INFO - [2025-07-15T14:47:52.164+0000] {dag.py:4180} INFO - Setting next_dagrun for dataset_produces_2 to None, run_after=None
[2025-07-15T14:47:52.182+0000] {processor.py:208} INFO - Processing /home/airflow/.local/lib/python3.12/site-packages/airflow/example_dags/example_datasets.py took 0.173 seconds
[2025-07-15T14:48:23.022+0000] {processor.py:186} INFO - Started process (PID=1012) to work on /home/airflow/.local/lib/python3.12/site-packages/airflow/example_dags/example_datasets.py
[2025-07-15T14:48:23.023+0000] {processor.py:914} INFO - Processing file /home/airflow/.local/lib/python3.12/site-packages/airflow/example_dags/example_datasets.py for tasks to queue
[2025-07-15T14:48:23.024+0000] {logging_mixin.py:190} INFO - [2025-07-15T14:48:23.024+0000] {dagbag.py:588} INFO - Filling up the DagBag from /home/airflow/.local/lib/python3.12/site-packages/airflow/example_dags/example_datasets.py
[2025-07-15T14:48:23.108+0000] {processor.py:925} INFO - DAG(s) 'dataset_consumes_1_and_2', 'conditional_dataset_and_time_based_timetable', 'dataset_produces_2', 'dataset_consumes_1', 'consume_1_or_2_with_dataset_expressions', 'consume_1_and_2_with_dataset_expressions', 'dataset_consumes_unknown_never_scheduled', 'dataset_consumes_1_never_scheduled', 'consume_1_or_both_2_and_3_with_dataset_expressions', 'dataset_produces_1' retrieved from /home/airflow/.local/lib/python3.12/site-packages/airflow/example_dags/example_datasets.py
[2025-07-15T14:48:23.146+0000] {logging_mixin.py:190} INFO - [2025-07-15T14:48:23.145+0000] {dag.py:3239} INFO - Sync 10 DAGs
[2025-07-15T14:48:23.167+0000] {logging_mixin.py:190} INFO - [2025-07-15T14:48:23.167+0000] {dag.py:4180} INFO - Setting next_dagrun for conditional_dataset_and_time_based_timetable to 2025-07-09 01:00:00+00:00, run_after=2025-07-09 01:00:00+00:00
[2025-07-15T14:48:23.169+0000] {logging_mixin.py:190} INFO - [2025-07-15T14:48:23.169+0000] {dag.py:4180} INFO - Setting next_dagrun for consume_1_and_2_with_dataset_expressions to None, run_after=None
[2025-07-15T14:48:23.170+0000] {logging_mixin.py:190} INFO - [2025-07-15T14:48:23.170+0000] {dag.py:4180} INFO - Setting next_dagrun for consume_1_or_2_with_dataset_expressions to None, run_after=None
[2025-07-15T14:48:23.170+0000] {logging_mixin.py:190} INFO - [2025-07-15T14:48:23.170+0000] {dag.py:4180} INFO - Setting next_dagrun for consume_1_or_both_2_and_3_with_dataset_expressions to None, run_after=None
[2025-07-15T14:48:23.171+0000] {logging_mixin.py:190} INFO - [2025-07-15T14:48:23.171+0000] {dag.py:4180} INFO - Setting next_dagrun for dataset_consumes_1 to None, run_after=None
[2025-07-15T14:48:23.171+0000] {logging_mixin.py:190} INFO - [2025-07-15T14:48:23.171+0000] {dag.py:4180} INFO - Setting next_dagrun for dataset_consumes_1_and_2 to None, run_after=None
[2025-07-15T14:48:23.172+0000] {logging_mixin.py:190} INFO - [2025-07-15T14:48:23.172+0000] {dag.py:4180} INFO - Setting next_dagrun for dataset_consumes_1_never_scheduled to None, run_after=None
[2025-07-15T14:48:23.172+0000] {logging_mixin.py:190} INFO - [2025-07-15T14:48:23.172+0000] {dag.py:4180} INFO - Setting next_dagrun for dataset_consumes_unknown_never_scheduled to None, run_after=None
[2025-07-15T14:48:23.173+0000] {logging_mixin.py:190} INFO - [2025-07-15T14:48:23.173+0000] {dag.py:4180} INFO - Setting next_dagrun for dataset_produces_1 to 2025-07-14 00:00:00+00:00, run_after=2025-07-15 00:00:00+00:00
[2025-07-15T14:48:23.174+0000] {logging_mixin.py:190} INFO - [2025-07-15T14:48:23.174+0000] {dag.py:4180} INFO - Setting next_dagrun for dataset_produces_2 to None, run_after=None
[2025-07-15T14:48:23.190+0000] {processor.py:208} INFO - Processing /home/airflow/.local/lib/python3.12/site-packages/airflow/example_dags/example_datasets.py took 0.172 seconds
[2025-07-15T14:48:53.478+0000] {processor.py:186} INFO - Started process (PID=1076) to work on /home/airflow/.local/lib/python3.12/site-packages/airflow/example_dags/example_datasets.py
[2025-07-15T14:48:53.479+0000] {processor.py:914} INFO - Processing file /home/airflow/.local/lib/python3.12/site-packages/airflow/example_dags/example_datasets.py for tasks to queue
[2025-07-15T14:48:53.480+0000] {logging_mixin.py:190} INFO - [2025-07-15T14:48:53.480+0000] {dagbag.py:588} INFO - Filling up the DagBag from /home/airflow/.local/lib/python3.12/site-packages/airflow/example_dags/example_datasets.py
[2025-07-15T14:48:53.606+0000] {processor.py:925} INFO - DAG(s) 'consume_1_and_2_with_dataset_expressions', 'dataset_produces_2', 'dataset_consumes_unknown_never_scheduled', 'conditional_dataset_and_time_based_timetable', 'dataset_consumes_1', 'dataset_produces_1', 'consume_1_or_2_with_dataset_expressions', 'consume_1_or_both_2_and_3_with_dataset_expressions', 'dataset_consumes_1_never_scheduled', 'dataset_consumes_1_and_2' retrieved from /home/airflow/.local/lib/python3.12/site-packages/airflow/example_dags/example_datasets.py
[2025-07-15T14:48:53.637+0000] {logging_mixin.py:190} INFO - [2025-07-15T14:48:53.637+0000] {dag.py:3239} INFO - Sync 10 DAGs
[2025-07-15T14:48:53.654+0000] {logging_mixin.py:190} INFO - [2025-07-15T14:48:53.653+0000] {dag.py:4180} INFO - Setting next_dagrun for conditional_dataset_and_time_based_timetable to 2025-07-09 01:00:00+00:00, run_after=2025-07-09 01:00:00+00:00
[2025-07-15T14:48:53.655+0000] {logging_mixin.py:190} INFO - [2025-07-15T14:48:53.655+0000] {dag.py:4180} INFO - Setting next_dagrun for consume_1_and_2_with_dataset_expressions to None, run_after=None
[2025-07-15T14:48:53.656+0000] {logging_mixin.py:190} INFO - [2025-07-15T14:48:53.656+0000] {dag.py:4180} INFO - Setting next_dagrun for consume_1_or_2_with_dataset_expressions to None, run_after=None
[2025-07-15T14:48:53.658+0000] {logging_mixin.py:190} INFO - [2025-07-15T14:48:53.658+0000] {dag.py:4180} INFO - Setting next_dagrun for consume_1_or_both_2_and_3_with_dataset_expressions to None, run_after=None
[2025-07-15T14:48:53.658+0000] {logging_mixin.py:190} INFO - [2025-07-15T14:48:53.658+0000] {dag.py:4180} INFO - Setting next_dagrun for dataset_consumes_1 to None, run_after=None
[2025-07-15T14:48:53.663+0000] {logging_mixin.py:190} INFO - [2025-07-15T14:48:53.662+0000] {dag.py:4180} INFO - Setting next_dagrun for dataset_consumes_1_and_2 to None, run_after=None
[2025-07-15T14:48:53.664+0000] {logging_mixin.py:190} INFO - [2025-07-15T14:48:53.664+0000] {dag.py:4180} INFO - Setting next_dagrun for dataset_consumes_1_never_scheduled to None, run_after=None
[2025-07-15T14:48:53.666+0000] {logging_mixin.py:190} INFO - [2025-07-15T14:48:53.666+0000] {dag.py:4180} INFO - Setting next_dagrun for dataset_consumes_unknown_never_scheduled to None, run_after=None
[2025-07-15T14:48:53.669+0000] {logging_mixin.py:190} INFO - [2025-07-15T14:48:53.669+0000] {dag.py:4180} INFO - Setting next_dagrun for dataset_produces_1 to 2025-07-14 00:00:00+00:00, run_after=2025-07-15 00:00:00+00:00
[2025-07-15T14:48:53.671+0000] {logging_mixin.py:190} INFO - [2025-07-15T14:48:53.671+0000] {dag.py:4180} INFO - Setting next_dagrun for dataset_produces_2 to None, run_after=None
[2025-07-15T14:48:53.693+0000] {processor.py:208} INFO - Processing /home/airflow/.local/lib/python3.12/site-packages/airflow/example_dags/example_datasets.py took 0.221 seconds
[2025-07-15T14:49:23.976+0000] {processor.py:186} INFO - Started process (PID=1140) to work on /home/airflow/.local/lib/python3.12/site-packages/airflow/example_dags/example_datasets.py
[2025-07-15T14:49:23.980+0000] {processor.py:914} INFO - Processing file /home/airflow/.local/lib/python3.12/site-packages/airflow/example_dags/example_datasets.py for tasks to queue
[2025-07-15T14:49:23.985+0000] {logging_mixin.py:190} INFO - [2025-07-15T14:49:23.985+0000] {dagbag.py:588} INFO - Filling up the DagBag from /home/airflow/.local/lib/python3.12/site-packages/airflow/example_dags/example_datasets.py
[2025-07-15T14:49:24.121+0000] {processor.py:925} INFO - DAG(s) 'dataset_consumes_unknown_never_scheduled', 'dataset_produces_2', 'dataset_consumes_1_and_2', 'dataset_consumes_1', 'dataset_consumes_1_never_scheduled', 'consume_1_or_both_2_and_3_with_dataset_expressions', 'consume_1_and_2_with_dataset_expressions', 'consume_1_or_2_with_dataset_expressions', 'conditional_dataset_and_time_based_timetable', 'dataset_produces_1' retrieved from /home/airflow/.local/lib/python3.12/site-packages/airflow/example_dags/example_datasets.py
[2025-07-15T14:49:24.168+0000] {logging_mixin.py:190} INFO - [2025-07-15T14:49:24.168+0000] {dag.py:3239} INFO - Sync 10 DAGs
[2025-07-15T14:49:24.192+0000] {logging_mixin.py:190} INFO - [2025-07-15T14:49:24.192+0000] {dag.py:4180} INFO - Setting next_dagrun for conditional_dataset_and_time_based_timetable to 2025-07-09 01:00:00+00:00, run_after=2025-07-09 01:00:00+00:00
[2025-07-15T14:49:24.196+0000] {logging_mixin.py:190} INFO - [2025-07-15T14:49:24.196+0000] {dag.py:4180} INFO - Setting next_dagrun for consume_1_and_2_with_dataset_expressions to None, run_after=None
[2025-07-15T14:49:24.197+0000] {logging_mixin.py:190} INFO - [2025-07-15T14:49:24.197+0000] {dag.py:4180} INFO - Setting next_dagrun for consume_1_or_2_with_dataset_expressions to None, run_after=None
[2025-07-15T14:49:24.197+0000] {logging_mixin.py:190} INFO - [2025-07-15T14:49:24.197+0000] {dag.py:4180} INFO - Setting next_dagrun for consume_1_or_both_2_and_3_with_dataset_expressions to None, run_after=None
[2025-07-15T14:49:24.200+0000] {logging_mixin.py:190} INFO - [2025-07-15T14:49:24.200+0000] {dag.py:4180} INFO - Setting next_dagrun for dataset_consumes_1 to None, run_after=None
[2025-07-15T14:49:24.201+0000] {logging_mixin.py:190} INFO - [2025-07-15T14:49:24.201+0000] {dag.py:4180} INFO - Setting next_dagrun for dataset_consumes_1_and_2 to None, run_after=None
[2025-07-15T14:49:24.204+0000] {logging_mixin.py:190} INFO - [2025-07-15T14:49:24.204+0000] {dag.py:4180} INFO - Setting next_dagrun for dataset_consumes_1_never_scheduled to None, run_after=None
[2025-07-15T14:49:24.205+0000] {logging_mixin.py:190} INFO - [2025-07-15T14:49:24.205+0000] {dag.py:4180} INFO - Setting next_dagrun for dataset_consumes_unknown_never_scheduled to None, run_after=None
[2025-07-15T14:49:24.206+0000] {logging_mixin.py:190} INFO - [2025-07-15T14:49:24.206+0000] {dag.py:4180} INFO - Setting next_dagrun for dataset_produces_1 to 2025-07-14 00:00:00+00:00, run_after=2025-07-15 00:00:00+00:00
[2025-07-15T14:49:24.208+0000] {logging_mixin.py:190} INFO - [2025-07-15T14:49:24.208+0000] {dag.py:4180} INFO - Setting next_dagrun for dataset_produces_2 to None, run_after=None
[2025-07-15T14:49:24.231+0000] {processor.py:208} INFO - Processing /home/airflow/.local/lib/python3.12/site-packages/airflow/example_dags/example_datasets.py took 0.258 seconds
[2025-07-15T14:49:54.824+0000] {processor.py:186} INFO - Started process (PID=1201) to work on /home/airflow/.local/lib/python3.12/site-packages/airflow/example_dags/example_datasets.py
[2025-07-15T14:49:54.825+0000] {processor.py:914} INFO - Processing file /home/airflow/.local/lib/python3.12/site-packages/airflow/example_dags/example_datasets.py for tasks to queue
[2025-07-15T14:49:54.827+0000] {logging_mixin.py:190} INFO - [2025-07-15T14:49:54.827+0000] {dagbag.py:588} INFO - Filling up the DagBag from /home/airflow/.local/lib/python3.12/site-packages/airflow/example_dags/example_datasets.py
[2025-07-15T14:49:54.914+0000] {processor.py:925} INFO - DAG(s) 'conditional_dataset_and_time_based_timetable', 'dataset_produces_1', 'consume_1_or_2_with_dataset_expressions', 'consume_1_and_2_with_dataset_expressions', 'dataset_consumes_1', 'dataset_consumes_1_never_scheduled', 'consume_1_or_both_2_and_3_with_dataset_expressions', 'dataset_consumes_unknown_never_scheduled', 'dataset_consumes_1_and_2', 'dataset_produces_2' retrieved from /home/airflow/.local/lib/python3.12/site-packages/airflow/example_dags/example_datasets.py
[2025-07-15T14:49:54.942+0000] {logging_mixin.py:190} INFO - [2025-07-15T14:49:54.942+0000] {dag.py:3239} INFO - Sync 10 DAGs
[2025-07-15T14:49:54.957+0000] {logging_mixin.py:190} INFO - [2025-07-15T14:49:54.957+0000] {dag.py:4180} INFO - Setting next_dagrun for conditional_dataset_and_time_based_timetable to 2025-07-09 01:00:00+00:00, run_after=2025-07-09 01:00:00+00:00
[2025-07-15T14:49:54.959+0000] {logging_mixin.py:190} INFO - [2025-07-15T14:49:54.958+0000] {dag.py:4180} INFO - Setting next_dagrun for consume_1_and_2_with_dataset_expressions to None, run_after=None
[2025-07-15T14:49:54.959+0000] {logging_mixin.py:190} INFO - [2025-07-15T14:49:54.959+0000] {dag.py:4180} INFO - Setting next_dagrun for consume_1_or_2_with_dataset_expressions to None, run_after=None
[2025-07-15T14:49:54.960+0000] {logging_mixin.py:190} INFO - [2025-07-15T14:49:54.960+0000] {dag.py:4180} INFO - Setting next_dagrun for consume_1_or_both_2_and_3_with_dataset_expressions to None, run_after=None
[2025-07-15T14:49:54.960+0000] {logging_mixin.py:190} INFO - [2025-07-15T14:49:54.960+0000] {dag.py:4180} INFO - Setting next_dagrun for dataset_consumes_1 to None, run_after=None
[2025-07-15T14:49:54.961+0000] {logging_mixin.py:190} INFO - [2025-07-15T14:49:54.961+0000] {dag.py:4180} INFO - Setting next_dagrun for dataset_consumes_1_and_2 to None, run_after=None
[2025-07-15T14:49:54.961+0000] {logging_mixin.py:190} INFO - [2025-07-15T14:49:54.961+0000] {dag.py:4180} INFO - Setting next_dagrun for dataset_consumes_1_never_scheduled to None, run_after=None
[2025-07-15T14:49:54.962+0000] {logging_mixin.py:190} INFO - [2025-07-15T14:49:54.962+0000] {dag.py:4180} INFO - Setting next_dagrun for dataset_consumes_unknown_never_scheduled to None, run_after=None
[2025-07-15T14:49:54.963+0000] {logging_mixin.py:190} INFO - [2025-07-15T14:49:54.963+0000] {dag.py:4180} INFO - Setting next_dagrun for dataset_produces_1 to 2025-07-14 00:00:00+00:00, run_after=2025-07-15 00:00:00+00:00
[2025-07-15T14:49:54.965+0000] {logging_mixin.py:190} INFO - [2025-07-15T14:49:54.965+0000] {dag.py:4180} INFO - Setting next_dagrun for dataset_produces_2 to None, run_after=None
[2025-07-15T14:49:54.989+0000] {processor.py:208} INFO - Processing /home/airflow/.local/lib/python3.12/site-packages/airflow/example_dags/example_datasets.py took 0.170 seconds
[2025-07-15T14:50:25.515+0000] {processor.py:186} INFO - Started process (PID=1260) to work on /home/airflow/.local/lib/python3.12/site-packages/airflow/example_dags/example_datasets.py
[2025-07-15T14:50:25.516+0000] {processor.py:914} INFO - Processing file /home/airflow/.local/lib/python3.12/site-packages/airflow/example_dags/example_datasets.py for tasks to queue
[2025-07-15T14:50:25.517+0000] {logging_mixin.py:190} INFO - [2025-07-15T14:50:25.517+0000] {dagbag.py:588} INFO - Filling up the DagBag from /home/airflow/.local/lib/python3.12/site-packages/airflow/example_dags/example_datasets.py
[2025-07-15T14:50:25.602+0000] {processor.py:925} INFO - DAG(s) 'dataset_consumes_1_and_2', 'dataset_consumes_1', 'conditional_dataset_and_time_based_timetable', 'dataset_produces_1', 'consume_1_or_2_with_dataset_expressions', 'dataset_produces_2', 'consume_1_and_2_with_dataset_expressions', 'consume_1_or_both_2_and_3_with_dataset_expressions', 'dataset_consumes_1_never_scheduled', 'dataset_consumes_unknown_never_scheduled' retrieved from /home/airflow/.local/lib/python3.12/site-packages/airflow/example_dags/example_datasets.py
[2025-07-15T14:50:25.635+0000] {logging_mixin.py:190} INFO - [2025-07-15T14:50:25.635+0000] {dag.py:3239} INFO - Sync 10 DAGs
[2025-07-15T14:50:25.648+0000] {logging_mixin.py:190} INFO - [2025-07-15T14:50:25.648+0000] {dag.py:4180} INFO - Setting next_dagrun for conditional_dataset_and_time_based_timetable to 2025-07-09 01:00:00+00:00, run_after=2025-07-09 01:00:00+00:00
[2025-07-15T14:50:25.651+0000] {logging_mixin.py:190} INFO - [2025-07-15T14:50:25.651+0000] {dag.py:4180} INFO - Setting next_dagrun for consume_1_and_2_with_dataset_expressions to None, run_after=None
[2025-07-15T14:50:25.653+0000] {logging_mixin.py:190} INFO - [2025-07-15T14:50:25.652+0000] {dag.py:4180} INFO - Setting next_dagrun for consume_1_or_2_with_dataset_expressions to None, run_after=None
[2025-07-15T14:50:25.654+0000] {logging_mixin.py:190} INFO - [2025-07-15T14:50:25.654+0000] {dag.py:4180} INFO - Setting next_dagrun for consume_1_or_both_2_and_3_with_dataset_expressions to None, run_after=None
[2025-07-15T14:50:25.654+0000] {logging_mixin.py:190} INFO - [2025-07-15T14:50:25.654+0000] {dag.py:4180} INFO - Setting next_dagrun for dataset_consumes_1 to None, run_after=None
[2025-07-15T14:50:25.656+0000] {logging_mixin.py:190} INFO - [2025-07-15T14:50:25.656+0000] {dag.py:4180} INFO - Setting next_dagrun for dataset_consumes_1_and_2 to None, run_after=None
[2025-07-15T14:50:25.656+0000] {logging_mixin.py:190} INFO - [2025-07-15T14:50:25.656+0000] {dag.py:4180} INFO - Setting next_dagrun for dataset_consumes_1_never_scheduled to None, run_after=None
[2025-07-15T14:50:25.657+0000] {logging_mixin.py:190} INFO - [2025-07-15T14:50:25.657+0000] {dag.py:4180} INFO - Setting next_dagrun for dataset_consumes_unknown_never_scheduled to None, run_after=None
[2025-07-15T14:50:25.658+0000] {logging_mixin.py:190} INFO - [2025-07-15T14:50:25.658+0000] {dag.py:4180} INFO - Setting next_dagrun for dataset_produces_1 to 2025-07-14 00:00:00+00:00, run_after=2025-07-15 00:00:00+00:00
[2025-07-15T14:50:25.658+0000] {logging_mixin.py:190} INFO - [2025-07-15T14:50:25.658+0000] {dag.py:4180} INFO - Setting next_dagrun for dataset_produces_2 to None, run_after=None
[2025-07-15T14:50:25.676+0000] {processor.py:208} INFO - Processing /home/airflow/.local/lib/python3.12/site-packages/airflow/example_dags/example_datasets.py took 0.165 seconds
[2025-07-15T14:50:56.382+0000] {processor.py:186} INFO - Started process (PID=1323) to work on /home/airflow/.local/lib/python3.12/site-packages/airflow/example_dags/example_datasets.py
[2025-07-15T14:50:56.383+0000] {processor.py:914} INFO - Processing file /home/airflow/.local/lib/python3.12/site-packages/airflow/example_dags/example_datasets.py for tasks to queue
[2025-07-15T14:50:56.385+0000] {logging_mixin.py:190} INFO - [2025-07-15T14:50:56.385+0000] {dagbag.py:588} INFO - Filling up the DagBag from /home/airflow/.local/lib/python3.12/site-packages/airflow/example_dags/example_datasets.py
[2025-07-15T14:50:56.489+0000] {processor.py:925} INFO - DAG(s) 'dataset_produces_1', 'consume_1_and_2_with_dataset_expressions', 'conditional_dataset_and_time_based_timetable', 'dataset_consumes_1_never_scheduled', 'consume_1_or_both_2_and_3_with_dataset_expressions', 'dataset_produces_2', 'dataset_consumes_1_and_2', 'dataset_consumes_1', 'dataset_consumes_unknown_never_scheduled', 'consume_1_or_2_with_dataset_expressions' retrieved from /home/airflow/.local/lib/python3.12/site-packages/airflow/example_dags/example_datasets.py
[2025-07-15T14:50:56.510+0000] {logging_mixin.py:190} INFO - [2025-07-15T14:50:56.510+0000] {dag.py:3239} INFO - Sync 10 DAGs
[2025-07-15T14:50:56.524+0000] {logging_mixin.py:190} INFO - [2025-07-15T14:50:56.524+0000] {dag.py:4180} INFO - Setting next_dagrun for conditional_dataset_and_time_based_timetable to 2025-07-09 01:00:00+00:00, run_after=2025-07-09 01:00:00+00:00
[2025-07-15T14:50:56.526+0000] {logging_mixin.py:190} INFO - [2025-07-15T14:50:56.526+0000] {dag.py:4180} INFO - Setting next_dagrun for consume_1_and_2_with_dataset_expressions to None, run_after=None
[2025-07-15T14:50:56.527+0000] {logging_mixin.py:190} INFO - [2025-07-15T14:50:56.527+0000] {dag.py:4180} INFO - Setting next_dagrun for consume_1_or_2_with_dataset_expressions to None, run_after=None
[2025-07-15T14:50:56.527+0000] {logging_mixin.py:190} INFO - [2025-07-15T14:50:56.527+0000] {dag.py:4180} INFO - Setting next_dagrun for consume_1_or_both_2_and_3_with_dataset_expressions to None, run_after=None
[2025-07-15T14:50:56.528+0000] {logging_mixin.py:190} INFO - [2025-07-15T14:50:56.528+0000] {dag.py:4180} INFO - Setting next_dagrun for dataset_consumes_1 to None, run_after=None
[2025-07-15T14:50:56.528+0000] {logging_mixin.py:190} INFO - [2025-07-15T14:50:56.528+0000] {dag.py:4180} INFO - Setting next_dagrun for dataset_consumes_1_and_2 to None, run_after=None
[2025-07-15T14:50:56.529+0000] {logging_mixin.py:190} INFO - [2025-07-15T14:50:56.529+0000] {dag.py:4180} INFO - Setting next_dagrun for dataset_consumes_1_never_scheduled to None, run_after=None
[2025-07-15T14:50:56.529+0000] {logging_mixin.py:190} INFO - [2025-07-15T14:50:56.529+0000] {dag.py:4180} INFO - Setting next_dagrun for dataset_consumes_unknown_never_scheduled to None, run_after=None
[2025-07-15T14:50:56.530+0000] {logging_mixin.py:190} INFO - [2025-07-15T14:50:56.530+0000] {dag.py:4180} INFO - Setting next_dagrun for dataset_produces_1 to 2025-07-14 00:00:00+00:00, run_after=2025-07-15 00:00:00+00:00
[2025-07-15T14:50:56.531+0000] {logging_mixin.py:190} INFO - [2025-07-15T14:50:56.531+0000] {dag.py:4180} INFO - Setting next_dagrun for dataset_produces_2 to None, run_after=None
[2025-07-15T14:50:56.546+0000] {processor.py:208} INFO - Processing /home/airflow/.local/lib/python3.12/site-packages/airflow/example_dags/example_datasets.py took 0.167 seconds
[2025-07-15T14:51:27.105+0000] {processor.py:186} INFO - Started process (PID=1384) to work on /home/airflow/.local/lib/python3.12/site-packages/airflow/example_dags/example_datasets.py
[2025-07-15T14:51:27.106+0000] {processor.py:914} INFO - Processing file /home/airflow/.local/lib/python3.12/site-packages/airflow/example_dags/example_datasets.py for tasks to queue
[2025-07-15T14:51:27.107+0000] {logging_mixin.py:190} INFO - [2025-07-15T14:51:27.107+0000] {dagbag.py:588} INFO - Filling up the DagBag from /home/airflow/.local/lib/python3.12/site-packages/airflow/example_dags/example_datasets.py
[2025-07-15T14:51:27.189+0000] {processor.py:925} INFO - DAG(s) 'consume_1_or_both_2_and_3_with_dataset_expressions', 'consume_1_or_2_with_dataset_expressions', 'dataset_consumes_1_never_scheduled', 'dataset_consumes_unknown_never_scheduled', 'dataset_consumes_1_and_2', 'dataset_produces_1', 'consume_1_and_2_with_dataset_expressions', 'dataset_produces_2', 'conditional_dataset_and_time_based_timetable', 'dataset_consumes_1' retrieved from /home/airflow/.local/lib/python3.12/site-packages/airflow/example_dags/example_datasets.py
[2025-07-15T14:51:27.214+0000] {logging_mixin.py:190} INFO - [2025-07-15T14:51:27.214+0000] {dag.py:3239} INFO - Sync 10 DAGs
[2025-07-15T14:51:27.230+0000] {logging_mixin.py:190} INFO - [2025-07-15T14:51:27.230+0000] {dag.py:4180} INFO - Setting next_dagrun for conditional_dataset_and_time_based_timetable to 2025-07-09 01:00:00+00:00, run_after=2025-07-09 01:00:00+00:00
[2025-07-15T14:51:27.233+0000] {logging_mixin.py:190} INFO - [2025-07-15T14:51:27.232+0000] {dag.py:4180} INFO - Setting next_dagrun for consume_1_and_2_with_dataset_expressions to None, run_after=None
[2025-07-15T14:51:27.234+0000] {logging_mixin.py:190} INFO - [2025-07-15T14:51:27.233+0000] {dag.py:4180} INFO - Setting next_dagrun for consume_1_or_2_with_dataset_expressions to None, run_after=None
[2025-07-15T14:51:27.234+0000] {logging_mixin.py:190} INFO - [2025-07-15T14:51:27.234+0000] {dag.py:4180} INFO - Setting next_dagrun for consume_1_or_both_2_and_3_with_dataset_expressions to None, run_after=None
[2025-07-15T14:51:27.235+0000] {logging_mixin.py:190} INFO - [2025-07-15T14:51:27.235+0000] {dag.py:4180} INFO - Setting next_dagrun for dataset_consumes_1 to None, run_after=None
[2025-07-15T14:51:27.235+0000] {logging_mixin.py:190} INFO - [2025-07-15T14:51:27.235+0000] {dag.py:4180} INFO - Setting next_dagrun for dataset_consumes_1_and_2 to None, run_after=None
[2025-07-15T14:51:27.236+0000] {logging_mixin.py:190} INFO - [2025-07-15T14:51:27.236+0000] {dag.py:4180} INFO - Setting next_dagrun for dataset_consumes_1_never_scheduled to None, run_after=None
[2025-07-15T14:51:27.238+0000] {logging_mixin.py:190} INFO - [2025-07-15T14:51:27.238+0000] {dag.py:4180} INFO - Setting next_dagrun for dataset_consumes_unknown_never_scheduled to None, run_after=None
[2025-07-15T14:51:27.239+0000] {logging_mixin.py:190} INFO - [2025-07-15T14:51:27.239+0000] {dag.py:4180} INFO - Setting next_dagrun for dataset_produces_1 to 2025-07-14 00:00:00+00:00, run_after=2025-07-15 00:00:00+00:00
[2025-07-15T14:51:27.242+0000] {logging_mixin.py:190} INFO - [2025-07-15T14:51:27.242+0000] {dag.py:4180} INFO - Setting next_dagrun for dataset_produces_2 to None, run_after=None
[2025-07-15T14:51:27.266+0000] {processor.py:208} INFO - Processing /home/airflow/.local/lib/python3.12/site-packages/airflow/example_dags/example_datasets.py took 0.164 seconds
[2025-07-15T14:51:58.064+0000] {processor.py:186} INFO - Started process (PID=1446) to work on /home/airflow/.local/lib/python3.12/site-packages/airflow/example_dags/example_datasets.py
[2025-07-15T14:51:58.066+0000] {processor.py:914} INFO - Processing file /home/airflow/.local/lib/python3.12/site-packages/airflow/example_dags/example_datasets.py for tasks to queue
[2025-07-15T14:51:58.067+0000] {logging_mixin.py:190} INFO - [2025-07-15T14:51:58.067+0000] {dagbag.py:588} INFO - Filling up the DagBag from /home/airflow/.local/lib/python3.12/site-packages/airflow/example_dags/example_datasets.py
[2025-07-15T14:51:58.147+0000] {processor.py:925} INFO - DAG(s) 'dataset_consumes_unknown_never_scheduled', 'dataset_produces_1', 'conditional_dataset_and_time_based_timetable', 'dataset_consumes_1_never_scheduled', 'dataset_consumes_1', 'dataset_produces_2', 'dataset_consumes_1_and_2', 'consume_1_or_2_with_dataset_expressions', 'consume_1_or_both_2_and_3_with_dataset_expressions', 'consume_1_and_2_with_dataset_expressions' retrieved from /home/airflow/.local/lib/python3.12/site-packages/airflow/example_dags/example_datasets.py
[2025-07-15T14:51:58.173+0000] {logging_mixin.py:190} INFO - [2025-07-15T14:51:58.173+0000] {dag.py:3239} INFO - Sync 10 DAGs
[2025-07-15T14:51:58.185+0000] {logging_mixin.py:190} INFO - [2025-07-15T14:51:58.185+0000] {dag.py:4180} INFO - Setting next_dagrun for conditional_dataset_and_time_based_timetable to 2025-07-09 01:00:00+00:00, run_after=2025-07-09 01:00:00+00:00
[2025-07-15T14:51:58.189+0000] {logging_mixin.py:190} INFO - [2025-07-15T14:51:58.189+0000] {dag.py:4180} INFO - Setting next_dagrun for consume_1_and_2_with_dataset_expressions to None, run_after=None
[2025-07-15T14:51:58.192+0000] {logging_mixin.py:190} INFO - [2025-07-15T14:51:58.192+0000] {dag.py:4180} INFO - Setting next_dagrun for consume_1_or_2_with_dataset_expressions to None, run_after=None
[2025-07-15T14:51:58.195+0000] {logging_mixin.py:190} INFO - [2025-07-15T14:51:58.195+0000] {dag.py:4180} INFO - Setting next_dagrun for consume_1_or_both_2_and_3_with_dataset_expressions to None, run_after=None
[2025-07-15T14:51:58.196+0000] {logging_mixin.py:190} INFO - [2025-07-15T14:51:58.196+0000] {dag.py:4180} INFO - Setting next_dagrun for dataset_consumes_1 to None, run_after=None
[2025-07-15T14:51:58.197+0000] {logging_mixin.py:190} INFO - [2025-07-15T14:51:58.197+0000] {dag.py:4180} INFO - Setting next_dagrun for dataset_consumes_1_and_2 to None, run_after=None
[2025-07-15T14:51:58.197+0000] {logging_mixin.py:190} INFO - [2025-07-15T14:51:58.197+0000] {dag.py:4180} INFO - Setting next_dagrun for dataset_consumes_1_never_scheduled to None, run_after=None
[2025-07-15T14:51:58.199+0000] {logging_mixin.py:190} INFO - [2025-07-15T14:51:58.199+0000] {dag.py:4180} INFO - Setting next_dagrun for dataset_consumes_unknown_never_scheduled to None, run_after=None
[2025-07-15T14:51:58.200+0000] {logging_mixin.py:190} INFO - [2025-07-15T14:51:58.200+0000] {dag.py:4180} INFO - Setting next_dagrun for dataset_produces_1 to 2025-07-14 00:00:00+00:00, run_after=2025-07-15 00:00:00+00:00
[2025-07-15T14:51:58.201+0000] {logging_mixin.py:190} INFO - [2025-07-15T14:51:58.201+0000] {dag.py:4180} INFO - Setting next_dagrun for dataset_produces_2 to None, run_after=None
[2025-07-15T14:51:58.219+0000] {processor.py:208} INFO - Processing /home/airflow/.local/lib/python3.12/site-packages/airflow/example_dags/example_datasets.py took 0.159 seconds
[2025-07-15T14:52:28.618+0000] {processor.py:186} INFO - Started process (PID=1508) to work on /home/airflow/.local/lib/python3.12/site-packages/airflow/example_dags/example_datasets.py
[2025-07-15T14:52:28.619+0000] {processor.py:914} INFO - Processing file /home/airflow/.local/lib/python3.12/site-packages/airflow/example_dags/example_datasets.py for tasks to queue
[2025-07-15T14:52:28.621+0000] {logging_mixin.py:190} INFO - [2025-07-15T14:52:28.621+0000] {dagbag.py:588} INFO - Filling up the DagBag from /home/airflow/.local/lib/python3.12/site-packages/airflow/example_dags/example_datasets.py
[2025-07-15T14:52:28.717+0000] {processor.py:925} INFO - DAG(s) 'dataset_produces_2', 'dataset_consumes_1', 'consume_1_or_both_2_and_3_with_dataset_expressions', 'conditional_dataset_and_time_based_timetable', 'dataset_produces_1', 'dataset_consumes_1_never_scheduled', 'consume_1_or_2_with_dataset_expressions', 'consume_1_and_2_with_dataset_expressions', 'dataset_consumes_1_and_2', 'dataset_consumes_unknown_never_scheduled' retrieved from /home/airflow/.local/lib/python3.12/site-packages/airflow/example_dags/example_datasets.py
[2025-07-15T14:52:28.774+0000] {logging_mixin.py:190} INFO - [2025-07-15T14:52:28.773+0000] {dag.py:3239} INFO - Sync 10 DAGs
[2025-07-15T14:52:28.798+0000] {logging_mixin.py:190} INFO - [2025-07-15T14:52:28.797+0000] {dag.py:4180} INFO - Setting next_dagrun for conditional_dataset_and_time_based_timetable to 2025-07-09 01:00:00+00:00, run_after=2025-07-09 01:00:00+00:00
[2025-07-15T14:52:28.801+0000] {logging_mixin.py:190} INFO - [2025-07-15T14:52:28.801+0000] {dag.py:4180} INFO - Setting next_dagrun for consume_1_and_2_with_dataset_expressions to None, run_after=None
[2025-07-15T14:52:28.809+0000] {logging_mixin.py:190} INFO - [2025-07-15T14:52:28.808+0000] {dag.py:4180} INFO - Setting next_dagrun for consume_1_or_2_with_dataset_expressions to None, run_after=None
[2025-07-15T14:52:28.814+0000] {logging_mixin.py:190} INFO - [2025-07-15T14:52:28.813+0000] {dag.py:4180} INFO - Setting next_dagrun for consume_1_or_both_2_and_3_with_dataset_expressions to None, run_after=None
[2025-07-15T14:52:28.820+0000] {logging_mixin.py:190} INFO - [2025-07-15T14:52:28.820+0000] {dag.py:4180} INFO - Setting next_dagrun for dataset_consumes_1 to None, run_after=None
[2025-07-15T14:52:28.824+0000] {logging_mixin.py:190} INFO - [2025-07-15T14:52:28.823+0000] {dag.py:4180} INFO - Setting next_dagrun for dataset_consumes_1_and_2 to None, run_after=None
[2025-07-15T14:52:28.825+0000] {logging_mixin.py:190} INFO - [2025-07-15T14:52:28.825+0000] {dag.py:4180} INFO - Setting next_dagrun for dataset_consumes_1_never_scheduled to None, run_after=None
[2025-07-15T14:52:28.827+0000] {logging_mixin.py:190} INFO - [2025-07-15T14:52:28.827+0000] {dag.py:4180} INFO - Setting next_dagrun for dataset_consumes_unknown_never_scheduled to None, run_after=None
[2025-07-15T14:52:28.829+0000] {logging_mixin.py:190} INFO - [2025-07-15T14:52:28.829+0000] {dag.py:4180} INFO - Setting next_dagrun for dataset_produces_1 to 2025-07-14 00:00:00+00:00, run_after=2025-07-15 00:00:00+00:00
[2025-07-15T14:52:28.830+0000] {logging_mixin.py:190} INFO - [2025-07-15T14:52:28.830+0000] {dag.py:4180} INFO - Setting next_dagrun for dataset_produces_2 to None, run_after=None
[2025-07-15T14:52:28.864+0000] {processor.py:208} INFO - Processing /home/airflow/.local/lib/python3.12/site-packages/airflow/example_dags/example_datasets.py took 0.250 seconds
[2025-07-15T15:36:47.618+0000] {processor.py:186} INFO - Started process (PID=77) to work on /home/airflow/.local/lib/python3.12/site-packages/airflow/example_dags/example_datasets.py
[2025-07-15T15:36:47.620+0000] {processor.py:914} INFO - Processing file /home/airflow/.local/lib/python3.12/site-packages/airflow/example_dags/example_datasets.py for tasks to queue
[2025-07-15T15:36:47.622+0000] {logging_mixin.py:190} INFO - [2025-07-15T15:36:47.622+0000] {dagbag.py:588} INFO - Filling up the DagBag from /home/airflow/.local/lib/python3.12/site-packages/airflow/example_dags/example_datasets.py
[2025-07-15T15:36:47.776+0000] {processor.py:925} INFO - DAG(s) 'dataset_consumes_1_never_scheduled', 'dataset_consumes_1', 'dataset_produces_2', 'consume_1_or_both_2_and_3_with_dataset_expressions', 'consume_1_or_2_with_dataset_expressions', 'dataset_consumes_1_and_2', 'dataset_produces_1', 'consume_1_and_2_with_dataset_expressions', 'dataset_consumes_unknown_never_scheduled', 'conditional_dataset_and_time_based_timetable' retrieved from /home/airflow/.local/lib/python3.12/site-packages/airflow/example_dags/example_datasets.py
[2025-07-15T15:36:47.836+0000] {logging_mixin.py:190} INFO - [2025-07-15T15:36:47.835+0000] {dag.py:3239} INFO - Sync 10 DAGs
[2025-07-15T15:36:47.868+0000] {logging_mixin.py:190} INFO - [2025-07-15T15:36:47.868+0000] {dag.py:4180} INFO - Setting next_dagrun for conditional_dataset_and_time_based_timetable to 2025-07-09 01:00:00+00:00, run_after=2025-07-09 01:00:00+00:00
[2025-07-15T15:36:47.871+0000] {logging_mixin.py:190} INFO - [2025-07-15T15:36:47.871+0000] {dag.py:4180} INFO - Setting next_dagrun for consume_1_and_2_with_dataset_expressions to None, run_after=None
[2025-07-15T15:36:47.873+0000] {logging_mixin.py:190} INFO - [2025-07-15T15:36:47.873+0000] {dag.py:4180} INFO - Setting next_dagrun for consume_1_or_2_with_dataset_expressions to None, run_after=None
[2025-07-15T15:36:47.875+0000] {logging_mixin.py:190} INFO - [2025-07-15T15:36:47.874+0000] {dag.py:4180} INFO - Setting next_dagrun for consume_1_or_both_2_and_3_with_dataset_expressions to None, run_after=None
[2025-07-15T15:36:47.877+0000] {logging_mixin.py:190} INFO - [2025-07-15T15:36:47.877+0000] {dag.py:4180} INFO - Setting next_dagrun for dataset_consumes_1 to None, run_after=None
[2025-07-15T15:36:47.880+0000] {logging_mixin.py:190} INFO - [2025-07-15T15:36:47.880+0000] {dag.py:4180} INFO - Setting next_dagrun for dataset_consumes_1_and_2 to None, run_after=None
[2025-07-15T15:36:47.882+0000] {logging_mixin.py:190} INFO - [2025-07-15T15:36:47.882+0000] {dag.py:4180} INFO - Setting next_dagrun for dataset_consumes_1_never_scheduled to None, run_after=None
[2025-07-15T15:36:47.883+0000] {logging_mixin.py:190} INFO - [2025-07-15T15:36:47.883+0000] {dag.py:4180} INFO - Setting next_dagrun for dataset_consumes_unknown_never_scheduled to None, run_after=None
[2025-07-15T15:36:47.885+0000] {logging_mixin.py:190} INFO - [2025-07-15T15:36:47.884+0000] {dag.py:4180} INFO - Setting next_dagrun for dataset_produces_1 to 2025-07-14 00:00:00+00:00, run_after=2025-07-15 00:00:00+00:00
[2025-07-15T15:36:47.885+0000] {logging_mixin.py:190} INFO - [2025-07-15T15:36:47.885+0000] {dag.py:4180} INFO - Setting next_dagrun for dataset_produces_2 to None, run_after=None
[2025-07-15T15:36:47.930+0000] {processor.py:208} INFO - Processing /home/airflow/.local/lib/python3.12/site-packages/airflow/example_dags/example_datasets.py took 0.320 seconds
[2025-07-15T15:37:18.118+0000] {processor.py:186} INFO - Started process (PID=139) to work on /home/airflow/.local/lib/python3.12/site-packages/airflow/example_dags/example_datasets.py
[2025-07-15T15:37:18.119+0000] {processor.py:914} INFO - Processing file /home/airflow/.local/lib/python3.12/site-packages/airflow/example_dags/example_datasets.py for tasks to queue
[2025-07-15T15:37:18.122+0000] {logging_mixin.py:190} INFO - [2025-07-15T15:37:18.122+0000] {dagbag.py:588} INFO - Filling up the DagBag from /home/airflow/.local/lib/python3.12/site-packages/airflow/example_dags/example_datasets.py
[2025-07-15T15:37:18.218+0000] {processor.py:925} INFO - DAG(s) 'dataset_consumes_1_and_2', 'consume_1_or_both_2_and_3_with_dataset_expressions', 'dataset_consumes_1_never_scheduled', 'conditional_dataset_and_time_based_timetable', 'consume_1_and_2_with_dataset_expressions', 'dataset_consumes_1', 'consume_1_or_2_with_dataset_expressions', 'dataset_produces_2', 'dataset_consumes_unknown_never_scheduled', 'dataset_produces_1' retrieved from /home/airflow/.local/lib/python3.12/site-packages/airflow/example_dags/example_datasets.py
[2025-07-15T15:37:18.250+0000] {logging_mixin.py:190} INFO - [2025-07-15T15:37:18.250+0000] {dag.py:3239} INFO - Sync 10 DAGs
[2025-07-15T15:37:18.264+0000] {logging_mixin.py:190} INFO - [2025-07-15T15:37:18.264+0000] {dag.py:4180} INFO - Setting next_dagrun for conditional_dataset_and_time_based_timetable to 2025-07-09 01:00:00+00:00, run_after=2025-07-09 01:00:00+00:00
[2025-07-15T15:37:18.266+0000] {logging_mixin.py:190} INFO - [2025-07-15T15:37:18.266+0000] {dag.py:4180} INFO - Setting next_dagrun for consume_1_and_2_with_dataset_expressions to None, run_after=None
[2025-07-15T15:37:18.267+0000] {logging_mixin.py:190} INFO - [2025-07-15T15:37:18.266+0000] {dag.py:4180} INFO - Setting next_dagrun for consume_1_or_2_with_dataset_expressions to None, run_after=None
[2025-07-15T15:37:18.268+0000] {logging_mixin.py:190} INFO - [2025-07-15T15:37:18.268+0000] {dag.py:4180} INFO - Setting next_dagrun for consume_1_or_both_2_and_3_with_dataset_expressions to None, run_after=None
[2025-07-15T15:37:18.269+0000] {logging_mixin.py:190} INFO - [2025-07-15T15:37:18.269+0000] {dag.py:4180} INFO - Setting next_dagrun for dataset_consumes_1 to None, run_after=None
[2025-07-15T15:37:18.270+0000] {logging_mixin.py:190} INFO - [2025-07-15T15:37:18.270+0000] {dag.py:4180} INFO - Setting next_dagrun for dataset_consumes_1_and_2 to None, run_after=None
[2025-07-15T15:37:18.271+0000] {logging_mixin.py:190} INFO - [2025-07-15T15:37:18.271+0000] {dag.py:4180} INFO - Setting next_dagrun for dataset_consumes_1_never_scheduled to None, run_after=None
[2025-07-15T15:37:18.272+0000] {logging_mixin.py:190} INFO - [2025-07-15T15:37:18.272+0000] {dag.py:4180} INFO - Setting next_dagrun for dataset_consumes_unknown_never_scheduled to None, run_after=None
[2025-07-15T15:37:18.275+0000] {logging_mixin.py:190} INFO - [2025-07-15T15:37:18.275+0000] {dag.py:4180} INFO - Setting next_dagrun for dataset_produces_1 to 2025-07-14 00:00:00+00:00, run_after=2025-07-15 00:00:00+00:00
[2025-07-15T15:37:18.276+0000] {logging_mixin.py:190} INFO - [2025-07-15T15:37:18.276+0000] {dag.py:4180} INFO - Setting next_dagrun for dataset_produces_2 to None, run_after=None
[2025-07-15T15:37:18.298+0000] {processor.py:208} INFO - Processing /home/airflow/.local/lib/python3.12/site-packages/airflow/example_dags/example_datasets.py took 0.185 seconds
[2025-07-15T15:37:49.245+0000] {processor.py:186} INFO - Started process (PID=200) to work on /home/airflow/.local/lib/python3.12/site-packages/airflow/example_dags/example_datasets.py
[2025-07-15T15:37:49.246+0000] {processor.py:914} INFO - Processing file /home/airflow/.local/lib/python3.12/site-packages/airflow/example_dags/example_datasets.py for tasks to queue
[2025-07-15T15:37:49.247+0000] {logging_mixin.py:190} INFO - [2025-07-15T15:37:49.247+0000] {dagbag.py:588} INFO - Filling up the DagBag from /home/airflow/.local/lib/python3.12/site-packages/airflow/example_dags/example_datasets.py
[2025-07-15T15:37:49.329+0000] {processor.py:925} INFO - DAG(s) 'consume_1_or_2_with_dataset_expressions', 'conditional_dataset_and_time_based_timetable', 'dataset_produces_2', 'consume_1_and_2_with_dataset_expressions', 'dataset_consumes_1', 'consume_1_or_both_2_and_3_with_dataset_expressions', 'dataset_consumes_1_never_scheduled', 'dataset_produces_1', 'dataset_consumes_1_and_2', 'dataset_consumes_unknown_never_scheduled' retrieved from /home/airflow/.local/lib/python3.12/site-packages/airflow/example_dags/example_datasets.py
[2025-07-15T15:37:49.356+0000] {logging_mixin.py:190} INFO - [2025-07-15T15:37:49.356+0000] {dag.py:3239} INFO - Sync 10 DAGs
[2025-07-15T15:37:49.368+0000] {logging_mixin.py:190} INFO - [2025-07-15T15:37:49.368+0000] {dag.py:4180} INFO - Setting next_dagrun for conditional_dataset_and_time_based_timetable to 2025-07-09 01:00:00+00:00, run_after=2025-07-09 01:00:00+00:00
[2025-07-15T15:37:49.371+0000] {logging_mixin.py:190} INFO - [2025-07-15T15:37:49.370+0000] {dag.py:4180} INFO - Setting next_dagrun for consume_1_and_2_with_dataset_expressions to None, run_after=None
[2025-07-15T15:37:49.371+0000] {logging_mixin.py:190} INFO - [2025-07-15T15:37:49.371+0000] {dag.py:4180} INFO - Setting next_dagrun for consume_1_or_2_with_dataset_expressions to None, run_after=None
[2025-07-15T15:37:49.372+0000] {logging_mixin.py:190} INFO - [2025-07-15T15:37:49.372+0000] {dag.py:4180} INFO - Setting next_dagrun for consume_1_or_both_2_and_3_with_dataset_expressions to None, run_after=None
[2025-07-15T15:37:49.373+0000] {logging_mixin.py:190} INFO - [2025-07-15T15:37:49.373+0000] {dag.py:4180} INFO - Setting next_dagrun for dataset_consumes_1 to None, run_after=None
[2025-07-15T15:37:49.374+0000] {logging_mixin.py:190} INFO - [2025-07-15T15:37:49.374+0000] {dag.py:4180} INFO - Setting next_dagrun for dataset_consumes_1_and_2 to None, run_after=None
[2025-07-15T15:37:49.376+0000] {logging_mixin.py:190} INFO - [2025-07-15T15:37:49.376+0000] {dag.py:4180} INFO - Setting next_dagrun for dataset_consumes_1_never_scheduled to None, run_after=None
[2025-07-15T15:37:49.378+0000] {logging_mixin.py:190} INFO - [2025-07-15T15:37:49.378+0000] {dag.py:4180} INFO - Setting next_dagrun for dataset_consumes_unknown_never_scheduled to None, run_after=None
[2025-07-15T15:37:49.379+0000] {logging_mixin.py:190} INFO - [2025-07-15T15:37:49.379+0000] {dag.py:4180} INFO - Setting next_dagrun for dataset_produces_1 to 2025-07-14 00:00:00+00:00, run_after=2025-07-15 00:00:00+00:00
[2025-07-15T15:37:49.379+0000] {logging_mixin.py:190} INFO - [2025-07-15T15:37:49.379+0000] {dag.py:4180} INFO - Setting next_dagrun for dataset_produces_2 to None, run_after=None
[2025-07-15T15:37:49.403+0000] {processor.py:208} INFO - Processing /home/airflow/.local/lib/python3.12/site-packages/airflow/example_dags/example_datasets.py took 0.160 seconds
[2025-07-15T15:38:20.029+0000] {processor.py:186} INFO - Started process (PID=264) to work on /home/airflow/.local/lib/python3.12/site-packages/airflow/example_dags/example_datasets.py
[2025-07-15T15:38:20.030+0000] {processor.py:914} INFO - Processing file /home/airflow/.local/lib/python3.12/site-packages/airflow/example_dags/example_datasets.py for tasks to queue
[2025-07-15T15:38:20.032+0000] {logging_mixin.py:190} INFO - [2025-07-15T15:38:20.032+0000] {dagbag.py:588} INFO - Filling up the DagBag from /home/airflow/.local/lib/python3.12/site-packages/airflow/example_dags/example_datasets.py
[2025-07-15T15:38:20.113+0000] {processor.py:925} INFO - DAG(s) 'dataset_produces_1', 'dataset_consumes_1_never_scheduled', 'consume_1_and_2_with_dataset_expressions', 'consume_1_or_both_2_and_3_with_dataset_expressions', 'dataset_consumes_1', 'consume_1_or_2_with_dataset_expressions', 'dataset_consumes_unknown_never_scheduled', 'dataset_consumes_1_and_2', 'dataset_produces_2', 'conditional_dataset_and_time_based_timetable' retrieved from /home/airflow/.local/lib/python3.12/site-packages/airflow/example_dags/example_datasets.py
[2025-07-15T15:38:20.141+0000] {logging_mixin.py:190} INFO - [2025-07-15T15:38:20.141+0000] {dag.py:3239} INFO - Sync 10 DAGs
[2025-07-15T15:38:20.155+0000] {logging_mixin.py:190} INFO - [2025-07-15T15:38:20.155+0000] {dag.py:4180} INFO - Setting next_dagrun for conditional_dataset_and_time_based_timetable to 2025-07-09 01:00:00+00:00, run_after=2025-07-09 01:00:00+00:00
[2025-07-15T15:38:20.159+0000] {logging_mixin.py:190} INFO - [2025-07-15T15:38:20.159+0000] {dag.py:4180} INFO - Setting next_dagrun for consume_1_and_2_with_dataset_expressions to None, run_after=None
[2025-07-15T15:38:20.160+0000] {logging_mixin.py:190} INFO - [2025-07-15T15:38:20.160+0000] {dag.py:4180} INFO - Setting next_dagrun for consume_1_or_2_with_dataset_expressions to None, run_after=None
[2025-07-15T15:38:20.160+0000] {logging_mixin.py:190} INFO - [2025-07-15T15:38:20.160+0000] {dag.py:4180} INFO - Setting next_dagrun for consume_1_or_both_2_and_3_with_dataset_expressions to None, run_after=None
[2025-07-15T15:38:20.161+0000] {logging_mixin.py:190} INFO - [2025-07-15T15:38:20.161+0000] {dag.py:4180} INFO - Setting next_dagrun for dataset_consumes_1 to None, run_after=None
[2025-07-15T15:38:20.162+0000] {logging_mixin.py:190} INFO - [2025-07-15T15:38:20.162+0000] {dag.py:4180} INFO - Setting next_dagrun for dataset_consumes_1_and_2 to None, run_after=None
[2025-07-15T15:38:20.163+0000] {logging_mixin.py:190} INFO - [2025-07-15T15:38:20.163+0000] {dag.py:4180} INFO - Setting next_dagrun for dataset_consumes_1_never_scheduled to None, run_after=None
[2025-07-15T15:38:20.164+0000] {logging_mixin.py:190} INFO - [2025-07-15T15:38:20.164+0000] {dag.py:4180} INFO - Setting next_dagrun for dataset_consumes_unknown_never_scheduled to None, run_after=None
[2025-07-15T15:38:20.168+0000] {logging_mixin.py:190} INFO - [2025-07-15T15:38:20.168+0000] {dag.py:4180} INFO - Setting next_dagrun for dataset_produces_1 to 2025-07-14 00:00:00+00:00, run_after=2025-07-15 00:00:00+00:00
[2025-07-15T15:38:20.170+0000] {logging_mixin.py:190} INFO - [2025-07-15T15:38:20.170+0000] {dag.py:4180} INFO - Setting next_dagrun for dataset_produces_2 to None, run_after=None
[2025-07-15T15:38:20.193+0000] {processor.py:208} INFO - Processing /home/airflow/.local/lib/python3.12/site-packages/airflow/example_dags/example_datasets.py took 0.166 seconds
[2025-07-15T15:38:51.124+0000] {processor.py:186} INFO - Started process (PID=329) to work on /home/airflow/.local/lib/python3.12/site-packages/airflow/example_dags/example_datasets.py
[2025-07-15T15:38:51.126+0000] {processor.py:914} INFO - Processing file /home/airflow/.local/lib/python3.12/site-packages/airflow/example_dags/example_datasets.py for tasks to queue
[2025-07-15T15:38:51.128+0000] {logging_mixin.py:190} INFO - [2025-07-15T15:38:51.128+0000] {dagbag.py:588} INFO - Filling up the DagBag from /home/airflow/.local/lib/python3.12/site-packages/airflow/example_dags/example_datasets.py
[2025-07-15T15:38:51.219+0000] {processor.py:925} INFO - DAG(s) 'dataset_produces_2', 'consume_1_or_both_2_and_3_with_dataset_expressions', 'dataset_consumes_1_and_2', 'dataset_consumes_1', 'dataset_consumes_1_never_scheduled', 'consume_1_and_2_with_dataset_expressions', 'dataset_consumes_unknown_never_scheduled', 'conditional_dataset_and_time_based_timetable', 'consume_1_or_2_with_dataset_expressions', 'dataset_produces_1' retrieved from /home/airflow/.local/lib/python3.12/site-packages/airflow/example_dags/example_datasets.py
[2025-07-15T15:38:51.245+0000] {logging_mixin.py:190} INFO - [2025-07-15T15:38:51.245+0000] {dag.py:3239} INFO - Sync 10 DAGs
[2025-07-15T15:38:51.261+0000] {logging_mixin.py:190} INFO - [2025-07-15T15:38:51.261+0000] {dag.py:4180} INFO - Setting next_dagrun for conditional_dataset_and_time_based_timetable to 2025-07-09 01:00:00+00:00, run_after=2025-07-09 01:00:00+00:00
[2025-07-15T15:38:51.264+0000] {logging_mixin.py:190} INFO - [2025-07-15T15:38:51.264+0000] {dag.py:4180} INFO - Setting next_dagrun for consume_1_and_2_with_dataset_expressions to None, run_after=None
[2025-07-15T15:38:51.265+0000] {logging_mixin.py:190} INFO - [2025-07-15T15:38:51.265+0000] {dag.py:4180} INFO - Setting next_dagrun for consume_1_or_2_with_dataset_expressions to None, run_after=None
[2025-07-15T15:38:51.270+0000] {logging_mixin.py:190} INFO - [2025-07-15T15:38:51.270+0000] {dag.py:4180} INFO - Setting next_dagrun for consume_1_or_both_2_and_3_with_dataset_expressions to None, run_after=None
[2025-07-15T15:38:51.271+0000] {logging_mixin.py:190} INFO - [2025-07-15T15:38:51.271+0000] {dag.py:4180} INFO - Setting next_dagrun for dataset_consumes_1 to None, run_after=None
[2025-07-15T15:38:51.273+0000] {logging_mixin.py:190} INFO - [2025-07-15T15:38:51.273+0000] {dag.py:4180} INFO - Setting next_dagrun for dataset_consumes_1_and_2 to None, run_after=None
[2025-07-15T15:38:51.275+0000] {logging_mixin.py:190} INFO - [2025-07-15T15:38:51.274+0000] {dag.py:4180} INFO - Setting next_dagrun for dataset_consumes_1_never_scheduled to None, run_after=None
[2025-07-15T15:38:51.275+0000] {logging_mixin.py:190} INFO - [2025-07-15T15:38:51.275+0000] {dag.py:4180} INFO - Setting next_dagrun for dataset_consumes_unknown_never_scheduled to None, run_after=None
[2025-07-15T15:38:51.277+0000] {logging_mixin.py:190} INFO - [2025-07-15T15:38:51.277+0000] {dag.py:4180} INFO - Setting next_dagrun for dataset_produces_1 to 2025-07-14 00:00:00+00:00, run_after=2025-07-15 00:00:00+00:00
[2025-07-15T15:38:51.277+0000] {logging_mixin.py:190} INFO - [2025-07-15T15:38:51.277+0000] {dag.py:4180} INFO - Setting next_dagrun for dataset_produces_2 to None, run_after=None
[2025-07-15T15:38:51.300+0000] {processor.py:208} INFO - Processing /home/airflow/.local/lib/python3.12/site-packages/airflow/example_dags/example_datasets.py took 0.180 seconds
[2025-07-15T15:39:21.775+0000] {processor.py:186} INFO - Started process (PID=389) to work on /home/airflow/.local/lib/python3.12/site-packages/airflow/example_dags/example_datasets.py
[2025-07-15T15:39:21.777+0000] {processor.py:914} INFO - Processing file /home/airflow/.local/lib/python3.12/site-packages/airflow/example_dags/example_datasets.py for tasks to queue
[2025-07-15T15:39:21.779+0000] {logging_mixin.py:190} INFO - [2025-07-15T15:39:21.778+0000] {dagbag.py:588} INFO - Filling up the DagBag from /home/airflow/.local/lib/python3.12/site-packages/airflow/example_dags/example_datasets.py
[2025-07-15T15:39:21.863+0000] {processor.py:925} INFO - DAG(s) 'dataset_consumes_1', 'conditional_dataset_and_time_based_timetable', 'consume_1_or_2_with_dataset_expressions', 'consume_1_and_2_with_dataset_expressions', 'consume_1_or_both_2_and_3_with_dataset_expressions', 'dataset_consumes_1_never_scheduled', 'dataset_consumes_1_and_2', 'dataset_produces_1', 'dataset_produces_2', 'dataset_consumes_unknown_never_scheduled' retrieved from /home/airflow/.local/lib/python3.12/site-packages/airflow/example_dags/example_datasets.py
[2025-07-15T15:39:21.894+0000] {logging_mixin.py:190} INFO - [2025-07-15T15:39:21.894+0000] {dag.py:3239} INFO - Sync 10 DAGs
[2025-07-15T15:39:21.911+0000] {logging_mixin.py:190} INFO - [2025-07-15T15:39:21.911+0000] {dag.py:4180} INFO - Setting next_dagrun for conditional_dataset_and_time_based_timetable to 2025-07-09 01:00:00+00:00, run_after=2025-07-09 01:00:00+00:00
[2025-07-15T15:39:21.916+0000] {logging_mixin.py:190} INFO - [2025-07-15T15:39:21.915+0000] {dag.py:4180} INFO - Setting next_dagrun for consume_1_and_2_with_dataset_expressions to None, run_after=None
[2025-07-15T15:39:21.916+0000] {logging_mixin.py:190} INFO - [2025-07-15T15:39:21.916+0000] {dag.py:4180} INFO - Setting next_dagrun for consume_1_or_2_with_dataset_expressions to None, run_after=None
[2025-07-15T15:39:21.917+0000] {logging_mixin.py:190} INFO - [2025-07-15T15:39:21.917+0000] {dag.py:4180} INFO - Setting next_dagrun for consume_1_or_both_2_and_3_with_dataset_expressions to None, run_after=None
[2025-07-15T15:39:21.918+0000] {logging_mixin.py:190} INFO - [2025-07-15T15:39:21.917+0000] {dag.py:4180} INFO - Setting next_dagrun for dataset_consumes_1 to None, run_after=None
[2025-07-15T15:39:21.918+0000] {logging_mixin.py:190} INFO - [2025-07-15T15:39:21.918+0000] {dag.py:4180} INFO - Setting next_dagrun for dataset_consumes_1_and_2 to None, run_after=None
[2025-07-15T15:39:21.919+0000] {logging_mixin.py:190} INFO - [2025-07-15T15:39:21.919+0000] {dag.py:4180} INFO - Setting next_dagrun for dataset_consumes_1_never_scheduled to None, run_after=None
[2025-07-15T15:39:21.919+0000] {logging_mixin.py:190} INFO - [2025-07-15T15:39:21.919+0000] {dag.py:4180} INFO - Setting next_dagrun for dataset_consumes_unknown_never_scheduled to None, run_after=None
[2025-07-15T15:39:21.920+0000] {logging_mixin.py:190} INFO - [2025-07-15T15:39:21.920+0000] {dag.py:4180} INFO - Setting next_dagrun for dataset_produces_1 to 2025-07-14 00:00:00+00:00, run_after=2025-07-15 00:00:00+00:00
[2025-07-15T15:39:21.921+0000] {logging_mixin.py:190} INFO - [2025-07-15T15:39:21.921+0000] {dag.py:4180} INFO - Setting next_dagrun for dataset_produces_2 to None, run_after=None
[2025-07-15T15:39:21.944+0000] {processor.py:208} INFO - Processing /home/airflow/.local/lib/python3.12/site-packages/airflow/example_dags/example_datasets.py took 0.172 seconds
[2025-07-15T15:39:52.704+0000] {processor.py:186} INFO - Started process (PID=451) to work on /home/airflow/.local/lib/python3.12/site-packages/airflow/example_dags/example_datasets.py
[2025-07-15T15:39:52.706+0000] {processor.py:914} INFO - Processing file /home/airflow/.local/lib/python3.12/site-packages/airflow/example_dags/example_datasets.py for tasks to queue
[2025-07-15T15:39:52.708+0000] {logging_mixin.py:190} INFO - [2025-07-15T15:39:52.708+0000] {dagbag.py:588} INFO - Filling up the DagBag from /home/airflow/.local/lib/python3.12/site-packages/airflow/example_dags/example_datasets.py
[2025-07-15T15:39:52.816+0000] {processor.py:925} INFO - DAG(s) 'dataset_produces_2', 'consume_1_or_2_with_dataset_expressions', 'dataset_consumes_1_never_scheduled', 'conditional_dataset_and_time_based_timetable', 'dataset_consumes_1_and_2', 'dataset_consumes_1', 'dataset_consumes_unknown_never_scheduled', 'dataset_produces_1', 'consume_1_and_2_with_dataset_expressions', 'consume_1_or_both_2_and_3_with_dataset_expressions' retrieved from /home/airflow/.local/lib/python3.12/site-packages/airflow/example_dags/example_datasets.py
[2025-07-15T15:39:52.856+0000] {logging_mixin.py:190} INFO - [2025-07-15T15:39:52.856+0000] {dag.py:3239} INFO - Sync 10 DAGs
[2025-07-15T15:39:52.874+0000] {logging_mixin.py:190} INFO - [2025-07-15T15:39:52.874+0000] {dag.py:4180} INFO - Setting next_dagrun for conditional_dataset_and_time_based_timetable to 2025-07-09 01:00:00+00:00, run_after=2025-07-09 01:00:00+00:00
[2025-07-15T15:39:52.878+0000] {logging_mixin.py:190} INFO - [2025-07-15T15:39:52.878+0000] {dag.py:4180} INFO - Setting next_dagrun for consume_1_and_2_with_dataset_expressions to None, run_after=None
[2025-07-15T15:39:52.880+0000] {logging_mixin.py:190} INFO - [2025-07-15T15:39:52.880+0000] {dag.py:4180} INFO - Setting next_dagrun for consume_1_or_2_with_dataset_expressions to None, run_after=None
[2025-07-15T15:39:52.882+0000] {logging_mixin.py:190} INFO - [2025-07-15T15:39:52.882+0000] {dag.py:4180} INFO - Setting next_dagrun for consume_1_or_both_2_and_3_with_dataset_expressions to None, run_after=None
[2025-07-15T15:39:52.884+0000] {logging_mixin.py:190} INFO - [2025-07-15T15:39:52.884+0000] {dag.py:4180} INFO - Setting next_dagrun for dataset_consumes_1 to None, run_after=None
[2025-07-15T15:39:52.890+0000] {logging_mixin.py:190} INFO - [2025-07-15T15:39:52.889+0000] {dag.py:4180} INFO - Setting next_dagrun for dataset_consumes_1_and_2 to None, run_after=None
[2025-07-15T15:39:52.894+0000] {logging_mixin.py:190} INFO - [2025-07-15T15:39:52.894+0000] {dag.py:4180} INFO - Setting next_dagrun for dataset_consumes_1_never_scheduled to None, run_after=None
[2025-07-15T15:39:52.899+0000] {logging_mixin.py:190} INFO - [2025-07-15T15:39:52.899+0000] {dag.py:4180} INFO - Setting next_dagrun for dataset_consumes_unknown_never_scheduled to None, run_after=None
[2025-07-15T15:39:52.902+0000] {logging_mixin.py:190} INFO - [2025-07-15T15:39:52.902+0000] {dag.py:4180} INFO - Setting next_dagrun for dataset_produces_1 to 2025-07-14 00:00:00+00:00, run_after=2025-07-15 00:00:00+00:00
[2025-07-15T15:39:52.903+0000] {logging_mixin.py:190} INFO - [2025-07-15T15:39:52.903+0000] {dag.py:4180} INFO - Setting next_dagrun for dataset_produces_2 to None, run_after=None
[2025-07-15T15:39:52.931+0000] {processor.py:208} INFO - Processing /home/airflow/.local/lib/python3.12/site-packages/airflow/example_dags/example_datasets.py took 0.230 seconds
[2025-07-15T15:40:23.743+0000] {processor.py:186} INFO - Started process (PID=515) to work on /home/airflow/.local/lib/python3.12/site-packages/airflow/example_dags/example_datasets.py
[2025-07-15T15:40:23.745+0000] {processor.py:914} INFO - Processing file /home/airflow/.local/lib/python3.12/site-packages/airflow/example_dags/example_datasets.py for tasks to queue
[2025-07-15T15:40:23.746+0000] {logging_mixin.py:190} INFO - [2025-07-15T15:40:23.746+0000] {dagbag.py:588} INFO - Filling up the DagBag from /home/airflow/.local/lib/python3.12/site-packages/airflow/example_dags/example_datasets.py
[2025-07-15T15:40:23.824+0000] {processor.py:925} INFO - DAG(s) 'consume_1_or_both_2_and_3_with_dataset_expressions', 'dataset_consumes_1_and_2', 'dataset_consumes_unknown_never_scheduled', 'dataset_produces_1', 'consume_1_or_2_with_dataset_expressions', 'consume_1_and_2_with_dataset_expressions', 'dataset_consumes_1_never_scheduled', 'dataset_produces_2', 'conditional_dataset_and_time_based_timetable', 'dataset_consumes_1' retrieved from /home/airflow/.local/lib/python3.12/site-packages/airflow/example_dags/example_datasets.py
[2025-07-15T15:40:23.854+0000] {logging_mixin.py:190} INFO - [2025-07-15T15:40:23.854+0000] {dag.py:3239} INFO - Sync 10 DAGs
[2025-07-15T15:40:23.869+0000] {logging_mixin.py:190} INFO - [2025-07-15T15:40:23.869+0000] {dag.py:4180} INFO - Setting next_dagrun for conditional_dataset_and_time_based_timetable to 2025-07-09 01:00:00+00:00, run_after=2025-07-09 01:00:00+00:00
[2025-07-15T15:40:23.871+0000] {logging_mixin.py:190} INFO - [2025-07-15T15:40:23.871+0000] {dag.py:4180} INFO - Setting next_dagrun for consume_1_and_2_with_dataset_expressions to None, run_after=None
[2025-07-15T15:40:23.871+0000] {logging_mixin.py:190} INFO - [2025-07-15T15:40:23.871+0000] {dag.py:4180} INFO - Setting next_dagrun for consume_1_or_2_with_dataset_expressions to None, run_after=None
[2025-07-15T15:40:23.872+0000] {logging_mixin.py:190} INFO - [2025-07-15T15:40:23.872+0000] {dag.py:4180} INFO - Setting next_dagrun for consume_1_or_both_2_and_3_with_dataset_expressions to None, run_after=None
[2025-07-15T15:40:23.872+0000] {logging_mixin.py:190} INFO - [2025-07-15T15:40:23.872+0000] {dag.py:4180} INFO - Setting next_dagrun for dataset_consumes_1 to None, run_after=None
[2025-07-15T15:40:23.873+0000] {logging_mixin.py:190} INFO - [2025-07-15T15:40:23.873+0000] {dag.py:4180} INFO - Setting next_dagrun for dataset_consumes_1_and_2 to None, run_after=None
[2025-07-15T15:40:23.873+0000] {logging_mixin.py:190} INFO - [2025-07-15T15:40:23.873+0000] {dag.py:4180} INFO - Setting next_dagrun for dataset_consumes_1_never_scheduled to None, run_after=None
[2025-07-15T15:40:23.874+0000] {logging_mixin.py:190} INFO - [2025-07-15T15:40:23.874+0000] {dag.py:4180} INFO - Setting next_dagrun for dataset_consumes_unknown_never_scheduled to None, run_after=None
[2025-07-15T15:40:23.875+0000] {logging_mixin.py:190} INFO - [2025-07-15T15:40:23.875+0000] {dag.py:4180} INFO - Setting next_dagrun for dataset_produces_1 to 2025-07-14 00:00:00+00:00, run_after=2025-07-15 00:00:00+00:00
[2025-07-15T15:40:23.876+0000] {logging_mixin.py:190} INFO - [2025-07-15T15:40:23.875+0000] {dag.py:4180} INFO - Setting next_dagrun for dataset_produces_2 to None, run_after=None
[2025-07-15T15:40:23.891+0000] {processor.py:208} INFO - Processing /home/airflow/.local/lib/python3.12/site-packages/airflow/example_dags/example_datasets.py took 0.150 seconds
[2025-07-15T15:40:54.125+0000] {processor.py:186} INFO - Started process (PID=572) to work on /home/airflow/.local/lib/python3.12/site-packages/airflow/example_dags/example_datasets.py
[2025-07-15T15:40:54.131+0000] {processor.py:914} INFO - Processing file /home/airflow/.local/lib/python3.12/site-packages/airflow/example_dags/example_datasets.py for tasks to queue
[2025-07-15T15:40:54.132+0000] {logging_mixin.py:190} INFO - [2025-07-15T15:40:54.132+0000] {dagbag.py:588} INFO - Filling up the DagBag from /home/airflow/.local/lib/python3.12/site-packages/airflow/example_dags/example_datasets.py
[2025-07-15T15:40:54.228+0000] {processor.py:925} INFO - DAG(s) 'dataset_consumes_1_never_scheduled', 'dataset_produces_2', 'consume_1_and_2_with_dataset_expressions', 'conditional_dataset_and_time_based_timetable', 'dataset_consumes_1_and_2', 'dataset_consumes_unknown_never_scheduled', 'dataset_consumes_1', 'consume_1_or_2_with_dataset_expressions', 'consume_1_or_both_2_and_3_with_dataset_expressions', 'dataset_produces_1' retrieved from /home/airflow/.local/lib/python3.12/site-packages/airflow/example_dags/example_datasets.py
[2025-07-15T15:40:54.252+0000] {logging_mixin.py:190} INFO - [2025-07-15T15:40:54.252+0000] {dag.py:3239} INFO - Sync 10 DAGs
[2025-07-15T15:40:54.270+0000] {logging_mixin.py:190} INFO - [2025-07-15T15:40:54.270+0000] {dag.py:4180} INFO - Setting next_dagrun for conditional_dataset_and_time_based_timetable to 2025-07-09 01:00:00+00:00, run_after=2025-07-09 01:00:00+00:00
[2025-07-15T15:40:54.273+0000] {logging_mixin.py:190} INFO - [2025-07-15T15:40:54.272+0000] {dag.py:4180} INFO - Setting next_dagrun for consume_1_and_2_with_dataset_expressions to None, run_after=None
[2025-07-15T15:40:54.274+0000] {logging_mixin.py:190} INFO - [2025-07-15T15:40:54.274+0000] {dag.py:4180} INFO - Setting next_dagrun for consume_1_or_2_with_dataset_expressions to None, run_after=None
[2025-07-15T15:40:54.276+0000] {logging_mixin.py:190} INFO - [2025-07-15T15:40:54.276+0000] {dag.py:4180} INFO - Setting next_dagrun for consume_1_or_both_2_and_3_with_dataset_expressions to None, run_after=None
[2025-07-15T15:40:54.278+0000] {logging_mixin.py:190} INFO - [2025-07-15T15:40:54.278+0000] {dag.py:4180} INFO - Setting next_dagrun for dataset_consumes_1 to None, run_after=None
[2025-07-15T15:40:54.280+0000] {logging_mixin.py:190} INFO - [2025-07-15T15:40:54.280+0000] {dag.py:4180} INFO - Setting next_dagrun for dataset_consumes_1_and_2 to None, run_after=None
[2025-07-15T15:40:54.282+0000] {logging_mixin.py:190} INFO - [2025-07-15T15:40:54.282+0000] {dag.py:4180} INFO - Setting next_dagrun for dataset_consumes_1_never_scheduled to None, run_after=None
[2025-07-15T15:40:54.283+0000] {logging_mixin.py:190} INFO - [2025-07-15T15:40:54.283+0000] {dag.py:4180} INFO - Setting next_dagrun for dataset_consumes_unknown_never_scheduled to None, run_after=None
[2025-07-15T15:40:54.284+0000] {logging_mixin.py:190} INFO - [2025-07-15T15:40:54.284+0000] {dag.py:4180} INFO - Setting next_dagrun for dataset_produces_1 to 2025-07-14 00:00:00+00:00, run_after=2025-07-15 00:00:00+00:00
[2025-07-15T15:40:54.287+0000] {logging_mixin.py:190} INFO - [2025-07-15T15:40:54.287+0000] {dag.py:4180} INFO - Setting next_dagrun for dataset_produces_2 to None, run_after=None
[2025-07-15T15:40:54.312+0000] {processor.py:208} INFO - Processing /home/airflow/.local/lib/python3.12/site-packages/airflow/example_dags/example_datasets.py took 0.190 seconds
[2025-07-15T15:41:25.319+0000] {processor.py:186} INFO - Started process (PID=634) to work on /home/airflow/.local/lib/python3.12/site-packages/airflow/example_dags/example_datasets.py
[2025-07-15T15:41:25.321+0000] {processor.py:914} INFO - Processing file /home/airflow/.local/lib/python3.12/site-packages/airflow/example_dags/example_datasets.py for tasks to queue
[2025-07-15T15:41:25.323+0000] {logging_mixin.py:190} INFO - [2025-07-15T15:41:25.322+0000] {dagbag.py:588} INFO - Filling up the DagBag from /home/airflow/.local/lib/python3.12/site-packages/airflow/example_dags/example_datasets.py
[2025-07-15T15:41:25.406+0000] {processor.py:925} INFO - DAG(s) 'dataset_produces_2', 'dataset_produces_1', 'dataset_consumes_1_and_2', 'consume_1_or_2_with_dataset_expressions', 'conditional_dataset_and_time_based_timetable', 'consume_1_and_2_with_dataset_expressions', 'dataset_consumes_1_never_scheduled', 'dataset_consumes_unknown_never_scheduled', 'dataset_consumes_1', 'consume_1_or_both_2_and_3_with_dataset_expressions' retrieved from /home/airflow/.local/lib/python3.12/site-packages/airflow/example_dags/example_datasets.py
[2025-07-15T15:41:25.433+0000] {logging_mixin.py:190} INFO - [2025-07-15T15:41:25.433+0000] {dag.py:3239} INFO - Sync 10 DAGs
[2025-07-15T15:41:25.447+0000] {logging_mixin.py:190} INFO - [2025-07-15T15:41:25.447+0000] {dag.py:4180} INFO - Setting next_dagrun for conditional_dataset_and_time_based_timetable to 2025-07-09 01:00:00+00:00, run_after=2025-07-09 01:00:00+00:00
[2025-07-15T15:41:25.452+0000] {logging_mixin.py:190} INFO - [2025-07-15T15:41:25.452+0000] {dag.py:4180} INFO - Setting next_dagrun for consume_1_and_2_with_dataset_expressions to None, run_after=None
[2025-07-15T15:41:25.453+0000] {logging_mixin.py:190} INFO - [2025-07-15T15:41:25.453+0000] {dag.py:4180} INFO - Setting next_dagrun for consume_1_or_2_with_dataset_expressions to None, run_after=None
[2025-07-15T15:41:25.454+0000] {logging_mixin.py:190} INFO - [2025-07-15T15:41:25.454+0000] {dag.py:4180} INFO - Setting next_dagrun for consume_1_or_both_2_and_3_with_dataset_expressions to None, run_after=None
[2025-07-15T15:41:25.454+0000] {logging_mixin.py:190} INFO - [2025-07-15T15:41:25.454+0000] {dag.py:4180} INFO - Setting next_dagrun for dataset_consumes_1 to None, run_after=None
[2025-07-15T15:41:25.455+0000] {logging_mixin.py:190} INFO - [2025-07-15T15:41:25.455+0000] {dag.py:4180} INFO - Setting next_dagrun for dataset_consumes_1_and_2 to None, run_after=None
[2025-07-15T15:41:25.456+0000] {logging_mixin.py:190} INFO - [2025-07-15T15:41:25.456+0000] {dag.py:4180} INFO - Setting next_dagrun for dataset_consumes_1_never_scheduled to None, run_after=None
[2025-07-15T15:41:25.457+0000] {logging_mixin.py:190} INFO - [2025-07-15T15:41:25.457+0000] {dag.py:4180} INFO - Setting next_dagrun for dataset_consumes_unknown_never_scheduled to None, run_after=None
[2025-07-15T15:41:25.458+0000] {logging_mixin.py:190} INFO - [2025-07-15T15:41:25.458+0000] {dag.py:4180} INFO - Setting next_dagrun for dataset_produces_1 to 2025-07-14 00:00:00+00:00, run_after=2025-07-15 00:00:00+00:00
[2025-07-15T15:41:25.459+0000] {logging_mixin.py:190} INFO - [2025-07-15T15:41:25.459+0000] {dag.py:4180} INFO - Setting next_dagrun for dataset_produces_2 to None, run_after=None
[2025-07-15T15:41:25.484+0000] {processor.py:208} INFO - Processing /home/airflow/.local/lib/python3.12/site-packages/airflow/example_dags/example_datasets.py took 0.168 seconds
[2025-07-15T15:41:56.533+0000] {processor.py:186} INFO - Started process (PID=696) to work on /home/airflow/.local/lib/python3.12/site-packages/airflow/example_dags/example_datasets.py
[2025-07-15T15:41:56.534+0000] {processor.py:914} INFO - Processing file /home/airflow/.local/lib/python3.12/site-packages/airflow/example_dags/example_datasets.py for tasks to queue
[2025-07-15T15:41:56.536+0000] {logging_mixin.py:190} INFO - [2025-07-15T15:41:56.536+0000] {dagbag.py:588} INFO - Filling up the DagBag from /home/airflow/.local/lib/python3.12/site-packages/airflow/example_dags/example_datasets.py
[2025-07-15T15:41:56.629+0000] {processor.py:925} INFO - DAG(s) 'dataset_produces_2', 'dataset_consumes_unknown_never_scheduled', 'dataset_consumes_1_never_scheduled', 'consume_1_or_2_with_dataset_expressions', 'conditional_dataset_and_time_based_timetable', 'consume_1_and_2_with_dataset_expressions', 'dataset_consumes_1_and_2', 'dataset_produces_1', 'dataset_consumes_1', 'consume_1_or_both_2_and_3_with_dataset_expressions' retrieved from /home/airflow/.local/lib/python3.12/site-packages/airflow/example_dags/example_datasets.py
[2025-07-15T15:41:56.660+0000] {logging_mixin.py:190} INFO - [2025-07-15T15:41:56.660+0000] {dag.py:3239} INFO - Sync 10 DAGs
[2025-07-15T15:41:56.680+0000] {logging_mixin.py:190} INFO - [2025-07-15T15:41:56.680+0000] {dag.py:4180} INFO - Setting next_dagrun for conditional_dataset_and_time_based_timetable to 2025-07-09 01:00:00+00:00, run_after=2025-07-09 01:00:00+00:00
[2025-07-15T15:41:56.683+0000] {logging_mixin.py:190} INFO - [2025-07-15T15:41:56.683+0000] {dag.py:4180} INFO - Setting next_dagrun for consume_1_and_2_with_dataset_expressions to None, run_after=None
[2025-07-15T15:41:56.684+0000] {logging_mixin.py:190} INFO - [2025-07-15T15:41:56.684+0000] {dag.py:4180} INFO - Setting next_dagrun for consume_1_or_2_with_dataset_expressions to None, run_after=None
[2025-07-15T15:41:56.685+0000] {logging_mixin.py:190} INFO - [2025-07-15T15:41:56.685+0000] {dag.py:4180} INFO - Setting next_dagrun for consume_1_or_both_2_and_3_with_dataset_expressions to None, run_after=None
[2025-07-15T15:41:56.686+0000] {logging_mixin.py:190} INFO - [2025-07-15T15:41:56.685+0000] {dag.py:4180} INFO - Setting next_dagrun for dataset_consumes_1 to None, run_after=None
[2025-07-15T15:41:56.686+0000] {logging_mixin.py:190} INFO - [2025-07-15T15:41:56.686+0000] {dag.py:4180} INFO - Setting next_dagrun for dataset_consumes_1_and_2 to None, run_after=None
[2025-07-15T15:41:56.687+0000] {logging_mixin.py:190} INFO - [2025-07-15T15:41:56.687+0000] {dag.py:4180} INFO - Setting next_dagrun for dataset_consumes_1_never_scheduled to None, run_after=None
[2025-07-15T15:41:56.688+0000] {logging_mixin.py:190} INFO - [2025-07-15T15:41:56.688+0000] {dag.py:4180} INFO - Setting next_dagrun for dataset_consumes_unknown_never_scheduled to None, run_after=None
[2025-07-15T15:41:56.691+0000] {logging_mixin.py:190} INFO - [2025-07-15T15:41:56.691+0000] {dag.py:4180} INFO - Setting next_dagrun for dataset_produces_1 to 2025-07-14 00:00:00+00:00, run_after=2025-07-15 00:00:00+00:00
[2025-07-15T15:41:56.694+0000] {logging_mixin.py:190} INFO - [2025-07-15T15:41:56.694+0000] {dag.py:4180} INFO - Setting next_dagrun for dataset_produces_2 to None, run_after=None
[2025-07-15T15:41:56.727+0000] {processor.py:208} INFO - Processing /home/airflow/.local/lib/python3.12/site-packages/airflow/example_dags/example_datasets.py took 0.198 seconds
[2025-07-15T15:42:26.754+0000] {processor.py:186} INFO - Started process (PID=760) to work on /home/airflow/.local/lib/python3.12/site-packages/airflow/example_dags/example_datasets.py
[2025-07-15T15:42:26.755+0000] {processor.py:914} INFO - Processing file /home/airflow/.local/lib/python3.12/site-packages/airflow/example_dags/example_datasets.py for tasks to queue
[2025-07-15T15:42:26.756+0000] {logging_mixin.py:190} INFO - [2025-07-15T15:42:26.756+0000] {dagbag.py:588} INFO - Filling up the DagBag from /home/airflow/.local/lib/python3.12/site-packages/airflow/example_dags/example_datasets.py
[2025-07-15T15:42:26.823+0000] {processor.py:925} INFO - DAG(s) 'consume_1_and_2_with_dataset_expressions', 'dataset_consumes_1_never_scheduled', 'conditional_dataset_and_time_based_timetable', 'dataset_consumes_1_and_2', 'dataset_produces_1', 'consume_1_or_both_2_and_3_with_dataset_expressions', 'dataset_consumes_unknown_never_scheduled', 'consume_1_or_2_with_dataset_expressions', 'dataset_consumes_1', 'dataset_produces_2' retrieved from /home/airflow/.local/lib/python3.12/site-packages/airflow/example_dags/example_datasets.py
[2025-07-15T15:42:26.841+0000] {logging_mixin.py:190} INFO - [2025-07-15T15:42:26.841+0000] {dag.py:3239} INFO - Sync 10 DAGs
[2025-07-15T15:42:26.852+0000] {logging_mixin.py:190} INFO - [2025-07-15T15:42:26.852+0000] {dag.py:4180} INFO - Setting next_dagrun for conditional_dataset_and_time_based_timetable to 2025-07-09 01:00:00+00:00, run_after=2025-07-09 01:00:00+00:00
[2025-07-15T15:42:26.853+0000] {logging_mixin.py:190} INFO - [2025-07-15T15:42:26.853+0000] {dag.py:4180} INFO - Setting next_dagrun for consume_1_and_2_with_dataset_expressions to None, run_after=None
[2025-07-15T15:42:26.854+0000] {logging_mixin.py:190} INFO - [2025-07-15T15:42:26.854+0000] {dag.py:4180} INFO - Setting next_dagrun for consume_1_or_2_with_dataset_expressions to None, run_after=None
[2025-07-15T15:42:26.855+0000] {logging_mixin.py:190} INFO - [2025-07-15T15:42:26.854+0000] {dag.py:4180} INFO - Setting next_dagrun for consume_1_or_both_2_and_3_with_dataset_expressions to None, run_after=None
[2025-07-15T15:42:26.855+0000] {logging_mixin.py:190} INFO - [2025-07-15T15:42:26.855+0000] {dag.py:4180} INFO - Setting next_dagrun for dataset_consumes_1 to None, run_after=None
[2025-07-15T15:42:26.856+0000] {logging_mixin.py:190} INFO - [2025-07-15T15:42:26.856+0000] {dag.py:4180} INFO - Setting next_dagrun for dataset_consumes_1_and_2 to None, run_after=None
[2025-07-15T15:42:26.856+0000] {logging_mixin.py:190} INFO - [2025-07-15T15:42:26.856+0000] {dag.py:4180} INFO - Setting next_dagrun for dataset_consumes_1_never_scheduled to None, run_after=None
[2025-07-15T15:42:26.857+0000] {logging_mixin.py:190} INFO - [2025-07-15T15:42:26.857+0000] {dag.py:4180} INFO - Setting next_dagrun for dataset_consumes_unknown_never_scheduled to None, run_after=None
[2025-07-15T15:42:26.858+0000] {logging_mixin.py:190} INFO - [2025-07-15T15:42:26.858+0000] {dag.py:4180} INFO - Setting next_dagrun for dataset_produces_1 to 2025-07-14 00:00:00+00:00, run_after=2025-07-15 00:00:00+00:00
[2025-07-15T15:42:26.858+0000] {logging_mixin.py:190} INFO - [2025-07-15T15:42:26.858+0000] {dag.py:4180} INFO - Setting next_dagrun for dataset_produces_2 to None, run_after=None
[2025-07-15T15:42:26.871+0000] {processor.py:208} INFO - Processing /home/airflow/.local/lib/python3.12/site-packages/airflow/example_dags/example_datasets.py took 0.120 seconds
[2025-07-15T15:42:57.420+0000] {processor.py:186} INFO - Started process (PID=820) to work on /home/airflow/.local/lib/python3.12/site-packages/airflow/example_dags/example_datasets.py
[2025-07-15T15:42:57.421+0000] {processor.py:914} INFO - Processing file /home/airflow/.local/lib/python3.12/site-packages/airflow/example_dags/example_datasets.py for tasks to queue
[2025-07-15T15:42:57.424+0000] {logging_mixin.py:190} INFO - [2025-07-15T15:42:57.424+0000] {dagbag.py:588} INFO - Filling up the DagBag from /home/airflow/.local/lib/python3.12/site-packages/airflow/example_dags/example_datasets.py
[2025-07-15T15:42:57.501+0000] {processor.py:925} INFO - DAG(s) 'conditional_dataset_and_time_based_timetable', 'consume_1_or_2_with_dataset_expressions', 'consume_1_or_both_2_and_3_with_dataset_expressions', 'dataset_consumes_unknown_never_scheduled', 'consume_1_and_2_with_dataset_expressions', 'dataset_consumes_1', 'dataset_produces_1', 'dataset_consumes_1_never_scheduled', 'dataset_consumes_1_and_2', 'dataset_produces_2' retrieved from /home/airflow/.local/lib/python3.12/site-packages/airflow/example_dags/example_datasets.py
[2025-07-15T15:42:57.521+0000] {logging_mixin.py:190} INFO - [2025-07-15T15:42:57.521+0000] {dag.py:3239} INFO - Sync 10 DAGs
[2025-07-15T15:42:57.538+0000] {logging_mixin.py:190} INFO - [2025-07-15T15:42:57.538+0000] {dag.py:4180} INFO - Setting next_dagrun for conditional_dataset_and_time_based_timetable to 2025-07-09 01:00:00+00:00, run_after=2025-07-09 01:00:00+00:00
[2025-07-15T15:42:57.541+0000] {logging_mixin.py:190} INFO - [2025-07-15T15:42:57.541+0000] {dag.py:4180} INFO - Setting next_dagrun for consume_1_and_2_with_dataset_expressions to None, run_after=None
[2025-07-15T15:42:57.542+0000] {logging_mixin.py:190} INFO - [2025-07-15T15:42:57.542+0000] {dag.py:4180} INFO - Setting next_dagrun for consume_1_or_2_with_dataset_expressions to None, run_after=None
[2025-07-15T15:42:57.544+0000] {logging_mixin.py:190} INFO - [2025-07-15T15:42:57.544+0000] {dag.py:4180} INFO - Setting next_dagrun for consume_1_or_both_2_and_3_with_dataset_expressions to None, run_after=None
[2025-07-15T15:42:57.544+0000] {logging_mixin.py:190} INFO - [2025-07-15T15:42:57.544+0000] {dag.py:4180} INFO - Setting next_dagrun for dataset_consumes_1 to None, run_after=None
[2025-07-15T15:42:57.546+0000] {logging_mixin.py:190} INFO - [2025-07-15T15:42:57.546+0000] {dag.py:4180} INFO - Setting next_dagrun for dataset_consumes_1_and_2 to None, run_after=None
[2025-07-15T15:42:57.548+0000] {logging_mixin.py:190} INFO - [2025-07-15T15:42:57.548+0000] {dag.py:4180} INFO - Setting next_dagrun for dataset_consumes_1_never_scheduled to None, run_after=None
[2025-07-15T15:42:57.549+0000] {logging_mixin.py:190} INFO - [2025-07-15T15:42:57.549+0000] {dag.py:4180} INFO - Setting next_dagrun for dataset_consumes_unknown_never_scheduled to None, run_after=None
[2025-07-15T15:42:57.550+0000] {logging_mixin.py:190} INFO - [2025-07-15T15:42:57.550+0000] {dag.py:4180} INFO - Setting next_dagrun for dataset_produces_1 to 2025-07-14 00:00:00+00:00, run_after=2025-07-15 00:00:00+00:00
[2025-07-15T15:42:57.553+0000] {logging_mixin.py:190} INFO - [2025-07-15T15:42:57.553+0000] {dag.py:4180} INFO - Setting next_dagrun for dataset_produces_2 to None, run_after=None
[2025-07-15T15:42:57.573+0000] {processor.py:208} INFO - Processing /home/airflow/.local/lib/python3.12/site-packages/airflow/example_dags/example_datasets.py took 0.157 seconds
[2025-07-15T15:43:27.987+0000] {processor.py:186} INFO - Started process (PID=882) to work on /home/airflow/.local/lib/python3.12/site-packages/airflow/example_dags/example_datasets.py
[2025-07-15T15:43:27.988+0000] {processor.py:914} INFO - Processing file /home/airflow/.local/lib/python3.12/site-packages/airflow/example_dags/example_datasets.py for tasks to queue
[2025-07-15T15:43:27.989+0000] {logging_mixin.py:190} INFO - [2025-07-15T15:43:27.989+0000] {dagbag.py:588} INFO - Filling up the DagBag from /home/airflow/.local/lib/python3.12/site-packages/airflow/example_dags/example_datasets.py
[2025-07-15T15:43:28.069+0000] {processor.py:925} INFO - DAG(s) 'dataset_consumes_1_and_2', 'dataset_consumes_1_never_scheduled', 'consume_1_and_2_with_dataset_expressions', 'dataset_consumes_1', 'conditional_dataset_and_time_based_timetable', 'consume_1_or_2_with_dataset_expressions', 'consume_1_or_both_2_and_3_with_dataset_expressions', 'dataset_consumes_unknown_never_scheduled', 'dataset_produces_1', 'dataset_produces_2' retrieved from /home/airflow/.local/lib/python3.12/site-packages/airflow/example_dags/example_datasets.py
[2025-07-15T15:43:28.096+0000] {logging_mixin.py:190} INFO - [2025-07-15T15:43:28.096+0000] {dag.py:3239} INFO - Sync 10 DAGs
[2025-07-15T15:43:28.111+0000] {logging_mixin.py:190} INFO - [2025-07-15T15:43:28.111+0000] {dag.py:4180} INFO - Setting next_dagrun for conditional_dataset_and_time_based_timetable to 2025-07-09 01:00:00+00:00, run_after=2025-07-09 01:00:00+00:00
[2025-07-15T15:43:28.116+0000] {logging_mixin.py:190} INFO - [2025-07-15T15:43:28.116+0000] {dag.py:4180} INFO - Setting next_dagrun for consume_1_and_2_with_dataset_expressions to None, run_after=None
[2025-07-15T15:43:28.117+0000] {logging_mixin.py:190} INFO - [2025-07-15T15:43:28.117+0000] {dag.py:4180} INFO - Setting next_dagrun for consume_1_or_2_with_dataset_expressions to None, run_after=None
[2025-07-15T15:43:28.120+0000] {logging_mixin.py:190} INFO - [2025-07-15T15:43:28.120+0000] {dag.py:4180} INFO - Setting next_dagrun for consume_1_or_both_2_and_3_with_dataset_expressions to None, run_after=None
[2025-07-15T15:43:28.121+0000] {logging_mixin.py:190} INFO - [2025-07-15T15:43:28.121+0000] {dag.py:4180} INFO - Setting next_dagrun for dataset_consumes_1 to None, run_after=None
[2025-07-15T15:43:28.123+0000] {logging_mixin.py:190} INFO - [2025-07-15T15:43:28.123+0000] {dag.py:4180} INFO - Setting next_dagrun for dataset_consumes_1_and_2 to None, run_after=None
[2025-07-15T15:43:28.123+0000] {logging_mixin.py:190} INFO - [2025-07-15T15:43:28.123+0000] {dag.py:4180} INFO - Setting next_dagrun for dataset_consumes_1_never_scheduled to None, run_after=None
[2025-07-15T15:43:28.125+0000] {logging_mixin.py:190} INFO - [2025-07-15T15:43:28.125+0000] {dag.py:4180} INFO - Setting next_dagrun for dataset_consumes_unknown_never_scheduled to None, run_after=None
[2025-07-15T15:43:28.126+0000] {logging_mixin.py:190} INFO - [2025-07-15T15:43:28.126+0000] {dag.py:4180} INFO - Setting next_dagrun for dataset_produces_1 to 2025-07-14 00:00:00+00:00, run_after=2025-07-15 00:00:00+00:00
[2025-07-15T15:43:28.127+0000] {logging_mixin.py:190} INFO - [2025-07-15T15:43:28.126+0000] {dag.py:4180} INFO - Setting next_dagrun for dataset_produces_2 to None, run_after=None
[2025-07-15T15:43:28.148+0000] {processor.py:208} INFO - Processing /home/airflow/.local/lib/python3.12/site-packages/airflow/example_dags/example_datasets.py took 0.164 seconds
[2025-07-15T15:43:58.519+0000] {processor.py:186} INFO - Started process (PID=944) to work on /home/airflow/.local/lib/python3.12/site-packages/airflow/example_dags/example_datasets.py
[2025-07-15T15:43:58.520+0000] {processor.py:914} INFO - Processing file /home/airflow/.local/lib/python3.12/site-packages/airflow/example_dags/example_datasets.py for tasks to queue
[2025-07-15T15:43:58.521+0000] {logging_mixin.py:190} INFO - [2025-07-15T15:43:58.521+0000] {dagbag.py:588} INFO - Filling up the DagBag from /home/airflow/.local/lib/python3.12/site-packages/airflow/example_dags/example_datasets.py
[2025-07-15T15:43:58.598+0000] {processor.py:925} INFO - DAG(s) 'dataset_produces_2', 'dataset_consumes_1_and_2', 'consume_1_or_both_2_and_3_with_dataset_expressions', 'consume_1_and_2_with_dataset_expressions', 'consume_1_or_2_with_dataset_expressions', 'dataset_produces_1', 'dataset_consumes_1_never_scheduled', 'conditional_dataset_and_time_based_timetable', 'dataset_consumes_1', 'dataset_consumes_unknown_never_scheduled' retrieved from /home/airflow/.local/lib/python3.12/site-packages/airflow/example_dags/example_datasets.py
[2025-07-15T15:43:58.625+0000] {logging_mixin.py:190} INFO - [2025-07-15T15:43:58.625+0000] {dag.py:3239} INFO - Sync 10 DAGs
[2025-07-15T15:43:58.640+0000] {logging_mixin.py:190} INFO - [2025-07-15T15:43:58.640+0000] {dag.py:4180} INFO - Setting next_dagrun for conditional_dataset_and_time_based_timetable to 2025-07-09 01:00:00+00:00, run_after=2025-07-09 01:00:00+00:00
[2025-07-15T15:43:58.643+0000] {logging_mixin.py:190} INFO - [2025-07-15T15:43:58.643+0000] {dag.py:4180} INFO - Setting next_dagrun for consume_1_and_2_with_dataset_expressions to None, run_after=None
[2025-07-15T15:43:58.644+0000] {logging_mixin.py:190} INFO - [2025-07-15T15:43:58.644+0000] {dag.py:4180} INFO - Setting next_dagrun for consume_1_or_2_with_dataset_expressions to None, run_after=None
[2025-07-15T15:43:58.644+0000] {logging_mixin.py:190} INFO - [2025-07-15T15:43:58.644+0000] {dag.py:4180} INFO - Setting next_dagrun for consume_1_or_both_2_and_3_with_dataset_expressions to None, run_after=None
[2025-07-15T15:43:58.645+0000] {logging_mixin.py:190} INFO - [2025-07-15T15:43:58.645+0000] {dag.py:4180} INFO - Setting next_dagrun for dataset_consumes_1 to None, run_after=None
[2025-07-15T15:43:58.645+0000] {logging_mixin.py:190} INFO - [2025-07-15T15:43:58.645+0000] {dag.py:4180} INFO - Setting next_dagrun for dataset_consumes_1_and_2 to None, run_after=None
[2025-07-15T15:43:58.646+0000] {logging_mixin.py:190} INFO - [2025-07-15T15:43:58.646+0000] {dag.py:4180} INFO - Setting next_dagrun for dataset_consumes_1_never_scheduled to None, run_after=None
[2025-07-15T15:43:58.646+0000] {logging_mixin.py:190} INFO - [2025-07-15T15:43:58.646+0000] {dag.py:4180} INFO - Setting next_dagrun for dataset_consumes_unknown_never_scheduled to None, run_after=None
[2025-07-15T15:43:58.647+0000] {logging_mixin.py:190} INFO - [2025-07-15T15:43:58.647+0000] {dag.py:4180} INFO - Setting next_dagrun for dataset_produces_1 to 2025-07-14 00:00:00+00:00, run_after=2025-07-15 00:00:00+00:00
[2025-07-15T15:43:58.648+0000] {logging_mixin.py:190} INFO - [2025-07-15T15:43:58.648+0000] {dag.py:4180} INFO - Setting next_dagrun for dataset_produces_2 to None, run_after=None
[2025-07-15T15:43:58.674+0000] {processor.py:208} INFO - Processing /home/airflow/.local/lib/python3.12/site-packages/airflow/example_dags/example_datasets.py took 0.158 seconds
[2025-07-15T15:44:29.259+0000] {processor.py:186} INFO - Started process (PID=1009) to work on /home/airflow/.local/lib/python3.12/site-packages/airflow/example_dags/example_datasets.py
[2025-07-15T15:44:29.260+0000] {processor.py:914} INFO - Processing file /home/airflow/.local/lib/python3.12/site-packages/airflow/example_dags/example_datasets.py for tasks to queue
[2025-07-15T15:44:29.262+0000] {logging_mixin.py:190} INFO - [2025-07-15T15:44:29.262+0000] {dagbag.py:588} INFO - Filling up the DagBag from /home/airflow/.local/lib/python3.12/site-packages/airflow/example_dags/example_datasets.py
[2025-07-15T15:44:29.362+0000] {processor.py:925} INFO - DAG(s) 'consume_1_and_2_with_dataset_expressions', 'dataset_produces_1', 'conditional_dataset_and_time_based_timetable', 'dataset_consumes_unknown_never_scheduled', 'consume_1_or_both_2_and_3_with_dataset_expressions', 'consume_1_or_2_with_dataset_expressions', 'dataset_consumes_1_never_scheduled', 'dataset_consumes_1', 'dataset_produces_2', 'dataset_consumes_1_and_2' retrieved from /home/airflow/.local/lib/python3.12/site-packages/airflow/example_dags/example_datasets.py
[2025-07-15T15:44:29.393+0000] {logging_mixin.py:190} INFO - [2025-07-15T15:44:29.393+0000] {dag.py:3239} INFO - Sync 10 DAGs
[2025-07-15T15:44:29.408+0000] {logging_mixin.py:190} INFO - [2025-07-15T15:44:29.408+0000] {dag.py:4180} INFO - Setting next_dagrun for conditional_dataset_and_time_based_timetable to 2025-07-09 01:00:00+00:00, run_after=2025-07-09 01:00:00+00:00
[2025-07-15T15:44:29.409+0000] {logging_mixin.py:190} INFO - [2025-07-15T15:44:29.409+0000] {dag.py:4180} INFO - Setting next_dagrun for consume_1_and_2_with_dataset_expressions to None, run_after=None
[2025-07-15T15:44:29.410+0000] {logging_mixin.py:190} INFO - [2025-07-15T15:44:29.410+0000] {dag.py:4180} INFO - Setting next_dagrun for consume_1_or_2_with_dataset_expressions to None, run_after=None
[2025-07-15T15:44:29.411+0000] {logging_mixin.py:190} INFO - [2025-07-15T15:44:29.411+0000] {dag.py:4180} INFO - Setting next_dagrun for consume_1_or_both_2_and_3_with_dataset_expressions to None, run_after=None
[2025-07-15T15:44:29.411+0000] {logging_mixin.py:190} INFO - [2025-07-15T15:44:29.411+0000] {dag.py:4180} INFO - Setting next_dagrun for dataset_consumes_1 to None, run_after=None
[2025-07-15T15:44:29.412+0000] {logging_mixin.py:190} INFO - [2025-07-15T15:44:29.412+0000] {dag.py:4180} INFO - Setting next_dagrun for dataset_consumes_1_and_2 to None, run_after=None
[2025-07-15T15:44:29.413+0000] {logging_mixin.py:190} INFO - [2025-07-15T15:44:29.413+0000] {dag.py:4180} INFO - Setting next_dagrun for dataset_consumes_1_never_scheduled to None, run_after=None
[2025-07-15T15:44:29.413+0000] {logging_mixin.py:190} INFO - [2025-07-15T15:44:29.413+0000] {dag.py:4180} INFO - Setting next_dagrun for dataset_consumes_unknown_never_scheduled to None, run_after=None
[2025-07-15T15:44:29.414+0000] {logging_mixin.py:190} INFO - [2025-07-15T15:44:29.414+0000] {dag.py:4180} INFO - Setting next_dagrun for dataset_produces_1 to 2025-07-14 00:00:00+00:00, run_after=2025-07-15 00:00:00+00:00
[2025-07-15T15:44:29.415+0000] {logging_mixin.py:190} INFO - [2025-07-15T15:44:29.415+0000] {dag.py:4180} INFO - Setting next_dagrun for dataset_produces_2 to None, run_after=None
[2025-07-15T15:44:29.434+0000] {processor.py:208} INFO - Processing /home/airflow/.local/lib/python3.12/site-packages/airflow/example_dags/example_datasets.py took 0.179 seconds
[2025-07-15T15:44:59.851+0000] {processor.py:186} INFO - Started process (PID=1070) to work on /home/airflow/.local/lib/python3.12/site-packages/airflow/example_dags/example_datasets.py
[2025-07-15T15:44:59.852+0000] {processor.py:914} INFO - Processing file /home/airflow/.local/lib/python3.12/site-packages/airflow/example_dags/example_datasets.py for tasks to queue
[2025-07-15T15:44:59.853+0000] {logging_mixin.py:190} INFO - [2025-07-15T15:44:59.853+0000] {dagbag.py:588} INFO - Filling up the DagBag from /home/airflow/.local/lib/python3.12/site-packages/airflow/example_dags/example_datasets.py
[2025-07-15T15:44:59.921+0000] {processor.py:925} INFO - DAG(s) 'dataset_consumes_1', 'consume_1_or_2_with_dataset_expressions', 'dataset_produces_1', 'conditional_dataset_and_time_based_timetable', 'consume_1_or_both_2_and_3_with_dataset_expressions', 'dataset_consumes_1_never_scheduled', 'consume_1_and_2_with_dataset_expressions', 'dataset_produces_2', 'dataset_consumes_unknown_never_scheduled', 'dataset_consumes_1_and_2' retrieved from /home/airflow/.local/lib/python3.12/site-packages/airflow/example_dags/example_datasets.py
[2025-07-15T15:44:59.939+0000] {logging_mixin.py:190} INFO - [2025-07-15T15:44:59.939+0000] {dag.py:3239} INFO - Sync 10 DAGs
[2025-07-15T15:44:59.950+0000] {logging_mixin.py:190} INFO - [2025-07-15T15:44:59.950+0000] {dag.py:4180} INFO - Setting next_dagrun for conditional_dataset_and_time_based_timetable to 2025-07-09 01:00:00+00:00, run_after=2025-07-09 01:00:00+00:00
[2025-07-15T15:44:59.952+0000] {logging_mixin.py:190} INFO - [2025-07-15T15:44:59.952+0000] {dag.py:4180} INFO - Setting next_dagrun for consume_1_and_2_with_dataset_expressions to None, run_after=None
[2025-07-15T15:44:59.952+0000] {logging_mixin.py:190} INFO - [2025-07-15T15:44:59.952+0000] {dag.py:4180} INFO - Setting next_dagrun for consume_1_or_2_with_dataset_expressions to None, run_after=None
[2025-07-15T15:44:59.953+0000] {logging_mixin.py:190} INFO - [2025-07-15T15:44:59.953+0000] {dag.py:4180} INFO - Setting next_dagrun for consume_1_or_both_2_and_3_with_dataset_expressions to None, run_after=None
[2025-07-15T15:44:59.953+0000] {logging_mixin.py:190} INFO - [2025-07-15T15:44:59.953+0000] {dag.py:4180} INFO - Setting next_dagrun for dataset_consumes_1 to None, run_after=None
[2025-07-15T15:44:59.954+0000] {logging_mixin.py:190} INFO - [2025-07-15T15:44:59.954+0000] {dag.py:4180} INFO - Setting next_dagrun for dataset_consumes_1_and_2 to None, run_after=None
[2025-07-15T15:44:59.955+0000] {logging_mixin.py:190} INFO - [2025-07-15T15:44:59.955+0000] {dag.py:4180} INFO - Setting next_dagrun for dataset_consumes_1_never_scheduled to None, run_after=None
[2025-07-15T15:44:59.955+0000] {logging_mixin.py:190} INFO - [2025-07-15T15:44:59.955+0000] {dag.py:4180} INFO - Setting next_dagrun for dataset_consumes_unknown_never_scheduled to None, run_after=None
[2025-07-15T15:44:59.956+0000] {logging_mixin.py:190} INFO - [2025-07-15T15:44:59.956+0000] {dag.py:4180} INFO - Setting next_dagrun for dataset_produces_1 to 2025-07-14 00:00:00+00:00, run_after=2025-07-15 00:00:00+00:00
[2025-07-15T15:44:59.957+0000] {logging_mixin.py:190} INFO - [2025-07-15T15:44:59.957+0000] {dag.py:4180} INFO - Setting next_dagrun for dataset_produces_2 to None, run_after=None
[2025-07-15T15:44:59.970+0000] {processor.py:208} INFO - Processing /home/airflow/.local/lib/python3.12/site-packages/airflow/example_dags/example_datasets.py took 0.121 seconds
[2025-07-15T15:45:30.464+0000] {processor.py:186} INFO - Started process (PID=1131) to work on /home/airflow/.local/lib/python3.12/site-packages/airflow/example_dags/example_datasets.py
[2025-07-15T15:45:30.465+0000] {processor.py:914} INFO - Processing file /home/airflow/.local/lib/python3.12/site-packages/airflow/example_dags/example_datasets.py for tasks to queue
[2025-07-15T15:45:30.466+0000] {logging_mixin.py:190} INFO - [2025-07-15T15:45:30.466+0000] {dagbag.py:588} INFO - Filling up the DagBag from /home/airflow/.local/lib/python3.12/site-packages/airflow/example_dags/example_datasets.py
[2025-07-15T15:45:30.547+0000] {processor.py:925} INFO - DAG(s) 'conditional_dataset_and_time_based_timetable', 'dataset_consumes_1_never_scheduled', 'dataset_produces_1', 'consume_1_and_2_with_dataset_expressions', 'consume_1_or_both_2_and_3_with_dataset_expressions', 'dataset_consumes_1_and_2', 'dataset_consumes_unknown_never_scheduled', 'consume_1_or_2_with_dataset_expressions', 'dataset_produces_2', 'dataset_consumes_1' retrieved from /home/airflow/.local/lib/python3.12/site-packages/airflow/example_dags/example_datasets.py
[2025-07-15T15:45:30.570+0000] {logging_mixin.py:190} INFO - [2025-07-15T15:45:30.569+0000] {dag.py:3239} INFO - Sync 10 DAGs
[2025-07-15T15:45:30.588+0000] {logging_mixin.py:190} INFO - [2025-07-15T15:45:30.588+0000] {dag.py:4180} INFO - Setting next_dagrun for conditional_dataset_and_time_based_timetable to 2025-07-09 01:00:00+00:00, run_after=2025-07-09 01:00:00+00:00
[2025-07-15T15:45:30.591+0000] {logging_mixin.py:190} INFO - [2025-07-15T15:45:30.591+0000] {dag.py:4180} INFO - Setting next_dagrun for consume_1_and_2_with_dataset_expressions to None, run_after=None
[2025-07-15T15:45:30.592+0000] {logging_mixin.py:190} INFO - [2025-07-15T15:45:30.592+0000] {dag.py:4180} INFO - Setting next_dagrun for consume_1_or_2_with_dataset_expressions to None, run_after=None
[2025-07-15T15:45:30.593+0000] {logging_mixin.py:190} INFO - [2025-07-15T15:45:30.593+0000] {dag.py:4180} INFO - Setting next_dagrun for consume_1_or_both_2_and_3_with_dataset_expressions to None, run_after=None
[2025-07-15T15:45:30.594+0000] {logging_mixin.py:190} INFO - [2025-07-15T15:45:30.594+0000] {dag.py:4180} INFO - Setting next_dagrun for dataset_consumes_1 to None, run_after=None
[2025-07-15T15:45:30.594+0000] {logging_mixin.py:190} INFO - [2025-07-15T15:45:30.594+0000] {dag.py:4180} INFO - Setting next_dagrun for dataset_consumes_1_and_2 to None, run_after=None
[2025-07-15T15:45:30.595+0000] {logging_mixin.py:190} INFO - [2025-07-15T15:45:30.595+0000] {dag.py:4180} INFO - Setting next_dagrun for dataset_consumes_1_never_scheduled to None, run_after=None
[2025-07-15T15:45:30.595+0000] {logging_mixin.py:190} INFO - [2025-07-15T15:45:30.595+0000] {dag.py:4180} INFO - Setting next_dagrun for dataset_consumes_unknown_never_scheduled to None, run_after=None
[2025-07-15T15:45:30.596+0000] {logging_mixin.py:190} INFO - [2025-07-15T15:45:30.596+0000] {dag.py:4180} INFO - Setting next_dagrun for dataset_produces_1 to 2025-07-14 00:00:00+00:00, run_after=2025-07-15 00:00:00+00:00
[2025-07-15T15:45:30.598+0000] {logging_mixin.py:190} INFO - [2025-07-15T15:45:30.598+0000] {dag.py:4180} INFO - Setting next_dagrun for dataset_produces_2 to None, run_after=None
[2025-07-15T15:45:30.619+0000] {processor.py:208} INFO - Processing /home/airflow/.local/lib/python3.12/site-packages/airflow/example_dags/example_datasets.py took 0.158 seconds
[2025-07-15T15:46:01.366+0000] {processor.py:186} INFO - Started process (PID=1193) to work on /home/airflow/.local/lib/python3.12/site-packages/airflow/example_dags/example_datasets.py
[2025-07-15T15:46:01.367+0000] {processor.py:914} INFO - Processing file /home/airflow/.local/lib/python3.12/site-packages/airflow/example_dags/example_datasets.py for tasks to queue
[2025-07-15T15:46:01.370+0000] {logging_mixin.py:190} INFO - [2025-07-15T15:46:01.370+0000] {dagbag.py:588} INFO - Filling up the DagBag from /home/airflow/.local/lib/python3.12/site-packages/airflow/example_dags/example_datasets.py
[2025-07-15T15:46:01.471+0000] {processor.py:925} INFO - DAG(s) 'dataset_consumes_unknown_never_scheduled', 'consume_1_and_2_with_dataset_expressions', 'dataset_consumes_1_and_2', 'consume_1_or_2_with_dataset_expressions', 'dataset_produces_1', 'consume_1_or_both_2_and_3_with_dataset_expressions', 'dataset_produces_2', 'dataset_consumes_1_never_scheduled', 'dataset_consumes_1', 'conditional_dataset_and_time_based_timetable' retrieved from /home/airflow/.local/lib/python3.12/site-packages/airflow/example_dags/example_datasets.py
[2025-07-15T15:46:01.496+0000] {logging_mixin.py:190} INFO - [2025-07-15T15:46:01.496+0000] {dag.py:3239} INFO - Sync 10 DAGs
[2025-07-15T15:46:01.512+0000] {logging_mixin.py:190} INFO - [2025-07-15T15:46:01.512+0000] {dag.py:4180} INFO - Setting next_dagrun for conditional_dataset_and_time_based_timetable to 2025-07-09 01:00:00+00:00, run_after=2025-07-09 01:00:00+00:00
[2025-07-15T15:46:01.514+0000] {logging_mixin.py:190} INFO - [2025-07-15T15:46:01.514+0000] {dag.py:4180} INFO - Setting next_dagrun for consume_1_and_2_with_dataset_expressions to None, run_after=None
[2025-07-15T15:46:01.515+0000] {logging_mixin.py:190} INFO - [2025-07-15T15:46:01.515+0000] {dag.py:4180} INFO - Setting next_dagrun for consume_1_or_2_with_dataset_expressions to None, run_after=None
[2025-07-15T15:46:01.516+0000] {logging_mixin.py:190} INFO - [2025-07-15T15:46:01.516+0000] {dag.py:4180} INFO - Setting next_dagrun for consume_1_or_both_2_and_3_with_dataset_expressions to None, run_after=None
[2025-07-15T15:46:01.517+0000] {logging_mixin.py:190} INFO - [2025-07-15T15:46:01.517+0000] {dag.py:4180} INFO - Setting next_dagrun for dataset_consumes_1 to None, run_after=None
[2025-07-15T15:46:01.518+0000] {logging_mixin.py:190} INFO - [2025-07-15T15:46:01.518+0000] {dag.py:4180} INFO - Setting next_dagrun for dataset_consumes_1_and_2 to None, run_after=None
[2025-07-15T15:46:01.521+0000] {logging_mixin.py:190} INFO - [2025-07-15T15:46:01.520+0000] {dag.py:4180} INFO - Setting next_dagrun for dataset_consumes_1_never_scheduled to None, run_after=None
[2025-07-15T15:46:01.522+0000] {logging_mixin.py:190} INFO - [2025-07-15T15:46:01.522+0000] {dag.py:4180} INFO - Setting next_dagrun for dataset_consumes_unknown_never_scheduled to None, run_after=None
[2025-07-15T15:46:01.523+0000] {logging_mixin.py:190} INFO - [2025-07-15T15:46:01.523+0000] {dag.py:4180} INFO - Setting next_dagrun for dataset_produces_1 to 2025-07-14 00:00:00+00:00, run_after=2025-07-15 00:00:00+00:00
[2025-07-15T15:46:01.524+0000] {logging_mixin.py:190} INFO - [2025-07-15T15:46:01.524+0000] {dag.py:4180} INFO - Setting next_dagrun for dataset_produces_2 to None, run_after=None
[2025-07-15T15:46:01.548+0000] {processor.py:208} INFO - Processing /home/airflow/.local/lib/python3.12/site-packages/airflow/example_dags/example_datasets.py took 0.188 seconds
[2025-07-15T15:46:31.652+0000] {processor.py:186} INFO - Started process (PID=1255) to work on /home/airflow/.local/lib/python3.12/site-packages/airflow/example_dags/example_datasets.py
[2025-07-15T15:46:31.653+0000] {processor.py:914} INFO - Processing file /home/airflow/.local/lib/python3.12/site-packages/airflow/example_dags/example_datasets.py for tasks to queue
[2025-07-15T15:46:31.654+0000] {logging_mixin.py:190} INFO - [2025-07-15T15:46:31.654+0000] {dagbag.py:588} INFO - Filling up the DagBag from /home/airflow/.local/lib/python3.12/site-packages/airflow/example_dags/example_datasets.py
[2025-07-15T15:46:31.737+0000] {processor.py:925} INFO - DAG(s) 'dataset_produces_2', 'consume_1_and_2_with_dataset_expressions', 'consume_1_or_2_with_dataset_expressions', 'dataset_consumes_1', 'conditional_dataset_and_time_based_timetable', 'dataset_consumes_unknown_never_scheduled', 'dataset_consumes_1_never_scheduled', 'consume_1_or_both_2_and_3_with_dataset_expressions', 'dataset_produces_1', 'dataset_consumes_1_and_2' retrieved from /home/airflow/.local/lib/python3.12/site-packages/airflow/example_dags/example_datasets.py
[2025-07-15T15:46:31.793+0000] {logging_mixin.py:190} INFO - [2025-07-15T15:46:31.792+0000] {dag.py:3239} INFO - Sync 10 DAGs
[2025-07-15T15:46:31.818+0000] {logging_mixin.py:190} INFO - [2025-07-15T15:46:31.818+0000] {dag.py:4180} INFO - Setting next_dagrun for conditional_dataset_and_time_based_timetable to 2025-07-09 01:00:00+00:00, run_after=2025-07-09 01:00:00+00:00
[2025-07-15T15:46:31.825+0000] {logging_mixin.py:190} INFO - [2025-07-15T15:46:31.825+0000] {dag.py:4180} INFO - Setting next_dagrun for consume_1_and_2_with_dataset_expressions to None, run_after=None
[2025-07-15T15:46:31.827+0000] {logging_mixin.py:190} INFO - [2025-07-15T15:46:31.827+0000] {dag.py:4180} INFO - Setting next_dagrun for consume_1_or_2_with_dataset_expressions to None, run_after=None
[2025-07-15T15:46:31.829+0000] {logging_mixin.py:190} INFO - [2025-07-15T15:46:31.829+0000] {dag.py:4180} INFO - Setting next_dagrun for consume_1_or_both_2_and_3_with_dataset_expressions to None, run_after=None
[2025-07-15T15:46:31.832+0000] {logging_mixin.py:190} INFO - [2025-07-15T15:46:31.832+0000] {dag.py:4180} INFO - Setting next_dagrun for dataset_consumes_1 to None, run_after=None
[2025-07-15T15:46:31.833+0000] {logging_mixin.py:190} INFO - [2025-07-15T15:46:31.833+0000] {dag.py:4180} INFO - Setting next_dagrun for dataset_consumes_1_and_2 to None, run_after=None
[2025-07-15T15:46:31.833+0000] {logging_mixin.py:190} INFO - [2025-07-15T15:46:31.833+0000] {dag.py:4180} INFO - Setting next_dagrun for dataset_consumes_1_never_scheduled to None, run_after=None
[2025-07-15T15:46:31.835+0000] {logging_mixin.py:190} INFO - [2025-07-15T15:46:31.835+0000] {dag.py:4180} INFO - Setting next_dagrun for dataset_consumes_unknown_never_scheduled to None, run_after=None
[2025-07-15T15:46:31.837+0000] {logging_mixin.py:190} INFO - [2025-07-15T15:46:31.837+0000] {dag.py:4180} INFO - Setting next_dagrun for dataset_produces_1 to 2025-07-14 00:00:00+00:00, run_after=2025-07-15 00:00:00+00:00
[2025-07-15T15:46:31.838+0000] {logging_mixin.py:190} INFO - [2025-07-15T15:46:31.838+0000] {dag.py:4180} INFO - Setting next_dagrun for dataset_produces_2 to None, run_after=None
[2025-07-15T15:46:31.869+0000] {processor.py:208} INFO - Processing /home/airflow/.local/lib/python3.12/site-packages/airflow/example_dags/example_datasets.py took 0.222 seconds
[2025-07-15T15:47:02.571+0000] {processor.py:186} INFO - Started process (PID=1317) to work on /home/airflow/.local/lib/python3.12/site-packages/airflow/example_dags/example_datasets.py
[2025-07-15T15:47:02.572+0000] {processor.py:914} INFO - Processing file /home/airflow/.local/lib/python3.12/site-packages/airflow/example_dags/example_datasets.py for tasks to queue
[2025-07-15T15:47:02.573+0000] {logging_mixin.py:190} INFO - [2025-07-15T15:47:02.573+0000] {dagbag.py:588} INFO - Filling up the DagBag from /home/airflow/.local/lib/python3.12/site-packages/airflow/example_dags/example_datasets.py
[2025-07-15T15:47:02.685+0000] {processor.py:925} INFO - DAG(s) 'consume_1_or_2_with_dataset_expressions', 'consume_1_or_both_2_and_3_with_dataset_expressions', 'dataset_produces_1', 'conditional_dataset_and_time_based_timetable', 'consume_1_and_2_with_dataset_expressions', 'dataset_consumes_1_and_2', 'dataset_produces_2', 'dataset_consumes_1_never_scheduled', 'dataset_consumes_unknown_never_scheduled', 'dataset_consumes_1' retrieved from /home/airflow/.local/lib/python3.12/site-packages/airflow/example_dags/example_datasets.py
[2025-07-15T15:47:02.719+0000] {logging_mixin.py:190} INFO - [2025-07-15T15:47:02.719+0000] {dag.py:3239} INFO - Sync 10 DAGs
[2025-07-15T15:47:02.737+0000] {logging_mixin.py:190} INFO - [2025-07-15T15:47:02.737+0000] {dag.py:4180} INFO - Setting next_dagrun for conditional_dataset_and_time_based_timetable to 2025-07-09 01:00:00+00:00, run_after=2025-07-09 01:00:00+00:00
[2025-07-15T15:47:02.739+0000] {logging_mixin.py:190} INFO - [2025-07-15T15:47:02.739+0000] {dag.py:4180} INFO - Setting next_dagrun for consume_1_and_2_with_dataset_expressions to None, run_after=None
[2025-07-15T15:47:02.740+0000] {logging_mixin.py:190} INFO - [2025-07-15T15:47:02.740+0000] {dag.py:4180} INFO - Setting next_dagrun for consume_1_or_2_with_dataset_expressions to None, run_after=None
[2025-07-15T15:47:02.740+0000] {logging_mixin.py:190} INFO - [2025-07-15T15:47:02.740+0000] {dag.py:4180} INFO - Setting next_dagrun for consume_1_or_both_2_and_3_with_dataset_expressions to None, run_after=None
[2025-07-15T15:47:02.741+0000] {logging_mixin.py:190} INFO - [2025-07-15T15:47:02.741+0000] {dag.py:4180} INFO - Setting next_dagrun for dataset_consumes_1 to None, run_after=None
[2025-07-15T15:47:02.742+0000] {logging_mixin.py:190} INFO - [2025-07-15T15:47:02.742+0000] {dag.py:4180} INFO - Setting next_dagrun for dataset_consumes_1_and_2 to None, run_after=None
[2025-07-15T15:47:02.744+0000] {logging_mixin.py:190} INFO - [2025-07-15T15:47:02.744+0000] {dag.py:4180} INFO - Setting next_dagrun for dataset_consumes_1_never_scheduled to None, run_after=None
[2025-07-15T15:47:02.745+0000] {logging_mixin.py:190} INFO - [2025-07-15T15:47:02.745+0000] {dag.py:4180} INFO - Setting next_dagrun for dataset_consumes_unknown_never_scheduled to None, run_after=None
[2025-07-15T15:47:02.746+0000] {logging_mixin.py:190} INFO - [2025-07-15T15:47:02.746+0000] {dag.py:4180} INFO - Setting next_dagrun for dataset_produces_1 to 2025-07-14 00:00:00+00:00, run_after=2025-07-15 00:00:00+00:00
[2025-07-15T15:47:02.747+0000] {logging_mixin.py:190} INFO - [2025-07-15T15:47:02.747+0000] {dag.py:4180} INFO - Setting next_dagrun for dataset_produces_2 to None, run_after=None
[2025-07-15T15:47:02.770+0000] {processor.py:208} INFO - Processing /home/airflow/.local/lib/python3.12/site-packages/airflow/example_dags/example_datasets.py took 0.203 seconds
[2025-07-15T15:47:33.322+0000] {processor.py:186} INFO - Started process (PID=1380) to work on /home/airflow/.local/lib/python3.12/site-packages/airflow/example_dags/example_datasets.py
[2025-07-15T15:47:33.323+0000] {processor.py:914} INFO - Processing file /home/airflow/.local/lib/python3.12/site-packages/airflow/example_dags/example_datasets.py for tasks to queue
[2025-07-15T15:47:33.324+0000] {logging_mixin.py:190} INFO - [2025-07-15T15:47:33.324+0000] {dagbag.py:588} INFO - Filling up the DagBag from /home/airflow/.local/lib/python3.12/site-packages/airflow/example_dags/example_datasets.py
[2025-07-15T15:47:33.409+0000] {processor.py:925} INFO - DAG(s) 'consume_1_or_2_with_dataset_expressions', 'consume_1_and_2_with_dataset_expressions', 'consume_1_or_both_2_and_3_with_dataset_expressions', 'dataset_consumes_unknown_never_scheduled', 'dataset_consumes_1', 'dataset_produces_2', 'dataset_produces_1', 'dataset_consumes_1_never_scheduled', 'conditional_dataset_and_time_based_timetable', 'dataset_consumes_1_and_2' retrieved from /home/airflow/.local/lib/python3.12/site-packages/airflow/example_dags/example_datasets.py
[2025-07-15T15:47:33.443+0000] {logging_mixin.py:190} INFO - [2025-07-15T15:47:33.443+0000] {dag.py:3239} INFO - Sync 10 DAGs
[2025-07-15T15:47:33.456+0000] {logging_mixin.py:190} INFO - [2025-07-15T15:47:33.456+0000] {dag.py:4180} INFO - Setting next_dagrun for conditional_dataset_and_time_based_timetable to 2025-07-09 01:00:00+00:00, run_after=2025-07-09 01:00:00+00:00
[2025-07-15T15:47:33.458+0000] {logging_mixin.py:190} INFO - [2025-07-15T15:47:33.458+0000] {dag.py:4180} INFO - Setting next_dagrun for consume_1_and_2_with_dataset_expressions to None, run_after=None
[2025-07-15T15:47:33.460+0000] {logging_mixin.py:190} INFO - [2025-07-15T15:47:33.460+0000] {dag.py:4180} INFO - Setting next_dagrun for consume_1_or_2_with_dataset_expressions to None, run_after=None
[2025-07-15T15:47:33.462+0000] {logging_mixin.py:190} INFO - [2025-07-15T15:47:33.462+0000] {dag.py:4180} INFO - Setting next_dagrun for consume_1_or_both_2_and_3_with_dataset_expressions to None, run_after=None
[2025-07-15T15:47:33.463+0000] {logging_mixin.py:190} INFO - [2025-07-15T15:47:33.463+0000] {dag.py:4180} INFO - Setting next_dagrun for dataset_consumes_1 to None, run_after=None
[2025-07-15T15:47:33.463+0000] {logging_mixin.py:190} INFO - [2025-07-15T15:47:33.463+0000] {dag.py:4180} INFO - Setting next_dagrun for dataset_consumes_1_and_2 to None, run_after=None
[2025-07-15T15:47:33.464+0000] {logging_mixin.py:190} INFO - [2025-07-15T15:47:33.464+0000] {dag.py:4180} INFO - Setting next_dagrun for dataset_consumes_1_never_scheduled to None, run_after=None
[2025-07-15T15:47:33.464+0000] {logging_mixin.py:190} INFO - [2025-07-15T15:47:33.464+0000] {dag.py:4180} INFO - Setting next_dagrun for dataset_consumes_unknown_never_scheduled to None, run_after=None
[2025-07-15T15:47:33.465+0000] {logging_mixin.py:190} INFO - [2025-07-15T15:47:33.465+0000] {dag.py:4180} INFO - Setting next_dagrun for dataset_produces_1 to 2025-07-14 00:00:00+00:00, run_after=2025-07-15 00:00:00+00:00
[2025-07-15T15:47:33.466+0000] {logging_mixin.py:190} INFO - [2025-07-15T15:47:33.466+0000] {dag.py:4180} INFO - Setting next_dagrun for dataset_produces_2 to None, run_after=None
[2025-07-15T15:47:33.486+0000] {processor.py:208} INFO - Processing /home/airflow/.local/lib/python3.12/site-packages/airflow/example_dags/example_datasets.py took 0.167 seconds
[2025-07-15T15:48:04.157+0000] {processor.py:186} INFO - Started process (PID=1441) to work on /home/airflow/.local/lib/python3.12/site-packages/airflow/example_dags/example_datasets.py
[2025-07-15T15:48:04.158+0000] {processor.py:914} INFO - Processing file /home/airflow/.local/lib/python3.12/site-packages/airflow/example_dags/example_datasets.py for tasks to queue
[2025-07-15T15:48:04.160+0000] {logging_mixin.py:190} INFO - [2025-07-15T15:48:04.159+0000] {dagbag.py:588} INFO - Filling up the DagBag from /home/airflow/.local/lib/python3.12/site-packages/airflow/example_dags/example_datasets.py
[2025-07-15T15:48:04.306+0000] {processor.py:925} INFO - DAG(s) 'consume_1_or_both_2_and_3_with_dataset_expressions', 'dataset_consumes_1', 'dataset_consumes_1_and_2', 'dataset_produces_2', 'dataset_consumes_unknown_never_scheduled', 'consume_1_and_2_with_dataset_expressions', 'dataset_consumes_1_never_scheduled', 'dataset_produces_1', 'consume_1_or_2_with_dataset_expressions', 'conditional_dataset_and_time_based_timetable' retrieved from /home/airflow/.local/lib/python3.12/site-packages/airflow/example_dags/example_datasets.py
[2025-07-15T15:48:04.334+0000] {logging_mixin.py:190} INFO - [2025-07-15T15:48:04.334+0000] {dag.py:3239} INFO - Sync 10 DAGs
[2025-07-15T15:48:04.350+0000] {logging_mixin.py:190} INFO - [2025-07-15T15:48:04.350+0000] {dag.py:4180} INFO - Setting next_dagrun for conditional_dataset_and_time_based_timetable to 2025-07-09 01:00:00+00:00, run_after=2025-07-09 01:00:00+00:00
[2025-07-15T15:48:04.354+0000] {logging_mixin.py:190} INFO - [2025-07-15T15:48:04.354+0000] {dag.py:4180} INFO - Setting next_dagrun for consume_1_and_2_with_dataset_expressions to None, run_after=None
[2025-07-15T15:48:04.355+0000] {logging_mixin.py:190} INFO - [2025-07-15T15:48:04.355+0000] {dag.py:4180} INFO - Setting next_dagrun for consume_1_or_2_with_dataset_expressions to None, run_after=None
[2025-07-15T15:48:04.356+0000] {logging_mixin.py:190} INFO - [2025-07-15T15:48:04.356+0000] {dag.py:4180} INFO - Setting next_dagrun for consume_1_or_both_2_and_3_with_dataset_expressions to None, run_after=None
[2025-07-15T15:48:04.357+0000] {logging_mixin.py:190} INFO - [2025-07-15T15:48:04.357+0000] {dag.py:4180} INFO - Setting next_dagrun for dataset_consumes_1 to None, run_after=None
[2025-07-15T15:48:04.362+0000] {logging_mixin.py:190} INFO - [2025-07-15T15:48:04.361+0000] {dag.py:4180} INFO - Setting next_dagrun for dataset_consumes_1_and_2 to None, run_after=None
[2025-07-15T15:48:04.362+0000] {logging_mixin.py:190} INFO - [2025-07-15T15:48:04.362+0000] {dag.py:4180} INFO - Setting next_dagrun for dataset_consumes_1_never_scheduled to None, run_after=None
[2025-07-15T15:48:04.363+0000] {logging_mixin.py:190} INFO - [2025-07-15T15:48:04.363+0000] {dag.py:4180} INFO - Setting next_dagrun for dataset_consumes_unknown_never_scheduled to None, run_after=None
[2025-07-15T15:48:04.365+0000] {logging_mixin.py:190} INFO - [2025-07-15T15:48:04.365+0000] {dag.py:4180} INFO - Setting next_dagrun for dataset_produces_1 to 2025-07-14 00:00:00+00:00, run_after=2025-07-15 00:00:00+00:00
[2025-07-15T15:48:04.366+0000] {logging_mixin.py:190} INFO - [2025-07-15T15:48:04.366+0000] {dag.py:4180} INFO - Setting next_dagrun for dataset_produces_2 to None, run_after=None
[2025-07-15T15:48:04.383+0000] {processor.py:208} INFO - Processing /home/airflow/.local/lib/python3.12/site-packages/airflow/example_dags/example_datasets.py took 0.230 seconds
[2025-07-15T15:48:34.785+0000] {processor.py:186} INFO - Started process (PID=1503) to work on /home/airflow/.local/lib/python3.12/site-packages/airflow/example_dags/example_datasets.py
[2025-07-15T15:48:34.785+0000] {processor.py:914} INFO - Processing file /home/airflow/.local/lib/python3.12/site-packages/airflow/example_dags/example_datasets.py for tasks to queue
[2025-07-15T15:48:34.787+0000] {logging_mixin.py:190} INFO - [2025-07-15T15:48:34.786+0000] {dagbag.py:588} INFO - Filling up the DagBag from /home/airflow/.local/lib/python3.12/site-packages/airflow/example_dags/example_datasets.py
[2025-07-15T15:48:34.869+0000] {processor.py:925} INFO - DAG(s) 'dataset_consumes_1_and_2', 'dataset_produces_2', 'dataset_consumes_unknown_never_scheduled', 'dataset_consumes_1_never_scheduled', 'consume_1_and_2_with_dataset_expressions', 'dataset_consumes_1', 'conditional_dataset_and_time_based_timetable', 'dataset_produces_1', 'consume_1_or_2_with_dataset_expressions', 'consume_1_or_both_2_and_3_with_dataset_expressions' retrieved from /home/airflow/.local/lib/python3.12/site-packages/airflow/example_dags/example_datasets.py
[2025-07-15T15:48:34.891+0000] {logging_mixin.py:190} INFO - [2025-07-15T15:48:34.891+0000] {dag.py:3239} INFO - Sync 10 DAGs
[2025-07-15T15:48:34.904+0000] {logging_mixin.py:190} INFO - [2025-07-15T15:48:34.904+0000] {dag.py:4180} INFO - Setting next_dagrun for conditional_dataset_and_time_based_timetable to 2025-07-09 01:00:00+00:00, run_after=2025-07-09 01:00:00+00:00
[2025-07-15T15:48:34.906+0000] {logging_mixin.py:190} INFO - [2025-07-15T15:48:34.906+0000] {dag.py:4180} INFO - Setting next_dagrun for consume_1_and_2_with_dataset_expressions to None, run_after=None
[2025-07-15T15:48:34.907+0000] {logging_mixin.py:190} INFO - [2025-07-15T15:48:34.907+0000] {dag.py:4180} INFO - Setting next_dagrun for consume_1_or_2_with_dataset_expressions to None, run_after=None
[2025-07-15T15:48:34.907+0000] {logging_mixin.py:190} INFO - [2025-07-15T15:48:34.907+0000] {dag.py:4180} INFO - Setting next_dagrun for consume_1_or_both_2_and_3_with_dataset_expressions to None, run_after=None
[2025-07-15T15:48:34.908+0000] {logging_mixin.py:190} INFO - [2025-07-15T15:48:34.907+0000] {dag.py:4180} INFO - Setting next_dagrun for dataset_consumes_1 to None, run_after=None
[2025-07-15T15:48:34.908+0000] {logging_mixin.py:190} INFO - [2025-07-15T15:48:34.908+0000] {dag.py:4180} INFO - Setting next_dagrun for dataset_consumes_1_and_2 to None, run_after=None
[2025-07-15T15:48:34.909+0000] {logging_mixin.py:190} INFO - [2025-07-15T15:48:34.909+0000] {dag.py:4180} INFO - Setting next_dagrun for dataset_consumes_1_never_scheduled to None, run_after=None
[2025-07-15T15:48:34.909+0000] {logging_mixin.py:190} INFO - [2025-07-15T15:48:34.909+0000] {dag.py:4180} INFO - Setting next_dagrun for dataset_consumes_unknown_never_scheduled to None, run_after=None
[2025-07-15T15:48:34.910+0000] {logging_mixin.py:190} INFO - [2025-07-15T15:48:34.910+0000] {dag.py:4180} INFO - Setting next_dagrun for dataset_produces_1 to 2025-07-14 00:00:00+00:00, run_after=2025-07-15 00:00:00+00:00
[2025-07-15T15:48:34.911+0000] {logging_mixin.py:190} INFO - [2025-07-15T15:48:34.911+0000] {dag.py:4180} INFO - Setting next_dagrun for dataset_produces_2 to None, run_after=None
[2025-07-15T15:48:34.924+0000] {processor.py:208} INFO - Processing /home/airflow/.local/lib/python3.12/site-packages/airflow/example_dags/example_datasets.py took 0.143 seconds
[2025-07-15T15:49:05.391+0000] {processor.py:186} INFO - Started process (PID=1565) to work on /home/airflow/.local/lib/python3.12/site-packages/airflow/example_dags/example_datasets.py
[2025-07-15T15:49:05.391+0000] {processor.py:914} INFO - Processing file /home/airflow/.local/lib/python3.12/site-packages/airflow/example_dags/example_datasets.py for tasks to queue
[2025-07-15T15:49:05.393+0000] {logging_mixin.py:190} INFO - [2025-07-15T15:49:05.393+0000] {dagbag.py:588} INFO - Filling up the DagBag from /home/airflow/.local/lib/python3.12/site-packages/airflow/example_dags/example_datasets.py
[2025-07-15T15:49:05.474+0000] {processor.py:925} INFO - DAG(s) 'dataset_consumes_unknown_never_scheduled', 'dataset_consumes_1_never_scheduled', 'dataset_produces_1', 'dataset_consumes_1', 'consume_1_or_both_2_and_3_with_dataset_expressions', 'dataset_consumes_1_and_2', 'consume_1_or_2_with_dataset_expressions', 'consume_1_and_2_with_dataset_expressions', 'dataset_produces_2', 'conditional_dataset_and_time_based_timetable' retrieved from /home/airflow/.local/lib/python3.12/site-packages/airflow/example_dags/example_datasets.py
[2025-07-15T15:49:05.496+0000] {logging_mixin.py:190} INFO - [2025-07-15T15:49:05.496+0000] {dag.py:3239} INFO - Sync 10 DAGs
[2025-07-15T15:49:05.510+0000] {logging_mixin.py:190} INFO - [2025-07-15T15:49:05.510+0000] {dag.py:4180} INFO - Setting next_dagrun for conditional_dataset_and_time_based_timetable to 2025-07-09 01:00:00+00:00, run_after=2025-07-09 01:00:00+00:00
[2025-07-15T15:49:05.512+0000] {logging_mixin.py:190} INFO - [2025-07-15T15:49:05.512+0000] {dag.py:4180} INFO - Setting next_dagrun for consume_1_and_2_with_dataset_expressions to None, run_after=None
[2025-07-15T15:49:05.512+0000] {logging_mixin.py:190} INFO - [2025-07-15T15:49:05.512+0000] {dag.py:4180} INFO - Setting next_dagrun for consume_1_or_2_with_dataset_expressions to None, run_after=None
[2025-07-15T15:49:05.513+0000] {logging_mixin.py:190} INFO - [2025-07-15T15:49:05.513+0000] {dag.py:4180} INFO - Setting next_dagrun for consume_1_or_both_2_and_3_with_dataset_expressions to None, run_after=None
[2025-07-15T15:49:05.514+0000] {logging_mixin.py:190} INFO - [2025-07-15T15:49:05.513+0000] {dag.py:4180} INFO - Setting next_dagrun for dataset_consumes_1 to None, run_after=None
[2025-07-15T15:49:05.514+0000] {logging_mixin.py:190} INFO - [2025-07-15T15:49:05.514+0000] {dag.py:4180} INFO - Setting next_dagrun for dataset_consumes_1_and_2 to None, run_after=None
[2025-07-15T15:49:05.515+0000] {logging_mixin.py:190} INFO - [2025-07-15T15:49:05.515+0000] {dag.py:4180} INFO - Setting next_dagrun for dataset_consumes_1_never_scheduled to None, run_after=None
[2025-07-15T15:49:05.515+0000] {logging_mixin.py:190} INFO - [2025-07-15T15:49:05.515+0000] {dag.py:4180} INFO - Setting next_dagrun for dataset_consumes_unknown_never_scheduled to None, run_after=None
[2025-07-15T15:49:05.516+0000] {logging_mixin.py:190} INFO - [2025-07-15T15:49:05.516+0000] {dag.py:4180} INFO - Setting next_dagrun for dataset_produces_1 to 2025-07-14 00:00:00+00:00, run_after=2025-07-15 00:00:00+00:00
[2025-07-15T15:49:05.517+0000] {logging_mixin.py:190} INFO - [2025-07-15T15:49:05.517+0000] {dag.py:4180} INFO - Setting next_dagrun for dataset_produces_2 to None, run_after=None
[2025-07-15T15:49:05.532+0000] {processor.py:208} INFO - Processing /home/airflow/.local/lib/python3.12/site-packages/airflow/example_dags/example_datasets.py took 0.145 seconds
[2025-07-15T15:49:35.914+0000] {processor.py:186} INFO - Started process (PID=1628) to work on /home/airflow/.local/lib/python3.12/site-packages/airflow/example_dags/example_datasets.py
[2025-07-15T15:49:35.915+0000] {processor.py:914} INFO - Processing file /home/airflow/.local/lib/python3.12/site-packages/airflow/example_dags/example_datasets.py for tasks to queue
[2025-07-15T15:49:35.916+0000] {logging_mixin.py:190} INFO - [2025-07-15T15:49:35.916+0000] {dagbag.py:588} INFO - Filling up the DagBag from /home/airflow/.local/lib/python3.12/site-packages/airflow/example_dags/example_datasets.py
[2025-07-15T15:49:35.991+0000] {processor.py:925} INFO - DAG(s) 'dataset_produces_1', 'consume_1_or_both_2_and_3_with_dataset_expressions', 'conditional_dataset_and_time_based_timetable', 'consume_1_and_2_with_dataset_expressions', 'dataset_consumes_unknown_never_scheduled', 'dataset_produces_2', 'dataset_consumes_1_never_scheduled', 'consume_1_or_2_with_dataset_expressions', 'dataset_consumes_1', 'dataset_consumes_1_and_2' retrieved from /home/airflow/.local/lib/python3.12/site-packages/airflow/example_dags/example_datasets.py
[2025-07-15T15:49:36.013+0000] {logging_mixin.py:190} INFO - [2025-07-15T15:49:36.013+0000] {dag.py:3239} INFO - Sync 10 DAGs
[2025-07-15T15:49:36.027+0000] {logging_mixin.py:190} INFO - [2025-07-15T15:49:36.027+0000] {dag.py:4180} INFO - Setting next_dagrun for conditional_dataset_and_time_based_timetable to 2025-07-09 01:00:00+00:00, run_after=2025-07-09 01:00:00+00:00
[2025-07-15T15:49:36.029+0000] {logging_mixin.py:190} INFO - [2025-07-15T15:49:36.029+0000] {dag.py:4180} INFO - Setting next_dagrun for consume_1_and_2_with_dataset_expressions to None, run_after=None
[2025-07-15T15:49:36.030+0000] {logging_mixin.py:190} INFO - [2025-07-15T15:49:36.030+0000] {dag.py:4180} INFO - Setting next_dagrun for consume_1_or_2_with_dataset_expressions to None, run_after=None
[2025-07-15T15:49:36.030+0000] {logging_mixin.py:190} INFO - [2025-07-15T15:49:36.030+0000] {dag.py:4180} INFO - Setting next_dagrun for consume_1_or_both_2_and_3_with_dataset_expressions to None, run_after=None
[2025-07-15T15:49:36.031+0000] {logging_mixin.py:190} INFO - [2025-07-15T15:49:36.031+0000] {dag.py:4180} INFO - Setting next_dagrun for dataset_consumes_1 to None, run_after=None
[2025-07-15T15:49:36.032+0000] {logging_mixin.py:190} INFO - [2025-07-15T15:49:36.032+0000] {dag.py:4180} INFO - Setting next_dagrun for dataset_consumes_1_and_2 to None, run_after=None
[2025-07-15T15:49:36.032+0000] {logging_mixin.py:190} INFO - [2025-07-15T15:49:36.032+0000] {dag.py:4180} INFO - Setting next_dagrun for dataset_consumes_1_never_scheduled to None, run_after=None
[2025-07-15T15:49:36.033+0000] {logging_mixin.py:190} INFO - [2025-07-15T15:49:36.033+0000] {dag.py:4180} INFO - Setting next_dagrun for dataset_consumes_unknown_never_scheduled to None, run_after=None
[2025-07-15T15:49:36.034+0000] {logging_mixin.py:190} INFO - [2025-07-15T15:49:36.034+0000] {dag.py:4180} INFO - Setting next_dagrun for dataset_produces_1 to 2025-07-14 00:00:00+00:00, run_after=2025-07-15 00:00:00+00:00
[2025-07-15T15:49:36.035+0000] {logging_mixin.py:190} INFO - [2025-07-15T15:49:36.035+0000] {dag.py:4180} INFO - Setting next_dagrun for dataset_produces_2 to None, run_after=None
[2025-07-15T15:49:36.053+0000] {processor.py:208} INFO - Processing /home/airflow/.local/lib/python3.12/site-packages/airflow/example_dags/example_datasets.py took 0.142 seconds
[2025-07-15T15:50:06.671+0000] {processor.py:186} INFO - Started process (PID=1690) to work on /home/airflow/.local/lib/python3.12/site-packages/airflow/example_dags/example_datasets.py
[2025-07-15T15:50:06.672+0000] {processor.py:914} INFO - Processing file /home/airflow/.local/lib/python3.12/site-packages/airflow/example_dags/example_datasets.py for tasks to queue
[2025-07-15T15:50:06.673+0000] {logging_mixin.py:190} INFO - [2025-07-15T15:50:06.673+0000] {dagbag.py:588} INFO - Filling up the DagBag from /home/airflow/.local/lib/python3.12/site-packages/airflow/example_dags/example_datasets.py
[2025-07-15T15:50:06.745+0000] {processor.py:925} INFO - DAG(s) 'dataset_consumes_unknown_never_scheduled', 'consume_1_or_2_with_dataset_expressions', 'consume_1_and_2_with_dataset_expressions', 'dataset_produces_1', 'dataset_consumes_1_and_2', 'consume_1_or_both_2_and_3_with_dataset_expressions', 'dataset_consumes_1_never_scheduled', 'dataset_consumes_1', 'dataset_produces_2', 'conditional_dataset_and_time_based_timetable' retrieved from /home/airflow/.local/lib/python3.12/site-packages/airflow/example_dags/example_datasets.py
[2025-07-15T15:50:06.770+0000] {logging_mixin.py:190} INFO - [2025-07-15T15:50:06.770+0000] {dag.py:3239} INFO - Sync 10 DAGs
[2025-07-15T15:50:06.784+0000] {logging_mixin.py:190} INFO - [2025-07-15T15:50:06.784+0000] {dag.py:4180} INFO - Setting next_dagrun for conditional_dataset_and_time_based_timetable to 2025-07-09 01:00:00+00:00, run_after=2025-07-09 01:00:00+00:00
[2025-07-15T15:50:06.785+0000] {logging_mixin.py:190} INFO - [2025-07-15T15:50:06.785+0000] {dag.py:4180} INFO - Setting next_dagrun for consume_1_and_2_with_dataset_expressions to None, run_after=None
[2025-07-15T15:50:06.786+0000] {logging_mixin.py:190} INFO - [2025-07-15T15:50:06.786+0000] {dag.py:4180} INFO - Setting next_dagrun for consume_1_or_2_with_dataset_expressions to None, run_after=None
[2025-07-15T15:50:06.786+0000] {logging_mixin.py:190} INFO - [2025-07-15T15:50:06.786+0000] {dag.py:4180} INFO - Setting next_dagrun for consume_1_or_both_2_and_3_with_dataset_expressions to None, run_after=None
[2025-07-15T15:50:06.787+0000] {logging_mixin.py:190} INFO - [2025-07-15T15:50:06.787+0000] {dag.py:4180} INFO - Setting next_dagrun for dataset_consumes_1 to None, run_after=None
[2025-07-15T15:50:06.787+0000] {logging_mixin.py:190} INFO - [2025-07-15T15:50:06.787+0000] {dag.py:4180} INFO - Setting next_dagrun for dataset_consumes_1_and_2 to None, run_after=None
[2025-07-15T15:50:06.788+0000] {logging_mixin.py:190} INFO - [2025-07-15T15:50:06.788+0000] {dag.py:4180} INFO - Setting next_dagrun for dataset_consumes_1_never_scheduled to None, run_after=None
[2025-07-15T15:50:06.788+0000] {logging_mixin.py:190} INFO - [2025-07-15T15:50:06.788+0000] {dag.py:4180} INFO - Setting next_dagrun for dataset_consumes_unknown_never_scheduled to None, run_after=None
[2025-07-15T15:50:06.789+0000] {logging_mixin.py:190} INFO - [2025-07-15T15:50:06.789+0000] {dag.py:4180} INFO - Setting next_dagrun for dataset_produces_1 to 2025-07-14 00:00:00+00:00, run_after=2025-07-15 00:00:00+00:00
[2025-07-15T15:50:06.790+0000] {logging_mixin.py:190} INFO - [2025-07-15T15:50:06.790+0000] {dag.py:4180} INFO - Setting next_dagrun for dataset_produces_2 to None, run_after=None
[2025-07-15T15:50:06.803+0000] {processor.py:208} INFO - Processing /home/airflow/.local/lib/python3.12/site-packages/airflow/example_dags/example_datasets.py took 0.136 seconds
[2025-07-15T15:50:37.445+0000] {processor.py:186} INFO - Started process (PID=1752) to work on /home/airflow/.local/lib/python3.12/site-packages/airflow/example_dags/example_datasets.py
[2025-07-15T15:50:37.448+0000] {processor.py:914} INFO - Processing file /home/airflow/.local/lib/python3.12/site-packages/airflow/example_dags/example_datasets.py for tasks to queue
[2025-07-15T15:50:37.450+0000] {logging_mixin.py:190} INFO - [2025-07-15T15:50:37.449+0000] {dagbag.py:588} INFO - Filling up the DagBag from /home/airflow/.local/lib/python3.12/site-packages/airflow/example_dags/example_datasets.py
[2025-07-15T15:50:37.536+0000] {processor.py:925} INFO - DAG(s) 'dataset_produces_1', 'consume_1_or_2_with_dataset_expressions', 'dataset_consumes_1_and_2', 'dataset_consumes_1_never_scheduled', 'dataset_consumes_1', 'dataset_consumes_unknown_never_scheduled', 'consume_1_and_2_with_dataset_expressions', 'consume_1_or_both_2_and_3_with_dataset_expressions', 'conditional_dataset_and_time_based_timetable', 'dataset_produces_2' retrieved from /home/airflow/.local/lib/python3.12/site-packages/airflow/example_dags/example_datasets.py
[2025-07-15T15:50:37.556+0000] {logging_mixin.py:190} INFO - [2025-07-15T15:50:37.556+0000] {dag.py:3239} INFO - Sync 10 DAGs
[2025-07-15T15:50:38.219+0000] {logging_mixin.py:190} INFO - [2025-07-15T15:50:38.219+0000] {dag.py:4180} INFO - Setting next_dagrun for conditional_dataset_and_time_based_timetable to 2025-07-09 01:00:00+00:00, run_after=2025-07-09 01:00:00+00:00
[2025-07-15T15:50:38.224+0000] {logging_mixin.py:190} INFO - [2025-07-15T15:50:38.224+0000] {dag.py:4180} INFO - Setting next_dagrun for consume_1_and_2_with_dataset_expressions to None, run_after=None
[2025-07-15T15:50:38.226+0000] {logging_mixin.py:190} INFO - [2025-07-15T15:50:38.226+0000] {dag.py:4180} INFO - Setting next_dagrun for consume_1_or_2_with_dataset_expressions to None, run_after=None
[2025-07-15T15:50:38.226+0000] {logging_mixin.py:190} INFO - [2025-07-15T15:50:38.226+0000] {dag.py:4180} INFO - Setting next_dagrun for consume_1_or_both_2_and_3_with_dataset_expressions to None, run_after=None
[2025-07-15T15:50:38.227+0000] {logging_mixin.py:190} INFO - [2025-07-15T15:50:38.227+0000] {dag.py:4180} INFO - Setting next_dagrun for dataset_consumes_1 to None, run_after=None
[2025-07-15T15:50:38.227+0000] {logging_mixin.py:190} INFO - [2025-07-15T15:50:38.227+0000] {dag.py:4180} INFO - Setting next_dagrun for dataset_consumes_1_and_2 to None, run_after=None
[2025-07-15T15:50:38.228+0000] {logging_mixin.py:190} INFO - [2025-07-15T15:50:38.228+0000] {dag.py:4180} INFO - Setting next_dagrun for dataset_consumes_1_never_scheduled to None, run_after=None
[2025-07-15T15:50:38.229+0000] {logging_mixin.py:190} INFO - [2025-07-15T15:50:38.229+0000] {dag.py:4180} INFO - Setting next_dagrun for dataset_consumes_unknown_never_scheduled to None, run_after=None
[2025-07-15T15:50:38.232+0000] {logging_mixin.py:190} INFO - [2025-07-15T15:50:38.232+0000] {dag.py:4180} INFO - Setting next_dagrun for dataset_produces_1 to 2025-07-14 00:00:00+00:00, run_after=2025-07-15 00:00:00+00:00
[2025-07-15T15:50:38.232+0000] {logging_mixin.py:190} INFO - [2025-07-15T15:50:38.232+0000] {dag.py:4180} INFO - Setting next_dagrun for dataset_produces_2 to None, run_after=None
[2025-07-15T15:50:38.251+0000] {processor.py:208} INFO - Processing /home/airflow/.local/lib/python3.12/site-packages/airflow/example_dags/example_datasets.py took 0.810 seconds
[2025-07-15T15:51:08.863+0000] {processor.py:186} INFO - Started process (PID=1821) to work on /home/airflow/.local/lib/python3.12/site-packages/airflow/example_dags/example_datasets.py
[2025-07-15T15:51:08.863+0000] {processor.py:914} INFO - Processing file /home/airflow/.local/lib/python3.12/site-packages/airflow/example_dags/example_datasets.py for tasks to queue
[2025-07-15T15:51:08.865+0000] {logging_mixin.py:190} INFO - [2025-07-15T15:51:08.864+0000] {dagbag.py:588} INFO - Filling up the DagBag from /home/airflow/.local/lib/python3.12/site-packages/airflow/example_dags/example_datasets.py
[2025-07-15T15:51:08.948+0000] {processor.py:925} INFO - DAG(s) 'consume_1_or_both_2_and_3_with_dataset_expressions', 'dataset_consumes_1_and_2', 'dataset_consumes_1_never_scheduled', 'dataset_produces_2', 'dataset_produces_1', 'conditional_dataset_and_time_based_timetable', 'consume_1_or_2_with_dataset_expressions', 'dataset_consumes_1', 'dataset_consumes_unknown_never_scheduled', 'consume_1_and_2_with_dataset_expressions' retrieved from /home/airflow/.local/lib/python3.12/site-packages/airflow/example_dags/example_datasets.py
[2025-07-15T15:51:08.974+0000] {logging_mixin.py:190} INFO - [2025-07-15T15:51:08.973+0000] {dag.py:3239} INFO - Sync 10 DAGs
[2025-07-15T15:51:09.179+0000] {logging_mixin.py:190} INFO - [2025-07-15T15:51:09.179+0000] {dag.py:4180} INFO - Setting next_dagrun for conditional_dataset_and_time_based_timetable to 2025-07-09 01:00:00+00:00, run_after=2025-07-09 01:00:00+00:00
[2025-07-15T15:51:09.181+0000] {logging_mixin.py:190} INFO - [2025-07-15T15:51:09.181+0000] {dag.py:4180} INFO - Setting next_dagrun for consume_1_and_2_with_dataset_expressions to None, run_after=None
[2025-07-15T15:51:09.182+0000] {logging_mixin.py:190} INFO - [2025-07-15T15:51:09.182+0000] {dag.py:4180} INFO - Setting next_dagrun for consume_1_or_2_with_dataset_expressions to None, run_after=None
[2025-07-15T15:51:09.182+0000] {logging_mixin.py:190} INFO - [2025-07-15T15:51:09.182+0000] {dag.py:4180} INFO - Setting next_dagrun for consume_1_or_both_2_and_3_with_dataset_expressions to None, run_after=None
[2025-07-15T15:51:09.183+0000] {logging_mixin.py:190} INFO - [2025-07-15T15:51:09.183+0000] {dag.py:4180} INFO - Setting next_dagrun for dataset_consumes_1 to None, run_after=None
[2025-07-15T15:51:09.184+0000] {logging_mixin.py:190} INFO - [2025-07-15T15:51:09.183+0000] {dag.py:4180} INFO - Setting next_dagrun for dataset_consumes_1_and_2 to None, run_after=None
[2025-07-15T15:51:09.184+0000] {logging_mixin.py:190} INFO - [2025-07-15T15:51:09.184+0000] {dag.py:4180} INFO - Setting next_dagrun for dataset_consumes_1_never_scheduled to None, run_after=None
[2025-07-15T15:51:09.185+0000] {logging_mixin.py:190} INFO - [2025-07-15T15:51:09.184+0000] {dag.py:4180} INFO - Setting next_dagrun for dataset_consumes_unknown_never_scheduled to None, run_after=None
[2025-07-15T15:51:09.186+0000] {logging_mixin.py:190} INFO - [2025-07-15T15:51:09.186+0000] {dag.py:4180} INFO - Setting next_dagrun for dataset_produces_1 to 2025-07-14 00:00:00+00:00, run_after=2025-07-15 00:00:00+00:00
[2025-07-15T15:51:09.186+0000] {logging_mixin.py:190} INFO - [2025-07-15T15:51:09.186+0000] {dag.py:4180} INFO - Setting next_dagrun for dataset_produces_2 to None, run_after=None
[2025-07-15T15:51:09.204+0000] {processor.py:208} INFO - Processing /home/airflow/.local/lib/python3.12/site-packages/airflow/example_dags/example_datasets.py took 0.345 seconds
[2025-07-15T15:51:39.747+0000] {processor.py:186} INFO - Started process (PID=1879) to work on /home/airflow/.local/lib/python3.12/site-packages/airflow/example_dags/example_datasets.py
[2025-07-15T15:51:39.748+0000] {processor.py:914} INFO - Processing file /home/airflow/.local/lib/python3.12/site-packages/airflow/example_dags/example_datasets.py for tasks to queue
[2025-07-15T15:51:39.749+0000] {logging_mixin.py:190} INFO - [2025-07-15T15:51:39.749+0000] {dagbag.py:588} INFO - Filling up the DagBag from /home/airflow/.local/lib/python3.12/site-packages/airflow/example_dags/example_datasets.py
[2025-07-15T15:51:39.830+0000] {processor.py:925} INFO - DAG(s) 'consume_1_or_both_2_and_3_with_dataset_expressions', 'consume_1_or_2_with_dataset_expressions', 'dataset_consumes_1_never_scheduled', 'conditional_dataset_and_time_based_timetable', 'dataset_produces_2', 'consume_1_and_2_with_dataset_expressions', 'dataset_consumes_unknown_never_scheduled', 'dataset_consumes_1', 'dataset_consumes_1_and_2', 'dataset_produces_1' retrieved from /home/airflow/.local/lib/python3.12/site-packages/airflow/example_dags/example_datasets.py
[2025-07-15T15:51:39.852+0000] {logging_mixin.py:190} INFO - [2025-07-15T15:51:39.852+0000] {dag.py:3239} INFO - Sync 10 DAGs
[2025-07-15T15:51:39.871+0000] {logging_mixin.py:190} INFO - [2025-07-15T15:51:39.871+0000] {dag.py:4180} INFO - Setting next_dagrun for conditional_dataset_and_time_based_timetable to 2025-07-09 01:00:00+00:00, run_after=2025-07-09 01:00:00+00:00
[2025-07-15T15:51:39.875+0000] {logging_mixin.py:190} INFO - [2025-07-15T15:51:39.875+0000] {dag.py:4180} INFO - Setting next_dagrun for consume_1_and_2_with_dataset_expressions to None, run_after=None
[2025-07-15T15:51:39.876+0000] {logging_mixin.py:190} INFO - [2025-07-15T15:51:39.876+0000] {dag.py:4180} INFO - Setting next_dagrun for consume_1_or_2_with_dataset_expressions to None, run_after=None
[2025-07-15T15:51:39.876+0000] {logging_mixin.py:190} INFO - [2025-07-15T15:51:39.876+0000] {dag.py:4180} INFO - Setting next_dagrun for consume_1_or_both_2_and_3_with_dataset_expressions to None, run_after=None
[2025-07-15T15:51:39.877+0000] {logging_mixin.py:190} INFO - [2025-07-15T15:51:39.877+0000] {dag.py:4180} INFO - Setting next_dagrun for dataset_consumes_1 to None, run_after=None
[2025-07-15T15:51:39.878+0000] {logging_mixin.py:190} INFO - [2025-07-15T15:51:39.878+0000] {dag.py:4180} INFO - Setting next_dagrun for dataset_consumes_1_and_2 to None, run_after=None
[2025-07-15T15:51:39.879+0000] {logging_mixin.py:190} INFO - [2025-07-15T15:51:39.879+0000] {dag.py:4180} INFO - Setting next_dagrun for dataset_consumes_1_never_scheduled to None, run_after=None
[2025-07-15T15:51:39.879+0000] {logging_mixin.py:190} INFO - [2025-07-15T15:51:39.879+0000] {dag.py:4180} INFO - Setting next_dagrun for dataset_consumes_unknown_never_scheduled to None, run_after=None
[2025-07-15T15:51:39.880+0000] {logging_mixin.py:190} INFO - [2025-07-15T15:51:39.880+0000] {dag.py:4180} INFO - Setting next_dagrun for dataset_produces_1 to 2025-07-14 00:00:00+00:00, run_after=2025-07-15 00:00:00+00:00
[2025-07-15T15:51:39.881+0000] {logging_mixin.py:190} INFO - [2025-07-15T15:51:39.881+0000] {dag.py:4180} INFO - Setting next_dagrun for dataset_produces_2 to None, run_after=None
[2025-07-15T15:51:40.047+0000] {processor.py:208} INFO - Processing /home/airflow/.local/lib/python3.12/site-packages/airflow/example_dags/example_datasets.py took 0.303 seconds
[2025-07-15T15:52:10.620+0000] {processor.py:186} INFO - Started process (PID=1941) to work on /home/airflow/.local/lib/python3.12/site-packages/airflow/example_dags/example_datasets.py
[2025-07-15T15:52:10.621+0000] {processor.py:914} INFO - Processing file /home/airflow/.local/lib/python3.12/site-packages/airflow/example_dags/example_datasets.py for tasks to queue
[2025-07-15T15:52:10.623+0000] {logging_mixin.py:190} INFO - [2025-07-15T15:52:10.623+0000] {dagbag.py:588} INFO - Filling up the DagBag from /home/airflow/.local/lib/python3.12/site-packages/airflow/example_dags/example_datasets.py
[2025-07-15T15:52:10.717+0000] {processor.py:925} INFO - DAG(s) 'dataset_consumes_1', 'consume_1_and_2_with_dataset_expressions', 'consume_1_or_both_2_and_3_with_dataset_expressions', 'dataset_produces_1', 'dataset_consumes_1_and_2', 'consume_1_or_2_with_dataset_expressions', 'dataset_consumes_unknown_never_scheduled', 'dataset_consumes_1_never_scheduled', 'conditional_dataset_and_time_based_timetable', 'dataset_produces_2' retrieved from /home/airflow/.local/lib/python3.12/site-packages/airflow/example_dags/example_datasets.py
[2025-07-15T15:52:10.752+0000] {logging_mixin.py:190} INFO - [2025-07-15T15:52:10.752+0000] {dag.py:3239} INFO - Sync 10 DAGs
[2025-07-15T15:52:10.767+0000] {logging_mixin.py:190} INFO - [2025-07-15T15:52:10.766+0000] {dag.py:4180} INFO - Setting next_dagrun for conditional_dataset_and_time_based_timetable to 2025-07-09 01:00:00+00:00, run_after=2025-07-09 01:00:00+00:00
[2025-07-15T15:52:10.769+0000] {logging_mixin.py:190} INFO - [2025-07-15T15:52:10.769+0000] {dag.py:4180} INFO - Setting next_dagrun for consume_1_and_2_with_dataset_expressions to None, run_after=None
[2025-07-15T15:52:10.770+0000] {logging_mixin.py:190} INFO - [2025-07-15T15:52:10.770+0000] {dag.py:4180} INFO - Setting next_dagrun for consume_1_or_2_with_dataset_expressions to None, run_after=None
[2025-07-15T15:52:10.771+0000] {logging_mixin.py:190} INFO - [2025-07-15T15:52:10.771+0000] {dag.py:4180} INFO - Setting next_dagrun for consume_1_or_both_2_and_3_with_dataset_expressions to None, run_after=None
[2025-07-15T15:52:10.772+0000] {logging_mixin.py:190} INFO - [2025-07-15T15:52:10.772+0000] {dag.py:4180} INFO - Setting next_dagrun for dataset_consumes_1 to None, run_after=None
[2025-07-15T15:52:10.773+0000] {logging_mixin.py:190} INFO - [2025-07-15T15:52:10.773+0000] {dag.py:4180} INFO - Setting next_dagrun for dataset_consumes_1_and_2 to None, run_after=None
[2025-07-15T15:52:10.774+0000] {logging_mixin.py:190} INFO - [2025-07-15T15:52:10.774+0000] {dag.py:4180} INFO - Setting next_dagrun for dataset_consumes_1_never_scheduled to None, run_after=None
[2025-07-15T15:52:10.775+0000] {logging_mixin.py:190} INFO - [2025-07-15T15:52:10.775+0000] {dag.py:4180} INFO - Setting next_dagrun for dataset_consumes_unknown_never_scheduled to None, run_after=None
[2025-07-15T15:52:10.776+0000] {logging_mixin.py:190} INFO - [2025-07-15T15:52:10.776+0000] {dag.py:4180} INFO - Setting next_dagrun for dataset_produces_1 to 2025-07-14 00:00:00+00:00, run_after=2025-07-15 00:00:00+00:00
[2025-07-15T15:52:10.777+0000] {logging_mixin.py:190} INFO - [2025-07-15T15:52:10.777+0000] {dag.py:4180} INFO - Setting next_dagrun for dataset_produces_2 to None, run_after=None
[2025-07-15T15:52:11.042+0000] {processor.py:208} INFO - Processing /home/airflow/.local/lib/python3.12/site-packages/airflow/example_dags/example_datasets.py took 0.426 seconds
[2025-07-15T15:52:41.421+0000] {processor.py:186} INFO - Started process (PID=2003) to work on /home/airflow/.local/lib/python3.12/site-packages/airflow/example_dags/example_datasets.py
[2025-07-15T15:52:41.422+0000] {processor.py:914} INFO - Processing file /home/airflow/.local/lib/python3.12/site-packages/airflow/example_dags/example_datasets.py for tasks to queue
[2025-07-15T15:52:41.423+0000] {logging_mixin.py:190} INFO - [2025-07-15T15:52:41.423+0000] {dagbag.py:588} INFO - Filling up the DagBag from /home/airflow/.local/lib/python3.12/site-packages/airflow/example_dags/example_datasets.py
[2025-07-15T15:52:41.496+0000] {processor.py:925} INFO - DAG(s) 'consume_1_and_2_with_dataset_expressions', 'dataset_consumes_1', 'dataset_consumes_1_never_scheduled', 'dataset_consumes_unknown_never_scheduled', 'conditional_dataset_and_time_based_timetable', 'dataset_consumes_1_and_2', 'consume_1_or_2_with_dataset_expressions', 'dataset_produces_2', 'dataset_produces_1', 'consume_1_or_both_2_and_3_with_dataset_expressions' retrieved from /home/airflow/.local/lib/python3.12/site-packages/airflow/example_dags/example_datasets.py
[2025-07-15T15:52:41.516+0000] {logging_mixin.py:190} INFO - [2025-07-15T15:52:41.516+0000] {dag.py:3239} INFO - Sync 10 DAGs
[2025-07-15T15:52:41.527+0000] {logging_mixin.py:190} INFO - [2025-07-15T15:52:41.527+0000] {dag.py:4180} INFO - Setting next_dagrun for conditional_dataset_and_time_based_timetable to 2025-07-09 01:00:00+00:00, run_after=2025-07-09 01:00:00+00:00
[2025-07-15T15:52:41.529+0000] {logging_mixin.py:190} INFO - [2025-07-15T15:52:41.529+0000] {dag.py:4180} INFO - Setting next_dagrun for consume_1_and_2_with_dataset_expressions to None, run_after=None
[2025-07-15T15:52:41.530+0000] {logging_mixin.py:190} INFO - [2025-07-15T15:52:41.530+0000] {dag.py:4180} INFO - Setting next_dagrun for consume_1_or_2_with_dataset_expressions to None, run_after=None
[2025-07-15T15:52:41.530+0000] {logging_mixin.py:190} INFO - [2025-07-15T15:52:41.530+0000] {dag.py:4180} INFO - Setting next_dagrun for consume_1_or_both_2_and_3_with_dataset_expressions to None, run_after=None
[2025-07-15T15:52:41.531+0000] {logging_mixin.py:190} INFO - [2025-07-15T15:52:41.531+0000] {dag.py:4180} INFO - Setting next_dagrun for dataset_consumes_1 to None, run_after=None
[2025-07-15T15:52:41.531+0000] {logging_mixin.py:190} INFO - [2025-07-15T15:52:41.531+0000] {dag.py:4180} INFO - Setting next_dagrun for dataset_consumes_1_and_2 to None, run_after=None
[2025-07-15T15:52:41.532+0000] {logging_mixin.py:190} INFO - [2025-07-15T15:52:41.532+0000] {dag.py:4180} INFO - Setting next_dagrun for dataset_consumes_1_never_scheduled to None, run_after=None
[2025-07-15T15:52:41.532+0000] {logging_mixin.py:190} INFO - [2025-07-15T15:52:41.532+0000] {dag.py:4180} INFO - Setting next_dagrun for dataset_consumes_unknown_never_scheduled to None, run_after=None
[2025-07-15T15:52:41.533+0000] {logging_mixin.py:190} INFO - [2025-07-15T15:52:41.533+0000] {dag.py:4180} INFO - Setting next_dagrun for dataset_produces_1 to 2025-07-14 00:00:00+00:00, run_after=2025-07-15 00:00:00+00:00
[2025-07-15T15:52:41.533+0000] {logging_mixin.py:190} INFO - [2025-07-15T15:52:41.533+0000] {dag.py:4180} INFO - Setting next_dagrun for dataset_produces_2 to None, run_after=None
[2025-07-15T15:52:41.701+0000] {processor.py:208} INFO - Processing /home/airflow/.local/lib/python3.12/site-packages/airflow/example_dags/example_datasets.py took 0.284 seconds
[2025-07-15T15:53:12.420+0000] {processor.py:186} INFO - Started process (PID=2065) to work on /home/airflow/.local/lib/python3.12/site-packages/airflow/example_dags/example_datasets.py
[2025-07-15T15:53:12.420+0000] {processor.py:914} INFO - Processing file /home/airflow/.local/lib/python3.12/site-packages/airflow/example_dags/example_datasets.py for tasks to queue
[2025-07-15T15:53:12.423+0000] {logging_mixin.py:190} INFO - [2025-07-15T15:53:12.423+0000] {dagbag.py:588} INFO - Filling up the DagBag from /home/airflow/.local/lib/python3.12/site-packages/airflow/example_dags/example_datasets.py
[2025-07-15T15:53:12.506+0000] {processor.py:925} INFO - DAG(s) 'consume_1_or_2_with_dataset_expressions', 'consume_1_and_2_with_dataset_expressions', 'conditional_dataset_and_time_based_timetable', 'consume_1_or_both_2_and_3_with_dataset_expressions', 'dataset_consumes_1_never_scheduled', 'dataset_produces_2', 'dataset_consumes_1', 'dataset_consumes_unknown_never_scheduled', 'dataset_consumes_1_and_2', 'dataset_produces_1' retrieved from /home/airflow/.local/lib/python3.12/site-packages/airflow/example_dags/example_datasets.py
[2025-07-15T15:53:12.524+0000] {logging_mixin.py:190} INFO - [2025-07-15T15:53:12.524+0000] {dag.py:3239} INFO - Sync 10 DAGs
[2025-07-15T15:53:12.537+0000] {logging_mixin.py:190} INFO - [2025-07-15T15:53:12.537+0000] {dag.py:4180} INFO - Setting next_dagrun for conditional_dataset_and_time_based_timetable to 2025-07-09 01:00:00+00:00, run_after=2025-07-09 01:00:00+00:00
[2025-07-15T15:53:12.539+0000] {logging_mixin.py:190} INFO - [2025-07-15T15:53:12.539+0000] {dag.py:4180} INFO - Setting next_dagrun for consume_1_and_2_with_dataset_expressions to None, run_after=None
[2025-07-15T15:53:12.540+0000] {logging_mixin.py:190} INFO - [2025-07-15T15:53:12.540+0000] {dag.py:4180} INFO - Setting next_dagrun for consume_1_or_2_with_dataset_expressions to None, run_after=None
[2025-07-15T15:53:12.544+0000] {logging_mixin.py:190} INFO - [2025-07-15T15:53:12.544+0000] {dag.py:4180} INFO - Setting next_dagrun for consume_1_or_both_2_and_3_with_dataset_expressions to None, run_after=None
[2025-07-15T15:53:12.545+0000] {logging_mixin.py:190} INFO - [2025-07-15T15:53:12.545+0000] {dag.py:4180} INFO - Setting next_dagrun for dataset_consumes_1 to None, run_after=None
[2025-07-15T15:53:12.545+0000] {logging_mixin.py:190} INFO - [2025-07-15T15:53:12.545+0000] {dag.py:4180} INFO - Setting next_dagrun for dataset_consumes_1_and_2 to None, run_after=None
[2025-07-15T15:53:12.546+0000] {logging_mixin.py:190} INFO - [2025-07-15T15:53:12.546+0000] {dag.py:4180} INFO - Setting next_dagrun for dataset_consumes_1_never_scheduled to None, run_after=None
[2025-07-15T15:53:12.546+0000] {logging_mixin.py:190} INFO - [2025-07-15T15:53:12.546+0000] {dag.py:4180} INFO - Setting next_dagrun for dataset_consumes_unknown_never_scheduled to None, run_after=None
[2025-07-15T15:53:12.547+0000] {logging_mixin.py:190} INFO - [2025-07-15T15:53:12.547+0000] {dag.py:4180} INFO - Setting next_dagrun for dataset_produces_1 to 2025-07-14 00:00:00+00:00, run_after=2025-07-15 00:00:00+00:00
[2025-07-15T15:53:12.548+0000] {logging_mixin.py:190} INFO - [2025-07-15T15:53:12.547+0000] {dag.py:4180} INFO - Setting next_dagrun for dataset_produces_2 to None, run_after=None
[2025-07-15T15:53:12.572+0000] {processor.py:208} INFO - Processing /home/airflow/.local/lib/python3.12/site-packages/airflow/example_dags/example_datasets.py took 0.155 seconds
[2025-07-15T15:53:43.013+0000] {processor.py:186} INFO - Started process (PID=2122) to work on /home/airflow/.local/lib/python3.12/site-packages/airflow/example_dags/example_datasets.py
[2025-07-15T15:53:43.013+0000] {processor.py:914} INFO - Processing file /home/airflow/.local/lib/python3.12/site-packages/airflow/example_dags/example_datasets.py for tasks to queue
[2025-07-15T15:53:43.014+0000] {logging_mixin.py:190} INFO - [2025-07-15T15:53:43.014+0000] {dagbag.py:588} INFO - Filling up the DagBag from /home/airflow/.local/lib/python3.12/site-packages/airflow/example_dags/example_datasets.py
[2025-07-15T15:53:43.098+0000] {processor.py:925} INFO - DAG(s) 'dataset_consumes_1', 'consume_1_and_2_with_dataset_expressions', 'dataset_consumes_unknown_never_scheduled', 'dataset_consumes_1_and_2', 'dataset_produces_1', 'consume_1_or_2_with_dataset_expressions', 'dataset_consumes_1_never_scheduled', 'dataset_produces_2', 'consume_1_or_both_2_and_3_with_dataset_expressions', 'conditional_dataset_and_time_based_timetable' retrieved from /home/airflow/.local/lib/python3.12/site-packages/airflow/example_dags/example_datasets.py
[2025-07-15T15:53:43.119+0000] {logging_mixin.py:190} INFO - [2025-07-15T15:53:43.118+0000] {dag.py:3239} INFO - Sync 10 DAGs
[2025-07-15T15:53:43.132+0000] {logging_mixin.py:190} INFO - [2025-07-15T15:53:43.132+0000] {dag.py:4180} INFO - Setting next_dagrun for conditional_dataset_and_time_based_timetable to 2025-07-09 01:00:00+00:00, run_after=2025-07-09 01:00:00+00:00
[2025-07-15T15:53:43.134+0000] {logging_mixin.py:190} INFO - [2025-07-15T15:53:43.134+0000] {dag.py:4180} INFO - Setting next_dagrun for consume_1_and_2_with_dataset_expressions to None, run_after=None
[2025-07-15T15:53:43.135+0000] {logging_mixin.py:190} INFO - [2025-07-15T15:53:43.135+0000] {dag.py:4180} INFO - Setting next_dagrun for consume_1_or_2_with_dataset_expressions to None, run_after=None
[2025-07-15T15:53:43.135+0000] {logging_mixin.py:190} INFO - [2025-07-15T15:53:43.135+0000] {dag.py:4180} INFO - Setting next_dagrun for consume_1_or_both_2_and_3_with_dataset_expressions to None, run_after=None
[2025-07-15T15:53:43.137+0000] {logging_mixin.py:190} INFO - [2025-07-15T15:53:43.137+0000] {dag.py:4180} INFO - Setting next_dagrun for dataset_consumes_1 to None, run_after=None
[2025-07-15T15:53:43.138+0000] {logging_mixin.py:190} INFO - [2025-07-15T15:53:43.137+0000] {dag.py:4180} INFO - Setting next_dagrun for dataset_consumes_1_and_2 to None, run_after=None
[2025-07-15T15:53:43.141+0000] {logging_mixin.py:190} INFO - [2025-07-15T15:53:43.141+0000] {dag.py:4180} INFO - Setting next_dagrun for dataset_consumes_1_never_scheduled to None, run_after=None
[2025-07-15T15:53:43.143+0000] {logging_mixin.py:190} INFO - [2025-07-15T15:53:43.142+0000] {dag.py:4180} INFO - Setting next_dagrun for dataset_consumes_unknown_never_scheduled to None, run_after=None
[2025-07-15T15:53:43.144+0000] {logging_mixin.py:190} INFO - [2025-07-15T15:53:43.144+0000] {dag.py:4180} INFO - Setting next_dagrun for dataset_produces_1 to 2025-07-14 00:00:00+00:00, run_after=2025-07-15 00:00:00+00:00
[2025-07-15T15:53:43.146+0000] {logging_mixin.py:190} INFO - [2025-07-15T15:53:43.146+0000] {dag.py:4180} INFO - Setting next_dagrun for dataset_produces_2 to None, run_after=None
[2025-07-15T15:53:43.166+0000] {processor.py:208} INFO - Processing /home/airflow/.local/lib/python3.12/site-packages/airflow/example_dags/example_datasets.py took 0.157 seconds
[2025-07-15T15:54:15.763+0000] {processor.py:186} INFO - Started process (PID=2184) to work on /home/airflow/.local/lib/python3.12/site-packages/airflow/example_dags/example_datasets.py
[2025-07-15T15:54:15.765+0000] {processor.py:914} INFO - Processing file /home/airflow/.local/lib/python3.12/site-packages/airflow/example_dags/example_datasets.py for tasks to queue
[2025-07-15T15:54:15.766+0000] {logging_mixin.py:190} INFO - [2025-07-15T15:54:15.766+0000] {dagbag.py:588} INFO - Filling up the DagBag from /home/airflow/.local/lib/python3.12/site-packages/airflow/example_dags/example_datasets.py
[2025-07-15T15:54:15.874+0000] {processor.py:925} INFO - DAG(s) 'dataset_produces_2', 'dataset_produces_1', 'consume_1_and_2_with_dataset_expressions', 'conditional_dataset_and_time_based_timetable', 'consume_1_or_2_with_dataset_expressions', 'dataset_consumes_1_and_2', 'consume_1_or_both_2_and_3_with_dataset_expressions', 'dataset_consumes_unknown_never_scheduled', 'dataset_consumes_1', 'dataset_consumes_1_never_scheduled' retrieved from /home/airflow/.local/lib/python3.12/site-packages/airflow/example_dags/example_datasets.py
[2025-07-15T15:54:15.901+0000] {logging_mixin.py:190} INFO - [2025-07-15T15:54:15.901+0000] {dag.py:3239} INFO - Sync 10 DAGs
[2025-07-15T15:54:15.916+0000] {logging_mixin.py:190} INFO - [2025-07-15T15:54:15.915+0000] {dag.py:4180} INFO - Setting next_dagrun for conditional_dataset_and_time_based_timetable to 2025-07-09 01:00:00+00:00, run_after=2025-07-09 01:00:00+00:00
[2025-07-15T15:54:15.918+0000] {logging_mixin.py:190} INFO - [2025-07-15T15:54:15.918+0000] {dag.py:4180} INFO - Setting next_dagrun for consume_1_and_2_with_dataset_expressions to None, run_after=None
[2025-07-15T15:54:15.918+0000] {logging_mixin.py:190} INFO - [2025-07-15T15:54:15.918+0000] {dag.py:4180} INFO - Setting next_dagrun for consume_1_or_2_with_dataset_expressions to None, run_after=None
[2025-07-15T15:54:15.919+0000] {logging_mixin.py:190} INFO - [2025-07-15T15:54:15.919+0000] {dag.py:4180} INFO - Setting next_dagrun for consume_1_or_both_2_and_3_with_dataset_expressions to None, run_after=None
[2025-07-15T15:54:15.919+0000] {logging_mixin.py:190} INFO - [2025-07-15T15:54:15.919+0000] {dag.py:4180} INFO - Setting next_dagrun for dataset_consumes_1 to None, run_after=None
[2025-07-15T15:54:15.920+0000] {logging_mixin.py:190} INFO - [2025-07-15T15:54:15.920+0000] {dag.py:4180} INFO - Setting next_dagrun for dataset_consumes_1_and_2 to None, run_after=None
[2025-07-15T15:54:15.921+0000] {logging_mixin.py:190} INFO - [2025-07-15T15:54:15.920+0000] {dag.py:4180} INFO - Setting next_dagrun for dataset_consumes_1_never_scheduled to None, run_after=None
[2025-07-15T15:54:15.921+0000] {logging_mixin.py:190} INFO - [2025-07-15T15:54:15.921+0000] {dag.py:4180} INFO - Setting next_dagrun for dataset_consumes_unknown_never_scheduled to None, run_after=None
[2025-07-15T15:54:15.922+0000] {logging_mixin.py:190} INFO - [2025-07-15T15:54:15.922+0000] {dag.py:4180} INFO - Setting next_dagrun for dataset_produces_1 to 2025-07-14 00:00:00+00:00, run_after=2025-07-15 00:00:00+00:00
[2025-07-15T15:54:15.923+0000] {logging_mixin.py:190} INFO - [2025-07-15T15:54:15.923+0000] {dag.py:4180} INFO - Setting next_dagrun for dataset_produces_2 to None, run_after=None
[2025-07-15T15:54:15.938+0000] {processor.py:208} INFO - Processing /home/airflow/.local/lib/python3.12/site-packages/airflow/example_dags/example_datasets.py took 0.179 seconds
[2025-07-15T15:54:46.558+0000] {processor.py:186} INFO - Started process (PID=2247) to work on /home/airflow/.local/lib/python3.12/site-packages/airflow/example_dags/example_datasets.py
[2025-07-15T15:54:46.560+0000] {processor.py:914} INFO - Processing file /home/airflow/.local/lib/python3.12/site-packages/airflow/example_dags/example_datasets.py for tasks to queue
[2025-07-15T15:54:46.562+0000] {logging_mixin.py:190} INFO - [2025-07-15T15:54:46.562+0000] {dagbag.py:588} INFO - Filling up the DagBag from /home/airflow/.local/lib/python3.12/site-packages/airflow/example_dags/example_datasets.py
[2025-07-15T15:54:46.678+0000] {processor.py:925} INFO - DAG(s) 'dataset_consumes_1', 'dataset_consumes_1_never_scheduled', 'dataset_produces_2', 'consume_1_or_both_2_and_3_with_dataset_expressions', 'conditional_dataset_and_time_based_timetable', 'dataset_consumes_unknown_never_scheduled', 'consume_1_or_2_with_dataset_expressions', 'consume_1_and_2_with_dataset_expressions', 'dataset_consumes_1_and_2', 'dataset_produces_1' retrieved from /home/airflow/.local/lib/python3.12/site-packages/airflow/example_dags/example_datasets.py
[2025-07-15T15:54:46.720+0000] {logging_mixin.py:190} INFO - [2025-07-15T15:54:46.720+0000] {dag.py:3239} INFO - Sync 10 DAGs
[2025-07-15T15:54:46.867+0000] {logging_mixin.py:190} INFO - [2025-07-15T15:54:46.867+0000] {dag.py:4180} INFO - Setting next_dagrun for conditional_dataset_and_time_based_timetable to 2025-07-09 01:00:00+00:00, run_after=2025-07-09 01:00:00+00:00
[2025-07-15T15:54:46.875+0000] {logging_mixin.py:190} INFO - [2025-07-15T15:54:46.875+0000] {dag.py:4180} INFO - Setting next_dagrun for consume_1_and_2_with_dataset_expressions to None, run_after=None
[2025-07-15T15:54:46.876+0000] {logging_mixin.py:190} INFO - [2025-07-15T15:54:46.876+0000] {dag.py:4180} INFO - Setting next_dagrun for consume_1_or_2_with_dataset_expressions to None, run_after=None
[2025-07-15T15:54:46.876+0000] {logging_mixin.py:190} INFO - [2025-07-15T15:54:46.876+0000] {dag.py:4180} INFO - Setting next_dagrun for consume_1_or_both_2_and_3_with_dataset_expressions to None, run_after=None
[2025-07-15T15:54:46.877+0000] {logging_mixin.py:190} INFO - [2025-07-15T15:54:46.877+0000] {dag.py:4180} INFO - Setting next_dagrun for dataset_consumes_1 to None, run_after=None
[2025-07-15T15:54:46.878+0000] {logging_mixin.py:190} INFO - [2025-07-15T15:54:46.878+0000] {dag.py:4180} INFO - Setting next_dagrun for dataset_consumes_1_and_2 to None, run_after=None
[2025-07-15T15:54:46.878+0000] {logging_mixin.py:190} INFO - [2025-07-15T15:54:46.878+0000] {dag.py:4180} INFO - Setting next_dagrun for dataset_consumes_1_never_scheduled to None, run_after=None
[2025-07-15T15:54:46.880+0000] {logging_mixin.py:190} INFO - [2025-07-15T15:54:46.880+0000] {dag.py:4180} INFO - Setting next_dagrun for dataset_consumes_unknown_never_scheduled to None, run_after=None
[2025-07-15T15:54:46.882+0000] {logging_mixin.py:190} INFO - [2025-07-15T15:54:46.882+0000] {dag.py:4180} INFO - Setting next_dagrun for dataset_produces_1 to 2025-07-14 00:00:00+00:00, run_after=2025-07-15 00:00:00+00:00
[2025-07-15T15:54:46.883+0000] {logging_mixin.py:190} INFO - [2025-07-15T15:54:46.883+0000] {dag.py:4180} INFO - Setting next_dagrun for dataset_produces_2 to None, run_after=None
[2025-07-15T15:54:46.904+0000] {processor.py:208} INFO - Processing /home/airflow/.local/lib/python3.12/site-packages/airflow/example_dags/example_datasets.py took 0.350 seconds
[2025-07-15T15:55:16.933+0000] {processor.py:186} INFO - Started process (PID=2309) to work on /home/airflow/.local/lib/python3.12/site-packages/airflow/example_dags/example_datasets.py
[2025-07-15T15:55:16.934+0000] {processor.py:914} INFO - Processing file /home/airflow/.local/lib/python3.12/site-packages/airflow/example_dags/example_datasets.py for tasks to queue
[2025-07-15T15:55:16.936+0000] {logging_mixin.py:190} INFO - [2025-07-15T15:55:16.935+0000] {dagbag.py:588} INFO - Filling up the DagBag from /home/airflow/.local/lib/python3.12/site-packages/airflow/example_dags/example_datasets.py
[2025-07-15T15:55:17.035+0000] {processor.py:925} INFO - DAG(s) 'dataset_consumes_1_and_2', 'dataset_consumes_unknown_never_scheduled', 'consume_1_or_2_with_dataset_expressions', 'conditional_dataset_and_time_based_timetable', 'dataset_consumes_1', 'dataset_produces_1', 'dataset_produces_2', 'consume_1_and_2_with_dataset_expressions', 'dataset_consumes_1_never_scheduled', 'consume_1_or_both_2_and_3_with_dataset_expressions' retrieved from /home/airflow/.local/lib/python3.12/site-packages/airflow/example_dags/example_datasets.py
[2025-07-15T15:55:17.063+0000] {logging_mixin.py:190} INFO - [2025-07-15T15:55:17.063+0000] {dag.py:3239} INFO - Sync 10 DAGs
[2025-07-15T15:55:17.235+0000] {logging_mixin.py:190} INFO - [2025-07-15T15:55:17.235+0000] {dag.py:4180} INFO - Setting next_dagrun for conditional_dataset_and_time_based_timetable to 2025-07-09 01:00:00+00:00, run_after=2025-07-09 01:00:00+00:00
[2025-07-15T15:55:17.240+0000] {logging_mixin.py:190} INFO - [2025-07-15T15:55:17.239+0000] {dag.py:4180} INFO - Setting next_dagrun for consume_1_and_2_with_dataset_expressions to None, run_after=None
[2025-07-15T15:55:17.241+0000] {logging_mixin.py:190} INFO - [2025-07-15T15:55:17.241+0000] {dag.py:4180} INFO - Setting next_dagrun for consume_1_or_2_with_dataset_expressions to None, run_after=None
[2025-07-15T15:55:17.244+0000] {logging_mixin.py:190} INFO - [2025-07-15T15:55:17.244+0000] {dag.py:4180} INFO - Setting next_dagrun for consume_1_or_both_2_and_3_with_dataset_expressions to None, run_after=None
[2025-07-15T15:55:17.245+0000] {logging_mixin.py:190} INFO - [2025-07-15T15:55:17.245+0000] {dag.py:4180} INFO - Setting next_dagrun for dataset_consumes_1 to None, run_after=None
[2025-07-15T15:55:17.246+0000] {logging_mixin.py:190} INFO - [2025-07-15T15:55:17.246+0000] {dag.py:4180} INFO - Setting next_dagrun for dataset_consumes_1_and_2 to None, run_after=None
[2025-07-15T15:55:17.247+0000] {logging_mixin.py:190} INFO - [2025-07-15T15:55:17.247+0000] {dag.py:4180} INFO - Setting next_dagrun for dataset_consumes_1_never_scheduled to None, run_after=None
[2025-07-15T15:55:17.248+0000] {logging_mixin.py:190} INFO - [2025-07-15T15:55:17.247+0000] {dag.py:4180} INFO - Setting next_dagrun for dataset_consumes_unknown_never_scheduled to None, run_after=None
[2025-07-15T15:55:17.249+0000] {logging_mixin.py:190} INFO - [2025-07-15T15:55:17.249+0000] {dag.py:4180} INFO - Setting next_dagrun for dataset_produces_1 to 2025-07-14 00:00:00+00:00, run_after=2025-07-15 00:00:00+00:00
[2025-07-15T15:55:17.249+0000] {logging_mixin.py:190} INFO - [2025-07-15T15:55:17.249+0000] {dag.py:4180} INFO - Setting next_dagrun for dataset_produces_2 to None, run_after=None
[2025-07-15T15:55:17.269+0000] {processor.py:208} INFO - Processing /home/airflow/.local/lib/python3.12/site-packages/airflow/example_dags/example_datasets.py took 0.339 seconds
[2025-07-15T15:55:47.743+0000] {processor.py:186} INFO - Started process (PID=2374) to work on /home/airflow/.local/lib/python3.12/site-packages/airflow/example_dags/example_datasets.py
[2025-07-15T15:55:47.744+0000] {processor.py:914} INFO - Processing file /home/airflow/.local/lib/python3.12/site-packages/airflow/example_dags/example_datasets.py for tasks to queue
[2025-07-15T15:55:47.745+0000] {logging_mixin.py:190} INFO - [2025-07-15T15:55:47.745+0000] {dagbag.py:588} INFO - Filling up the DagBag from /home/airflow/.local/lib/python3.12/site-packages/airflow/example_dags/example_datasets.py
[2025-07-15T15:55:47.835+0000] {processor.py:925} INFO - DAG(s) 'conditional_dataset_and_time_based_timetable', 'dataset_consumes_unknown_never_scheduled', 'consume_1_or_both_2_and_3_with_dataset_expressions', 'dataset_consumes_1_never_scheduled', 'dataset_consumes_1', 'consume_1_or_2_with_dataset_expressions', 'dataset_produces_1', 'dataset_produces_2', 'consume_1_and_2_with_dataset_expressions', 'dataset_consumes_1_and_2' retrieved from /home/airflow/.local/lib/python3.12/site-packages/airflow/example_dags/example_datasets.py
[2025-07-15T15:55:47.864+0000] {logging_mixin.py:190} INFO - [2025-07-15T15:55:47.863+0000] {dag.py:3239} INFO - Sync 10 DAGs
[2025-07-15T15:55:48.011+0000] {logging_mixin.py:190} INFO - [2025-07-15T15:55:48.011+0000] {dag.py:4180} INFO - Setting next_dagrun for conditional_dataset_and_time_based_timetable to 2025-07-09 01:00:00+00:00, run_after=2025-07-09 01:00:00+00:00
[2025-07-15T15:55:48.013+0000] {logging_mixin.py:190} INFO - [2025-07-15T15:55:48.013+0000] {dag.py:4180} INFO - Setting next_dagrun for consume_1_and_2_with_dataset_expressions to None, run_after=None
[2025-07-15T15:55:48.014+0000] {logging_mixin.py:190} INFO - [2025-07-15T15:55:48.014+0000] {dag.py:4180} INFO - Setting next_dagrun for consume_1_or_2_with_dataset_expressions to None, run_after=None
[2025-07-15T15:55:48.014+0000] {logging_mixin.py:190} INFO - [2025-07-15T15:55:48.014+0000] {dag.py:4180} INFO - Setting next_dagrun for consume_1_or_both_2_and_3_with_dataset_expressions to None, run_after=None
[2025-07-15T15:55:48.016+0000] {logging_mixin.py:190} INFO - [2025-07-15T15:55:48.016+0000] {dag.py:4180} INFO - Setting next_dagrun for dataset_consumes_1 to None, run_after=None
[2025-07-15T15:55:48.016+0000] {logging_mixin.py:190} INFO - [2025-07-15T15:55:48.016+0000] {dag.py:4180} INFO - Setting next_dagrun for dataset_consumes_1_and_2 to None, run_after=None
[2025-07-15T15:55:48.017+0000] {logging_mixin.py:190} INFO - [2025-07-15T15:55:48.017+0000] {dag.py:4180} INFO - Setting next_dagrun for dataset_consumes_1_never_scheduled to None, run_after=None
[2025-07-15T15:55:48.019+0000] {logging_mixin.py:190} INFO - [2025-07-15T15:55:48.019+0000] {dag.py:4180} INFO - Setting next_dagrun for dataset_consumes_unknown_never_scheduled to None, run_after=None
[2025-07-15T15:55:48.022+0000] {logging_mixin.py:190} INFO - [2025-07-15T15:55:48.022+0000] {dag.py:4180} INFO - Setting next_dagrun for dataset_produces_1 to 2025-07-14 00:00:00+00:00, run_after=2025-07-15 00:00:00+00:00
[2025-07-15T15:55:48.022+0000] {logging_mixin.py:190} INFO - [2025-07-15T15:55:48.022+0000] {dag.py:4180} INFO - Setting next_dagrun for dataset_produces_2 to None, run_after=None
[2025-07-15T15:55:48.046+0000] {processor.py:208} INFO - Processing /home/airflow/.local/lib/python3.12/site-packages/airflow/example_dags/example_datasets.py took 0.308 seconds
[2025-07-15T15:56:19.214+0000] {processor.py:186} INFO - Started process (PID=2439) to work on /home/airflow/.local/lib/python3.12/site-packages/airflow/example_dags/example_datasets.py
[2025-07-15T15:56:19.215+0000] {processor.py:914} INFO - Processing file /home/airflow/.local/lib/python3.12/site-packages/airflow/example_dags/example_datasets.py for tasks to queue
[2025-07-15T15:56:19.222+0000] {logging_mixin.py:190} INFO - [2025-07-15T15:56:19.220+0000] {dagbag.py:588} INFO - Filling up the DagBag from /home/airflow/.local/lib/python3.12/site-packages/airflow/example_dags/example_datasets.py
[2025-07-15T15:56:19.464+0000] {processor.py:925} INFO - DAG(s) 'dataset_consumes_1', 'dataset_consumes_unknown_never_scheduled', 'conditional_dataset_and_time_based_timetable', 'dataset_produces_1', 'dataset_consumes_1_never_scheduled', 'consume_1_or_2_with_dataset_expressions', 'consume_1_or_both_2_and_3_with_dataset_expressions', 'dataset_produces_2', 'consume_1_and_2_with_dataset_expressions', 'dataset_consumes_1_and_2' retrieved from /home/airflow/.local/lib/python3.12/site-packages/airflow/example_dags/example_datasets.py
[2025-07-15T15:56:19.489+0000] {logging_mixin.py:190} INFO - [2025-07-15T15:56:19.488+0000] {dag.py:3239} INFO - Sync 10 DAGs
[2025-07-15T15:56:19.504+0000] {logging_mixin.py:190} INFO - [2025-07-15T15:56:19.504+0000] {dag.py:4180} INFO - Setting next_dagrun for conditional_dataset_and_time_based_timetable to 2025-07-09 01:00:00+00:00, run_after=2025-07-09 01:00:00+00:00
[2025-07-15T15:56:19.507+0000] {logging_mixin.py:190} INFO - [2025-07-15T15:56:19.507+0000] {dag.py:4180} INFO - Setting next_dagrun for consume_1_and_2_with_dataset_expressions to None, run_after=None
[2025-07-15T15:56:19.509+0000] {logging_mixin.py:190} INFO - [2025-07-15T15:56:19.508+0000] {dag.py:4180} INFO - Setting next_dagrun for consume_1_or_2_with_dataset_expressions to None, run_after=None
[2025-07-15T15:56:19.510+0000] {logging_mixin.py:190} INFO - [2025-07-15T15:56:19.510+0000] {dag.py:4180} INFO - Setting next_dagrun for consume_1_or_both_2_and_3_with_dataset_expressions to None, run_after=None
[2025-07-15T15:56:19.511+0000] {logging_mixin.py:190} INFO - [2025-07-15T15:56:19.511+0000] {dag.py:4180} INFO - Setting next_dagrun for dataset_consumes_1 to None, run_after=None
[2025-07-15T15:56:19.512+0000] {logging_mixin.py:190} INFO - [2025-07-15T15:56:19.512+0000] {dag.py:4180} INFO - Setting next_dagrun for dataset_consumes_1_and_2 to None, run_after=None
[2025-07-15T15:56:19.515+0000] {logging_mixin.py:190} INFO - [2025-07-15T15:56:19.515+0000] {dag.py:4180} INFO - Setting next_dagrun for dataset_consumes_1_never_scheduled to None, run_after=None
[2025-07-15T15:56:19.516+0000] {logging_mixin.py:190} INFO - [2025-07-15T15:56:19.516+0000] {dag.py:4180} INFO - Setting next_dagrun for dataset_consumes_unknown_never_scheduled to None, run_after=None
[2025-07-15T15:56:19.518+0000] {logging_mixin.py:190} INFO - [2025-07-15T15:56:19.518+0000] {dag.py:4180} INFO - Setting next_dagrun for dataset_produces_1 to 2025-07-14 00:00:00+00:00, run_after=2025-07-15 00:00:00+00:00
[2025-07-15T15:56:19.519+0000] {logging_mixin.py:190} INFO - [2025-07-15T15:56:19.519+0000] {dag.py:4180} INFO - Setting next_dagrun for dataset_produces_2 to None, run_after=None
[2025-07-15T15:56:19.542+0000] {processor.py:208} INFO - Processing /home/airflow/.local/lib/python3.12/site-packages/airflow/example_dags/example_datasets.py took 0.334 seconds
[2025-07-15T15:56:50.845+0000] {processor.py:186} INFO - Started process (PID=2512) to work on /home/airflow/.local/lib/python3.12/site-packages/airflow/example_dags/example_datasets.py
[2025-07-15T15:56:50.847+0000] {processor.py:914} INFO - Processing file /home/airflow/.local/lib/python3.12/site-packages/airflow/example_dags/example_datasets.py for tasks to queue
[2025-07-15T15:56:50.850+0000] {logging_mixin.py:190} INFO - [2025-07-15T15:56:50.850+0000] {dagbag.py:588} INFO - Filling up the DagBag from /home/airflow/.local/lib/python3.12/site-packages/airflow/example_dags/example_datasets.py
[2025-07-15T15:56:51.055+0000] {processor.py:925} INFO - DAG(s) 'dataset_consumes_1_and_2', 'conditional_dataset_and_time_based_timetable', 'dataset_produces_2', 'consume_1_or_2_with_dataset_expressions', 'dataset_consumes_unknown_never_scheduled', 'dataset_consumes_1_never_scheduled', 'consume_1_and_2_with_dataset_expressions', 'consume_1_or_both_2_and_3_with_dataset_expressions', 'dataset_consumes_1', 'dataset_produces_1' retrieved from /home/airflow/.local/lib/python3.12/site-packages/airflow/example_dags/example_datasets.py
[2025-07-15T15:56:51.080+0000] {logging_mixin.py:190} INFO - [2025-07-15T15:56:51.080+0000] {dag.py:3239} INFO - Sync 10 DAGs
[2025-07-15T15:56:51.097+0000] {logging_mixin.py:190} INFO - [2025-07-15T15:56:51.097+0000] {dag.py:4180} INFO - Setting next_dagrun for conditional_dataset_and_time_based_timetable to 2025-07-09 01:00:00+00:00, run_after=2025-07-09 01:00:00+00:00
[2025-07-15T15:56:51.099+0000] {logging_mixin.py:190} INFO - [2025-07-15T15:56:51.099+0000] {dag.py:4180} INFO - Setting next_dagrun for consume_1_and_2_with_dataset_expressions to None, run_after=None
[2025-07-15T15:56:51.100+0000] {logging_mixin.py:190} INFO - [2025-07-15T15:56:51.100+0000] {dag.py:4180} INFO - Setting next_dagrun for consume_1_or_2_with_dataset_expressions to None, run_after=None
[2025-07-15T15:56:51.101+0000] {logging_mixin.py:190} INFO - [2025-07-15T15:56:51.101+0000] {dag.py:4180} INFO - Setting next_dagrun for consume_1_or_both_2_and_3_with_dataset_expressions to None, run_after=None
[2025-07-15T15:56:51.102+0000] {logging_mixin.py:190} INFO - [2025-07-15T15:56:51.102+0000] {dag.py:4180} INFO - Setting next_dagrun for dataset_consumes_1 to None, run_after=None
[2025-07-15T15:56:51.103+0000] {logging_mixin.py:190} INFO - [2025-07-15T15:56:51.103+0000] {dag.py:4180} INFO - Setting next_dagrun for dataset_consumes_1_and_2 to None, run_after=None
[2025-07-15T15:56:51.103+0000] {logging_mixin.py:190} INFO - [2025-07-15T15:56:51.103+0000] {dag.py:4180} INFO - Setting next_dagrun for dataset_consumes_1_never_scheduled to None, run_after=None
[2025-07-15T15:56:51.104+0000] {logging_mixin.py:190} INFO - [2025-07-15T15:56:51.104+0000] {dag.py:4180} INFO - Setting next_dagrun for dataset_consumes_unknown_never_scheduled to None, run_after=None
[2025-07-15T15:56:51.106+0000] {logging_mixin.py:190} INFO - [2025-07-15T15:56:51.106+0000] {dag.py:4180} INFO - Setting next_dagrun for dataset_produces_1 to 2025-07-14 00:00:00+00:00, run_after=2025-07-15 00:00:00+00:00
[2025-07-15T15:56:51.106+0000] {logging_mixin.py:190} INFO - [2025-07-15T15:56:51.106+0000] {dag.py:4180} INFO - Setting next_dagrun for dataset_produces_2 to None, run_after=None
[2025-07-15T15:56:51.125+0000] {processor.py:208} INFO - Processing /home/airflow/.local/lib/python3.12/site-packages/airflow/example_dags/example_datasets.py took 0.283 seconds
[2025-07-15T15:57:21.788+0000] {processor.py:186} INFO - Started process (PID=2571) to work on /home/airflow/.local/lib/python3.12/site-packages/airflow/example_dags/example_datasets.py
[2025-07-15T15:57:21.790+0000] {processor.py:914} INFO - Processing file /home/airflow/.local/lib/python3.12/site-packages/airflow/example_dags/example_datasets.py for tasks to queue
[2025-07-15T15:57:21.791+0000] {logging_mixin.py:190} INFO - [2025-07-15T15:57:21.791+0000] {dagbag.py:588} INFO - Filling up the DagBag from /home/airflow/.local/lib/python3.12/site-packages/airflow/example_dags/example_datasets.py
[2025-07-15T15:57:22.165+0000] {processor.py:925} INFO - DAG(s) 'dataset_produces_2', 'consume_1_and_2_with_dataset_expressions', 'dataset_consumes_1_never_scheduled', 'consume_1_or_2_with_dataset_expressions', 'consume_1_or_both_2_and_3_with_dataset_expressions', 'dataset_consumes_unknown_never_scheduled', 'dataset_produces_1', 'dataset_consumes_1', 'conditional_dataset_and_time_based_timetable', 'dataset_consumes_1_and_2' retrieved from /home/airflow/.local/lib/python3.12/site-packages/airflow/example_dags/example_datasets.py
[2025-07-15T15:57:22.194+0000] {logging_mixin.py:190} INFO - [2025-07-15T15:57:22.194+0000] {dag.py:3239} INFO - Sync 10 DAGs
[2025-07-15T15:57:22.214+0000] {logging_mixin.py:190} INFO - [2025-07-15T15:57:22.214+0000] {dag.py:4180} INFO - Setting next_dagrun for conditional_dataset_and_time_based_timetable to 2025-07-09 01:00:00+00:00, run_after=2025-07-09 01:00:00+00:00
[2025-07-15T15:57:22.217+0000] {logging_mixin.py:190} INFO - [2025-07-15T15:57:22.217+0000] {dag.py:4180} INFO - Setting next_dagrun for consume_1_and_2_with_dataset_expressions to None, run_after=None
[2025-07-15T15:57:22.219+0000] {logging_mixin.py:190} INFO - [2025-07-15T15:57:22.219+0000] {dag.py:4180} INFO - Setting next_dagrun for consume_1_or_2_with_dataset_expressions to None, run_after=None
[2025-07-15T15:57:22.221+0000] {logging_mixin.py:190} INFO - [2025-07-15T15:57:22.221+0000] {dag.py:4180} INFO - Setting next_dagrun for consume_1_or_both_2_and_3_with_dataset_expressions to None, run_after=None
[2025-07-15T15:57:22.222+0000] {logging_mixin.py:190} INFO - [2025-07-15T15:57:22.222+0000] {dag.py:4180} INFO - Setting next_dagrun for dataset_consumes_1 to None, run_after=None
[2025-07-15T15:57:22.222+0000] {logging_mixin.py:190} INFO - [2025-07-15T15:57:22.222+0000] {dag.py:4180} INFO - Setting next_dagrun for dataset_consumes_1_and_2 to None, run_after=None
[2025-07-15T15:57:22.225+0000] {logging_mixin.py:190} INFO - [2025-07-15T15:57:22.225+0000] {dag.py:4180} INFO - Setting next_dagrun for dataset_consumes_1_never_scheduled to None, run_after=None
[2025-07-15T15:57:22.227+0000] {logging_mixin.py:190} INFO - [2025-07-15T15:57:22.226+0000] {dag.py:4180} INFO - Setting next_dagrun for dataset_consumes_unknown_never_scheduled to None, run_after=None
[2025-07-15T15:57:22.229+0000] {logging_mixin.py:190} INFO - [2025-07-15T15:57:22.229+0000] {dag.py:4180} INFO - Setting next_dagrun for dataset_produces_1 to 2025-07-14 00:00:00+00:00, run_after=2025-07-15 00:00:00+00:00
[2025-07-15T15:57:22.231+0000] {logging_mixin.py:190} INFO - [2025-07-15T15:57:22.231+0000] {dag.py:4180} INFO - Setting next_dagrun for dataset_produces_2 to None, run_after=None
[2025-07-15T15:57:22.253+0000] {processor.py:208} INFO - Processing /home/airflow/.local/lib/python3.12/site-packages/airflow/example_dags/example_datasets.py took 0.469 seconds
[2025-07-15T15:57:53.290+0000] {processor.py:186} INFO - Started process (PID=2625) to work on /home/airflow/.local/lib/python3.12/site-packages/airflow/example_dags/example_datasets.py
[2025-07-15T15:57:53.296+0000] {processor.py:914} INFO - Processing file /home/airflow/.local/lib/python3.12/site-packages/airflow/example_dags/example_datasets.py for tasks to queue
[2025-07-15T15:57:53.299+0000] {logging_mixin.py:190} INFO - [2025-07-15T15:57:53.298+0000] {dagbag.py:588} INFO - Filling up the DagBag from /home/airflow/.local/lib/python3.12/site-packages/airflow/example_dags/example_datasets.py
[2025-07-15T15:57:53.641+0000] {processor.py:925} INFO - DAG(s) 'consume_1_or_both_2_and_3_with_dataset_expressions', 'conditional_dataset_and_time_based_timetable', 'consume_1_or_2_with_dataset_expressions', 'consume_1_and_2_with_dataset_expressions', 'dataset_consumes_1_and_2', 'dataset_produces_2', 'dataset_consumes_1', 'dataset_produces_1', 'dataset_consumes_1_never_scheduled', 'dataset_consumes_unknown_never_scheduled' retrieved from /home/airflow/.local/lib/python3.12/site-packages/airflow/example_dags/example_datasets.py
[2025-07-15T15:57:53.668+0000] {logging_mixin.py:190} INFO - [2025-07-15T15:57:53.668+0000] {dag.py:3239} INFO - Sync 10 DAGs
[2025-07-15T15:57:53.681+0000] {logging_mixin.py:190} INFO - [2025-07-15T15:57:53.681+0000] {dag.py:4180} INFO - Setting next_dagrun for conditional_dataset_and_time_based_timetable to 2025-07-09 01:00:00+00:00, run_after=2025-07-09 01:00:00+00:00
[2025-07-15T15:57:53.685+0000] {logging_mixin.py:190} INFO - [2025-07-15T15:57:53.685+0000] {dag.py:4180} INFO - Setting next_dagrun for consume_1_and_2_with_dataset_expressions to None, run_after=None
[2025-07-15T15:57:53.686+0000] {logging_mixin.py:190} INFO - [2025-07-15T15:57:53.686+0000] {dag.py:4180} INFO - Setting next_dagrun for consume_1_or_2_with_dataset_expressions to None, run_after=None
[2025-07-15T15:57:53.686+0000] {logging_mixin.py:190} INFO - [2025-07-15T15:57:53.686+0000] {dag.py:4180} INFO - Setting next_dagrun for consume_1_or_both_2_and_3_with_dataset_expressions to None, run_after=None
[2025-07-15T15:57:53.687+0000] {logging_mixin.py:190} INFO - [2025-07-15T15:57:53.687+0000] {dag.py:4180} INFO - Setting next_dagrun for dataset_consumes_1 to None, run_after=None
[2025-07-15T15:57:53.687+0000] {logging_mixin.py:190} INFO - [2025-07-15T15:57:53.687+0000] {dag.py:4180} INFO - Setting next_dagrun for dataset_consumes_1_and_2 to None, run_after=None
[2025-07-15T15:57:53.688+0000] {logging_mixin.py:190} INFO - [2025-07-15T15:57:53.688+0000] {dag.py:4180} INFO - Setting next_dagrun for dataset_consumes_1_never_scheduled to None, run_after=None
[2025-07-15T15:57:53.689+0000] {logging_mixin.py:190} INFO - [2025-07-15T15:57:53.689+0000] {dag.py:4180} INFO - Setting next_dagrun for dataset_consumes_unknown_never_scheduled to None, run_after=None
[2025-07-15T15:57:53.692+0000] {logging_mixin.py:190} INFO - [2025-07-15T15:57:53.691+0000] {dag.py:4180} INFO - Setting next_dagrun for dataset_produces_1 to 2025-07-14 00:00:00+00:00, run_after=2025-07-15 00:00:00+00:00
[2025-07-15T15:57:53.693+0000] {logging_mixin.py:190} INFO - [2025-07-15T15:57:53.693+0000] {dag.py:4180} INFO - Setting next_dagrun for dataset_produces_2 to None, run_after=None
[2025-07-15T15:57:53.717+0000] {processor.py:208} INFO - Processing /home/airflow/.local/lib/python3.12/site-packages/airflow/example_dags/example_datasets.py took 0.454 seconds
[2025-07-15T15:58:24.158+0000] {processor.py:186} INFO - Started process (PID=2687) to work on /home/airflow/.local/lib/python3.12/site-packages/airflow/example_dags/example_datasets.py
[2025-07-15T15:58:24.159+0000] {processor.py:914} INFO - Processing file /home/airflow/.local/lib/python3.12/site-packages/airflow/example_dags/example_datasets.py for tasks to queue
[2025-07-15T15:58:24.160+0000] {logging_mixin.py:190} INFO - [2025-07-15T15:58:24.160+0000] {dagbag.py:588} INFO - Filling up the DagBag from /home/airflow/.local/lib/python3.12/site-packages/airflow/example_dags/example_datasets.py
[2025-07-15T15:58:24.396+0000] {processor.py:925} INFO - DAG(s) 'dataset_consumes_1', 'dataset_consumes_unknown_never_scheduled', 'dataset_produces_1', 'consume_1_and_2_with_dataset_expressions', 'dataset_produces_2', 'consume_1_or_2_with_dataset_expressions', 'dataset_consumes_1_and_2', 'conditional_dataset_and_time_based_timetable', 'dataset_consumes_1_never_scheduled', 'consume_1_or_both_2_and_3_with_dataset_expressions' retrieved from /home/airflow/.local/lib/python3.12/site-packages/airflow/example_dags/example_datasets.py
[2025-07-15T15:58:24.422+0000] {logging_mixin.py:190} INFO - [2025-07-15T15:58:24.422+0000] {dag.py:3239} INFO - Sync 10 DAGs
[2025-07-15T15:58:24.435+0000] {logging_mixin.py:190} INFO - [2025-07-15T15:58:24.434+0000] {dag.py:4180} INFO - Setting next_dagrun for conditional_dataset_and_time_based_timetable to 2025-07-09 01:00:00+00:00, run_after=2025-07-09 01:00:00+00:00
[2025-07-15T15:58:24.437+0000] {logging_mixin.py:190} INFO - [2025-07-15T15:58:24.437+0000] {dag.py:4180} INFO - Setting next_dagrun for consume_1_and_2_with_dataset_expressions to None, run_after=None
[2025-07-15T15:58:24.437+0000] {logging_mixin.py:190} INFO - [2025-07-15T15:58:24.437+0000] {dag.py:4180} INFO - Setting next_dagrun for consume_1_or_2_with_dataset_expressions to None, run_after=None
[2025-07-15T15:58:24.438+0000] {logging_mixin.py:190} INFO - [2025-07-15T15:58:24.438+0000] {dag.py:4180} INFO - Setting next_dagrun for consume_1_or_both_2_and_3_with_dataset_expressions to None, run_after=None
[2025-07-15T15:58:24.438+0000] {logging_mixin.py:190} INFO - [2025-07-15T15:58:24.438+0000] {dag.py:4180} INFO - Setting next_dagrun for dataset_consumes_1 to None, run_after=None
[2025-07-15T15:58:24.439+0000] {logging_mixin.py:190} INFO - [2025-07-15T15:58:24.439+0000] {dag.py:4180} INFO - Setting next_dagrun for dataset_consumes_1_and_2 to None, run_after=None
[2025-07-15T15:58:24.439+0000] {logging_mixin.py:190} INFO - [2025-07-15T15:58:24.439+0000] {dag.py:4180} INFO - Setting next_dagrun for dataset_consumes_1_never_scheduled to None, run_after=None
[2025-07-15T15:58:24.440+0000] {logging_mixin.py:190} INFO - [2025-07-15T15:58:24.440+0000] {dag.py:4180} INFO - Setting next_dagrun for dataset_consumes_unknown_never_scheduled to None, run_after=None
[2025-07-15T15:58:24.441+0000] {logging_mixin.py:190} INFO - [2025-07-15T15:58:24.441+0000] {dag.py:4180} INFO - Setting next_dagrun for dataset_produces_1 to 2025-07-14 00:00:00+00:00, run_after=2025-07-15 00:00:00+00:00
[2025-07-15T15:58:24.443+0000] {logging_mixin.py:190} INFO - [2025-07-15T15:58:24.442+0000] {dag.py:4180} INFO - Setting next_dagrun for dataset_produces_2 to None, run_after=None
[2025-07-15T15:58:24.462+0000] {processor.py:208} INFO - Processing /home/airflow/.local/lib/python3.12/site-packages/airflow/example_dags/example_datasets.py took 0.309 seconds
[2025-07-15T15:58:55.521+0000] {processor.py:186} INFO - Started process (PID=2749) to work on /home/airflow/.local/lib/python3.12/site-packages/airflow/example_dags/example_datasets.py
[2025-07-15T15:58:55.525+0000] {processor.py:914} INFO - Processing file /home/airflow/.local/lib/python3.12/site-packages/airflow/example_dags/example_datasets.py for tasks to queue
[2025-07-15T15:58:55.526+0000] {logging_mixin.py:190} INFO - [2025-07-15T15:58:55.526+0000] {dagbag.py:588} INFO - Filling up the DagBag from /home/airflow/.local/lib/python3.12/site-packages/airflow/example_dags/example_datasets.py
[2025-07-15T15:58:55.723+0000] {processor.py:925} INFO - DAG(s) 'dataset_consumes_1', 'dataset_produces_1', 'consume_1_or_both_2_and_3_with_dataset_expressions', 'dataset_consumes_1_never_scheduled', 'dataset_consumes_unknown_never_scheduled', 'consume_1_or_2_with_dataset_expressions', 'consume_1_and_2_with_dataset_expressions', 'conditional_dataset_and_time_based_timetable', 'dataset_produces_2', 'dataset_consumes_1_and_2' retrieved from /home/airflow/.local/lib/python3.12/site-packages/airflow/example_dags/example_datasets.py
[2025-07-15T15:58:55.743+0000] {logging_mixin.py:190} INFO - [2025-07-15T15:58:55.743+0000] {dag.py:3239} INFO - Sync 10 DAGs
[2025-07-15T15:58:55.755+0000] {logging_mixin.py:190} INFO - [2025-07-15T15:58:55.755+0000] {dag.py:4180} INFO - Setting next_dagrun for conditional_dataset_and_time_based_timetable to 2025-07-09 01:00:00+00:00, run_after=2025-07-09 01:00:00+00:00
[2025-07-15T15:58:55.757+0000] {logging_mixin.py:190} INFO - [2025-07-15T15:58:55.757+0000] {dag.py:4180} INFO - Setting next_dagrun for consume_1_and_2_with_dataset_expressions to None, run_after=None
[2025-07-15T15:58:55.757+0000] {logging_mixin.py:190} INFO - [2025-07-15T15:58:55.757+0000] {dag.py:4180} INFO - Setting next_dagrun for consume_1_or_2_with_dataset_expressions to None, run_after=None
[2025-07-15T15:58:55.758+0000] {logging_mixin.py:190} INFO - [2025-07-15T15:58:55.758+0000] {dag.py:4180} INFO - Setting next_dagrun for consume_1_or_both_2_and_3_with_dataset_expressions to None, run_after=None
[2025-07-15T15:58:55.758+0000] {logging_mixin.py:190} INFO - [2025-07-15T15:58:55.758+0000] {dag.py:4180} INFO - Setting next_dagrun for dataset_consumes_1 to None, run_after=None
[2025-07-15T15:58:55.759+0000] {logging_mixin.py:190} INFO - [2025-07-15T15:58:55.759+0000] {dag.py:4180} INFO - Setting next_dagrun for dataset_consumes_1_and_2 to None, run_after=None
[2025-07-15T15:58:55.759+0000] {logging_mixin.py:190} INFO - [2025-07-15T15:58:55.759+0000] {dag.py:4180} INFO - Setting next_dagrun for dataset_consumes_1_never_scheduled to None, run_after=None
[2025-07-15T15:58:55.760+0000] {logging_mixin.py:190} INFO - [2025-07-15T15:58:55.760+0000] {dag.py:4180} INFO - Setting next_dagrun for dataset_consumes_unknown_never_scheduled to None, run_after=None
[2025-07-15T15:58:55.761+0000] {logging_mixin.py:190} INFO - [2025-07-15T15:58:55.761+0000] {dag.py:4180} INFO - Setting next_dagrun for dataset_produces_1 to 2025-07-14 00:00:00+00:00, run_after=2025-07-15 00:00:00+00:00
[2025-07-15T15:58:55.761+0000] {logging_mixin.py:190} INFO - [2025-07-15T15:58:55.761+0000] {dag.py:4180} INFO - Setting next_dagrun for dataset_produces_2 to None, run_after=None
[2025-07-15T15:58:55.780+0000] {processor.py:208} INFO - Processing /home/airflow/.local/lib/python3.12/site-packages/airflow/example_dags/example_datasets.py took 0.262 seconds
[2025-07-15T15:59:27.452+0000] {processor.py:186} INFO - Started process (PID=2813) to work on /home/airflow/.local/lib/python3.12/site-packages/airflow/example_dags/example_datasets.py
[2025-07-15T15:59:27.456+0000] {processor.py:914} INFO - Processing file /home/airflow/.local/lib/python3.12/site-packages/airflow/example_dags/example_datasets.py for tasks to queue
[2025-07-15T15:59:27.459+0000] {logging_mixin.py:190} INFO - [2025-07-15T15:59:27.459+0000] {dagbag.py:588} INFO - Filling up the DagBag from /home/airflow/.local/lib/python3.12/site-packages/airflow/example_dags/example_datasets.py
[2025-07-15T15:59:27.839+0000] {processor.py:925} INFO - DAG(s) 'dataset_consumes_1', 'consume_1_and_2_with_dataset_expressions', 'consume_1_or_2_with_dataset_expressions', 'dataset_produces_1', 'dataset_consumes_unknown_never_scheduled', 'dataset_consumes_1_never_scheduled', 'conditional_dataset_and_time_based_timetable', 'dataset_produces_2', 'consume_1_or_both_2_and_3_with_dataset_expressions', 'dataset_consumes_1_and_2' retrieved from /home/airflow/.local/lib/python3.12/site-packages/airflow/example_dags/example_datasets.py
[2025-07-15T15:59:27.865+0000] {logging_mixin.py:190} INFO - [2025-07-15T15:59:27.865+0000] {dag.py:3239} INFO - Sync 10 DAGs
[2025-07-15T15:59:27.880+0000] {logging_mixin.py:190} INFO - [2025-07-15T15:59:27.880+0000] {dag.py:4180} INFO - Setting next_dagrun for conditional_dataset_and_time_based_timetable to 2025-07-09 01:00:00+00:00, run_after=2025-07-09 01:00:00+00:00
[2025-07-15T15:59:27.882+0000] {logging_mixin.py:190} INFO - [2025-07-15T15:59:27.882+0000] {dag.py:4180} INFO - Setting next_dagrun for consume_1_and_2_with_dataset_expressions to None, run_after=None
[2025-07-15T15:59:27.883+0000] {logging_mixin.py:190} INFO - [2025-07-15T15:59:27.883+0000] {dag.py:4180} INFO - Setting next_dagrun for consume_1_or_2_with_dataset_expressions to None, run_after=None
[2025-07-15T15:59:27.884+0000] {logging_mixin.py:190} INFO - [2025-07-15T15:59:27.884+0000] {dag.py:4180} INFO - Setting next_dagrun for consume_1_or_both_2_and_3_with_dataset_expressions to None, run_after=None
[2025-07-15T15:59:27.884+0000] {logging_mixin.py:190} INFO - [2025-07-15T15:59:27.884+0000] {dag.py:4180} INFO - Setting next_dagrun for dataset_consumes_1 to None, run_after=None
[2025-07-15T15:59:27.885+0000] {logging_mixin.py:190} INFO - [2025-07-15T15:59:27.885+0000] {dag.py:4180} INFO - Setting next_dagrun for dataset_consumes_1_and_2 to None, run_after=None
[2025-07-15T15:59:27.886+0000] {logging_mixin.py:190} INFO - [2025-07-15T15:59:27.886+0000] {dag.py:4180} INFO - Setting next_dagrun for dataset_consumes_1_never_scheduled to None, run_after=None
[2025-07-15T15:59:27.886+0000] {logging_mixin.py:190} INFO - [2025-07-15T15:59:27.886+0000] {dag.py:4180} INFO - Setting next_dagrun for dataset_consumes_unknown_never_scheduled to None, run_after=None
[2025-07-15T15:59:27.887+0000] {logging_mixin.py:190} INFO - [2025-07-15T15:59:27.887+0000] {dag.py:4180} INFO - Setting next_dagrun for dataset_produces_1 to 2025-07-14 00:00:00+00:00, run_after=2025-07-15 00:00:00+00:00
[2025-07-15T15:59:27.888+0000] {logging_mixin.py:190} INFO - [2025-07-15T15:59:27.888+0000] {dag.py:4180} INFO - Setting next_dagrun for dataset_produces_2 to None, run_after=None
[2025-07-15T15:59:27.905+0000] {processor.py:208} INFO - Processing /home/airflow/.local/lib/python3.12/site-packages/airflow/example_dags/example_datasets.py took 0.457 seconds
[2025-07-15T15:59:57.965+0000] {processor.py:186} INFO - Started process (PID=2877) to work on /home/airflow/.local/lib/python3.12/site-packages/airflow/example_dags/example_datasets.py
[2025-07-15T15:59:57.966+0000] {processor.py:914} INFO - Processing file /home/airflow/.local/lib/python3.12/site-packages/airflow/example_dags/example_datasets.py for tasks to queue
[2025-07-15T15:59:57.968+0000] {logging_mixin.py:190} INFO - [2025-07-15T15:59:57.967+0000] {dagbag.py:588} INFO - Filling up the DagBag from /home/airflow/.local/lib/python3.12/site-packages/airflow/example_dags/example_datasets.py
[2025-07-15T15:59:58.216+0000] {processor.py:925} INFO - DAG(s) 'consume_1_or_2_with_dataset_expressions', 'consume_1_or_both_2_and_3_with_dataset_expressions', 'conditional_dataset_and_time_based_timetable', 'dataset_consumes_unknown_never_scheduled', 'dataset_produces_2', 'dataset_consumes_1_never_scheduled', 'dataset_consumes_1_and_2', 'dataset_produces_1', 'dataset_consumes_1', 'consume_1_and_2_with_dataset_expressions' retrieved from /home/airflow/.local/lib/python3.12/site-packages/airflow/example_dags/example_datasets.py
[2025-07-15T15:59:58.257+0000] {logging_mixin.py:190} INFO - [2025-07-15T15:59:58.257+0000] {dag.py:3239} INFO - Sync 10 DAGs
[2025-07-15T15:59:58.270+0000] {logging_mixin.py:190} INFO - [2025-07-15T15:59:58.270+0000] {dag.py:4180} INFO - Setting next_dagrun for conditional_dataset_and_time_based_timetable to 2025-07-09 01:00:00+00:00, run_after=2025-07-09 01:00:00+00:00
[2025-07-15T15:59:58.272+0000] {logging_mixin.py:190} INFO - [2025-07-15T15:59:58.272+0000] {dag.py:4180} INFO - Setting next_dagrun for consume_1_and_2_with_dataset_expressions to None, run_after=None
[2025-07-15T15:59:58.273+0000] {logging_mixin.py:190} INFO - [2025-07-15T15:59:58.273+0000] {dag.py:4180} INFO - Setting next_dagrun for consume_1_or_2_with_dataset_expressions to None, run_after=None
[2025-07-15T15:59:58.273+0000] {logging_mixin.py:190} INFO - [2025-07-15T15:59:58.273+0000] {dag.py:4180} INFO - Setting next_dagrun for consume_1_or_both_2_and_3_with_dataset_expressions to None, run_after=None
[2025-07-15T15:59:58.274+0000] {logging_mixin.py:190} INFO - [2025-07-15T15:59:58.274+0000] {dag.py:4180} INFO - Setting next_dagrun for dataset_consumes_1 to None, run_after=None
[2025-07-15T15:59:58.275+0000] {logging_mixin.py:190} INFO - [2025-07-15T15:59:58.275+0000] {dag.py:4180} INFO - Setting next_dagrun for dataset_consumes_1_and_2 to None, run_after=None
[2025-07-15T15:59:58.276+0000] {logging_mixin.py:190} INFO - [2025-07-15T15:59:58.276+0000] {dag.py:4180} INFO - Setting next_dagrun for dataset_consumes_1_never_scheduled to None, run_after=None
[2025-07-15T15:59:58.276+0000] {logging_mixin.py:190} INFO - [2025-07-15T15:59:58.276+0000] {dag.py:4180} INFO - Setting next_dagrun for dataset_consumes_unknown_never_scheduled to None, run_after=None
[2025-07-15T15:59:58.278+0000] {logging_mixin.py:190} INFO - [2025-07-15T15:59:58.277+0000] {dag.py:4180} INFO - Setting next_dagrun for dataset_produces_1 to 2025-07-14 00:00:00+00:00, run_after=2025-07-15 00:00:00+00:00
[2025-07-15T15:59:58.278+0000] {logging_mixin.py:190} INFO - [2025-07-15T15:59:58.278+0000] {dag.py:4180} INFO - Setting next_dagrun for dataset_produces_2 to None, run_after=None
[2025-07-15T15:59:58.296+0000] {processor.py:208} INFO - Processing /home/airflow/.local/lib/python3.12/site-packages/airflow/example_dags/example_datasets.py took 0.340 seconds
[2025-07-15T16:00:28.376+0000] {processor.py:186} INFO - Started process (PID=2937) to work on /home/airflow/.local/lib/python3.12/site-packages/airflow/example_dags/example_datasets.py
[2025-07-15T16:00:28.379+0000] {processor.py:914} INFO - Processing file /home/airflow/.local/lib/python3.12/site-packages/airflow/example_dags/example_datasets.py for tasks to queue
[2025-07-15T16:00:28.381+0000] {logging_mixin.py:190} INFO - [2025-07-15T16:00:28.381+0000] {dagbag.py:588} INFO - Filling up the DagBag from /home/airflow/.local/lib/python3.12/site-packages/airflow/example_dags/example_datasets.py
[2025-07-15T16:00:28.579+0000] {processor.py:925} INFO - DAG(s) 'consume_1_or_2_with_dataset_expressions', 'consume_1_and_2_with_dataset_expressions', 'dataset_consumes_unknown_never_scheduled', 'consume_1_or_both_2_and_3_with_dataset_expressions', 'dataset_consumes_1_never_scheduled', 'dataset_consumes_1_and_2', 'dataset_produces_1', 'conditional_dataset_and_time_based_timetable', 'dataset_produces_2', 'dataset_consumes_1' retrieved from /home/airflow/.local/lib/python3.12/site-packages/airflow/example_dags/example_datasets.py
[2025-07-15T16:00:28.608+0000] {logging_mixin.py:190} INFO - [2025-07-15T16:00:28.608+0000] {dag.py:3239} INFO - Sync 10 DAGs
[2025-07-15T16:00:28.622+0000] {logging_mixin.py:190} INFO - [2025-07-15T16:00:28.622+0000] {dag.py:4180} INFO - Setting next_dagrun for conditional_dataset_and_time_based_timetable to 2025-07-09 01:00:00+00:00, run_after=2025-07-09 01:00:00+00:00
[2025-07-15T16:00:28.626+0000] {logging_mixin.py:190} INFO - [2025-07-15T16:00:28.626+0000] {dag.py:4180} INFO - Setting next_dagrun for consume_1_and_2_with_dataset_expressions to None, run_after=None
[2025-07-15T16:00:28.628+0000] {logging_mixin.py:190} INFO - [2025-07-15T16:00:28.628+0000] {dag.py:4180} INFO - Setting next_dagrun for consume_1_or_2_with_dataset_expressions to None, run_after=None
[2025-07-15T16:00:28.630+0000] {logging_mixin.py:190} INFO - [2025-07-15T16:00:28.630+0000] {dag.py:4180} INFO - Setting next_dagrun for consume_1_or_both_2_and_3_with_dataset_expressions to None, run_after=None
[2025-07-15T16:00:28.631+0000] {logging_mixin.py:190} INFO - [2025-07-15T16:00:28.631+0000] {dag.py:4180} INFO - Setting next_dagrun for dataset_consumes_1 to None, run_after=None
[2025-07-15T16:00:28.633+0000] {logging_mixin.py:190} INFO - [2025-07-15T16:00:28.633+0000] {dag.py:4180} INFO - Setting next_dagrun for dataset_consumes_1_and_2 to None, run_after=None
[2025-07-15T16:00:28.634+0000] {logging_mixin.py:190} INFO - [2025-07-15T16:00:28.634+0000] {dag.py:4180} INFO - Setting next_dagrun for dataset_consumes_1_never_scheduled to None, run_after=None
[2025-07-15T16:00:28.636+0000] {logging_mixin.py:190} INFO - [2025-07-15T16:00:28.636+0000] {dag.py:4180} INFO - Setting next_dagrun for dataset_consumes_unknown_never_scheduled to None, run_after=None
[2025-07-15T16:00:28.638+0000] {logging_mixin.py:190} INFO - [2025-07-15T16:00:28.637+0000] {dag.py:4180} INFO - Setting next_dagrun for dataset_produces_1 to 2025-07-14 00:00:00+00:00, run_after=2025-07-15 00:00:00+00:00
[2025-07-15T16:00:28.641+0000] {logging_mixin.py:190} INFO - [2025-07-15T16:00:28.640+0000] {dag.py:4180} INFO - Setting next_dagrun for dataset_produces_2 to None, run_after=None
[2025-07-15T16:00:28.664+0000] {processor.py:208} INFO - Processing /home/airflow/.local/lib/python3.12/site-packages/airflow/example_dags/example_datasets.py took 0.291 seconds
[2025-07-15T16:00:59.879+0000] {processor.py:186} INFO - Started process (PID=2997) to work on /home/airflow/.local/lib/python3.12/site-packages/airflow/example_dags/example_datasets.py
[2025-07-15T16:00:59.880+0000] {processor.py:914} INFO - Processing file /home/airflow/.local/lib/python3.12/site-packages/airflow/example_dags/example_datasets.py for tasks to queue
[2025-07-15T16:00:59.881+0000] {logging_mixin.py:190} INFO - [2025-07-15T16:00:59.881+0000] {dagbag.py:588} INFO - Filling up the DagBag from /home/airflow/.local/lib/python3.12/site-packages/airflow/example_dags/example_datasets.py
[2025-07-15T16:01:00.102+0000] {processor.py:925} INFO - DAG(s) 'dataset_consumes_1_never_scheduled', 'consume_1_and_2_with_dataset_expressions', 'consume_1_or_both_2_and_3_with_dataset_expressions', 'dataset_produces_2', 'consume_1_or_2_with_dataset_expressions', 'dataset_consumes_1', 'dataset_consumes_1_and_2', 'dataset_consumes_unknown_never_scheduled', 'dataset_produces_1', 'conditional_dataset_and_time_based_timetable' retrieved from /home/airflow/.local/lib/python3.12/site-packages/airflow/example_dags/example_datasets.py
[2025-07-15T16:01:00.129+0000] {logging_mixin.py:190} INFO - [2025-07-15T16:01:00.129+0000] {dag.py:3239} INFO - Sync 10 DAGs
[2025-07-15T16:01:00.143+0000] {logging_mixin.py:190} INFO - [2025-07-15T16:01:00.143+0000] {dag.py:4180} INFO - Setting next_dagrun for conditional_dataset_and_time_based_timetable to 2025-07-09 01:00:00+00:00, run_after=2025-07-09 01:00:00+00:00
[2025-07-15T16:01:00.147+0000] {logging_mixin.py:190} INFO - [2025-07-15T16:01:00.147+0000] {dag.py:4180} INFO - Setting next_dagrun for consume_1_and_2_with_dataset_expressions to None, run_after=None
[2025-07-15T16:01:00.148+0000] {logging_mixin.py:190} INFO - [2025-07-15T16:01:00.148+0000] {dag.py:4180} INFO - Setting next_dagrun for consume_1_or_2_with_dataset_expressions to None, run_after=None
[2025-07-15T16:01:00.149+0000] {logging_mixin.py:190} INFO - [2025-07-15T16:01:00.149+0000] {dag.py:4180} INFO - Setting next_dagrun for consume_1_or_both_2_and_3_with_dataset_expressions to None, run_after=None
[2025-07-15T16:01:00.150+0000] {logging_mixin.py:190} INFO - [2025-07-15T16:01:00.150+0000] {dag.py:4180} INFO - Setting next_dagrun for dataset_consumes_1 to None, run_after=None
[2025-07-15T16:01:00.151+0000] {logging_mixin.py:190} INFO - [2025-07-15T16:01:00.151+0000] {dag.py:4180} INFO - Setting next_dagrun for dataset_consumes_1_and_2 to None, run_after=None
[2025-07-15T16:01:00.152+0000] {logging_mixin.py:190} INFO - [2025-07-15T16:01:00.152+0000] {dag.py:4180} INFO - Setting next_dagrun for dataset_consumes_1_never_scheduled to None, run_after=None
[2025-07-15T16:01:00.153+0000] {logging_mixin.py:190} INFO - [2025-07-15T16:01:00.153+0000] {dag.py:4180} INFO - Setting next_dagrun for dataset_consumes_unknown_never_scheduled to None, run_after=None
[2025-07-15T16:01:00.154+0000] {logging_mixin.py:190} INFO - [2025-07-15T16:01:00.154+0000] {dag.py:4180} INFO - Setting next_dagrun for dataset_produces_1 to 2025-07-14 00:00:00+00:00, run_after=2025-07-15 00:00:00+00:00
[2025-07-15T16:01:00.155+0000] {logging_mixin.py:190} INFO - [2025-07-15T16:01:00.155+0000] {dag.py:4180} INFO - Setting next_dagrun for dataset_produces_2 to None, run_after=None
[2025-07-15T16:01:00.180+0000] {processor.py:208} INFO - Processing /home/airflow/.local/lib/python3.12/site-packages/airflow/example_dags/example_datasets.py took 0.306 seconds
[2025-07-15T16:01:30.836+0000] {processor.py:186} INFO - Started process (PID=3059) to work on /home/airflow/.local/lib/python3.12/site-packages/airflow/example_dags/example_datasets.py
[2025-07-15T16:01:30.838+0000] {processor.py:914} INFO - Processing file /home/airflow/.local/lib/python3.12/site-packages/airflow/example_dags/example_datasets.py for tasks to queue
[2025-07-15T16:01:30.839+0000] {logging_mixin.py:190} INFO - [2025-07-15T16:01:30.839+0000] {dagbag.py:588} INFO - Filling up the DagBag from /home/airflow/.local/lib/python3.12/site-packages/airflow/example_dags/example_datasets.py
[2025-07-15T16:01:31.041+0000] {processor.py:925} INFO - DAG(s) 'consume_1_or_2_with_dataset_expressions', 'dataset_consumes_1_and_2', 'dataset_consumes_1_never_scheduled', 'consume_1_or_both_2_and_3_with_dataset_expressions', 'dataset_produces_1', 'consume_1_and_2_with_dataset_expressions', 'dataset_consumes_1', 'conditional_dataset_and_time_based_timetable', 'dataset_produces_2', 'dataset_consumes_unknown_never_scheduled' retrieved from /home/airflow/.local/lib/python3.12/site-packages/airflow/example_dags/example_datasets.py
[2025-07-15T16:01:31.066+0000] {logging_mixin.py:190} INFO - [2025-07-15T16:01:31.066+0000] {dag.py:3239} INFO - Sync 10 DAGs
[2025-07-15T16:01:31.082+0000] {logging_mixin.py:190} INFO - [2025-07-15T16:01:31.082+0000] {dag.py:4180} INFO - Setting next_dagrun for conditional_dataset_and_time_based_timetable to 2025-07-09 01:00:00+00:00, run_after=2025-07-09 01:00:00+00:00
[2025-07-15T16:01:31.090+0000] {logging_mixin.py:190} INFO - [2025-07-15T16:01:31.090+0000] {dag.py:4180} INFO - Setting next_dagrun for consume_1_and_2_with_dataset_expressions to None, run_after=None
[2025-07-15T16:01:31.091+0000] {logging_mixin.py:190} INFO - [2025-07-15T16:01:31.091+0000] {dag.py:4180} INFO - Setting next_dagrun for consume_1_or_2_with_dataset_expressions to None, run_after=None
[2025-07-15T16:01:31.092+0000] {logging_mixin.py:190} INFO - [2025-07-15T16:01:31.092+0000] {dag.py:4180} INFO - Setting next_dagrun for consume_1_or_both_2_and_3_with_dataset_expressions to None, run_after=None
[2025-07-15T16:01:31.093+0000] {logging_mixin.py:190} INFO - [2025-07-15T16:01:31.093+0000] {dag.py:4180} INFO - Setting next_dagrun for dataset_consumes_1 to None, run_after=None
[2025-07-15T16:01:31.095+0000] {logging_mixin.py:190} INFO - [2025-07-15T16:01:31.095+0000] {dag.py:4180} INFO - Setting next_dagrun for dataset_consumes_1_and_2 to None, run_after=None
[2025-07-15T16:01:31.097+0000] {logging_mixin.py:190} INFO - [2025-07-15T16:01:31.097+0000] {dag.py:4180} INFO - Setting next_dagrun for dataset_consumes_1_never_scheduled to None, run_after=None
[2025-07-15T16:01:31.098+0000] {logging_mixin.py:190} INFO - [2025-07-15T16:01:31.098+0000] {dag.py:4180} INFO - Setting next_dagrun for dataset_consumes_unknown_never_scheduled to None, run_after=None
[2025-07-15T16:01:31.105+0000] {logging_mixin.py:190} INFO - [2025-07-15T16:01:31.105+0000] {dag.py:4180} INFO - Setting next_dagrun for dataset_produces_1 to 2025-07-14 00:00:00+00:00, run_after=2025-07-15 00:00:00+00:00
[2025-07-15T16:01:31.106+0000] {logging_mixin.py:190} INFO - [2025-07-15T16:01:31.106+0000] {dag.py:4180} INFO - Setting next_dagrun for dataset_produces_2 to None, run_after=None
[2025-07-15T16:01:31.129+0000] {processor.py:208} INFO - Processing /home/airflow/.local/lib/python3.12/site-packages/airflow/example_dags/example_datasets.py took 0.302 seconds
[2025-07-15T16:02:02.407+0000] {processor.py:186} INFO - Started process (PID=3121) to work on /home/airflow/.local/lib/python3.12/site-packages/airflow/example_dags/example_datasets.py
[2025-07-15T16:02:02.408+0000] {processor.py:914} INFO - Processing file /home/airflow/.local/lib/python3.12/site-packages/airflow/example_dags/example_datasets.py for tasks to queue
[2025-07-15T16:02:02.413+0000] {logging_mixin.py:190} INFO - [2025-07-15T16:02:02.412+0000] {dagbag.py:588} INFO - Filling up the DagBag from /home/airflow/.local/lib/python3.12/site-packages/airflow/example_dags/example_datasets.py
[2025-07-15T16:02:02.750+0000] {processor.py:925} INFO - DAG(s) 'consume_1_or_2_with_dataset_expressions', 'dataset_consumes_1_and_2', 'dataset_consumes_1_never_scheduled', 'dataset_consumes_unknown_never_scheduled', 'consume_1_or_both_2_and_3_with_dataset_expressions', 'conditional_dataset_and_time_based_timetable', 'dataset_produces_2', 'dataset_consumes_1', 'dataset_produces_1', 'consume_1_and_2_with_dataset_expressions' retrieved from /home/airflow/.local/lib/python3.12/site-packages/airflow/example_dags/example_datasets.py
[2025-07-15T16:02:02.776+0000] {logging_mixin.py:190} INFO - [2025-07-15T16:02:02.775+0000] {dag.py:3239} INFO - Sync 10 DAGs
[2025-07-15T16:02:02.794+0000] {logging_mixin.py:190} INFO - [2025-07-15T16:02:02.794+0000] {dag.py:4180} INFO - Setting next_dagrun for conditional_dataset_and_time_based_timetable to 2025-07-09 01:00:00+00:00, run_after=2025-07-09 01:00:00+00:00
[2025-07-15T16:02:02.796+0000] {logging_mixin.py:190} INFO - [2025-07-15T16:02:02.796+0000] {dag.py:4180} INFO - Setting next_dagrun for consume_1_and_2_with_dataset_expressions to None, run_after=None
[2025-07-15T16:02:02.799+0000] {logging_mixin.py:190} INFO - [2025-07-15T16:02:02.799+0000] {dag.py:4180} INFO - Setting next_dagrun for consume_1_or_2_with_dataset_expressions to None, run_after=None
[2025-07-15T16:02:02.799+0000] {logging_mixin.py:190} INFO - [2025-07-15T16:02:02.799+0000] {dag.py:4180} INFO - Setting next_dagrun for consume_1_or_both_2_and_3_with_dataset_expressions to None, run_after=None
[2025-07-15T16:02:02.802+0000] {logging_mixin.py:190} INFO - [2025-07-15T16:02:02.802+0000] {dag.py:4180} INFO - Setting next_dagrun for dataset_consumes_1 to None, run_after=None
[2025-07-15T16:02:02.803+0000] {logging_mixin.py:190} INFO - [2025-07-15T16:02:02.803+0000] {dag.py:4180} INFO - Setting next_dagrun for dataset_consumes_1_and_2 to None, run_after=None
[2025-07-15T16:02:02.806+0000] {logging_mixin.py:190} INFO - [2025-07-15T16:02:02.806+0000] {dag.py:4180} INFO - Setting next_dagrun for dataset_consumes_1_never_scheduled to None, run_after=None
[2025-07-15T16:02:02.808+0000] {logging_mixin.py:190} INFO - [2025-07-15T16:02:02.808+0000] {dag.py:4180} INFO - Setting next_dagrun for dataset_consumes_unknown_never_scheduled to None, run_after=None
[2025-07-15T16:02:02.814+0000] {logging_mixin.py:190} INFO - [2025-07-15T16:02:02.813+0000] {dag.py:4180} INFO - Setting next_dagrun for dataset_produces_1 to 2025-07-14 00:00:00+00:00, run_after=2025-07-15 00:00:00+00:00
[2025-07-15T16:02:02.817+0000] {logging_mixin.py:190} INFO - [2025-07-15T16:02:02.817+0000] {dag.py:4180} INFO - Setting next_dagrun for dataset_produces_2 to None, run_after=None
[2025-07-15T16:02:02.842+0000] {processor.py:208} INFO - Processing /home/airflow/.local/lib/python3.12/site-packages/airflow/example_dags/example_datasets.py took 0.439 seconds
[2025-07-15T16:02:33.081+0000] {processor.py:186} INFO - Started process (PID=3184) to work on /home/airflow/.local/lib/python3.12/site-packages/airflow/example_dags/example_datasets.py
[2025-07-15T16:02:33.082+0000] {processor.py:914} INFO - Processing file /home/airflow/.local/lib/python3.12/site-packages/airflow/example_dags/example_datasets.py for tasks to queue
[2025-07-15T16:02:33.083+0000] {logging_mixin.py:190} INFO - [2025-07-15T16:02:33.082+0000] {dagbag.py:588} INFO - Filling up the DagBag from /home/airflow/.local/lib/python3.12/site-packages/airflow/example_dags/example_datasets.py
[2025-07-15T16:02:33.253+0000] {processor.py:925} INFO - DAG(s) 'consume_1_or_both_2_and_3_with_dataset_expressions', 'dataset_consumes_1_and_2', 'dataset_consumes_1_never_scheduled', 'dataset_produces_2', 'dataset_produces_1', 'consume_1_and_2_with_dataset_expressions', 'dataset_consumes_1', 'conditional_dataset_and_time_based_timetable', 'consume_1_or_2_with_dataset_expressions', 'dataset_consumes_unknown_never_scheduled' retrieved from /home/airflow/.local/lib/python3.12/site-packages/airflow/example_dags/example_datasets.py
[2025-07-15T16:02:33.275+0000] {logging_mixin.py:190} INFO - [2025-07-15T16:02:33.274+0000] {dag.py:3239} INFO - Sync 10 DAGs
[2025-07-15T16:02:33.286+0000] {logging_mixin.py:190} INFO - [2025-07-15T16:02:33.286+0000] {dag.py:4180} INFO - Setting next_dagrun for conditional_dataset_and_time_based_timetable to 2025-07-09 01:00:00+00:00, run_after=2025-07-09 01:00:00+00:00
[2025-07-15T16:02:33.288+0000] {logging_mixin.py:190} INFO - [2025-07-15T16:02:33.288+0000] {dag.py:4180} INFO - Setting next_dagrun for consume_1_and_2_with_dataset_expressions to None, run_after=None
[2025-07-15T16:02:33.289+0000] {logging_mixin.py:190} INFO - [2025-07-15T16:02:33.289+0000] {dag.py:4180} INFO - Setting next_dagrun for consume_1_or_2_with_dataset_expressions to None, run_after=None
[2025-07-15T16:02:33.290+0000] {logging_mixin.py:190} INFO - [2025-07-15T16:02:33.290+0000] {dag.py:4180} INFO - Setting next_dagrun for consume_1_or_both_2_and_3_with_dataset_expressions to None, run_after=None
[2025-07-15T16:02:33.290+0000] {logging_mixin.py:190} INFO - [2025-07-15T16:02:33.290+0000] {dag.py:4180} INFO - Setting next_dagrun for dataset_consumes_1 to None, run_after=None
[2025-07-15T16:02:33.291+0000] {logging_mixin.py:190} INFO - [2025-07-15T16:02:33.291+0000] {dag.py:4180} INFO - Setting next_dagrun for dataset_consumes_1_and_2 to None, run_after=None
[2025-07-15T16:02:33.292+0000] {logging_mixin.py:190} INFO - [2025-07-15T16:02:33.292+0000] {dag.py:4180} INFO - Setting next_dagrun for dataset_consumes_1_never_scheduled to None, run_after=None
[2025-07-15T16:02:33.293+0000] {logging_mixin.py:190} INFO - [2025-07-15T16:02:33.293+0000] {dag.py:4180} INFO - Setting next_dagrun for dataset_consumes_unknown_never_scheduled to None, run_after=None
[2025-07-15T16:02:33.294+0000] {logging_mixin.py:190} INFO - [2025-07-15T16:02:33.294+0000] {dag.py:4180} INFO - Setting next_dagrun for dataset_produces_1 to 2025-07-14 00:00:00+00:00, run_after=2025-07-15 00:00:00+00:00
[2025-07-15T16:02:33.295+0000] {logging_mixin.py:190} INFO - [2025-07-15T16:02:33.294+0000] {dag.py:4180} INFO - Setting next_dagrun for dataset_produces_2 to None, run_after=None
[2025-07-15T16:02:33.311+0000] {processor.py:208} INFO - Processing /home/airflow/.local/lib/python3.12/site-packages/airflow/example_dags/example_datasets.py took 0.235 seconds
[2025-07-15T16:03:04.081+0000] {processor.py:186} INFO - Started process (PID=3245) to work on /home/airflow/.local/lib/python3.12/site-packages/airflow/example_dags/example_datasets.py
[2025-07-15T16:03:04.082+0000] {processor.py:914} INFO - Processing file /home/airflow/.local/lib/python3.12/site-packages/airflow/example_dags/example_datasets.py for tasks to queue
[2025-07-15T16:03:04.084+0000] {logging_mixin.py:190} INFO - [2025-07-15T16:03:04.083+0000] {dagbag.py:588} INFO - Filling up the DagBag from /home/airflow/.local/lib/python3.12/site-packages/airflow/example_dags/example_datasets.py
[2025-07-15T16:03:04.297+0000] {processor.py:925} INFO - DAG(s) 'dataset_produces_2', 'dataset_produces_1', 'consume_1_or_both_2_and_3_with_dataset_expressions', 'dataset_consumes_unknown_never_scheduled', 'dataset_consumes_1_and_2', 'dataset_consumes_1_never_scheduled', 'dataset_consumes_1', 'conditional_dataset_and_time_based_timetable', 'consume_1_and_2_with_dataset_expressions', 'consume_1_or_2_with_dataset_expressions' retrieved from /home/airflow/.local/lib/python3.12/site-packages/airflow/example_dags/example_datasets.py
[2025-07-15T16:03:04.317+0000] {logging_mixin.py:190} INFO - [2025-07-15T16:03:04.317+0000] {dag.py:3239} INFO - Sync 10 DAGs
[2025-07-15T16:03:04.336+0000] {logging_mixin.py:190} INFO - [2025-07-15T16:03:04.336+0000] {dag.py:4180} INFO - Setting next_dagrun for conditional_dataset_and_time_based_timetable to 2025-07-09 01:00:00+00:00, run_after=2025-07-09 01:00:00+00:00
[2025-07-15T16:03:04.339+0000] {logging_mixin.py:190} INFO - [2025-07-15T16:03:04.339+0000] {dag.py:4180} INFO - Setting next_dagrun for consume_1_and_2_with_dataset_expressions to None, run_after=None
[2025-07-15T16:03:04.341+0000] {logging_mixin.py:190} INFO - [2025-07-15T16:03:04.341+0000] {dag.py:4180} INFO - Setting next_dagrun for consume_1_or_2_with_dataset_expressions to None, run_after=None
[2025-07-15T16:03:04.342+0000] {logging_mixin.py:190} INFO - [2025-07-15T16:03:04.342+0000] {dag.py:4180} INFO - Setting next_dagrun for consume_1_or_both_2_and_3_with_dataset_expressions to None, run_after=None
[2025-07-15T16:03:04.344+0000] {logging_mixin.py:190} INFO - [2025-07-15T16:03:04.344+0000] {dag.py:4180} INFO - Setting next_dagrun for dataset_consumes_1 to None, run_after=None
[2025-07-15T16:03:04.344+0000] {logging_mixin.py:190} INFO - [2025-07-15T16:03:04.344+0000] {dag.py:4180} INFO - Setting next_dagrun for dataset_consumes_1_and_2 to None, run_after=None
[2025-07-15T16:03:04.347+0000] {logging_mixin.py:190} INFO - [2025-07-15T16:03:04.347+0000] {dag.py:4180} INFO - Setting next_dagrun for dataset_consumes_1_never_scheduled to None, run_after=None
[2025-07-15T16:03:04.348+0000] {logging_mixin.py:190} INFO - [2025-07-15T16:03:04.348+0000] {dag.py:4180} INFO - Setting next_dagrun for dataset_consumes_unknown_never_scheduled to None, run_after=None
[2025-07-15T16:03:04.350+0000] {logging_mixin.py:190} INFO - [2025-07-15T16:03:04.350+0000] {dag.py:4180} INFO - Setting next_dagrun for dataset_produces_1 to 2025-07-14 00:00:00+00:00, run_after=2025-07-15 00:00:00+00:00
[2025-07-15T16:03:04.351+0000] {logging_mixin.py:190} INFO - [2025-07-15T16:03:04.351+0000] {dag.py:4180} INFO - Setting next_dagrun for dataset_produces_2 to None, run_after=None
[2025-07-15T16:03:04.371+0000] {processor.py:208} INFO - Processing /home/airflow/.local/lib/python3.12/site-packages/airflow/example_dags/example_datasets.py took 0.294 seconds
[2025-07-15T16:03:37.890+0000] {processor.py:186} INFO - Started process (PID=3307) to work on /home/airflow/.local/lib/python3.12/site-packages/airflow/example_dags/example_datasets.py
[2025-07-15T16:03:37.891+0000] {processor.py:914} INFO - Processing file /home/airflow/.local/lib/python3.12/site-packages/airflow/example_dags/example_datasets.py for tasks to queue
[2025-07-15T16:03:37.892+0000] {logging_mixin.py:190} INFO - [2025-07-15T16:03:37.892+0000] {dagbag.py:588} INFO - Filling up the DagBag from /home/airflow/.local/lib/python3.12/site-packages/airflow/example_dags/example_datasets.py
[2025-07-15T16:03:38.173+0000] {processor.py:925} INFO - DAG(s) 'consume_1_or_both_2_and_3_with_dataset_expressions', 'conditional_dataset_and_time_based_timetable', 'consume_1_and_2_with_dataset_expressions', 'consume_1_or_2_with_dataset_expressions', 'dataset_consumes_1', 'dataset_consumes_unknown_never_scheduled', 'dataset_consumes_1_never_scheduled', 'dataset_consumes_1_and_2', 'dataset_produces_2', 'dataset_produces_1' retrieved from /home/airflow/.local/lib/python3.12/site-packages/airflow/example_dags/example_datasets.py
[2025-07-15T16:03:38.230+0000] {logging_mixin.py:190} INFO - [2025-07-15T16:03:38.230+0000] {dag.py:3239} INFO - Sync 10 DAGs
[2025-07-15T16:03:38.255+0000] {logging_mixin.py:190} INFO - [2025-07-15T16:03:38.254+0000] {dag.py:4180} INFO - Setting next_dagrun for conditional_dataset_and_time_based_timetable to 2025-07-09 01:00:00+00:00, run_after=2025-07-09 01:00:00+00:00
[2025-07-15T16:03:38.258+0000] {logging_mixin.py:190} INFO - [2025-07-15T16:03:38.258+0000] {dag.py:4180} INFO - Setting next_dagrun for consume_1_and_2_with_dataset_expressions to None, run_after=None
[2025-07-15T16:03:38.260+0000] {logging_mixin.py:190} INFO - [2025-07-15T16:03:38.260+0000] {dag.py:4180} INFO - Setting next_dagrun for consume_1_or_2_with_dataset_expressions to None, run_after=None
[2025-07-15T16:03:38.261+0000] {logging_mixin.py:190} INFO - [2025-07-15T16:03:38.261+0000] {dag.py:4180} INFO - Setting next_dagrun for consume_1_or_both_2_and_3_with_dataset_expressions to None, run_after=None
[2025-07-15T16:03:38.263+0000] {logging_mixin.py:190} INFO - [2025-07-15T16:03:38.262+0000] {dag.py:4180} INFO - Setting next_dagrun for dataset_consumes_1 to None, run_after=None
[2025-07-15T16:03:38.264+0000] {logging_mixin.py:190} INFO - [2025-07-15T16:03:38.264+0000] {dag.py:4180} INFO - Setting next_dagrun for dataset_consumes_1_and_2 to None, run_after=None
[2025-07-15T16:03:38.265+0000] {logging_mixin.py:190} INFO - [2025-07-15T16:03:38.265+0000] {dag.py:4180} INFO - Setting next_dagrun for dataset_consumes_1_never_scheduled to None, run_after=None
[2025-07-15T16:03:38.267+0000] {logging_mixin.py:190} INFO - [2025-07-15T16:03:38.266+0000] {dag.py:4180} INFO - Setting next_dagrun for dataset_consumes_unknown_never_scheduled to None, run_after=None
[2025-07-15T16:03:38.269+0000] {logging_mixin.py:190} INFO - [2025-07-15T16:03:38.268+0000] {dag.py:4180} INFO - Setting next_dagrun for dataset_produces_1 to 2025-07-14 00:00:00+00:00, run_after=2025-07-15 00:00:00+00:00
[2025-07-15T16:03:38.270+0000] {logging_mixin.py:190} INFO - [2025-07-15T16:03:38.270+0000] {dag.py:4180} INFO - Setting next_dagrun for dataset_produces_2 to None, run_after=None
[2025-07-15T16:03:38.297+0000] {processor.py:208} INFO - Processing /home/airflow/.local/lib/python3.12/site-packages/airflow/example_dags/example_datasets.py took 0.411 seconds
[2025-07-15T16:04:08.412+0000] {processor.py:186} INFO - Started process (PID=3370) to work on /home/airflow/.local/lib/python3.12/site-packages/airflow/example_dags/example_datasets.py
[2025-07-15T16:04:08.412+0000] {processor.py:914} INFO - Processing file /home/airflow/.local/lib/python3.12/site-packages/airflow/example_dags/example_datasets.py for tasks to queue
[2025-07-15T16:04:08.414+0000] {logging_mixin.py:190} INFO - [2025-07-15T16:04:08.413+0000] {dagbag.py:588} INFO - Filling up the DagBag from /home/airflow/.local/lib/python3.12/site-packages/airflow/example_dags/example_datasets.py
[2025-07-15T16:04:08.571+0000] {processor.py:925} INFO - DAG(s) 'dataset_consumes_1', 'conditional_dataset_and_time_based_timetable', 'dataset_consumes_unknown_never_scheduled', 'consume_1_or_both_2_and_3_with_dataset_expressions', 'consume_1_or_2_with_dataset_expressions', 'consume_1_and_2_with_dataset_expressions', 'dataset_produces_1', 'dataset_produces_2', 'dataset_consumes_1_and_2', 'dataset_consumes_1_never_scheduled' retrieved from /home/airflow/.local/lib/python3.12/site-packages/airflow/example_dags/example_datasets.py
[2025-07-15T16:04:08.588+0000] {logging_mixin.py:190} INFO - [2025-07-15T16:04:08.588+0000] {dag.py:3239} INFO - Sync 10 DAGs
[2025-07-15T16:04:08.599+0000] {logging_mixin.py:190} INFO - [2025-07-15T16:04:08.599+0000] {dag.py:4180} INFO - Setting next_dagrun for conditional_dataset_and_time_based_timetable to 2025-07-09 01:00:00+00:00, run_after=2025-07-09 01:00:00+00:00
[2025-07-15T16:04:08.601+0000] {logging_mixin.py:190} INFO - [2025-07-15T16:04:08.601+0000] {dag.py:4180} INFO - Setting next_dagrun for consume_1_and_2_with_dataset_expressions to None, run_after=None
[2025-07-15T16:04:08.602+0000] {logging_mixin.py:190} INFO - [2025-07-15T16:04:08.601+0000] {dag.py:4180} INFO - Setting next_dagrun for consume_1_or_2_with_dataset_expressions to None, run_after=None
[2025-07-15T16:04:08.602+0000] {logging_mixin.py:190} INFO - [2025-07-15T16:04:08.602+0000] {dag.py:4180} INFO - Setting next_dagrun for consume_1_or_both_2_and_3_with_dataset_expressions to None, run_after=None
[2025-07-15T16:04:08.603+0000] {logging_mixin.py:190} INFO - [2025-07-15T16:04:08.602+0000] {dag.py:4180} INFO - Setting next_dagrun for dataset_consumes_1 to None, run_after=None
[2025-07-15T16:04:08.603+0000] {logging_mixin.py:190} INFO - [2025-07-15T16:04:08.603+0000] {dag.py:4180} INFO - Setting next_dagrun for dataset_consumes_1_and_2 to None, run_after=None
[2025-07-15T16:04:08.604+0000] {logging_mixin.py:190} INFO - [2025-07-15T16:04:08.604+0000] {dag.py:4180} INFO - Setting next_dagrun for dataset_consumes_1_never_scheduled to None, run_after=None
[2025-07-15T16:04:08.604+0000] {logging_mixin.py:190} INFO - [2025-07-15T16:04:08.604+0000] {dag.py:4180} INFO - Setting next_dagrun for dataset_consumes_unknown_never_scheduled to None, run_after=None
[2025-07-15T16:04:08.605+0000] {logging_mixin.py:190} INFO - [2025-07-15T16:04:08.605+0000] {dag.py:4180} INFO - Setting next_dagrun for dataset_produces_1 to 2025-07-14 00:00:00+00:00, run_after=2025-07-15 00:00:00+00:00
[2025-07-15T16:04:08.606+0000] {logging_mixin.py:190} INFO - [2025-07-15T16:04:08.606+0000] {dag.py:4180} INFO - Setting next_dagrun for dataset_produces_2 to None, run_after=None
[2025-07-15T16:04:08.618+0000] {processor.py:208} INFO - Processing /home/airflow/.local/lib/python3.12/site-packages/airflow/example_dags/example_datasets.py took 0.209 seconds
[2025-07-15T16:04:40.413+0000] {processor.py:186} INFO - Started process (PID=3432) to work on /home/airflow/.local/lib/python3.12/site-packages/airflow/example_dags/example_datasets.py
[2025-07-15T16:04:40.415+0000] {processor.py:914} INFO - Processing file /home/airflow/.local/lib/python3.12/site-packages/airflow/example_dags/example_datasets.py for tasks to queue
[2025-07-15T16:04:40.416+0000] {logging_mixin.py:190} INFO - [2025-07-15T16:04:40.416+0000] {dagbag.py:588} INFO - Filling up the DagBag from /home/airflow/.local/lib/python3.12/site-packages/airflow/example_dags/example_datasets.py
[2025-07-15T16:04:40.846+0000] {processor.py:925} INFO - DAG(s) 'dataset_consumes_1_never_scheduled', 'dataset_produces_1', 'consume_1_and_2_with_dataset_expressions', 'dataset_consumes_1_and_2', 'dataset_consumes_unknown_never_scheduled', 'consume_1_or_2_with_dataset_expressions', 'consume_1_or_both_2_and_3_with_dataset_expressions', 'conditional_dataset_and_time_based_timetable', 'dataset_consumes_1', 'dataset_produces_2' retrieved from /home/airflow/.local/lib/python3.12/site-packages/airflow/example_dags/example_datasets.py
[2025-07-15T16:04:40.941+0000] {logging_mixin.py:190} INFO - [2025-07-15T16:04:40.940+0000] {dag.py:3239} INFO - Sync 10 DAGs
[2025-07-15T16:04:41.061+0000] {logging_mixin.py:190} INFO - [2025-07-15T16:04:41.061+0000] {dag.py:4180} INFO - Setting next_dagrun for conditional_dataset_and_time_based_timetable to 2025-07-09 01:00:00+00:00, run_after=2025-07-09 01:00:00+00:00
[2025-07-15T16:04:41.073+0000] {logging_mixin.py:190} INFO - [2025-07-15T16:04:41.072+0000] {dag.py:4180} INFO - Setting next_dagrun for consume_1_and_2_with_dataset_expressions to None, run_after=None
[2025-07-15T16:04:41.077+0000] {logging_mixin.py:190} INFO - [2025-07-15T16:04:41.076+0000] {dag.py:4180} INFO - Setting next_dagrun for consume_1_or_2_with_dataset_expressions to None, run_after=None
[2025-07-15T16:04:41.082+0000] {logging_mixin.py:190} INFO - [2025-07-15T16:04:41.081+0000] {dag.py:4180} INFO - Setting next_dagrun for consume_1_or_both_2_and_3_with_dataset_expressions to None, run_after=None
[2025-07-15T16:04:41.088+0000] {logging_mixin.py:190} INFO - [2025-07-15T16:04:41.087+0000] {dag.py:4180} INFO - Setting next_dagrun for dataset_consumes_1 to None, run_after=None
[2025-07-15T16:04:41.091+0000] {logging_mixin.py:190} INFO - [2025-07-15T16:04:41.091+0000] {dag.py:4180} INFO - Setting next_dagrun for dataset_consumes_1_and_2 to None, run_after=None
[2025-07-15T16:04:41.096+0000] {logging_mixin.py:190} INFO - [2025-07-15T16:04:41.094+0000] {dag.py:4180} INFO - Setting next_dagrun for dataset_consumes_1_never_scheduled to None, run_after=None
[2025-07-15T16:04:41.099+0000] {logging_mixin.py:190} INFO - [2025-07-15T16:04:41.099+0000] {dag.py:4180} INFO - Setting next_dagrun for dataset_consumes_unknown_never_scheduled to None, run_after=None
[2025-07-15T16:04:41.107+0000] {logging_mixin.py:190} INFO - [2025-07-15T16:04:41.106+0000] {dag.py:4180} INFO - Setting next_dagrun for dataset_produces_1 to 2025-07-14 00:00:00+00:00, run_after=2025-07-15 00:00:00+00:00
[2025-07-15T16:04:41.112+0000] {logging_mixin.py:190} INFO - [2025-07-15T16:04:41.112+0000] {dag.py:4180} INFO - Setting next_dagrun for dataset_produces_2 to None, run_after=None
[2025-07-15T16:04:41.224+0000] {processor.py:208} INFO - Processing /home/airflow/.local/lib/python3.12/site-packages/airflow/example_dags/example_datasets.py took 0.825 seconds
[2025-07-15T16:05:12.272+0000] {processor.py:186} INFO - Started process (PID=3496) to work on /home/airflow/.local/lib/python3.12/site-packages/airflow/example_dags/example_datasets.py
[2025-07-15T16:05:12.279+0000] {processor.py:914} INFO - Processing file /home/airflow/.local/lib/python3.12/site-packages/airflow/example_dags/example_datasets.py for tasks to queue
[2025-07-15T16:05:12.289+0000] {logging_mixin.py:190} INFO - [2025-07-15T16:05:12.288+0000] {dagbag.py:588} INFO - Filling up the DagBag from /home/airflow/.local/lib/python3.12/site-packages/airflow/example_dags/example_datasets.py
[2025-07-15T16:05:12.600+0000] {processor.py:925} INFO - DAG(s) 'dataset_produces_2', 'dataset_consumes_unknown_never_scheduled', 'consume_1_or_both_2_and_3_with_dataset_expressions', 'dataset_produces_1', 'dataset_consumes_1', 'consume_1_and_2_with_dataset_expressions', 'consume_1_or_2_with_dataset_expressions', 'dataset_consumes_1_never_scheduled', 'conditional_dataset_and_time_based_timetable', 'dataset_consumes_1_and_2' retrieved from /home/airflow/.local/lib/python3.12/site-packages/airflow/example_dags/example_datasets.py
[2025-07-15T16:05:12.633+0000] {logging_mixin.py:190} INFO - [2025-07-15T16:05:12.633+0000] {dag.py:3239} INFO - Sync 10 DAGs
[2025-07-15T16:05:12.655+0000] {logging_mixin.py:190} INFO - [2025-07-15T16:05:12.654+0000] {dag.py:4180} INFO - Setting next_dagrun for conditional_dataset_and_time_based_timetable to 2025-07-09 01:00:00+00:00, run_after=2025-07-09 01:00:00+00:00
[2025-07-15T16:05:12.657+0000] {logging_mixin.py:190} INFO - [2025-07-15T16:05:12.656+0000] {dag.py:4180} INFO - Setting next_dagrun for consume_1_and_2_with_dataset_expressions to None, run_after=None
[2025-07-15T16:05:12.657+0000] {logging_mixin.py:190} INFO - [2025-07-15T16:05:12.657+0000] {dag.py:4180} INFO - Setting next_dagrun for consume_1_or_2_with_dataset_expressions to None, run_after=None
[2025-07-15T16:05:12.658+0000] {logging_mixin.py:190} INFO - [2025-07-15T16:05:12.658+0000] {dag.py:4180} INFO - Setting next_dagrun for consume_1_or_both_2_and_3_with_dataset_expressions to None, run_after=None
[2025-07-15T16:05:12.658+0000] {logging_mixin.py:190} INFO - [2025-07-15T16:05:12.658+0000] {dag.py:4180} INFO - Setting next_dagrun for dataset_consumes_1 to None, run_after=None
[2025-07-15T16:05:12.659+0000] {logging_mixin.py:190} INFO - [2025-07-15T16:05:12.659+0000] {dag.py:4180} INFO - Setting next_dagrun for dataset_consumes_1_and_2 to None, run_after=None
[2025-07-15T16:05:12.661+0000] {logging_mixin.py:190} INFO - [2025-07-15T16:05:12.661+0000] {dag.py:4180} INFO - Setting next_dagrun for dataset_consumes_1_never_scheduled to None, run_after=None
[2025-07-15T16:05:12.663+0000] {logging_mixin.py:190} INFO - [2025-07-15T16:05:12.663+0000] {dag.py:4180} INFO - Setting next_dagrun for dataset_consumes_unknown_never_scheduled to None, run_after=None
[2025-07-15T16:05:12.664+0000] {logging_mixin.py:190} INFO - [2025-07-15T16:05:12.664+0000] {dag.py:4180} INFO - Setting next_dagrun for dataset_produces_1 to 2025-07-14 00:00:00+00:00, run_after=2025-07-15 00:00:00+00:00
[2025-07-15T16:05:12.666+0000] {logging_mixin.py:190} INFO - [2025-07-15T16:05:12.666+0000] {dag.py:4180} INFO - Setting next_dagrun for dataset_produces_2 to None, run_after=None
[2025-07-15T16:05:12.689+0000] {processor.py:208} INFO - Processing /home/airflow/.local/lib/python3.12/site-packages/airflow/example_dags/example_datasets.py took 0.445 seconds
[2025-07-15T16:05:43.446+0000] {processor.py:186} INFO - Started process (PID=3558) to work on /home/airflow/.local/lib/python3.12/site-packages/airflow/example_dags/example_datasets.py
[2025-07-15T16:05:43.450+0000] {processor.py:914} INFO - Processing file /home/airflow/.local/lib/python3.12/site-packages/airflow/example_dags/example_datasets.py for tasks to queue
[2025-07-15T16:05:43.456+0000] {logging_mixin.py:190} INFO - [2025-07-15T16:05:43.455+0000] {dagbag.py:588} INFO - Filling up the DagBag from /home/airflow/.local/lib/python3.12/site-packages/airflow/example_dags/example_datasets.py
[2025-07-15T16:05:43.674+0000] {processor.py:925} INFO - DAG(s) 'dataset_consumes_1', 'consume_1_and_2_with_dataset_expressions', 'dataset_produces_1', 'dataset_consumes_1_never_scheduled', 'conditional_dataset_and_time_based_timetable', 'consume_1_or_both_2_and_3_with_dataset_expressions', 'dataset_consumes_unknown_never_scheduled', 'dataset_produces_2', 'dataset_consumes_1_and_2', 'consume_1_or_2_with_dataset_expressions' retrieved from /home/airflow/.local/lib/python3.12/site-packages/airflow/example_dags/example_datasets.py
[2025-07-15T16:05:43.700+0000] {logging_mixin.py:190} INFO - [2025-07-15T16:05:43.700+0000] {dag.py:3239} INFO - Sync 10 DAGs
[2025-07-15T16:05:43.719+0000] {logging_mixin.py:190} INFO - [2025-07-15T16:05:43.719+0000] {dag.py:4180} INFO - Setting next_dagrun for conditional_dataset_and_time_based_timetable to 2025-07-09 01:00:00+00:00, run_after=2025-07-09 01:00:00+00:00
[2025-07-15T16:05:43.721+0000] {logging_mixin.py:190} INFO - [2025-07-15T16:05:43.721+0000] {dag.py:4180} INFO - Setting next_dagrun for consume_1_and_2_with_dataset_expressions to None, run_after=None
[2025-07-15T16:05:43.721+0000] {logging_mixin.py:190} INFO - [2025-07-15T16:05:43.721+0000] {dag.py:4180} INFO - Setting next_dagrun for consume_1_or_2_with_dataset_expressions to None, run_after=None
[2025-07-15T16:05:43.723+0000] {logging_mixin.py:190} INFO - [2025-07-15T16:05:43.723+0000] {dag.py:4180} INFO - Setting next_dagrun for consume_1_or_both_2_and_3_with_dataset_expressions to None, run_after=None
[2025-07-15T16:05:43.725+0000] {logging_mixin.py:190} INFO - [2025-07-15T16:05:43.725+0000] {dag.py:4180} INFO - Setting next_dagrun for dataset_consumes_1 to None, run_after=None
[2025-07-15T16:05:43.726+0000] {logging_mixin.py:190} INFO - [2025-07-15T16:05:43.726+0000] {dag.py:4180} INFO - Setting next_dagrun for dataset_consumes_1_and_2 to None, run_after=None
[2025-07-15T16:05:43.727+0000] {logging_mixin.py:190} INFO - [2025-07-15T16:05:43.727+0000] {dag.py:4180} INFO - Setting next_dagrun for dataset_consumes_1_never_scheduled to None, run_after=None
[2025-07-15T16:05:43.728+0000] {logging_mixin.py:190} INFO - [2025-07-15T16:05:43.728+0000] {dag.py:4180} INFO - Setting next_dagrun for dataset_consumes_unknown_never_scheduled to None, run_after=None
[2025-07-15T16:05:43.729+0000] {logging_mixin.py:190} INFO - [2025-07-15T16:05:43.729+0000] {dag.py:4180} INFO - Setting next_dagrun for dataset_produces_1 to 2025-07-14 00:00:00+00:00, run_after=2025-07-15 00:00:00+00:00
[2025-07-15T16:05:43.729+0000] {logging_mixin.py:190} INFO - [2025-07-15T16:05:43.729+0000] {dag.py:4180} INFO - Setting next_dagrun for dataset_produces_2 to None, run_after=None
[2025-07-15T16:05:43.758+0000] {processor.py:208} INFO - Processing /home/airflow/.local/lib/python3.12/site-packages/airflow/example_dags/example_datasets.py took 0.338 seconds
[2025-07-15T16:06:13.969+0000] {processor.py:186} INFO - Started process (PID=3622) to work on /home/airflow/.local/lib/python3.12/site-packages/airflow/example_dags/example_datasets.py
[2025-07-15T16:06:13.970+0000] {processor.py:914} INFO - Processing file /home/airflow/.local/lib/python3.12/site-packages/airflow/example_dags/example_datasets.py for tasks to queue
[2025-07-15T16:06:13.971+0000] {logging_mixin.py:190} INFO - [2025-07-15T16:06:13.971+0000] {dagbag.py:588} INFO - Filling up the DagBag from /home/airflow/.local/lib/python3.12/site-packages/airflow/example_dags/example_datasets.py
[2025-07-15T16:06:14.130+0000] {processor.py:925} INFO - DAG(s) 'dataset_consumes_unknown_never_scheduled', 'dataset_produces_1', 'dataset_consumes_1_and_2', 'consume_1_or_2_with_dataset_expressions', 'dataset_produces_2', 'consume_1_and_2_with_dataset_expressions', 'dataset_consumes_1', 'conditional_dataset_and_time_based_timetable', 'dataset_consumes_1_never_scheduled', 'consume_1_or_both_2_and_3_with_dataset_expressions' retrieved from /home/airflow/.local/lib/python3.12/site-packages/airflow/example_dags/example_datasets.py
[2025-07-15T16:06:14.164+0000] {logging_mixin.py:190} INFO - [2025-07-15T16:06:14.164+0000] {dag.py:3239} INFO - Sync 10 DAGs
[2025-07-15T16:06:14.188+0000] {logging_mixin.py:190} INFO - [2025-07-15T16:06:14.188+0000] {dag.py:4180} INFO - Setting next_dagrun for conditional_dataset_and_time_based_timetable to 2025-07-09 01:00:00+00:00, run_after=2025-07-09 01:00:00+00:00
[2025-07-15T16:06:14.190+0000] {logging_mixin.py:190} INFO - [2025-07-15T16:06:14.190+0000] {dag.py:4180} INFO - Setting next_dagrun for consume_1_and_2_with_dataset_expressions to None, run_after=None
[2025-07-15T16:06:14.191+0000] {logging_mixin.py:190} INFO - [2025-07-15T16:06:14.191+0000] {dag.py:4180} INFO - Setting next_dagrun for consume_1_or_2_with_dataset_expressions to None, run_after=None
[2025-07-15T16:06:14.191+0000] {logging_mixin.py:190} INFO - [2025-07-15T16:06:14.191+0000] {dag.py:4180} INFO - Setting next_dagrun for consume_1_or_both_2_and_3_with_dataset_expressions to None, run_after=None
[2025-07-15T16:06:14.192+0000] {logging_mixin.py:190} INFO - [2025-07-15T16:06:14.192+0000] {dag.py:4180} INFO - Setting next_dagrun for dataset_consumes_1 to None, run_after=None
[2025-07-15T16:06:14.192+0000] {logging_mixin.py:190} INFO - [2025-07-15T16:06:14.192+0000] {dag.py:4180} INFO - Setting next_dagrun for dataset_consumes_1_and_2 to None, run_after=None
[2025-07-15T16:06:14.193+0000] {logging_mixin.py:190} INFO - [2025-07-15T16:06:14.193+0000] {dag.py:4180} INFO - Setting next_dagrun for dataset_consumes_1_never_scheduled to None, run_after=None
[2025-07-15T16:06:14.193+0000] {logging_mixin.py:190} INFO - [2025-07-15T16:06:14.193+0000] {dag.py:4180} INFO - Setting next_dagrun for dataset_consumes_unknown_never_scheduled to None, run_after=None
[2025-07-15T16:06:14.194+0000] {logging_mixin.py:190} INFO - [2025-07-15T16:06:14.194+0000] {dag.py:4180} INFO - Setting next_dagrun for dataset_produces_1 to 2025-07-14 00:00:00+00:00, run_after=2025-07-15 00:00:00+00:00
[2025-07-15T16:06:14.195+0000] {logging_mixin.py:190} INFO - [2025-07-15T16:06:14.195+0000] {dag.py:4180} INFO - Setting next_dagrun for dataset_produces_2 to None, run_after=None
[2025-07-15T16:06:14.221+0000] {processor.py:208} INFO - Processing /home/airflow/.local/lib/python3.12/site-packages/airflow/example_dags/example_datasets.py took 0.257 seconds
[2025-07-15T16:06:44.350+0000] {processor.py:186} INFO - Started process (PID=3682) to work on /home/airflow/.local/lib/python3.12/site-packages/airflow/example_dags/example_datasets.py
[2025-07-15T16:06:44.357+0000] {processor.py:914} INFO - Processing file /home/airflow/.local/lib/python3.12/site-packages/airflow/example_dags/example_datasets.py for tasks to queue
[2025-07-15T16:06:44.363+0000] {logging_mixin.py:190} INFO - [2025-07-15T16:06:44.362+0000] {dagbag.py:588} INFO - Filling up the DagBag from /home/airflow/.local/lib/python3.12/site-packages/airflow/example_dags/example_datasets.py
[2025-07-15T16:06:44.519+0000] {processor.py:925} INFO - DAG(s) 'conditional_dataset_and_time_based_timetable', 'consume_1_or_2_with_dataset_expressions', 'consume_1_or_both_2_and_3_with_dataset_expressions', 'dataset_produces_2', 'dataset_consumes_1', 'consume_1_and_2_with_dataset_expressions', 'dataset_produces_1', 'dataset_consumes_1_and_2', 'dataset_consumes_unknown_never_scheduled', 'dataset_consumes_1_never_scheduled' retrieved from /home/airflow/.local/lib/python3.12/site-packages/airflow/example_dags/example_datasets.py
[2025-07-15T16:06:44.546+0000] {logging_mixin.py:190} INFO - [2025-07-15T16:06:44.546+0000] {dag.py:3239} INFO - Sync 10 DAGs
[2025-07-15T16:06:44.564+0000] {logging_mixin.py:190} INFO - [2025-07-15T16:06:44.563+0000] {dag.py:4180} INFO - Setting next_dagrun for conditional_dataset_and_time_based_timetable to 2025-07-09 01:00:00+00:00, run_after=2025-07-09 01:00:00+00:00
[2025-07-15T16:06:44.566+0000] {logging_mixin.py:190} INFO - [2025-07-15T16:06:44.566+0000] {dag.py:4180} INFO - Setting next_dagrun for consume_1_and_2_with_dataset_expressions to None, run_after=None
[2025-07-15T16:06:44.566+0000] {logging_mixin.py:190} INFO - [2025-07-15T16:06:44.566+0000] {dag.py:4180} INFO - Setting next_dagrun for consume_1_or_2_with_dataset_expressions to None, run_after=None
[2025-07-15T16:06:44.567+0000] {logging_mixin.py:190} INFO - [2025-07-15T16:06:44.567+0000] {dag.py:4180} INFO - Setting next_dagrun for consume_1_or_both_2_and_3_with_dataset_expressions to None, run_after=None
[2025-07-15T16:06:44.568+0000] {logging_mixin.py:190} INFO - [2025-07-15T16:06:44.567+0000] {dag.py:4180} INFO - Setting next_dagrun for dataset_consumes_1 to None, run_after=None
[2025-07-15T16:06:44.568+0000] {logging_mixin.py:190} INFO - [2025-07-15T16:06:44.568+0000] {dag.py:4180} INFO - Setting next_dagrun for dataset_consumes_1_and_2 to None, run_after=None
[2025-07-15T16:06:44.569+0000] {logging_mixin.py:190} INFO - [2025-07-15T16:06:44.569+0000] {dag.py:4180} INFO - Setting next_dagrun for dataset_consumes_1_never_scheduled to None, run_after=None
[2025-07-15T16:06:44.569+0000] {logging_mixin.py:190} INFO - [2025-07-15T16:06:44.569+0000] {dag.py:4180} INFO - Setting next_dagrun for dataset_consumes_unknown_never_scheduled to None, run_after=None
[2025-07-15T16:06:44.570+0000] {logging_mixin.py:190} INFO - [2025-07-15T16:06:44.570+0000] {dag.py:4180} INFO - Setting next_dagrun for dataset_produces_1 to 2025-07-14 00:00:00+00:00, run_after=2025-07-15 00:00:00+00:00
[2025-07-15T16:06:44.571+0000] {logging_mixin.py:190} INFO - [2025-07-15T16:06:44.571+0000] {dag.py:4180} INFO - Setting next_dagrun for dataset_produces_2 to None, run_after=None
[2025-07-15T16:06:44.589+0000] {processor.py:208} INFO - Processing /home/airflow/.local/lib/python3.12/site-packages/airflow/example_dags/example_datasets.py took 0.257 seconds
[2025-07-15T16:07:15.445+0000] {processor.py:186} INFO - Started process (PID=3744) to work on /home/airflow/.local/lib/python3.12/site-packages/airflow/example_dags/example_datasets.py
[2025-07-15T16:07:15.455+0000] {processor.py:914} INFO - Processing file /home/airflow/.local/lib/python3.12/site-packages/airflow/example_dags/example_datasets.py for tasks to queue
[2025-07-15T16:07:15.461+0000] {logging_mixin.py:190} INFO - [2025-07-15T16:07:15.460+0000] {dagbag.py:588} INFO - Filling up the DagBag from /home/airflow/.local/lib/python3.12/site-packages/airflow/example_dags/example_datasets.py
[2025-07-15T16:07:15.678+0000] {processor.py:925} INFO - DAG(s) 'consume_1_or_both_2_and_3_with_dataset_expressions', 'consume_1_and_2_with_dataset_expressions', 'consume_1_or_2_with_dataset_expressions', 'dataset_produces_1', 'conditional_dataset_and_time_based_timetable', 'dataset_consumes_1', 'dataset_consumes_unknown_never_scheduled', 'dataset_produces_2', 'dataset_consumes_1_and_2', 'dataset_consumes_1_never_scheduled' retrieved from /home/airflow/.local/lib/python3.12/site-packages/airflow/example_dags/example_datasets.py
[2025-07-15T16:07:15.711+0000] {logging_mixin.py:190} INFO - [2025-07-15T16:07:15.711+0000] {dag.py:3239} INFO - Sync 10 DAGs
[2025-07-15T16:07:15.732+0000] {logging_mixin.py:190} INFO - [2025-07-15T16:07:15.732+0000] {dag.py:4180} INFO - Setting next_dagrun for conditional_dataset_and_time_based_timetable to 2025-07-09 01:00:00+00:00, run_after=2025-07-09 01:00:00+00:00
[2025-07-15T16:07:15.734+0000] {logging_mixin.py:190} INFO - [2025-07-15T16:07:15.734+0000] {dag.py:4180} INFO - Setting next_dagrun for consume_1_and_2_with_dataset_expressions to None, run_after=None
[2025-07-15T16:07:15.735+0000] {logging_mixin.py:190} INFO - [2025-07-15T16:07:15.735+0000] {dag.py:4180} INFO - Setting next_dagrun for consume_1_or_2_with_dataset_expressions to None, run_after=None
[2025-07-15T16:07:15.736+0000] {logging_mixin.py:190} INFO - [2025-07-15T16:07:15.736+0000] {dag.py:4180} INFO - Setting next_dagrun for consume_1_or_both_2_and_3_with_dataset_expressions to None, run_after=None
[2025-07-15T16:07:15.737+0000] {logging_mixin.py:190} INFO - [2025-07-15T16:07:15.737+0000] {dag.py:4180} INFO - Setting next_dagrun for dataset_consumes_1 to None, run_after=None
[2025-07-15T16:07:15.738+0000] {logging_mixin.py:190} INFO - [2025-07-15T16:07:15.738+0000] {dag.py:4180} INFO - Setting next_dagrun for dataset_consumes_1_and_2 to None, run_after=None
[2025-07-15T16:07:15.739+0000] {logging_mixin.py:190} INFO - [2025-07-15T16:07:15.739+0000] {dag.py:4180} INFO - Setting next_dagrun for dataset_consumes_1_never_scheduled to None, run_after=None
[2025-07-15T16:07:15.743+0000] {logging_mixin.py:190} INFO - [2025-07-15T16:07:15.743+0000] {dag.py:4180} INFO - Setting next_dagrun for dataset_consumes_unknown_never_scheduled to None, run_after=None
[2025-07-15T16:07:15.745+0000] {logging_mixin.py:190} INFO - [2025-07-15T16:07:15.745+0000] {dag.py:4180} INFO - Setting next_dagrun for dataset_produces_1 to 2025-07-14 00:00:00+00:00, run_after=2025-07-15 00:00:00+00:00
[2025-07-15T16:07:15.746+0000] {logging_mixin.py:190} INFO - [2025-07-15T16:07:15.746+0000] {dag.py:4180} INFO - Setting next_dagrun for dataset_produces_2 to None, run_after=None
[2025-07-15T16:07:15.766+0000] {processor.py:208} INFO - Processing /home/airflow/.local/lib/python3.12/site-packages/airflow/example_dags/example_datasets.py took 0.359 seconds
[2025-07-15T16:07:46.101+0000] {processor.py:186} INFO - Started process (PID=3806) to work on /home/airflow/.local/lib/python3.12/site-packages/airflow/example_dags/example_datasets.py
[2025-07-15T16:07:46.103+0000] {processor.py:914} INFO - Processing file /home/airflow/.local/lib/python3.12/site-packages/airflow/example_dags/example_datasets.py for tasks to queue
[2025-07-15T16:07:46.122+0000] {logging_mixin.py:190} INFO - [2025-07-15T16:07:46.121+0000] {dagbag.py:588} INFO - Filling up the DagBag from /home/airflow/.local/lib/python3.12/site-packages/airflow/example_dags/example_datasets.py
[2025-07-15T16:07:46.370+0000] {processor.py:925} INFO - DAG(s) 'consume_1_or_both_2_and_3_with_dataset_expressions', 'consume_1_or_2_with_dataset_expressions', 'dataset_consumes_1', 'dataset_produces_1', 'dataset_consumes_unknown_never_scheduled', 'dataset_consumes_1_and_2', 'dataset_produces_2', 'dataset_consumes_1_never_scheduled', 'conditional_dataset_and_time_based_timetable', 'consume_1_and_2_with_dataset_expressions' retrieved from /home/airflow/.local/lib/python3.12/site-packages/airflow/example_dags/example_datasets.py
[2025-07-15T16:07:46.407+0000] {logging_mixin.py:190} INFO - [2025-07-15T16:07:46.407+0000] {dag.py:3239} INFO - Sync 10 DAGs
[2025-07-15T16:07:46.429+0000] {logging_mixin.py:190} INFO - [2025-07-15T16:07:46.429+0000] {dag.py:4180} INFO - Setting next_dagrun for conditional_dataset_and_time_based_timetable to 2025-07-09 01:00:00+00:00, run_after=2025-07-09 01:00:00+00:00
[2025-07-15T16:07:46.432+0000] {logging_mixin.py:190} INFO - [2025-07-15T16:07:46.431+0000] {dag.py:4180} INFO - Setting next_dagrun for consume_1_and_2_with_dataset_expressions to None, run_after=None
[2025-07-15T16:07:46.432+0000] {logging_mixin.py:190} INFO - [2025-07-15T16:07:46.432+0000] {dag.py:4180} INFO - Setting next_dagrun for consume_1_or_2_with_dataset_expressions to None, run_after=None
[2025-07-15T16:07:46.433+0000] {logging_mixin.py:190} INFO - [2025-07-15T16:07:46.433+0000] {dag.py:4180} INFO - Setting next_dagrun for consume_1_or_both_2_and_3_with_dataset_expressions to None, run_after=None
[2025-07-15T16:07:46.434+0000] {logging_mixin.py:190} INFO - [2025-07-15T16:07:46.434+0000] {dag.py:4180} INFO - Setting next_dagrun for dataset_consumes_1 to None, run_after=None
[2025-07-15T16:07:46.434+0000] {logging_mixin.py:190} INFO - [2025-07-15T16:07:46.434+0000] {dag.py:4180} INFO - Setting next_dagrun for dataset_consumes_1_and_2 to None, run_after=None
[2025-07-15T16:07:46.435+0000] {logging_mixin.py:190} INFO - [2025-07-15T16:07:46.435+0000] {dag.py:4180} INFO - Setting next_dagrun for dataset_consumes_1_never_scheduled to None, run_after=None
[2025-07-15T16:07:46.436+0000] {logging_mixin.py:190} INFO - [2025-07-15T16:07:46.436+0000] {dag.py:4180} INFO - Setting next_dagrun for dataset_consumes_unknown_never_scheduled to None, run_after=None
[2025-07-15T16:07:46.437+0000] {logging_mixin.py:190} INFO - [2025-07-15T16:07:46.437+0000] {dag.py:4180} INFO - Setting next_dagrun for dataset_produces_1 to 2025-07-14 00:00:00+00:00, run_after=2025-07-15 00:00:00+00:00
[2025-07-15T16:07:46.437+0000] {logging_mixin.py:190} INFO - [2025-07-15T16:07:46.437+0000] {dag.py:4180} INFO - Setting next_dagrun for dataset_produces_2 to None, run_after=None
[2025-07-15T16:07:46.462+0000] {processor.py:208} INFO - Processing /home/airflow/.local/lib/python3.12/site-packages/airflow/example_dags/example_datasets.py took 0.435 seconds
[2025-07-15T16:08:16.724+0000] {processor.py:186} INFO - Started process (PID=3868) to work on /home/airflow/.local/lib/python3.12/site-packages/airflow/example_dags/example_datasets.py
[2025-07-15T16:08:16.731+0000] {processor.py:914} INFO - Processing file /home/airflow/.local/lib/python3.12/site-packages/airflow/example_dags/example_datasets.py for tasks to queue
[2025-07-15T16:08:16.735+0000] {logging_mixin.py:190} INFO - [2025-07-15T16:08:16.734+0000] {dagbag.py:588} INFO - Filling up the DagBag from /home/airflow/.local/lib/python3.12/site-packages/airflow/example_dags/example_datasets.py
[2025-07-15T16:08:16.873+0000] {processor.py:925} INFO - DAG(s) 'dataset_consumes_1_and_2', 'dataset_consumes_1_never_scheduled', 'dataset_consumes_unknown_never_scheduled', 'consume_1_or_both_2_and_3_with_dataset_expressions', 'dataset_produces_1', 'conditional_dataset_and_time_based_timetable', 'consume_1_and_2_with_dataset_expressions', 'consume_1_or_2_with_dataset_expressions', 'dataset_consumes_1', 'dataset_produces_2' retrieved from /home/airflow/.local/lib/python3.12/site-packages/airflow/example_dags/example_datasets.py
[2025-07-15T16:08:16.903+0000] {logging_mixin.py:190} INFO - [2025-07-15T16:08:16.902+0000] {dag.py:3239} INFO - Sync 10 DAGs
[2025-07-15T16:08:16.922+0000] {logging_mixin.py:190} INFO - [2025-07-15T16:08:16.922+0000] {dag.py:4180} INFO - Setting next_dagrun for conditional_dataset_and_time_based_timetable to 2025-07-09 01:00:00+00:00, run_after=2025-07-09 01:00:00+00:00
[2025-07-15T16:08:16.924+0000] {logging_mixin.py:190} INFO - [2025-07-15T16:08:16.924+0000] {dag.py:4180} INFO - Setting next_dagrun for consume_1_and_2_with_dataset_expressions to None, run_after=None
[2025-07-15T16:08:16.925+0000] {logging_mixin.py:190} INFO - [2025-07-15T16:08:16.925+0000] {dag.py:4180} INFO - Setting next_dagrun for consume_1_or_2_with_dataset_expressions to None, run_after=None
[2025-07-15T16:08:16.925+0000] {logging_mixin.py:190} INFO - [2025-07-15T16:08:16.925+0000] {dag.py:4180} INFO - Setting next_dagrun for consume_1_or_both_2_and_3_with_dataset_expressions to None, run_after=None
[2025-07-15T16:08:16.927+0000] {logging_mixin.py:190} INFO - [2025-07-15T16:08:16.927+0000] {dag.py:4180} INFO - Setting next_dagrun for dataset_consumes_1 to None, run_after=None
[2025-07-15T16:08:16.929+0000] {logging_mixin.py:190} INFO - [2025-07-15T16:08:16.929+0000] {dag.py:4180} INFO - Setting next_dagrun for dataset_consumes_1_and_2 to None, run_after=None
[2025-07-15T16:08:16.931+0000] {logging_mixin.py:190} INFO - [2025-07-15T16:08:16.931+0000] {dag.py:4180} INFO - Setting next_dagrun for dataset_consumes_1_never_scheduled to None, run_after=None
[2025-07-15T16:08:16.932+0000] {logging_mixin.py:190} INFO - [2025-07-15T16:08:16.932+0000] {dag.py:4180} INFO - Setting next_dagrun for dataset_consumes_unknown_never_scheduled to None, run_after=None
[2025-07-15T16:08:16.933+0000] {logging_mixin.py:190} INFO - [2025-07-15T16:08:16.933+0000] {dag.py:4180} INFO - Setting next_dagrun for dataset_produces_1 to 2025-07-14 00:00:00+00:00, run_after=2025-07-15 00:00:00+00:00
[2025-07-15T16:08:16.935+0000] {logging_mixin.py:190} INFO - [2025-07-15T16:08:16.935+0000] {dag.py:4180} INFO - Setting next_dagrun for dataset_produces_2 to None, run_after=None
[2025-07-15T16:08:16.953+0000] {processor.py:208} INFO - Processing /home/airflow/.local/lib/python3.12/site-packages/airflow/example_dags/example_datasets.py took 0.242 seconds
[2025-07-15T16:08:47.516+0000] {processor.py:186} INFO - Started process (PID=3930) to work on /home/airflow/.local/lib/python3.12/site-packages/airflow/example_dags/example_datasets.py
[2025-07-15T16:08:47.517+0000] {processor.py:914} INFO - Processing file /home/airflow/.local/lib/python3.12/site-packages/airflow/example_dags/example_datasets.py for tasks to queue
[2025-07-15T16:08:47.520+0000] {logging_mixin.py:190} INFO - [2025-07-15T16:08:47.520+0000] {dagbag.py:588} INFO - Filling up the DagBag from /home/airflow/.local/lib/python3.12/site-packages/airflow/example_dags/example_datasets.py
[2025-07-15T16:08:47.626+0000] {processor.py:925} INFO - DAG(s) 'dataset_produces_1', 'dataset_consumes_1', 'dataset_consumes_1_and_2', 'consume_1_and_2_with_dataset_expressions', 'dataset_consumes_1_never_scheduled', 'dataset_produces_2', 'dataset_consumes_unknown_never_scheduled', 'consume_1_or_both_2_and_3_with_dataset_expressions', 'consume_1_or_2_with_dataset_expressions', 'conditional_dataset_and_time_based_timetable' retrieved from /home/airflow/.local/lib/python3.12/site-packages/airflow/example_dags/example_datasets.py
[2025-07-15T16:08:47.649+0000] {logging_mixin.py:190} INFO - [2025-07-15T16:08:47.649+0000] {dag.py:3239} INFO - Sync 10 DAGs
[2025-07-15T16:08:47.664+0000] {logging_mixin.py:190} INFO - [2025-07-15T16:08:47.664+0000] {dag.py:4180} INFO - Setting next_dagrun for conditional_dataset_and_time_based_timetable to 2025-07-09 01:00:00+00:00, run_after=2025-07-09 01:00:00+00:00
[2025-07-15T16:08:47.666+0000] {logging_mixin.py:190} INFO - [2025-07-15T16:08:47.666+0000] {dag.py:4180} INFO - Setting next_dagrun for consume_1_and_2_with_dataset_expressions to None, run_after=None
[2025-07-15T16:08:47.667+0000] {logging_mixin.py:190} INFO - [2025-07-15T16:08:47.667+0000] {dag.py:4180} INFO - Setting next_dagrun for consume_1_or_2_with_dataset_expressions to None, run_after=None
[2025-07-15T16:08:47.668+0000] {logging_mixin.py:190} INFO - [2025-07-15T16:08:47.667+0000] {dag.py:4180} INFO - Setting next_dagrun for consume_1_or_both_2_and_3_with_dataset_expressions to None, run_after=None
[2025-07-15T16:08:47.669+0000] {logging_mixin.py:190} INFO - [2025-07-15T16:08:47.669+0000] {dag.py:4180} INFO - Setting next_dagrun for dataset_consumes_1 to None, run_after=None
[2025-07-15T16:08:47.671+0000] {logging_mixin.py:190} INFO - [2025-07-15T16:08:47.671+0000] {dag.py:4180} INFO - Setting next_dagrun for dataset_consumes_1_and_2 to None, run_after=None
[2025-07-15T16:08:47.674+0000] {logging_mixin.py:190} INFO - [2025-07-15T16:08:47.674+0000] {dag.py:4180} INFO - Setting next_dagrun for dataset_consumes_1_never_scheduled to None, run_after=None
[2025-07-15T16:08:47.674+0000] {logging_mixin.py:190} INFO - [2025-07-15T16:08:47.674+0000] {dag.py:4180} INFO - Setting next_dagrun for dataset_consumes_unknown_never_scheduled to None, run_after=None
[2025-07-15T16:08:47.676+0000] {logging_mixin.py:190} INFO - [2025-07-15T16:08:47.676+0000] {dag.py:4180} INFO - Setting next_dagrun for dataset_produces_1 to 2025-07-14 00:00:00+00:00, run_after=2025-07-15 00:00:00+00:00
[2025-07-15T16:08:47.677+0000] {logging_mixin.py:190} INFO - [2025-07-15T16:08:47.677+0000] {dag.py:4180} INFO - Setting next_dagrun for dataset_produces_2 to None, run_after=None
[2025-07-15T16:08:47.692+0000] {processor.py:208} INFO - Processing /home/airflow/.local/lib/python3.12/site-packages/airflow/example_dags/example_datasets.py took 0.185 seconds
[2025-07-15T16:09:18.422+0000] {processor.py:186} INFO - Started process (PID=3992) to work on /home/airflow/.local/lib/python3.12/site-packages/airflow/example_dags/example_datasets.py
[2025-07-15T16:09:18.424+0000] {processor.py:914} INFO - Processing file /home/airflow/.local/lib/python3.12/site-packages/airflow/example_dags/example_datasets.py for tasks to queue
[2025-07-15T16:09:18.430+0000] {logging_mixin.py:190} INFO - [2025-07-15T16:09:18.430+0000] {dagbag.py:588} INFO - Filling up the DagBag from /home/airflow/.local/lib/python3.12/site-packages/airflow/example_dags/example_datasets.py
[2025-07-15T16:09:18.553+0000] {processor.py:925} INFO - DAG(s) 'conditional_dataset_and_time_based_timetable', 'dataset_consumes_1_never_scheduled', 'consume_1_or_both_2_and_3_with_dataset_expressions', 'dataset_consumes_1', 'dataset_produces_1', 'dataset_produces_2', 'dataset_consumes_unknown_never_scheduled', 'dataset_consumes_1_and_2', 'consume_1_and_2_with_dataset_expressions', 'consume_1_or_2_with_dataset_expressions' retrieved from /home/airflow/.local/lib/python3.12/site-packages/airflow/example_dags/example_datasets.py
[2025-07-15T16:09:18.583+0000] {logging_mixin.py:190} INFO - [2025-07-15T16:09:18.583+0000] {dag.py:3239} INFO - Sync 10 DAGs
[2025-07-15T16:09:18.601+0000] {logging_mixin.py:190} INFO - [2025-07-15T16:09:18.601+0000] {dag.py:4180} INFO - Setting next_dagrun for conditional_dataset_and_time_based_timetable to 2025-07-09 01:00:00+00:00, run_after=2025-07-09 01:00:00+00:00
[2025-07-15T16:09:18.606+0000] {logging_mixin.py:190} INFO - [2025-07-15T16:09:18.606+0000] {dag.py:4180} INFO - Setting next_dagrun for consume_1_and_2_with_dataset_expressions to None, run_after=None
[2025-07-15T16:09:18.611+0000] {logging_mixin.py:190} INFO - [2025-07-15T16:09:18.611+0000] {dag.py:4180} INFO - Setting next_dagrun for consume_1_or_2_with_dataset_expressions to None, run_after=None
[2025-07-15T16:09:18.615+0000] {logging_mixin.py:190} INFO - [2025-07-15T16:09:18.615+0000] {dag.py:4180} INFO - Setting next_dagrun for consume_1_or_both_2_and_3_with_dataset_expressions to None, run_after=None
[2025-07-15T16:09:18.615+0000] {logging_mixin.py:190} INFO - [2025-07-15T16:09:18.615+0000] {dag.py:4180} INFO - Setting next_dagrun for dataset_consumes_1 to None, run_after=None
[2025-07-15T16:09:18.616+0000] {logging_mixin.py:190} INFO - [2025-07-15T16:09:18.616+0000] {dag.py:4180} INFO - Setting next_dagrun for dataset_consumes_1_and_2 to None, run_after=None
[2025-07-15T16:09:18.616+0000] {logging_mixin.py:190} INFO - [2025-07-15T16:09:18.616+0000] {dag.py:4180} INFO - Setting next_dagrun for dataset_consumes_1_never_scheduled to None, run_after=None
[2025-07-15T16:09:18.617+0000] {logging_mixin.py:190} INFO - [2025-07-15T16:09:18.617+0000] {dag.py:4180} INFO - Setting next_dagrun for dataset_consumes_unknown_never_scheduled to None, run_after=None
[2025-07-15T16:09:18.618+0000] {logging_mixin.py:190} INFO - [2025-07-15T16:09:18.618+0000] {dag.py:4180} INFO - Setting next_dagrun for dataset_produces_1 to 2025-07-14 00:00:00+00:00, run_after=2025-07-15 00:00:00+00:00
[2025-07-15T16:09:18.622+0000] {logging_mixin.py:190} INFO - [2025-07-15T16:09:18.622+0000] {dag.py:4180} INFO - Setting next_dagrun for dataset_produces_2 to None, run_after=None
[2025-07-15T16:09:18.643+0000] {processor.py:208} INFO - Processing /home/airflow/.local/lib/python3.12/site-packages/airflow/example_dags/example_datasets.py took 0.231 seconds
[2025-07-15T16:09:49.500+0000] {processor.py:186} INFO - Started process (PID=4053) to work on /home/airflow/.local/lib/python3.12/site-packages/airflow/example_dags/example_datasets.py
[2025-07-15T16:09:49.502+0000] {processor.py:914} INFO - Processing file /home/airflow/.local/lib/python3.12/site-packages/airflow/example_dags/example_datasets.py for tasks to queue
[2025-07-15T16:09:49.508+0000] {logging_mixin.py:190} INFO - [2025-07-15T16:09:49.507+0000] {dagbag.py:588} INFO - Filling up the DagBag from /home/airflow/.local/lib/python3.12/site-packages/airflow/example_dags/example_datasets.py
[2025-07-15T16:09:49.706+0000] {processor.py:925} INFO - DAG(s) 'consume_1_or_both_2_and_3_with_dataset_expressions', 'dataset_produces_2', 'dataset_consumes_1_and_2', 'dataset_consumes_unknown_never_scheduled', 'conditional_dataset_and_time_based_timetable', 'consume_1_or_2_with_dataset_expressions', 'dataset_consumes_1_never_scheduled', 'dataset_consumes_1', 'dataset_produces_1', 'consume_1_and_2_with_dataset_expressions' retrieved from /home/airflow/.local/lib/python3.12/site-packages/airflow/example_dags/example_datasets.py
[2025-07-15T16:09:49.742+0000] {logging_mixin.py:190} INFO - [2025-07-15T16:09:49.742+0000] {dag.py:3239} INFO - Sync 10 DAGs
[2025-07-15T16:09:49.771+0000] {logging_mixin.py:190} INFO - [2025-07-15T16:09:49.770+0000] {dag.py:4180} INFO - Setting next_dagrun for conditional_dataset_and_time_based_timetable to 2025-07-09 01:00:00+00:00, run_after=2025-07-09 01:00:00+00:00
[2025-07-15T16:09:49.778+0000] {logging_mixin.py:190} INFO - [2025-07-15T16:09:49.778+0000] {dag.py:4180} INFO - Setting next_dagrun for consume_1_and_2_with_dataset_expressions to None, run_after=None
[2025-07-15T16:09:49.782+0000] {logging_mixin.py:190} INFO - [2025-07-15T16:09:49.781+0000] {dag.py:4180} INFO - Setting next_dagrun for consume_1_or_2_with_dataset_expressions to None, run_after=None
[2025-07-15T16:09:49.786+0000] {logging_mixin.py:190} INFO - [2025-07-15T16:09:49.785+0000] {dag.py:4180} INFO - Setting next_dagrun for consume_1_or_both_2_and_3_with_dataset_expressions to None, run_after=None
[2025-07-15T16:09:49.787+0000] {logging_mixin.py:190} INFO - [2025-07-15T16:09:49.787+0000] {dag.py:4180} INFO - Setting next_dagrun for dataset_consumes_1 to None, run_after=None
[2025-07-15T16:09:49.788+0000] {logging_mixin.py:190} INFO - [2025-07-15T16:09:49.788+0000] {dag.py:4180} INFO - Setting next_dagrun for dataset_consumes_1_and_2 to None, run_after=None
[2025-07-15T16:09:49.789+0000] {logging_mixin.py:190} INFO - [2025-07-15T16:09:49.789+0000] {dag.py:4180} INFO - Setting next_dagrun for dataset_consumes_1_never_scheduled to None, run_after=None
[2025-07-15T16:09:49.790+0000] {logging_mixin.py:190} INFO - [2025-07-15T16:09:49.789+0000] {dag.py:4180} INFO - Setting next_dagrun for dataset_consumes_unknown_never_scheduled to None, run_after=None
[2025-07-15T16:09:49.791+0000] {logging_mixin.py:190} INFO - [2025-07-15T16:09:49.791+0000] {dag.py:4180} INFO - Setting next_dagrun for dataset_produces_1 to 2025-07-14 00:00:00+00:00, run_after=2025-07-15 00:00:00+00:00
[2025-07-15T16:09:49.793+0000] {logging_mixin.py:190} INFO - [2025-07-15T16:09:49.792+0000] {dag.py:4180} INFO - Setting next_dagrun for dataset_produces_2 to None, run_after=None
[2025-07-15T16:09:49.831+0000] {processor.py:208} INFO - Processing /home/airflow/.local/lib/python3.12/site-packages/airflow/example_dags/example_datasets.py took 0.356 seconds
[2025-07-15T16:10:20.031+0000] {processor.py:186} INFO - Started process (PID=4115) to work on /home/airflow/.local/lib/python3.12/site-packages/airflow/example_dags/example_datasets.py
[2025-07-15T16:10:20.033+0000] {processor.py:914} INFO - Processing file /home/airflow/.local/lib/python3.12/site-packages/airflow/example_dags/example_datasets.py for tasks to queue
[2025-07-15T16:10:20.040+0000] {logging_mixin.py:190} INFO - [2025-07-15T16:10:20.039+0000] {dagbag.py:588} INFO - Filling up the DagBag from /home/airflow/.local/lib/python3.12/site-packages/airflow/example_dags/example_datasets.py
[2025-07-15T16:10:20.401+0000] {processor.py:925} INFO - DAG(s) 'conditional_dataset_and_time_based_timetable', 'dataset_consumes_unknown_never_scheduled', 'dataset_produces_2', 'consume_1_and_2_with_dataset_expressions', 'dataset_consumes_1_never_scheduled', 'consume_1_or_2_with_dataset_expressions', 'dataset_consumes_1', 'dataset_consumes_1_and_2', 'dataset_produces_1', 'consume_1_or_both_2_and_3_with_dataset_expressions' retrieved from /home/airflow/.local/lib/python3.12/site-packages/airflow/example_dags/example_datasets.py
[2025-07-15T16:10:20.483+0000] {logging_mixin.py:190} INFO - [2025-07-15T16:10:20.483+0000] {dag.py:3239} INFO - Sync 10 DAGs
[2025-07-15T16:10:20.521+0000] {logging_mixin.py:190} INFO - [2025-07-15T16:10:20.520+0000] {dag.py:4180} INFO - Setting next_dagrun for conditional_dataset_and_time_based_timetable to 2025-07-09 01:00:00+00:00, run_after=2025-07-09 01:00:00+00:00
[2025-07-15T16:10:20.533+0000] {logging_mixin.py:190} INFO - [2025-07-15T16:10:20.532+0000] {dag.py:4180} INFO - Setting next_dagrun for consume_1_and_2_with_dataset_expressions to None, run_after=None
[2025-07-15T16:10:20.537+0000] {logging_mixin.py:190} INFO - [2025-07-15T16:10:20.536+0000] {dag.py:4180} INFO - Setting next_dagrun for consume_1_or_2_with_dataset_expressions to None, run_after=None
[2025-07-15T16:10:20.541+0000] {logging_mixin.py:190} INFO - [2025-07-15T16:10:20.541+0000] {dag.py:4180} INFO - Setting next_dagrun for consume_1_or_both_2_and_3_with_dataset_expressions to None, run_after=None
[2025-07-15T16:10:20.548+0000] {logging_mixin.py:190} INFO - [2025-07-15T16:10:20.547+0000] {dag.py:4180} INFO - Setting next_dagrun for dataset_consumes_1 to None, run_after=None
[2025-07-15T16:10:20.553+0000] {logging_mixin.py:190} INFO - [2025-07-15T16:10:20.553+0000] {dag.py:4180} INFO - Setting next_dagrun for dataset_consumes_1_and_2 to None, run_after=None
[2025-07-15T16:10:20.556+0000] {logging_mixin.py:190} INFO - [2025-07-15T16:10:20.556+0000] {dag.py:4180} INFO - Setting next_dagrun for dataset_consumes_1_never_scheduled to None, run_after=None
[2025-07-15T16:10:20.559+0000] {logging_mixin.py:190} INFO - [2025-07-15T16:10:20.559+0000] {dag.py:4180} INFO - Setting next_dagrun for dataset_consumes_unknown_never_scheduled to None, run_after=None
[2025-07-15T16:10:20.564+0000] {logging_mixin.py:190} INFO - [2025-07-15T16:10:20.564+0000] {dag.py:4180} INFO - Setting next_dagrun for dataset_produces_1 to 2025-07-14 00:00:00+00:00, run_after=2025-07-15 00:00:00+00:00
[2025-07-15T16:10:20.566+0000] {logging_mixin.py:190} INFO - [2025-07-15T16:10:20.566+0000] {dag.py:4180} INFO - Setting next_dagrun for dataset_produces_2 to None, run_after=None
[2025-07-15T16:10:20.609+0000] {processor.py:208} INFO - Processing /home/airflow/.local/lib/python3.12/site-packages/airflow/example_dags/example_datasets.py took 0.598 seconds
[2025-07-15T16:10:50.794+0000] {processor.py:186} INFO - Started process (PID=4178) to work on /home/airflow/.local/lib/python3.12/site-packages/airflow/example_dags/example_datasets.py
[2025-07-15T16:10:50.797+0000] {processor.py:914} INFO - Processing file /home/airflow/.local/lib/python3.12/site-packages/airflow/example_dags/example_datasets.py for tasks to queue
[2025-07-15T16:10:50.799+0000] {logging_mixin.py:190} INFO - [2025-07-15T16:10:50.799+0000] {dagbag.py:588} INFO - Filling up the DagBag from /home/airflow/.local/lib/python3.12/site-packages/airflow/example_dags/example_datasets.py
[2025-07-15T16:10:50.925+0000] {processor.py:925} INFO - DAG(s) 'dataset_consumes_unknown_never_scheduled', 'dataset_consumes_1_never_scheduled', 'dataset_consumes_1_and_2', 'consume_1_or_2_with_dataset_expressions', 'consume_1_or_both_2_and_3_with_dataset_expressions', 'dataset_consumes_1', 'dataset_produces_2', 'dataset_produces_1', 'conditional_dataset_and_time_based_timetable', 'consume_1_and_2_with_dataset_expressions' retrieved from /home/airflow/.local/lib/python3.12/site-packages/airflow/example_dags/example_datasets.py
[2025-07-15T16:10:50.956+0000] {logging_mixin.py:190} INFO - [2025-07-15T16:10:50.956+0000] {dag.py:3239} INFO - Sync 10 DAGs
[2025-07-15T16:10:50.975+0000] {logging_mixin.py:190} INFO - [2025-07-15T16:10:50.975+0000] {dag.py:4180} INFO - Setting next_dagrun for conditional_dataset_and_time_based_timetable to 2025-07-09 01:00:00+00:00, run_after=2025-07-09 01:00:00+00:00
[2025-07-15T16:10:50.976+0000] {logging_mixin.py:190} INFO - [2025-07-15T16:10:50.976+0000] {dag.py:4180} INFO - Setting next_dagrun for consume_1_and_2_with_dataset_expressions to None, run_after=None
[2025-07-15T16:10:50.977+0000] {logging_mixin.py:190} INFO - [2025-07-15T16:10:50.977+0000] {dag.py:4180} INFO - Setting next_dagrun for consume_1_or_2_with_dataset_expressions to None, run_after=None
[2025-07-15T16:10:50.977+0000] {logging_mixin.py:190} INFO - [2025-07-15T16:10:50.977+0000] {dag.py:4180} INFO - Setting next_dagrun for consume_1_or_both_2_and_3_with_dataset_expressions to None, run_after=None
[2025-07-15T16:10:50.978+0000] {logging_mixin.py:190} INFO - [2025-07-15T16:10:50.978+0000] {dag.py:4180} INFO - Setting next_dagrun for dataset_consumes_1 to None, run_after=None
[2025-07-15T16:10:50.979+0000] {logging_mixin.py:190} INFO - [2025-07-15T16:10:50.979+0000] {dag.py:4180} INFO - Setting next_dagrun for dataset_consumes_1_and_2 to None, run_after=None
[2025-07-15T16:10:50.979+0000] {logging_mixin.py:190} INFO - [2025-07-15T16:10:50.979+0000] {dag.py:4180} INFO - Setting next_dagrun for dataset_consumes_1_never_scheduled to None, run_after=None
[2025-07-15T16:10:50.980+0000] {logging_mixin.py:190} INFO - [2025-07-15T16:10:50.979+0000] {dag.py:4180} INFO - Setting next_dagrun for dataset_consumes_unknown_never_scheduled to None, run_after=None
[2025-07-15T16:10:50.980+0000] {logging_mixin.py:190} INFO - [2025-07-15T16:10:50.980+0000] {dag.py:4180} INFO - Setting next_dagrun for dataset_produces_1 to 2025-07-14 00:00:00+00:00, run_after=2025-07-15 00:00:00+00:00
[2025-07-15T16:10:50.981+0000] {logging_mixin.py:190} INFO - [2025-07-15T16:10:50.981+0000] {dag.py:4180} INFO - Setting next_dagrun for dataset_produces_2 to None, run_after=None
[2025-07-15T16:10:51.004+0000] {processor.py:208} INFO - Processing /home/airflow/.local/lib/python3.12/site-packages/airflow/example_dags/example_datasets.py took 0.221 seconds
[2025-07-15T16:11:21.107+0000] {processor.py:186} INFO - Started process (PID=4238) to work on /home/airflow/.local/lib/python3.12/site-packages/airflow/example_dags/example_datasets.py
[2025-07-15T16:11:21.112+0000] {processor.py:914} INFO - Processing file /home/airflow/.local/lib/python3.12/site-packages/airflow/example_dags/example_datasets.py for tasks to queue
[2025-07-15T16:11:21.117+0000] {logging_mixin.py:190} INFO - [2025-07-15T16:11:21.117+0000] {dagbag.py:588} INFO - Filling up the DagBag from /home/airflow/.local/lib/python3.12/site-packages/airflow/example_dags/example_datasets.py
[2025-07-15T16:11:21.316+0000] {processor.py:925} INFO - DAG(s) 'dataset_consumes_unknown_never_scheduled', 'conditional_dataset_and_time_based_timetable', 'dataset_produces_2', 'consume_1_or_both_2_and_3_with_dataset_expressions', 'consume_1_or_2_with_dataset_expressions', 'dataset_consumes_1_and_2', 'dataset_consumes_1_never_scheduled', 'dataset_produces_1', 'dataset_consumes_1', 'consume_1_and_2_with_dataset_expressions' retrieved from /home/airflow/.local/lib/python3.12/site-packages/airflow/example_dags/example_datasets.py
[2025-07-15T16:11:21.337+0000] {logging_mixin.py:190} INFO - [2025-07-15T16:11:21.336+0000] {dag.py:3239} INFO - Sync 10 DAGs
[2025-07-15T16:11:21.350+0000] {logging_mixin.py:190} INFO - [2025-07-15T16:11:21.350+0000] {dag.py:4180} INFO - Setting next_dagrun for conditional_dataset_and_time_based_timetable to 2025-07-09 01:00:00+00:00, run_after=2025-07-09 01:00:00+00:00
[2025-07-15T16:11:21.352+0000] {logging_mixin.py:190} INFO - [2025-07-15T16:11:21.352+0000] {dag.py:4180} INFO - Setting next_dagrun for consume_1_and_2_with_dataset_expressions to None, run_after=None
[2025-07-15T16:11:21.352+0000] {logging_mixin.py:190} INFO - [2025-07-15T16:11:21.352+0000] {dag.py:4180} INFO - Setting next_dagrun for consume_1_or_2_with_dataset_expressions to None, run_after=None
[2025-07-15T16:11:21.353+0000] {logging_mixin.py:190} INFO - [2025-07-15T16:11:21.353+0000] {dag.py:4180} INFO - Setting next_dagrun for consume_1_or_both_2_and_3_with_dataset_expressions to None, run_after=None
[2025-07-15T16:11:21.353+0000] {logging_mixin.py:190} INFO - [2025-07-15T16:11:21.353+0000] {dag.py:4180} INFO - Setting next_dagrun for dataset_consumes_1 to None, run_after=None
[2025-07-15T16:11:21.354+0000] {logging_mixin.py:190} INFO - [2025-07-15T16:11:21.354+0000] {dag.py:4180} INFO - Setting next_dagrun for dataset_consumes_1_and_2 to None, run_after=None
[2025-07-15T16:11:21.354+0000] {logging_mixin.py:190} INFO - [2025-07-15T16:11:21.354+0000] {dag.py:4180} INFO - Setting next_dagrun for dataset_consumes_1_never_scheduled to None, run_after=None
[2025-07-15T16:11:21.355+0000] {logging_mixin.py:190} INFO - [2025-07-15T16:11:21.355+0000] {dag.py:4180} INFO - Setting next_dagrun for dataset_consumes_unknown_never_scheduled to None, run_after=None
[2025-07-15T16:11:21.356+0000] {logging_mixin.py:190} INFO - [2025-07-15T16:11:21.356+0000] {dag.py:4180} INFO - Setting next_dagrun for dataset_produces_1 to 2025-07-14 00:00:00+00:00, run_after=2025-07-15 00:00:00+00:00
[2025-07-15T16:11:21.356+0000] {logging_mixin.py:190} INFO - [2025-07-15T16:11:21.356+0000] {dag.py:4180} INFO - Setting next_dagrun for dataset_produces_2 to None, run_after=None
[2025-07-15T16:11:21.370+0000] {processor.py:208} INFO - Processing /home/airflow/.local/lib/python3.12/site-packages/airflow/example_dags/example_datasets.py took 0.276 seconds
[2025-07-15T16:11:51.573+0000] {processor.py:186} INFO - Started process (PID=4300) to work on /home/airflow/.local/lib/python3.12/site-packages/airflow/example_dags/example_datasets.py
[2025-07-15T16:11:51.574+0000] {processor.py:914} INFO - Processing file /home/airflow/.local/lib/python3.12/site-packages/airflow/example_dags/example_datasets.py for tasks to queue
[2025-07-15T16:11:51.580+0000] {logging_mixin.py:190} INFO - [2025-07-15T16:11:51.580+0000] {dagbag.py:588} INFO - Filling up the DagBag from /home/airflow/.local/lib/python3.12/site-packages/airflow/example_dags/example_datasets.py
[2025-07-15T16:11:51.731+0000] {processor.py:925} INFO - DAG(s) 'dataset_produces_1', 'consume_1_or_both_2_and_3_with_dataset_expressions', 'dataset_consumes_1_never_scheduled', 'conditional_dataset_and_time_based_timetable', 'consume_1_or_2_with_dataset_expressions', 'dataset_produces_2', 'consume_1_and_2_with_dataset_expressions', 'dataset_consumes_1_and_2', 'dataset_consumes_1', 'dataset_consumes_unknown_never_scheduled' retrieved from /home/airflow/.local/lib/python3.12/site-packages/airflow/example_dags/example_datasets.py
[2025-07-15T16:11:51.753+0000] {logging_mixin.py:190} INFO - [2025-07-15T16:11:51.752+0000] {dag.py:3239} INFO - Sync 10 DAGs
[2025-07-15T16:11:51.766+0000] {logging_mixin.py:190} INFO - [2025-07-15T16:11:51.765+0000] {dag.py:4180} INFO - Setting next_dagrun for conditional_dataset_and_time_based_timetable to 2025-07-09 01:00:00+00:00, run_after=2025-07-09 01:00:00+00:00
[2025-07-15T16:11:51.767+0000] {logging_mixin.py:190} INFO - [2025-07-15T16:11:51.767+0000] {dag.py:4180} INFO - Setting next_dagrun for consume_1_and_2_with_dataset_expressions to None, run_after=None
[2025-07-15T16:11:51.768+0000] {logging_mixin.py:190} INFO - [2025-07-15T16:11:51.768+0000] {dag.py:4180} INFO - Setting next_dagrun for consume_1_or_2_with_dataset_expressions to None, run_after=None
[2025-07-15T16:11:51.768+0000] {logging_mixin.py:190} INFO - [2025-07-15T16:11:51.768+0000] {dag.py:4180} INFO - Setting next_dagrun for consume_1_or_both_2_and_3_with_dataset_expressions to None, run_after=None
[2025-07-15T16:11:51.769+0000] {logging_mixin.py:190} INFO - [2025-07-15T16:11:51.769+0000] {dag.py:4180} INFO - Setting next_dagrun for dataset_consumes_1 to None, run_after=None
[2025-07-15T16:11:51.769+0000] {logging_mixin.py:190} INFO - [2025-07-15T16:11:51.769+0000] {dag.py:4180} INFO - Setting next_dagrun for dataset_consumes_1_and_2 to None, run_after=None
[2025-07-15T16:11:51.770+0000] {logging_mixin.py:190} INFO - [2025-07-15T16:11:51.770+0000] {dag.py:4180} INFO - Setting next_dagrun for dataset_consumes_1_never_scheduled to None, run_after=None
[2025-07-15T16:11:51.770+0000] {logging_mixin.py:190} INFO - [2025-07-15T16:11:51.770+0000] {dag.py:4180} INFO - Setting next_dagrun for dataset_consumes_unknown_never_scheduled to None, run_after=None
[2025-07-15T16:11:51.771+0000] {logging_mixin.py:190} INFO - [2025-07-15T16:11:51.771+0000] {dag.py:4180} INFO - Setting next_dagrun for dataset_produces_1 to 2025-07-14 00:00:00+00:00, run_after=2025-07-15 00:00:00+00:00
[2025-07-15T16:11:51.771+0000] {logging_mixin.py:190} INFO - [2025-07-15T16:11:51.771+0000] {dag.py:4180} INFO - Setting next_dagrun for dataset_produces_2 to None, run_after=None
[2025-07-15T16:11:51.785+0000] {processor.py:208} INFO - Processing /home/airflow/.local/lib/python3.12/site-packages/airflow/example_dags/example_datasets.py took 0.226 seconds
[2025-07-15T16:12:22.036+0000] {processor.py:186} INFO - Started process (PID=4362) to work on /home/airflow/.local/lib/python3.12/site-packages/airflow/example_dags/example_datasets.py
[2025-07-15T16:12:22.038+0000] {processor.py:914} INFO - Processing file /home/airflow/.local/lib/python3.12/site-packages/airflow/example_dags/example_datasets.py for tasks to queue
[2025-07-15T16:12:22.044+0000] {logging_mixin.py:190} INFO - [2025-07-15T16:12:22.043+0000] {dagbag.py:588} INFO - Filling up the DagBag from /home/airflow/.local/lib/python3.12/site-packages/airflow/example_dags/example_datasets.py
[2025-07-15T16:12:22.206+0000] {processor.py:925} INFO - DAG(s) 'consume_1_and_2_with_dataset_expressions', 'dataset_consumes_unknown_never_scheduled', 'conditional_dataset_and_time_based_timetable', 'dataset_produces_2', 'dataset_consumes_1_and_2', 'dataset_consumes_1_never_scheduled', 'consume_1_or_both_2_and_3_with_dataset_expressions', 'dataset_consumes_1', 'consume_1_or_2_with_dataset_expressions', 'dataset_produces_1' retrieved from /home/airflow/.local/lib/python3.12/site-packages/airflow/example_dags/example_datasets.py
[2025-07-15T16:12:22.227+0000] {logging_mixin.py:190} INFO - [2025-07-15T16:12:22.227+0000] {dag.py:3239} INFO - Sync 10 DAGs
[2025-07-15T16:12:22.240+0000] {logging_mixin.py:190} INFO - [2025-07-15T16:12:22.240+0000] {dag.py:4180} INFO - Setting next_dagrun for conditional_dataset_and_time_based_timetable to 2025-07-09 01:00:00+00:00, run_after=2025-07-09 01:00:00+00:00
[2025-07-15T16:12:22.242+0000] {logging_mixin.py:190} INFO - [2025-07-15T16:12:22.242+0000] {dag.py:4180} INFO - Setting next_dagrun for consume_1_and_2_with_dataset_expressions to None, run_after=None
[2025-07-15T16:12:22.242+0000] {logging_mixin.py:190} INFO - [2025-07-15T16:12:22.242+0000] {dag.py:4180} INFO - Setting next_dagrun for consume_1_or_2_with_dataset_expressions to None, run_after=None
[2025-07-15T16:12:22.243+0000] {logging_mixin.py:190} INFO - [2025-07-15T16:12:22.243+0000] {dag.py:4180} INFO - Setting next_dagrun for consume_1_or_both_2_and_3_with_dataset_expressions to None, run_after=None
[2025-07-15T16:12:22.243+0000] {logging_mixin.py:190} INFO - [2025-07-15T16:12:22.243+0000] {dag.py:4180} INFO - Setting next_dagrun for dataset_consumes_1 to None, run_after=None
[2025-07-15T16:12:22.244+0000] {logging_mixin.py:190} INFO - [2025-07-15T16:12:22.244+0000] {dag.py:4180} INFO - Setting next_dagrun for dataset_consumes_1_and_2 to None, run_after=None
[2025-07-15T16:12:22.244+0000] {logging_mixin.py:190} INFO - [2025-07-15T16:12:22.244+0000] {dag.py:4180} INFO - Setting next_dagrun for dataset_consumes_1_never_scheduled to None, run_after=None
[2025-07-15T16:12:22.245+0000] {logging_mixin.py:190} INFO - [2025-07-15T16:12:22.245+0000] {dag.py:4180} INFO - Setting next_dagrun for dataset_consumes_unknown_never_scheduled to None, run_after=None
[2025-07-15T16:12:22.246+0000] {logging_mixin.py:190} INFO - [2025-07-15T16:12:22.245+0000] {dag.py:4180} INFO - Setting next_dagrun for dataset_produces_1 to 2025-07-14 00:00:00+00:00, run_after=2025-07-15 00:00:00+00:00
[2025-07-15T16:12:22.246+0000] {logging_mixin.py:190} INFO - [2025-07-15T16:12:22.246+0000] {dag.py:4180} INFO - Setting next_dagrun for dataset_produces_2 to None, run_after=None
[2025-07-15T16:12:22.259+0000] {processor.py:208} INFO - Processing /home/airflow/.local/lib/python3.12/site-packages/airflow/example_dags/example_datasets.py took 0.246 seconds
[2025-07-15T16:12:52.509+0000] {processor.py:186} INFO - Started process (PID=4424) to work on /home/airflow/.local/lib/python3.12/site-packages/airflow/example_dags/example_datasets.py
[2025-07-15T16:12:52.509+0000] {processor.py:914} INFO - Processing file /home/airflow/.local/lib/python3.12/site-packages/airflow/example_dags/example_datasets.py for tasks to queue
[2025-07-15T16:12:52.511+0000] {logging_mixin.py:190} INFO - [2025-07-15T16:12:52.511+0000] {dagbag.py:588} INFO - Filling up the DagBag from /home/airflow/.local/lib/python3.12/site-packages/airflow/example_dags/example_datasets.py
[2025-07-15T16:12:52.621+0000] {processor.py:925} INFO - DAG(s) 'dataset_consumes_1_never_scheduled', 'dataset_produces_1', 'consume_1_and_2_with_dataset_expressions', 'dataset_consumes_1_and_2', 'dataset_consumes_1', 'consume_1_or_both_2_and_3_with_dataset_expressions', 'conditional_dataset_and_time_based_timetable', 'dataset_produces_2', 'consume_1_or_2_with_dataset_expressions', 'dataset_consumes_unknown_never_scheduled' retrieved from /home/airflow/.local/lib/python3.12/site-packages/airflow/example_dags/example_datasets.py
[2025-07-15T16:12:52.663+0000] {logging_mixin.py:190} INFO - [2025-07-15T16:12:52.662+0000] {dag.py:3239} INFO - Sync 10 DAGs
[2025-07-15T16:12:52.680+0000] {logging_mixin.py:190} INFO - [2025-07-15T16:12:52.680+0000] {dag.py:4180} INFO - Setting next_dagrun for conditional_dataset_and_time_based_timetable to 2025-07-09 01:00:00+00:00, run_after=2025-07-09 01:00:00+00:00
[2025-07-15T16:12:52.682+0000] {logging_mixin.py:190} INFO - [2025-07-15T16:12:52.682+0000] {dag.py:4180} INFO - Setting next_dagrun for consume_1_and_2_with_dataset_expressions to None, run_after=None
[2025-07-15T16:12:52.682+0000] {logging_mixin.py:190} INFO - [2025-07-15T16:12:52.682+0000] {dag.py:4180} INFO - Setting next_dagrun for consume_1_or_2_with_dataset_expressions to None, run_after=None
[2025-07-15T16:12:52.683+0000] {logging_mixin.py:190} INFO - [2025-07-15T16:12:52.683+0000] {dag.py:4180} INFO - Setting next_dagrun for consume_1_or_both_2_and_3_with_dataset_expressions to None, run_after=None
[2025-07-15T16:12:52.683+0000] {logging_mixin.py:190} INFO - [2025-07-15T16:12:52.683+0000] {dag.py:4180} INFO - Setting next_dagrun for dataset_consumes_1 to None, run_after=None
[2025-07-15T16:12:52.684+0000] {logging_mixin.py:190} INFO - [2025-07-15T16:12:52.684+0000] {dag.py:4180} INFO - Setting next_dagrun for dataset_consumes_1_and_2 to None, run_after=None
[2025-07-15T16:12:52.684+0000] {logging_mixin.py:190} INFO - [2025-07-15T16:12:52.684+0000] {dag.py:4180} INFO - Setting next_dagrun for dataset_consumes_1_never_scheduled to None, run_after=None
[2025-07-15T16:12:52.685+0000] {logging_mixin.py:190} INFO - [2025-07-15T16:12:52.685+0000] {dag.py:4180} INFO - Setting next_dagrun for dataset_consumes_unknown_never_scheduled to None, run_after=None
[2025-07-15T16:12:52.686+0000] {logging_mixin.py:190} INFO - [2025-07-15T16:12:52.686+0000] {dag.py:4180} INFO - Setting next_dagrun for dataset_produces_1 to 2025-07-14 00:00:00+00:00, run_after=2025-07-15 00:00:00+00:00
[2025-07-15T16:12:52.686+0000] {logging_mixin.py:190} INFO - [2025-07-15T16:12:52.686+0000] {dag.py:4180} INFO - Setting next_dagrun for dataset_produces_2 to None, run_after=None
[2025-07-15T16:12:52.701+0000] {processor.py:208} INFO - Processing /home/airflow/.local/lib/python3.12/site-packages/airflow/example_dags/example_datasets.py took 0.196 seconds
[2025-07-15T16:13:22.811+0000] {processor.py:186} INFO - Started process (PID=4486) to work on /home/airflow/.local/lib/python3.12/site-packages/airflow/example_dags/example_datasets.py
[2025-07-15T16:13:22.812+0000] {processor.py:914} INFO - Processing file /home/airflow/.local/lib/python3.12/site-packages/airflow/example_dags/example_datasets.py for tasks to queue
[2025-07-15T16:13:22.813+0000] {logging_mixin.py:190} INFO - [2025-07-15T16:13:22.813+0000] {dagbag.py:588} INFO - Filling up the DagBag from /home/airflow/.local/lib/python3.12/site-packages/airflow/example_dags/example_datasets.py
[2025-07-15T16:13:22.907+0000] {processor.py:925} INFO - DAG(s) 'dataset_produces_1', 'consume_1_and_2_with_dataset_expressions', 'dataset_consumes_1_never_scheduled', 'dataset_produces_2', 'consume_1_or_2_with_dataset_expressions', 'conditional_dataset_and_time_based_timetable', 'dataset_consumes_1', 'dataset_consumes_1_and_2', 'dataset_consumes_unknown_never_scheduled', 'consume_1_or_both_2_and_3_with_dataset_expressions' retrieved from /home/airflow/.local/lib/python3.12/site-packages/airflow/example_dags/example_datasets.py
[2025-07-15T16:13:22.928+0000] {logging_mixin.py:190} INFO - [2025-07-15T16:13:22.928+0000] {dag.py:3239} INFO - Sync 10 DAGs
[2025-07-15T16:13:22.941+0000] {logging_mixin.py:190} INFO - [2025-07-15T16:13:22.941+0000] {dag.py:4180} INFO - Setting next_dagrun for conditional_dataset_and_time_based_timetable to 2025-07-09 01:00:00+00:00, run_after=2025-07-09 01:00:00+00:00
[2025-07-15T16:13:22.943+0000] {logging_mixin.py:190} INFO - [2025-07-15T16:13:22.942+0000] {dag.py:4180} INFO - Setting next_dagrun for consume_1_and_2_with_dataset_expressions to None, run_after=None
[2025-07-15T16:13:22.943+0000] {logging_mixin.py:190} INFO - [2025-07-15T16:13:22.943+0000] {dag.py:4180} INFO - Setting next_dagrun for consume_1_or_2_with_dataset_expressions to None, run_after=None
[2025-07-15T16:13:22.944+0000] {logging_mixin.py:190} INFO - [2025-07-15T16:13:22.943+0000] {dag.py:4180} INFO - Setting next_dagrun for consume_1_or_both_2_and_3_with_dataset_expressions to None, run_after=None
[2025-07-15T16:13:22.944+0000] {logging_mixin.py:190} INFO - [2025-07-15T16:13:22.944+0000] {dag.py:4180} INFO - Setting next_dagrun for dataset_consumes_1 to None, run_after=None
[2025-07-15T16:13:22.945+0000] {logging_mixin.py:190} INFO - [2025-07-15T16:13:22.944+0000] {dag.py:4180} INFO - Setting next_dagrun for dataset_consumes_1_and_2 to None, run_after=None
[2025-07-15T16:13:22.945+0000] {logging_mixin.py:190} INFO - [2025-07-15T16:13:22.945+0000] {dag.py:4180} INFO - Setting next_dagrun for dataset_consumes_1_never_scheduled to None, run_after=None
[2025-07-15T16:13:22.945+0000] {logging_mixin.py:190} INFO - [2025-07-15T16:13:22.945+0000] {dag.py:4180} INFO - Setting next_dagrun for dataset_consumes_unknown_never_scheduled to None, run_after=None
[2025-07-15T16:13:22.946+0000] {logging_mixin.py:190} INFO - [2025-07-15T16:13:22.946+0000] {dag.py:4180} INFO - Setting next_dagrun for dataset_produces_1 to 2025-07-14 00:00:00+00:00, run_after=2025-07-15 00:00:00+00:00
[2025-07-15T16:13:22.947+0000] {logging_mixin.py:190} INFO - [2025-07-15T16:13:22.947+0000] {dag.py:4180} INFO - Setting next_dagrun for dataset_produces_2 to None, run_after=None
[2025-07-15T16:13:22.960+0000] {processor.py:208} INFO - Processing /home/airflow/.local/lib/python3.12/site-packages/airflow/example_dags/example_datasets.py took 0.153 seconds
[2025-07-15T16:13:53.298+0000] {processor.py:186} INFO - Started process (PID=4545) to work on /home/airflow/.local/lib/python3.12/site-packages/airflow/example_dags/example_datasets.py
[2025-07-15T16:13:53.299+0000] {processor.py:914} INFO - Processing file /home/airflow/.local/lib/python3.12/site-packages/airflow/example_dags/example_datasets.py for tasks to queue
[2025-07-15T16:13:53.302+0000] {logging_mixin.py:190} INFO - [2025-07-15T16:13:53.302+0000] {dagbag.py:588} INFO - Filling up the DagBag from /home/airflow/.local/lib/python3.12/site-packages/airflow/example_dags/example_datasets.py
[2025-07-15T16:13:53.402+0000] {processor.py:925} INFO - DAG(s) 'conditional_dataset_and_time_based_timetable', 'dataset_consumes_1', 'dataset_consumes_unknown_never_scheduled', 'consume_1_or_2_with_dataset_expressions', 'consume_1_or_both_2_and_3_with_dataset_expressions', 'consume_1_and_2_with_dataset_expressions', 'dataset_consumes_1_never_scheduled', 'dataset_produces_1', 'dataset_produces_2', 'dataset_consumes_1_and_2' retrieved from /home/airflow/.local/lib/python3.12/site-packages/airflow/example_dags/example_datasets.py
[2025-07-15T16:13:53.424+0000] {logging_mixin.py:190} INFO - [2025-07-15T16:13:53.424+0000] {dag.py:3239} INFO - Sync 10 DAGs
[2025-07-15T16:13:53.439+0000] {logging_mixin.py:190} INFO - [2025-07-15T16:13:53.439+0000] {dag.py:4180} INFO - Setting next_dagrun for conditional_dataset_and_time_based_timetable to 2025-07-09 01:00:00+00:00, run_after=2025-07-09 01:00:00+00:00
[2025-07-15T16:13:53.444+0000] {logging_mixin.py:190} INFO - [2025-07-15T16:13:53.444+0000] {dag.py:4180} INFO - Setting next_dagrun for consume_1_and_2_with_dataset_expressions to None, run_after=None
[2025-07-15T16:13:53.445+0000] {logging_mixin.py:190} INFO - [2025-07-15T16:13:53.445+0000] {dag.py:4180} INFO - Setting next_dagrun for consume_1_or_2_with_dataset_expressions to None, run_after=None
[2025-07-15T16:13:53.446+0000] {logging_mixin.py:190} INFO - [2025-07-15T16:13:53.446+0000] {dag.py:4180} INFO - Setting next_dagrun for consume_1_or_both_2_and_3_with_dataset_expressions to None, run_after=None
[2025-07-15T16:13:53.449+0000] {logging_mixin.py:190} INFO - [2025-07-15T16:13:53.449+0000] {dag.py:4180} INFO - Setting next_dagrun for dataset_consumes_1 to None, run_after=None
[2025-07-15T16:13:53.450+0000] {logging_mixin.py:190} INFO - [2025-07-15T16:13:53.450+0000] {dag.py:4180} INFO - Setting next_dagrun for dataset_consumes_1_and_2 to None, run_after=None
[2025-07-15T16:13:53.451+0000] {logging_mixin.py:190} INFO - [2025-07-15T16:13:53.451+0000] {dag.py:4180} INFO - Setting next_dagrun for dataset_consumes_1_never_scheduled to None, run_after=None
[2025-07-15T16:13:53.451+0000] {logging_mixin.py:190} INFO - [2025-07-15T16:13:53.451+0000] {dag.py:4180} INFO - Setting next_dagrun for dataset_consumes_unknown_never_scheduled to None, run_after=None
[2025-07-15T16:13:53.452+0000] {logging_mixin.py:190} INFO - [2025-07-15T16:13:53.452+0000] {dag.py:4180} INFO - Setting next_dagrun for dataset_produces_1 to 2025-07-14 00:00:00+00:00, run_after=2025-07-15 00:00:00+00:00
[2025-07-15T16:13:53.454+0000] {logging_mixin.py:190} INFO - [2025-07-15T16:13:53.454+0000] {dag.py:4180} INFO - Setting next_dagrun for dataset_produces_2 to None, run_after=None
[2025-07-15T16:13:53.474+0000] {processor.py:208} INFO - Processing /home/airflow/.local/lib/python3.12/site-packages/airflow/example_dags/example_datasets.py took 0.179 seconds
[2025-07-15T16:14:24.447+0000] {processor.py:186} INFO - Started process (PID=4612) to work on /home/airflow/.local/lib/python3.12/site-packages/airflow/example_dags/example_datasets.py
[2025-07-15T16:14:24.448+0000] {processor.py:914} INFO - Processing file /home/airflow/.local/lib/python3.12/site-packages/airflow/example_dags/example_datasets.py for tasks to queue
[2025-07-15T16:14:24.450+0000] {logging_mixin.py:190} INFO - [2025-07-15T16:14:24.449+0000] {dagbag.py:588} INFO - Filling up the DagBag from /home/airflow/.local/lib/python3.12/site-packages/airflow/example_dags/example_datasets.py
[2025-07-15T16:14:24.579+0000] {processor.py:925} INFO - DAG(s) 'dataset_produces_2', 'dataset_consumes_1_and_2', 'conditional_dataset_and_time_based_timetable', 'consume_1_or_both_2_and_3_with_dataset_expressions', 'consume_1_or_2_with_dataset_expressions', 'dataset_produces_1', 'dataset_consumes_1_never_scheduled', 'consume_1_and_2_with_dataset_expressions', 'dataset_consumes_unknown_never_scheduled', 'dataset_consumes_1' retrieved from /home/airflow/.local/lib/python3.12/site-packages/airflow/example_dags/example_datasets.py
[2025-07-15T16:14:24.606+0000] {logging_mixin.py:190} INFO - [2025-07-15T16:14:24.606+0000] {dag.py:3239} INFO - Sync 10 DAGs
[2025-07-15T16:14:24.624+0000] {logging_mixin.py:190} INFO - [2025-07-15T16:14:24.623+0000] {dag.py:4180} INFO - Setting next_dagrun for conditional_dataset_and_time_based_timetable to 2025-07-09 01:00:00+00:00, run_after=2025-07-09 01:00:00+00:00
[2025-07-15T16:14:24.628+0000] {logging_mixin.py:190} INFO - [2025-07-15T16:14:24.628+0000] {dag.py:4180} INFO - Setting next_dagrun for consume_1_and_2_with_dataset_expressions to None, run_after=None
[2025-07-15T16:14:24.629+0000] {logging_mixin.py:190} INFO - [2025-07-15T16:14:24.629+0000] {dag.py:4180} INFO - Setting next_dagrun for consume_1_or_2_with_dataset_expressions to None, run_after=None
[2025-07-15T16:14:24.631+0000] {logging_mixin.py:190} INFO - [2025-07-15T16:14:24.631+0000] {dag.py:4180} INFO - Setting next_dagrun for consume_1_or_both_2_and_3_with_dataset_expressions to None, run_after=None
[2025-07-15T16:14:24.632+0000] {logging_mixin.py:190} INFO - [2025-07-15T16:14:24.632+0000] {dag.py:4180} INFO - Setting next_dagrun for dataset_consumes_1 to None, run_after=None
[2025-07-15T16:14:24.633+0000] {logging_mixin.py:190} INFO - [2025-07-15T16:14:24.633+0000] {dag.py:4180} INFO - Setting next_dagrun for dataset_consumes_1_and_2 to None, run_after=None
[2025-07-15T16:14:24.634+0000] {logging_mixin.py:190} INFO - [2025-07-15T16:14:24.634+0000] {dag.py:4180} INFO - Setting next_dagrun for dataset_consumes_1_never_scheduled to None, run_after=None
[2025-07-15T16:14:24.635+0000] {logging_mixin.py:190} INFO - [2025-07-15T16:14:24.635+0000] {dag.py:4180} INFO - Setting next_dagrun for dataset_consumes_unknown_never_scheduled to None, run_after=None
[2025-07-15T16:14:24.638+0000] {logging_mixin.py:190} INFO - [2025-07-15T16:14:24.638+0000] {dag.py:4180} INFO - Setting next_dagrun for dataset_produces_1 to 2025-07-14 00:00:00+00:00, run_after=2025-07-15 00:00:00+00:00
[2025-07-15T16:14:24.638+0000] {logging_mixin.py:190} INFO - [2025-07-15T16:14:24.638+0000] {dag.py:4180} INFO - Setting next_dagrun for dataset_produces_2 to None, run_after=None
[2025-07-15T16:14:24.672+0000] {processor.py:208} INFO - Processing /home/airflow/.local/lib/python3.12/site-packages/airflow/example_dags/example_datasets.py took 0.229 seconds
[2025-07-15T16:14:55.669+0000] {processor.py:186} INFO - Started process (PID=4674) to work on /home/airflow/.local/lib/python3.12/site-packages/airflow/example_dags/example_datasets.py
[2025-07-15T16:14:55.676+0000] {processor.py:914} INFO - Processing file /home/airflow/.local/lib/python3.12/site-packages/airflow/example_dags/example_datasets.py for tasks to queue
[2025-07-15T16:14:55.677+0000] {logging_mixin.py:190} INFO - [2025-07-15T16:14:55.677+0000] {dagbag.py:588} INFO - Filling up the DagBag from /home/airflow/.local/lib/python3.12/site-packages/airflow/example_dags/example_datasets.py
[2025-07-15T16:14:55.769+0000] {processor.py:925} INFO - DAG(s) 'consume_1_and_2_with_dataset_expressions', 'dataset_consumes_1_never_scheduled', 'dataset_produces_1', 'dataset_consumes_1_and_2', 'consume_1_or_2_with_dataset_expressions', 'consume_1_or_both_2_and_3_with_dataset_expressions', 'dataset_consumes_unknown_never_scheduled', 'conditional_dataset_and_time_based_timetable', 'dataset_produces_2', 'dataset_consumes_1' retrieved from /home/airflow/.local/lib/python3.12/site-packages/airflow/example_dags/example_datasets.py
[2025-07-15T16:14:55.793+0000] {logging_mixin.py:190} INFO - [2025-07-15T16:14:55.793+0000] {dag.py:3239} INFO - Sync 10 DAGs
[2025-07-15T16:14:55.806+0000] {logging_mixin.py:190} INFO - [2025-07-15T16:14:55.806+0000] {dag.py:4180} INFO - Setting next_dagrun for conditional_dataset_and_time_based_timetable to 2025-07-09 01:00:00+00:00, run_after=2025-07-09 01:00:00+00:00
[2025-07-15T16:14:55.809+0000] {logging_mixin.py:190} INFO - [2025-07-15T16:14:55.808+0000] {dag.py:4180} INFO - Setting next_dagrun for consume_1_and_2_with_dataset_expressions to None, run_after=None
[2025-07-15T16:14:55.809+0000] {logging_mixin.py:190} INFO - [2025-07-15T16:14:55.809+0000] {dag.py:4180} INFO - Setting next_dagrun for consume_1_or_2_with_dataset_expressions to None, run_after=None
[2025-07-15T16:14:55.810+0000] {logging_mixin.py:190} INFO - [2025-07-15T16:14:55.810+0000] {dag.py:4180} INFO - Setting next_dagrun for consume_1_or_both_2_and_3_with_dataset_expressions to None, run_after=None
[2025-07-15T16:14:55.811+0000] {logging_mixin.py:190} INFO - [2025-07-15T16:14:55.810+0000] {dag.py:4180} INFO - Setting next_dagrun for dataset_consumes_1 to None, run_after=None
[2025-07-15T16:14:55.811+0000] {logging_mixin.py:190} INFO - [2025-07-15T16:14:55.811+0000] {dag.py:4180} INFO - Setting next_dagrun for dataset_consumes_1_and_2 to None, run_after=None
[2025-07-15T16:14:55.813+0000] {logging_mixin.py:190} INFO - [2025-07-15T16:14:55.813+0000] {dag.py:4180} INFO - Setting next_dagrun for dataset_consumes_1_never_scheduled to None, run_after=None
[2025-07-15T16:14:55.814+0000] {logging_mixin.py:190} INFO - [2025-07-15T16:14:55.814+0000] {dag.py:4180} INFO - Setting next_dagrun for dataset_consumes_unknown_never_scheduled to None, run_after=None
[2025-07-15T16:14:55.817+0000] {logging_mixin.py:190} INFO - [2025-07-15T16:14:55.817+0000] {dag.py:4180} INFO - Setting next_dagrun for dataset_produces_1 to 2025-07-14 00:00:00+00:00, run_after=2025-07-15 00:00:00+00:00
[2025-07-15T16:14:55.818+0000] {logging_mixin.py:190} INFO - [2025-07-15T16:14:55.818+0000] {dag.py:4180} INFO - Setting next_dagrun for dataset_produces_2 to None, run_after=None
[2025-07-15T16:14:55.843+0000] {processor.py:208} INFO - Processing /home/airflow/.local/lib/python3.12/site-packages/airflow/example_dags/example_datasets.py took 0.177 seconds
[2025-07-15T16:15:26.079+0000] {processor.py:186} INFO - Started process (PID=4736) to work on /home/airflow/.local/lib/python3.12/site-packages/airflow/example_dags/example_datasets.py
[2025-07-15T16:15:26.080+0000] {processor.py:914} INFO - Processing file /home/airflow/.local/lib/python3.12/site-packages/airflow/example_dags/example_datasets.py for tasks to queue
[2025-07-15T16:15:26.082+0000] {logging_mixin.py:190} INFO - [2025-07-15T16:15:26.082+0000] {dagbag.py:588} INFO - Filling up the DagBag from /home/airflow/.local/lib/python3.12/site-packages/airflow/example_dags/example_datasets.py
[2025-07-15T16:15:26.182+0000] {processor.py:925} INFO - DAG(s) 'dataset_produces_2', 'consume_1_or_both_2_and_3_with_dataset_expressions', 'dataset_produces_1', 'dataset_consumes_1', 'conditional_dataset_and_time_based_timetable', 'dataset_consumes_unknown_never_scheduled', 'dataset_consumes_1_and_2', 'consume_1_or_2_with_dataset_expressions', 'dataset_consumes_1_never_scheduled', 'consume_1_and_2_with_dataset_expressions' retrieved from /home/airflow/.local/lib/python3.12/site-packages/airflow/example_dags/example_datasets.py
[2025-07-15T16:15:26.218+0000] {logging_mixin.py:190} INFO - [2025-07-15T16:15:26.218+0000] {dag.py:3239} INFO - Sync 10 DAGs
[2025-07-15T16:15:26.234+0000] {logging_mixin.py:190} INFO - [2025-07-15T16:15:26.234+0000] {dag.py:4180} INFO - Setting next_dagrun for conditional_dataset_and_time_based_timetable to 2025-07-09 01:00:00+00:00, run_after=2025-07-09 01:00:00+00:00
[2025-07-15T16:15:26.236+0000] {logging_mixin.py:190} INFO - [2025-07-15T16:15:26.236+0000] {dag.py:4180} INFO - Setting next_dagrun for consume_1_and_2_with_dataset_expressions to None, run_after=None
[2025-07-15T16:15:26.237+0000] {logging_mixin.py:190} INFO - [2025-07-15T16:15:26.237+0000] {dag.py:4180} INFO - Setting next_dagrun for consume_1_or_2_with_dataset_expressions to None, run_after=None
[2025-07-15T16:15:26.237+0000] {logging_mixin.py:190} INFO - [2025-07-15T16:15:26.237+0000] {dag.py:4180} INFO - Setting next_dagrun for consume_1_or_both_2_and_3_with_dataset_expressions to None, run_after=None
[2025-07-15T16:15:26.238+0000] {logging_mixin.py:190} INFO - [2025-07-15T16:15:26.238+0000] {dag.py:4180} INFO - Setting next_dagrun for dataset_consumes_1 to None, run_after=None
[2025-07-15T16:15:26.239+0000] {logging_mixin.py:190} INFO - [2025-07-15T16:15:26.239+0000] {dag.py:4180} INFO - Setting next_dagrun for dataset_consumes_1_and_2 to None, run_after=None
[2025-07-15T16:15:26.239+0000] {logging_mixin.py:190} INFO - [2025-07-15T16:15:26.239+0000] {dag.py:4180} INFO - Setting next_dagrun for dataset_consumes_1_never_scheduled to None, run_after=None
[2025-07-15T16:15:26.240+0000] {logging_mixin.py:190} INFO - [2025-07-15T16:15:26.240+0000] {dag.py:4180} INFO - Setting next_dagrun for dataset_consumes_unknown_never_scheduled to None, run_after=None
[2025-07-15T16:15:26.241+0000] {logging_mixin.py:190} INFO - [2025-07-15T16:15:26.241+0000] {dag.py:4180} INFO - Setting next_dagrun for dataset_produces_1 to 2025-07-14 00:00:00+00:00, run_after=2025-07-15 00:00:00+00:00
[2025-07-15T16:15:26.241+0000] {logging_mixin.py:190} INFO - [2025-07-15T16:15:26.241+0000] {dag.py:4180} INFO - Setting next_dagrun for dataset_produces_2 to None, run_after=None
[2025-07-15T16:15:26.269+0000] {processor.py:208} INFO - Processing /home/airflow/.local/lib/python3.12/site-packages/airflow/example_dags/example_datasets.py took 0.193 seconds
[2025-07-15T16:15:57.284+0000] {processor.py:186} INFO - Started process (PID=4798) to work on /home/airflow/.local/lib/python3.12/site-packages/airflow/example_dags/example_datasets.py
[2025-07-15T16:15:57.285+0000] {processor.py:914} INFO - Processing file /home/airflow/.local/lib/python3.12/site-packages/airflow/example_dags/example_datasets.py for tasks to queue
[2025-07-15T16:15:57.286+0000] {logging_mixin.py:190} INFO - [2025-07-15T16:15:57.286+0000] {dagbag.py:588} INFO - Filling up the DagBag from /home/airflow/.local/lib/python3.12/site-packages/airflow/example_dags/example_datasets.py
[2025-07-15T16:15:57.398+0000] {processor.py:925} INFO - DAG(s) 'consume_1_or_both_2_and_3_with_dataset_expressions', 'conditional_dataset_and_time_based_timetable', 'consume_1_and_2_with_dataset_expressions', 'dataset_produces_1', 'dataset_consumes_unknown_never_scheduled', 'dataset_consumes_1', 'dataset_consumes_1_and_2', 'dataset_produces_2', 'consume_1_or_2_with_dataset_expressions', 'dataset_consumes_1_never_scheduled' retrieved from /home/airflow/.local/lib/python3.12/site-packages/airflow/example_dags/example_datasets.py
[2025-07-15T16:15:57.424+0000] {logging_mixin.py:190} INFO - [2025-07-15T16:15:57.424+0000] {dag.py:3239} INFO - Sync 10 DAGs
[2025-07-15T16:15:57.438+0000] {logging_mixin.py:190} INFO - [2025-07-15T16:15:57.438+0000] {dag.py:4180} INFO - Setting next_dagrun for conditional_dataset_and_time_based_timetable to 2025-07-09 01:00:00+00:00, run_after=2025-07-09 01:00:00+00:00
[2025-07-15T16:15:57.440+0000] {logging_mixin.py:190} INFO - [2025-07-15T16:15:57.440+0000] {dag.py:4180} INFO - Setting next_dagrun for consume_1_and_2_with_dataset_expressions to None, run_after=None
[2025-07-15T16:15:57.441+0000] {logging_mixin.py:190} INFO - [2025-07-15T16:15:57.441+0000] {dag.py:4180} INFO - Setting next_dagrun for consume_1_or_2_with_dataset_expressions to None, run_after=None
[2025-07-15T16:15:57.442+0000] {logging_mixin.py:190} INFO - [2025-07-15T16:15:57.442+0000] {dag.py:4180} INFO - Setting next_dagrun for consume_1_or_both_2_and_3_with_dataset_expressions to None, run_after=None
[2025-07-15T16:15:57.445+0000] {logging_mixin.py:190} INFO - [2025-07-15T16:15:57.445+0000] {dag.py:4180} INFO - Setting next_dagrun for dataset_consumes_1 to None, run_after=None
[2025-07-15T16:15:57.448+0000] {logging_mixin.py:190} INFO - [2025-07-15T16:15:57.448+0000] {dag.py:4180} INFO - Setting next_dagrun for dataset_consumes_1_and_2 to None, run_after=None
[2025-07-15T16:15:57.448+0000] {logging_mixin.py:190} INFO - [2025-07-15T16:15:57.448+0000] {dag.py:4180} INFO - Setting next_dagrun for dataset_consumes_1_never_scheduled to None, run_after=None
[2025-07-15T16:15:57.449+0000] {logging_mixin.py:190} INFO - [2025-07-15T16:15:57.449+0000] {dag.py:4180} INFO - Setting next_dagrun for dataset_consumes_unknown_never_scheduled to None, run_after=None
[2025-07-15T16:15:57.451+0000] {logging_mixin.py:190} INFO - [2025-07-15T16:15:57.451+0000] {dag.py:4180} INFO - Setting next_dagrun for dataset_produces_1 to 2025-07-14 00:00:00+00:00, run_after=2025-07-15 00:00:00+00:00
[2025-07-15T16:15:57.453+0000] {logging_mixin.py:190} INFO - [2025-07-15T16:15:57.453+0000] {dag.py:4180} INFO - Setting next_dagrun for dataset_produces_2 to None, run_after=None
[2025-07-15T16:15:57.477+0000] {processor.py:208} INFO - Processing /home/airflow/.local/lib/python3.12/site-packages/airflow/example_dags/example_datasets.py took 0.196 seconds
[2025-07-15T16:16:30.191+0000] {processor.py:186} INFO - Started process (PID=4860) to work on /home/airflow/.local/lib/python3.12/site-packages/airflow/example_dags/example_datasets.py
[2025-07-15T16:16:30.193+0000] {processor.py:914} INFO - Processing file /home/airflow/.local/lib/python3.12/site-packages/airflow/example_dags/example_datasets.py for tasks to queue
[2025-07-15T16:16:30.196+0000] {logging_mixin.py:190} INFO - [2025-07-15T16:16:30.196+0000] {dagbag.py:588} INFO - Filling up the DagBag from /home/airflow/.local/lib/python3.12/site-packages/airflow/example_dags/example_datasets.py
[2025-07-15T16:16:30.448+0000] {processor.py:925} INFO - DAG(s) 'consume_1_or_both_2_and_3_with_dataset_expressions', 'conditional_dataset_and_time_based_timetable', 'dataset_consumes_1_never_scheduled', 'consume_1_or_2_with_dataset_expressions', 'dataset_consumes_1_and_2', 'dataset_produces_1', 'consume_1_and_2_with_dataset_expressions', 'dataset_consumes_1', 'dataset_consumes_unknown_never_scheduled', 'dataset_produces_2' retrieved from /home/airflow/.local/lib/python3.12/site-packages/airflow/example_dags/example_datasets.py
[2025-07-15T16:16:30.492+0000] {logging_mixin.py:190} INFO - [2025-07-15T16:16:30.491+0000] {dag.py:3239} INFO - Sync 10 DAGs
[2025-07-15T16:16:30.518+0000] {logging_mixin.py:190} INFO - [2025-07-15T16:16:30.518+0000] {dag.py:4180} INFO - Setting next_dagrun for conditional_dataset_and_time_based_timetable to 2025-07-09 01:00:00+00:00, run_after=2025-07-09 01:00:00+00:00
[2025-07-15T16:16:30.522+0000] {logging_mixin.py:190} INFO - [2025-07-15T16:16:30.522+0000] {dag.py:4180} INFO - Setting next_dagrun for consume_1_and_2_with_dataset_expressions to None, run_after=None
[2025-07-15T16:16:30.524+0000] {logging_mixin.py:190} INFO - [2025-07-15T16:16:30.524+0000] {dag.py:4180} INFO - Setting next_dagrun for consume_1_or_2_with_dataset_expressions to None, run_after=None
[2025-07-15T16:16:30.527+0000] {logging_mixin.py:190} INFO - [2025-07-15T16:16:30.527+0000] {dag.py:4180} INFO - Setting next_dagrun for consume_1_or_both_2_and_3_with_dataset_expressions to None, run_after=None
[2025-07-15T16:16:30.528+0000] {logging_mixin.py:190} INFO - [2025-07-15T16:16:30.528+0000] {dag.py:4180} INFO - Setting next_dagrun for dataset_consumes_1 to None, run_after=None
[2025-07-15T16:16:30.528+0000] {logging_mixin.py:190} INFO - [2025-07-15T16:16:30.528+0000] {dag.py:4180} INFO - Setting next_dagrun for dataset_consumes_1_and_2 to None, run_after=None
[2025-07-15T16:16:30.529+0000] {logging_mixin.py:190} INFO - [2025-07-15T16:16:30.529+0000] {dag.py:4180} INFO - Setting next_dagrun for dataset_consumes_1_never_scheduled to None, run_after=None
[2025-07-15T16:16:30.529+0000] {logging_mixin.py:190} INFO - [2025-07-15T16:16:30.529+0000] {dag.py:4180} INFO - Setting next_dagrun for dataset_consumes_unknown_never_scheduled to None, run_after=None
[2025-07-15T16:16:30.531+0000] {logging_mixin.py:190} INFO - [2025-07-15T16:16:30.531+0000] {dag.py:4180} INFO - Setting next_dagrun for dataset_produces_1 to 2025-07-14 00:00:00+00:00, run_after=2025-07-15 00:00:00+00:00
[2025-07-15T16:16:30.533+0000] {logging_mixin.py:190} INFO - [2025-07-15T16:16:30.533+0000] {dag.py:4180} INFO - Setting next_dagrun for dataset_produces_2 to None, run_after=None
[2025-07-15T16:16:30.567+0000] {processor.py:208} INFO - Processing /home/airflow/.local/lib/python3.12/site-packages/airflow/example_dags/example_datasets.py took 0.383 seconds
[2025-07-15T16:17:00.961+0000] {processor.py:186} INFO - Started process (PID=4924) to work on /home/airflow/.local/lib/python3.12/site-packages/airflow/example_dags/example_datasets.py
[2025-07-15T16:17:00.964+0000] {processor.py:914} INFO - Processing file /home/airflow/.local/lib/python3.12/site-packages/airflow/example_dags/example_datasets.py for tasks to queue
[2025-07-15T16:17:00.965+0000] {logging_mixin.py:190} INFO - [2025-07-15T16:17:00.965+0000] {dagbag.py:588} INFO - Filling up the DagBag from /home/airflow/.local/lib/python3.12/site-packages/airflow/example_dags/example_datasets.py
[2025-07-15T16:17:01.034+0000] {processor.py:925} INFO - DAG(s) 'dataset_consumes_1_and_2', 'dataset_produces_2', 'dataset_consumes_unknown_never_scheduled', 'dataset_consumes_1', 'dataset_consumes_1_never_scheduled', 'consume_1_or_both_2_and_3_with_dataset_expressions', 'dataset_produces_1', 'consume_1_or_2_with_dataset_expressions', 'conditional_dataset_and_time_based_timetable', 'consume_1_and_2_with_dataset_expressions' retrieved from /home/airflow/.local/lib/python3.12/site-packages/airflow/example_dags/example_datasets.py
[2025-07-15T16:17:01.057+0000] {logging_mixin.py:190} INFO - [2025-07-15T16:17:01.056+0000] {dag.py:3239} INFO - Sync 10 DAGs
[2025-07-15T16:17:01.069+0000] {logging_mixin.py:190} INFO - [2025-07-15T16:17:01.069+0000] {dag.py:4180} INFO - Setting next_dagrun for conditional_dataset_and_time_based_timetable to 2025-07-09 01:00:00+00:00, run_after=2025-07-09 01:00:00+00:00
[2025-07-15T16:17:01.071+0000] {logging_mixin.py:190} INFO - [2025-07-15T16:17:01.071+0000] {dag.py:4180} INFO - Setting next_dagrun for consume_1_and_2_with_dataset_expressions to None, run_after=None
[2025-07-15T16:17:01.071+0000] {logging_mixin.py:190} INFO - [2025-07-15T16:17:01.071+0000] {dag.py:4180} INFO - Setting next_dagrun for consume_1_or_2_with_dataset_expressions to None, run_after=None
[2025-07-15T16:17:01.072+0000] {logging_mixin.py:190} INFO - [2025-07-15T16:17:01.072+0000] {dag.py:4180} INFO - Setting next_dagrun for consume_1_or_both_2_and_3_with_dataset_expressions to None, run_after=None
[2025-07-15T16:17:01.072+0000] {logging_mixin.py:190} INFO - [2025-07-15T16:17:01.072+0000] {dag.py:4180} INFO - Setting next_dagrun for dataset_consumes_1 to None, run_after=None
[2025-07-15T16:17:01.073+0000] {logging_mixin.py:190} INFO - [2025-07-15T16:17:01.073+0000] {dag.py:4180} INFO - Setting next_dagrun for dataset_consumes_1_and_2 to None, run_after=None
[2025-07-15T16:17:01.073+0000] {logging_mixin.py:190} INFO - [2025-07-15T16:17:01.073+0000] {dag.py:4180} INFO - Setting next_dagrun for dataset_consumes_1_never_scheduled to None, run_after=None
[2025-07-15T16:17:01.074+0000] {logging_mixin.py:190} INFO - [2025-07-15T16:17:01.074+0000] {dag.py:4180} INFO - Setting next_dagrun for dataset_consumes_unknown_never_scheduled to None, run_after=None
[2025-07-15T16:17:01.075+0000] {logging_mixin.py:190} INFO - [2025-07-15T16:17:01.075+0000] {dag.py:4180} INFO - Setting next_dagrun for dataset_produces_1 to 2025-07-14 00:00:00+00:00, run_after=2025-07-15 00:00:00+00:00
[2025-07-15T16:17:01.075+0000] {logging_mixin.py:190} INFO - [2025-07-15T16:17:01.075+0000] {dag.py:4180} INFO - Setting next_dagrun for dataset_produces_2 to None, run_after=None
[2025-07-15T16:17:01.088+0000] {processor.py:208} INFO - Processing /home/airflow/.local/lib/python3.12/site-packages/airflow/example_dags/example_datasets.py took 0.133 seconds
[2025-07-15T16:17:31.173+0000] {processor.py:186} INFO - Started process (PID=4986) to work on /home/airflow/.local/lib/python3.12/site-packages/airflow/example_dags/example_datasets.py
[2025-07-15T16:17:31.174+0000] {processor.py:914} INFO - Processing file /home/airflow/.local/lib/python3.12/site-packages/airflow/example_dags/example_datasets.py for tasks to queue
[2025-07-15T16:17:31.177+0000] {logging_mixin.py:190} INFO - [2025-07-15T16:17:31.176+0000] {dagbag.py:588} INFO - Filling up the DagBag from /home/airflow/.local/lib/python3.12/site-packages/airflow/example_dags/example_datasets.py
[2025-07-15T16:17:31.259+0000] {processor.py:925} INFO - DAG(s) 'consume_1_or_2_with_dataset_expressions', 'dataset_produces_2', 'dataset_consumes_1_and_2', 'dataset_consumes_1', 'conditional_dataset_and_time_based_timetable', 'dataset_consumes_1_never_scheduled', 'consume_1_and_2_with_dataset_expressions', 'consume_1_or_both_2_and_3_with_dataset_expressions', 'dataset_produces_1', 'dataset_consumes_unknown_never_scheduled' retrieved from /home/airflow/.local/lib/python3.12/site-packages/airflow/example_dags/example_datasets.py
[2025-07-15T16:17:31.288+0000] {logging_mixin.py:190} INFO - [2025-07-15T16:17:31.288+0000] {dag.py:3239} INFO - Sync 10 DAGs
[2025-07-15T16:17:31.305+0000] {logging_mixin.py:190} INFO - [2025-07-15T16:17:31.305+0000] {dag.py:4180} INFO - Setting next_dagrun for conditional_dataset_and_time_based_timetable to 2025-07-09 01:00:00+00:00, run_after=2025-07-09 01:00:00+00:00
[2025-07-15T16:17:31.309+0000] {logging_mixin.py:190} INFO - [2025-07-15T16:17:31.308+0000] {dag.py:4180} INFO - Setting next_dagrun for consume_1_and_2_with_dataset_expressions to None, run_after=None
[2025-07-15T16:17:31.310+0000] {logging_mixin.py:190} INFO - [2025-07-15T16:17:31.310+0000] {dag.py:4180} INFO - Setting next_dagrun for consume_1_or_2_with_dataset_expressions to None, run_after=None
[2025-07-15T16:17:31.312+0000] {logging_mixin.py:190} INFO - [2025-07-15T16:17:31.311+0000] {dag.py:4180} INFO - Setting next_dagrun for consume_1_or_both_2_and_3_with_dataset_expressions to None, run_after=None
[2025-07-15T16:17:31.313+0000] {logging_mixin.py:190} INFO - [2025-07-15T16:17:31.313+0000] {dag.py:4180} INFO - Setting next_dagrun for dataset_consumes_1 to None, run_after=None
[2025-07-15T16:17:31.314+0000] {logging_mixin.py:190} INFO - [2025-07-15T16:17:31.314+0000] {dag.py:4180} INFO - Setting next_dagrun for dataset_consumes_1_and_2 to None, run_after=None
[2025-07-15T16:17:31.315+0000] {logging_mixin.py:190} INFO - [2025-07-15T16:17:31.315+0000] {dag.py:4180} INFO - Setting next_dagrun for dataset_consumes_1_never_scheduled to None, run_after=None
[2025-07-15T16:17:31.316+0000] {logging_mixin.py:190} INFO - [2025-07-15T16:17:31.316+0000] {dag.py:4180} INFO - Setting next_dagrun for dataset_consumes_unknown_never_scheduled to None, run_after=None
[2025-07-15T16:17:31.318+0000] {logging_mixin.py:190} INFO - [2025-07-15T16:17:31.318+0000] {dag.py:4180} INFO - Setting next_dagrun for dataset_produces_1 to 2025-07-14 00:00:00+00:00, run_after=2025-07-15 00:00:00+00:00
[2025-07-15T16:17:31.320+0000] {logging_mixin.py:190} INFO - [2025-07-15T16:17:31.320+0000] {dag.py:4180} INFO - Setting next_dagrun for dataset_produces_2 to None, run_after=None
[2025-07-15T16:17:31.338+0000] {processor.py:208} INFO - Processing /home/airflow/.local/lib/python3.12/site-packages/airflow/example_dags/example_datasets.py took 0.172 seconds
[2025-07-15T16:18:02.408+0000] {processor.py:186} INFO - Started process (PID=5046) to work on /home/airflow/.local/lib/python3.12/site-packages/airflow/example_dags/example_datasets.py
[2025-07-15T16:18:02.409+0000] {processor.py:914} INFO - Processing file /home/airflow/.local/lib/python3.12/site-packages/airflow/example_dags/example_datasets.py for tasks to queue
[2025-07-15T16:18:02.411+0000] {logging_mixin.py:190} INFO - [2025-07-15T16:18:02.411+0000] {dagbag.py:588} INFO - Filling up the DagBag from /home/airflow/.local/lib/python3.12/site-packages/airflow/example_dags/example_datasets.py
[2025-07-15T16:18:02.540+0000] {processor.py:925} INFO - DAG(s) 'consume_1_and_2_with_dataset_expressions', 'dataset_produces_2', 'dataset_consumes_1_and_2', 'consume_1_or_both_2_and_3_with_dataset_expressions', 'dataset_produces_1', 'dataset_consumes_1', 'dataset_consumes_unknown_never_scheduled', 'consume_1_or_2_with_dataset_expressions', 'dataset_consumes_1_never_scheduled', 'conditional_dataset_and_time_based_timetable' retrieved from /home/airflow/.local/lib/python3.12/site-packages/airflow/example_dags/example_datasets.py
[2025-07-15T16:18:02.602+0000] {logging_mixin.py:190} INFO - [2025-07-15T16:18:02.602+0000] {dag.py:3239} INFO - Sync 10 DAGs
[2025-07-15T16:18:02.623+0000] {logging_mixin.py:190} INFO - [2025-07-15T16:18:02.622+0000] {dag.py:4180} INFO - Setting next_dagrun for conditional_dataset_and_time_based_timetable to 2025-07-09 01:00:00+00:00, run_after=2025-07-09 01:00:00+00:00
[2025-07-15T16:18:02.626+0000] {logging_mixin.py:190} INFO - [2025-07-15T16:18:02.625+0000] {dag.py:4180} INFO - Setting next_dagrun for consume_1_and_2_with_dataset_expressions to None, run_after=None
[2025-07-15T16:18:02.627+0000] {logging_mixin.py:190} INFO - [2025-07-15T16:18:02.627+0000] {dag.py:4180} INFO - Setting next_dagrun for consume_1_or_2_with_dataset_expressions to None, run_after=None
[2025-07-15T16:18:02.627+0000] {logging_mixin.py:190} INFO - [2025-07-15T16:18:02.627+0000] {dag.py:4180} INFO - Setting next_dagrun for consume_1_or_both_2_and_3_with_dataset_expressions to None, run_after=None
[2025-07-15T16:18:02.628+0000] {logging_mixin.py:190} INFO - [2025-07-15T16:18:02.628+0000] {dag.py:4180} INFO - Setting next_dagrun for dataset_consumes_1 to None, run_after=None
[2025-07-15T16:18:02.630+0000] {logging_mixin.py:190} INFO - [2025-07-15T16:18:02.629+0000] {dag.py:4180} INFO - Setting next_dagrun for dataset_consumes_1_and_2 to None, run_after=None
[2025-07-15T16:18:02.632+0000] {logging_mixin.py:190} INFO - [2025-07-15T16:18:02.632+0000] {dag.py:4180} INFO - Setting next_dagrun for dataset_consumes_1_never_scheduled to None, run_after=None
[2025-07-15T16:18:02.633+0000] {logging_mixin.py:190} INFO - [2025-07-15T16:18:02.633+0000] {dag.py:4180} INFO - Setting next_dagrun for dataset_consumes_unknown_never_scheduled to None, run_after=None
[2025-07-15T16:18:02.635+0000] {logging_mixin.py:190} INFO - [2025-07-15T16:18:02.635+0000] {dag.py:4180} INFO - Setting next_dagrun for dataset_produces_1 to 2025-07-14 00:00:00+00:00, run_after=2025-07-15 00:00:00+00:00
[2025-07-15T16:18:02.636+0000] {logging_mixin.py:190} INFO - [2025-07-15T16:18:02.636+0000] {dag.py:4180} INFO - Setting next_dagrun for dataset_produces_2 to None, run_after=None
[2025-07-15T16:18:02.655+0000] {processor.py:208} INFO - Processing /home/airflow/.local/lib/python3.12/site-packages/airflow/example_dags/example_datasets.py took 0.251 seconds
[2025-07-15T16:18:32.918+0000] {processor.py:186} INFO - Started process (PID=5108) to work on /home/airflow/.local/lib/python3.12/site-packages/airflow/example_dags/example_datasets.py
[2025-07-15T16:18:32.919+0000] {processor.py:914} INFO - Processing file /home/airflow/.local/lib/python3.12/site-packages/airflow/example_dags/example_datasets.py for tasks to queue
[2025-07-15T16:18:32.920+0000] {logging_mixin.py:190} INFO - [2025-07-15T16:18:32.920+0000] {dagbag.py:588} INFO - Filling up the DagBag from /home/airflow/.local/lib/python3.12/site-packages/airflow/example_dags/example_datasets.py
[2025-07-15T16:18:33.006+0000] {processor.py:925} INFO - DAG(s) 'conditional_dataset_and_time_based_timetable', 'dataset_produces_1', 'consume_1_and_2_with_dataset_expressions', 'dataset_consumes_1_never_scheduled', 'consume_1_or_2_with_dataset_expressions', 'dataset_consumes_unknown_never_scheduled', 'dataset_consumes_1_and_2', 'dataset_consumes_1', 'consume_1_or_both_2_and_3_with_dataset_expressions', 'dataset_produces_2' retrieved from /home/airflow/.local/lib/python3.12/site-packages/airflow/example_dags/example_datasets.py
[2025-07-15T16:18:33.032+0000] {logging_mixin.py:190} INFO - [2025-07-15T16:18:33.032+0000] {dag.py:3239} INFO - Sync 10 DAGs
[2025-07-15T16:18:33.048+0000] {logging_mixin.py:190} INFO - [2025-07-15T16:18:33.048+0000] {dag.py:4180} INFO - Setting next_dagrun for conditional_dataset_and_time_based_timetable to 2025-07-09 01:00:00+00:00, run_after=2025-07-09 01:00:00+00:00
[2025-07-15T16:18:33.050+0000] {logging_mixin.py:190} INFO - [2025-07-15T16:18:33.050+0000] {dag.py:4180} INFO - Setting next_dagrun for consume_1_and_2_with_dataset_expressions to None, run_after=None
[2025-07-15T16:18:33.051+0000] {logging_mixin.py:190} INFO - [2025-07-15T16:18:33.051+0000] {dag.py:4180} INFO - Setting next_dagrun for consume_1_or_2_with_dataset_expressions to None, run_after=None
[2025-07-15T16:18:33.052+0000] {logging_mixin.py:190} INFO - [2025-07-15T16:18:33.052+0000] {dag.py:4180} INFO - Setting next_dagrun for consume_1_or_both_2_and_3_with_dataset_expressions to None, run_after=None
[2025-07-15T16:18:33.052+0000] {logging_mixin.py:190} INFO - [2025-07-15T16:18:33.052+0000] {dag.py:4180} INFO - Setting next_dagrun for dataset_consumes_1 to None, run_after=None
[2025-07-15T16:18:33.053+0000] {logging_mixin.py:190} INFO - [2025-07-15T16:18:33.053+0000] {dag.py:4180} INFO - Setting next_dagrun for dataset_consumes_1_and_2 to None, run_after=None
[2025-07-15T16:18:33.054+0000] {logging_mixin.py:190} INFO - [2025-07-15T16:18:33.054+0000] {dag.py:4180} INFO - Setting next_dagrun for dataset_consumes_1_never_scheduled to None, run_after=None
[2025-07-15T16:18:33.054+0000] {logging_mixin.py:190} INFO - [2025-07-15T16:18:33.054+0000] {dag.py:4180} INFO - Setting next_dagrun for dataset_consumes_unknown_never_scheduled to None, run_after=None
[2025-07-15T16:18:33.055+0000] {logging_mixin.py:190} INFO - [2025-07-15T16:18:33.055+0000] {dag.py:4180} INFO - Setting next_dagrun for dataset_produces_1 to 2025-07-14 00:00:00+00:00, run_after=2025-07-15 00:00:00+00:00
[2025-07-15T16:18:33.056+0000] {logging_mixin.py:190} INFO - [2025-07-15T16:18:33.056+0000] {dag.py:4180} INFO - Setting next_dagrun for dataset_produces_2 to None, run_after=None
[2025-07-15T16:18:33.215+0000] {processor.py:208} INFO - Processing /home/airflow/.local/lib/python3.12/site-packages/airflow/example_dags/example_datasets.py took 0.300 seconds
[2025-07-15T16:19:03.777+0000] {processor.py:186} INFO - Started process (PID=5169) to work on /home/airflow/.local/lib/python3.12/site-packages/airflow/example_dags/example_datasets.py
[2025-07-15T16:19:03.778+0000] {processor.py:914} INFO - Processing file /home/airflow/.local/lib/python3.12/site-packages/airflow/example_dags/example_datasets.py for tasks to queue
[2025-07-15T16:19:03.780+0000] {logging_mixin.py:190} INFO - [2025-07-15T16:19:03.780+0000] {dagbag.py:588} INFO - Filling up the DagBag from /home/airflow/.local/lib/python3.12/site-packages/airflow/example_dags/example_datasets.py
[2025-07-15T16:19:03.945+0000] {processor.py:925} INFO - DAG(s) 'conditional_dataset_and_time_based_timetable', 'dataset_consumes_1_and_2', 'consume_1_and_2_with_dataset_expressions', 'dataset_produces_1', 'consume_1_or_2_with_dataset_expressions', 'dataset_consumes_unknown_never_scheduled', 'dataset_consumes_1', 'dataset_consumes_1_never_scheduled', 'consume_1_or_both_2_and_3_with_dataset_expressions', 'dataset_produces_2' retrieved from /home/airflow/.local/lib/python3.12/site-packages/airflow/example_dags/example_datasets.py
[2025-07-15T16:19:03.975+0000] {logging_mixin.py:190} INFO - [2025-07-15T16:19:03.975+0000] {dag.py:3239} INFO - Sync 10 DAGs
[2025-07-15T16:19:03.999+0000] {logging_mixin.py:190} INFO - [2025-07-15T16:19:03.999+0000] {dag.py:4180} INFO - Setting next_dagrun for conditional_dataset_and_time_based_timetable to 2025-07-09 01:00:00+00:00, run_after=2025-07-09 01:00:00+00:00
[2025-07-15T16:19:04.001+0000] {logging_mixin.py:190} INFO - [2025-07-15T16:19:04.001+0000] {dag.py:4180} INFO - Setting next_dagrun for consume_1_and_2_with_dataset_expressions to None, run_after=None
[2025-07-15T16:19:04.002+0000] {logging_mixin.py:190} INFO - [2025-07-15T16:19:04.002+0000] {dag.py:4180} INFO - Setting next_dagrun for consume_1_or_2_with_dataset_expressions to None, run_after=None
[2025-07-15T16:19:04.003+0000] {logging_mixin.py:190} INFO - [2025-07-15T16:19:04.003+0000] {dag.py:4180} INFO - Setting next_dagrun for consume_1_or_both_2_and_3_with_dataset_expressions to None, run_after=None
[2025-07-15T16:19:04.004+0000] {logging_mixin.py:190} INFO - [2025-07-15T16:19:04.004+0000] {dag.py:4180} INFO - Setting next_dagrun for dataset_consumes_1 to None, run_after=None
[2025-07-15T16:19:04.004+0000] {logging_mixin.py:190} INFO - [2025-07-15T16:19:04.004+0000] {dag.py:4180} INFO - Setting next_dagrun for dataset_consumes_1_and_2 to None, run_after=None
[2025-07-15T16:19:04.005+0000] {logging_mixin.py:190} INFO - [2025-07-15T16:19:04.005+0000] {dag.py:4180} INFO - Setting next_dagrun for dataset_consumes_1_never_scheduled to None, run_after=None
[2025-07-15T16:19:04.006+0000] {logging_mixin.py:190} INFO - [2025-07-15T16:19:04.006+0000] {dag.py:4180} INFO - Setting next_dagrun for dataset_consumes_unknown_never_scheduled to None, run_after=None
[2025-07-15T16:19:04.007+0000] {logging_mixin.py:190} INFO - [2025-07-15T16:19:04.007+0000] {dag.py:4180} INFO - Setting next_dagrun for dataset_produces_1 to 2025-07-14 00:00:00+00:00, run_after=2025-07-15 00:00:00+00:00
[2025-07-15T16:19:04.008+0000] {logging_mixin.py:190} INFO - [2025-07-15T16:19:04.008+0000] {dag.py:4180} INFO - Setting next_dagrun for dataset_produces_2 to None, run_after=None
[2025-07-15T16:19:04.029+0000] {processor.py:208} INFO - Processing /home/airflow/.local/lib/python3.12/site-packages/airflow/example_dags/example_datasets.py took 0.255 seconds
[2025-07-15T16:19:34.985+0000] {processor.py:186} INFO - Started process (PID=5231) to work on /home/airflow/.local/lib/python3.12/site-packages/airflow/example_dags/example_datasets.py
[2025-07-15T16:19:34.986+0000] {processor.py:914} INFO - Processing file /home/airflow/.local/lib/python3.12/site-packages/airflow/example_dags/example_datasets.py for tasks to queue
[2025-07-15T16:19:34.988+0000] {logging_mixin.py:190} INFO - [2025-07-15T16:19:34.988+0000] {dagbag.py:588} INFO - Filling up the DagBag from /home/airflow/.local/lib/python3.12/site-packages/airflow/example_dags/example_datasets.py
[2025-07-15T16:19:35.090+0000] {processor.py:925} INFO - DAG(s) 'dataset_consumes_1', 'consume_1_or_2_with_dataset_expressions', 'dataset_consumes_1_and_2', 'consume_1_or_both_2_and_3_with_dataset_expressions', 'dataset_consumes_unknown_never_scheduled', 'consume_1_and_2_with_dataset_expressions', 'dataset_produces_2', 'conditional_dataset_and_time_based_timetable', 'dataset_produces_1', 'dataset_consumes_1_never_scheduled' retrieved from /home/airflow/.local/lib/python3.12/site-packages/airflow/example_dags/example_datasets.py
[2025-07-15T16:19:35.118+0000] {logging_mixin.py:190} INFO - [2025-07-15T16:19:35.118+0000] {dag.py:3239} INFO - Sync 10 DAGs
[2025-07-15T16:19:35.155+0000] {logging_mixin.py:190} INFO - [2025-07-15T16:19:35.155+0000] {dag.py:4180} INFO - Setting next_dagrun for conditional_dataset_and_time_based_timetable to 2025-07-09 01:00:00+00:00, run_after=2025-07-09 01:00:00+00:00
[2025-07-15T16:19:35.159+0000] {logging_mixin.py:190} INFO - [2025-07-15T16:19:35.159+0000] {dag.py:4180} INFO - Setting next_dagrun for consume_1_and_2_with_dataset_expressions to None, run_after=None
[2025-07-15T16:19:35.160+0000] {logging_mixin.py:190} INFO - [2025-07-15T16:19:35.160+0000] {dag.py:4180} INFO - Setting next_dagrun for consume_1_or_2_with_dataset_expressions to None, run_after=None
[2025-07-15T16:19:35.162+0000] {logging_mixin.py:190} INFO - [2025-07-15T16:19:35.162+0000] {dag.py:4180} INFO - Setting next_dagrun for consume_1_or_both_2_and_3_with_dataset_expressions to None, run_after=None
[2025-07-15T16:19:35.164+0000] {logging_mixin.py:190} INFO - [2025-07-15T16:19:35.164+0000] {dag.py:4180} INFO - Setting next_dagrun for dataset_consumes_1 to None, run_after=None
[2025-07-15T16:19:35.166+0000] {logging_mixin.py:190} INFO - [2025-07-15T16:19:35.166+0000] {dag.py:4180} INFO - Setting next_dagrun for dataset_consumes_1_and_2 to None, run_after=None
[2025-07-15T16:19:35.167+0000] {logging_mixin.py:190} INFO - [2025-07-15T16:19:35.167+0000] {dag.py:4180} INFO - Setting next_dagrun for dataset_consumes_1_never_scheduled to None, run_after=None
[2025-07-15T16:19:35.170+0000] {logging_mixin.py:190} INFO - [2025-07-15T16:19:35.170+0000] {dag.py:4180} INFO - Setting next_dagrun for dataset_consumes_unknown_never_scheduled to None, run_after=None
[2025-07-15T16:19:35.173+0000] {logging_mixin.py:190} INFO - [2025-07-15T16:19:35.173+0000] {dag.py:4180} INFO - Setting next_dagrun for dataset_produces_1 to 2025-07-14 00:00:00+00:00, run_after=2025-07-15 00:00:00+00:00
[2025-07-15T16:19:35.174+0000] {logging_mixin.py:190} INFO - [2025-07-15T16:19:35.174+0000] {dag.py:4180} INFO - Setting next_dagrun for dataset_produces_2 to None, run_after=None
[2025-07-15T16:19:35.196+0000] {processor.py:208} INFO - Processing /home/airflow/.local/lib/python3.12/site-packages/airflow/example_dags/example_datasets.py took 0.227 seconds
[2025-07-15T16:20:05.948+0000] {processor.py:186} INFO - Started process (PID=5294) to work on /home/airflow/.local/lib/python3.12/site-packages/airflow/example_dags/example_datasets.py
[2025-07-15T16:20:05.951+0000] {processor.py:914} INFO - Processing file /home/airflow/.local/lib/python3.12/site-packages/airflow/example_dags/example_datasets.py for tasks to queue
[2025-07-15T16:20:05.958+0000] {logging_mixin.py:190} INFO - [2025-07-15T16:20:05.957+0000] {dagbag.py:588} INFO - Filling up the DagBag from /home/airflow/.local/lib/python3.12/site-packages/airflow/example_dags/example_datasets.py
[2025-07-15T16:20:06.220+0000] {processor.py:925} INFO - DAG(s) 'dataset_consumes_1', 'conditional_dataset_and_time_based_timetable', 'dataset_produces_1', 'consume_1_or_2_with_dataset_expressions', 'dataset_consumes_1_never_scheduled', 'dataset_produces_2', 'consume_1_and_2_with_dataset_expressions', 'dataset_consumes_unknown_never_scheduled', 'dataset_consumes_1_and_2', 'consume_1_or_both_2_and_3_with_dataset_expressions' retrieved from /home/airflow/.local/lib/python3.12/site-packages/airflow/example_dags/example_datasets.py
[2025-07-15T16:20:06.295+0000] {logging_mixin.py:190} INFO - [2025-07-15T16:20:06.294+0000] {dag.py:3239} INFO - Sync 10 DAGs
[2025-07-15T16:20:06.425+0000] {logging_mixin.py:190} INFO - [2025-07-15T16:20:06.424+0000] {dag.py:4180} INFO - Setting next_dagrun for conditional_dataset_and_time_based_timetable to 2025-07-09 01:00:00+00:00, run_after=2025-07-09 01:00:00+00:00
[2025-07-15T16:20:06.431+0000] {logging_mixin.py:190} INFO - [2025-07-15T16:20:06.431+0000] {dag.py:4180} INFO - Setting next_dagrun for consume_1_and_2_with_dataset_expressions to None, run_after=None
[2025-07-15T16:20:06.436+0000] {logging_mixin.py:190} INFO - [2025-07-15T16:20:06.436+0000] {dag.py:4180} INFO - Setting next_dagrun for consume_1_or_2_with_dataset_expressions to None, run_after=None
[2025-07-15T16:20:06.445+0000] {logging_mixin.py:190} INFO - [2025-07-15T16:20:06.444+0000] {dag.py:4180} INFO - Setting next_dagrun for consume_1_or_both_2_and_3_with_dataset_expressions to None, run_after=None
[2025-07-15T16:20:06.448+0000] {logging_mixin.py:190} INFO - [2025-07-15T16:20:06.448+0000] {dag.py:4180} INFO - Setting next_dagrun for dataset_consumes_1 to None, run_after=None
[2025-07-15T16:20:06.452+0000] {logging_mixin.py:190} INFO - [2025-07-15T16:20:06.452+0000] {dag.py:4180} INFO - Setting next_dagrun for dataset_consumes_1_and_2 to None, run_after=None
[2025-07-15T16:20:06.461+0000] {logging_mixin.py:190} INFO - [2025-07-15T16:20:06.460+0000] {dag.py:4180} INFO - Setting next_dagrun for dataset_consumes_1_never_scheduled to None, run_after=None
[2025-07-15T16:20:06.466+0000] {logging_mixin.py:190} INFO - [2025-07-15T16:20:06.465+0000] {dag.py:4180} INFO - Setting next_dagrun for dataset_consumes_unknown_never_scheduled to None, run_after=None
[2025-07-15T16:20:06.473+0000] {logging_mixin.py:190} INFO - [2025-07-15T16:20:06.473+0000] {dag.py:4180} INFO - Setting next_dagrun for dataset_produces_1 to 2025-07-14 00:00:00+00:00, run_after=2025-07-15 00:00:00+00:00
[2025-07-15T16:20:06.475+0000] {logging_mixin.py:190} INFO - [2025-07-15T16:20:06.475+0000] {dag.py:4180} INFO - Setting next_dagrun for dataset_produces_2 to None, run_after=None
[2025-07-15T16:20:06.545+0000] {processor.py:208} INFO - Processing /home/airflow/.local/lib/python3.12/site-packages/airflow/example_dags/example_datasets.py took 0.601 seconds
[2025-07-15T16:20:37.253+0000] {processor.py:186} INFO - Started process (PID=5356) to work on /home/airflow/.local/lib/python3.12/site-packages/airflow/example_dags/example_datasets.py
[2025-07-15T16:20:37.257+0000] {processor.py:914} INFO - Processing file /home/airflow/.local/lib/python3.12/site-packages/airflow/example_dags/example_datasets.py for tasks to queue
[2025-07-15T16:20:37.269+0000] {logging_mixin.py:190} INFO - [2025-07-15T16:20:37.268+0000] {dagbag.py:588} INFO - Filling up the DagBag from /home/airflow/.local/lib/python3.12/site-packages/airflow/example_dags/example_datasets.py
[2025-07-15T16:20:37.525+0000] {processor.py:925} INFO - DAG(s) 'dataset_consumes_1_and_2', 'dataset_consumes_1', 'dataset_produces_2', 'dataset_consumes_1_never_scheduled', 'dataset_produces_1', 'conditional_dataset_and_time_based_timetable', 'consume_1_or_both_2_and_3_with_dataset_expressions', 'consume_1_or_2_with_dataset_expressions', 'consume_1_and_2_with_dataset_expressions', 'dataset_consumes_unknown_never_scheduled' retrieved from /home/airflow/.local/lib/python3.12/site-packages/airflow/example_dags/example_datasets.py
[2025-07-15T16:20:37.561+0000] {logging_mixin.py:190} INFO - [2025-07-15T16:20:37.561+0000] {dag.py:3239} INFO - Sync 10 DAGs
[2025-07-15T16:20:37.581+0000] {logging_mixin.py:190} INFO - [2025-07-15T16:20:37.581+0000] {dag.py:4180} INFO - Setting next_dagrun for conditional_dataset_and_time_based_timetable to 2025-07-09 01:00:00+00:00, run_after=2025-07-09 01:00:00+00:00
[2025-07-15T16:20:37.583+0000] {logging_mixin.py:190} INFO - [2025-07-15T16:20:37.583+0000] {dag.py:4180} INFO - Setting next_dagrun for consume_1_and_2_with_dataset_expressions to None, run_after=None
[2025-07-15T16:20:37.584+0000] {logging_mixin.py:190} INFO - [2025-07-15T16:20:37.584+0000] {dag.py:4180} INFO - Setting next_dagrun for consume_1_or_2_with_dataset_expressions to None, run_after=None
[2025-07-15T16:20:37.585+0000] {logging_mixin.py:190} INFO - [2025-07-15T16:20:37.585+0000] {dag.py:4180} INFO - Setting next_dagrun for consume_1_or_both_2_and_3_with_dataset_expressions to None, run_after=None
[2025-07-15T16:20:37.589+0000] {logging_mixin.py:190} INFO - [2025-07-15T16:20:37.589+0000] {dag.py:4180} INFO - Setting next_dagrun for dataset_consumes_1 to None, run_after=None
[2025-07-15T16:20:37.590+0000] {logging_mixin.py:190} INFO - [2025-07-15T16:20:37.590+0000] {dag.py:4180} INFO - Setting next_dagrun for dataset_consumes_1_and_2 to None, run_after=None
[2025-07-15T16:20:37.593+0000] {logging_mixin.py:190} INFO - [2025-07-15T16:20:37.593+0000] {dag.py:4180} INFO - Setting next_dagrun for dataset_consumes_1_never_scheduled to None, run_after=None
[2025-07-15T16:20:37.594+0000] {logging_mixin.py:190} INFO - [2025-07-15T16:20:37.594+0000] {dag.py:4180} INFO - Setting next_dagrun for dataset_consumes_unknown_never_scheduled to None, run_after=None
[2025-07-15T16:20:37.599+0000] {logging_mixin.py:190} INFO - [2025-07-15T16:20:37.599+0000] {dag.py:4180} INFO - Setting next_dagrun for dataset_produces_1 to 2025-07-14 00:00:00+00:00, run_after=2025-07-15 00:00:00+00:00
[2025-07-15T16:20:37.600+0000] {logging_mixin.py:190} INFO - [2025-07-15T16:20:37.600+0000] {dag.py:4180} INFO - Setting next_dagrun for dataset_produces_2 to None, run_after=None
[2025-07-15T16:20:37.627+0000] {processor.py:208} INFO - Processing /home/airflow/.local/lib/python3.12/site-packages/airflow/example_dags/example_datasets.py took 0.398 seconds
[2025-07-15T16:21:08.005+0000] {processor.py:186} INFO - Started process (PID=5418) to work on /home/airflow/.local/lib/python3.12/site-packages/airflow/example_dags/example_datasets.py
[2025-07-15T16:21:08.008+0000] {processor.py:914} INFO - Processing file /home/airflow/.local/lib/python3.12/site-packages/airflow/example_dags/example_datasets.py for tasks to queue
[2025-07-15T16:21:08.016+0000] {logging_mixin.py:190} INFO - [2025-07-15T16:21:08.015+0000] {dagbag.py:588} INFO - Filling up the DagBag from /home/airflow/.local/lib/python3.12/site-packages/airflow/example_dags/example_datasets.py
[2025-07-15T16:21:08.417+0000] {processor.py:925} INFO - DAG(s) 'dataset_produces_2', 'dataset_consumes_1_never_scheduled', 'dataset_consumes_1_and_2', 'dataset_consumes_unknown_never_scheduled', 'dataset_consumes_1', 'conditional_dataset_and_time_based_timetable', 'consume_1_and_2_with_dataset_expressions', 'consume_1_or_2_with_dataset_expressions', 'dataset_produces_1', 'consume_1_or_both_2_and_3_with_dataset_expressions' retrieved from /home/airflow/.local/lib/python3.12/site-packages/airflow/example_dags/example_datasets.py
[2025-07-15T16:21:08.493+0000] {logging_mixin.py:190} INFO - [2025-07-15T16:21:08.491+0000] {dag.py:3239} INFO - Sync 10 DAGs
[2025-07-15T16:21:08.536+0000] {logging_mixin.py:190} INFO - [2025-07-15T16:21:08.536+0000] {dag.py:4180} INFO - Setting next_dagrun for conditional_dataset_and_time_based_timetable to 2025-07-09 01:00:00+00:00, run_after=2025-07-09 01:00:00+00:00
[2025-07-15T16:21:08.542+0000] {logging_mixin.py:190} INFO - [2025-07-15T16:21:08.542+0000] {dag.py:4180} INFO - Setting next_dagrun for consume_1_and_2_with_dataset_expressions to None, run_after=None
[2025-07-15T16:21:08.557+0000] {logging_mixin.py:190} INFO - [2025-07-15T16:21:08.556+0000] {dag.py:4180} INFO - Setting next_dagrun for consume_1_or_2_with_dataset_expressions to None, run_after=None
[2025-07-15T16:21:08.568+0000] {logging_mixin.py:190} INFO - [2025-07-15T16:21:08.564+0000] {dag.py:4180} INFO - Setting next_dagrun for consume_1_or_both_2_and_3_with_dataset_expressions to None, run_after=None
[2025-07-15T16:21:08.574+0000] {logging_mixin.py:190} INFO - [2025-07-15T16:21:08.574+0000] {dag.py:4180} INFO - Setting next_dagrun for dataset_consumes_1 to None, run_after=None
[2025-07-15T16:21:08.578+0000] {logging_mixin.py:190} INFO - [2025-07-15T16:21:08.578+0000] {dag.py:4180} INFO - Setting next_dagrun for dataset_consumes_1_and_2 to None, run_after=None
[2025-07-15T16:21:08.580+0000] {logging_mixin.py:190} INFO - [2025-07-15T16:21:08.580+0000] {dag.py:4180} INFO - Setting next_dagrun for dataset_consumes_1_never_scheduled to None, run_after=None
[2025-07-15T16:21:08.581+0000] {logging_mixin.py:190} INFO - [2025-07-15T16:21:08.580+0000] {dag.py:4180} INFO - Setting next_dagrun for dataset_consumes_unknown_never_scheduled to None, run_after=None
[2025-07-15T16:21:08.588+0000] {logging_mixin.py:190} INFO - [2025-07-15T16:21:08.588+0000] {dag.py:4180} INFO - Setting next_dagrun for dataset_produces_1 to 2025-07-14 00:00:00+00:00, run_after=2025-07-15 00:00:00+00:00
[2025-07-15T16:21:08.593+0000] {logging_mixin.py:190} INFO - [2025-07-15T16:21:08.592+0000] {dag.py:4180} INFO - Setting next_dagrun for dataset_produces_2 to None, run_after=None
[2025-07-15T16:21:08.665+0000] {processor.py:208} INFO - Processing /home/airflow/.local/lib/python3.12/site-packages/airflow/example_dags/example_datasets.py took 0.686 seconds
[2025-07-15T16:21:38.894+0000] {processor.py:186} INFO - Started process (PID=5480) to work on /home/airflow/.local/lib/python3.12/site-packages/airflow/example_dags/example_datasets.py
[2025-07-15T16:21:38.896+0000] {processor.py:914} INFO - Processing file /home/airflow/.local/lib/python3.12/site-packages/airflow/example_dags/example_datasets.py for tasks to queue
[2025-07-15T16:21:38.900+0000] {logging_mixin.py:190} INFO - [2025-07-15T16:21:38.900+0000] {dagbag.py:588} INFO - Filling up the DagBag from /home/airflow/.local/lib/python3.12/site-packages/airflow/example_dags/example_datasets.py
[2025-07-15T16:21:39.033+0000] {processor.py:925} INFO - DAG(s) 'conditional_dataset_and_time_based_timetable', 'consume_1_and_2_with_dataset_expressions', 'consume_1_or_both_2_and_3_with_dataset_expressions', 'dataset_produces_1', 'dataset_consumes_1_never_scheduled', 'dataset_consumes_1_and_2', 'dataset_consumes_1', 'consume_1_or_2_with_dataset_expressions', 'dataset_consumes_unknown_never_scheduled', 'dataset_produces_2' retrieved from /home/airflow/.local/lib/python3.12/site-packages/airflow/example_dags/example_datasets.py
[2025-07-15T16:21:39.068+0000] {logging_mixin.py:190} INFO - [2025-07-15T16:21:39.068+0000] {dag.py:3239} INFO - Sync 10 DAGs
[2025-07-15T16:21:39.089+0000] {logging_mixin.py:190} INFO - [2025-07-15T16:21:39.089+0000] {dag.py:4180} INFO - Setting next_dagrun for conditional_dataset_and_time_based_timetable to 2025-07-09 01:00:00+00:00, run_after=2025-07-09 01:00:00+00:00
[2025-07-15T16:21:39.091+0000] {logging_mixin.py:190} INFO - [2025-07-15T16:21:39.091+0000] {dag.py:4180} INFO - Setting next_dagrun for consume_1_and_2_with_dataset_expressions to None, run_after=None
[2025-07-15T16:21:39.092+0000] {logging_mixin.py:190} INFO - [2025-07-15T16:21:39.092+0000] {dag.py:4180} INFO - Setting next_dagrun for consume_1_or_2_with_dataset_expressions to None, run_after=None
[2025-07-15T16:21:39.093+0000] {logging_mixin.py:190} INFO - [2025-07-15T16:21:39.093+0000] {dag.py:4180} INFO - Setting next_dagrun for consume_1_or_both_2_and_3_with_dataset_expressions to None, run_after=None
[2025-07-15T16:21:39.094+0000] {logging_mixin.py:190} INFO - [2025-07-15T16:21:39.094+0000] {dag.py:4180} INFO - Setting next_dagrun for dataset_consumes_1 to None, run_after=None
[2025-07-15T16:21:39.095+0000] {logging_mixin.py:190} INFO - [2025-07-15T16:21:39.095+0000] {dag.py:4180} INFO - Setting next_dagrun for dataset_consumes_1_and_2 to None, run_after=None
[2025-07-15T16:21:39.099+0000] {logging_mixin.py:190} INFO - [2025-07-15T16:21:39.099+0000] {dag.py:4180} INFO - Setting next_dagrun for dataset_consumes_1_never_scheduled to None, run_after=None
[2025-07-15T16:21:39.100+0000] {logging_mixin.py:190} INFO - [2025-07-15T16:21:39.100+0000] {dag.py:4180} INFO - Setting next_dagrun for dataset_consumes_unknown_never_scheduled to None, run_after=None
[2025-07-15T16:21:39.101+0000] {logging_mixin.py:190} INFO - [2025-07-15T16:21:39.101+0000] {dag.py:4180} INFO - Setting next_dagrun for dataset_produces_1 to 2025-07-14 00:00:00+00:00, run_after=2025-07-15 00:00:00+00:00
[2025-07-15T16:21:39.105+0000] {logging_mixin.py:190} INFO - [2025-07-15T16:21:39.105+0000] {dag.py:4180} INFO - Setting next_dagrun for dataset_produces_2 to None, run_after=None
[2025-07-15T16:21:39.134+0000] {processor.py:208} INFO - Processing /home/airflow/.local/lib/python3.12/site-packages/airflow/example_dags/example_datasets.py took 0.251 seconds
[2025-07-15T16:22:09.191+0000] {processor.py:186} INFO - Started process (PID=5542) to work on /home/airflow/.local/lib/python3.12/site-packages/airflow/example_dags/example_datasets.py
[2025-07-15T16:22:09.192+0000] {processor.py:914} INFO - Processing file /home/airflow/.local/lib/python3.12/site-packages/airflow/example_dags/example_datasets.py for tasks to queue
[2025-07-15T16:22:09.193+0000] {logging_mixin.py:190} INFO - [2025-07-15T16:22:09.193+0000] {dagbag.py:588} INFO - Filling up the DagBag from /home/airflow/.local/lib/python3.12/site-packages/airflow/example_dags/example_datasets.py
[2025-07-15T16:22:09.271+0000] {processor.py:925} INFO - DAG(s) 'dataset_consumes_1', 'consume_1_or_2_with_dataset_expressions', 'dataset_consumes_unknown_never_scheduled', 'conditional_dataset_and_time_based_timetable', 'consume_1_or_both_2_and_3_with_dataset_expressions', 'dataset_consumes_1_and_2', 'dataset_consumes_1_never_scheduled', 'dataset_produces_2', 'dataset_produces_1', 'consume_1_and_2_with_dataset_expressions' retrieved from /home/airflow/.local/lib/python3.12/site-packages/airflow/example_dags/example_datasets.py
[2025-07-15T16:22:09.290+0000] {logging_mixin.py:190} INFO - [2025-07-15T16:22:09.290+0000] {dag.py:3239} INFO - Sync 10 DAGs
[2025-07-15T16:22:09.303+0000] {logging_mixin.py:190} INFO - [2025-07-15T16:22:09.303+0000] {dag.py:4180} INFO - Setting next_dagrun for conditional_dataset_and_time_based_timetable to 2025-07-09 01:00:00+00:00, run_after=2025-07-09 01:00:00+00:00
[2025-07-15T16:22:09.305+0000] {logging_mixin.py:190} INFO - [2025-07-15T16:22:09.305+0000] {dag.py:4180} INFO - Setting next_dagrun for consume_1_and_2_with_dataset_expressions to None, run_after=None
[2025-07-15T16:22:09.305+0000] {logging_mixin.py:190} INFO - [2025-07-15T16:22:09.305+0000] {dag.py:4180} INFO - Setting next_dagrun for consume_1_or_2_with_dataset_expressions to None, run_after=None
[2025-07-15T16:22:09.306+0000] {logging_mixin.py:190} INFO - [2025-07-15T16:22:09.306+0000] {dag.py:4180} INFO - Setting next_dagrun for consume_1_or_both_2_and_3_with_dataset_expressions to None, run_after=None
[2025-07-15T16:22:09.306+0000] {logging_mixin.py:190} INFO - [2025-07-15T16:22:09.306+0000] {dag.py:4180} INFO - Setting next_dagrun for dataset_consumes_1 to None, run_after=None
[2025-07-15T16:22:09.307+0000] {logging_mixin.py:190} INFO - [2025-07-15T16:22:09.307+0000] {dag.py:4180} INFO - Setting next_dagrun for dataset_consumes_1_and_2 to None, run_after=None
[2025-07-15T16:22:09.308+0000] {logging_mixin.py:190} INFO - [2025-07-15T16:22:09.307+0000] {dag.py:4180} INFO - Setting next_dagrun for dataset_consumes_1_never_scheduled to None, run_after=None
[2025-07-15T16:22:09.308+0000] {logging_mixin.py:190} INFO - [2025-07-15T16:22:09.308+0000] {dag.py:4180} INFO - Setting next_dagrun for dataset_consumes_unknown_never_scheduled to None, run_after=None
[2025-07-15T16:22:09.309+0000] {logging_mixin.py:190} INFO - [2025-07-15T16:22:09.309+0000] {dag.py:4180} INFO - Setting next_dagrun for dataset_produces_1 to 2025-07-14 00:00:00+00:00, run_after=2025-07-15 00:00:00+00:00
[2025-07-15T16:22:09.309+0000] {logging_mixin.py:190} INFO - [2025-07-15T16:22:09.309+0000] {dag.py:4180} INFO - Setting next_dagrun for dataset_produces_2 to None, run_after=None
[2025-07-15T16:22:09.322+0000] {processor.py:208} INFO - Processing /home/airflow/.local/lib/python3.12/site-packages/airflow/example_dags/example_datasets.py took 0.135 seconds
[2025-07-15T16:22:39.794+0000] {processor.py:186} INFO - Started process (PID=5603) to work on /home/airflow/.local/lib/python3.12/site-packages/airflow/example_dags/example_datasets.py
[2025-07-15T16:22:39.797+0000] {processor.py:914} INFO - Processing file /home/airflow/.local/lib/python3.12/site-packages/airflow/example_dags/example_datasets.py for tasks to queue
[2025-07-15T16:22:39.799+0000] {logging_mixin.py:190} INFO - [2025-07-15T16:22:39.799+0000] {dagbag.py:588} INFO - Filling up the DagBag from /home/airflow/.local/lib/python3.12/site-packages/airflow/example_dags/example_datasets.py
[2025-07-15T16:22:39.905+0000] {processor.py:925} INFO - DAG(s) 'consume_1_and_2_with_dataset_expressions', 'dataset_produces_1', 'dataset_consumes_1_and_2', 'dataset_consumes_1_never_scheduled', 'dataset_consumes_1', 'consume_1_or_2_with_dataset_expressions', 'dataset_produces_2', 'dataset_consumes_unknown_never_scheduled', 'conditional_dataset_and_time_based_timetable', 'consume_1_or_both_2_and_3_with_dataset_expressions' retrieved from /home/airflow/.local/lib/python3.12/site-packages/airflow/example_dags/example_datasets.py
[2025-07-15T16:22:39.943+0000] {logging_mixin.py:190} INFO - [2025-07-15T16:22:39.943+0000] {dag.py:3239} INFO - Sync 10 DAGs
[2025-07-15T16:22:39.965+0000] {logging_mixin.py:190} INFO - [2025-07-15T16:22:39.965+0000] {dag.py:4180} INFO - Setting next_dagrun for conditional_dataset_and_time_based_timetable to 2025-07-09 01:00:00+00:00, run_after=2025-07-09 01:00:00+00:00
[2025-07-15T16:22:39.968+0000] {logging_mixin.py:190} INFO - [2025-07-15T16:22:39.968+0000] {dag.py:4180} INFO - Setting next_dagrun for consume_1_and_2_with_dataset_expressions to None, run_after=None
[2025-07-15T16:22:39.970+0000] {logging_mixin.py:190} INFO - [2025-07-15T16:22:39.970+0000] {dag.py:4180} INFO - Setting next_dagrun for consume_1_or_2_with_dataset_expressions to None, run_after=None
[2025-07-15T16:22:39.971+0000] {logging_mixin.py:190} INFO - [2025-07-15T16:22:39.971+0000] {dag.py:4180} INFO - Setting next_dagrun for consume_1_or_both_2_and_3_with_dataset_expressions to None, run_after=None
[2025-07-15T16:22:39.972+0000] {logging_mixin.py:190} INFO - [2025-07-15T16:22:39.972+0000] {dag.py:4180} INFO - Setting next_dagrun for dataset_consumes_1 to None, run_after=None
[2025-07-15T16:22:39.972+0000] {logging_mixin.py:190} INFO - [2025-07-15T16:22:39.972+0000] {dag.py:4180} INFO - Setting next_dagrun for dataset_consumes_1_and_2 to None, run_after=None
[2025-07-15T16:22:39.973+0000] {logging_mixin.py:190} INFO - [2025-07-15T16:22:39.973+0000] {dag.py:4180} INFO - Setting next_dagrun for dataset_consumes_1_never_scheduled to None, run_after=None
[2025-07-15T16:22:39.973+0000] {logging_mixin.py:190} INFO - [2025-07-15T16:22:39.973+0000] {dag.py:4180} INFO - Setting next_dagrun for dataset_consumes_unknown_never_scheduled to None, run_after=None
[2025-07-15T16:22:39.975+0000] {logging_mixin.py:190} INFO - [2025-07-15T16:22:39.974+0000] {dag.py:4180} INFO - Setting next_dagrun for dataset_produces_1 to 2025-07-14 00:00:00+00:00, run_after=2025-07-15 00:00:00+00:00
[2025-07-15T16:22:39.975+0000] {logging_mixin.py:190} INFO - [2025-07-15T16:22:39.975+0000] {dag.py:4180} INFO - Setting next_dagrun for dataset_produces_2 to None, run_after=None
[2025-07-15T16:22:39.998+0000] {processor.py:208} INFO - Processing /home/airflow/.local/lib/python3.12/site-packages/airflow/example_dags/example_datasets.py took 0.208 seconds
[2025-07-15T16:23:10.758+0000] {processor.py:186} INFO - Started process (PID=5665) to work on /home/airflow/.local/lib/python3.12/site-packages/airflow/example_dags/example_datasets.py
[2025-07-15T16:23:10.760+0000] {processor.py:914} INFO - Processing file /home/airflow/.local/lib/python3.12/site-packages/airflow/example_dags/example_datasets.py for tasks to queue
[2025-07-15T16:23:10.763+0000] {logging_mixin.py:190} INFO - [2025-07-15T16:23:10.763+0000] {dagbag.py:588} INFO - Filling up the DagBag from /home/airflow/.local/lib/python3.12/site-packages/airflow/example_dags/example_datasets.py
[2025-07-15T16:23:10.921+0000] {processor.py:925} INFO - DAG(s) 'dataset_produces_2', 'dataset_consumes_unknown_never_scheduled', 'conditional_dataset_and_time_based_timetable', 'dataset_produces_1', 'dataset_consumes_1_never_scheduled', 'consume_1_and_2_with_dataset_expressions', 'dataset_consumes_1', 'dataset_consumes_1_and_2', 'consume_1_or_both_2_and_3_with_dataset_expressions', 'consume_1_or_2_with_dataset_expressions' retrieved from /home/airflow/.local/lib/python3.12/site-packages/airflow/example_dags/example_datasets.py
[2025-07-15T16:23:10.952+0000] {logging_mixin.py:190} INFO - [2025-07-15T16:23:10.952+0000] {dag.py:3239} INFO - Sync 10 DAGs
[2025-07-15T16:23:10.972+0000] {logging_mixin.py:190} INFO - [2025-07-15T16:23:10.972+0000] {dag.py:4180} INFO - Setting next_dagrun for conditional_dataset_and_time_based_timetable to 2025-07-09 01:00:00+00:00, run_after=2025-07-09 01:00:00+00:00
[2025-07-15T16:23:10.975+0000] {logging_mixin.py:190} INFO - [2025-07-15T16:23:10.975+0000] {dag.py:4180} INFO - Setting next_dagrun for consume_1_and_2_with_dataset_expressions to None, run_after=None
[2025-07-15T16:23:10.978+0000] {logging_mixin.py:190} INFO - [2025-07-15T16:23:10.978+0000] {dag.py:4180} INFO - Setting next_dagrun for consume_1_or_2_with_dataset_expressions to None, run_after=None
[2025-07-15T16:23:10.982+0000] {logging_mixin.py:190} INFO - [2025-07-15T16:23:10.982+0000] {dag.py:4180} INFO - Setting next_dagrun for consume_1_or_both_2_and_3_with_dataset_expressions to None, run_after=None
[2025-07-15T16:23:10.982+0000] {logging_mixin.py:190} INFO - [2025-07-15T16:23:10.982+0000] {dag.py:4180} INFO - Setting next_dagrun for dataset_consumes_1 to None, run_after=None
[2025-07-15T16:23:10.983+0000] {logging_mixin.py:190} INFO - [2025-07-15T16:23:10.983+0000] {dag.py:4180} INFO - Setting next_dagrun for dataset_consumes_1_and_2 to None, run_after=None
[2025-07-15T16:23:10.986+0000] {logging_mixin.py:190} INFO - [2025-07-15T16:23:10.986+0000] {dag.py:4180} INFO - Setting next_dagrun for dataset_consumes_1_never_scheduled to None, run_after=None
[2025-07-15T16:23:10.987+0000] {logging_mixin.py:190} INFO - [2025-07-15T16:23:10.987+0000] {dag.py:4180} INFO - Setting next_dagrun for dataset_consumes_unknown_never_scheduled to None, run_after=None
[2025-07-15T16:23:10.987+0000] {logging_mixin.py:190} INFO - [2025-07-15T16:23:10.987+0000] {dag.py:4180} INFO - Setting next_dagrun for dataset_produces_1 to 2025-07-14 00:00:00+00:00, run_after=2025-07-15 00:00:00+00:00
[2025-07-15T16:23:10.989+0000] {logging_mixin.py:190} INFO - [2025-07-15T16:23:10.989+0000] {dag.py:4180} INFO - Setting next_dagrun for dataset_produces_2 to None, run_after=None
[2025-07-15T16:23:11.008+0000] {processor.py:208} INFO - Processing /home/airflow/.local/lib/python3.12/site-packages/airflow/example_dags/example_datasets.py took 0.253 seconds
[2025-07-15T16:23:42.021+0000] {processor.py:186} INFO - Started process (PID=5726) to work on /home/airflow/.local/lib/python3.12/site-packages/airflow/example_dags/example_datasets.py
[2025-07-15T16:23:42.027+0000] {processor.py:914} INFO - Processing file /home/airflow/.local/lib/python3.12/site-packages/airflow/example_dags/example_datasets.py for tasks to queue
[2025-07-15T16:23:42.029+0000] {logging_mixin.py:190} INFO - [2025-07-15T16:23:42.029+0000] {dagbag.py:588} INFO - Filling up the DagBag from /home/airflow/.local/lib/python3.12/site-packages/airflow/example_dags/example_datasets.py
[2025-07-15T16:23:42.117+0000] {processor.py:925} INFO - DAG(s) 'dataset_consumes_1_never_scheduled', 'dataset_produces_2', 'consume_1_or_both_2_and_3_with_dataset_expressions', 'dataset_consumes_1_and_2', 'dataset_consumes_1', 'dataset_produces_1', 'dataset_consumes_unknown_never_scheduled', 'conditional_dataset_and_time_based_timetable', 'consume_1_and_2_with_dataset_expressions', 'consume_1_or_2_with_dataset_expressions' retrieved from /home/airflow/.local/lib/python3.12/site-packages/airflow/example_dags/example_datasets.py
[2025-07-15T16:23:42.140+0000] {logging_mixin.py:190} INFO - [2025-07-15T16:23:42.139+0000] {dag.py:3239} INFO - Sync 10 DAGs
[2025-07-15T16:23:42.156+0000] {logging_mixin.py:190} INFO - [2025-07-15T16:23:42.156+0000] {dag.py:4180} INFO - Setting next_dagrun for conditional_dataset_and_time_based_timetable to 2025-07-09 01:00:00+00:00, run_after=2025-07-09 01:00:00+00:00
[2025-07-15T16:23:42.161+0000] {logging_mixin.py:190} INFO - [2025-07-15T16:23:42.161+0000] {dag.py:4180} INFO - Setting next_dagrun for consume_1_and_2_with_dataset_expressions to None, run_after=None
[2025-07-15T16:23:42.163+0000] {logging_mixin.py:190} INFO - [2025-07-15T16:23:42.163+0000] {dag.py:4180} INFO - Setting next_dagrun for consume_1_or_2_with_dataset_expressions to None, run_after=None
[2025-07-15T16:23:42.168+0000] {logging_mixin.py:190} INFO - [2025-07-15T16:23:42.168+0000] {dag.py:4180} INFO - Setting next_dagrun for consume_1_or_both_2_and_3_with_dataset_expressions to None, run_after=None
[2025-07-15T16:23:42.169+0000] {logging_mixin.py:190} INFO - [2025-07-15T16:23:42.168+0000] {dag.py:4180} INFO - Setting next_dagrun for dataset_consumes_1 to None, run_after=None
[2025-07-15T16:23:42.170+0000] {logging_mixin.py:190} INFO - [2025-07-15T16:23:42.170+0000] {dag.py:4180} INFO - Setting next_dagrun for dataset_consumes_1_and_2 to None, run_after=None
[2025-07-15T16:23:42.172+0000] {logging_mixin.py:190} INFO - [2025-07-15T16:23:42.171+0000] {dag.py:4180} INFO - Setting next_dagrun for dataset_consumes_1_never_scheduled to None, run_after=None
[2025-07-15T16:23:42.174+0000] {logging_mixin.py:190} INFO - [2025-07-15T16:23:42.174+0000] {dag.py:4180} INFO - Setting next_dagrun for dataset_consumes_unknown_never_scheduled to None, run_after=None
[2025-07-15T16:23:42.175+0000] {logging_mixin.py:190} INFO - [2025-07-15T16:23:42.175+0000] {dag.py:4180} INFO - Setting next_dagrun for dataset_produces_1 to 2025-07-14 00:00:00+00:00, run_after=2025-07-15 00:00:00+00:00
[2025-07-15T16:23:42.176+0000] {logging_mixin.py:190} INFO - [2025-07-15T16:23:42.176+0000] {dag.py:4180} INFO - Setting next_dagrun for dataset_produces_2 to None, run_after=None
[2025-07-15T16:23:42.216+0000] {processor.py:208} INFO - Processing /home/airflow/.local/lib/python3.12/site-packages/airflow/example_dags/example_datasets.py took 0.198 seconds
[2025-07-15T16:24:13.202+0000] {processor.py:186} INFO - Started process (PID=5788) to work on /home/airflow/.local/lib/python3.12/site-packages/airflow/example_dags/example_datasets.py
[2025-07-15T16:24:13.203+0000] {processor.py:914} INFO - Processing file /home/airflow/.local/lib/python3.12/site-packages/airflow/example_dags/example_datasets.py for tasks to queue
[2025-07-15T16:24:13.205+0000] {logging_mixin.py:190} INFO - [2025-07-15T16:24:13.205+0000] {dagbag.py:588} INFO - Filling up the DagBag from /home/airflow/.local/lib/python3.12/site-packages/airflow/example_dags/example_datasets.py
[2025-07-15T16:24:13.304+0000] {processor.py:925} INFO - DAG(s) 'consume_1_or_both_2_and_3_with_dataset_expressions', 'conditional_dataset_and_time_based_timetable', 'dataset_consumes_1', 'dataset_produces_1', 'dataset_consumes_1_and_2', 'dataset_consumes_1_never_scheduled', 'consume_1_or_2_with_dataset_expressions', 'dataset_consumes_unknown_never_scheduled', 'dataset_produces_2', 'consume_1_and_2_with_dataset_expressions' retrieved from /home/airflow/.local/lib/python3.12/site-packages/airflow/example_dags/example_datasets.py
[2025-07-15T16:24:13.328+0000] {logging_mixin.py:190} INFO - [2025-07-15T16:24:13.328+0000] {dag.py:3239} INFO - Sync 10 DAGs
[2025-07-15T16:24:13.349+0000] {logging_mixin.py:190} INFO - [2025-07-15T16:24:13.349+0000] {dag.py:4180} INFO - Setting next_dagrun for conditional_dataset_and_time_based_timetable to 2025-07-09 01:00:00+00:00, run_after=2025-07-09 01:00:00+00:00
[2025-07-15T16:24:13.352+0000] {logging_mixin.py:190} INFO - [2025-07-15T16:24:13.352+0000] {dag.py:4180} INFO - Setting next_dagrun for consume_1_and_2_with_dataset_expressions to None, run_after=None
[2025-07-15T16:24:13.352+0000] {logging_mixin.py:190} INFO - [2025-07-15T16:24:13.352+0000] {dag.py:4180} INFO - Setting next_dagrun for consume_1_or_2_with_dataset_expressions to None, run_after=None
[2025-07-15T16:24:13.353+0000] {logging_mixin.py:190} INFO - [2025-07-15T16:24:13.353+0000] {dag.py:4180} INFO - Setting next_dagrun for consume_1_or_both_2_and_3_with_dataset_expressions to None, run_after=None
[2025-07-15T16:24:13.354+0000] {logging_mixin.py:190} INFO - [2025-07-15T16:24:13.354+0000] {dag.py:4180} INFO - Setting next_dagrun for dataset_consumes_1 to None, run_after=None
[2025-07-15T16:24:13.354+0000] {logging_mixin.py:190} INFO - [2025-07-15T16:24:13.354+0000] {dag.py:4180} INFO - Setting next_dagrun for dataset_consumes_1_and_2 to None, run_after=None
[2025-07-15T16:24:13.355+0000] {logging_mixin.py:190} INFO - [2025-07-15T16:24:13.355+0000] {dag.py:4180} INFO - Setting next_dagrun for dataset_consumes_1_never_scheduled to None, run_after=None
[2025-07-15T16:24:13.355+0000] {logging_mixin.py:190} INFO - [2025-07-15T16:24:13.355+0000] {dag.py:4180} INFO - Setting next_dagrun for dataset_consumes_unknown_never_scheduled to None, run_after=None
[2025-07-15T16:24:13.357+0000] {logging_mixin.py:190} INFO - [2025-07-15T16:24:13.357+0000] {dag.py:4180} INFO - Setting next_dagrun for dataset_produces_1 to 2025-07-14 00:00:00+00:00, run_after=2025-07-15 00:00:00+00:00
[2025-07-15T16:24:13.358+0000] {logging_mixin.py:190} INFO - [2025-07-15T16:24:13.357+0000] {dag.py:4180} INFO - Setting next_dagrun for dataset_produces_2 to None, run_after=None
[2025-07-15T16:24:13.379+0000] {processor.py:208} INFO - Processing /home/airflow/.local/lib/python3.12/site-packages/airflow/example_dags/example_datasets.py took 0.181 seconds
[2025-07-15T16:24:43.744+0000] {processor.py:186} INFO - Started process (PID=5849) to work on /home/airflow/.local/lib/python3.12/site-packages/airflow/example_dags/example_datasets.py
[2025-07-15T16:24:43.745+0000] {processor.py:914} INFO - Processing file /home/airflow/.local/lib/python3.12/site-packages/airflow/example_dags/example_datasets.py for tasks to queue
[2025-07-15T16:24:43.746+0000] {logging_mixin.py:190} INFO - [2025-07-15T16:24:43.746+0000] {dagbag.py:588} INFO - Filling up the DagBag from /home/airflow/.local/lib/python3.12/site-packages/airflow/example_dags/example_datasets.py
[2025-07-15T16:24:43.842+0000] {processor.py:925} INFO - DAG(s) 'consume_1_or_2_with_dataset_expressions', 'dataset_consumes_1_and_2', 'consume_1_and_2_with_dataset_expressions', 'conditional_dataset_and_time_based_timetable', 'dataset_consumes_1_never_scheduled', 'dataset_produces_2', 'dataset_produces_1', 'dataset_consumes_unknown_never_scheduled', 'consume_1_or_both_2_and_3_with_dataset_expressions', 'dataset_consumes_1' retrieved from /home/airflow/.local/lib/python3.12/site-packages/airflow/example_dags/example_datasets.py
[2025-07-15T16:24:43.869+0000] {logging_mixin.py:190} INFO - [2025-07-15T16:24:43.869+0000] {dag.py:3239} INFO - Sync 10 DAGs
[2025-07-15T16:24:43.885+0000] {logging_mixin.py:190} INFO - [2025-07-15T16:24:43.885+0000] {dag.py:4180} INFO - Setting next_dagrun for conditional_dataset_and_time_based_timetable to 2025-07-09 01:00:00+00:00, run_after=2025-07-09 01:00:00+00:00
[2025-07-15T16:24:43.887+0000] {logging_mixin.py:190} INFO - [2025-07-15T16:24:43.887+0000] {dag.py:4180} INFO - Setting next_dagrun for consume_1_and_2_with_dataset_expressions to None, run_after=None
[2025-07-15T16:24:43.888+0000] {logging_mixin.py:190} INFO - [2025-07-15T16:24:43.888+0000] {dag.py:4180} INFO - Setting next_dagrun for consume_1_or_2_with_dataset_expressions to None, run_after=None
[2025-07-15T16:24:43.888+0000] {logging_mixin.py:190} INFO - [2025-07-15T16:24:43.888+0000] {dag.py:4180} INFO - Setting next_dagrun for consume_1_or_both_2_and_3_with_dataset_expressions to None, run_after=None
[2025-07-15T16:24:43.889+0000] {logging_mixin.py:190} INFO - [2025-07-15T16:24:43.889+0000] {dag.py:4180} INFO - Setting next_dagrun for dataset_consumes_1 to None, run_after=None
[2025-07-15T16:24:43.890+0000] {logging_mixin.py:190} INFO - [2025-07-15T16:24:43.890+0000] {dag.py:4180} INFO - Setting next_dagrun for dataset_consumes_1_and_2 to None, run_after=None
[2025-07-15T16:24:43.890+0000] {logging_mixin.py:190} INFO - [2025-07-15T16:24:43.890+0000] {dag.py:4180} INFO - Setting next_dagrun for dataset_consumes_1_never_scheduled to None, run_after=None
[2025-07-15T16:24:43.891+0000] {logging_mixin.py:190} INFO - [2025-07-15T16:24:43.891+0000] {dag.py:4180} INFO - Setting next_dagrun for dataset_consumes_unknown_never_scheduled to None, run_after=None
[2025-07-15T16:24:43.892+0000] {logging_mixin.py:190} INFO - [2025-07-15T16:24:43.892+0000] {dag.py:4180} INFO - Setting next_dagrun for dataset_produces_1 to 2025-07-14 00:00:00+00:00, run_after=2025-07-15 00:00:00+00:00
[2025-07-15T16:24:43.893+0000] {logging_mixin.py:190} INFO - [2025-07-15T16:24:43.893+0000] {dag.py:4180} INFO - Setting next_dagrun for dataset_produces_2 to None, run_after=None
[2025-07-15T16:24:43.912+0000] {processor.py:208} INFO - Processing /home/airflow/.local/lib/python3.12/site-packages/airflow/example_dags/example_datasets.py took 0.172 seconds
[2025-07-15T16:25:14.715+0000] {processor.py:186} INFO - Started process (PID=5911) to work on /home/airflow/.local/lib/python3.12/site-packages/airflow/example_dags/example_datasets.py
[2025-07-15T16:25:14.716+0000] {processor.py:914} INFO - Processing file /home/airflow/.local/lib/python3.12/site-packages/airflow/example_dags/example_datasets.py for tasks to queue
[2025-07-15T16:25:14.717+0000] {logging_mixin.py:190} INFO - [2025-07-15T16:25:14.717+0000] {dagbag.py:588} INFO - Filling up the DagBag from /home/airflow/.local/lib/python3.12/site-packages/airflow/example_dags/example_datasets.py
[2025-07-15T16:25:14.883+0000] {processor.py:925} INFO - DAG(s) 'dataset_consumes_unknown_never_scheduled', 'dataset_consumes_1_and_2', 'dataset_produces_2', 'consume_1_or_both_2_and_3_with_dataset_expressions', 'dataset_produces_1', 'consume_1_or_2_with_dataset_expressions', 'conditional_dataset_and_time_based_timetable', 'dataset_consumes_1_never_scheduled', 'consume_1_and_2_with_dataset_expressions', 'dataset_consumes_1' retrieved from /home/airflow/.local/lib/python3.12/site-packages/airflow/example_dags/example_datasets.py
[2025-07-15T16:25:14.918+0000] {logging_mixin.py:190} INFO - [2025-07-15T16:25:14.918+0000] {dag.py:3239} INFO - Sync 10 DAGs
[2025-07-15T16:25:14.941+0000] {logging_mixin.py:190} INFO - [2025-07-15T16:25:14.941+0000] {dag.py:4180} INFO - Setting next_dagrun for conditional_dataset_and_time_based_timetable to 2025-07-09 01:00:00+00:00, run_after=2025-07-09 01:00:00+00:00
[2025-07-15T16:25:14.945+0000] {logging_mixin.py:190} INFO - [2025-07-15T16:25:14.945+0000] {dag.py:4180} INFO - Setting next_dagrun for consume_1_and_2_with_dataset_expressions to None, run_after=None
[2025-07-15T16:25:14.946+0000] {logging_mixin.py:190} INFO - [2025-07-15T16:25:14.946+0000] {dag.py:4180} INFO - Setting next_dagrun for consume_1_or_2_with_dataset_expressions to None, run_after=None
[2025-07-15T16:25:14.947+0000] {logging_mixin.py:190} INFO - [2025-07-15T16:25:14.947+0000] {dag.py:4180} INFO - Setting next_dagrun for consume_1_or_both_2_and_3_with_dataset_expressions to None, run_after=None
[2025-07-15T16:25:14.950+0000] {logging_mixin.py:190} INFO - [2025-07-15T16:25:14.950+0000] {dag.py:4180} INFO - Setting next_dagrun for dataset_consumes_1 to None, run_after=None
[2025-07-15T16:25:14.951+0000] {logging_mixin.py:190} INFO - [2025-07-15T16:25:14.951+0000] {dag.py:4180} INFO - Setting next_dagrun for dataset_consumes_1_and_2 to None, run_after=None
[2025-07-15T16:25:14.951+0000] {logging_mixin.py:190} INFO - [2025-07-15T16:25:14.951+0000] {dag.py:4180} INFO - Setting next_dagrun for dataset_consumes_1_never_scheduled to None, run_after=None
[2025-07-15T16:25:14.952+0000] {logging_mixin.py:190} INFO - [2025-07-15T16:25:14.952+0000] {dag.py:4180} INFO - Setting next_dagrun for dataset_consumes_unknown_never_scheduled to None, run_after=None
[2025-07-15T16:25:14.953+0000] {logging_mixin.py:190} INFO - [2025-07-15T16:25:14.953+0000] {dag.py:4180} INFO - Setting next_dagrun for dataset_produces_1 to 2025-07-14 00:00:00+00:00, run_after=2025-07-15 00:00:00+00:00
[2025-07-15T16:25:14.954+0000] {logging_mixin.py:190} INFO - [2025-07-15T16:25:14.954+0000] {dag.py:4180} INFO - Setting next_dagrun for dataset_produces_2 to None, run_after=None
[2025-07-15T16:25:14.975+0000] {processor.py:208} INFO - Processing /home/airflow/.local/lib/python3.12/site-packages/airflow/example_dags/example_datasets.py took 0.264 seconds
[2025-07-15T16:25:45.635+0000] {processor.py:186} INFO - Started process (PID=5973) to work on /home/airflow/.local/lib/python3.12/site-packages/airflow/example_dags/example_datasets.py
[2025-07-15T16:25:45.635+0000] {processor.py:914} INFO - Processing file /home/airflow/.local/lib/python3.12/site-packages/airflow/example_dags/example_datasets.py for tasks to queue
[2025-07-15T16:25:45.637+0000] {logging_mixin.py:190} INFO - [2025-07-15T16:25:45.637+0000] {dagbag.py:588} INFO - Filling up the DagBag from /home/airflow/.local/lib/python3.12/site-packages/airflow/example_dags/example_datasets.py
[2025-07-15T16:25:45.737+0000] {processor.py:925} INFO - DAG(s) 'consume_1_or_both_2_and_3_with_dataset_expressions', 'dataset_produces_2', 'dataset_consumes_1_and_2', 'dataset_consumes_1', 'dataset_consumes_unknown_never_scheduled', 'dataset_produces_1', 'dataset_consumes_1_never_scheduled', 'consume_1_and_2_with_dataset_expressions', 'consume_1_or_2_with_dataset_expressions', 'conditional_dataset_and_time_based_timetable' retrieved from /home/airflow/.local/lib/python3.12/site-packages/airflow/example_dags/example_datasets.py
[2025-07-15T16:25:45.766+0000] {logging_mixin.py:190} INFO - [2025-07-15T16:25:45.766+0000] {dag.py:3239} INFO - Sync 10 DAGs
[2025-07-15T16:25:45.781+0000] {logging_mixin.py:190} INFO - [2025-07-15T16:25:45.781+0000] {dag.py:4180} INFO - Setting next_dagrun for conditional_dataset_and_time_based_timetable to 2025-07-09 01:00:00+00:00, run_after=2025-07-09 01:00:00+00:00
[2025-07-15T16:25:45.785+0000] {logging_mixin.py:190} INFO - [2025-07-15T16:25:45.785+0000] {dag.py:4180} INFO - Setting next_dagrun for consume_1_and_2_with_dataset_expressions to None, run_after=None
[2025-07-15T16:25:45.786+0000] {logging_mixin.py:190} INFO - [2025-07-15T16:25:45.786+0000] {dag.py:4180} INFO - Setting next_dagrun for consume_1_or_2_with_dataset_expressions to None, run_after=None
[2025-07-15T16:25:45.787+0000] {logging_mixin.py:190} INFO - [2025-07-15T16:25:45.787+0000] {dag.py:4180} INFO - Setting next_dagrun for consume_1_or_both_2_and_3_with_dataset_expressions to None, run_after=None
[2025-07-15T16:25:45.788+0000] {logging_mixin.py:190} INFO - [2025-07-15T16:25:45.788+0000] {dag.py:4180} INFO - Setting next_dagrun for dataset_consumes_1 to None, run_after=None
[2025-07-15T16:25:45.791+0000] {logging_mixin.py:190} INFO - [2025-07-15T16:25:45.790+0000] {dag.py:4180} INFO - Setting next_dagrun for dataset_consumes_1_and_2 to None, run_after=None
[2025-07-15T16:25:45.792+0000] {logging_mixin.py:190} INFO - [2025-07-15T16:25:45.792+0000] {dag.py:4180} INFO - Setting next_dagrun for dataset_consumes_1_never_scheduled to None, run_after=None
[2025-07-15T16:25:45.792+0000] {logging_mixin.py:190} INFO - [2025-07-15T16:25:45.792+0000] {dag.py:4180} INFO - Setting next_dagrun for dataset_consumes_unknown_never_scheduled to None, run_after=None
[2025-07-15T16:25:45.794+0000] {logging_mixin.py:190} INFO - [2025-07-15T16:25:45.794+0000] {dag.py:4180} INFO - Setting next_dagrun for dataset_produces_1 to 2025-07-14 00:00:00+00:00, run_after=2025-07-15 00:00:00+00:00
[2025-07-15T16:25:45.794+0000] {logging_mixin.py:190} INFO - [2025-07-15T16:25:45.794+0000] {dag.py:4180} INFO - Setting next_dagrun for dataset_produces_2 to None, run_after=None
[2025-07-15T16:25:45.819+0000] {processor.py:208} INFO - Processing /home/airflow/.local/lib/python3.12/site-packages/airflow/example_dags/example_datasets.py took 0.188 seconds
[2025-07-15T16:26:16.214+0000] {processor.py:186} INFO - Started process (PID=6035) to work on /home/airflow/.local/lib/python3.12/site-packages/airflow/example_dags/example_datasets.py
[2025-07-15T16:26:16.216+0000] {processor.py:914} INFO - Processing file /home/airflow/.local/lib/python3.12/site-packages/airflow/example_dags/example_datasets.py for tasks to queue
[2025-07-15T16:26:16.217+0000] {logging_mixin.py:190} INFO - [2025-07-15T16:26:16.217+0000] {dagbag.py:588} INFO - Filling up the DagBag from /home/airflow/.local/lib/python3.12/site-packages/airflow/example_dags/example_datasets.py
[2025-07-15T16:26:16.300+0000] {processor.py:925} INFO - DAG(s) 'dataset_consumes_unknown_never_scheduled', 'dataset_consumes_1_and_2', 'dataset_consumes_1_never_scheduled', 'conditional_dataset_and_time_based_timetable', 'consume_1_or_both_2_and_3_with_dataset_expressions', 'dataset_produces_2', 'dataset_produces_1', 'consume_1_or_2_with_dataset_expressions', 'dataset_consumes_1', 'consume_1_and_2_with_dataset_expressions' retrieved from /home/airflow/.local/lib/python3.12/site-packages/airflow/example_dags/example_datasets.py
[2025-07-15T16:26:16.328+0000] {logging_mixin.py:190} INFO - [2025-07-15T16:26:16.328+0000] {dag.py:3239} INFO - Sync 10 DAGs
[2025-07-15T16:26:16.351+0000] {logging_mixin.py:190} INFO - [2025-07-15T16:26:16.351+0000] {dag.py:4180} INFO - Setting next_dagrun for conditional_dataset_and_time_based_timetable to 2025-07-09 01:00:00+00:00, run_after=2025-07-09 01:00:00+00:00
[2025-07-15T16:26:16.354+0000] {logging_mixin.py:190} INFO - [2025-07-15T16:26:16.354+0000] {dag.py:4180} INFO - Setting next_dagrun for consume_1_and_2_with_dataset_expressions to None, run_after=None
[2025-07-15T16:26:16.355+0000] {logging_mixin.py:190} INFO - [2025-07-15T16:26:16.355+0000] {dag.py:4180} INFO - Setting next_dagrun for consume_1_or_2_with_dataset_expressions to None, run_after=None
[2025-07-15T16:26:16.356+0000] {logging_mixin.py:190} INFO - [2025-07-15T16:26:16.356+0000] {dag.py:4180} INFO - Setting next_dagrun for consume_1_or_both_2_and_3_with_dataset_expressions to None, run_after=None
[2025-07-15T16:26:16.357+0000] {logging_mixin.py:190} INFO - [2025-07-15T16:26:16.357+0000] {dag.py:4180} INFO - Setting next_dagrun for dataset_consumes_1 to None, run_after=None
[2025-07-15T16:26:16.358+0000] {logging_mixin.py:190} INFO - [2025-07-15T16:26:16.358+0000] {dag.py:4180} INFO - Setting next_dagrun for dataset_consumes_1_and_2 to None, run_after=None
[2025-07-15T16:26:16.360+0000] {logging_mixin.py:190} INFO - [2025-07-15T16:26:16.359+0000] {dag.py:4180} INFO - Setting next_dagrun for dataset_consumes_1_never_scheduled to None, run_after=None
[2025-07-15T16:26:16.361+0000] {logging_mixin.py:190} INFO - [2025-07-15T16:26:16.361+0000] {dag.py:4180} INFO - Setting next_dagrun for dataset_consumes_unknown_never_scheduled to None, run_after=None
[2025-07-15T16:26:16.362+0000] {logging_mixin.py:190} INFO - [2025-07-15T16:26:16.362+0000] {dag.py:4180} INFO - Setting next_dagrun for dataset_produces_1 to 2025-07-14 00:00:00+00:00, run_after=2025-07-15 00:00:00+00:00
[2025-07-15T16:26:16.363+0000] {logging_mixin.py:190} INFO - [2025-07-15T16:26:16.363+0000] {dag.py:4180} INFO - Setting next_dagrun for dataset_produces_2 to None, run_after=None
[2025-07-15T16:26:16.387+0000] {processor.py:208} INFO - Processing /home/airflow/.local/lib/python3.12/site-packages/airflow/example_dags/example_datasets.py took 0.177 seconds
[2025-07-15T16:26:47.332+0000] {processor.py:186} INFO - Started process (PID=6097) to work on /home/airflow/.local/lib/python3.12/site-packages/airflow/example_dags/example_datasets.py
[2025-07-15T16:26:47.333+0000] {processor.py:914} INFO - Processing file /home/airflow/.local/lib/python3.12/site-packages/airflow/example_dags/example_datasets.py for tasks to queue
[2025-07-15T16:26:47.334+0000] {logging_mixin.py:190} INFO - [2025-07-15T16:26:47.334+0000] {dagbag.py:588} INFO - Filling up the DagBag from /home/airflow/.local/lib/python3.12/site-packages/airflow/example_dags/example_datasets.py
[2025-07-15T16:26:47.427+0000] {processor.py:925} INFO - DAG(s) 'dataset_consumes_unknown_never_scheduled', 'dataset_consumes_1', 'consume_1_or_2_with_dataset_expressions', 'consume_1_or_both_2_and_3_with_dataset_expressions', 'dataset_produces_2', 'conditional_dataset_and_time_based_timetable', 'dataset_produces_1', 'dataset_consumes_1_never_scheduled', 'consume_1_and_2_with_dataset_expressions', 'dataset_consumes_1_and_2' retrieved from /home/airflow/.local/lib/python3.12/site-packages/airflow/example_dags/example_datasets.py
[2025-07-15T16:26:47.454+0000] {logging_mixin.py:190} INFO - [2025-07-15T16:26:47.454+0000] {dag.py:3239} INFO - Sync 10 DAGs
[2025-07-15T16:26:47.476+0000] {logging_mixin.py:190} INFO - [2025-07-15T16:26:47.476+0000] {dag.py:4180} INFO - Setting next_dagrun for conditional_dataset_and_time_based_timetable to 2025-07-09 01:00:00+00:00, run_after=2025-07-09 01:00:00+00:00
[2025-07-15T16:26:47.478+0000] {logging_mixin.py:190} INFO - [2025-07-15T16:26:47.478+0000] {dag.py:4180} INFO - Setting next_dagrun for consume_1_and_2_with_dataset_expressions to None, run_after=None
[2025-07-15T16:26:47.480+0000] {logging_mixin.py:190} INFO - [2025-07-15T16:26:47.480+0000] {dag.py:4180} INFO - Setting next_dagrun for consume_1_or_2_with_dataset_expressions to None, run_after=None
[2025-07-15T16:26:47.483+0000] {logging_mixin.py:190} INFO - [2025-07-15T16:26:47.483+0000] {dag.py:4180} INFO - Setting next_dagrun for consume_1_or_both_2_and_3_with_dataset_expressions to None, run_after=None
[2025-07-15T16:26:47.486+0000] {logging_mixin.py:190} INFO - [2025-07-15T16:26:47.486+0000] {dag.py:4180} INFO - Setting next_dagrun for dataset_consumes_1 to None, run_after=None
[2025-07-15T16:26:47.487+0000] {logging_mixin.py:190} INFO - [2025-07-15T16:26:47.487+0000] {dag.py:4180} INFO - Setting next_dagrun for dataset_consumes_1_and_2 to None, run_after=None
[2025-07-15T16:26:47.489+0000] {logging_mixin.py:190} INFO - [2025-07-15T16:26:47.489+0000] {dag.py:4180} INFO - Setting next_dagrun for dataset_consumes_1_never_scheduled to None, run_after=None
[2025-07-15T16:26:47.490+0000] {logging_mixin.py:190} INFO - [2025-07-15T16:26:47.490+0000] {dag.py:4180} INFO - Setting next_dagrun for dataset_consumes_unknown_never_scheduled to None, run_after=None
[2025-07-15T16:26:47.491+0000] {logging_mixin.py:190} INFO - [2025-07-15T16:26:47.491+0000] {dag.py:4180} INFO - Setting next_dagrun for dataset_produces_1 to 2025-07-14 00:00:00+00:00, run_after=2025-07-15 00:00:00+00:00
[2025-07-15T16:26:47.493+0000] {logging_mixin.py:190} INFO - [2025-07-15T16:26:47.493+0000] {dag.py:4180} INFO - Setting next_dagrun for dataset_produces_2 to None, run_after=None
[2025-07-15T16:26:47.513+0000] {processor.py:208} INFO - Processing /home/airflow/.local/lib/python3.12/site-packages/airflow/example_dags/example_datasets.py took 0.185 seconds
[2025-07-15T16:27:18.173+0000] {processor.py:186} INFO - Started process (PID=6159) to work on /home/airflow/.local/lib/python3.12/site-packages/airflow/example_dags/example_datasets.py
[2025-07-15T16:27:18.176+0000] {processor.py:914} INFO - Processing file /home/airflow/.local/lib/python3.12/site-packages/airflow/example_dags/example_datasets.py for tasks to queue
[2025-07-15T16:27:18.181+0000] {logging_mixin.py:190} INFO - [2025-07-15T16:27:18.181+0000] {dagbag.py:588} INFO - Filling up the DagBag from /home/airflow/.local/lib/python3.12/site-packages/airflow/example_dags/example_datasets.py
[2025-07-15T16:27:18.285+0000] {processor.py:925} INFO - DAG(s) 'dataset_consumes_1_and_2', 'consume_1_or_2_with_dataset_expressions', 'dataset_produces_2', 'conditional_dataset_and_time_based_timetable', 'dataset_produces_1', 'dataset_consumes_1_never_scheduled', 'consume_1_or_both_2_and_3_with_dataset_expressions', 'consume_1_and_2_with_dataset_expressions', 'dataset_consumes_unknown_never_scheduled', 'dataset_consumes_1' retrieved from /home/airflow/.local/lib/python3.12/site-packages/airflow/example_dags/example_datasets.py
[2025-07-15T16:27:18.308+0000] {logging_mixin.py:190} INFO - [2025-07-15T16:27:18.308+0000] {dag.py:3239} INFO - Sync 10 DAGs
[2025-07-15T16:27:18.325+0000] {logging_mixin.py:190} INFO - [2025-07-15T16:27:18.325+0000] {dag.py:4180} INFO - Setting next_dagrun for conditional_dataset_and_time_based_timetable to 2025-07-09 01:00:00+00:00, run_after=2025-07-09 01:00:00+00:00
[2025-07-15T16:27:18.329+0000] {logging_mixin.py:190} INFO - [2025-07-15T16:27:18.328+0000] {dag.py:4180} INFO - Setting next_dagrun for consume_1_and_2_with_dataset_expressions to None, run_after=None
[2025-07-15T16:27:18.329+0000] {logging_mixin.py:190} INFO - [2025-07-15T16:27:18.329+0000] {dag.py:4180} INFO - Setting next_dagrun for consume_1_or_2_with_dataset_expressions to None, run_after=None
[2025-07-15T16:27:18.332+0000] {logging_mixin.py:190} INFO - [2025-07-15T16:27:18.332+0000] {dag.py:4180} INFO - Setting next_dagrun for consume_1_or_both_2_and_3_with_dataset_expressions to None, run_after=None
[2025-07-15T16:27:18.334+0000] {logging_mixin.py:190} INFO - [2025-07-15T16:27:18.334+0000] {dag.py:4180} INFO - Setting next_dagrun for dataset_consumes_1 to None, run_after=None
[2025-07-15T16:27:18.336+0000] {logging_mixin.py:190} INFO - [2025-07-15T16:27:18.336+0000] {dag.py:4180} INFO - Setting next_dagrun for dataset_consumes_1_and_2 to None, run_after=None
[2025-07-15T16:27:18.338+0000] {logging_mixin.py:190} INFO - [2025-07-15T16:27:18.338+0000] {dag.py:4180} INFO - Setting next_dagrun for dataset_consumes_1_never_scheduled to None, run_after=None
[2025-07-15T16:27:18.338+0000] {logging_mixin.py:190} INFO - [2025-07-15T16:27:18.338+0000] {dag.py:4180} INFO - Setting next_dagrun for dataset_consumes_unknown_never_scheduled to None, run_after=None
[2025-07-15T16:27:18.339+0000] {logging_mixin.py:190} INFO - [2025-07-15T16:27:18.339+0000] {dag.py:4180} INFO - Setting next_dagrun for dataset_produces_1 to 2025-07-14 00:00:00+00:00, run_after=2025-07-15 00:00:00+00:00
[2025-07-15T16:27:18.342+0000] {logging_mixin.py:190} INFO - [2025-07-15T16:27:18.342+0000] {dag.py:4180} INFO - Setting next_dagrun for dataset_produces_2 to None, run_after=None
[2025-07-15T16:27:18.364+0000] {processor.py:208} INFO - Processing /home/airflow/.local/lib/python3.12/site-packages/airflow/example_dags/example_datasets.py took 0.204 seconds
[2025-07-15T16:27:49.562+0000] {processor.py:186} INFO - Started process (PID=6221) to work on /home/airflow/.local/lib/python3.12/site-packages/airflow/example_dags/example_datasets.py
[2025-07-15T16:27:49.565+0000] {processor.py:914} INFO - Processing file /home/airflow/.local/lib/python3.12/site-packages/airflow/example_dags/example_datasets.py for tasks to queue
[2025-07-15T16:27:49.567+0000] {logging_mixin.py:190} INFO - [2025-07-15T16:27:49.567+0000] {dagbag.py:588} INFO - Filling up the DagBag from /home/airflow/.local/lib/python3.12/site-packages/airflow/example_dags/example_datasets.py
[2025-07-15T16:27:49.692+0000] {processor.py:925} INFO - DAG(s) 'dataset_consumes_1_and_2', 'dataset_produces_1', 'consume_1_and_2_with_dataset_expressions', 'consume_1_or_2_with_dataset_expressions', 'dataset_consumes_1_never_scheduled', 'dataset_consumes_unknown_never_scheduled', 'consume_1_or_both_2_and_3_with_dataset_expressions', 'conditional_dataset_and_time_based_timetable', 'dataset_produces_2', 'dataset_consumes_1' retrieved from /home/airflow/.local/lib/python3.12/site-packages/airflow/example_dags/example_datasets.py
[2025-07-15T16:27:49.716+0000] {logging_mixin.py:190} INFO - [2025-07-15T16:27:49.716+0000] {dag.py:3239} INFO - Sync 10 DAGs
[2025-07-15T16:27:49.730+0000] {logging_mixin.py:190} INFO - [2025-07-15T16:27:49.730+0000] {dag.py:4180} INFO - Setting next_dagrun for conditional_dataset_and_time_based_timetable to 2025-07-09 01:00:00+00:00, run_after=2025-07-09 01:00:00+00:00
[2025-07-15T16:27:49.732+0000] {logging_mixin.py:190} INFO - [2025-07-15T16:27:49.732+0000] {dag.py:4180} INFO - Setting next_dagrun for consume_1_and_2_with_dataset_expressions to None, run_after=None
[2025-07-15T16:27:49.733+0000] {logging_mixin.py:190} INFO - [2025-07-15T16:27:49.733+0000] {dag.py:4180} INFO - Setting next_dagrun for consume_1_or_2_with_dataset_expressions to None, run_after=None
[2025-07-15T16:27:49.734+0000] {logging_mixin.py:190} INFO - [2025-07-15T16:27:49.734+0000] {dag.py:4180} INFO - Setting next_dagrun for consume_1_or_both_2_and_3_with_dataset_expressions to None, run_after=None
[2025-07-15T16:27:49.734+0000] {logging_mixin.py:190} INFO - [2025-07-15T16:27:49.734+0000] {dag.py:4180} INFO - Setting next_dagrun for dataset_consumes_1 to None, run_after=None
[2025-07-15T16:27:49.735+0000] {logging_mixin.py:190} INFO - [2025-07-15T16:27:49.735+0000] {dag.py:4180} INFO - Setting next_dagrun for dataset_consumes_1_and_2 to None, run_after=None
[2025-07-15T16:27:49.736+0000] {logging_mixin.py:190} INFO - [2025-07-15T16:27:49.736+0000] {dag.py:4180} INFO - Setting next_dagrun for dataset_consumes_1_never_scheduled to None, run_after=None
[2025-07-15T16:27:49.736+0000] {logging_mixin.py:190} INFO - [2025-07-15T16:27:49.736+0000] {dag.py:4180} INFO - Setting next_dagrun for dataset_consumes_unknown_never_scheduled to None, run_after=None
[2025-07-15T16:27:49.737+0000] {logging_mixin.py:190} INFO - [2025-07-15T16:27:49.737+0000] {dag.py:4180} INFO - Setting next_dagrun for dataset_produces_1 to 2025-07-14 00:00:00+00:00, run_after=2025-07-15 00:00:00+00:00
[2025-07-15T16:27:49.738+0000] {logging_mixin.py:190} INFO - [2025-07-15T16:27:49.738+0000] {dag.py:4180} INFO - Setting next_dagrun for dataset_produces_2 to None, run_after=None
[2025-07-15T16:27:49.755+0000] {processor.py:208} INFO - Processing /home/airflow/.local/lib/python3.12/site-packages/airflow/example_dags/example_datasets.py took 0.198 seconds
[2025-07-15T16:28:19.987+0000] {processor.py:186} INFO - Started process (PID=6283) to work on /home/airflow/.local/lib/python3.12/site-packages/airflow/example_dags/example_datasets.py
[2025-07-15T16:28:19.988+0000] {processor.py:914} INFO - Processing file /home/airflow/.local/lib/python3.12/site-packages/airflow/example_dags/example_datasets.py for tasks to queue
[2025-07-15T16:28:19.990+0000] {logging_mixin.py:190} INFO - [2025-07-15T16:28:19.989+0000] {dagbag.py:588} INFO - Filling up the DagBag from /home/airflow/.local/lib/python3.12/site-packages/airflow/example_dags/example_datasets.py
[2025-07-15T16:28:20.075+0000] {processor.py:925} INFO - DAG(s) 'conditional_dataset_and_time_based_timetable', 'dataset_consumes_1_and_2', 'dataset_consumes_1', 'dataset_consumes_1_never_scheduled', 'consume_1_or_both_2_and_3_with_dataset_expressions', 'consume_1_or_2_with_dataset_expressions', 'dataset_consumes_unknown_never_scheduled', 'consume_1_and_2_with_dataset_expressions', 'dataset_produces_1', 'dataset_produces_2' retrieved from /home/airflow/.local/lib/python3.12/site-packages/airflow/example_dags/example_datasets.py
[2025-07-15T16:28:20.108+0000] {logging_mixin.py:190} INFO - [2025-07-15T16:28:20.107+0000] {dag.py:3239} INFO - Sync 10 DAGs
[2025-07-15T16:28:20.124+0000] {logging_mixin.py:190} INFO - [2025-07-15T16:28:20.124+0000] {dag.py:4180} INFO - Setting next_dagrun for conditional_dataset_and_time_based_timetable to 2025-07-09 01:00:00+00:00, run_after=2025-07-09 01:00:00+00:00
[2025-07-15T16:28:20.126+0000] {logging_mixin.py:190} INFO - [2025-07-15T16:28:20.126+0000] {dag.py:4180} INFO - Setting next_dagrun for consume_1_and_2_with_dataset_expressions to None, run_after=None
[2025-07-15T16:28:20.127+0000] {logging_mixin.py:190} INFO - [2025-07-15T16:28:20.127+0000] {dag.py:4180} INFO - Setting next_dagrun for consume_1_or_2_with_dataset_expressions to None, run_after=None
[2025-07-15T16:28:20.127+0000] {logging_mixin.py:190} INFO - [2025-07-15T16:28:20.127+0000] {dag.py:4180} INFO - Setting next_dagrun for consume_1_or_both_2_and_3_with_dataset_expressions to None, run_after=None
[2025-07-15T16:28:20.128+0000] {logging_mixin.py:190} INFO - [2025-07-15T16:28:20.128+0000] {dag.py:4180} INFO - Setting next_dagrun for dataset_consumes_1 to None, run_after=None
[2025-07-15T16:28:20.129+0000] {logging_mixin.py:190} INFO - [2025-07-15T16:28:20.129+0000] {dag.py:4180} INFO - Setting next_dagrun for dataset_consumes_1_and_2 to None, run_after=None
[2025-07-15T16:28:20.129+0000] {logging_mixin.py:190} INFO - [2025-07-15T16:28:20.129+0000] {dag.py:4180} INFO - Setting next_dagrun for dataset_consumes_1_never_scheduled to None, run_after=None
[2025-07-15T16:28:20.130+0000] {logging_mixin.py:190} INFO - [2025-07-15T16:28:20.130+0000] {dag.py:4180} INFO - Setting next_dagrun for dataset_consumes_unknown_never_scheduled to None, run_after=None
[2025-07-15T16:28:20.131+0000] {logging_mixin.py:190} INFO - [2025-07-15T16:28:20.131+0000] {dag.py:4180} INFO - Setting next_dagrun for dataset_produces_1 to 2025-07-14 00:00:00+00:00, run_after=2025-07-15 00:00:00+00:00
[2025-07-15T16:28:20.131+0000] {logging_mixin.py:190} INFO - [2025-07-15T16:28:20.131+0000] {dag.py:4180} INFO - Setting next_dagrun for dataset_produces_2 to None, run_after=None
[2025-07-15T16:28:20.152+0000] {processor.py:208} INFO - Processing /home/airflow/.local/lib/python3.12/site-packages/airflow/example_dags/example_datasets.py took 0.168 seconds
[2025-07-15T16:28:50.474+0000] {processor.py:186} INFO - Started process (PID=6346) to work on /home/airflow/.local/lib/python3.12/site-packages/airflow/example_dags/example_datasets.py
[2025-07-15T16:28:50.477+0000] {processor.py:914} INFO - Processing file /home/airflow/.local/lib/python3.12/site-packages/airflow/example_dags/example_datasets.py for tasks to queue
[2025-07-15T16:28:50.479+0000] {logging_mixin.py:190} INFO - [2025-07-15T16:28:50.479+0000] {dagbag.py:588} INFO - Filling up the DagBag from /home/airflow/.local/lib/python3.12/site-packages/airflow/example_dags/example_datasets.py
[2025-07-15T16:28:50.571+0000] {processor.py:925} INFO - DAG(s) 'consume_1_or_2_with_dataset_expressions', 'consume_1_or_both_2_and_3_with_dataset_expressions', 'conditional_dataset_and_time_based_timetable', 'dataset_produces_2', 'dataset_consumes_unknown_never_scheduled', 'dataset_consumes_1_and_2', 'dataset_consumes_1_never_scheduled', 'consume_1_and_2_with_dataset_expressions', 'dataset_consumes_1', 'dataset_produces_1' retrieved from /home/airflow/.local/lib/python3.12/site-packages/airflow/example_dags/example_datasets.py
[2025-07-15T16:28:50.605+0000] {logging_mixin.py:190} INFO - [2025-07-15T16:28:50.605+0000] {dag.py:3239} INFO - Sync 10 DAGs
[2025-07-15T16:28:50.623+0000] {logging_mixin.py:190} INFO - [2025-07-15T16:28:50.622+0000] {dag.py:4180} INFO - Setting next_dagrun for conditional_dataset_and_time_based_timetable to 2025-07-09 01:00:00+00:00, run_after=2025-07-09 01:00:00+00:00
[2025-07-15T16:28:50.625+0000] {logging_mixin.py:190} INFO - [2025-07-15T16:28:50.625+0000] {dag.py:4180} INFO - Setting next_dagrun for consume_1_and_2_with_dataset_expressions to None, run_after=None
[2025-07-15T16:28:50.626+0000] {logging_mixin.py:190} INFO - [2025-07-15T16:28:50.626+0000] {dag.py:4180} INFO - Setting next_dagrun for consume_1_or_2_with_dataset_expressions to None, run_after=None
[2025-07-15T16:28:50.630+0000] {logging_mixin.py:190} INFO - [2025-07-15T16:28:50.630+0000] {dag.py:4180} INFO - Setting next_dagrun for consume_1_or_both_2_and_3_with_dataset_expressions to None, run_after=None
[2025-07-15T16:28:50.632+0000] {logging_mixin.py:190} INFO - [2025-07-15T16:28:50.632+0000] {dag.py:4180} INFO - Setting next_dagrun for dataset_consumes_1 to None, run_after=None
[2025-07-15T16:28:50.635+0000] {logging_mixin.py:190} INFO - [2025-07-15T16:28:50.635+0000] {dag.py:4180} INFO - Setting next_dagrun for dataset_consumes_1_and_2 to None, run_after=None
[2025-07-15T16:28:50.636+0000] {logging_mixin.py:190} INFO - [2025-07-15T16:28:50.636+0000] {dag.py:4180} INFO - Setting next_dagrun for dataset_consumes_1_never_scheduled to None, run_after=None
[2025-07-15T16:28:50.638+0000] {logging_mixin.py:190} INFO - [2025-07-15T16:28:50.638+0000] {dag.py:4180} INFO - Setting next_dagrun for dataset_consumes_unknown_never_scheduled to None, run_after=None
[2025-07-15T16:28:50.639+0000] {logging_mixin.py:190} INFO - [2025-07-15T16:28:50.639+0000] {dag.py:4180} INFO - Setting next_dagrun for dataset_produces_1 to 2025-07-14 00:00:00+00:00, run_after=2025-07-15 00:00:00+00:00
[2025-07-15T16:28:50.640+0000] {logging_mixin.py:190} INFO - [2025-07-15T16:28:50.640+0000] {dag.py:4180} INFO - Setting next_dagrun for dataset_produces_2 to None, run_after=None
[2025-07-15T16:28:50.662+0000] {processor.py:208} INFO - Processing /home/airflow/.local/lib/python3.12/site-packages/airflow/example_dags/example_datasets.py took 0.192 seconds
[2025-07-15T16:29:21.954+0000] {processor.py:186} INFO - Started process (PID=6406) to work on /home/airflow/.local/lib/python3.12/site-packages/airflow/example_dags/example_datasets.py
[2025-07-15T16:29:21.957+0000] {processor.py:914} INFO - Processing file /home/airflow/.local/lib/python3.12/site-packages/airflow/example_dags/example_datasets.py for tasks to queue
[2025-07-15T16:29:21.960+0000] {logging_mixin.py:190} INFO - [2025-07-15T16:29:21.960+0000] {dagbag.py:588} INFO - Filling up the DagBag from /home/airflow/.local/lib/python3.12/site-packages/airflow/example_dags/example_datasets.py
[2025-07-15T16:29:22.081+0000] {processor.py:925} INFO - DAG(s) 'dataset_consumes_1_and_2', 'consume_1_and_2_with_dataset_expressions', 'dataset_consumes_1_never_scheduled', 'dataset_produces_2', 'consume_1_or_both_2_and_3_with_dataset_expressions', 'dataset_consumes_1', 'consume_1_or_2_with_dataset_expressions', 'conditional_dataset_and_time_based_timetable', 'dataset_produces_1', 'dataset_consumes_unknown_never_scheduled' retrieved from /home/airflow/.local/lib/python3.12/site-packages/airflow/example_dags/example_datasets.py
[2025-07-15T16:29:22.116+0000] {logging_mixin.py:190} INFO - [2025-07-15T16:29:22.116+0000] {dag.py:3239} INFO - Sync 10 DAGs
[2025-07-15T16:29:22.135+0000] {logging_mixin.py:190} INFO - [2025-07-15T16:29:22.135+0000] {dag.py:4180} INFO - Setting next_dagrun for conditional_dataset_and_time_based_timetable to 2025-07-09 01:00:00+00:00, run_after=2025-07-09 01:00:00+00:00
[2025-07-15T16:29:22.142+0000] {logging_mixin.py:190} INFO - [2025-07-15T16:29:22.142+0000] {dag.py:4180} INFO - Setting next_dagrun for consume_1_and_2_with_dataset_expressions to None, run_after=None
[2025-07-15T16:29:22.144+0000] {logging_mixin.py:190} INFO - [2025-07-15T16:29:22.143+0000] {dag.py:4180} INFO - Setting next_dagrun for consume_1_or_2_with_dataset_expressions to None, run_after=None
[2025-07-15T16:29:22.144+0000] {logging_mixin.py:190} INFO - [2025-07-15T16:29:22.144+0000] {dag.py:4180} INFO - Setting next_dagrun for consume_1_or_both_2_and_3_with_dataset_expressions to None, run_after=None
[2025-07-15T16:29:22.145+0000] {logging_mixin.py:190} INFO - [2025-07-15T16:29:22.144+0000] {dag.py:4180} INFO - Setting next_dagrun for dataset_consumes_1 to None, run_after=None
[2025-07-15T16:29:22.145+0000] {logging_mixin.py:190} INFO - [2025-07-15T16:29:22.145+0000] {dag.py:4180} INFO - Setting next_dagrun for dataset_consumes_1_and_2 to None, run_after=None
[2025-07-15T16:29:22.147+0000] {logging_mixin.py:190} INFO - [2025-07-15T16:29:22.146+0000] {dag.py:4180} INFO - Setting next_dagrun for dataset_consumes_1_never_scheduled to None, run_after=None
[2025-07-15T16:29:22.148+0000] {logging_mixin.py:190} INFO - [2025-07-15T16:29:22.148+0000] {dag.py:4180} INFO - Setting next_dagrun for dataset_consumes_unknown_never_scheduled to None, run_after=None
[2025-07-15T16:29:22.149+0000] {logging_mixin.py:190} INFO - [2025-07-15T16:29:22.149+0000] {dag.py:4180} INFO - Setting next_dagrun for dataset_produces_1 to 2025-07-14 00:00:00+00:00, run_after=2025-07-15 00:00:00+00:00
[2025-07-15T16:29:22.150+0000] {logging_mixin.py:190} INFO - [2025-07-15T16:29:22.150+0000] {dag.py:4180} INFO - Setting next_dagrun for dataset_produces_2 to None, run_after=None
[2025-07-15T16:29:22.177+0000] {processor.py:208} INFO - Processing /home/airflow/.local/lib/python3.12/site-packages/airflow/example_dags/example_datasets.py took 0.228 seconds
[2025-07-15T16:29:52.549+0000] {processor.py:186} INFO - Started process (PID=6468) to work on /home/airflow/.local/lib/python3.12/site-packages/airflow/example_dags/example_datasets.py
[2025-07-15T16:29:52.552+0000] {processor.py:914} INFO - Processing file /home/airflow/.local/lib/python3.12/site-packages/airflow/example_dags/example_datasets.py for tasks to queue
[2025-07-15T16:29:52.555+0000] {logging_mixin.py:190} INFO - [2025-07-15T16:29:52.554+0000] {dagbag.py:588} INFO - Filling up the DagBag from /home/airflow/.local/lib/python3.12/site-packages/airflow/example_dags/example_datasets.py
[2025-07-15T16:29:52.678+0000] {processor.py:925} INFO - DAG(s) 'conditional_dataset_and_time_based_timetable', 'dataset_consumes_1', 'dataset_produces_2', 'consume_1_or_both_2_and_3_with_dataset_expressions', 'dataset_consumes_1_never_scheduled', 'dataset_consumes_1_and_2', 'dataset_consumes_unknown_never_scheduled', 'consume_1_or_2_with_dataset_expressions', 'consume_1_and_2_with_dataset_expressions', 'dataset_produces_1' retrieved from /home/airflow/.local/lib/python3.12/site-packages/airflow/example_dags/example_datasets.py
[2025-07-15T16:29:52.794+0000] {logging_mixin.py:190} INFO - [2025-07-15T16:29:52.793+0000] {dag.py:3239} INFO - Sync 10 DAGs
[2025-07-15T16:29:52.867+0000] {logging_mixin.py:190} INFO - [2025-07-15T16:29:52.864+0000] {dag.py:4180} INFO - Setting next_dagrun for conditional_dataset_and_time_based_timetable to 2025-07-09 01:00:00+00:00, run_after=2025-07-09 01:00:00+00:00
[2025-07-15T16:29:52.880+0000] {logging_mixin.py:190} INFO - [2025-07-15T16:29:52.880+0000] {dag.py:4180} INFO - Setting next_dagrun for consume_1_and_2_with_dataset_expressions to None, run_after=None
[2025-07-15T16:29:52.884+0000] {logging_mixin.py:190} INFO - [2025-07-15T16:29:52.883+0000] {dag.py:4180} INFO - Setting next_dagrun for consume_1_or_2_with_dataset_expressions to None, run_after=None
[2025-07-15T16:29:52.886+0000] {logging_mixin.py:190} INFO - [2025-07-15T16:29:52.886+0000] {dag.py:4180} INFO - Setting next_dagrun for consume_1_or_both_2_and_3_with_dataset_expressions to None, run_after=None
[2025-07-15T16:29:52.888+0000] {logging_mixin.py:190} INFO - [2025-07-15T16:29:52.888+0000] {dag.py:4180} INFO - Setting next_dagrun for dataset_consumes_1 to None, run_after=None
[2025-07-15T16:29:52.889+0000] {logging_mixin.py:190} INFO - [2025-07-15T16:29:52.889+0000] {dag.py:4180} INFO - Setting next_dagrun for dataset_consumes_1_and_2 to None, run_after=None
[2025-07-15T16:29:52.891+0000] {logging_mixin.py:190} INFO - [2025-07-15T16:29:52.891+0000] {dag.py:4180} INFO - Setting next_dagrun for dataset_consumes_1_never_scheduled to None, run_after=None
[2025-07-15T16:29:52.894+0000] {logging_mixin.py:190} INFO - [2025-07-15T16:29:52.894+0000] {dag.py:4180} INFO - Setting next_dagrun for dataset_consumes_unknown_never_scheduled to None, run_after=None
[2025-07-15T16:29:52.899+0000] {logging_mixin.py:190} INFO - [2025-07-15T16:29:52.898+0000] {dag.py:4180} INFO - Setting next_dagrun for dataset_produces_1 to 2025-07-14 00:00:00+00:00, run_after=2025-07-15 00:00:00+00:00
[2025-07-15T16:29:52.902+0000] {logging_mixin.py:190} INFO - [2025-07-15T16:29:52.901+0000] {dag.py:4180} INFO - Setting next_dagrun for dataset_produces_2 to None, run_after=None
[2025-07-15T16:29:52.999+0000] {processor.py:208} INFO - Processing /home/airflow/.local/lib/python3.12/site-packages/airflow/example_dags/example_datasets.py took 0.455 seconds
[2025-07-15T16:30:23.434+0000] {processor.py:186} INFO - Started process (PID=6530) to work on /home/airflow/.local/lib/python3.12/site-packages/airflow/example_dags/example_datasets.py
[2025-07-15T16:30:23.439+0000] {processor.py:914} INFO - Processing file /home/airflow/.local/lib/python3.12/site-packages/airflow/example_dags/example_datasets.py for tasks to queue
[2025-07-15T16:30:23.451+0000] {logging_mixin.py:190} INFO - [2025-07-15T16:30:23.450+0000] {dagbag.py:588} INFO - Filling up the DagBag from /home/airflow/.local/lib/python3.12/site-packages/airflow/example_dags/example_datasets.py
[2025-07-15T16:30:23.702+0000] {processor.py:925} INFO - DAG(s) 'dataset_produces_1', 'consume_1_or_2_with_dataset_expressions', 'dataset_consumes_1', 'dataset_consumes_1_and_2', 'conditional_dataset_and_time_based_timetable', 'dataset_consumes_1_never_scheduled', 'consume_1_or_both_2_and_3_with_dataset_expressions', 'dataset_consumes_unknown_never_scheduled', 'consume_1_and_2_with_dataset_expressions', 'dataset_produces_2' retrieved from /home/airflow/.local/lib/python3.12/site-packages/airflow/example_dags/example_datasets.py
[2025-07-15T16:30:23.751+0000] {logging_mixin.py:190} INFO - [2025-07-15T16:30:23.750+0000] {dag.py:3239} INFO - Sync 10 DAGs
[2025-07-15T16:30:23.783+0000] {logging_mixin.py:190} INFO - [2025-07-15T16:30:23.783+0000] {dag.py:4180} INFO - Setting next_dagrun for conditional_dataset_and_time_based_timetable to 2025-07-09 01:00:00+00:00, run_after=2025-07-09 01:00:00+00:00
[2025-07-15T16:30:23.788+0000] {logging_mixin.py:190} INFO - [2025-07-15T16:30:23.788+0000] {dag.py:4180} INFO - Setting next_dagrun for consume_1_and_2_with_dataset_expressions to None, run_after=None
[2025-07-15T16:30:23.788+0000] {logging_mixin.py:190} INFO - [2025-07-15T16:30:23.788+0000] {dag.py:4180} INFO - Setting next_dagrun for consume_1_or_2_with_dataset_expressions to None, run_after=None
[2025-07-15T16:30:23.791+0000] {logging_mixin.py:190} INFO - [2025-07-15T16:30:23.791+0000] {dag.py:4180} INFO - Setting next_dagrun for consume_1_or_both_2_and_3_with_dataset_expressions to None, run_after=None
[2025-07-15T16:30:23.791+0000] {logging_mixin.py:190} INFO - [2025-07-15T16:30:23.791+0000] {dag.py:4180} INFO - Setting next_dagrun for dataset_consumes_1 to None, run_after=None
[2025-07-15T16:30:23.792+0000] {logging_mixin.py:190} INFO - [2025-07-15T16:30:23.792+0000] {dag.py:4180} INFO - Setting next_dagrun for dataset_consumes_1_and_2 to None, run_after=None
[2025-07-15T16:30:23.793+0000] {logging_mixin.py:190} INFO - [2025-07-15T16:30:23.793+0000] {dag.py:4180} INFO - Setting next_dagrun for dataset_consumes_1_never_scheduled to None, run_after=None
[2025-07-15T16:30:23.795+0000] {logging_mixin.py:190} INFO - [2025-07-15T16:30:23.795+0000] {dag.py:4180} INFO - Setting next_dagrun for dataset_consumes_unknown_never_scheduled to None, run_after=None
[2025-07-15T16:30:23.798+0000] {logging_mixin.py:190} INFO - [2025-07-15T16:30:23.797+0000] {dag.py:4180} INFO - Setting next_dagrun for dataset_produces_1 to 2025-07-14 00:00:00+00:00, run_after=2025-07-15 00:00:00+00:00
[2025-07-15T16:30:23.799+0000] {logging_mixin.py:190} INFO - [2025-07-15T16:30:23.799+0000] {dag.py:4180} INFO - Setting next_dagrun for dataset_produces_2 to None, run_after=None
[2025-07-15T16:30:23.826+0000] {processor.py:208} INFO - Processing /home/airflow/.local/lib/python3.12/site-packages/airflow/example_dags/example_datasets.py took 0.418 seconds
[2025-07-15T16:30:54.295+0000] {processor.py:186} INFO - Started process (PID=6592) to work on /home/airflow/.local/lib/python3.12/site-packages/airflow/example_dags/example_datasets.py
[2025-07-15T16:30:54.295+0000] {processor.py:914} INFO - Processing file /home/airflow/.local/lib/python3.12/site-packages/airflow/example_dags/example_datasets.py for tasks to queue
[2025-07-15T16:30:54.297+0000] {logging_mixin.py:190} INFO - [2025-07-15T16:30:54.296+0000] {dagbag.py:588} INFO - Filling up the DagBag from /home/airflow/.local/lib/python3.12/site-packages/airflow/example_dags/example_datasets.py
[2025-07-15T16:30:54.426+0000] {processor.py:925} INFO - DAG(s) 'dataset_produces_2', 'dataset_produces_1', 'dataset_consumes_1', 'dataset_consumes_unknown_never_scheduled', 'consume_1_and_2_with_dataset_expressions', 'dataset_consumes_1_never_scheduled', 'consume_1_or_both_2_and_3_with_dataset_expressions', 'conditional_dataset_and_time_based_timetable', 'consume_1_or_2_with_dataset_expressions', 'dataset_consumes_1_and_2' retrieved from /home/airflow/.local/lib/python3.12/site-packages/airflow/example_dags/example_datasets.py
[2025-07-15T16:30:54.461+0000] {logging_mixin.py:190} INFO - [2025-07-15T16:30:54.461+0000] {dag.py:3239} INFO - Sync 10 DAGs
[2025-07-15T16:30:54.477+0000] {logging_mixin.py:190} INFO - [2025-07-15T16:30:54.477+0000] {dag.py:4180} INFO - Setting next_dagrun for conditional_dataset_and_time_based_timetable to 2025-07-09 01:00:00+00:00, run_after=2025-07-09 01:00:00+00:00
[2025-07-15T16:30:54.479+0000] {logging_mixin.py:190} INFO - [2025-07-15T16:30:54.479+0000] {dag.py:4180} INFO - Setting next_dagrun for consume_1_and_2_with_dataset_expressions to None, run_after=None
[2025-07-15T16:30:54.480+0000] {logging_mixin.py:190} INFO - [2025-07-15T16:30:54.480+0000] {dag.py:4180} INFO - Setting next_dagrun for consume_1_or_2_with_dataset_expressions to None, run_after=None
[2025-07-15T16:30:54.481+0000] {logging_mixin.py:190} INFO - [2025-07-15T16:30:54.481+0000] {dag.py:4180} INFO - Setting next_dagrun for consume_1_or_both_2_and_3_with_dataset_expressions to None, run_after=None
[2025-07-15T16:30:54.481+0000] {logging_mixin.py:190} INFO - [2025-07-15T16:30:54.481+0000] {dag.py:4180} INFO - Setting next_dagrun for dataset_consumes_1 to None, run_after=None
[2025-07-15T16:30:54.482+0000] {logging_mixin.py:190} INFO - [2025-07-15T16:30:54.482+0000] {dag.py:4180} INFO - Setting next_dagrun for dataset_consumes_1_and_2 to None, run_after=None
[2025-07-15T16:30:54.482+0000] {logging_mixin.py:190} INFO - [2025-07-15T16:30:54.482+0000] {dag.py:4180} INFO - Setting next_dagrun for dataset_consumes_1_never_scheduled to None, run_after=None
[2025-07-15T16:30:54.483+0000] {logging_mixin.py:190} INFO - [2025-07-15T16:30:54.483+0000] {dag.py:4180} INFO - Setting next_dagrun for dataset_consumes_unknown_never_scheduled to None, run_after=None
[2025-07-15T16:30:54.484+0000] {logging_mixin.py:190} INFO - [2025-07-15T16:30:54.484+0000] {dag.py:4180} INFO - Setting next_dagrun for dataset_produces_1 to 2025-07-14 00:00:00+00:00, run_after=2025-07-15 00:00:00+00:00
[2025-07-15T16:30:54.484+0000] {logging_mixin.py:190} INFO - [2025-07-15T16:30:54.484+0000] {dag.py:4180} INFO - Setting next_dagrun for dataset_produces_2 to None, run_after=None
[2025-07-15T16:30:54.513+0000] {processor.py:208} INFO - Processing /home/airflow/.local/lib/python3.12/site-packages/airflow/example_dags/example_datasets.py took 0.223 seconds
[2025-07-15T16:31:24.895+0000] {processor.py:186} INFO - Started process (PID=6654) to work on /home/airflow/.local/lib/python3.12/site-packages/airflow/example_dags/example_datasets.py
[2025-07-15T16:31:24.897+0000] {processor.py:914} INFO - Processing file /home/airflow/.local/lib/python3.12/site-packages/airflow/example_dags/example_datasets.py for tasks to queue
[2025-07-15T16:31:24.900+0000] {logging_mixin.py:190} INFO - [2025-07-15T16:31:24.899+0000] {dagbag.py:588} INFO - Filling up the DagBag from /home/airflow/.local/lib/python3.12/site-packages/airflow/example_dags/example_datasets.py
[2025-07-15T16:31:25.202+0000] {processor.py:925} INFO - DAG(s) 'consume_1_or_both_2_and_3_with_dataset_expressions', 'dataset_produces_2', 'consume_1_and_2_with_dataset_expressions', 'dataset_consumes_1_and_2', 'dataset_consumes_unknown_never_scheduled', 'dataset_consumes_1', 'dataset_produces_1', 'consume_1_or_2_with_dataset_expressions', 'dataset_consumes_1_never_scheduled', 'conditional_dataset_and_time_based_timetable' retrieved from /home/airflow/.local/lib/python3.12/site-packages/airflow/example_dags/example_datasets.py
[2025-07-15T16:31:25.244+0000] {logging_mixin.py:190} INFO - [2025-07-15T16:31:25.243+0000] {dag.py:3239} INFO - Sync 10 DAGs
[2025-07-15T16:31:25.286+0000] {logging_mixin.py:190} INFO - [2025-07-15T16:31:25.286+0000] {dag.py:4180} INFO - Setting next_dagrun for conditional_dataset_and_time_based_timetable to 2025-07-09 01:00:00+00:00, run_after=2025-07-09 01:00:00+00:00
[2025-07-15T16:31:25.293+0000] {logging_mixin.py:190} INFO - [2025-07-15T16:31:25.293+0000] {dag.py:4180} INFO - Setting next_dagrun for consume_1_and_2_with_dataset_expressions to None, run_after=None
[2025-07-15T16:31:25.295+0000] {logging_mixin.py:190} INFO - [2025-07-15T16:31:25.295+0000] {dag.py:4180} INFO - Setting next_dagrun for consume_1_or_2_with_dataset_expressions to None, run_after=None
[2025-07-15T16:31:25.296+0000] {logging_mixin.py:190} INFO - [2025-07-15T16:31:25.296+0000] {dag.py:4180} INFO - Setting next_dagrun for consume_1_or_both_2_and_3_with_dataset_expressions to None, run_after=None
[2025-07-15T16:31:25.297+0000] {logging_mixin.py:190} INFO - [2025-07-15T16:31:25.296+0000] {dag.py:4180} INFO - Setting next_dagrun for dataset_consumes_1 to None, run_after=None
[2025-07-15T16:31:25.299+0000] {logging_mixin.py:190} INFO - [2025-07-15T16:31:25.298+0000] {dag.py:4180} INFO - Setting next_dagrun for dataset_consumes_1_and_2 to None, run_after=None
[2025-07-15T16:31:25.300+0000] {logging_mixin.py:190} INFO - [2025-07-15T16:31:25.300+0000] {dag.py:4180} INFO - Setting next_dagrun for dataset_consumes_1_never_scheduled to None, run_after=None
[2025-07-15T16:31:25.301+0000] {logging_mixin.py:190} INFO - [2025-07-15T16:31:25.301+0000] {dag.py:4180} INFO - Setting next_dagrun for dataset_consumes_unknown_never_scheduled to None, run_after=None
[2025-07-15T16:31:25.302+0000] {logging_mixin.py:190} INFO - [2025-07-15T16:31:25.302+0000] {dag.py:4180} INFO - Setting next_dagrun for dataset_produces_1 to 2025-07-14 00:00:00+00:00, run_after=2025-07-15 00:00:00+00:00
[2025-07-15T16:31:25.303+0000] {logging_mixin.py:190} INFO - [2025-07-15T16:31:25.303+0000] {dag.py:4180} INFO - Setting next_dagrun for dataset_produces_2 to None, run_after=None
[2025-07-15T16:31:25.333+0000] {processor.py:208} INFO - Processing /home/airflow/.local/lib/python3.12/site-packages/airflow/example_dags/example_datasets.py took 0.446 seconds
[2025-07-15T16:31:55.530+0000] {processor.py:186} INFO - Started process (PID=6716) to work on /home/airflow/.local/lib/python3.12/site-packages/airflow/example_dags/example_datasets.py
[2025-07-15T16:31:55.531+0000] {processor.py:914} INFO - Processing file /home/airflow/.local/lib/python3.12/site-packages/airflow/example_dags/example_datasets.py for tasks to queue
[2025-07-15T16:31:55.533+0000] {logging_mixin.py:190} INFO - [2025-07-15T16:31:55.533+0000] {dagbag.py:588} INFO - Filling up the DagBag from /home/airflow/.local/lib/python3.12/site-packages/airflow/example_dags/example_datasets.py
[2025-07-15T16:31:55.621+0000] {processor.py:925} INFO - DAG(s) 'dataset_consumes_1', 'consume_1_and_2_with_dataset_expressions', 'dataset_consumes_1_never_scheduled', 'conditional_dataset_and_time_based_timetable', 'dataset_consumes_unknown_never_scheduled', 'dataset_consumes_1_and_2', 'dataset_produces_1', 'consume_1_or_2_with_dataset_expressions', 'consume_1_or_both_2_and_3_with_dataset_expressions', 'dataset_produces_2' retrieved from /home/airflow/.local/lib/python3.12/site-packages/airflow/example_dags/example_datasets.py
[2025-07-15T16:31:55.653+0000] {logging_mixin.py:190} INFO - [2025-07-15T16:31:55.653+0000] {dag.py:3239} INFO - Sync 10 DAGs
[2025-07-15T16:31:55.670+0000] {logging_mixin.py:190} INFO - [2025-07-15T16:31:55.670+0000] {dag.py:4180} INFO - Setting next_dagrun for conditional_dataset_and_time_based_timetable to 2025-07-09 01:00:00+00:00, run_after=2025-07-09 01:00:00+00:00
[2025-07-15T16:31:55.672+0000] {logging_mixin.py:190} INFO - [2025-07-15T16:31:55.672+0000] {dag.py:4180} INFO - Setting next_dagrun for consume_1_and_2_with_dataset_expressions to None, run_after=None
[2025-07-15T16:31:55.673+0000] {logging_mixin.py:190} INFO - [2025-07-15T16:31:55.673+0000] {dag.py:4180} INFO - Setting next_dagrun for consume_1_or_2_with_dataset_expressions to None, run_after=None
[2025-07-15T16:31:55.674+0000] {logging_mixin.py:190} INFO - [2025-07-15T16:31:55.674+0000] {dag.py:4180} INFO - Setting next_dagrun for consume_1_or_both_2_and_3_with_dataset_expressions to None, run_after=None
[2025-07-15T16:31:55.676+0000] {logging_mixin.py:190} INFO - [2025-07-15T16:31:55.676+0000] {dag.py:4180} INFO - Setting next_dagrun for dataset_consumes_1 to None, run_after=None
[2025-07-15T16:31:55.678+0000] {logging_mixin.py:190} INFO - [2025-07-15T16:31:55.677+0000] {dag.py:4180} INFO - Setting next_dagrun for dataset_consumes_1_and_2 to None, run_after=None
[2025-07-15T16:31:55.683+0000] {logging_mixin.py:190} INFO - [2025-07-15T16:31:55.682+0000] {dag.py:4180} INFO - Setting next_dagrun for dataset_consumes_1_never_scheduled to None, run_after=None
[2025-07-15T16:31:55.685+0000] {logging_mixin.py:190} INFO - [2025-07-15T16:31:55.685+0000] {dag.py:4180} INFO - Setting next_dagrun for dataset_consumes_unknown_never_scheduled to None, run_after=None
[2025-07-15T16:31:55.687+0000] {logging_mixin.py:190} INFO - [2025-07-15T16:31:55.687+0000] {dag.py:4180} INFO - Setting next_dagrun for dataset_produces_1 to 2025-07-14 00:00:00+00:00, run_after=2025-07-15 00:00:00+00:00
[2025-07-15T16:31:55.688+0000] {logging_mixin.py:190} INFO - [2025-07-15T16:31:55.688+0000] {dag.py:4180} INFO - Setting next_dagrun for dataset_produces_2 to None, run_after=None
[2025-07-15T16:31:55.708+0000] {processor.py:208} INFO - Processing /home/airflow/.local/lib/python3.12/site-packages/airflow/example_dags/example_datasets.py took 0.181 seconds
[2025-07-15T16:32:26.361+0000] {processor.py:186} INFO - Started process (PID=6779) to work on /home/airflow/.local/lib/python3.12/site-packages/airflow/example_dags/example_datasets.py
[2025-07-15T16:32:26.362+0000] {processor.py:914} INFO - Processing file /home/airflow/.local/lib/python3.12/site-packages/airflow/example_dags/example_datasets.py for tasks to queue
[2025-07-15T16:32:26.363+0000] {logging_mixin.py:190} INFO - [2025-07-15T16:32:26.363+0000] {dagbag.py:588} INFO - Filling up the DagBag from /home/airflow/.local/lib/python3.12/site-packages/airflow/example_dags/example_datasets.py
[2025-07-15T16:32:26.432+0000] {processor.py:925} INFO - DAG(s) 'consume_1_or_2_with_dataset_expressions', 'consume_1_and_2_with_dataset_expressions', 'dataset_consumes_unknown_never_scheduled', 'dataset_consumes_1_never_scheduled', 'consume_1_or_both_2_and_3_with_dataset_expressions', 'dataset_consumes_1', 'dataset_produces_2', 'conditional_dataset_and_time_based_timetable', 'dataset_consumes_1_and_2', 'dataset_produces_1' retrieved from /home/airflow/.local/lib/python3.12/site-packages/airflow/example_dags/example_datasets.py
[2025-07-15T16:32:26.450+0000] {logging_mixin.py:190} INFO - [2025-07-15T16:32:26.450+0000] {dag.py:3239} INFO - Sync 10 DAGs
[2025-07-15T16:32:26.462+0000] {logging_mixin.py:190} INFO - [2025-07-15T16:32:26.462+0000] {dag.py:4180} INFO - Setting next_dagrun for conditional_dataset_and_time_based_timetable to 2025-07-09 01:00:00+00:00, run_after=2025-07-09 01:00:00+00:00
[2025-07-15T16:32:26.463+0000] {logging_mixin.py:190} INFO - [2025-07-15T16:32:26.463+0000] {dag.py:4180} INFO - Setting next_dagrun for consume_1_and_2_with_dataset_expressions to None, run_after=None
[2025-07-15T16:32:26.464+0000] {logging_mixin.py:190} INFO - [2025-07-15T16:32:26.464+0000] {dag.py:4180} INFO - Setting next_dagrun for consume_1_or_2_with_dataset_expressions to None, run_after=None
[2025-07-15T16:32:26.465+0000] {logging_mixin.py:190} INFO - [2025-07-15T16:32:26.464+0000] {dag.py:4180} INFO - Setting next_dagrun for consume_1_or_both_2_and_3_with_dataset_expressions to None, run_after=None
[2025-07-15T16:32:26.465+0000] {logging_mixin.py:190} INFO - [2025-07-15T16:32:26.465+0000] {dag.py:4180} INFO - Setting next_dagrun for dataset_consumes_1 to None, run_after=None
[2025-07-15T16:32:26.466+0000] {logging_mixin.py:190} INFO - [2025-07-15T16:32:26.466+0000] {dag.py:4180} INFO - Setting next_dagrun for dataset_consumes_1_and_2 to None, run_after=None
[2025-07-15T16:32:26.466+0000] {logging_mixin.py:190} INFO - [2025-07-15T16:32:26.466+0000] {dag.py:4180} INFO - Setting next_dagrun for dataset_consumes_1_never_scheduled to None, run_after=None
[2025-07-15T16:32:26.466+0000] {logging_mixin.py:190} INFO - [2025-07-15T16:32:26.466+0000] {dag.py:4180} INFO - Setting next_dagrun for dataset_consumes_unknown_never_scheduled to None, run_after=None
[2025-07-15T16:32:26.467+0000] {logging_mixin.py:190} INFO - [2025-07-15T16:32:26.467+0000] {dag.py:4180} INFO - Setting next_dagrun for dataset_produces_1 to 2025-07-14 00:00:00+00:00, run_after=2025-07-15 00:00:00+00:00
[2025-07-15T16:32:26.468+0000] {logging_mixin.py:190} INFO - [2025-07-15T16:32:26.468+0000] {dag.py:4180} INFO - Setting next_dagrun for dataset_produces_2 to None, run_after=None
[2025-07-15T16:32:26.481+0000] {processor.py:208} INFO - Processing /home/airflow/.local/lib/python3.12/site-packages/airflow/example_dags/example_datasets.py took 0.123 seconds
[2025-07-15T16:32:56.933+0000] {processor.py:186} INFO - Started process (PID=6840) to work on /home/airflow/.local/lib/python3.12/site-packages/airflow/example_dags/example_datasets.py
[2025-07-15T16:32:56.934+0000] {processor.py:914} INFO - Processing file /home/airflow/.local/lib/python3.12/site-packages/airflow/example_dags/example_datasets.py for tasks to queue
[2025-07-15T16:32:56.935+0000] {logging_mixin.py:190} INFO - [2025-07-15T16:32:56.935+0000] {dagbag.py:588} INFO - Filling up the DagBag from /home/airflow/.local/lib/python3.12/site-packages/airflow/example_dags/example_datasets.py
[2025-07-15T16:32:57.027+0000] {processor.py:925} INFO - DAG(s) 'dataset_consumes_1_and_2', 'dataset_produces_1', 'dataset_consumes_1', 'consume_1_or_2_with_dataset_expressions', 'dataset_consumes_unknown_never_scheduled', 'consume_1_and_2_with_dataset_expressions', 'dataset_consumes_1_never_scheduled', 'consume_1_or_both_2_and_3_with_dataset_expressions', 'conditional_dataset_and_time_based_timetable', 'dataset_produces_2' retrieved from /home/airflow/.local/lib/python3.12/site-packages/airflow/example_dags/example_datasets.py
[2025-07-15T16:32:57.048+0000] {logging_mixin.py:190} INFO - [2025-07-15T16:32:57.048+0000] {dag.py:3239} INFO - Sync 10 DAGs
[2025-07-15T16:32:57.065+0000] {logging_mixin.py:190} INFO - [2025-07-15T16:32:57.064+0000] {dag.py:4180} INFO - Setting next_dagrun for conditional_dataset_and_time_based_timetable to 2025-07-09 01:00:00+00:00, run_after=2025-07-09 01:00:00+00:00
[2025-07-15T16:32:57.067+0000] {logging_mixin.py:190} INFO - [2025-07-15T16:32:57.067+0000] {dag.py:4180} INFO - Setting next_dagrun for consume_1_and_2_with_dataset_expressions to None, run_after=None
[2025-07-15T16:32:57.069+0000] {logging_mixin.py:190} INFO - [2025-07-15T16:32:57.068+0000] {dag.py:4180} INFO - Setting next_dagrun for consume_1_or_2_with_dataset_expressions to None, run_after=None
[2025-07-15T16:32:57.069+0000] {logging_mixin.py:190} INFO - [2025-07-15T16:32:57.069+0000] {dag.py:4180} INFO - Setting next_dagrun for consume_1_or_both_2_and_3_with_dataset_expressions to None, run_after=None
[2025-07-15T16:32:57.070+0000] {logging_mixin.py:190} INFO - [2025-07-15T16:32:57.070+0000] {dag.py:4180} INFO - Setting next_dagrun for dataset_consumes_1 to None, run_after=None
[2025-07-15T16:32:57.072+0000] {logging_mixin.py:190} INFO - [2025-07-15T16:32:57.072+0000] {dag.py:4180} INFO - Setting next_dagrun for dataset_consumes_1_and_2 to None, run_after=None
[2025-07-15T16:32:57.073+0000] {logging_mixin.py:190} INFO - [2025-07-15T16:32:57.073+0000] {dag.py:4180} INFO - Setting next_dagrun for dataset_consumes_1_never_scheduled to None, run_after=None
[2025-07-15T16:32:57.074+0000] {logging_mixin.py:190} INFO - [2025-07-15T16:32:57.074+0000] {dag.py:4180} INFO - Setting next_dagrun for dataset_consumes_unknown_never_scheduled to None, run_after=None
[2025-07-15T16:32:57.076+0000] {logging_mixin.py:190} INFO - [2025-07-15T16:32:57.075+0000] {dag.py:4180} INFO - Setting next_dagrun for dataset_produces_1 to 2025-07-14 00:00:00+00:00, run_after=2025-07-15 00:00:00+00:00
[2025-07-15T16:32:57.077+0000] {logging_mixin.py:190} INFO - [2025-07-15T16:32:57.077+0000] {dag.py:4180} INFO - Setting next_dagrun for dataset_produces_2 to None, run_after=None
[2025-07-15T16:32:57.102+0000] {processor.py:208} INFO - Processing /home/airflow/.local/lib/python3.12/site-packages/airflow/example_dags/example_datasets.py took 0.172 seconds
[2025-07-15T16:33:28.263+0000] {processor.py:186} INFO - Started process (PID=6902) to work on /home/airflow/.local/lib/python3.12/site-packages/airflow/example_dags/example_datasets.py
[2025-07-15T16:33:28.265+0000] {processor.py:914} INFO - Processing file /home/airflow/.local/lib/python3.12/site-packages/airflow/example_dags/example_datasets.py for tasks to queue
[2025-07-15T16:33:28.266+0000] {logging_mixin.py:190} INFO - [2025-07-15T16:33:28.266+0000] {dagbag.py:588} INFO - Filling up the DagBag from /home/airflow/.local/lib/python3.12/site-packages/airflow/example_dags/example_datasets.py
[2025-07-15T16:33:28.382+0000] {processor.py:925} INFO - DAG(s) 'consume_1_or_2_with_dataset_expressions', 'dataset_produces_2', 'dataset_produces_1', 'dataset_consumes_unknown_never_scheduled', 'dataset_consumes_1_never_scheduled', 'dataset_consumes_1_and_2', 'dataset_consumes_1', 'consume_1_or_both_2_and_3_with_dataset_expressions', 'consume_1_and_2_with_dataset_expressions', 'conditional_dataset_and_time_based_timetable' retrieved from /home/airflow/.local/lib/python3.12/site-packages/airflow/example_dags/example_datasets.py
[2025-07-15T16:33:28.415+0000] {logging_mixin.py:190} INFO - [2025-07-15T16:33:28.415+0000] {dag.py:3239} INFO - Sync 10 DAGs
[2025-07-15T16:33:28.435+0000] {logging_mixin.py:190} INFO - [2025-07-15T16:33:28.435+0000] {dag.py:4180} INFO - Setting next_dagrun for conditional_dataset_and_time_based_timetable to 2025-07-09 01:00:00+00:00, run_after=2025-07-09 01:00:00+00:00
[2025-07-15T16:33:28.437+0000] {logging_mixin.py:190} INFO - [2025-07-15T16:33:28.437+0000] {dag.py:4180} INFO - Setting next_dagrun for consume_1_and_2_with_dataset_expressions to None, run_after=None
[2025-07-15T16:33:28.438+0000] {logging_mixin.py:190} INFO - [2025-07-15T16:33:28.438+0000] {dag.py:4180} INFO - Setting next_dagrun for consume_1_or_2_with_dataset_expressions to None, run_after=None
[2025-07-15T16:33:28.438+0000] {logging_mixin.py:190} INFO - [2025-07-15T16:33:28.438+0000] {dag.py:4180} INFO - Setting next_dagrun for consume_1_or_both_2_and_3_with_dataset_expressions to None, run_after=None
[2025-07-15T16:33:28.439+0000] {logging_mixin.py:190} INFO - [2025-07-15T16:33:28.439+0000] {dag.py:4180} INFO - Setting next_dagrun for dataset_consumes_1 to None, run_after=None
[2025-07-15T16:33:28.440+0000] {logging_mixin.py:190} INFO - [2025-07-15T16:33:28.440+0000] {dag.py:4180} INFO - Setting next_dagrun for dataset_consumes_1_and_2 to None, run_after=None
[2025-07-15T16:33:28.444+0000] {logging_mixin.py:190} INFO - [2025-07-15T16:33:28.444+0000] {dag.py:4180} INFO - Setting next_dagrun for dataset_consumes_1_never_scheduled to None, run_after=None
[2025-07-15T16:33:28.445+0000] {logging_mixin.py:190} INFO - [2025-07-15T16:33:28.445+0000] {dag.py:4180} INFO - Setting next_dagrun for dataset_consumes_unknown_never_scheduled to None, run_after=None
[2025-07-15T16:33:28.447+0000] {logging_mixin.py:190} INFO - [2025-07-15T16:33:28.447+0000] {dag.py:4180} INFO - Setting next_dagrun for dataset_produces_1 to 2025-07-14 00:00:00+00:00, run_after=2025-07-15 00:00:00+00:00
[2025-07-15T16:33:28.448+0000] {logging_mixin.py:190} INFO - [2025-07-15T16:33:28.448+0000] {dag.py:4180} INFO - Setting next_dagrun for dataset_produces_2 to None, run_after=None
[2025-07-15T16:33:28.467+0000] {processor.py:208} INFO - Processing /home/airflow/.local/lib/python3.12/site-packages/airflow/example_dags/example_datasets.py took 0.209 seconds
[2025-07-15T16:33:59.492+0000] {processor.py:186} INFO - Started process (PID=6970) to work on /home/airflow/.local/lib/python3.12/site-packages/airflow/example_dags/example_datasets.py
[2025-07-15T16:33:59.494+0000] {processor.py:914} INFO - Processing file /home/airflow/.local/lib/python3.12/site-packages/airflow/example_dags/example_datasets.py for tasks to queue
[2025-07-15T16:33:59.495+0000] {logging_mixin.py:190} INFO - [2025-07-15T16:33:59.495+0000] {dagbag.py:588} INFO - Filling up the DagBag from /home/airflow/.local/lib/python3.12/site-packages/airflow/example_dags/example_datasets.py
[2025-07-15T16:33:59.587+0000] {processor.py:925} INFO - DAG(s) 'dataset_produces_2', 'dataset_consumes_1_never_scheduled', 'dataset_consumes_1_and_2', 'conditional_dataset_and_time_based_timetable', 'consume_1_or_both_2_and_3_with_dataset_expressions', 'dataset_consumes_1', 'dataset_produces_1', 'consume_1_and_2_with_dataset_expressions', 'dataset_consumes_unknown_never_scheduled', 'consume_1_or_2_with_dataset_expressions' retrieved from /home/airflow/.local/lib/python3.12/site-packages/airflow/example_dags/example_datasets.py
[2025-07-15T16:33:59.610+0000] {logging_mixin.py:190} INFO - [2025-07-15T16:33:59.610+0000] {dag.py:3239} INFO - Sync 10 DAGs
[2025-07-15T16:33:59.631+0000] {logging_mixin.py:190} INFO - [2025-07-15T16:33:59.630+0000] {dag.py:4180} INFO - Setting next_dagrun for conditional_dataset_and_time_based_timetable to 2025-07-09 01:00:00+00:00, run_after=2025-07-09 01:00:00+00:00
[2025-07-15T16:33:59.636+0000] {logging_mixin.py:190} INFO - [2025-07-15T16:33:59.635+0000] {dag.py:4180} INFO - Setting next_dagrun for consume_1_and_2_with_dataset_expressions to None, run_after=None
[2025-07-15T16:33:59.637+0000] {logging_mixin.py:190} INFO - [2025-07-15T16:33:59.637+0000] {dag.py:4180} INFO - Setting next_dagrun for consume_1_or_2_with_dataset_expressions to None, run_after=None
[2025-07-15T16:33:59.640+0000] {logging_mixin.py:190} INFO - [2025-07-15T16:33:59.640+0000] {dag.py:4180} INFO - Setting next_dagrun for consume_1_or_both_2_and_3_with_dataset_expressions to None, run_after=None
[2025-07-15T16:33:59.640+0000] {logging_mixin.py:190} INFO - [2025-07-15T16:33:59.640+0000] {dag.py:4180} INFO - Setting next_dagrun for dataset_consumes_1 to None, run_after=None
[2025-07-15T16:33:59.641+0000] {logging_mixin.py:190} INFO - [2025-07-15T16:33:59.641+0000] {dag.py:4180} INFO - Setting next_dagrun for dataset_consumes_1_and_2 to None, run_after=None
[2025-07-15T16:33:59.642+0000] {logging_mixin.py:190} INFO - [2025-07-15T16:33:59.642+0000] {dag.py:4180} INFO - Setting next_dagrun for dataset_consumes_1_never_scheduled to None, run_after=None
[2025-07-15T16:33:59.643+0000] {logging_mixin.py:190} INFO - [2025-07-15T16:33:59.643+0000] {dag.py:4180} INFO - Setting next_dagrun for dataset_consumes_unknown_never_scheduled to None, run_after=None
[2025-07-15T16:33:59.644+0000] {logging_mixin.py:190} INFO - [2025-07-15T16:33:59.644+0000] {dag.py:4180} INFO - Setting next_dagrun for dataset_produces_1 to 2025-07-14 00:00:00+00:00, run_after=2025-07-15 00:00:00+00:00
[2025-07-15T16:33:59.646+0000] {logging_mixin.py:190} INFO - [2025-07-15T16:33:59.646+0000] {dag.py:4180} INFO - Setting next_dagrun for dataset_produces_2 to None, run_after=None
[2025-07-15T16:33:59.666+0000] {processor.py:208} INFO - Processing /home/airflow/.local/lib/python3.12/site-packages/airflow/example_dags/example_datasets.py took 0.183 seconds
[2025-07-15T16:34:30.711+0000] {processor.py:186} INFO - Started process (PID=7032) to work on /home/airflow/.local/lib/python3.12/site-packages/airflow/example_dags/example_datasets.py
[2025-07-15T16:34:30.712+0000] {processor.py:914} INFO - Processing file /home/airflow/.local/lib/python3.12/site-packages/airflow/example_dags/example_datasets.py for tasks to queue
[2025-07-15T16:34:30.713+0000] {logging_mixin.py:190} INFO - [2025-07-15T16:34:30.713+0000] {dagbag.py:588} INFO - Filling up the DagBag from /home/airflow/.local/lib/python3.12/site-packages/airflow/example_dags/example_datasets.py
[2025-07-15T16:34:30.807+0000] {processor.py:925} INFO - DAG(s) 'dataset_consumes_1_and_2', 'conditional_dataset_and_time_based_timetable', 'dataset_consumes_1_never_scheduled', 'dataset_consumes_unknown_never_scheduled', 'consume_1_or_2_with_dataset_expressions', 'dataset_produces_1', 'consume_1_or_both_2_and_3_with_dataset_expressions', 'dataset_consumes_1', 'dataset_produces_2', 'consume_1_and_2_with_dataset_expressions' retrieved from /home/airflow/.local/lib/python3.12/site-packages/airflow/example_dags/example_datasets.py
[2025-07-15T16:34:30.827+0000] {logging_mixin.py:190} INFO - [2025-07-15T16:34:30.827+0000] {dag.py:3239} INFO - Sync 10 DAGs
[2025-07-15T16:34:30.842+0000] {logging_mixin.py:190} INFO - [2025-07-15T16:34:30.841+0000] {dag.py:4180} INFO - Setting next_dagrun for conditional_dataset_and_time_based_timetable to 2025-07-09 01:00:00+00:00, run_after=2025-07-09 01:00:00+00:00
[2025-07-15T16:34:30.844+0000] {logging_mixin.py:190} INFO - [2025-07-15T16:34:30.843+0000] {dag.py:4180} INFO - Setting next_dagrun for consume_1_and_2_with_dataset_expressions to None, run_after=None
[2025-07-15T16:34:30.844+0000] {logging_mixin.py:190} INFO - [2025-07-15T16:34:30.844+0000] {dag.py:4180} INFO - Setting next_dagrun for consume_1_or_2_with_dataset_expressions to None, run_after=None
[2025-07-15T16:34:30.846+0000] {logging_mixin.py:190} INFO - [2025-07-15T16:34:30.846+0000] {dag.py:4180} INFO - Setting next_dagrun for consume_1_or_both_2_and_3_with_dataset_expressions to None, run_after=None
[2025-07-15T16:34:30.847+0000] {logging_mixin.py:190} INFO - [2025-07-15T16:34:30.847+0000] {dag.py:4180} INFO - Setting next_dagrun for dataset_consumes_1 to None, run_after=None
[2025-07-15T16:34:30.848+0000] {logging_mixin.py:190} INFO - [2025-07-15T16:34:30.848+0000] {dag.py:4180} INFO - Setting next_dagrun for dataset_consumes_1_and_2 to None, run_after=None
[2025-07-15T16:34:30.849+0000] {logging_mixin.py:190} INFO - [2025-07-15T16:34:30.849+0000] {dag.py:4180} INFO - Setting next_dagrun for dataset_consumes_1_never_scheduled to None, run_after=None
[2025-07-15T16:34:30.850+0000] {logging_mixin.py:190} INFO - [2025-07-15T16:34:30.850+0000] {dag.py:4180} INFO - Setting next_dagrun for dataset_consumes_unknown_never_scheduled to None, run_after=None
[2025-07-15T16:34:30.852+0000] {logging_mixin.py:190} INFO - [2025-07-15T16:34:30.852+0000] {dag.py:4180} INFO - Setting next_dagrun for dataset_produces_1 to 2025-07-14 00:00:00+00:00, run_after=2025-07-15 00:00:00+00:00
[2025-07-15T16:34:30.853+0000] {logging_mixin.py:190} INFO - [2025-07-15T16:34:30.853+0000] {dag.py:4180} INFO - Setting next_dagrun for dataset_produces_2 to None, run_after=None
[2025-07-15T16:34:30.874+0000] {processor.py:208} INFO - Processing /home/airflow/.local/lib/python3.12/site-packages/airflow/example_dags/example_datasets.py took 0.171 seconds
[2025-07-15T16:35:01.769+0000] {processor.py:186} INFO - Started process (PID=7094) to work on /home/airflow/.local/lib/python3.12/site-packages/airflow/example_dags/example_datasets.py
[2025-07-15T16:35:01.770+0000] {processor.py:914} INFO - Processing file /home/airflow/.local/lib/python3.12/site-packages/airflow/example_dags/example_datasets.py for tasks to queue
[2025-07-15T16:35:01.775+0000] {logging_mixin.py:190} INFO - [2025-07-15T16:35:01.774+0000] {dagbag.py:588} INFO - Filling up the DagBag from /home/airflow/.local/lib/python3.12/site-packages/airflow/example_dags/example_datasets.py
[2025-07-15T16:35:01.948+0000] {processor.py:925} INFO - DAG(s) 'conditional_dataset_and_time_based_timetable', 'consume_1_and_2_with_dataset_expressions', 'dataset_consumes_1_and_2', 'dataset_consumes_1', 'consume_1_or_both_2_and_3_with_dataset_expressions', 'dataset_consumes_1_never_scheduled', 'dataset_produces_2', 'dataset_produces_1', 'dataset_consumes_unknown_never_scheduled', 'consume_1_or_2_with_dataset_expressions' retrieved from /home/airflow/.local/lib/python3.12/site-packages/airflow/example_dags/example_datasets.py
[2025-07-15T16:35:01.970+0000] {logging_mixin.py:190} INFO - [2025-07-15T16:35:01.970+0000] {dag.py:3239} INFO - Sync 10 DAGs
[2025-07-15T16:35:01.987+0000] {logging_mixin.py:190} INFO - [2025-07-15T16:35:01.987+0000] {dag.py:4180} INFO - Setting next_dagrun for conditional_dataset_and_time_based_timetable to 2025-07-09 01:00:00+00:00, run_after=2025-07-09 01:00:00+00:00
[2025-07-15T16:35:01.990+0000] {logging_mixin.py:190} INFO - [2025-07-15T16:35:01.990+0000] {dag.py:4180} INFO - Setting next_dagrun for consume_1_and_2_with_dataset_expressions to None, run_after=None
[2025-07-15T16:35:01.991+0000] {logging_mixin.py:190} INFO - [2025-07-15T16:35:01.991+0000] {dag.py:4180} INFO - Setting next_dagrun for consume_1_or_2_with_dataset_expressions to None, run_after=None
[2025-07-15T16:35:01.991+0000] {logging_mixin.py:190} INFO - [2025-07-15T16:35:01.991+0000] {dag.py:4180} INFO - Setting next_dagrun for consume_1_or_both_2_and_3_with_dataset_expressions to None, run_after=None
[2025-07-15T16:35:01.992+0000] {logging_mixin.py:190} INFO - [2025-07-15T16:35:01.992+0000] {dag.py:4180} INFO - Setting next_dagrun for dataset_consumes_1 to None, run_after=None
[2025-07-15T16:35:01.993+0000] {logging_mixin.py:190} INFO - [2025-07-15T16:35:01.993+0000] {dag.py:4180} INFO - Setting next_dagrun for dataset_consumes_1_and_2 to None, run_after=None
[2025-07-15T16:35:01.993+0000] {logging_mixin.py:190} INFO - [2025-07-15T16:35:01.993+0000] {dag.py:4180} INFO - Setting next_dagrun for dataset_consumes_1_never_scheduled to None, run_after=None
[2025-07-15T16:35:01.994+0000] {logging_mixin.py:190} INFO - [2025-07-15T16:35:01.994+0000] {dag.py:4180} INFO - Setting next_dagrun for dataset_consumes_unknown_never_scheduled to None, run_after=None
[2025-07-15T16:35:01.995+0000] {logging_mixin.py:190} INFO - [2025-07-15T16:35:01.995+0000] {dag.py:4180} INFO - Setting next_dagrun for dataset_produces_1 to 2025-07-14 00:00:00+00:00, run_after=2025-07-15 00:00:00+00:00
[2025-07-15T16:35:01.997+0000] {logging_mixin.py:190} INFO - [2025-07-15T16:35:01.997+0000] {dag.py:4180} INFO - Setting next_dagrun for dataset_produces_2 to None, run_after=None
[2025-07-15T16:35:02.028+0000] {processor.py:208} INFO - Processing /home/airflow/.local/lib/python3.12/site-packages/airflow/example_dags/example_datasets.py took 0.262 seconds
[2025-07-15T16:35:33.678+0000] {processor.py:186} INFO - Started process (PID=7155) to work on /home/airflow/.local/lib/python3.12/site-packages/airflow/example_dags/example_datasets.py
[2025-07-15T16:35:33.679+0000] {processor.py:914} INFO - Processing file /home/airflow/.local/lib/python3.12/site-packages/airflow/example_dags/example_datasets.py for tasks to queue
[2025-07-15T16:35:33.680+0000] {logging_mixin.py:190} INFO - [2025-07-15T16:35:33.680+0000] {dagbag.py:588} INFO - Filling up the DagBag from /home/airflow/.local/lib/python3.12/site-packages/airflow/example_dags/example_datasets.py
[2025-07-15T16:35:33.836+0000] {processor.py:925} INFO - DAG(s) 'consume_1_and_2_with_dataset_expressions', 'dataset_produces_2', 'dataset_consumes_unknown_never_scheduled', 'dataset_consumes_1_never_scheduled', 'conditional_dataset_and_time_based_timetable', 'dataset_consumes_1_and_2', 'dataset_consumes_1', 'consume_1_or_2_with_dataset_expressions', 'consume_1_or_both_2_and_3_with_dataset_expressions', 'dataset_produces_1' retrieved from /home/airflow/.local/lib/python3.12/site-packages/airflow/example_dags/example_datasets.py
[2025-07-15T16:35:33.872+0000] {logging_mixin.py:190} INFO - [2025-07-15T16:35:33.872+0000] {dag.py:3239} INFO - Sync 10 DAGs
[2025-07-15T16:35:33.889+0000] {logging_mixin.py:190} INFO - [2025-07-15T16:35:33.889+0000] {dag.py:4180} INFO - Setting next_dagrun for conditional_dataset_and_time_based_timetable to 2025-07-09 01:00:00+00:00, run_after=2025-07-09 01:00:00+00:00
[2025-07-15T16:35:33.892+0000] {logging_mixin.py:190} INFO - [2025-07-15T16:35:33.892+0000] {dag.py:4180} INFO - Setting next_dagrun for consume_1_and_2_with_dataset_expressions to None, run_after=None
[2025-07-15T16:35:33.893+0000] {logging_mixin.py:190} INFO - [2025-07-15T16:35:33.893+0000] {dag.py:4180} INFO - Setting next_dagrun for consume_1_or_2_with_dataset_expressions to None, run_after=None
[2025-07-15T16:35:33.894+0000] {logging_mixin.py:190} INFO - [2025-07-15T16:35:33.894+0000] {dag.py:4180} INFO - Setting next_dagrun for consume_1_or_both_2_and_3_with_dataset_expressions to None, run_after=None
[2025-07-15T16:35:33.895+0000] {logging_mixin.py:190} INFO - [2025-07-15T16:35:33.895+0000] {dag.py:4180} INFO - Setting next_dagrun for dataset_consumes_1 to None, run_after=None
[2025-07-15T16:35:33.896+0000] {logging_mixin.py:190} INFO - [2025-07-15T16:35:33.896+0000] {dag.py:4180} INFO - Setting next_dagrun for dataset_consumes_1_and_2 to None, run_after=None
[2025-07-15T16:35:33.898+0000] {logging_mixin.py:190} INFO - [2025-07-15T16:35:33.898+0000] {dag.py:4180} INFO - Setting next_dagrun for dataset_consumes_1_never_scheduled to None, run_after=None
[2025-07-15T16:35:33.899+0000] {logging_mixin.py:190} INFO - [2025-07-15T16:35:33.899+0000] {dag.py:4180} INFO - Setting next_dagrun for dataset_consumes_unknown_never_scheduled to None, run_after=None
[2025-07-15T16:35:33.900+0000] {logging_mixin.py:190} INFO - [2025-07-15T16:35:33.900+0000] {dag.py:4180} INFO - Setting next_dagrun for dataset_produces_1 to 2025-07-14 00:00:00+00:00, run_after=2025-07-15 00:00:00+00:00
[2025-07-15T16:35:33.900+0000] {logging_mixin.py:190} INFO - [2025-07-15T16:35:33.900+0000] {dag.py:4180} INFO - Setting next_dagrun for dataset_produces_2 to None, run_after=None
[2025-07-15T16:35:33.938+0000] {processor.py:208} INFO - Processing /home/airflow/.local/lib/python3.12/site-packages/airflow/example_dags/example_datasets.py took 0.265 seconds
[2025-07-15T16:36:04.914+0000] {processor.py:186} INFO - Started process (PID=7217) to work on /home/airflow/.local/lib/python3.12/site-packages/airflow/example_dags/example_datasets.py
[2025-07-15T16:36:04.922+0000] {processor.py:914} INFO - Processing file /home/airflow/.local/lib/python3.12/site-packages/airflow/example_dags/example_datasets.py for tasks to queue
[2025-07-15T16:36:04.925+0000] {logging_mixin.py:190} INFO - [2025-07-15T16:36:04.925+0000] {dagbag.py:588} INFO - Filling up the DagBag from /home/airflow/.local/lib/python3.12/site-packages/airflow/example_dags/example_datasets.py
[2025-07-15T16:36:05.060+0000] {processor.py:925} INFO - DAG(s) 'conditional_dataset_and_time_based_timetable', 'dataset_produces_1', 'consume_1_and_2_with_dataset_expressions', 'dataset_consumes_1_never_scheduled', 'dataset_consumes_unknown_never_scheduled', 'dataset_consumes_1', 'dataset_consumes_1_and_2', 'consume_1_or_both_2_and_3_with_dataset_expressions', 'dataset_produces_2', 'consume_1_or_2_with_dataset_expressions' retrieved from /home/airflow/.local/lib/python3.12/site-packages/airflow/example_dags/example_datasets.py
[2025-07-15T16:36:05.091+0000] {logging_mixin.py:190} INFO - [2025-07-15T16:36:05.090+0000] {dag.py:3239} INFO - Sync 10 DAGs
[2025-07-15T16:36:05.111+0000] {logging_mixin.py:190} INFO - [2025-07-15T16:36:05.111+0000] {dag.py:4180} INFO - Setting next_dagrun for conditional_dataset_and_time_based_timetable to 2025-07-09 01:00:00+00:00, run_after=2025-07-09 01:00:00+00:00
[2025-07-15T16:36:05.113+0000] {logging_mixin.py:190} INFO - [2025-07-15T16:36:05.113+0000] {dag.py:4180} INFO - Setting next_dagrun for consume_1_and_2_with_dataset_expressions to None, run_after=None
[2025-07-15T16:36:05.114+0000] {logging_mixin.py:190} INFO - [2025-07-15T16:36:05.114+0000] {dag.py:4180} INFO - Setting next_dagrun for consume_1_or_2_with_dataset_expressions to None, run_after=None
[2025-07-15T16:36:05.115+0000] {logging_mixin.py:190} INFO - [2025-07-15T16:36:05.114+0000] {dag.py:4180} INFO - Setting next_dagrun for consume_1_or_both_2_and_3_with_dataset_expressions to None, run_after=None
[2025-07-15T16:36:05.115+0000] {logging_mixin.py:190} INFO - [2025-07-15T16:36:05.115+0000] {dag.py:4180} INFO - Setting next_dagrun for dataset_consumes_1 to None, run_after=None
[2025-07-15T16:36:05.116+0000] {logging_mixin.py:190} INFO - [2025-07-15T16:36:05.116+0000] {dag.py:4180} INFO - Setting next_dagrun for dataset_consumes_1_and_2 to None, run_after=None
[2025-07-15T16:36:05.116+0000] {logging_mixin.py:190} INFO - [2025-07-15T16:36:05.116+0000] {dag.py:4180} INFO - Setting next_dagrun for dataset_consumes_1_never_scheduled to None, run_after=None
[2025-07-15T16:36:05.117+0000] {logging_mixin.py:190} INFO - [2025-07-15T16:36:05.117+0000] {dag.py:4180} INFO - Setting next_dagrun for dataset_consumes_unknown_never_scheduled to None, run_after=None
[2025-07-15T16:36:05.118+0000] {logging_mixin.py:190} INFO - [2025-07-15T16:36:05.118+0000] {dag.py:4180} INFO - Setting next_dagrun for dataset_produces_1 to 2025-07-14 00:00:00+00:00, run_after=2025-07-15 00:00:00+00:00
[2025-07-15T16:36:05.119+0000] {logging_mixin.py:190} INFO - [2025-07-15T16:36:05.119+0000] {dag.py:4180} INFO - Setting next_dagrun for dataset_produces_2 to None, run_after=None
[2025-07-15T16:36:05.143+0000] {processor.py:208} INFO - Processing /home/airflow/.local/lib/python3.12/site-packages/airflow/example_dags/example_datasets.py took 0.238 seconds
[2025-07-15T16:36:35.450+0000] {processor.py:186} INFO - Started process (PID=7281) to work on /home/airflow/.local/lib/python3.12/site-packages/airflow/example_dags/example_datasets.py
[2025-07-15T16:36:35.451+0000] {processor.py:914} INFO - Processing file /home/airflow/.local/lib/python3.12/site-packages/airflow/example_dags/example_datasets.py for tasks to queue
[2025-07-15T16:36:35.452+0000] {logging_mixin.py:190} INFO - [2025-07-15T16:36:35.452+0000] {dagbag.py:588} INFO - Filling up the DagBag from /home/airflow/.local/lib/python3.12/site-packages/airflow/example_dags/example_datasets.py
[2025-07-15T16:36:35.555+0000] {processor.py:925} INFO - DAG(s) 'dataset_consumes_1_and_2', 'conditional_dataset_and_time_based_timetable', 'dataset_produces_1', 'dataset_consumes_1_never_scheduled', 'consume_1_or_2_with_dataset_expressions', 'consume_1_or_both_2_and_3_with_dataset_expressions', 'dataset_produces_2', 'consume_1_and_2_with_dataset_expressions', 'dataset_consumes_unknown_never_scheduled', 'dataset_consumes_1' retrieved from /home/airflow/.local/lib/python3.12/site-packages/airflow/example_dags/example_datasets.py
[2025-07-15T16:36:35.583+0000] {logging_mixin.py:190} INFO - [2025-07-15T16:36:35.583+0000] {dag.py:3239} INFO - Sync 10 DAGs
[2025-07-15T16:36:35.598+0000] {logging_mixin.py:190} INFO - [2025-07-15T16:36:35.598+0000] {dag.py:4180} INFO - Setting next_dagrun for conditional_dataset_and_time_based_timetable to 2025-07-09 01:00:00+00:00, run_after=2025-07-09 01:00:00+00:00
[2025-07-15T16:36:35.600+0000] {logging_mixin.py:190} INFO - [2025-07-15T16:36:35.600+0000] {dag.py:4180} INFO - Setting next_dagrun for consume_1_and_2_with_dataset_expressions to None, run_after=None
[2025-07-15T16:36:35.601+0000] {logging_mixin.py:190} INFO - [2025-07-15T16:36:35.600+0000] {dag.py:4180} INFO - Setting next_dagrun for consume_1_or_2_with_dataset_expressions to None, run_after=None
[2025-07-15T16:36:35.603+0000] {logging_mixin.py:190} INFO - [2025-07-15T16:36:35.603+0000] {dag.py:4180} INFO - Setting next_dagrun for consume_1_or_both_2_and_3_with_dataset_expressions to None, run_after=None
[2025-07-15T16:36:35.605+0000] {logging_mixin.py:190} INFO - [2025-07-15T16:36:35.605+0000] {dag.py:4180} INFO - Setting next_dagrun for dataset_consumes_1 to None, run_after=None
[2025-07-15T16:36:35.606+0000] {logging_mixin.py:190} INFO - [2025-07-15T16:36:35.605+0000] {dag.py:4180} INFO - Setting next_dagrun for dataset_consumes_1_and_2 to None, run_after=None
[2025-07-15T16:36:35.606+0000] {logging_mixin.py:190} INFO - [2025-07-15T16:36:35.606+0000] {dag.py:4180} INFO - Setting next_dagrun for dataset_consumes_1_never_scheduled to None, run_after=None
[2025-07-15T16:36:35.606+0000] {logging_mixin.py:190} INFO - [2025-07-15T16:36:35.606+0000] {dag.py:4180} INFO - Setting next_dagrun for dataset_consumes_unknown_never_scheduled to None, run_after=None
[2025-07-15T16:36:35.608+0000] {logging_mixin.py:190} INFO - [2025-07-15T16:36:35.608+0000] {dag.py:4180} INFO - Setting next_dagrun for dataset_produces_1 to 2025-07-14 00:00:00+00:00, run_after=2025-07-15 00:00:00+00:00
[2025-07-15T16:36:35.609+0000] {logging_mixin.py:190} INFO - [2025-07-15T16:36:35.609+0000] {dag.py:4180} INFO - Setting next_dagrun for dataset_produces_2 to None, run_after=None
[2025-07-15T16:36:35.628+0000] {processor.py:208} INFO - Processing /home/airflow/.local/lib/python3.12/site-packages/airflow/example_dags/example_datasets.py took 0.187 seconds
[2025-07-15T16:37:06.376+0000] {processor.py:186} INFO - Started process (PID=7344) to work on /home/airflow/.local/lib/python3.12/site-packages/airflow/example_dags/example_datasets.py
[2025-07-15T16:37:06.378+0000] {processor.py:914} INFO - Processing file /home/airflow/.local/lib/python3.12/site-packages/airflow/example_dags/example_datasets.py for tasks to queue
[2025-07-15T16:37:06.381+0000] {logging_mixin.py:190} INFO - [2025-07-15T16:37:06.381+0000] {dagbag.py:588} INFO - Filling up the DagBag from /home/airflow/.local/lib/python3.12/site-packages/airflow/example_dags/example_datasets.py
[2025-07-15T16:37:06.487+0000] {processor.py:925} INFO - DAG(s) 'dataset_consumes_1_and_2', 'conditional_dataset_and_time_based_timetable', 'dataset_produces_2', 'dataset_produces_1', 'consume_1_and_2_with_dataset_expressions', 'consume_1_or_2_with_dataset_expressions', 'consume_1_or_both_2_and_3_with_dataset_expressions', 'dataset_consumes_1', 'dataset_consumes_1_never_scheduled', 'dataset_consumes_unknown_never_scheduled' retrieved from /home/airflow/.local/lib/python3.12/site-packages/airflow/example_dags/example_datasets.py
[2025-07-15T16:37:06.522+0000] {logging_mixin.py:190} INFO - [2025-07-15T16:37:06.522+0000] {dag.py:3239} INFO - Sync 10 DAGs
[2025-07-15T16:37:06.541+0000] {logging_mixin.py:190} INFO - [2025-07-15T16:37:06.541+0000] {dag.py:4180} INFO - Setting next_dagrun for conditional_dataset_and_time_based_timetable to 2025-07-09 01:00:00+00:00, run_after=2025-07-09 01:00:00+00:00
[2025-07-15T16:37:06.543+0000] {logging_mixin.py:190} INFO - [2025-07-15T16:37:06.543+0000] {dag.py:4180} INFO - Setting next_dagrun for consume_1_and_2_with_dataset_expressions to None, run_after=None
[2025-07-15T16:37:06.544+0000] {logging_mixin.py:190} INFO - [2025-07-15T16:37:06.544+0000] {dag.py:4180} INFO - Setting next_dagrun for consume_1_or_2_with_dataset_expressions to None, run_after=None
[2025-07-15T16:37:06.545+0000] {logging_mixin.py:190} INFO - [2025-07-15T16:37:06.544+0000] {dag.py:4180} INFO - Setting next_dagrun for consume_1_or_both_2_and_3_with_dataset_expressions to None, run_after=None
[2025-07-15T16:37:06.545+0000] {logging_mixin.py:190} INFO - [2025-07-15T16:37:06.545+0000] {dag.py:4180} INFO - Setting next_dagrun for dataset_consumes_1 to None, run_after=None
[2025-07-15T16:37:06.546+0000] {logging_mixin.py:190} INFO - [2025-07-15T16:37:06.546+0000] {dag.py:4180} INFO - Setting next_dagrun for dataset_consumes_1_and_2 to None, run_after=None
[2025-07-15T16:37:06.547+0000] {logging_mixin.py:190} INFO - [2025-07-15T16:37:06.546+0000] {dag.py:4180} INFO - Setting next_dagrun for dataset_consumes_1_never_scheduled to None, run_after=None
[2025-07-15T16:37:06.547+0000] {logging_mixin.py:190} INFO - [2025-07-15T16:37:06.547+0000] {dag.py:4180} INFO - Setting next_dagrun for dataset_consumes_unknown_never_scheduled to None, run_after=None
[2025-07-15T16:37:06.548+0000] {logging_mixin.py:190} INFO - [2025-07-15T16:37:06.548+0000] {dag.py:4180} INFO - Setting next_dagrun for dataset_produces_1 to 2025-07-14 00:00:00+00:00, run_after=2025-07-15 00:00:00+00:00
[2025-07-15T16:37:06.549+0000] {logging_mixin.py:190} INFO - [2025-07-15T16:37:06.549+0000] {dag.py:4180} INFO - Setting next_dagrun for dataset_produces_2 to None, run_after=None
[2025-07-15T16:37:06.565+0000] {processor.py:208} INFO - Processing /home/airflow/.local/lib/python3.12/site-packages/airflow/example_dags/example_datasets.py took 0.198 seconds
[2025-07-15T16:37:38.014+0000] {processor.py:186} INFO - Started process (PID=7406) to work on /home/airflow/.local/lib/python3.12/site-packages/airflow/example_dags/example_datasets.py
[2025-07-15T16:37:38.015+0000] {processor.py:914} INFO - Processing file /home/airflow/.local/lib/python3.12/site-packages/airflow/example_dags/example_datasets.py for tasks to queue
[2025-07-15T16:37:38.018+0000] {logging_mixin.py:190} INFO - [2025-07-15T16:37:38.017+0000] {dagbag.py:588} INFO - Filling up the DagBag from /home/airflow/.local/lib/python3.12/site-packages/airflow/example_dags/example_datasets.py
[2025-07-15T16:37:38.174+0000] {processor.py:925} INFO - DAG(s) 'dataset_produces_2', 'dataset_produces_1', 'dataset_consumes_1_and_2', 'conditional_dataset_and_time_based_timetable', 'dataset_consumes_1_never_scheduled', 'dataset_consumes_unknown_never_scheduled', 'dataset_consumes_1', 'consume_1_or_2_with_dataset_expressions', 'consume_1_and_2_with_dataset_expressions', 'consume_1_or_both_2_and_3_with_dataset_expressions' retrieved from /home/airflow/.local/lib/python3.12/site-packages/airflow/example_dags/example_datasets.py
[2025-07-15T16:37:38.202+0000] {logging_mixin.py:190} INFO - [2025-07-15T16:37:38.201+0000] {dag.py:3239} INFO - Sync 10 DAGs
[2025-07-15T16:37:38.224+0000] {logging_mixin.py:190} INFO - [2025-07-15T16:37:38.224+0000] {dag.py:4180} INFO - Setting next_dagrun for conditional_dataset_and_time_based_timetable to 2025-07-09 01:00:00+00:00, run_after=2025-07-09 01:00:00+00:00
[2025-07-15T16:37:38.226+0000] {logging_mixin.py:190} INFO - [2025-07-15T16:37:38.226+0000] {dag.py:4180} INFO - Setting next_dagrun for consume_1_and_2_with_dataset_expressions to None, run_after=None
[2025-07-15T16:37:38.227+0000] {logging_mixin.py:190} INFO - [2025-07-15T16:37:38.227+0000] {dag.py:4180} INFO - Setting next_dagrun for consume_1_or_2_with_dataset_expressions to None, run_after=None
[2025-07-15T16:37:38.228+0000] {logging_mixin.py:190} INFO - [2025-07-15T16:37:38.228+0000] {dag.py:4180} INFO - Setting next_dagrun for consume_1_or_both_2_and_3_with_dataset_expressions to None, run_after=None
[2025-07-15T16:37:38.228+0000] {logging_mixin.py:190} INFO - [2025-07-15T16:37:38.228+0000] {dag.py:4180} INFO - Setting next_dagrun for dataset_consumes_1 to None, run_after=None
[2025-07-15T16:37:38.229+0000] {logging_mixin.py:190} INFO - [2025-07-15T16:37:38.229+0000] {dag.py:4180} INFO - Setting next_dagrun for dataset_consumes_1_and_2 to None, run_after=None
[2025-07-15T16:37:38.230+0000] {logging_mixin.py:190} INFO - [2025-07-15T16:37:38.230+0000] {dag.py:4180} INFO - Setting next_dagrun for dataset_consumes_1_never_scheduled to None, run_after=None
[2025-07-15T16:37:38.230+0000] {logging_mixin.py:190} INFO - [2025-07-15T16:37:38.230+0000] {dag.py:4180} INFO - Setting next_dagrun for dataset_consumes_unknown_never_scheduled to None, run_after=None
[2025-07-15T16:37:38.232+0000] {logging_mixin.py:190} INFO - [2025-07-15T16:37:38.232+0000] {dag.py:4180} INFO - Setting next_dagrun for dataset_produces_1 to 2025-07-14 00:00:00+00:00, run_after=2025-07-15 00:00:00+00:00
[2025-07-15T16:37:38.233+0000] {logging_mixin.py:190} INFO - [2025-07-15T16:37:38.232+0000] {dag.py:4180} INFO - Setting next_dagrun for dataset_produces_2 to None, run_after=None
[2025-07-15T16:37:38.258+0000] {processor.py:208} INFO - Processing /home/airflow/.local/lib/python3.12/site-packages/airflow/example_dags/example_datasets.py took 0.249 seconds
[2025-07-15T16:38:08.316+0000] {processor.py:186} INFO - Started process (PID=7469) to work on /home/airflow/.local/lib/python3.12/site-packages/airflow/example_dags/example_datasets.py
[2025-07-15T16:38:08.317+0000] {processor.py:914} INFO - Processing file /home/airflow/.local/lib/python3.12/site-packages/airflow/example_dags/example_datasets.py for tasks to queue
[2025-07-15T16:38:08.319+0000] {logging_mixin.py:190} INFO - [2025-07-15T16:38:08.319+0000] {dagbag.py:588} INFO - Filling up the DagBag from /home/airflow/.local/lib/python3.12/site-packages/airflow/example_dags/example_datasets.py
[2025-07-15T16:38:08.418+0000] {processor.py:925} INFO - DAG(s) 'consume_1_or_2_with_dataset_expressions', 'dataset_produces_1', 'conditional_dataset_and_time_based_timetable', 'dataset_consumes_1_and_2', 'consume_1_and_2_with_dataset_expressions', 'dataset_consumes_1', 'consume_1_or_both_2_and_3_with_dataset_expressions', 'dataset_consumes_1_never_scheduled', 'dataset_consumes_unknown_never_scheduled', 'dataset_produces_2' retrieved from /home/airflow/.local/lib/python3.12/site-packages/airflow/example_dags/example_datasets.py
[2025-07-15T16:38:08.445+0000] {logging_mixin.py:190} INFO - [2025-07-15T16:38:08.445+0000] {dag.py:3239} INFO - Sync 10 DAGs
[2025-07-15T16:38:08.462+0000] {logging_mixin.py:190} INFO - [2025-07-15T16:38:08.462+0000] {dag.py:4180} INFO - Setting next_dagrun for conditional_dataset_and_time_based_timetable to 2025-07-09 01:00:00+00:00, run_after=2025-07-09 01:00:00+00:00
[2025-07-15T16:38:08.464+0000] {logging_mixin.py:190} INFO - [2025-07-15T16:38:08.464+0000] {dag.py:4180} INFO - Setting next_dagrun for consume_1_and_2_with_dataset_expressions to None, run_after=None
[2025-07-15T16:38:08.465+0000] {logging_mixin.py:190} INFO - [2025-07-15T16:38:08.465+0000] {dag.py:4180} INFO - Setting next_dagrun for consume_1_or_2_with_dataset_expressions to None, run_after=None
[2025-07-15T16:38:08.465+0000] {logging_mixin.py:190} INFO - [2025-07-15T16:38:08.465+0000] {dag.py:4180} INFO - Setting next_dagrun for consume_1_or_both_2_and_3_with_dataset_expressions to None, run_after=None
[2025-07-15T16:38:08.466+0000] {logging_mixin.py:190} INFO - [2025-07-15T16:38:08.466+0000] {dag.py:4180} INFO - Setting next_dagrun for dataset_consumes_1 to None, run_after=None
[2025-07-15T16:38:08.467+0000] {logging_mixin.py:190} INFO - [2025-07-15T16:38:08.466+0000] {dag.py:4180} INFO - Setting next_dagrun for dataset_consumes_1_and_2 to None, run_after=None
[2025-07-15T16:38:08.467+0000] {logging_mixin.py:190} INFO - [2025-07-15T16:38:08.467+0000] {dag.py:4180} INFO - Setting next_dagrun for dataset_consumes_1_never_scheduled to None, run_after=None
[2025-07-15T16:38:08.468+0000] {logging_mixin.py:190} INFO - [2025-07-15T16:38:08.468+0000] {dag.py:4180} INFO - Setting next_dagrun for dataset_consumes_unknown_never_scheduled to None, run_after=None
[2025-07-15T16:38:08.469+0000] {logging_mixin.py:190} INFO - [2025-07-15T16:38:08.468+0000] {dag.py:4180} INFO - Setting next_dagrun for dataset_produces_1 to 2025-07-14 00:00:00+00:00, run_after=2025-07-15 00:00:00+00:00
[2025-07-15T16:38:08.469+0000] {logging_mixin.py:190} INFO - [2025-07-15T16:38:08.469+0000] {dag.py:4180} INFO - Setting next_dagrun for dataset_produces_2 to None, run_after=None
[2025-07-15T16:38:08.493+0000] {processor.py:208} INFO - Processing /home/airflow/.local/lib/python3.12/site-packages/airflow/example_dags/example_datasets.py took 0.181 seconds
[2025-07-15T16:38:39.011+0000] {processor.py:186} INFO - Started process (PID=7532) to work on /home/airflow/.local/lib/python3.12/site-packages/airflow/example_dags/example_datasets.py
[2025-07-15T16:38:39.011+0000] {processor.py:914} INFO - Processing file /home/airflow/.local/lib/python3.12/site-packages/airflow/example_dags/example_datasets.py for tasks to queue
[2025-07-15T16:38:39.016+0000] {logging_mixin.py:190} INFO - [2025-07-15T16:38:39.016+0000] {dagbag.py:588} INFO - Filling up the DagBag from /home/airflow/.local/lib/python3.12/site-packages/airflow/example_dags/example_datasets.py
[2025-07-15T16:38:39.182+0000] {processor.py:925} INFO - DAG(s) 'dataset_produces_2', 'dataset_consumes_unknown_never_scheduled', 'conditional_dataset_and_time_based_timetable', 'consume_1_or_both_2_and_3_with_dataset_expressions', 'dataset_consumes_1', 'consume_1_and_2_with_dataset_expressions', 'dataset_consumes_1_never_scheduled', 'dataset_produces_1', 'consume_1_or_2_with_dataset_expressions', 'dataset_consumes_1_and_2' retrieved from /home/airflow/.local/lib/python3.12/site-packages/airflow/example_dags/example_datasets.py
[2025-07-15T16:38:39.234+0000] {logging_mixin.py:190} INFO - [2025-07-15T16:38:39.233+0000] {dag.py:3239} INFO - Sync 10 DAGs
[2025-07-15T16:38:39.255+0000] {logging_mixin.py:190} INFO - [2025-07-15T16:38:39.255+0000] {dag.py:4180} INFO - Setting next_dagrun for conditional_dataset_and_time_based_timetable to 2025-07-09 01:00:00+00:00, run_after=2025-07-09 01:00:00+00:00
[2025-07-15T16:38:39.258+0000] {logging_mixin.py:190} INFO - [2025-07-15T16:38:39.258+0000] {dag.py:4180} INFO - Setting next_dagrun for consume_1_and_2_with_dataset_expressions to None, run_after=None
[2025-07-15T16:38:39.259+0000] {logging_mixin.py:190} INFO - [2025-07-15T16:38:39.259+0000] {dag.py:4180} INFO - Setting next_dagrun for consume_1_or_2_with_dataset_expressions to None, run_after=None
[2025-07-15T16:38:39.260+0000] {logging_mixin.py:190} INFO - [2025-07-15T16:38:39.260+0000] {dag.py:4180} INFO - Setting next_dagrun for consume_1_or_both_2_and_3_with_dataset_expressions to None, run_after=None
[2025-07-15T16:38:39.261+0000] {logging_mixin.py:190} INFO - [2025-07-15T16:38:39.261+0000] {dag.py:4180} INFO - Setting next_dagrun for dataset_consumes_1 to None, run_after=None
[2025-07-15T16:38:39.261+0000] {logging_mixin.py:190} INFO - [2025-07-15T16:38:39.261+0000] {dag.py:4180} INFO - Setting next_dagrun for dataset_consumes_1_and_2 to None, run_after=None
[2025-07-15T16:38:39.262+0000] {logging_mixin.py:190} INFO - [2025-07-15T16:38:39.262+0000] {dag.py:4180} INFO - Setting next_dagrun for dataset_consumes_1_never_scheduled to None, run_after=None
[2025-07-15T16:38:39.266+0000] {logging_mixin.py:190} INFO - [2025-07-15T16:38:39.266+0000] {dag.py:4180} INFO - Setting next_dagrun for dataset_consumes_unknown_never_scheduled to None, run_after=None
[2025-07-15T16:38:39.268+0000] {logging_mixin.py:190} INFO - [2025-07-15T16:38:39.268+0000] {dag.py:4180} INFO - Setting next_dagrun for dataset_produces_1 to 2025-07-14 00:00:00+00:00, run_after=2025-07-15 00:00:00+00:00
[2025-07-15T16:38:39.268+0000] {logging_mixin.py:190} INFO - [2025-07-15T16:38:39.268+0000] {dag.py:4180} INFO - Setting next_dagrun for dataset_produces_2 to None, run_after=None
[2025-07-15T16:38:39.330+0000] {processor.py:208} INFO - Processing /home/airflow/.local/lib/python3.12/site-packages/airflow/example_dags/example_datasets.py took 0.323 seconds
[2025-07-15T16:39:09.598+0000] {processor.py:186} INFO - Started process (PID=7593) to work on /home/airflow/.local/lib/python3.12/site-packages/airflow/example_dags/example_datasets.py
[2025-07-15T16:39:09.599+0000] {processor.py:914} INFO - Processing file /home/airflow/.local/lib/python3.12/site-packages/airflow/example_dags/example_datasets.py for tasks to queue
[2025-07-15T16:39:09.600+0000] {logging_mixin.py:190} INFO - [2025-07-15T16:39:09.600+0000] {dagbag.py:588} INFO - Filling up the DagBag from /home/airflow/.local/lib/python3.12/site-packages/airflow/example_dags/example_datasets.py
[2025-07-15T16:39:09.685+0000] {processor.py:925} INFO - DAG(s) 'dataset_consumes_1', 'consume_1_and_2_with_dataset_expressions', 'dataset_consumes_unknown_never_scheduled', 'dataset_produces_1', 'dataset_consumes_1_and_2', 'dataset_produces_2', 'conditional_dataset_and_time_based_timetable', 'consume_1_or_2_with_dataset_expressions', 'dataset_consumes_1_never_scheduled', 'consume_1_or_both_2_and_3_with_dataset_expressions' retrieved from /home/airflow/.local/lib/python3.12/site-packages/airflow/example_dags/example_datasets.py
[2025-07-15T16:39:09.722+0000] {logging_mixin.py:190} INFO - [2025-07-15T16:39:09.721+0000] {dag.py:3239} INFO - Sync 10 DAGs
[2025-07-15T16:39:09.746+0000] {logging_mixin.py:190} INFO - [2025-07-15T16:39:09.746+0000] {dag.py:4180} INFO - Setting next_dagrun for conditional_dataset_and_time_based_timetable to 2025-07-09 01:00:00+00:00, run_after=2025-07-09 01:00:00+00:00
[2025-07-15T16:39:09.749+0000] {logging_mixin.py:190} INFO - [2025-07-15T16:39:09.749+0000] {dag.py:4180} INFO - Setting next_dagrun for consume_1_and_2_with_dataset_expressions to None, run_after=None
[2025-07-15T16:39:09.750+0000] {logging_mixin.py:190} INFO - [2025-07-15T16:39:09.750+0000] {dag.py:4180} INFO - Setting next_dagrun for consume_1_or_2_with_dataset_expressions to None, run_after=None
[2025-07-15T16:39:09.751+0000] {logging_mixin.py:190} INFO - [2025-07-15T16:39:09.751+0000] {dag.py:4180} INFO - Setting next_dagrun for consume_1_or_both_2_and_3_with_dataset_expressions to None, run_after=None
[2025-07-15T16:39:09.752+0000] {logging_mixin.py:190} INFO - [2025-07-15T16:39:09.752+0000] {dag.py:4180} INFO - Setting next_dagrun for dataset_consumes_1 to None, run_after=None
[2025-07-15T16:39:09.754+0000] {logging_mixin.py:190} INFO - [2025-07-15T16:39:09.754+0000] {dag.py:4180} INFO - Setting next_dagrun for dataset_consumes_1_and_2 to None, run_after=None
[2025-07-15T16:39:09.755+0000] {logging_mixin.py:190} INFO - [2025-07-15T16:39:09.755+0000] {dag.py:4180} INFO - Setting next_dagrun for dataset_consumes_1_never_scheduled to None, run_after=None
[2025-07-15T16:39:09.755+0000] {logging_mixin.py:190} INFO - [2025-07-15T16:39:09.755+0000] {dag.py:4180} INFO - Setting next_dagrun for dataset_consumes_unknown_never_scheduled to None, run_after=None
[2025-07-15T16:39:09.757+0000] {logging_mixin.py:190} INFO - [2025-07-15T16:39:09.756+0000] {dag.py:4180} INFO - Setting next_dagrun for dataset_produces_1 to 2025-07-14 00:00:00+00:00, run_after=2025-07-15 00:00:00+00:00
[2025-07-15T16:39:09.757+0000] {logging_mixin.py:190} INFO - [2025-07-15T16:39:09.757+0000] {dag.py:4180} INFO - Setting next_dagrun for dataset_produces_2 to None, run_after=None
[2025-07-15T16:39:09.777+0000] {processor.py:208} INFO - Processing /home/airflow/.local/lib/python3.12/site-packages/airflow/example_dags/example_datasets.py took 0.183 seconds
[2025-07-15T16:39:40.779+0000] {processor.py:186} INFO - Started process (PID=7655) to work on /home/airflow/.local/lib/python3.12/site-packages/airflow/example_dags/example_datasets.py
[2025-07-15T16:39:40.780+0000] {processor.py:914} INFO - Processing file /home/airflow/.local/lib/python3.12/site-packages/airflow/example_dags/example_datasets.py for tasks to queue
[2025-07-15T16:39:40.783+0000] {logging_mixin.py:190} INFO - [2025-07-15T16:39:40.782+0000] {dagbag.py:588} INFO - Filling up the DagBag from /home/airflow/.local/lib/python3.12/site-packages/airflow/example_dags/example_datasets.py
[2025-07-15T16:39:40.883+0000] {processor.py:925} INFO - DAG(s) 'dataset_produces_2', 'consume_1_or_2_with_dataset_expressions', 'dataset_consumes_1_never_scheduled', 'consume_1_or_both_2_and_3_with_dataset_expressions', 'dataset_consumes_1', 'consume_1_and_2_with_dataset_expressions', 'dataset_consumes_1_and_2', 'dataset_produces_1', 'dataset_consumes_unknown_never_scheduled', 'conditional_dataset_and_time_based_timetable' retrieved from /home/airflow/.local/lib/python3.12/site-packages/airflow/example_dags/example_datasets.py
[2025-07-15T16:39:40.910+0000] {logging_mixin.py:190} INFO - [2025-07-15T16:39:40.910+0000] {dag.py:3239} INFO - Sync 10 DAGs
[2025-07-15T16:39:40.928+0000] {logging_mixin.py:190} INFO - [2025-07-15T16:39:40.928+0000] {dag.py:4180} INFO - Setting next_dagrun for conditional_dataset_and_time_based_timetable to 2025-07-09 01:00:00+00:00, run_after=2025-07-09 01:00:00+00:00
[2025-07-15T16:39:40.931+0000] {logging_mixin.py:190} INFO - [2025-07-15T16:39:40.931+0000] {dag.py:4180} INFO - Setting next_dagrun for consume_1_and_2_with_dataset_expressions to None, run_after=None
[2025-07-15T16:39:40.933+0000] {logging_mixin.py:190} INFO - [2025-07-15T16:39:40.933+0000] {dag.py:4180} INFO - Setting next_dagrun for consume_1_or_2_with_dataset_expressions to None, run_after=None
[2025-07-15T16:39:40.934+0000] {logging_mixin.py:190} INFO - [2025-07-15T16:39:40.934+0000] {dag.py:4180} INFO - Setting next_dagrun for consume_1_or_both_2_and_3_with_dataset_expressions to None, run_after=None
[2025-07-15T16:39:40.935+0000] {logging_mixin.py:190} INFO - [2025-07-15T16:39:40.935+0000] {dag.py:4180} INFO - Setting next_dagrun for dataset_consumes_1 to None, run_after=None
[2025-07-15T16:39:40.935+0000] {logging_mixin.py:190} INFO - [2025-07-15T16:39:40.935+0000] {dag.py:4180} INFO - Setting next_dagrun for dataset_consumes_1_and_2 to None, run_after=None
[2025-07-15T16:39:40.936+0000] {logging_mixin.py:190} INFO - [2025-07-15T16:39:40.936+0000] {dag.py:4180} INFO - Setting next_dagrun for dataset_consumes_1_never_scheduled to None, run_after=None
[2025-07-15T16:39:40.937+0000] {logging_mixin.py:190} INFO - [2025-07-15T16:39:40.937+0000] {dag.py:4180} INFO - Setting next_dagrun for dataset_consumes_unknown_never_scheduled to None, run_after=None
[2025-07-15T16:39:40.938+0000] {logging_mixin.py:190} INFO - [2025-07-15T16:39:40.938+0000] {dag.py:4180} INFO - Setting next_dagrun for dataset_produces_1 to 2025-07-14 00:00:00+00:00, run_after=2025-07-15 00:00:00+00:00
[2025-07-15T16:39:40.939+0000] {logging_mixin.py:190} INFO - [2025-07-15T16:39:40.939+0000] {dag.py:4180} INFO - Setting next_dagrun for dataset_produces_2 to None, run_after=None
[2025-07-15T16:39:42.830+0000] {processor.py:208} INFO - Processing /home/airflow/.local/lib/python3.12/site-packages/airflow/example_dags/example_datasets.py took 2.055 seconds
[2025-07-15T16:40:14.531+0000] {processor.py:186} INFO - Started process (PID=7737) to work on /home/airflow/.local/lib/python3.12/site-packages/airflow/example_dags/example_datasets.py
[2025-07-15T16:40:14.533+0000] {processor.py:914} INFO - Processing file /home/airflow/.local/lib/python3.12/site-packages/airflow/example_dags/example_datasets.py for tasks to queue
[2025-07-15T16:40:14.538+0000] {logging_mixin.py:190} INFO - [2025-07-15T16:40:14.537+0000] {dagbag.py:588} INFO - Filling up the DagBag from /home/airflow/.local/lib/python3.12/site-packages/airflow/example_dags/example_datasets.py
[2025-07-15T16:40:15.004+0000] {processor.py:925} INFO - DAG(s) 'dataset_consumes_1', 'dataset_produces_2', 'consume_1_or_2_with_dataset_expressions', 'dataset_consumes_1_never_scheduled', 'conditional_dataset_and_time_based_timetable', 'consume_1_and_2_with_dataset_expressions', 'dataset_produces_1', 'dataset_consumes_1_and_2', 'dataset_consumes_unknown_never_scheduled', 'consume_1_or_both_2_and_3_with_dataset_expressions' retrieved from /home/airflow/.local/lib/python3.12/site-packages/airflow/example_dags/example_datasets.py
[2025-07-15T16:40:15.145+0000] {logging_mixin.py:190} INFO - [2025-07-15T16:40:15.145+0000] {dag.py:3239} INFO - Sync 10 DAGs
[2025-07-15T16:40:15.195+0000] {logging_mixin.py:190} INFO - [2025-07-15T16:40:15.194+0000] {dag.py:4180} INFO - Setting next_dagrun for conditional_dataset_and_time_based_timetable to 2025-07-09 01:00:00+00:00, run_after=2025-07-09 01:00:00+00:00
[2025-07-15T16:40:15.199+0000] {logging_mixin.py:190} INFO - [2025-07-15T16:40:15.199+0000] {dag.py:4180} INFO - Setting next_dagrun for consume_1_and_2_with_dataset_expressions to None, run_after=None
[2025-07-15T16:40:15.200+0000] {logging_mixin.py:190} INFO - [2025-07-15T16:40:15.200+0000] {dag.py:4180} INFO - Setting next_dagrun for consume_1_or_2_with_dataset_expressions to None, run_after=None
[2025-07-15T16:40:15.202+0000] {logging_mixin.py:190} INFO - [2025-07-15T16:40:15.202+0000] {dag.py:4180} INFO - Setting next_dagrun for consume_1_or_both_2_and_3_with_dataset_expressions to None, run_after=None
[2025-07-15T16:40:15.211+0000] {logging_mixin.py:190} INFO - [2025-07-15T16:40:15.210+0000] {dag.py:4180} INFO - Setting next_dagrun for dataset_consumes_1 to None, run_after=None
[2025-07-15T16:40:15.224+0000] {logging_mixin.py:190} INFO - [2025-07-15T16:40:15.223+0000] {dag.py:4180} INFO - Setting next_dagrun for dataset_consumes_1_and_2 to None, run_after=None
[2025-07-15T16:40:15.228+0000] {logging_mixin.py:190} INFO - [2025-07-15T16:40:15.228+0000] {dag.py:4180} INFO - Setting next_dagrun for dataset_consumes_1_never_scheduled to None, run_after=None
[2025-07-15T16:40:15.234+0000] {logging_mixin.py:190} INFO - [2025-07-15T16:40:15.233+0000] {dag.py:4180} INFO - Setting next_dagrun for dataset_consumes_unknown_never_scheduled to None, run_after=None
[2025-07-15T16:40:15.244+0000] {logging_mixin.py:190} INFO - [2025-07-15T16:40:15.244+0000] {dag.py:4180} INFO - Setting next_dagrun for dataset_produces_1 to 2025-07-14 00:00:00+00:00, run_after=2025-07-15 00:00:00+00:00
[2025-07-15T16:40:15.246+0000] {logging_mixin.py:190} INFO - [2025-07-15T16:40:15.246+0000] {dag.py:4180} INFO - Setting next_dagrun for dataset_produces_2 to None, run_after=None
[2025-07-15T16:40:15.301+0000] {processor.py:208} INFO - Processing /home/airflow/.local/lib/python3.12/site-packages/airflow/example_dags/example_datasets.py took 0.799 seconds
[2025-07-15T16:40:46.013+0000] {processor.py:186} INFO - Started process (PID=7795) to work on /home/airflow/.local/lib/python3.12/site-packages/airflow/example_dags/example_datasets.py
[2025-07-15T16:40:46.016+0000] {processor.py:914} INFO - Processing file /home/airflow/.local/lib/python3.12/site-packages/airflow/example_dags/example_datasets.py for tasks to queue
[2025-07-15T16:40:46.019+0000] {logging_mixin.py:190} INFO - [2025-07-15T16:40:46.019+0000] {dagbag.py:588} INFO - Filling up the DagBag from /home/airflow/.local/lib/python3.12/site-packages/airflow/example_dags/example_datasets.py
[2025-07-15T16:40:46.284+0000] {processor.py:925} INFO - DAG(s) 'consume_1_or_both_2_and_3_with_dataset_expressions', 'dataset_consumes_1_and_2', 'dataset_consumes_1_never_scheduled', 'dataset_produces_2', 'consume_1_or_2_with_dataset_expressions', 'dataset_produces_1', 'conditional_dataset_and_time_based_timetable', 'dataset_consumes_unknown_never_scheduled', 'dataset_consumes_1', 'consume_1_and_2_with_dataset_expressions' retrieved from /home/airflow/.local/lib/python3.12/site-packages/airflow/example_dags/example_datasets.py
[2025-07-15T16:40:46.350+0000] {logging_mixin.py:190} INFO - [2025-07-15T16:40:46.350+0000] {dag.py:3239} INFO - Sync 10 DAGs
[2025-07-15T16:40:46.396+0000] {logging_mixin.py:190} INFO - [2025-07-15T16:40:46.396+0000] {dag.py:4180} INFO - Setting next_dagrun for conditional_dataset_and_time_based_timetable to 2025-07-09 01:00:00+00:00, run_after=2025-07-09 01:00:00+00:00
[2025-07-15T16:40:46.400+0000] {logging_mixin.py:190} INFO - [2025-07-15T16:40:46.400+0000] {dag.py:4180} INFO - Setting next_dagrun for consume_1_and_2_with_dataset_expressions to None, run_after=None
[2025-07-15T16:40:46.402+0000] {logging_mixin.py:190} INFO - [2025-07-15T16:40:46.402+0000] {dag.py:4180} INFO - Setting next_dagrun for consume_1_or_2_with_dataset_expressions to None, run_after=None
[2025-07-15T16:40:46.403+0000] {logging_mixin.py:190} INFO - [2025-07-15T16:40:46.403+0000] {dag.py:4180} INFO - Setting next_dagrun for consume_1_or_both_2_and_3_with_dataset_expressions to None, run_after=None
[2025-07-15T16:40:46.405+0000] {logging_mixin.py:190} INFO - [2025-07-15T16:40:46.405+0000] {dag.py:4180} INFO - Setting next_dagrun for dataset_consumes_1 to None, run_after=None
[2025-07-15T16:40:46.407+0000] {logging_mixin.py:190} INFO - [2025-07-15T16:40:46.407+0000] {dag.py:4180} INFO - Setting next_dagrun for dataset_consumes_1_and_2 to None, run_after=None
[2025-07-15T16:40:46.410+0000] {logging_mixin.py:190} INFO - [2025-07-15T16:40:46.410+0000] {dag.py:4180} INFO - Setting next_dagrun for dataset_consumes_1_never_scheduled to None, run_after=None
[2025-07-15T16:40:46.412+0000] {logging_mixin.py:190} INFO - [2025-07-15T16:40:46.412+0000] {dag.py:4180} INFO - Setting next_dagrun for dataset_consumes_unknown_never_scheduled to None, run_after=None
[2025-07-15T16:40:46.414+0000] {logging_mixin.py:190} INFO - [2025-07-15T16:40:46.414+0000] {dag.py:4180} INFO - Setting next_dagrun for dataset_produces_1 to 2025-07-14 00:00:00+00:00, run_after=2025-07-15 00:00:00+00:00
[2025-07-15T16:40:46.415+0000] {logging_mixin.py:190} INFO - [2025-07-15T16:40:46.415+0000] {dag.py:4180} INFO - Setting next_dagrun for dataset_produces_2 to None, run_after=None
[2025-07-15T16:40:46.471+0000] {processor.py:208} INFO - Processing /home/airflow/.local/lib/python3.12/site-packages/airflow/example_dags/example_datasets.py took 0.474 seconds
[2025-07-15T16:41:17.146+0000] {processor.py:186} INFO - Started process (PID=7857) to work on /home/airflow/.local/lib/python3.12/site-packages/airflow/example_dags/example_datasets.py
[2025-07-15T16:41:17.148+0000] {processor.py:914} INFO - Processing file /home/airflow/.local/lib/python3.12/site-packages/airflow/example_dags/example_datasets.py for tasks to queue
[2025-07-15T16:41:17.150+0000] {logging_mixin.py:190} INFO - [2025-07-15T16:41:17.150+0000] {dagbag.py:588} INFO - Filling up the DagBag from /home/airflow/.local/lib/python3.12/site-packages/airflow/example_dags/example_datasets.py
[2025-07-15T16:41:17.317+0000] {processor.py:925} INFO - DAG(s) 'dataset_produces_2', 'dataset_consumes_1_and_2', 'dataset_consumes_1', 'dataset_consumes_1_never_scheduled', 'dataset_produces_1', 'consume_1_or_2_with_dataset_expressions', 'dataset_consumes_unknown_never_scheduled', 'conditional_dataset_and_time_based_timetable', 'consume_1_or_both_2_and_3_with_dataset_expressions', 'consume_1_and_2_with_dataset_expressions' retrieved from /home/airflow/.local/lib/python3.12/site-packages/airflow/example_dags/example_datasets.py
[2025-07-15T16:41:17.369+0000] {logging_mixin.py:190} INFO - [2025-07-15T16:41:17.369+0000] {dag.py:3239} INFO - Sync 10 DAGs
[2025-07-15T16:41:17.396+0000] {logging_mixin.py:190} INFO - [2025-07-15T16:41:17.395+0000] {dag.py:4180} INFO - Setting next_dagrun for conditional_dataset_and_time_based_timetable to 2025-07-09 01:00:00+00:00, run_after=2025-07-09 01:00:00+00:00
[2025-07-15T16:41:17.399+0000] {logging_mixin.py:190} INFO - [2025-07-15T16:41:17.398+0000] {dag.py:4180} INFO - Setting next_dagrun for consume_1_and_2_with_dataset_expressions to None, run_after=None
[2025-07-15T16:41:17.400+0000] {logging_mixin.py:190} INFO - [2025-07-15T16:41:17.399+0000] {dag.py:4180} INFO - Setting next_dagrun for consume_1_or_2_with_dataset_expressions to None, run_after=None
[2025-07-15T16:41:17.400+0000] {logging_mixin.py:190} INFO - [2025-07-15T16:41:17.400+0000] {dag.py:4180} INFO - Setting next_dagrun for consume_1_or_both_2_and_3_with_dataset_expressions to None, run_after=None
[2025-07-15T16:41:17.401+0000] {logging_mixin.py:190} INFO - [2025-07-15T16:41:17.401+0000] {dag.py:4180} INFO - Setting next_dagrun for dataset_consumes_1 to None, run_after=None
[2025-07-15T16:41:17.402+0000] {logging_mixin.py:190} INFO - [2025-07-15T16:41:17.402+0000] {dag.py:4180} INFO - Setting next_dagrun for dataset_consumes_1_and_2 to None, run_after=None
[2025-07-15T16:41:17.403+0000] {logging_mixin.py:190} INFO - [2025-07-15T16:41:17.403+0000] {dag.py:4180} INFO - Setting next_dagrun for dataset_consumes_1_never_scheduled to None, run_after=None
[2025-07-15T16:41:17.403+0000] {logging_mixin.py:190} INFO - [2025-07-15T16:41:17.403+0000] {dag.py:4180} INFO - Setting next_dagrun for dataset_consumes_unknown_never_scheduled to None, run_after=None
[2025-07-15T16:41:17.405+0000] {logging_mixin.py:190} INFO - [2025-07-15T16:41:17.405+0000] {dag.py:4180} INFO - Setting next_dagrun for dataset_produces_1 to 2025-07-14 00:00:00+00:00, run_after=2025-07-15 00:00:00+00:00
[2025-07-15T16:41:17.406+0000] {logging_mixin.py:190} INFO - [2025-07-15T16:41:17.406+0000] {dag.py:4180} INFO - Setting next_dagrun for dataset_produces_2 to None, run_after=None
[2025-07-15T16:41:17.429+0000] {processor.py:208} INFO - Processing /home/airflow/.local/lib/python3.12/site-packages/airflow/example_dags/example_datasets.py took 0.288 seconds
[2025-07-15T16:41:47.938+0000] {processor.py:186} INFO - Started process (PID=7919) to work on /home/airflow/.local/lib/python3.12/site-packages/airflow/example_dags/example_datasets.py
[2025-07-15T16:41:47.941+0000] {processor.py:914} INFO - Processing file /home/airflow/.local/lib/python3.12/site-packages/airflow/example_dags/example_datasets.py for tasks to queue
[2025-07-15T16:41:47.950+0000] {logging_mixin.py:190} INFO - [2025-07-15T16:41:47.949+0000] {dagbag.py:588} INFO - Filling up the DagBag from /home/airflow/.local/lib/python3.12/site-packages/airflow/example_dags/example_datasets.py
[2025-07-15T16:41:48.199+0000] {processor.py:925} INFO - DAG(s) 'consume_1_or_2_with_dataset_expressions', 'dataset_consumes_1_never_scheduled', 'dataset_consumes_1_and_2', 'dataset_produces_1', 'consume_1_or_both_2_and_3_with_dataset_expressions', 'dataset_consumes_1', 'conditional_dataset_and_time_based_timetable', 'consume_1_and_2_with_dataset_expressions', 'dataset_consumes_unknown_never_scheduled', 'dataset_produces_2' retrieved from /home/airflow/.local/lib/python3.12/site-packages/airflow/example_dags/example_datasets.py
[2025-07-15T16:41:48.236+0000] {logging_mixin.py:190} INFO - [2025-07-15T16:41:48.235+0000] {dag.py:3239} INFO - Sync 10 DAGs
[2025-07-15T16:41:48.260+0000] {logging_mixin.py:190} INFO - [2025-07-15T16:41:48.260+0000] {dag.py:4180} INFO - Setting next_dagrun for conditional_dataset_and_time_based_timetable to 2025-07-09 01:00:00+00:00, run_after=2025-07-09 01:00:00+00:00
[2025-07-15T16:41:48.263+0000] {logging_mixin.py:190} INFO - [2025-07-15T16:41:48.263+0000] {dag.py:4180} INFO - Setting next_dagrun for consume_1_and_2_with_dataset_expressions to None, run_after=None
[2025-07-15T16:41:48.266+0000] {logging_mixin.py:190} INFO - [2025-07-15T16:41:48.266+0000] {dag.py:4180} INFO - Setting next_dagrun for consume_1_or_2_with_dataset_expressions to None, run_after=None
[2025-07-15T16:41:48.267+0000] {logging_mixin.py:190} INFO - [2025-07-15T16:41:48.267+0000] {dag.py:4180} INFO - Setting next_dagrun for consume_1_or_both_2_and_3_with_dataset_expressions to None, run_after=None
[2025-07-15T16:41:48.268+0000] {logging_mixin.py:190} INFO - [2025-07-15T16:41:48.268+0000] {dag.py:4180} INFO - Setting next_dagrun for dataset_consumes_1 to None, run_after=None
[2025-07-15T16:41:48.269+0000] {logging_mixin.py:190} INFO - [2025-07-15T16:41:48.268+0000] {dag.py:4180} INFO - Setting next_dagrun for dataset_consumes_1_and_2 to None, run_after=None
[2025-07-15T16:41:48.270+0000] {logging_mixin.py:190} INFO - [2025-07-15T16:41:48.270+0000] {dag.py:4180} INFO - Setting next_dagrun for dataset_consumes_1_never_scheduled to None, run_after=None
[2025-07-15T16:41:48.271+0000] {logging_mixin.py:190} INFO - [2025-07-15T16:41:48.271+0000] {dag.py:4180} INFO - Setting next_dagrun for dataset_consumes_unknown_never_scheduled to None, run_after=None
[2025-07-15T16:41:48.273+0000] {logging_mixin.py:190} INFO - [2025-07-15T16:41:48.273+0000] {dag.py:4180} INFO - Setting next_dagrun for dataset_produces_1 to 2025-07-14 00:00:00+00:00, run_after=2025-07-15 00:00:00+00:00
[2025-07-15T16:41:48.274+0000] {logging_mixin.py:190} INFO - [2025-07-15T16:41:48.274+0000] {dag.py:4180} INFO - Setting next_dagrun for dataset_produces_2 to None, run_after=None
[2025-07-15T16:41:48.308+0000] {processor.py:208} INFO - Processing /home/airflow/.local/lib/python3.12/site-packages/airflow/example_dags/example_datasets.py took 0.388 seconds
[2025-07-15T16:42:18.869+0000] {processor.py:186} INFO - Started process (PID=7981) to work on /home/airflow/.local/lib/python3.12/site-packages/airflow/example_dags/example_datasets.py
[2025-07-15T16:42:18.872+0000] {processor.py:914} INFO - Processing file /home/airflow/.local/lib/python3.12/site-packages/airflow/example_dags/example_datasets.py for tasks to queue
[2025-07-15T16:42:18.878+0000] {logging_mixin.py:190} INFO - [2025-07-15T16:42:18.878+0000] {dagbag.py:588} INFO - Filling up the DagBag from /home/airflow/.local/lib/python3.12/site-packages/airflow/example_dags/example_datasets.py
[2025-07-15T16:42:19.114+0000] {processor.py:925} INFO - DAG(s) 'consume_1_or_both_2_and_3_with_dataset_expressions', 'dataset_consumes_unknown_never_scheduled', 'dataset_consumes_1_and_2', 'dataset_consumes_1_never_scheduled', 'conditional_dataset_and_time_based_timetable', 'consume_1_or_2_with_dataset_expressions', 'dataset_produces_1', 'dataset_consumes_1', 'dataset_produces_2', 'consume_1_and_2_with_dataset_expressions' retrieved from /home/airflow/.local/lib/python3.12/site-packages/airflow/example_dags/example_datasets.py
[2025-07-15T16:42:19.231+0000] {logging_mixin.py:190} INFO - [2025-07-15T16:42:19.230+0000] {dag.py:3239} INFO - Sync 10 DAGs
[2025-07-15T16:42:19.279+0000] {logging_mixin.py:190} INFO - [2025-07-15T16:42:19.279+0000] {dag.py:4180} INFO - Setting next_dagrun for conditional_dataset_and_time_based_timetable to 2025-07-09 01:00:00+00:00, run_after=2025-07-09 01:00:00+00:00
[2025-07-15T16:42:19.285+0000] {logging_mixin.py:190} INFO - [2025-07-15T16:42:19.284+0000] {dag.py:4180} INFO - Setting next_dagrun for consume_1_and_2_with_dataset_expressions to None, run_after=None
[2025-07-15T16:42:19.286+0000] {logging_mixin.py:190} INFO - [2025-07-15T16:42:19.286+0000] {dag.py:4180} INFO - Setting next_dagrun for consume_1_or_2_with_dataset_expressions to None, run_after=None
[2025-07-15T16:42:19.288+0000] {logging_mixin.py:190} INFO - [2025-07-15T16:42:19.287+0000] {dag.py:4180} INFO - Setting next_dagrun for consume_1_or_both_2_and_3_with_dataset_expressions to None, run_after=None
[2025-07-15T16:42:19.292+0000] {logging_mixin.py:190} INFO - [2025-07-15T16:42:19.292+0000] {dag.py:4180} INFO - Setting next_dagrun for dataset_consumes_1 to None, run_after=None
[2025-07-15T16:42:19.298+0000] {logging_mixin.py:190} INFO - [2025-07-15T16:42:19.297+0000] {dag.py:4180} INFO - Setting next_dagrun for dataset_consumes_1_and_2 to None, run_after=None
[2025-07-15T16:42:19.300+0000] {logging_mixin.py:190} INFO - [2025-07-15T16:42:19.300+0000] {dag.py:4180} INFO - Setting next_dagrun for dataset_consumes_1_never_scheduled to None, run_after=None
[2025-07-15T16:42:19.301+0000] {logging_mixin.py:190} INFO - [2025-07-15T16:42:19.301+0000] {dag.py:4180} INFO - Setting next_dagrun for dataset_consumes_unknown_never_scheduled to None, run_after=None
[2025-07-15T16:42:19.307+0000] {logging_mixin.py:190} INFO - [2025-07-15T16:42:19.306+0000] {dag.py:4180} INFO - Setting next_dagrun for dataset_produces_1 to 2025-07-14 00:00:00+00:00, run_after=2025-07-15 00:00:00+00:00
[2025-07-15T16:42:19.309+0000] {logging_mixin.py:190} INFO - [2025-07-15T16:42:19.309+0000] {dag.py:4180} INFO - Setting next_dagrun for dataset_produces_2 to None, run_after=None
[2025-07-15T16:42:19.357+0000] {processor.py:208} INFO - Processing /home/airflow/.local/lib/python3.12/site-packages/airflow/example_dags/example_datasets.py took 0.509 seconds
[2025-07-15T16:42:49.447+0000] {processor.py:186} INFO - Started process (PID=8043) to work on /home/airflow/.local/lib/python3.12/site-packages/airflow/example_dags/example_datasets.py
[2025-07-15T16:42:49.449+0000] {processor.py:914} INFO - Processing file /home/airflow/.local/lib/python3.12/site-packages/airflow/example_dags/example_datasets.py for tasks to queue
[2025-07-15T16:42:49.452+0000] {logging_mixin.py:190} INFO - [2025-07-15T16:42:49.452+0000] {dagbag.py:588} INFO - Filling up the DagBag from /home/airflow/.local/lib/python3.12/site-packages/airflow/example_dags/example_datasets.py
[2025-07-15T16:42:49.571+0000] {processor.py:925} INFO - DAG(s) 'dataset_produces_2', 'consume_1_or_2_with_dataset_expressions', 'dataset_consumes_1', 'dataset_consumes_unknown_never_scheduled', 'consume_1_and_2_with_dataset_expressions', 'dataset_produces_1', 'consume_1_or_both_2_and_3_with_dataset_expressions', 'conditional_dataset_and_time_based_timetable', 'dataset_consumes_1_never_scheduled', 'dataset_consumes_1_and_2' retrieved from /home/airflow/.local/lib/python3.12/site-packages/airflow/example_dags/example_datasets.py
[2025-07-15T16:42:49.613+0000] {logging_mixin.py:190} INFO - [2025-07-15T16:42:49.613+0000] {dag.py:3239} INFO - Sync 10 DAGs
[2025-07-15T16:42:49.632+0000] {logging_mixin.py:190} INFO - [2025-07-15T16:42:49.632+0000] {dag.py:4180} INFO - Setting next_dagrun for conditional_dataset_and_time_based_timetable to 2025-07-09 01:00:00+00:00, run_after=2025-07-09 01:00:00+00:00
[2025-07-15T16:42:49.635+0000] {logging_mixin.py:190} INFO - [2025-07-15T16:42:49.635+0000] {dag.py:4180} INFO - Setting next_dagrun for consume_1_and_2_with_dataset_expressions to None, run_after=None
[2025-07-15T16:42:49.637+0000] {logging_mixin.py:190} INFO - [2025-07-15T16:42:49.637+0000] {dag.py:4180} INFO - Setting next_dagrun for consume_1_or_2_with_dataset_expressions to None, run_after=None
[2025-07-15T16:42:49.638+0000] {logging_mixin.py:190} INFO - [2025-07-15T16:42:49.638+0000] {dag.py:4180} INFO - Setting next_dagrun for consume_1_or_both_2_and_3_with_dataset_expressions to None, run_after=None
[2025-07-15T16:42:49.638+0000] {logging_mixin.py:190} INFO - [2025-07-15T16:42:49.638+0000] {dag.py:4180} INFO - Setting next_dagrun for dataset_consumes_1 to None, run_after=None
[2025-07-15T16:42:49.641+0000] {logging_mixin.py:190} INFO - [2025-07-15T16:42:49.640+0000] {dag.py:4180} INFO - Setting next_dagrun for dataset_consumes_1_and_2 to None, run_after=None
[2025-07-15T16:42:49.641+0000] {logging_mixin.py:190} INFO - [2025-07-15T16:42:49.641+0000] {dag.py:4180} INFO - Setting next_dagrun for dataset_consumes_1_never_scheduled to None, run_after=None
[2025-07-15T16:42:49.642+0000] {logging_mixin.py:190} INFO - [2025-07-15T16:42:49.642+0000] {dag.py:4180} INFO - Setting next_dagrun for dataset_consumes_unknown_never_scheduled to None, run_after=None
[2025-07-15T16:42:49.643+0000] {logging_mixin.py:190} INFO - [2025-07-15T16:42:49.643+0000] {dag.py:4180} INFO - Setting next_dagrun for dataset_produces_1 to 2025-07-14 00:00:00+00:00, run_after=2025-07-15 00:00:00+00:00
[2025-07-15T16:42:49.644+0000] {logging_mixin.py:190} INFO - [2025-07-15T16:42:49.644+0000] {dag.py:4180} INFO - Setting next_dagrun for dataset_produces_2 to None, run_after=None
[2025-07-15T16:42:49.668+0000] {processor.py:208} INFO - Processing /home/airflow/.local/lib/python3.12/site-packages/airflow/example_dags/example_datasets.py took 0.230 seconds
[2025-07-15T16:43:19.898+0000] {processor.py:186} INFO - Started process (PID=8107) to work on /home/airflow/.local/lib/python3.12/site-packages/airflow/example_dags/example_datasets.py
[2025-07-15T16:43:19.901+0000] {processor.py:914} INFO - Processing file /home/airflow/.local/lib/python3.12/site-packages/airflow/example_dags/example_datasets.py for tasks to queue
[2025-07-15T16:43:19.903+0000] {logging_mixin.py:190} INFO - [2025-07-15T16:43:19.902+0000] {dagbag.py:588} INFO - Filling up the DagBag from /home/airflow/.local/lib/python3.12/site-packages/airflow/example_dags/example_datasets.py
[2025-07-15T16:43:19.996+0000] {processor.py:925} INFO - DAG(s) 'conditional_dataset_and_time_based_timetable', 'dataset_consumes_1_never_scheduled', 'dataset_produces_1', 'consume_1_or_2_with_dataset_expressions', 'dataset_consumes_unknown_never_scheduled', 'dataset_consumes_1', 'consume_1_or_both_2_and_3_with_dataset_expressions', 'dataset_produces_2', 'consume_1_and_2_with_dataset_expressions', 'dataset_consumes_1_and_2' retrieved from /home/airflow/.local/lib/python3.12/site-packages/airflow/example_dags/example_datasets.py
[2025-07-15T16:43:20.020+0000] {logging_mixin.py:190} INFO - [2025-07-15T16:43:20.020+0000] {dag.py:3239} INFO - Sync 10 DAGs
[2025-07-15T16:43:20.033+0000] {logging_mixin.py:190} INFO - [2025-07-15T16:43:20.033+0000] {dag.py:4180} INFO - Setting next_dagrun for conditional_dataset_and_time_based_timetable to 2025-07-09 01:00:00+00:00, run_after=2025-07-09 01:00:00+00:00
[2025-07-15T16:43:20.036+0000] {logging_mixin.py:190} INFO - [2025-07-15T16:43:20.036+0000] {dag.py:4180} INFO - Setting next_dagrun for consume_1_and_2_with_dataset_expressions to None, run_after=None
[2025-07-15T16:43:20.037+0000] {logging_mixin.py:190} INFO - [2025-07-15T16:43:20.037+0000] {dag.py:4180} INFO - Setting next_dagrun for consume_1_or_2_with_dataset_expressions to None, run_after=None
[2025-07-15T16:43:20.037+0000] {logging_mixin.py:190} INFO - [2025-07-15T16:43:20.037+0000] {dag.py:4180} INFO - Setting next_dagrun for consume_1_or_both_2_and_3_with_dataset_expressions to None, run_after=None
[2025-07-15T16:43:20.038+0000] {logging_mixin.py:190} INFO - [2025-07-15T16:43:20.038+0000] {dag.py:4180} INFO - Setting next_dagrun for dataset_consumes_1 to None, run_after=None
[2025-07-15T16:43:20.039+0000] {logging_mixin.py:190} INFO - [2025-07-15T16:43:20.039+0000] {dag.py:4180} INFO - Setting next_dagrun for dataset_consumes_1_and_2 to None, run_after=None
[2025-07-15T16:43:20.039+0000] {logging_mixin.py:190} INFO - [2025-07-15T16:43:20.039+0000] {dag.py:4180} INFO - Setting next_dagrun for dataset_consumes_1_never_scheduled to None, run_after=None
[2025-07-15T16:43:20.041+0000] {logging_mixin.py:190} INFO - [2025-07-15T16:43:20.041+0000] {dag.py:4180} INFO - Setting next_dagrun for dataset_consumes_unknown_never_scheduled to None, run_after=None
[2025-07-15T16:43:20.044+0000] {logging_mixin.py:190} INFO - [2025-07-15T16:43:20.044+0000] {dag.py:4180} INFO - Setting next_dagrun for dataset_produces_1 to 2025-07-14 00:00:00+00:00, run_after=2025-07-15 00:00:00+00:00
[2025-07-15T16:43:20.046+0000] {logging_mixin.py:190} INFO - [2025-07-15T16:43:20.046+0000] {dag.py:4180} INFO - Setting next_dagrun for dataset_produces_2 to None, run_after=None
[2025-07-15T16:43:20.067+0000] {processor.py:208} INFO - Processing /home/airflow/.local/lib/python3.12/site-packages/airflow/example_dags/example_datasets.py took 0.173 seconds
[2025-07-15T16:43:50.917+0000] {processor.py:186} INFO - Started process (PID=8164) to work on /home/airflow/.local/lib/python3.12/site-packages/airflow/example_dags/example_datasets.py
[2025-07-15T16:43:50.918+0000] {processor.py:914} INFO - Processing file /home/airflow/.local/lib/python3.12/site-packages/airflow/example_dags/example_datasets.py for tasks to queue
[2025-07-15T16:43:50.919+0000] {logging_mixin.py:190} INFO - [2025-07-15T16:43:50.919+0000] {dagbag.py:588} INFO - Filling up the DagBag from /home/airflow/.local/lib/python3.12/site-packages/airflow/example_dags/example_datasets.py
[2025-07-15T16:43:50.988+0000] {processor.py:925} INFO - DAG(s) 'consume_1_and_2_with_dataset_expressions', 'consume_1_or_both_2_and_3_with_dataset_expressions', 'dataset_consumes_1_never_scheduled', 'dataset_produces_1', 'consume_1_or_2_with_dataset_expressions', 'dataset_consumes_unknown_never_scheduled', 'dataset_consumes_1', 'dataset_produces_2', 'conditional_dataset_and_time_based_timetable', 'dataset_consumes_1_and_2' retrieved from /home/airflow/.local/lib/python3.12/site-packages/airflow/example_dags/example_datasets.py
[2025-07-15T16:43:51.004+0000] {logging_mixin.py:190} INFO - [2025-07-15T16:43:51.004+0000] {dag.py:3239} INFO - Sync 10 DAGs
[2025-07-15T16:43:51.110+0000] {logging_mixin.py:190} INFO - [2025-07-15T16:43:51.110+0000] {dag.py:4180} INFO - Setting next_dagrun for conditional_dataset_and_time_based_timetable to 2025-07-09 01:00:00+00:00, run_after=2025-07-09 01:00:00+00:00
[2025-07-15T16:43:51.111+0000] {logging_mixin.py:190} INFO - [2025-07-15T16:43:51.111+0000] {dag.py:4180} INFO - Setting next_dagrun for consume_1_and_2_with_dataset_expressions to None, run_after=None
[2025-07-15T16:43:51.112+0000] {logging_mixin.py:190} INFO - [2025-07-15T16:43:51.112+0000] {dag.py:4180} INFO - Setting next_dagrun for consume_1_or_2_with_dataset_expressions to None, run_after=None
[2025-07-15T16:43:51.112+0000] {logging_mixin.py:190} INFO - [2025-07-15T16:43:51.112+0000] {dag.py:4180} INFO - Setting next_dagrun for consume_1_or_both_2_and_3_with_dataset_expressions to None, run_after=None
[2025-07-15T16:43:51.113+0000] {logging_mixin.py:190} INFO - [2025-07-15T16:43:51.113+0000] {dag.py:4180} INFO - Setting next_dagrun for dataset_consumes_1 to None, run_after=None
[2025-07-15T16:43:51.113+0000] {logging_mixin.py:190} INFO - [2025-07-15T16:43:51.113+0000] {dag.py:4180} INFO - Setting next_dagrun for dataset_consumes_1_and_2 to None, run_after=None
[2025-07-15T16:43:51.113+0000] {logging_mixin.py:190} INFO - [2025-07-15T16:43:51.113+0000] {dag.py:4180} INFO - Setting next_dagrun for dataset_consumes_1_never_scheduled to None, run_after=None
[2025-07-15T16:43:51.114+0000] {logging_mixin.py:190} INFO - [2025-07-15T16:43:51.114+0000] {dag.py:4180} INFO - Setting next_dagrun for dataset_consumes_unknown_never_scheduled to None, run_after=None
[2025-07-15T16:43:51.115+0000] {logging_mixin.py:190} INFO - [2025-07-15T16:43:51.115+0000] {dag.py:4180} INFO - Setting next_dagrun for dataset_produces_1 to 2025-07-14 00:00:00+00:00, run_after=2025-07-15 00:00:00+00:00
[2025-07-15T16:43:51.115+0000] {logging_mixin.py:190} INFO - [2025-07-15T16:43:51.115+0000] {dag.py:4180} INFO - Setting next_dagrun for dataset_produces_2 to None, run_after=None
[2025-07-15T16:43:51.126+0000] {processor.py:208} INFO - Processing /home/airflow/.local/lib/python3.12/site-packages/airflow/example_dags/example_datasets.py took 0.212 seconds
[2025-07-15T16:44:21.940+0000] {processor.py:186} INFO - Started process (PID=8221) to work on /home/airflow/.local/lib/python3.12/site-packages/airflow/example_dags/example_datasets.py
[2025-07-15T16:44:21.941+0000] {processor.py:914} INFO - Processing file /home/airflow/.local/lib/python3.12/site-packages/airflow/example_dags/example_datasets.py for tasks to queue
[2025-07-15T16:44:21.943+0000] {logging_mixin.py:190} INFO - [2025-07-15T16:44:21.942+0000] {dagbag.py:588} INFO - Filling up the DagBag from /home/airflow/.local/lib/python3.12/site-packages/airflow/example_dags/example_datasets.py
[2025-07-15T16:44:22.105+0000] {processor.py:925} INFO - DAG(s) 'consume_1_and_2_with_dataset_expressions', 'consume_1_or_2_with_dataset_expressions', 'dataset_consumes_1_and_2', 'consume_1_or_both_2_and_3_with_dataset_expressions', 'dataset_produces_1', 'dataset_consumes_unknown_never_scheduled', 'dataset_produces_2', 'dataset_consumes_1_never_scheduled', 'dataset_consumes_1', 'conditional_dataset_and_time_based_timetable' retrieved from /home/airflow/.local/lib/python3.12/site-packages/airflow/example_dags/example_datasets.py
[2025-07-15T16:44:22.153+0000] {logging_mixin.py:190} INFO - [2025-07-15T16:44:22.153+0000] {dag.py:3239} INFO - Sync 10 DAGs
[2025-07-15T16:44:22.399+0000] {logging_mixin.py:190} INFO - [2025-07-15T16:44:22.398+0000] {dag.py:4180} INFO - Setting next_dagrun for conditional_dataset_and_time_based_timetable to 2025-07-09 01:00:00+00:00, run_after=2025-07-09 01:00:00+00:00
[2025-07-15T16:44:22.408+0000] {logging_mixin.py:190} INFO - [2025-07-15T16:44:22.408+0000] {dag.py:4180} INFO - Setting next_dagrun for consume_1_and_2_with_dataset_expressions to None, run_after=None
[2025-07-15T16:44:22.409+0000] {logging_mixin.py:190} INFO - [2025-07-15T16:44:22.409+0000] {dag.py:4180} INFO - Setting next_dagrun for consume_1_or_2_with_dataset_expressions to None, run_after=None
[2025-07-15T16:44:22.411+0000] {logging_mixin.py:190} INFO - [2025-07-15T16:44:22.410+0000] {dag.py:4180} INFO - Setting next_dagrun for consume_1_or_both_2_and_3_with_dataset_expressions to None, run_after=None
[2025-07-15T16:44:22.412+0000] {logging_mixin.py:190} INFO - [2025-07-15T16:44:22.411+0000] {dag.py:4180} INFO - Setting next_dagrun for dataset_consumes_1 to None, run_after=None
[2025-07-15T16:44:22.414+0000] {logging_mixin.py:190} INFO - [2025-07-15T16:44:22.413+0000] {dag.py:4180} INFO - Setting next_dagrun for dataset_consumes_1_and_2 to None, run_after=None
[2025-07-15T16:44:22.415+0000] {logging_mixin.py:190} INFO - [2025-07-15T16:44:22.415+0000] {dag.py:4180} INFO - Setting next_dagrun for dataset_consumes_1_never_scheduled to None, run_after=None
[2025-07-15T16:44:22.416+0000] {logging_mixin.py:190} INFO - [2025-07-15T16:44:22.416+0000] {dag.py:4180} INFO - Setting next_dagrun for dataset_consumes_unknown_never_scheduled to None, run_after=None
[2025-07-15T16:44:22.418+0000] {logging_mixin.py:190} INFO - [2025-07-15T16:44:22.417+0000] {dag.py:4180} INFO - Setting next_dagrun for dataset_produces_1 to 2025-07-14 00:00:00+00:00, run_after=2025-07-15 00:00:00+00:00
[2025-07-15T16:44:22.419+0000] {logging_mixin.py:190} INFO - [2025-07-15T16:44:22.419+0000] {dag.py:4180} INFO - Setting next_dagrun for dataset_produces_2 to None, run_after=None
[2025-07-15T16:44:22.470+0000] {processor.py:208} INFO - Processing /home/airflow/.local/lib/python3.12/site-packages/airflow/example_dags/example_datasets.py took 0.534 seconds
[2025-07-15T16:44:52.685+0000] {processor.py:186} INFO - Started process (PID=8283) to work on /home/airflow/.local/lib/python3.12/site-packages/airflow/example_dags/example_datasets.py
[2025-07-15T16:44:52.687+0000] {processor.py:914} INFO - Processing file /home/airflow/.local/lib/python3.12/site-packages/airflow/example_dags/example_datasets.py for tasks to queue
[2025-07-15T16:44:52.688+0000] {logging_mixin.py:190} INFO - [2025-07-15T16:44:52.688+0000] {dagbag.py:588} INFO - Filling up the DagBag from /home/airflow/.local/lib/python3.12/site-packages/airflow/example_dags/example_datasets.py
[2025-07-15T16:44:52.795+0000] {processor.py:925} INFO - DAG(s) 'dataset_produces_2', 'dataset_consumes_1_and_2', 'dataset_consumes_1_never_scheduled', 'consume_1_or_both_2_and_3_with_dataset_expressions', 'dataset_consumes_unknown_never_scheduled', 'consume_1_and_2_with_dataset_expressions', 'dataset_produces_1', 'consume_1_or_2_with_dataset_expressions', 'dataset_consumes_1', 'conditional_dataset_and_time_based_timetable' retrieved from /home/airflow/.local/lib/python3.12/site-packages/airflow/example_dags/example_datasets.py
[2025-07-15T16:44:52.822+0000] {logging_mixin.py:190} INFO - [2025-07-15T16:44:52.822+0000] {dag.py:3239} INFO - Sync 10 DAGs
[2025-07-15T16:44:52.997+0000] {logging_mixin.py:190} INFO - [2025-07-15T16:44:52.997+0000] {dag.py:4180} INFO - Setting next_dagrun for conditional_dataset_and_time_based_timetable to 2025-07-09 01:00:00+00:00, run_after=2025-07-09 01:00:00+00:00
[2025-07-15T16:44:52.999+0000] {logging_mixin.py:190} INFO - [2025-07-15T16:44:52.999+0000] {dag.py:4180} INFO - Setting next_dagrun for consume_1_and_2_with_dataset_expressions to None, run_after=None
[2025-07-15T16:44:52.999+0000] {logging_mixin.py:190} INFO - [2025-07-15T16:44:52.999+0000] {dag.py:4180} INFO - Setting next_dagrun for consume_1_or_2_with_dataset_expressions to None, run_after=None
[2025-07-15T16:44:53.000+0000] {logging_mixin.py:190} INFO - [2025-07-15T16:44:53.000+0000] {dag.py:4180} INFO - Setting next_dagrun for consume_1_or_both_2_and_3_with_dataset_expressions to None, run_after=None
[2025-07-15T16:44:53.001+0000] {logging_mixin.py:190} INFO - [2025-07-15T16:44:53.000+0000] {dag.py:4180} INFO - Setting next_dagrun for dataset_consumes_1 to None, run_after=None
[2025-07-15T16:44:53.001+0000] {logging_mixin.py:190} INFO - [2025-07-15T16:44:53.001+0000] {dag.py:4180} INFO - Setting next_dagrun for dataset_consumes_1_and_2 to None, run_after=None
[2025-07-15T16:44:53.002+0000] {logging_mixin.py:190} INFO - [2025-07-15T16:44:53.002+0000] {dag.py:4180} INFO - Setting next_dagrun for dataset_consumes_1_never_scheduled to None, run_after=None
[2025-07-15T16:44:53.002+0000] {logging_mixin.py:190} INFO - [2025-07-15T16:44:53.002+0000] {dag.py:4180} INFO - Setting next_dagrun for dataset_consumes_unknown_never_scheduled to None, run_after=None
[2025-07-15T16:44:53.003+0000] {logging_mixin.py:190} INFO - [2025-07-15T16:44:53.003+0000] {dag.py:4180} INFO - Setting next_dagrun for dataset_produces_1 to 2025-07-14 00:00:00+00:00, run_after=2025-07-15 00:00:00+00:00
[2025-07-15T16:44:53.004+0000] {logging_mixin.py:190} INFO - [2025-07-15T16:44:53.004+0000] {dag.py:4180} INFO - Setting next_dagrun for dataset_produces_2 to None, run_after=None
[2025-07-15T16:44:53.021+0000] {processor.py:208} INFO - Processing /home/airflow/.local/lib/python3.12/site-packages/airflow/example_dags/example_datasets.py took 0.351 seconds
[2025-07-15T16:45:23.316+0000] {processor.py:186} INFO - Started process (PID=8345) to work on /home/airflow/.local/lib/python3.12/site-packages/airflow/example_dags/example_datasets.py
[2025-07-15T16:45:23.318+0000] {processor.py:914} INFO - Processing file /home/airflow/.local/lib/python3.12/site-packages/airflow/example_dags/example_datasets.py for tasks to queue
[2025-07-15T16:45:23.319+0000] {logging_mixin.py:190} INFO - [2025-07-15T16:45:23.319+0000] {dagbag.py:588} INFO - Filling up the DagBag from /home/airflow/.local/lib/python3.12/site-packages/airflow/example_dags/example_datasets.py
[2025-07-15T16:45:23.545+0000] {processor.py:925} INFO - DAG(s) 'conditional_dataset_and_time_based_timetable', 'consume_1_or_both_2_and_3_with_dataset_expressions', 'dataset_produces_1', 'dataset_produces_2', 'dataset_consumes_1_and_2', 'dataset_consumes_1_never_scheduled', 'consume_1_and_2_with_dataset_expressions', 'dataset_consumes_unknown_never_scheduled', 'consume_1_or_2_with_dataset_expressions', 'dataset_consumes_1' retrieved from /home/airflow/.local/lib/python3.12/site-packages/airflow/example_dags/example_datasets.py
[2025-07-15T16:45:23.578+0000] {logging_mixin.py:190} INFO - [2025-07-15T16:45:23.578+0000] {dag.py:3239} INFO - Sync 10 DAGs
[2025-07-15T16:45:23.592+0000] {logging_mixin.py:190} INFO - [2025-07-15T16:45:23.592+0000] {dag.py:4180} INFO - Setting next_dagrun for conditional_dataset_and_time_based_timetable to 2025-07-09 01:00:00+00:00, run_after=2025-07-09 01:00:00+00:00
[2025-07-15T16:45:23.594+0000] {logging_mixin.py:190} INFO - [2025-07-15T16:45:23.594+0000] {dag.py:4180} INFO - Setting next_dagrun for consume_1_and_2_with_dataset_expressions to None, run_after=None
[2025-07-15T16:45:23.595+0000] {logging_mixin.py:190} INFO - [2025-07-15T16:45:23.595+0000] {dag.py:4180} INFO - Setting next_dagrun for consume_1_or_2_with_dataset_expressions to None, run_after=None
[2025-07-15T16:45:23.595+0000] {logging_mixin.py:190} INFO - [2025-07-15T16:45:23.595+0000] {dag.py:4180} INFO - Setting next_dagrun for consume_1_or_both_2_and_3_with_dataset_expressions to None, run_after=None
[2025-07-15T16:45:23.596+0000] {logging_mixin.py:190} INFO - [2025-07-15T16:45:23.596+0000] {dag.py:4180} INFO - Setting next_dagrun for dataset_consumes_1 to None, run_after=None
[2025-07-15T16:45:23.597+0000] {logging_mixin.py:190} INFO - [2025-07-15T16:45:23.597+0000] {dag.py:4180} INFO - Setting next_dagrun for dataset_consumes_1_and_2 to None, run_after=None
[2025-07-15T16:45:23.597+0000] {logging_mixin.py:190} INFO - [2025-07-15T16:45:23.597+0000] {dag.py:4180} INFO - Setting next_dagrun for dataset_consumes_1_never_scheduled to None, run_after=None
[2025-07-15T16:45:23.598+0000] {logging_mixin.py:190} INFO - [2025-07-15T16:45:23.598+0000] {dag.py:4180} INFO - Setting next_dagrun for dataset_consumes_unknown_never_scheduled to None, run_after=None
[2025-07-15T16:45:23.599+0000] {logging_mixin.py:190} INFO - [2025-07-15T16:45:23.599+0000] {dag.py:4180} INFO - Setting next_dagrun for dataset_produces_1 to 2025-07-14 00:00:00+00:00, run_after=2025-07-15 00:00:00+00:00
[2025-07-15T16:45:23.599+0000] {logging_mixin.py:190} INFO - [2025-07-15T16:45:23.599+0000] {dag.py:4180} INFO - Setting next_dagrun for dataset_produces_2 to None, run_after=None
[2025-07-15T16:45:23.617+0000] {processor.py:208} INFO - Processing /home/airflow/.local/lib/python3.12/site-packages/airflow/example_dags/example_datasets.py took 0.306 seconds
[2025-07-15T16:45:54.581+0000] {processor.py:186} INFO - Started process (PID=8411) to work on /home/airflow/.local/lib/python3.12/site-packages/airflow/example_dags/example_datasets.py
[2025-07-15T16:45:54.583+0000] {processor.py:914} INFO - Processing file /home/airflow/.local/lib/python3.12/site-packages/airflow/example_dags/example_datasets.py for tasks to queue
[2025-07-15T16:45:54.584+0000] {logging_mixin.py:190} INFO - [2025-07-15T16:45:54.584+0000] {dagbag.py:588} INFO - Filling up the DagBag from /home/airflow/.local/lib/python3.12/site-packages/airflow/example_dags/example_datasets.py
[2025-07-15T16:45:54.806+0000] {processor.py:925} INFO - DAG(s) 'dataset_consumes_1_and_2', 'dataset_produces_1', 'consume_1_or_both_2_and_3_with_dataset_expressions', 'dataset_consumes_unknown_never_scheduled', 'dataset_consumes_1', 'consume_1_or_2_with_dataset_expressions', 'dataset_consumes_1_never_scheduled', 'dataset_produces_2', 'consume_1_and_2_with_dataset_expressions', 'conditional_dataset_and_time_based_timetable' retrieved from /home/airflow/.local/lib/python3.12/site-packages/airflow/example_dags/example_datasets.py
[2025-07-15T16:45:54.834+0000] {logging_mixin.py:190} INFO - [2025-07-15T16:45:54.834+0000] {dag.py:3239} INFO - Sync 10 DAGs
[2025-07-15T16:45:54.846+0000] {logging_mixin.py:190} INFO - [2025-07-15T16:45:54.846+0000] {dag.py:4180} INFO - Setting next_dagrun for conditional_dataset_and_time_based_timetable to 2025-07-09 01:00:00+00:00, run_after=2025-07-09 01:00:00+00:00
[2025-07-15T16:45:54.848+0000] {logging_mixin.py:190} INFO - [2025-07-15T16:45:54.848+0000] {dag.py:4180} INFO - Setting next_dagrun for consume_1_and_2_with_dataset_expressions to None, run_after=None
[2025-07-15T16:45:54.850+0000] {logging_mixin.py:190} INFO - [2025-07-15T16:45:54.850+0000] {dag.py:4180} INFO - Setting next_dagrun for consume_1_or_2_with_dataset_expressions to None, run_after=None
[2025-07-15T16:45:54.851+0000] {logging_mixin.py:190} INFO - [2025-07-15T16:45:54.851+0000] {dag.py:4180} INFO - Setting next_dagrun for consume_1_or_both_2_and_3_with_dataset_expressions to None, run_after=None
[2025-07-15T16:45:54.851+0000] {logging_mixin.py:190} INFO - [2025-07-15T16:45:54.851+0000] {dag.py:4180} INFO - Setting next_dagrun for dataset_consumes_1 to None, run_after=None
[2025-07-15T16:45:54.852+0000] {logging_mixin.py:190} INFO - [2025-07-15T16:45:54.852+0000] {dag.py:4180} INFO - Setting next_dagrun for dataset_consumes_1_and_2 to None, run_after=None
[2025-07-15T16:45:54.852+0000] {logging_mixin.py:190} INFO - [2025-07-15T16:45:54.852+0000] {dag.py:4180} INFO - Setting next_dagrun for dataset_consumes_1_never_scheduled to None, run_after=None
[2025-07-15T16:45:54.853+0000] {logging_mixin.py:190} INFO - [2025-07-15T16:45:54.853+0000] {dag.py:4180} INFO - Setting next_dagrun for dataset_consumes_unknown_never_scheduled to None, run_after=None
[2025-07-15T16:45:54.854+0000] {logging_mixin.py:190} INFO - [2025-07-15T16:45:54.854+0000] {dag.py:4180} INFO - Setting next_dagrun for dataset_produces_1 to 2025-07-14 00:00:00+00:00, run_after=2025-07-15 00:00:00+00:00
[2025-07-15T16:45:54.855+0000] {logging_mixin.py:190} INFO - [2025-07-15T16:45:54.855+0000] {dag.py:4180} INFO - Setting next_dagrun for dataset_produces_2 to None, run_after=None
[2025-07-15T16:45:54.874+0000] {processor.py:208} INFO - Processing /home/airflow/.local/lib/python3.12/site-packages/airflow/example_dags/example_datasets.py took 0.296 seconds
[2025-07-15T16:46:26.323+0000] {processor.py:186} INFO - Started process (PID=8476) to work on /home/airflow/.local/lib/python3.12/site-packages/airflow/example_dags/example_datasets.py
[2025-07-15T16:46:26.324+0000] {processor.py:914} INFO - Processing file /home/airflow/.local/lib/python3.12/site-packages/airflow/example_dags/example_datasets.py for tasks to queue
[2025-07-15T16:46:26.325+0000] {logging_mixin.py:190} INFO - [2025-07-15T16:46:26.325+0000] {dagbag.py:588} INFO - Filling up the DagBag from /home/airflow/.local/lib/python3.12/site-packages/airflow/example_dags/example_datasets.py
[2025-07-15T16:46:26.639+0000] {processor.py:925} INFO - DAG(s) 'dataset_consumes_unknown_never_scheduled', 'dataset_consumes_1_and_2', 'consume_1_and_2_with_dataset_expressions', 'conditional_dataset_and_time_based_timetable', 'dataset_consumes_1', 'consume_1_or_both_2_and_3_with_dataset_expressions', 'dataset_consumes_1_never_scheduled', 'dataset_produces_1', 'dataset_produces_2', 'consume_1_or_2_with_dataset_expressions' retrieved from /home/airflow/.local/lib/python3.12/site-packages/airflow/example_dags/example_datasets.py
[2025-07-15T16:46:26.668+0000] {logging_mixin.py:190} INFO - [2025-07-15T16:46:26.667+0000] {dag.py:3239} INFO - Sync 10 DAGs
[2025-07-15T16:46:26.683+0000] {logging_mixin.py:190} INFO - [2025-07-15T16:46:26.683+0000] {dag.py:4180} INFO - Setting next_dagrun for conditional_dataset_and_time_based_timetable to 2025-07-09 01:00:00+00:00, run_after=2025-07-09 01:00:00+00:00
[2025-07-15T16:46:26.686+0000] {logging_mixin.py:190} INFO - [2025-07-15T16:46:26.686+0000] {dag.py:4180} INFO - Setting next_dagrun for consume_1_and_2_with_dataset_expressions to None, run_after=None
[2025-07-15T16:46:26.687+0000] {logging_mixin.py:190} INFO - [2025-07-15T16:46:26.687+0000] {dag.py:4180} INFO - Setting next_dagrun for consume_1_or_2_with_dataset_expressions to None, run_after=None
[2025-07-15T16:46:26.688+0000] {logging_mixin.py:190} INFO - [2025-07-15T16:46:26.688+0000] {dag.py:4180} INFO - Setting next_dagrun for consume_1_or_both_2_and_3_with_dataset_expressions to None, run_after=None
[2025-07-15T16:46:26.688+0000] {logging_mixin.py:190} INFO - [2025-07-15T16:46:26.688+0000] {dag.py:4180} INFO - Setting next_dagrun for dataset_consumes_1 to None, run_after=None
[2025-07-15T16:46:26.689+0000] {logging_mixin.py:190} INFO - [2025-07-15T16:46:26.689+0000] {dag.py:4180} INFO - Setting next_dagrun for dataset_consumes_1_and_2 to None, run_after=None
[2025-07-15T16:46:26.689+0000] {logging_mixin.py:190} INFO - [2025-07-15T16:46:26.689+0000] {dag.py:4180} INFO - Setting next_dagrun for dataset_consumes_1_never_scheduled to None, run_after=None
[2025-07-15T16:46:26.690+0000] {logging_mixin.py:190} INFO - [2025-07-15T16:46:26.690+0000] {dag.py:4180} INFO - Setting next_dagrun for dataset_consumes_unknown_never_scheduled to None, run_after=None
[2025-07-15T16:46:26.691+0000] {logging_mixin.py:190} INFO - [2025-07-15T16:46:26.691+0000] {dag.py:4180} INFO - Setting next_dagrun for dataset_produces_1 to 2025-07-14 00:00:00+00:00, run_after=2025-07-15 00:00:00+00:00
[2025-07-15T16:46:26.692+0000] {logging_mixin.py:190} INFO - [2025-07-15T16:46:26.692+0000] {dag.py:4180} INFO - Setting next_dagrun for dataset_produces_2 to None, run_after=None
[2025-07-15T16:46:26.709+0000] {processor.py:208} INFO - Processing /home/airflow/.local/lib/python3.12/site-packages/airflow/example_dags/example_datasets.py took 0.391 seconds
[2025-07-15T16:46:57.735+0000] {processor.py:186} INFO - Started process (PID=8539) to work on /home/airflow/.local/lib/python3.12/site-packages/airflow/example_dags/example_datasets.py
[2025-07-15T16:46:57.736+0000] {processor.py:914} INFO - Processing file /home/airflow/.local/lib/python3.12/site-packages/airflow/example_dags/example_datasets.py for tasks to queue
[2025-07-15T16:46:57.738+0000] {logging_mixin.py:190} INFO - [2025-07-15T16:46:57.738+0000] {dagbag.py:588} INFO - Filling up the DagBag from /home/airflow/.local/lib/python3.12/site-packages/airflow/example_dags/example_datasets.py
[2025-07-15T16:46:57.962+0000] {processor.py:925} INFO - DAG(s) 'dataset_produces_2', 'consume_1_and_2_with_dataset_expressions', 'dataset_consumes_1_never_scheduled', 'dataset_produces_1', 'consume_1_or_2_with_dataset_expressions', 'conditional_dataset_and_time_based_timetable', 'dataset_consumes_1_and_2', 'dataset_consumes_1', 'consume_1_or_both_2_and_3_with_dataset_expressions', 'dataset_consumes_unknown_never_scheduled' retrieved from /home/airflow/.local/lib/python3.12/site-packages/airflow/example_dags/example_datasets.py
[2025-07-15T16:46:57.985+0000] {logging_mixin.py:190} INFO - [2025-07-15T16:46:57.985+0000] {dag.py:3239} INFO - Sync 10 DAGs
[2025-07-15T16:46:57.997+0000] {logging_mixin.py:190} INFO - [2025-07-15T16:46:57.997+0000] {dag.py:4180} INFO - Setting next_dagrun for conditional_dataset_and_time_based_timetable to 2025-07-09 01:00:00+00:00, run_after=2025-07-09 01:00:00+00:00
[2025-07-15T16:46:57.998+0000] {logging_mixin.py:190} INFO - [2025-07-15T16:46:57.998+0000] {dag.py:4180} INFO - Setting next_dagrun for consume_1_and_2_with_dataset_expressions to None, run_after=None
[2025-07-15T16:46:57.999+0000] {logging_mixin.py:190} INFO - [2025-07-15T16:46:57.999+0000] {dag.py:4180} INFO - Setting next_dagrun for consume_1_or_2_with_dataset_expressions to None, run_after=None
[2025-07-15T16:46:58.000+0000] {logging_mixin.py:190} INFO - [2025-07-15T16:46:58.000+0000] {dag.py:4180} INFO - Setting next_dagrun for consume_1_or_both_2_and_3_with_dataset_expressions to None, run_after=None
[2025-07-15T16:46:58.000+0000] {logging_mixin.py:190} INFO - [2025-07-15T16:46:58.000+0000] {dag.py:4180} INFO - Setting next_dagrun for dataset_consumes_1 to None, run_after=None
[2025-07-15T16:46:58.002+0000] {logging_mixin.py:190} INFO - [2025-07-15T16:46:58.002+0000] {dag.py:4180} INFO - Setting next_dagrun for dataset_consumes_1_and_2 to None, run_after=None
[2025-07-15T16:46:58.002+0000] {logging_mixin.py:190} INFO - [2025-07-15T16:46:58.002+0000] {dag.py:4180} INFO - Setting next_dagrun for dataset_consumes_1_never_scheduled to None, run_after=None
[2025-07-15T16:46:58.003+0000] {logging_mixin.py:190} INFO - [2025-07-15T16:46:58.003+0000] {dag.py:4180} INFO - Setting next_dagrun for dataset_consumes_unknown_never_scheduled to None, run_after=None
[2025-07-15T16:46:58.004+0000] {logging_mixin.py:190} INFO - [2025-07-15T16:46:58.004+0000] {dag.py:4180} INFO - Setting next_dagrun for dataset_produces_1 to 2025-07-14 00:00:00+00:00, run_after=2025-07-15 00:00:00+00:00
[2025-07-15T16:46:58.006+0000] {logging_mixin.py:190} INFO - [2025-07-15T16:46:58.006+0000] {dag.py:4180} INFO - Setting next_dagrun for dataset_produces_2 to None, run_after=None
[2025-07-15T16:46:58.022+0000] {processor.py:208} INFO - Processing /home/airflow/.local/lib/python3.12/site-packages/airflow/example_dags/example_datasets.py took 0.290 seconds
[2025-07-15T16:47:29.799+0000] {processor.py:186} INFO - Started process (PID=8600) to work on /home/airflow/.local/lib/python3.12/site-packages/airflow/example_dags/example_datasets.py
[2025-07-15T16:47:29.800+0000] {processor.py:914} INFO - Processing file /home/airflow/.local/lib/python3.12/site-packages/airflow/example_dags/example_datasets.py for tasks to queue
[2025-07-15T16:47:29.802+0000] {logging_mixin.py:190} INFO - [2025-07-15T16:47:29.802+0000] {dagbag.py:588} INFO - Filling up the DagBag from /home/airflow/.local/lib/python3.12/site-packages/airflow/example_dags/example_datasets.py
[2025-07-15T16:47:30.431+0000] {processor.py:925} INFO - DAG(s) 'conditional_dataset_and_time_based_timetable', 'dataset_produces_2', 'dataset_consumes_1_never_scheduled', 'consume_1_or_both_2_and_3_with_dataset_expressions', 'dataset_consumes_1_and_2', 'consume_1_or_2_with_dataset_expressions', 'dataset_consumes_unknown_never_scheduled', 'dataset_consumes_1', 'consume_1_and_2_with_dataset_expressions', 'dataset_produces_1' retrieved from /home/airflow/.local/lib/python3.12/site-packages/airflow/example_dags/example_datasets.py
[2025-07-15T16:47:30.469+0000] {logging_mixin.py:190} INFO - [2025-07-15T16:47:30.469+0000] {dag.py:3239} INFO - Sync 10 DAGs
[2025-07-15T16:47:30.489+0000] {logging_mixin.py:190} INFO - [2025-07-15T16:47:30.488+0000] {dag.py:4180} INFO - Setting next_dagrun for conditional_dataset_and_time_based_timetable to 2025-07-09 01:00:00+00:00, run_after=2025-07-09 01:00:00+00:00
[2025-07-15T16:47:30.491+0000] {logging_mixin.py:190} INFO - [2025-07-15T16:47:30.491+0000] {dag.py:4180} INFO - Setting next_dagrun for consume_1_and_2_with_dataset_expressions to None, run_after=None
[2025-07-15T16:47:30.492+0000] {logging_mixin.py:190} INFO - [2025-07-15T16:47:30.492+0000] {dag.py:4180} INFO - Setting next_dagrun for consume_1_or_2_with_dataset_expressions to None, run_after=None
[2025-07-15T16:47:30.492+0000] {logging_mixin.py:190} INFO - [2025-07-15T16:47:30.492+0000] {dag.py:4180} INFO - Setting next_dagrun for consume_1_or_both_2_and_3_with_dataset_expressions to None, run_after=None
[2025-07-15T16:47:30.493+0000] {logging_mixin.py:190} INFO - [2025-07-15T16:47:30.493+0000] {dag.py:4180} INFO - Setting next_dagrun for dataset_consumes_1 to None, run_after=None
[2025-07-15T16:47:30.494+0000] {logging_mixin.py:190} INFO - [2025-07-15T16:47:30.494+0000] {dag.py:4180} INFO - Setting next_dagrun for dataset_consumes_1_and_2 to None, run_after=None
[2025-07-15T16:47:30.494+0000] {logging_mixin.py:190} INFO - [2025-07-15T16:47:30.494+0000] {dag.py:4180} INFO - Setting next_dagrun for dataset_consumes_1_never_scheduled to None, run_after=None
[2025-07-15T16:47:30.498+0000] {logging_mixin.py:190} INFO - [2025-07-15T16:47:30.498+0000] {dag.py:4180} INFO - Setting next_dagrun for dataset_consumes_unknown_never_scheduled to None, run_after=None
[2025-07-15T16:47:30.500+0000] {logging_mixin.py:190} INFO - [2025-07-15T16:47:30.500+0000] {dag.py:4180} INFO - Setting next_dagrun for dataset_produces_1 to 2025-07-14 00:00:00+00:00, run_after=2025-07-15 00:00:00+00:00
[2025-07-15T16:47:30.503+0000] {logging_mixin.py:190} INFO - [2025-07-15T16:47:30.502+0000] {dag.py:4180} INFO - Setting next_dagrun for dataset_produces_2 to None, run_after=None
[2025-07-15T16:47:30.533+0000] {processor.py:208} INFO - Processing /home/airflow/.local/lib/python3.12/site-packages/airflow/example_dags/example_datasets.py took 0.746 seconds
[2025-07-15T16:48:00.702+0000] {processor.py:186} INFO - Started process (PID=8662) to work on /home/airflow/.local/lib/python3.12/site-packages/airflow/example_dags/example_datasets.py
[2025-07-15T16:48:00.704+0000] {processor.py:914} INFO - Processing file /home/airflow/.local/lib/python3.12/site-packages/airflow/example_dags/example_datasets.py for tasks to queue
[2025-07-15T16:48:00.705+0000] {logging_mixin.py:190} INFO - [2025-07-15T16:48:00.705+0000] {dagbag.py:588} INFO - Filling up the DagBag from /home/airflow/.local/lib/python3.12/site-packages/airflow/example_dags/example_datasets.py
[2025-07-15T16:48:01.213+0000] {processor.py:925} INFO - DAG(s) 'dataset_consumes_1', 'dataset_consumes_1_and_2', 'consume_1_or_2_with_dataset_expressions', 'dataset_consumes_unknown_never_scheduled', 'consume_1_or_both_2_and_3_with_dataset_expressions', 'dataset_consumes_1_never_scheduled', 'consume_1_and_2_with_dataset_expressions', 'dataset_produces_1', 'dataset_produces_2', 'conditional_dataset_and_time_based_timetable' retrieved from /home/airflow/.local/lib/python3.12/site-packages/airflow/example_dags/example_datasets.py
[2025-07-15T16:48:01.244+0000] {logging_mixin.py:190} INFO - [2025-07-15T16:48:01.244+0000] {dag.py:3239} INFO - Sync 10 DAGs
[2025-07-15T16:48:01.262+0000] {logging_mixin.py:190} INFO - [2025-07-15T16:48:01.262+0000] {dag.py:4180} INFO - Setting next_dagrun for conditional_dataset_and_time_based_timetable to 2025-07-09 01:00:00+00:00, run_after=2025-07-09 01:00:00+00:00
[2025-07-15T16:48:01.266+0000] {logging_mixin.py:190} INFO - [2025-07-15T16:48:01.266+0000] {dag.py:4180} INFO - Setting next_dagrun for consume_1_and_2_with_dataset_expressions to None, run_after=None
[2025-07-15T16:48:01.268+0000] {logging_mixin.py:190} INFO - [2025-07-15T16:48:01.268+0000] {dag.py:4180} INFO - Setting next_dagrun for consume_1_or_2_with_dataset_expressions to None, run_after=None
[2025-07-15T16:48:01.269+0000] {logging_mixin.py:190} INFO - [2025-07-15T16:48:01.269+0000] {dag.py:4180} INFO - Setting next_dagrun for consume_1_or_both_2_and_3_with_dataset_expressions to None, run_after=None
[2025-07-15T16:48:01.269+0000] {logging_mixin.py:190} INFO - [2025-07-15T16:48:01.269+0000] {dag.py:4180} INFO - Setting next_dagrun for dataset_consumes_1 to None, run_after=None
[2025-07-15T16:48:01.270+0000] {logging_mixin.py:190} INFO - [2025-07-15T16:48:01.270+0000] {dag.py:4180} INFO - Setting next_dagrun for dataset_consumes_1_and_2 to None, run_after=None
[2025-07-15T16:48:01.271+0000] {logging_mixin.py:190} INFO - [2025-07-15T16:48:01.271+0000] {dag.py:4180} INFO - Setting next_dagrun for dataset_consumes_1_never_scheduled to None, run_after=None
[2025-07-15T16:48:01.272+0000] {logging_mixin.py:190} INFO - [2025-07-15T16:48:01.271+0000] {dag.py:4180} INFO - Setting next_dagrun for dataset_consumes_unknown_never_scheduled to None, run_after=None
[2025-07-15T16:48:01.273+0000] {logging_mixin.py:190} INFO - [2025-07-15T16:48:01.273+0000] {dag.py:4180} INFO - Setting next_dagrun for dataset_produces_1 to 2025-07-14 00:00:00+00:00, run_after=2025-07-15 00:00:00+00:00
[2025-07-15T16:48:01.274+0000] {logging_mixin.py:190} INFO - [2025-07-15T16:48:01.274+0000] {dag.py:4180} INFO - Setting next_dagrun for dataset_produces_2 to None, run_after=None
[2025-07-15T16:48:01.301+0000] {processor.py:208} INFO - Processing /home/airflow/.local/lib/python3.12/site-packages/airflow/example_dags/example_datasets.py took 0.608 seconds
[2025-07-15T16:48:31.646+0000] {processor.py:186} INFO - Started process (PID=8726) to work on /home/airflow/.local/lib/python3.12/site-packages/airflow/example_dags/example_datasets.py
[2025-07-15T16:48:31.648+0000] {processor.py:914} INFO - Processing file /home/airflow/.local/lib/python3.12/site-packages/airflow/example_dags/example_datasets.py for tasks to queue
[2025-07-15T16:48:31.650+0000] {logging_mixin.py:190} INFO - [2025-07-15T16:48:31.650+0000] {dagbag.py:588} INFO - Filling up the DagBag from /home/airflow/.local/lib/python3.12/site-packages/airflow/example_dags/example_datasets.py
[2025-07-15T16:48:31.949+0000] {processor.py:925} INFO - DAG(s) 'consume_1_or_both_2_and_3_with_dataset_expressions', 'conditional_dataset_and_time_based_timetable', 'dataset_produces_2', 'dataset_consumes_1_never_scheduled', 'dataset_consumes_1_and_2', 'dataset_consumes_1', 'consume_1_or_2_with_dataset_expressions', 'dataset_produces_1', 'dataset_consumes_unknown_never_scheduled', 'consume_1_and_2_with_dataset_expressions' retrieved from /home/airflow/.local/lib/python3.12/site-packages/airflow/example_dags/example_datasets.py
[2025-07-15T16:48:31.981+0000] {logging_mixin.py:190} INFO - [2025-07-15T16:48:31.980+0000] {dag.py:3239} INFO - Sync 10 DAGs
[2025-07-15T16:48:31.994+0000] {logging_mixin.py:190} INFO - [2025-07-15T16:48:31.994+0000] {dag.py:4180} INFO - Setting next_dagrun for conditional_dataset_and_time_based_timetable to 2025-07-09 01:00:00+00:00, run_after=2025-07-09 01:00:00+00:00
[2025-07-15T16:48:31.997+0000] {logging_mixin.py:190} INFO - [2025-07-15T16:48:31.997+0000] {dag.py:4180} INFO - Setting next_dagrun for consume_1_and_2_with_dataset_expressions to None, run_after=None
[2025-07-15T16:48:31.998+0000] {logging_mixin.py:190} INFO - [2025-07-15T16:48:31.998+0000] {dag.py:4180} INFO - Setting next_dagrun for consume_1_or_2_with_dataset_expressions to None, run_after=None
[2025-07-15T16:48:31.999+0000] {logging_mixin.py:190} INFO - [2025-07-15T16:48:31.999+0000] {dag.py:4180} INFO - Setting next_dagrun for consume_1_or_both_2_and_3_with_dataset_expressions to None, run_after=None
[2025-07-15T16:48:31.999+0000] {logging_mixin.py:190} INFO - [2025-07-15T16:48:31.999+0000] {dag.py:4180} INFO - Setting next_dagrun for dataset_consumes_1 to None, run_after=None
[2025-07-15T16:48:32.000+0000] {logging_mixin.py:190} INFO - [2025-07-15T16:48:32.000+0000] {dag.py:4180} INFO - Setting next_dagrun for dataset_consumes_1_and_2 to None, run_after=None
[2025-07-15T16:48:32.001+0000] {logging_mixin.py:190} INFO - [2025-07-15T16:48:32.001+0000] {dag.py:4180} INFO - Setting next_dagrun for dataset_consumes_1_never_scheduled to None, run_after=None
[2025-07-15T16:48:32.002+0000] {logging_mixin.py:190} INFO - [2025-07-15T16:48:32.002+0000] {dag.py:4180} INFO - Setting next_dagrun for dataset_consumes_unknown_never_scheduled to None, run_after=None
[2025-07-15T16:48:32.003+0000] {logging_mixin.py:190} INFO - [2025-07-15T16:48:32.003+0000] {dag.py:4180} INFO - Setting next_dagrun for dataset_produces_1 to 2025-07-14 00:00:00+00:00, run_after=2025-07-15 00:00:00+00:00
[2025-07-15T16:48:32.003+0000] {logging_mixin.py:190} INFO - [2025-07-15T16:48:32.003+0000] {dag.py:4180} INFO - Setting next_dagrun for dataset_produces_2 to None, run_after=None
[2025-07-15T16:48:32.020+0000] {processor.py:208} INFO - Processing /home/airflow/.local/lib/python3.12/site-packages/airflow/example_dags/example_datasets.py took 0.381 seconds
[2025-07-15T16:49:02.355+0000] {processor.py:186} INFO - Started process (PID=8789) to work on /home/airflow/.local/lib/python3.12/site-packages/airflow/example_dags/example_datasets.py
[2025-07-15T16:49:02.356+0000] {processor.py:914} INFO - Processing file /home/airflow/.local/lib/python3.12/site-packages/airflow/example_dags/example_datasets.py for tasks to queue
[2025-07-15T16:49:02.358+0000] {logging_mixin.py:190} INFO - [2025-07-15T16:49:02.357+0000] {dagbag.py:588} INFO - Filling up the DagBag from /home/airflow/.local/lib/python3.12/site-packages/airflow/example_dags/example_datasets.py
[2025-07-15T16:49:02.572+0000] {processor.py:925} INFO - DAG(s) 'dataset_consumes_1_and_2', 'consume_1_or_2_with_dataset_expressions', 'consume_1_or_both_2_and_3_with_dataset_expressions', 'conditional_dataset_and_time_based_timetable', 'consume_1_and_2_with_dataset_expressions', 'dataset_produces_1', 'dataset_consumes_unknown_never_scheduled', 'dataset_produces_2', 'dataset_consumes_1', 'dataset_consumes_1_never_scheduled' retrieved from /home/airflow/.local/lib/python3.12/site-packages/airflow/example_dags/example_datasets.py
[2025-07-15T16:49:02.591+0000] {logging_mixin.py:190} INFO - [2025-07-15T16:49:02.591+0000] {dag.py:3239} INFO - Sync 10 DAGs
[2025-07-15T16:49:02.602+0000] {logging_mixin.py:190} INFO - [2025-07-15T16:49:02.602+0000] {dag.py:4180} INFO - Setting next_dagrun for conditional_dataset_and_time_based_timetable to 2025-07-09 01:00:00+00:00, run_after=2025-07-09 01:00:00+00:00
[2025-07-15T16:49:02.604+0000] {logging_mixin.py:190} INFO - [2025-07-15T16:49:02.604+0000] {dag.py:4180} INFO - Setting next_dagrun for consume_1_and_2_with_dataset_expressions to None, run_after=None
[2025-07-15T16:49:02.604+0000] {logging_mixin.py:190} INFO - [2025-07-15T16:49:02.604+0000] {dag.py:4180} INFO - Setting next_dagrun for consume_1_or_2_with_dataset_expressions to None, run_after=None
[2025-07-15T16:49:02.605+0000] {logging_mixin.py:190} INFO - [2025-07-15T16:49:02.605+0000] {dag.py:4180} INFO - Setting next_dagrun for consume_1_or_both_2_and_3_with_dataset_expressions to None, run_after=None
[2025-07-15T16:49:02.605+0000] {logging_mixin.py:190} INFO - [2025-07-15T16:49:02.605+0000] {dag.py:4180} INFO - Setting next_dagrun for dataset_consumes_1 to None, run_after=None
[2025-07-15T16:49:02.606+0000] {logging_mixin.py:190} INFO - [2025-07-15T16:49:02.606+0000] {dag.py:4180} INFO - Setting next_dagrun for dataset_consumes_1_and_2 to None, run_after=None
[2025-07-15T16:49:02.606+0000] {logging_mixin.py:190} INFO - [2025-07-15T16:49:02.606+0000] {dag.py:4180} INFO - Setting next_dagrun for dataset_consumes_1_never_scheduled to None, run_after=None
[2025-07-15T16:49:02.607+0000] {logging_mixin.py:190} INFO - [2025-07-15T16:49:02.607+0000] {dag.py:4180} INFO - Setting next_dagrun for dataset_consumes_unknown_never_scheduled to None, run_after=None
[2025-07-15T16:49:02.607+0000] {logging_mixin.py:190} INFO - [2025-07-15T16:49:02.607+0000] {dag.py:4180} INFO - Setting next_dagrun for dataset_produces_1 to 2025-07-14 00:00:00+00:00, run_after=2025-07-15 00:00:00+00:00
[2025-07-15T16:49:02.608+0000] {logging_mixin.py:190} INFO - [2025-07-15T16:49:02.608+0000] {dag.py:4180} INFO - Setting next_dagrun for dataset_produces_2 to None, run_after=None
[2025-07-15T16:49:02.621+0000] {processor.py:208} INFO - Processing /home/airflow/.local/lib/python3.12/site-packages/airflow/example_dags/example_datasets.py took 0.269 seconds
[2025-07-15T16:49:33.117+0000] {processor.py:186} INFO - Started process (PID=8851) to work on /home/airflow/.local/lib/python3.12/site-packages/airflow/example_dags/example_datasets.py
[2025-07-15T16:49:33.119+0000] {processor.py:914} INFO - Processing file /home/airflow/.local/lib/python3.12/site-packages/airflow/example_dags/example_datasets.py for tasks to queue
[2025-07-15T16:49:33.121+0000] {logging_mixin.py:190} INFO - [2025-07-15T16:49:33.121+0000] {dagbag.py:588} INFO - Filling up the DagBag from /home/airflow/.local/lib/python3.12/site-packages/airflow/example_dags/example_datasets.py
[2025-07-15T16:49:33.417+0000] {processor.py:925} INFO - DAG(s) 'consume_1_or_both_2_and_3_with_dataset_expressions', 'dataset_consumes_1_never_scheduled', 'consume_1_or_2_with_dataset_expressions', 'dataset_produces_1', 'dataset_consumes_1', 'consume_1_and_2_with_dataset_expressions', 'dataset_produces_2', 'dataset_consumes_unknown_never_scheduled', 'dataset_consumes_1_and_2', 'conditional_dataset_and_time_based_timetable' retrieved from /home/airflow/.local/lib/python3.12/site-packages/airflow/example_dags/example_datasets.py
[2025-07-15T16:49:33.446+0000] {logging_mixin.py:190} INFO - [2025-07-15T16:49:33.446+0000] {dag.py:3239} INFO - Sync 10 DAGs
[2025-07-15T16:49:33.463+0000] {logging_mixin.py:190} INFO - [2025-07-15T16:49:33.463+0000] {dag.py:4180} INFO - Setting next_dagrun for conditional_dataset_and_time_based_timetable to 2025-07-09 01:00:00+00:00, run_after=2025-07-09 01:00:00+00:00
[2025-07-15T16:49:33.466+0000] {logging_mixin.py:190} INFO - [2025-07-15T16:49:33.466+0000] {dag.py:4180} INFO - Setting next_dagrun for consume_1_and_2_with_dataset_expressions to None, run_after=None
[2025-07-15T16:49:33.467+0000] {logging_mixin.py:190} INFO - [2025-07-15T16:49:33.467+0000] {dag.py:4180} INFO - Setting next_dagrun for consume_1_or_2_with_dataset_expressions to None, run_after=None
[2025-07-15T16:49:33.467+0000] {logging_mixin.py:190} INFO - [2025-07-15T16:49:33.467+0000] {dag.py:4180} INFO - Setting next_dagrun for consume_1_or_both_2_and_3_with_dataset_expressions to None, run_after=None
[2025-07-15T16:49:33.468+0000] {logging_mixin.py:190} INFO - [2025-07-15T16:49:33.468+0000] {dag.py:4180} INFO - Setting next_dagrun for dataset_consumes_1 to None, run_after=None
[2025-07-15T16:49:33.469+0000] {logging_mixin.py:190} INFO - [2025-07-15T16:49:33.469+0000] {dag.py:4180} INFO - Setting next_dagrun for dataset_consumes_1_and_2 to None, run_after=None
[2025-07-15T16:49:33.469+0000] {logging_mixin.py:190} INFO - [2025-07-15T16:49:33.469+0000] {dag.py:4180} INFO - Setting next_dagrun for dataset_consumes_1_never_scheduled to None, run_after=None
[2025-07-15T16:49:33.470+0000] {logging_mixin.py:190} INFO - [2025-07-15T16:49:33.470+0000] {dag.py:4180} INFO - Setting next_dagrun for dataset_consumes_unknown_never_scheduled to None, run_after=None
[2025-07-15T16:49:33.471+0000] {logging_mixin.py:190} INFO - [2025-07-15T16:49:33.471+0000] {dag.py:4180} INFO - Setting next_dagrun for dataset_produces_1 to 2025-07-14 00:00:00+00:00, run_after=2025-07-15 00:00:00+00:00
[2025-07-15T16:49:33.472+0000] {logging_mixin.py:190} INFO - [2025-07-15T16:49:33.472+0000] {dag.py:4180} INFO - Setting next_dagrun for dataset_produces_2 to None, run_after=None
[2025-07-15T16:49:33.500+0000] {processor.py:208} INFO - Processing /home/airflow/.local/lib/python3.12/site-packages/airflow/example_dags/example_datasets.py took 0.396 seconds
[2025-07-15T16:50:04.850+0000] {processor.py:186} INFO - Started process (PID=8916) to work on /home/airflow/.local/lib/python3.12/site-packages/airflow/example_dags/example_datasets.py
[2025-07-15T16:50:04.853+0000] {processor.py:914} INFO - Processing file /home/airflow/.local/lib/python3.12/site-packages/airflow/example_dags/example_datasets.py for tasks to queue
[2025-07-15T16:50:04.855+0000] {logging_mixin.py:190} INFO - [2025-07-15T16:50:04.855+0000] {dagbag.py:588} INFO - Filling up the DagBag from /home/airflow/.local/lib/python3.12/site-packages/airflow/example_dags/example_datasets.py
[2025-07-15T16:50:05.224+0000] {processor.py:925} INFO - DAG(s) 'dataset_consumes_1_never_scheduled', 'dataset_produces_1', 'consume_1_or_both_2_and_3_with_dataset_expressions', 'dataset_consumes_1_and_2', 'conditional_dataset_and_time_based_timetable', 'consume_1_and_2_with_dataset_expressions', 'dataset_consumes_1', 'dataset_produces_2', 'dataset_consumes_unknown_never_scheduled', 'consume_1_or_2_with_dataset_expressions' retrieved from /home/airflow/.local/lib/python3.12/site-packages/airflow/example_dags/example_datasets.py
[2025-07-15T16:50:05.247+0000] {logging_mixin.py:190} INFO - [2025-07-15T16:50:05.247+0000] {dag.py:3239} INFO - Sync 10 DAGs
[2025-07-15T16:50:05.264+0000] {logging_mixin.py:190} INFO - [2025-07-15T16:50:05.264+0000] {dag.py:4180} INFO - Setting next_dagrun for conditional_dataset_and_time_based_timetable to 2025-07-09 01:00:00+00:00, run_after=2025-07-09 01:00:00+00:00
[2025-07-15T16:50:05.268+0000] {logging_mixin.py:190} INFO - [2025-07-15T16:50:05.267+0000] {dag.py:4180} INFO - Setting next_dagrun for consume_1_and_2_with_dataset_expressions to None, run_after=None
[2025-07-15T16:50:05.269+0000] {logging_mixin.py:190} INFO - [2025-07-15T16:50:05.269+0000] {dag.py:4180} INFO - Setting next_dagrun for consume_1_or_2_with_dataset_expressions to None, run_after=None
[2025-07-15T16:50:05.270+0000] {logging_mixin.py:190} INFO - [2025-07-15T16:50:05.269+0000] {dag.py:4180} INFO - Setting next_dagrun for consume_1_or_both_2_and_3_with_dataset_expressions to None, run_after=None
[2025-07-15T16:50:05.270+0000] {logging_mixin.py:190} INFO - [2025-07-15T16:50:05.270+0000] {dag.py:4180} INFO - Setting next_dagrun for dataset_consumes_1 to None, run_after=None
[2025-07-15T16:50:05.271+0000] {logging_mixin.py:190} INFO - [2025-07-15T16:50:05.271+0000] {dag.py:4180} INFO - Setting next_dagrun for dataset_consumes_1_and_2 to None, run_after=None
[2025-07-15T16:50:05.272+0000] {logging_mixin.py:190} INFO - [2025-07-15T16:50:05.272+0000] {dag.py:4180} INFO - Setting next_dagrun for dataset_consumes_1_never_scheduled to None, run_after=None
[2025-07-15T16:50:05.275+0000] {logging_mixin.py:190} INFO - [2025-07-15T16:50:05.275+0000] {dag.py:4180} INFO - Setting next_dagrun for dataset_consumes_unknown_never_scheduled to None, run_after=None
[2025-07-15T16:50:05.276+0000] {logging_mixin.py:190} INFO - [2025-07-15T16:50:05.276+0000] {dag.py:4180} INFO - Setting next_dagrun for dataset_produces_1 to 2025-07-14 00:00:00+00:00, run_after=2025-07-15 00:00:00+00:00
[2025-07-15T16:50:05.277+0000] {logging_mixin.py:190} INFO - [2025-07-15T16:50:05.277+0000] {dag.py:4180} INFO - Setting next_dagrun for dataset_produces_2 to None, run_after=None
[2025-07-15T16:50:05.307+0000] {processor.py:208} INFO - Processing /home/airflow/.local/lib/python3.12/site-packages/airflow/example_dags/example_datasets.py took 0.463 seconds
[2025-07-15T16:50:36.763+0000] {processor.py:186} INFO - Started process (PID=8979) to work on /home/airflow/.local/lib/python3.12/site-packages/airflow/example_dags/example_datasets.py
[2025-07-15T16:50:36.766+0000] {processor.py:914} INFO - Processing file /home/airflow/.local/lib/python3.12/site-packages/airflow/example_dags/example_datasets.py for tasks to queue
[2025-07-15T16:50:36.768+0000] {logging_mixin.py:190} INFO - [2025-07-15T16:50:36.767+0000] {dagbag.py:588} INFO - Filling up the DagBag from /home/airflow/.local/lib/python3.12/site-packages/airflow/example_dags/example_datasets.py
[2025-07-15T16:50:37.077+0000] {processor.py:925} INFO - DAG(s) 'dataset_consumes_1_never_scheduled', 'dataset_produces_1', 'conditional_dataset_and_time_based_timetable', 'consume_1_or_both_2_and_3_with_dataset_expressions', 'dataset_produces_2', 'dataset_consumes_unknown_never_scheduled', 'consume_1_and_2_with_dataset_expressions', 'consume_1_or_2_with_dataset_expressions', 'dataset_consumes_1_and_2', 'dataset_consumes_1' retrieved from /home/airflow/.local/lib/python3.12/site-packages/airflow/example_dags/example_datasets.py
[2025-07-15T16:50:37.100+0000] {logging_mixin.py:190} INFO - [2025-07-15T16:50:37.100+0000] {dag.py:3239} INFO - Sync 10 DAGs
[2025-07-15T16:50:37.116+0000] {logging_mixin.py:190} INFO - [2025-07-15T16:50:37.116+0000] {dag.py:4180} INFO - Setting next_dagrun for conditional_dataset_and_time_based_timetable to 2025-07-09 01:00:00+00:00, run_after=2025-07-09 01:00:00+00:00
[2025-07-15T16:50:37.118+0000] {logging_mixin.py:190} INFO - [2025-07-15T16:50:37.118+0000] {dag.py:4180} INFO - Setting next_dagrun for consume_1_and_2_with_dataset_expressions to None, run_after=None
[2025-07-15T16:50:37.119+0000] {logging_mixin.py:190} INFO - [2025-07-15T16:50:37.119+0000] {dag.py:4180} INFO - Setting next_dagrun for consume_1_or_2_with_dataset_expressions to None, run_after=None
[2025-07-15T16:50:37.120+0000] {logging_mixin.py:190} INFO - [2025-07-15T16:50:37.120+0000] {dag.py:4180} INFO - Setting next_dagrun for consume_1_or_both_2_and_3_with_dataset_expressions to None, run_after=None
[2025-07-15T16:50:37.120+0000] {logging_mixin.py:190} INFO - [2025-07-15T16:50:37.120+0000] {dag.py:4180} INFO - Setting next_dagrun for dataset_consumes_1 to None, run_after=None
[2025-07-15T16:50:37.121+0000] {logging_mixin.py:190} INFO - [2025-07-15T16:50:37.121+0000] {dag.py:4180} INFO - Setting next_dagrun for dataset_consumes_1_and_2 to None, run_after=None
[2025-07-15T16:50:37.121+0000] {logging_mixin.py:190} INFO - [2025-07-15T16:50:37.121+0000] {dag.py:4180} INFO - Setting next_dagrun for dataset_consumes_1_never_scheduled to None, run_after=None
[2025-07-15T16:50:37.122+0000] {logging_mixin.py:190} INFO - [2025-07-15T16:50:37.122+0000] {dag.py:4180} INFO - Setting next_dagrun for dataset_consumes_unknown_never_scheduled to None, run_after=None
[2025-07-15T16:50:37.123+0000] {logging_mixin.py:190} INFO - [2025-07-15T16:50:37.123+0000] {dag.py:4180} INFO - Setting next_dagrun for dataset_produces_1 to 2025-07-14 00:00:00+00:00, run_after=2025-07-15 00:00:00+00:00
[2025-07-15T16:50:37.123+0000] {logging_mixin.py:190} INFO - [2025-07-15T16:50:37.123+0000] {dag.py:4180} INFO - Setting next_dagrun for dataset_produces_2 to None, run_after=None
[2025-07-15T16:50:37.137+0000] {processor.py:208} INFO - Processing /home/airflow/.local/lib/python3.12/site-packages/airflow/example_dags/example_datasets.py took 0.378 seconds
[2025-07-15T16:51:07.691+0000] {processor.py:186} INFO - Started process (PID=9033) to work on /home/airflow/.local/lib/python3.12/site-packages/airflow/example_dags/example_datasets.py
[2025-07-15T16:51:07.695+0000] {processor.py:914} INFO - Processing file /home/airflow/.local/lib/python3.12/site-packages/airflow/example_dags/example_datasets.py for tasks to queue
[2025-07-15T16:51:07.698+0000] {logging_mixin.py:190} INFO - [2025-07-15T16:51:07.698+0000] {dagbag.py:588} INFO - Filling up the DagBag from /home/airflow/.local/lib/python3.12/site-packages/airflow/example_dags/example_datasets.py
[2025-07-15T16:51:08.088+0000] {processor.py:925} INFO - DAG(s) 'dataset_produces_2', 'dataset_consumes_1_never_scheduled', 'consume_1_or_both_2_and_3_with_dataset_expressions', 'dataset_produces_1', 'consume_1_and_2_with_dataset_expressions', 'dataset_consumes_1', 'dataset_consumes_1_and_2', 'conditional_dataset_and_time_based_timetable', 'dataset_consumes_unknown_never_scheduled', 'consume_1_or_2_with_dataset_expressions' retrieved from /home/airflow/.local/lib/python3.12/site-packages/airflow/example_dags/example_datasets.py
[2025-07-15T16:51:08.113+0000] {logging_mixin.py:190} INFO - [2025-07-15T16:51:08.112+0000] {dag.py:3239} INFO - Sync 10 DAGs
[2025-07-15T16:51:08.129+0000] {logging_mixin.py:190} INFO - [2025-07-15T16:51:08.129+0000] {dag.py:4180} INFO - Setting next_dagrun for conditional_dataset_and_time_based_timetable to 2025-07-09 01:00:00+00:00, run_after=2025-07-09 01:00:00+00:00
[2025-07-15T16:51:08.131+0000] {logging_mixin.py:190} INFO - [2025-07-15T16:51:08.131+0000] {dag.py:4180} INFO - Setting next_dagrun for consume_1_and_2_with_dataset_expressions to None, run_after=None
[2025-07-15T16:51:08.132+0000] {logging_mixin.py:190} INFO - [2025-07-15T16:51:08.132+0000] {dag.py:4180} INFO - Setting next_dagrun for consume_1_or_2_with_dataset_expressions to None, run_after=None
[2025-07-15T16:51:08.133+0000] {logging_mixin.py:190} INFO - [2025-07-15T16:51:08.133+0000] {dag.py:4180} INFO - Setting next_dagrun for consume_1_or_both_2_and_3_with_dataset_expressions to None, run_after=None
[2025-07-15T16:51:08.134+0000] {logging_mixin.py:190} INFO - [2025-07-15T16:51:08.134+0000] {dag.py:4180} INFO - Setting next_dagrun for dataset_consumes_1 to None, run_after=None
[2025-07-15T16:51:08.136+0000] {logging_mixin.py:190} INFO - [2025-07-15T16:51:08.135+0000] {dag.py:4180} INFO - Setting next_dagrun for dataset_consumes_1_and_2 to None, run_after=None
[2025-07-15T16:51:08.137+0000] {logging_mixin.py:190} INFO - [2025-07-15T16:51:08.137+0000] {dag.py:4180} INFO - Setting next_dagrun for dataset_consumes_1_never_scheduled to None, run_after=None
[2025-07-15T16:51:08.139+0000] {logging_mixin.py:190} INFO - [2025-07-15T16:51:08.139+0000] {dag.py:4180} INFO - Setting next_dagrun for dataset_consumes_unknown_never_scheduled to None, run_after=None
[2025-07-15T16:51:08.142+0000] {logging_mixin.py:190} INFO - [2025-07-15T16:51:08.142+0000] {dag.py:4180} INFO - Setting next_dagrun for dataset_produces_1 to 2025-07-14 00:00:00+00:00, run_after=2025-07-15 00:00:00+00:00
[2025-07-15T16:51:08.145+0000] {logging_mixin.py:190} INFO - [2025-07-15T16:51:08.145+0000] {dag.py:4180} INFO - Setting next_dagrun for dataset_produces_2 to None, run_after=None
[2025-07-15T16:51:08.169+0000] {processor.py:208} INFO - Processing /home/airflow/.local/lib/python3.12/site-packages/airflow/example_dags/example_datasets.py took 0.485 seconds
[2025-07-15T16:51:39.128+0000] {processor.py:186} INFO - Started process (PID=9095) to work on /home/airflow/.local/lib/python3.12/site-packages/airflow/example_dags/example_datasets.py
[2025-07-15T16:51:39.129+0000] {processor.py:914} INFO - Processing file /home/airflow/.local/lib/python3.12/site-packages/airflow/example_dags/example_datasets.py for tasks to queue
[2025-07-15T16:51:39.130+0000] {logging_mixin.py:190} INFO - [2025-07-15T16:51:39.130+0000] {dagbag.py:588} INFO - Filling up the DagBag from /home/airflow/.local/lib/python3.12/site-packages/airflow/example_dags/example_datasets.py
[2025-07-15T16:51:39.623+0000] {processor.py:925} INFO - DAG(s) 'consume_1_or_2_with_dataset_expressions', 'dataset_produces_2', 'dataset_consumes_1_and_2', 'dataset_produces_1', 'conditional_dataset_and_time_based_timetable', 'consume_1_or_both_2_and_3_with_dataset_expressions', 'dataset_consumes_unknown_never_scheduled', 'dataset_consumes_1_never_scheduled', 'dataset_consumes_1', 'consume_1_and_2_with_dataset_expressions' retrieved from /home/airflow/.local/lib/python3.12/site-packages/airflow/example_dags/example_datasets.py
[2025-07-15T16:51:39.656+0000] {logging_mixin.py:190} INFO - [2025-07-15T16:51:39.656+0000] {dag.py:3239} INFO - Sync 10 DAGs
[2025-07-15T16:51:39.675+0000] {logging_mixin.py:190} INFO - [2025-07-15T16:51:39.675+0000] {dag.py:4180} INFO - Setting next_dagrun for conditional_dataset_and_time_based_timetable to 2025-07-09 01:00:00+00:00, run_after=2025-07-09 01:00:00+00:00
[2025-07-15T16:51:39.678+0000] {logging_mixin.py:190} INFO - [2025-07-15T16:51:39.678+0000] {dag.py:4180} INFO - Setting next_dagrun for consume_1_and_2_with_dataset_expressions to None, run_after=None
[2025-07-15T16:51:39.679+0000] {logging_mixin.py:190} INFO - [2025-07-15T16:51:39.679+0000] {dag.py:4180} INFO - Setting next_dagrun for consume_1_or_2_with_dataset_expressions to None, run_after=None
[2025-07-15T16:51:39.680+0000] {logging_mixin.py:190} INFO - [2025-07-15T16:51:39.680+0000] {dag.py:4180} INFO - Setting next_dagrun for consume_1_or_both_2_and_3_with_dataset_expressions to None, run_after=None
[2025-07-15T16:51:39.681+0000] {logging_mixin.py:190} INFO - [2025-07-15T16:51:39.680+0000] {dag.py:4180} INFO - Setting next_dagrun for dataset_consumes_1 to None, run_after=None
[2025-07-15T16:51:39.682+0000] {logging_mixin.py:190} INFO - [2025-07-15T16:51:39.681+0000] {dag.py:4180} INFO - Setting next_dagrun for dataset_consumes_1_and_2 to None, run_after=None
[2025-07-15T16:51:39.682+0000] {logging_mixin.py:190} INFO - [2025-07-15T16:51:39.682+0000] {dag.py:4180} INFO - Setting next_dagrun for dataset_consumes_1_never_scheduled to None, run_after=None
[2025-07-15T16:51:39.683+0000] {logging_mixin.py:190} INFO - [2025-07-15T16:51:39.683+0000] {dag.py:4180} INFO - Setting next_dagrun for dataset_consumes_unknown_never_scheduled to None, run_after=None
[2025-07-15T16:51:39.684+0000] {logging_mixin.py:190} INFO - [2025-07-15T16:51:39.684+0000] {dag.py:4180} INFO - Setting next_dagrun for dataset_produces_1 to 2025-07-14 00:00:00+00:00, run_after=2025-07-15 00:00:00+00:00
[2025-07-15T16:51:39.685+0000] {logging_mixin.py:190} INFO - [2025-07-15T16:51:39.685+0000] {dag.py:4180} INFO - Setting next_dagrun for dataset_produces_2 to None, run_after=None
[2025-07-15T16:51:39.713+0000] {processor.py:208} INFO - Processing /home/airflow/.local/lib/python3.12/site-packages/airflow/example_dags/example_datasets.py took 0.599 seconds
[2025-07-15T16:52:11.199+0000] {processor.py:186} INFO - Started process (PID=9159) to work on /home/airflow/.local/lib/python3.12/site-packages/airflow/example_dags/example_datasets.py
[2025-07-15T16:52:11.200+0000] {processor.py:914} INFO - Processing file /home/airflow/.local/lib/python3.12/site-packages/airflow/example_dags/example_datasets.py for tasks to queue
[2025-07-15T16:52:11.201+0000] {logging_mixin.py:190} INFO - [2025-07-15T16:52:11.201+0000] {dagbag.py:588} INFO - Filling up the DagBag from /home/airflow/.local/lib/python3.12/site-packages/airflow/example_dags/example_datasets.py
[2025-07-15T16:52:11.415+0000] {processor.py:925} INFO - DAG(s) 'consume_1_or_both_2_and_3_with_dataset_expressions', 'consume_1_or_2_with_dataset_expressions', 'dataset_produces_2', 'dataset_consumes_1', 'consume_1_and_2_with_dataset_expressions', 'dataset_consumes_1_never_scheduled', 'conditional_dataset_and_time_based_timetable', 'dataset_consumes_unknown_never_scheduled', 'dataset_produces_1', 'dataset_consumes_1_and_2' retrieved from /home/airflow/.local/lib/python3.12/site-packages/airflow/example_dags/example_datasets.py
[2025-07-15T16:52:11.439+0000] {logging_mixin.py:190} INFO - [2025-07-15T16:52:11.439+0000] {dag.py:3239} INFO - Sync 10 DAGs
[2025-07-15T16:52:11.459+0000] {logging_mixin.py:190} INFO - [2025-07-15T16:52:11.458+0000] {dag.py:4180} INFO - Setting next_dagrun for conditional_dataset_and_time_based_timetable to 2025-07-09 01:00:00+00:00, run_after=2025-07-09 01:00:00+00:00
[2025-07-15T16:52:11.461+0000] {logging_mixin.py:190} INFO - [2025-07-15T16:52:11.461+0000] {dag.py:4180} INFO - Setting next_dagrun for consume_1_and_2_with_dataset_expressions to None, run_after=None
[2025-07-15T16:52:11.462+0000] {logging_mixin.py:190} INFO - [2025-07-15T16:52:11.461+0000] {dag.py:4180} INFO - Setting next_dagrun for consume_1_or_2_with_dataset_expressions to None, run_after=None
[2025-07-15T16:52:11.462+0000] {logging_mixin.py:190} INFO - [2025-07-15T16:52:11.462+0000] {dag.py:4180} INFO - Setting next_dagrun for consume_1_or_both_2_and_3_with_dataset_expressions to None, run_after=None
[2025-07-15T16:52:11.463+0000] {logging_mixin.py:190} INFO - [2025-07-15T16:52:11.463+0000] {dag.py:4180} INFO - Setting next_dagrun for dataset_consumes_1 to None, run_after=None
[2025-07-15T16:52:11.464+0000] {logging_mixin.py:190} INFO - [2025-07-15T16:52:11.464+0000] {dag.py:4180} INFO - Setting next_dagrun for dataset_consumes_1_and_2 to None, run_after=None
[2025-07-15T16:52:11.465+0000] {logging_mixin.py:190} INFO - [2025-07-15T16:52:11.464+0000] {dag.py:4180} INFO - Setting next_dagrun for dataset_consumes_1_never_scheduled to None, run_after=None
[2025-07-15T16:52:11.465+0000] {logging_mixin.py:190} INFO - [2025-07-15T16:52:11.465+0000] {dag.py:4180} INFO - Setting next_dagrun for dataset_consumes_unknown_never_scheduled to None, run_after=None
[2025-07-15T16:52:11.466+0000] {logging_mixin.py:190} INFO - [2025-07-15T16:52:11.466+0000] {dag.py:4180} INFO - Setting next_dagrun for dataset_produces_1 to 2025-07-14 00:00:00+00:00, run_after=2025-07-15 00:00:00+00:00
[2025-07-15T16:52:11.467+0000] {logging_mixin.py:190} INFO - [2025-07-15T16:52:11.467+0000] {dag.py:4180} INFO - Setting next_dagrun for dataset_produces_2 to None, run_after=None
[2025-07-15T16:52:11.481+0000] {processor.py:208} INFO - Processing /home/airflow/.local/lib/python3.12/site-packages/airflow/example_dags/example_datasets.py took 0.287 seconds
[2025-07-15T16:52:42.025+0000] {processor.py:186} INFO - Started process (PID=9219) to work on /home/airflow/.local/lib/python3.12/site-packages/airflow/example_dags/example_datasets.py
[2025-07-15T16:52:42.027+0000] {processor.py:914} INFO - Processing file /home/airflow/.local/lib/python3.12/site-packages/airflow/example_dags/example_datasets.py for tasks to queue
[2025-07-15T16:52:42.029+0000] {logging_mixin.py:190} INFO - [2025-07-15T16:52:42.028+0000] {dagbag.py:588} INFO - Filling up the DagBag from /home/airflow/.local/lib/python3.12/site-packages/airflow/example_dags/example_datasets.py
[2025-07-15T16:52:42.570+0000] {processor.py:925} INFO - DAG(s) 'dataset_produces_2', 'consume_1_or_both_2_and_3_with_dataset_expressions', 'consume_1_or_2_with_dataset_expressions', 'conditional_dataset_and_time_based_timetable', 'consume_1_and_2_with_dataset_expressions', 'dataset_consumes_1_and_2', 'dataset_consumes_unknown_never_scheduled', 'dataset_produces_1', 'dataset_consumes_1_never_scheduled', 'dataset_consumes_1' retrieved from /home/airflow/.local/lib/python3.12/site-packages/airflow/example_dags/example_datasets.py
[2025-07-15T16:52:42.609+0000] {logging_mixin.py:190} INFO - [2025-07-15T16:52:42.609+0000] {dag.py:3239} INFO - Sync 10 DAGs
[2025-07-15T16:52:42.634+0000] {logging_mixin.py:190} INFO - [2025-07-15T16:52:42.634+0000] {dag.py:4180} INFO - Setting next_dagrun for conditional_dataset_and_time_based_timetable to 2025-07-09 01:00:00+00:00, run_after=2025-07-09 01:00:00+00:00
[2025-07-15T16:52:42.637+0000] {logging_mixin.py:190} INFO - [2025-07-15T16:52:42.637+0000] {dag.py:4180} INFO - Setting next_dagrun for consume_1_and_2_with_dataset_expressions to None, run_after=None
[2025-07-15T16:52:42.637+0000] {logging_mixin.py:190} INFO - [2025-07-15T16:52:42.637+0000] {dag.py:4180} INFO - Setting next_dagrun for consume_1_or_2_with_dataset_expressions to None, run_after=None
[2025-07-15T16:52:42.638+0000] {logging_mixin.py:190} INFO - [2025-07-15T16:52:42.638+0000] {dag.py:4180} INFO - Setting next_dagrun for consume_1_or_both_2_and_3_with_dataset_expressions to None, run_after=None
[2025-07-15T16:52:42.638+0000] {logging_mixin.py:190} INFO - [2025-07-15T16:52:42.638+0000] {dag.py:4180} INFO - Setting next_dagrun for dataset_consumes_1 to None, run_after=None
[2025-07-15T16:52:42.639+0000] {logging_mixin.py:190} INFO - [2025-07-15T16:52:42.639+0000] {dag.py:4180} INFO - Setting next_dagrun for dataset_consumes_1_and_2 to None, run_after=None
[2025-07-15T16:52:42.640+0000] {logging_mixin.py:190} INFO - [2025-07-15T16:52:42.640+0000] {dag.py:4180} INFO - Setting next_dagrun for dataset_consumes_1_never_scheduled to None, run_after=None
[2025-07-15T16:52:42.640+0000] {logging_mixin.py:190} INFO - [2025-07-15T16:52:42.640+0000] {dag.py:4180} INFO - Setting next_dagrun for dataset_consumes_unknown_never_scheduled to None, run_after=None
[2025-07-15T16:52:42.641+0000] {logging_mixin.py:190} INFO - [2025-07-15T16:52:42.641+0000] {dag.py:4180} INFO - Setting next_dagrun for dataset_produces_1 to 2025-07-14 00:00:00+00:00, run_after=2025-07-15 00:00:00+00:00
[2025-07-15T16:52:42.642+0000] {logging_mixin.py:190} INFO - [2025-07-15T16:52:42.642+0000] {dag.py:4180} INFO - Setting next_dagrun for dataset_produces_2 to None, run_after=None
[2025-07-15T16:52:42.672+0000] {processor.py:208} INFO - Processing /home/airflow/.local/lib/python3.12/site-packages/airflow/example_dags/example_datasets.py took 0.651 seconds
[2025-07-15T16:53:14.311+0000] {processor.py:186} INFO - Started process (PID=9281) to work on /home/airflow/.local/lib/python3.12/site-packages/airflow/example_dags/example_datasets.py
[2025-07-15T16:53:14.312+0000] {processor.py:914} INFO - Processing file /home/airflow/.local/lib/python3.12/site-packages/airflow/example_dags/example_datasets.py for tasks to queue
[2025-07-15T16:53:14.314+0000] {logging_mixin.py:190} INFO - [2025-07-15T16:53:14.314+0000] {dagbag.py:588} INFO - Filling up the DagBag from /home/airflow/.local/lib/python3.12/site-packages/airflow/example_dags/example_datasets.py
[2025-07-15T16:53:14.575+0000] {processor.py:925} INFO - DAG(s) 'dataset_consumes_1_and_2', 'conditional_dataset_and_time_based_timetable', 'consume_1_or_both_2_and_3_with_dataset_expressions', 'consume_1_or_2_with_dataset_expressions', 'dataset_produces_1', 'dataset_produces_2', 'dataset_consumes_1_never_scheduled', 'consume_1_and_2_with_dataset_expressions', 'dataset_consumes_unknown_never_scheduled', 'dataset_consumes_1' retrieved from /home/airflow/.local/lib/python3.12/site-packages/airflow/example_dags/example_datasets.py
[2025-07-15T16:53:14.600+0000] {logging_mixin.py:190} INFO - [2025-07-15T16:53:14.600+0000] {dag.py:3239} INFO - Sync 10 DAGs
[2025-07-15T16:53:14.614+0000] {logging_mixin.py:190} INFO - [2025-07-15T16:53:14.613+0000] {dag.py:4180} INFO - Setting next_dagrun for conditional_dataset_and_time_based_timetable to 2025-07-09 01:00:00+00:00, run_after=2025-07-09 01:00:00+00:00
[2025-07-15T16:53:14.615+0000] {logging_mixin.py:190} INFO - [2025-07-15T16:53:14.615+0000] {dag.py:4180} INFO - Setting next_dagrun for consume_1_and_2_with_dataset_expressions to None, run_after=None
[2025-07-15T16:53:14.616+0000] {logging_mixin.py:190} INFO - [2025-07-15T16:53:14.616+0000] {dag.py:4180} INFO - Setting next_dagrun for consume_1_or_2_with_dataset_expressions to None, run_after=None
[2025-07-15T16:53:14.616+0000] {logging_mixin.py:190} INFO - [2025-07-15T16:53:14.616+0000] {dag.py:4180} INFO - Setting next_dagrun for consume_1_or_both_2_and_3_with_dataset_expressions to None, run_after=None
[2025-07-15T16:53:14.616+0000] {logging_mixin.py:190} INFO - [2025-07-15T16:53:14.616+0000] {dag.py:4180} INFO - Setting next_dagrun for dataset_consumes_1 to None, run_after=None
[2025-07-15T16:53:14.617+0000] {logging_mixin.py:190} INFO - [2025-07-15T16:53:14.617+0000] {dag.py:4180} INFO - Setting next_dagrun for dataset_consumes_1_and_2 to None, run_after=None
[2025-07-15T16:53:14.617+0000] {logging_mixin.py:190} INFO - [2025-07-15T16:53:14.617+0000] {dag.py:4180} INFO - Setting next_dagrun for dataset_consumes_1_never_scheduled to None, run_after=None
[2025-07-15T16:53:14.618+0000] {logging_mixin.py:190} INFO - [2025-07-15T16:53:14.618+0000] {dag.py:4180} INFO - Setting next_dagrun for dataset_consumes_unknown_never_scheduled to None, run_after=None
[2025-07-15T16:53:14.619+0000] {logging_mixin.py:190} INFO - [2025-07-15T16:53:14.619+0000] {dag.py:4180} INFO - Setting next_dagrun for dataset_produces_1 to 2025-07-14 00:00:00+00:00, run_after=2025-07-15 00:00:00+00:00
[2025-07-15T16:53:14.619+0000] {logging_mixin.py:190} INFO - [2025-07-15T16:53:14.619+0000] {dag.py:4180} INFO - Setting next_dagrun for dataset_produces_2 to None, run_after=None
[2025-07-15T16:53:14.641+0000] {processor.py:208} INFO - Processing /home/airflow/.local/lib/python3.12/site-packages/airflow/example_dags/example_datasets.py took 0.337 seconds
[2025-07-15T16:53:46.324+0000] {processor.py:186} INFO - Started process (PID=9343) to work on /home/airflow/.local/lib/python3.12/site-packages/airflow/example_dags/example_datasets.py
[2025-07-15T16:53:46.328+0000] {processor.py:914} INFO - Processing file /home/airflow/.local/lib/python3.12/site-packages/airflow/example_dags/example_datasets.py for tasks to queue
[2025-07-15T16:53:46.332+0000] {logging_mixin.py:190} INFO - [2025-07-15T16:53:46.332+0000] {dagbag.py:588} INFO - Filling up the DagBag from /home/airflow/.local/lib/python3.12/site-packages/airflow/example_dags/example_datasets.py
[2025-07-15T16:53:47.493+0000] {processor.py:925} INFO - DAG(s) 'conditional_dataset_and_time_based_timetable', 'dataset_consumes_1_and_2', 'consume_1_or_both_2_and_3_with_dataset_expressions', 'dataset_produces_2', 'dataset_consumes_1_never_scheduled', 'dataset_produces_1', 'consume_1_and_2_with_dataset_expressions', 'dataset_consumes_unknown_never_scheduled', 'consume_1_or_2_with_dataset_expressions', 'dataset_consumes_1' retrieved from /home/airflow/.local/lib/python3.12/site-packages/airflow/example_dags/example_datasets.py
[2025-07-15T16:53:47.555+0000] {logging_mixin.py:190} INFO - [2025-07-15T16:53:47.554+0000] {dag.py:3239} INFO - Sync 10 DAGs
[2025-07-15T16:53:47.590+0000] {logging_mixin.py:190} INFO - [2025-07-15T16:53:47.589+0000] {dag.py:4180} INFO - Setting next_dagrun for conditional_dataset_and_time_based_timetable to 2025-07-09 01:00:00+00:00, run_after=2025-07-09 01:00:00+00:00
[2025-07-15T16:53:47.593+0000] {logging_mixin.py:190} INFO - [2025-07-15T16:53:47.593+0000] {dag.py:4180} INFO - Setting next_dagrun for consume_1_and_2_with_dataset_expressions to None, run_after=None
[2025-07-15T16:53:47.594+0000] {logging_mixin.py:190} INFO - [2025-07-15T16:53:47.594+0000] {dag.py:4180} INFO - Setting next_dagrun for consume_1_or_2_with_dataset_expressions to None, run_after=None
[2025-07-15T16:53:47.595+0000] {logging_mixin.py:190} INFO - [2025-07-15T16:53:47.595+0000] {dag.py:4180} INFO - Setting next_dagrun for consume_1_or_both_2_and_3_with_dataset_expressions to None, run_after=None
[2025-07-15T16:53:47.596+0000] {logging_mixin.py:190} INFO - [2025-07-15T16:53:47.596+0000] {dag.py:4180} INFO - Setting next_dagrun for dataset_consumes_1 to None, run_after=None
[2025-07-15T16:53:47.597+0000] {logging_mixin.py:190} INFO - [2025-07-15T16:53:47.597+0000] {dag.py:4180} INFO - Setting next_dagrun for dataset_consumes_1_and_2 to None, run_after=None
[2025-07-15T16:53:47.598+0000] {logging_mixin.py:190} INFO - [2025-07-15T16:53:47.598+0000] {dag.py:4180} INFO - Setting next_dagrun for dataset_consumes_1_never_scheduled to None, run_after=None
[2025-07-15T16:53:47.599+0000] {logging_mixin.py:190} INFO - [2025-07-15T16:53:47.599+0000] {dag.py:4180} INFO - Setting next_dagrun for dataset_consumes_unknown_never_scheduled to None, run_after=None
[2025-07-15T16:53:47.600+0000] {logging_mixin.py:190} INFO - [2025-07-15T16:53:47.600+0000] {dag.py:4180} INFO - Setting next_dagrun for dataset_produces_1 to 2025-07-14 00:00:00+00:00, run_after=2025-07-15 00:00:00+00:00
[2025-07-15T16:53:47.601+0000] {logging_mixin.py:190} INFO - [2025-07-15T16:53:47.601+0000] {dag.py:4180} INFO - Setting next_dagrun for dataset_produces_2 to None, run_after=None
[2025-07-15T16:53:47.633+0000] {processor.py:208} INFO - Processing /home/airflow/.local/lib/python3.12/site-packages/airflow/example_dags/example_datasets.py took 1.366 seconds
