[2025-07-15T14:40:38.944+0000] {processor.py:186} INFO - Started process (PID=64) to work on /home/airflow/.local/lib/python3.12/site-packages/airflow/example_dags/example_outlet_event_extra.py
[2025-07-15T14:40:38.947+0000] {processor.py:914} INFO - Processing file /home/airflow/.local/lib/python3.12/site-packages/airflow/example_dags/example_outlet_event_extra.py for tasks to queue
[2025-07-15T14:40:38.951+0000] {logging_mixin.py:190} INFO - [2025-07-15T14:40:38.951+0000] {dagbag.py:588} INFO - Filling up the DagBag from /home/airflow/.local/lib/python3.12/site-packages/airflow/example_dags/example_outlet_event_extra.py
[2025-07-15T14:40:39.507+0000] {processor.py:925} INFO - DAG(s) 'dataset_with_extra_by_context', 'dataset_with_extra_by_yield', 'dataset_with_extra_from_classic_operator' retrieved from /home/airflow/.local/lib/python3.12/site-packages/airflow/example_dags/example_outlet_event_extra.py
[2025-07-15T14:40:39.625+0000] {logging_mixin.py:190} INFO - [2025-07-15T14:40:39.625+0000] {dag.py:3239} INFO - Sync 3 DAGs
[2025-07-15T14:40:39.668+0000] {logging_mixin.py:190} INFO - [2025-07-15T14:40:39.667+0000] {dag.py:4180} INFO - Setting next_dagrun for dataset_with_extra_by_context to 2025-07-14 00:00:00+00:00, run_after=2025-07-15 00:00:00+00:00
[2025-07-15T14:40:39.675+0000] {logging_mixin.py:190} INFO - [2025-07-15T14:40:39.674+0000] {dag.py:4180} INFO - Setting next_dagrun for dataset_with_extra_by_yield to 2025-07-14 00:00:00+00:00, run_after=2025-07-15 00:00:00+00:00
[2025-07-15T14:40:39.679+0000] {logging_mixin.py:190} INFO - [2025-07-15T14:40:39.679+0000] {dag.py:4180} INFO - Setting next_dagrun for dataset_with_extra_from_classic_operator to 2025-07-14 00:00:00+00:00, run_after=2025-07-15 00:00:00+00:00
[2025-07-15T14:40:39.742+0000] {processor.py:208} INFO - Processing /home/airflow/.local/lib/python3.12/site-packages/airflow/example_dags/example_outlet_event_extra.py took 0.808 seconds
[2025-07-15T14:41:09.991+0000] {processor.py:186} INFO - Started process (PID=126) to work on /home/airflow/.local/lib/python3.12/site-packages/airflow/example_dags/example_outlet_event_extra.py
[2025-07-15T14:41:09.992+0000] {processor.py:914} INFO - Processing file /home/airflow/.local/lib/python3.12/site-packages/airflow/example_dags/example_outlet_event_extra.py for tasks to queue
[2025-07-15T14:41:09.993+0000] {logging_mixin.py:190} INFO - [2025-07-15T14:41:09.993+0000] {dagbag.py:588} INFO - Filling up the DagBag from /home/airflow/.local/lib/python3.12/site-packages/airflow/example_dags/example_outlet_event_extra.py
[2025-07-15T14:41:10.166+0000] {processor.py:925} INFO - DAG(s) 'dataset_with_extra_from_classic_operator', 'dataset_with_extra_by_context', 'dataset_with_extra_by_yield' retrieved from /home/airflow/.local/lib/python3.12/site-packages/airflow/example_dags/example_outlet_event_extra.py
[2025-07-15T14:41:10.198+0000] {logging_mixin.py:190} INFO - [2025-07-15T14:41:10.197+0000] {dag.py:3239} INFO - Sync 3 DAGs
[2025-07-15T14:41:10.217+0000] {logging_mixin.py:190} INFO - [2025-07-15T14:41:10.217+0000] {dag.py:4180} INFO - Setting next_dagrun for dataset_with_extra_by_context to 2025-07-14 00:00:00+00:00, run_after=2025-07-15 00:00:00+00:00
[2025-07-15T14:41:10.220+0000] {logging_mixin.py:190} INFO - [2025-07-15T14:41:10.219+0000] {dag.py:4180} INFO - Setting next_dagrun for dataset_with_extra_by_yield to 2025-07-14 00:00:00+00:00, run_after=2025-07-15 00:00:00+00:00
[2025-07-15T14:41:10.221+0000] {logging_mixin.py:190} INFO - [2025-07-15T14:41:10.221+0000] {dag.py:4180} INFO - Setting next_dagrun for dataset_with_extra_from_classic_operator to 2025-07-14 00:00:00+00:00, run_after=2025-07-15 00:00:00+00:00
[2025-07-15T14:41:10.232+0000] {processor.py:208} INFO - Processing /home/airflow/.local/lib/python3.12/site-packages/airflow/example_dags/example_outlet_event_extra.py took 0.246 seconds
[2025-07-15T14:41:40.494+0000] {processor.py:186} INFO - Started process (PID=190) to work on /home/airflow/.local/lib/python3.12/site-packages/airflow/example_dags/example_outlet_event_extra.py
[2025-07-15T14:41:40.496+0000] {processor.py:914} INFO - Processing file /home/airflow/.local/lib/python3.12/site-packages/airflow/example_dags/example_outlet_event_extra.py for tasks to queue
[2025-07-15T14:41:40.500+0000] {logging_mixin.py:190} INFO - [2025-07-15T14:41:40.499+0000] {dagbag.py:588} INFO - Filling up the DagBag from /home/airflow/.local/lib/python3.12/site-packages/airflow/example_dags/example_outlet_event_extra.py
[2025-07-15T14:41:41.037+0000] {processor.py:925} INFO - DAG(s) 'dataset_with_extra_from_classic_operator', 'dataset_with_extra_by_context', 'dataset_with_extra_by_yield' retrieved from /home/airflow/.local/lib/python3.12/site-packages/airflow/example_dags/example_outlet_event_extra.py
[2025-07-15T14:41:41.180+0000] {logging_mixin.py:190} INFO - [2025-07-15T14:41:41.177+0000] {dag.py:3239} INFO - Sync 3 DAGs
[2025-07-15T14:41:41.267+0000] {logging_mixin.py:190} INFO - [2025-07-15T14:41:41.267+0000] {dag.py:4180} INFO - Setting next_dagrun for dataset_with_extra_by_context to 2025-07-14 00:00:00+00:00, run_after=2025-07-15 00:00:00+00:00
[2025-07-15T14:41:41.272+0000] {logging_mixin.py:190} INFO - [2025-07-15T14:41:41.272+0000] {dag.py:4180} INFO - Setting next_dagrun for dataset_with_extra_by_yield to 2025-07-14 00:00:00+00:00, run_after=2025-07-15 00:00:00+00:00
[2025-07-15T14:41:41.274+0000] {logging_mixin.py:190} INFO - [2025-07-15T14:41:41.274+0000] {dag.py:4180} INFO - Setting next_dagrun for dataset_with_extra_from_classic_operator to 2025-07-14 00:00:00+00:00, run_after=2025-07-15 00:00:00+00:00
[2025-07-15T14:41:41.447+0000] {processor.py:208} INFO - Processing /home/airflow/.local/lib/python3.12/site-packages/airflow/example_dags/example_outlet_event_extra.py took 0.963 seconds
[2025-07-15T14:42:12.103+0000] {processor.py:186} INFO - Started process (PID=258) to work on /home/airflow/.local/lib/python3.12/site-packages/airflow/example_dags/example_outlet_event_extra.py
[2025-07-15T14:42:12.104+0000] {processor.py:914} INFO - Processing file /home/airflow/.local/lib/python3.12/site-packages/airflow/example_dags/example_outlet_event_extra.py for tasks to queue
[2025-07-15T14:42:12.106+0000] {logging_mixin.py:190} INFO - [2025-07-15T14:42:12.105+0000] {dagbag.py:588} INFO - Filling up the DagBag from /home/airflow/.local/lib/python3.12/site-packages/airflow/example_dags/example_outlet_event_extra.py
[2025-07-15T14:42:12.213+0000] {processor.py:925} INFO - DAG(s) 'dataset_with_extra_by_context', 'dataset_with_extra_from_classic_operator', 'dataset_with_extra_by_yield' retrieved from /home/airflow/.local/lib/python3.12/site-packages/airflow/example_dags/example_outlet_event_extra.py
[2025-07-15T14:42:12.245+0000] {logging_mixin.py:190} INFO - [2025-07-15T14:42:12.245+0000] {dag.py:3239} INFO - Sync 3 DAGs
[2025-07-15T14:42:12.265+0000] {logging_mixin.py:190} INFO - [2025-07-15T14:42:12.265+0000] {dag.py:4180} INFO - Setting next_dagrun for dataset_with_extra_by_context to 2025-07-14 00:00:00+00:00, run_after=2025-07-15 00:00:00+00:00
[2025-07-15T14:42:12.269+0000] {logging_mixin.py:190} INFO - [2025-07-15T14:42:12.269+0000] {dag.py:4180} INFO - Setting next_dagrun for dataset_with_extra_by_yield to 2025-07-14 00:00:00+00:00, run_after=2025-07-15 00:00:00+00:00
[2025-07-15T14:42:12.271+0000] {logging_mixin.py:190} INFO - [2025-07-15T14:42:12.270+0000] {dag.py:4180} INFO - Setting next_dagrun for dataset_with_extra_from_classic_operator to 2025-07-14 00:00:00+00:00, run_after=2025-07-15 00:00:00+00:00
[2025-07-15T14:42:12.290+0000] {processor.py:208} INFO - Processing /home/airflow/.local/lib/python3.12/site-packages/airflow/example_dags/example_outlet_event_extra.py took 0.191 seconds
[2025-07-15T14:42:42.988+0000] {processor.py:186} INFO - Started process (PID=320) to work on /home/airflow/.local/lib/python3.12/site-packages/airflow/example_dags/example_outlet_event_extra.py
[2025-07-15T14:42:42.990+0000] {processor.py:914} INFO - Processing file /home/airflow/.local/lib/python3.12/site-packages/airflow/example_dags/example_outlet_event_extra.py for tasks to queue
[2025-07-15T14:42:42.992+0000] {logging_mixin.py:190} INFO - [2025-07-15T14:42:42.992+0000] {dagbag.py:588} INFO - Filling up the DagBag from /home/airflow/.local/lib/python3.12/site-packages/airflow/example_dags/example_outlet_event_extra.py
[2025-07-15T14:42:43.107+0000] {processor.py:925} INFO - DAG(s) 'dataset_with_extra_by_context', 'dataset_with_extra_by_yield', 'dataset_with_extra_from_classic_operator' retrieved from /home/airflow/.local/lib/python3.12/site-packages/airflow/example_dags/example_outlet_event_extra.py
[2025-07-15T14:42:43.128+0000] {logging_mixin.py:190} INFO - [2025-07-15T14:42:43.127+0000] {dag.py:3239} INFO - Sync 3 DAGs
[2025-07-15T14:42:43.141+0000] {logging_mixin.py:190} INFO - [2025-07-15T14:42:43.141+0000] {dag.py:4180} INFO - Setting next_dagrun for dataset_with_extra_by_context to 2025-07-14 00:00:00+00:00, run_after=2025-07-15 00:00:00+00:00
[2025-07-15T14:42:43.143+0000] {logging_mixin.py:190} INFO - [2025-07-15T14:42:43.143+0000] {dag.py:4180} INFO - Setting next_dagrun for dataset_with_extra_by_yield to 2025-07-14 00:00:00+00:00, run_after=2025-07-15 00:00:00+00:00
[2025-07-15T14:42:43.145+0000] {logging_mixin.py:190} INFO - [2025-07-15T14:42:43.145+0000] {dag.py:4180} INFO - Setting next_dagrun for dataset_with_extra_from_classic_operator to 2025-07-14 00:00:00+00:00, run_after=2025-07-15 00:00:00+00:00
[2025-07-15T14:42:43.163+0000] {processor.py:208} INFO - Processing /home/airflow/.local/lib/python3.12/site-packages/airflow/example_dags/example_outlet_event_extra.py took 0.181 seconds
[2025-07-15T14:43:14.026+0000] {processor.py:186} INFO - Started process (PID=382) to work on /home/airflow/.local/lib/python3.12/site-packages/airflow/example_dags/example_outlet_event_extra.py
[2025-07-15T14:43:14.028+0000] {processor.py:914} INFO - Processing file /home/airflow/.local/lib/python3.12/site-packages/airflow/example_dags/example_outlet_event_extra.py for tasks to queue
[2025-07-15T14:43:14.033+0000] {logging_mixin.py:190} INFO - [2025-07-15T14:43:14.033+0000] {dagbag.py:588} INFO - Filling up the DagBag from /home/airflow/.local/lib/python3.12/site-packages/airflow/example_dags/example_outlet_event_extra.py
[2025-07-15T14:43:14.172+0000] {processor.py:925} INFO - DAG(s) 'dataset_with_extra_from_classic_operator', 'dataset_with_extra_by_context', 'dataset_with_extra_by_yield' retrieved from /home/airflow/.local/lib/python3.12/site-packages/airflow/example_dags/example_outlet_event_extra.py
[2025-07-15T14:43:14.195+0000] {logging_mixin.py:190} INFO - [2025-07-15T14:43:14.195+0000] {dag.py:3239} INFO - Sync 3 DAGs
[2025-07-15T14:43:14.213+0000] {logging_mixin.py:190} INFO - [2025-07-15T14:43:14.213+0000] {dag.py:4180} INFO - Setting next_dagrun for dataset_with_extra_by_context to 2025-07-14 00:00:00+00:00, run_after=2025-07-15 00:00:00+00:00
[2025-07-15T14:43:14.217+0000] {logging_mixin.py:190} INFO - [2025-07-15T14:43:14.217+0000] {dag.py:4180} INFO - Setting next_dagrun for dataset_with_extra_by_yield to 2025-07-14 00:00:00+00:00, run_after=2025-07-15 00:00:00+00:00
[2025-07-15T14:43:14.219+0000] {logging_mixin.py:190} INFO - [2025-07-15T14:43:14.219+0000] {dag.py:4180} INFO - Setting next_dagrun for dataset_with_extra_from_classic_operator to 2025-07-14 00:00:00+00:00, run_after=2025-07-15 00:00:00+00:00
[2025-07-15T14:43:14.232+0000] {processor.py:208} INFO - Processing /home/airflow/.local/lib/python3.12/site-packages/airflow/example_dags/example_outlet_event_extra.py took 0.212 seconds
[2025-07-15T14:43:44.947+0000] {processor.py:186} INFO - Started process (PID=444) to work on /home/airflow/.local/lib/python3.12/site-packages/airflow/example_dags/example_outlet_event_extra.py
[2025-07-15T14:43:44.948+0000] {processor.py:914} INFO - Processing file /home/airflow/.local/lib/python3.12/site-packages/airflow/example_dags/example_outlet_event_extra.py for tasks to queue
[2025-07-15T14:43:44.951+0000] {logging_mixin.py:190} INFO - [2025-07-15T14:43:44.950+0000] {dagbag.py:588} INFO - Filling up the DagBag from /home/airflow/.local/lib/python3.12/site-packages/airflow/example_dags/example_outlet_event_extra.py
[2025-07-15T14:43:45.069+0000] {processor.py:925} INFO - DAG(s) 'dataset_with_extra_by_context', 'dataset_with_extra_from_classic_operator', 'dataset_with_extra_by_yield' retrieved from /home/airflow/.local/lib/python3.12/site-packages/airflow/example_dags/example_outlet_event_extra.py
[2025-07-15T14:43:45.089+0000] {logging_mixin.py:190} INFO - [2025-07-15T14:43:45.089+0000] {dag.py:3239} INFO - Sync 3 DAGs
[2025-07-15T14:43:45.106+0000] {logging_mixin.py:190} INFO - [2025-07-15T14:43:45.106+0000] {dag.py:4180} INFO - Setting next_dagrun for dataset_with_extra_by_context to 2025-07-14 00:00:00+00:00, run_after=2025-07-15 00:00:00+00:00
[2025-07-15T14:43:45.110+0000] {logging_mixin.py:190} INFO - [2025-07-15T14:43:45.110+0000] {dag.py:4180} INFO - Setting next_dagrun for dataset_with_extra_by_yield to 2025-07-14 00:00:00+00:00, run_after=2025-07-15 00:00:00+00:00
[2025-07-15T14:43:45.112+0000] {logging_mixin.py:190} INFO - [2025-07-15T14:43:45.112+0000] {dag.py:4180} INFO - Setting next_dagrun for dataset_with_extra_from_classic_operator to 2025-07-14 00:00:00+00:00, run_after=2025-07-15 00:00:00+00:00
[2025-07-15T14:43:45.128+0000] {processor.py:208} INFO - Processing /home/airflow/.local/lib/python3.12/site-packages/airflow/example_dags/example_outlet_event_extra.py took 0.188 seconds
[2025-07-15T14:44:16.046+0000] {processor.py:186} INFO - Started process (PID=506) to work on /home/airflow/.local/lib/python3.12/site-packages/airflow/example_dags/example_outlet_event_extra.py
[2025-07-15T14:44:16.048+0000] {processor.py:914} INFO - Processing file /home/airflow/.local/lib/python3.12/site-packages/airflow/example_dags/example_outlet_event_extra.py for tasks to queue
[2025-07-15T14:44:16.051+0000] {logging_mixin.py:190} INFO - [2025-07-15T14:44:16.051+0000] {dagbag.py:588} INFO - Filling up the DagBag from /home/airflow/.local/lib/python3.12/site-packages/airflow/example_dags/example_outlet_event_extra.py
[2025-07-15T14:44:16.198+0000] {processor.py:925} INFO - DAG(s) 'dataset_with_extra_by_context', 'dataset_with_extra_from_classic_operator', 'dataset_with_extra_by_yield' retrieved from /home/airflow/.local/lib/python3.12/site-packages/airflow/example_dags/example_outlet_event_extra.py
[2025-07-15T14:44:16.216+0000] {logging_mixin.py:190} INFO - [2025-07-15T14:44:16.216+0000] {dag.py:3239} INFO - Sync 3 DAGs
[2025-07-15T14:44:16.231+0000] {logging_mixin.py:190} INFO - [2025-07-15T14:44:16.231+0000] {dag.py:4180} INFO - Setting next_dagrun for dataset_with_extra_by_context to 2025-07-14 00:00:00+00:00, run_after=2025-07-15 00:00:00+00:00
[2025-07-15T14:44:16.234+0000] {logging_mixin.py:190} INFO - [2025-07-15T14:44:16.233+0000] {dag.py:4180} INFO - Setting next_dagrun for dataset_with_extra_by_yield to 2025-07-14 00:00:00+00:00, run_after=2025-07-15 00:00:00+00:00
[2025-07-15T14:44:16.235+0000] {logging_mixin.py:190} INFO - [2025-07-15T14:44:16.234+0000] {dag.py:4180} INFO - Setting next_dagrun for dataset_with_extra_from_classic_operator to 2025-07-14 00:00:00+00:00, run_after=2025-07-15 00:00:00+00:00
[2025-07-15T14:44:16.250+0000] {processor.py:208} INFO - Processing /home/airflow/.local/lib/python3.12/site-packages/airflow/example_dags/example_outlet_event_extra.py took 0.213 seconds
[2025-07-15T14:44:46.655+0000] {processor.py:186} INFO - Started process (PID=568) to work on /home/airflow/.local/lib/python3.12/site-packages/airflow/example_dags/example_outlet_event_extra.py
[2025-07-15T14:44:46.657+0000] {processor.py:914} INFO - Processing file /home/airflow/.local/lib/python3.12/site-packages/airflow/example_dags/example_outlet_event_extra.py for tasks to queue
[2025-07-15T14:44:46.659+0000] {logging_mixin.py:190} INFO - [2025-07-15T14:44:46.659+0000] {dagbag.py:588} INFO - Filling up the DagBag from /home/airflow/.local/lib/python3.12/site-packages/airflow/example_dags/example_outlet_event_extra.py
[2025-07-15T14:44:46.782+0000] {processor.py:925} INFO - DAG(s) 'dataset_with_extra_from_classic_operator', 'dataset_with_extra_by_yield', 'dataset_with_extra_by_context' retrieved from /home/airflow/.local/lib/python3.12/site-packages/airflow/example_dags/example_outlet_event_extra.py
[2025-07-15T14:44:46.803+0000] {logging_mixin.py:190} INFO - [2025-07-15T14:44:46.803+0000] {dag.py:3239} INFO - Sync 3 DAGs
[2025-07-15T14:44:46.816+0000] {logging_mixin.py:190} INFO - [2025-07-15T14:44:46.816+0000] {dag.py:4180} INFO - Setting next_dagrun for dataset_with_extra_by_context to 2025-07-14 00:00:00+00:00, run_after=2025-07-15 00:00:00+00:00
[2025-07-15T14:44:46.819+0000] {logging_mixin.py:190} INFO - [2025-07-15T14:44:46.819+0000] {dag.py:4180} INFO - Setting next_dagrun for dataset_with_extra_by_yield to 2025-07-14 00:00:00+00:00, run_after=2025-07-15 00:00:00+00:00
[2025-07-15T14:44:46.820+0000] {logging_mixin.py:190} INFO - [2025-07-15T14:44:46.820+0000] {dag.py:4180} INFO - Setting next_dagrun for dataset_with_extra_from_classic_operator to 2025-07-14 00:00:00+00:00, run_after=2025-07-15 00:00:00+00:00
[2025-07-15T14:44:46.830+0000] {processor.py:208} INFO - Processing /home/airflow/.local/lib/python3.12/site-packages/airflow/example_dags/example_outlet_event_extra.py took 0.182 seconds
[2025-07-15T14:45:17.317+0000] {processor.py:186} INFO - Started process (PID=630) to work on /home/airflow/.local/lib/python3.12/site-packages/airflow/example_dags/example_outlet_event_extra.py
[2025-07-15T14:45:17.318+0000] {processor.py:914} INFO - Processing file /home/airflow/.local/lib/python3.12/site-packages/airflow/example_dags/example_outlet_event_extra.py for tasks to queue
[2025-07-15T14:45:17.321+0000] {logging_mixin.py:190} INFO - [2025-07-15T14:45:17.320+0000] {dagbag.py:588} INFO - Filling up the DagBag from /home/airflow/.local/lib/python3.12/site-packages/airflow/example_dags/example_outlet_event_extra.py
[2025-07-15T14:45:17.434+0000] {processor.py:925} INFO - DAG(s) 'dataset_with_extra_from_classic_operator', 'dataset_with_extra_by_context', 'dataset_with_extra_by_yield' retrieved from /home/airflow/.local/lib/python3.12/site-packages/airflow/example_dags/example_outlet_event_extra.py
[2025-07-15T14:45:17.449+0000] {logging_mixin.py:190} INFO - [2025-07-15T14:45:17.449+0000] {dag.py:3239} INFO - Sync 3 DAGs
[2025-07-15T14:45:17.462+0000] {logging_mixin.py:190} INFO - [2025-07-15T14:45:17.462+0000] {dag.py:4180} INFO - Setting next_dagrun for dataset_with_extra_by_context to 2025-07-14 00:00:00+00:00, run_after=2025-07-15 00:00:00+00:00
[2025-07-15T14:45:17.467+0000] {logging_mixin.py:190} INFO - [2025-07-15T14:45:17.467+0000] {dag.py:4180} INFO - Setting next_dagrun for dataset_with_extra_by_yield to 2025-07-14 00:00:00+00:00, run_after=2025-07-15 00:00:00+00:00
[2025-07-15T14:45:17.468+0000] {logging_mixin.py:190} INFO - [2025-07-15T14:45:17.468+0000] {dag.py:4180} INFO - Setting next_dagrun for dataset_with_extra_from_classic_operator to 2025-07-14 00:00:00+00:00, run_after=2025-07-15 00:00:00+00:00
[2025-07-15T14:45:17.480+0000] {processor.py:208} INFO - Processing /home/airflow/.local/lib/python3.12/site-packages/airflow/example_dags/example_outlet_event_extra.py took 0.170 seconds
[2025-07-15T14:45:47.823+0000] {processor.py:186} INFO - Started process (PID=692) to work on /home/airflow/.local/lib/python3.12/site-packages/airflow/example_dags/example_outlet_event_extra.py
[2025-07-15T14:45:47.824+0000] {processor.py:914} INFO - Processing file /home/airflow/.local/lib/python3.12/site-packages/airflow/example_dags/example_outlet_event_extra.py for tasks to queue
[2025-07-15T14:45:47.826+0000] {logging_mixin.py:190} INFO - [2025-07-15T14:45:47.826+0000] {dagbag.py:588} INFO - Filling up the DagBag from /home/airflow/.local/lib/python3.12/site-packages/airflow/example_dags/example_outlet_event_extra.py
[2025-07-15T14:45:47.940+0000] {processor.py:925} INFO - DAG(s) 'dataset_with_extra_by_yield', 'dataset_with_extra_from_classic_operator', 'dataset_with_extra_by_context' retrieved from /home/airflow/.local/lib/python3.12/site-packages/airflow/example_dags/example_outlet_event_extra.py
[2025-07-15T14:45:47.961+0000] {logging_mixin.py:190} INFO - [2025-07-15T14:45:47.960+0000] {dag.py:3239} INFO - Sync 3 DAGs
[2025-07-15T14:45:47.974+0000] {logging_mixin.py:190} INFO - [2025-07-15T14:45:47.974+0000] {dag.py:4180} INFO - Setting next_dagrun for dataset_with_extra_by_context to 2025-07-14 00:00:00+00:00, run_after=2025-07-15 00:00:00+00:00
[2025-07-15T14:45:47.976+0000] {logging_mixin.py:190} INFO - [2025-07-15T14:45:47.976+0000] {dag.py:4180} INFO - Setting next_dagrun for dataset_with_extra_by_yield to 2025-07-14 00:00:00+00:00, run_after=2025-07-15 00:00:00+00:00
[2025-07-15T14:45:47.977+0000] {logging_mixin.py:190} INFO - [2025-07-15T14:45:47.977+0000] {dag.py:4180} INFO - Setting next_dagrun for dataset_with_extra_from_classic_operator to 2025-07-14 00:00:00+00:00, run_after=2025-07-15 00:00:00+00:00
[2025-07-15T14:45:47.990+0000] {processor.py:208} INFO - Processing /home/airflow/.local/lib/python3.12/site-packages/airflow/example_dags/example_outlet_event_extra.py took 0.174 seconds
[2025-07-15T14:46:18.565+0000] {processor.py:186} INFO - Started process (PID=754) to work on /home/airflow/.local/lib/python3.12/site-packages/airflow/example_dags/example_outlet_event_extra.py
[2025-07-15T14:46:18.567+0000] {processor.py:914} INFO - Processing file /home/airflow/.local/lib/python3.12/site-packages/airflow/example_dags/example_outlet_event_extra.py for tasks to queue
[2025-07-15T14:46:18.570+0000] {logging_mixin.py:190} INFO - [2025-07-15T14:46:18.570+0000] {dagbag.py:588} INFO - Filling up the DagBag from /home/airflow/.local/lib/python3.12/site-packages/airflow/example_dags/example_outlet_event_extra.py
[2025-07-15T14:46:18.688+0000] {processor.py:925} INFO - DAG(s) 'dataset_with_extra_from_classic_operator', 'dataset_with_extra_by_yield', 'dataset_with_extra_by_context' retrieved from /home/airflow/.local/lib/python3.12/site-packages/airflow/example_dags/example_outlet_event_extra.py
[2025-07-15T14:46:18.707+0000] {logging_mixin.py:190} INFO - [2025-07-15T14:46:18.706+0000] {dag.py:3239} INFO - Sync 3 DAGs
[2025-07-15T14:46:18.720+0000] {logging_mixin.py:190} INFO - [2025-07-15T14:46:18.719+0000] {dag.py:4180} INFO - Setting next_dagrun for dataset_with_extra_by_context to 2025-07-14 00:00:00+00:00, run_after=2025-07-15 00:00:00+00:00
[2025-07-15T14:46:18.724+0000] {logging_mixin.py:190} INFO - [2025-07-15T14:46:18.724+0000] {dag.py:4180} INFO - Setting next_dagrun for dataset_with_extra_by_yield to 2025-07-14 00:00:00+00:00, run_after=2025-07-15 00:00:00+00:00
[2025-07-15T14:46:18.725+0000] {logging_mixin.py:190} INFO - [2025-07-15T14:46:18.725+0000] {dag.py:4180} INFO - Setting next_dagrun for dataset_with_extra_from_classic_operator to 2025-07-14 00:00:00+00:00, run_after=2025-07-15 00:00:00+00:00
[2025-07-15T14:46:18.743+0000] {processor.py:208} INFO - Processing /home/airflow/.local/lib/python3.12/site-packages/airflow/example_dags/example_outlet_event_extra.py took 0.189 seconds
[2025-07-15T14:46:49.356+0000] {processor.py:186} INFO - Started process (PID=816) to work on /home/airflow/.local/lib/python3.12/site-packages/airflow/example_dags/example_outlet_event_extra.py
[2025-07-15T14:46:49.358+0000] {processor.py:914} INFO - Processing file /home/airflow/.local/lib/python3.12/site-packages/airflow/example_dags/example_outlet_event_extra.py for tasks to queue
[2025-07-15T14:46:49.361+0000] {logging_mixin.py:190} INFO - [2025-07-15T14:46:49.360+0000] {dagbag.py:588} INFO - Filling up the DagBag from /home/airflow/.local/lib/python3.12/site-packages/airflow/example_dags/example_outlet_event_extra.py
[2025-07-15T14:46:49.492+0000] {processor.py:925} INFO - DAG(s) 'dataset_with_extra_by_yield', 'dataset_with_extra_by_context', 'dataset_with_extra_from_classic_operator' retrieved from /home/airflow/.local/lib/python3.12/site-packages/airflow/example_dags/example_outlet_event_extra.py
[2025-07-15T14:46:49.511+0000] {logging_mixin.py:190} INFO - [2025-07-15T14:46:49.510+0000] {dag.py:3239} INFO - Sync 3 DAGs
[2025-07-15T14:46:49.527+0000] {logging_mixin.py:190} INFO - [2025-07-15T14:46:49.527+0000] {dag.py:4180} INFO - Setting next_dagrun for dataset_with_extra_by_context to 2025-07-14 00:00:00+00:00, run_after=2025-07-15 00:00:00+00:00
[2025-07-15T14:46:49.531+0000] {logging_mixin.py:190} INFO - [2025-07-15T14:46:49.531+0000] {dag.py:4180} INFO - Setting next_dagrun for dataset_with_extra_by_yield to 2025-07-14 00:00:00+00:00, run_after=2025-07-15 00:00:00+00:00
[2025-07-15T14:46:49.532+0000] {logging_mixin.py:190} INFO - [2025-07-15T14:46:49.532+0000] {dag.py:4180} INFO - Setting next_dagrun for dataset_with_extra_from_classic_operator to 2025-07-14 00:00:00+00:00, run_after=2025-07-15 00:00:00+00:00
[2025-07-15T14:46:49.545+0000] {processor.py:208} INFO - Processing /home/airflow/.local/lib/python3.12/site-packages/airflow/example_dags/example_outlet_event_extra.py took 0.196 seconds
[2025-07-15T14:47:20.557+0000] {processor.py:186} INFO - Started process (PID=878) to work on /home/airflow/.local/lib/python3.12/site-packages/airflow/example_dags/example_outlet_event_extra.py
[2025-07-15T14:47:20.561+0000] {processor.py:914} INFO - Processing file /home/airflow/.local/lib/python3.12/site-packages/airflow/example_dags/example_outlet_event_extra.py for tasks to queue
[2025-07-15T14:47:20.566+0000] {logging_mixin.py:190} INFO - [2025-07-15T14:47:20.566+0000] {dagbag.py:588} INFO - Filling up the DagBag from /home/airflow/.local/lib/python3.12/site-packages/airflow/example_dags/example_outlet_event_extra.py
[2025-07-15T14:47:20.712+0000] {processor.py:925} INFO - DAG(s) 'dataset_with_extra_by_yield', 'dataset_with_extra_by_context', 'dataset_with_extra_from_classic_operator' retrieved from /home/airflow/.local/lib/python3.12/site-packages/airflow/example_dags/example_outlet_event_extra.py
[2025-07-15T14:47:20.740+0000] {logging_mixin.py:190} INFO - [2025-07-15T14:47:20.740+0000] {dag.py:3239} INFO - Sync 3 DAGs
[2025-07-15T14:47:20.768+0000] {logging_mixin.py:190} INFO - [2025-07-15T14:47:20.768+0000] {dag.py:4180} INFO - Setting next_dagrun for dataset_with_extra_by_context to 2025-07-14 00:00:00+00:00, run_after=2025-07-15 00:00:00+00:00
[2025-07-15T14:47:20.770+0000] {logging_mixin.py:190} INFO - [2025-07-15T14:47:20.770+0000] {dag.py:4180} INFO - Setting next_dagrun for dataset_with_extra_by_yield to 2025-07-14 00:00:00+00:00, run_after=2025-07-15 00:00:00+00:00
[2025-07-15T14:47:20.772+0000] {logging_mixin.py:190} INFO - [2025-07-15T14:47:20.772+0000] {dag.py:4180} INFO - Setting next_dagrun for dataset_with_extra_from_classic_operator to 2025-07-14 00:00:00+00:00, run_after=2025-07-15 00:00:00+00:00
[2025-07-15T14:47:20.789+0000] {processor.py:208} INFO - Processing /home/airflow/.local/lib/python3.12/site-packages/airflow/example_dags/example_outlet_event_extra.py took 0.258 seconds
[2025-07-15T14:47:51.526+0000] {processor.py:186} INFO - Started process (PID=940) to work on /home/airflow/.local/lib/python3.12/site-packages/airflow/example_dags/example_outlet_event_extra.py
[2025-07-15T14:47:51.531+0000] {processor.py:914} INFO - Processing file /home/airflow/.local/lib/python3.12/site-packages/airflow/example_dags/example_outlet_event_extra.py for tasks to queue
[2025-07-15T14:47:51.533+0000] {logging_mixin.py:190} INFO - [2025-07-15T14:47:51.533+0000] {dagbag.py:588} INFO - Filling up the DagBag from /home/airflow/.local/lib/python3.12/site-packages/airflow/example_dags/example_outlet_event_extra.py
[2025-07-15T14:47:51.655+0000] {processor.py:925} INFO - DAG(s) 'dataset_with_extra_by_context', 'dataset_with_extra_from_classic_operator', 'dataset_with_extra_by_yield' retrieved from /home/airflow/.local/lib/python3.12/site-packages/airflow/example_dags/example_outlet_event_extra.py
[2025-07-15T14:47:51.676+0000] {logging_mixin.py:190} INFO - [2025-07-15T14:47:51.675+0000] {dag.py:3239} INFO - Sync 3 DAGs
[2025-07-15T14:47:51.692+0000] {logging_mixin.py:190} INFO - [2025-07-15T14:47:51.692+0000] {dag.py:4180} INFO - Setting next_dagrun for dataset_with_extra_by_context to 2025-07-14 00:00:00+00:00, run_after=2025-07-15 00:00:00+00:00
[2025-07-15T14:47:51.694+0000] {logging_mixin.py:190} INFO - [2025-07-15T14:47:51.694+0000] {dag.py:4180} INFO - Setting next_dagrun for dataset_with_extra_by_yield to 2025-07-14 00:00:00+00:00, run_after=2025-07-15 00:00:00+00:00
[2025-07-15T14:47:51.696+0000] {logging_mixin.py:190} INFO - [2025-07-15T14:47:51.695+0000] {dag.py:4180} INFO - Setting next_dagrun for dataset_with_extra_from_classic_operator to 2025-07-14 00:00:00+00:00, run_after=2025-07-15 00:00:00+00:00
[2025-07-15T14:47:51.709+0000] {processor.py:208} INFO - Processing /home/airflow/.local/lib/python3.12/site-packages/airflow/example_dags/example_outlet_event_extra.py took 0.191 seconds
[2025-07-15T14:48:22.321+0000] {processor.py:186} INFO - Started process (PID=1002) to work on /home/airflow/.local/lib/python3.12/site-packages/airflow/example_dags/example_outlet_event_extra.py
[2025-07-15T14:48:22.323+0000] {processor.py:914} INFO - Processing file /home/airflow/.local/lib/python3.12/site-packages/airflow/example_dags/example_outlet_event_extra.py for tasks to queue
[2025-07-15T14:48:22.328+0000] {logging_mixin.py:190} INFO - [2025-07-15T14:48:22.327+0000] {dagbag.py:588} INFO - Filling up the DagBag from /home/airflow/.local/lib/python3.12/site-packages/airflow/example_dags/example_outlet_event_extra.py
[2025-07-15T14:48:22.492+0000] {processor.py:925} INFO - DAG(s) 'dataset_with_extra_from_classic_operator', 'dataset_with_extra_by_context', 'dataset_with_extra_by_yield' retrieved from /home/airflow/.local/lib/python3.12/site-packages/airflow/example_dags/example_outlet_event_extra.py
[2025-07-15T14:48:22.526+0000] {logging_mixin.py:190} INFO - [2025-07-15T14:48:22.525+0000] {dag.py:3239} INFO - Sync 3 DAGs
[2025-07-15T14:48:22.587+0000] {logging_mixin.py:190} INFO - [2025-07-15T14:48:22.587+0000] {dag.py:4180} INFO - Setting next_dagrun for dataset_with_extra_by_context to 2025-07-14 00:00:00+00:00, run_after=2025-07-15 00:00:00+00:00
[2025-07-15T14:48:22.591+0000] {logging_mixin.py:190} INFO - [2025-07-15T14:48:22.591+0000] {dag.py:4180} INFO - Setting next_dagrun for dataset_with_extra_by_yield to 2025-07-14 00:00:00+00:00, run_after=2025-07-15 00:00:00+00:00
[2025-07-15T14:48:22.597+0000] {logging_mixin.py:190} INFO - [2025-07-15T14:48:22.597+0000] {dag.py:4180} INFO - Setting next_dagrun for dataset_with_extra_from_classic_operator to 2025-07-14 00:00:00+00:00, run_after=2025-07-15 00:00:00+00:00
[2025-07-15T14:48:22.616+0000] {processor.py:208} INFO - Processing /home/airflow/.local/lib/python3.12/site-packages/airflow/example_dags/example_outlet_event_extra.py took 0.309 seconds
[2025-07-15T14:48:52.701+0000] {processor.py:186} INFO - Started process (PID=1064) to work on /home/airflow/.local/lib/python3.12/site-packages/airflow/example_dags/example_outlet_event_extra.py
[2025-07-15T14:48:52.703+0000] {processor.py:914} INFO - Processing file /home/airflow/.local/lib/python3.12/site-packages/airflow/example_dags/example_outlet_event_extra.py for tasks to queue
[2025-07-15T14:48:52.706+0000] {logging_mixin.py:190} INFO - [2025-07-15T14:48:52.705+0000] {dagbag.py:588} INFO - Filling up the DagBag from /home/airflow/.local/lib/python3.12/site-packages/airflow/example_dags/example_outlet_event_extra.py
[2025-07-15T14:48:52.833+0000] {processor.py:925} INFO - DAG(s) 'dataset_with_extra_from_classic_operator', 'dataset_with_extra_by_yield', 'dataset_with_extra_by_context' retrieved from /home/airflow/.local/lib/python3.12/site-packages/airflow/example_dags/example_outlet_event_extra.py
[2025-07-15T14:48:52.849+0000] {logging_mixin.py:190} INFO - [2025-07-15T14:48:52.849+0000] {dag.py:3239} INFO - Sync 3 DAGs
[2025-07-15T14:48:52.880+0000] {logging_mixin.py:190} INFO - [2025-07-15T14:48:52.880+0000] {dag.py:4180} INFO - Setting next_dagrun for dataset_with_extra_by_context to 2025-07-14 00:00:00+00:00, run_after=2025-07-15 00:00:00+00:00
[2025-07-15T14:48:52.889+0000] {logging_mixin.py:190} INFO - [2025-07-15T14:48:52.889+0000] {dag.py:4180} INFO - Setting next_dagrun for dataset_with_extra_by_yield to 2025-07-14 00:00:00+00:00, run_after=2025-07-15 00:00:00+00:00
[2025-07-15T14:48:52.891+0000] {logging_mixin.py:190} INFO - [2025-07-15T14:48:52.891+0000] {dag.py:4180} INFO - Setting next_dagrun for dataset_with_extra_from_classic_operator to 2025-07-14 00:00:00+00:00, run_after=2025-07-15 00:00:00+00:00
[2025-07-15T14:48:52.920+0000] {processor.py:208} INFO - Processing /home/airflow/.local/lib/python3.12/site-packages/airflow/example_dags/example_outlet_event_extra.py took 0.229 seconds
[2025-07-15T14:49:23.243+0000] {processor.py:186} INFO - Started process (PID=1126) to work on /home/airflow/.local/lib/python3.12/site-packages/airflow/example_dags/example_outlet_event_extra.py
[2025-07-15T14:49:23.246+0000] {processor.py:914} INFO - Processing file /home/airflow/.local/lib/python3.12/site-packages/airflow/example_dags/example_outlet_event_extra.py for tasks to queue
[2025-07-15T14:49:23.249+0000] {logging_mixin.py:190} INFO - [2025-07-15T14:49:23.249+0000] {dagbag.py:588} INFO - Filling up the DagBag from /home/airflow/.local/lib/python3.12/site-packages/airflow/example_dags/example_outlet_event_extra.py
[2025-07-15T14:49:23.374+0000] {processor.py:925} INFO - DAG(s) 'dataset_with_extra_from_classic_operator', 'dataset_with_extra_by_yield', 'dataset_with_extra_by_context' retrieved from /home/airflow/.local/lib/python3.12/site-packages/airflow/example_dags/example_outlet_event_extra.py
[2025-07-15T14:49:23.403+0000] {logging_mixin.py:190} INFO - [2025-07-15T14:49:23.402+0000] {dag.py:3239} INFO - Sync 3 DAGs
[2025-07-15T14:49:23.420+0000] {logging_mixin.py:190} INFO - [2025-07-15T14:49:23.420+0000] {dag.py:4180} INFO - Setting next_dagrun for dataset_with_extra_by_context to 2025-07-14 00:00:00+00:00, run_after=2025-07-15 00:00:00+00:00
[2025-07-15T14:49:23.424+0000] {logging_mixin.py:190} INFO - [2025-07-15T14:49:23.424+0000] {dag.py:4180} INFO - Setting next_dagrun for dataset_with_extra_by_yield to 2025-07-14 00:00:00+00:00, run_after=2025-07-15 00:00:00+00:00
[2025-07-15T14:49:23.428+0000] {logging_mixin.py:190} INFO - [2025-07-15T14:49:23.427+0000] {dag.py:4180} INFO - Setting next_dagrun for dataset_with_extra_from_classic_operator to 2025-07-14 00:00:00+00:00, run_after=2025-07-15 00:00:00+00:00
[2025-07-15T14:49:23.445+0000] {processor.py:208} INFO - Processing /home/airflow/.local/lib/python3.12/site-packages/airflow/example_dags/example_outlet_event_extra.py took 0.213 seconds
[2025-07-15T14:49:54.053+0000] {processor.py:186} INFO - Started process (PID=1188) to work on /home/airflow/.local/lib/python3.12/site-packages/airflow/example_dags/example_outlet_event_extra.py
[2025-07-15T14:49:54.056+0000] {processor.py:914} INFO - Processing file /home/airflow/.local/lib/python3.12/site-packages/airflow/example_dags/example_outlet_event_extra.py for tasks to queue
[2025-07-15T14:49:54.063+0000] {logging_mixin.py:190} INFO - [2025-07-15T14:49:54.062+0000] {dagbag.py:588} INFO - Filling up the DagBag from /home/airflow/.local/lib/python3.12/site-packages/airflow/example_dags/example_outlet_event_extra.py
[2025-07-15T14:49:54.212+0000] {processor.py:925} INFO - DAG(s) 'dataset_with_extra_by_context', 'dataset_with_extra_by_yield', 'dataset_with_extra_from_classic_operator' retrieved from /home/airflow/.local/lib/python3.12/site-packages/airflow/example_dags/example_outlet_event_extra.py
[2025-07-15T14:49:54.272+0000] {logging_mixin.py:190} INFO - [2025-07-15T14:49:54.269+0000] {dag.py:3239} INFO - Sync 3 DAGs
[2025-07-15T14:49:54.300+0000] {logging_mixin.py:190} INFO - [2025-07-15T14:49:54.300+0000] {dag.py:4180} INFO - Setting next_dagrun for dataset_with_extra_by_context to 2025-07-14 00:00:00+00:00, run_after=2025-07-15 00:00:00+00:00
[2025-07-15T14:49:54.308+0000] {logging_mixin.py:190} INFO - [2025-07-15T14:49:54.308+0000] {dag.py:4180} INFO - Setting next_dagrun for dataset_with_extra_by_yield to 2025-07-14 00:00:00+00:00, run_after=2025-07-15 00:00:00+00:00
[2025-07-15T14:49:54.312+0000] {logging_mixin.py:190} INFO - [2025-07-15T14:49:54.311+0000] {dag.py:4180} INFO - Setting next_dagrun for dataset_with_extra_from_classic_operator to 2025-07-14 00:00:00+00:00, run_after=2025-07-15 00:00:00+00:00
[2025-07-15T14:49:54.328+0000] {processor.py:208} INFO - Processing /home/airflow/.local/lib/python3.12/site-packages/airflow/example_dags/example_outlet_event_extra.py took 0.291 seconds
[2025-07-15T14:50:25.026+0000] {processor.py:186} INFO - Started process (PID=1250) to work on /home/airflow/.local/lib/python3.12/site-packages/airflow/example_dags/example_outlet_event_extra.py
[2025-07-15T14:50:25.028+0000] {processor.py:914} INFO - Processing file /home/airflow/.local/lib/python3.12/site-packages/airflow/example_dags/example_outlet_event_extra.py for tasks to queue
[2025-07-15T14:50:25.030+0000] {logging_mixin.py:190} INFO - [2025-07-15T14:50:25.030+0000] {dagbag.py:588} INFO - Filling up the DagBag from /home/airflow/.local/lib/python3.12/site-packages/airflow/example_dags/example_outlet_event_extra.py
[2025-07-15T14:50:25.143+0000] {processor.py:925} INFO - DAG(s) 'dataset_with_extra_by_context', 'dataset_with_extra_from_classic_operator', 'dataset_with_extra_by_yield' retrieved from /home/airflow/.local/lib/python3.12/site-packages/airflow/example_dags/example_outlet_event_extra.py
[2025-07-15T14:50:25.161+0000] {logging_mixin.py:190} INFO - [2025-07-15T14:50:25.161+0000] {dag.py:3239} INFO - Sync 3 DAGs
[2025-07-15T14:50:25.172+0000] {logging_mixin.py:190} INFO - [2025-07-15T14:50:25.172+0000] {dag.py:4180} INFO - Setting next_dagrun for dataset_with_extra_by_context to 2025-07-14 00:00:00+00:00, run_after=2025-07-15 00:00:00+00:00
[2025-07-15T14:50:25.175+0000] {logging_mixin.py:190} INFO - [2025-07-15T14:50:25.175+0000] {dag.py:4180} INFO - Setting next_dagrun for dataset_with_extra_by_yield to 2025-07-14 00:00:00+00:00, run_after=2025-07-15 00:00:00+00:00
[2025-07-15T14:50:25.176+0000] {logging_mixin.py:190} INFO - [2025-07-15T14:50:25.176+0000] {dag.py:4180} INFO - Setting next_dagrun for dataset_with_extra_from_classic_operator to 2025-07-14 00:00:00+00:00, run_after=2025-07-15 00:00:00+00:00
[2025-07-15T14:50:25.194+0000] {processor.py:208} INFO - Processing /home/airflow/.local/lib/python3.12/site-packages/airflow/example_dags/example_outlet_event_extra.py took 0.176 seconds
[2025-07-15T14:50:55.643+0000] {processor.py:186} INFO - Started process (PID=1312) to work on /home/airflow/.local/lib/python3.12/site-packages/airflow/example_dags/example_outlet_event_extra.py
[2025-07-15T14:50:55.645+0000] {processor.py:914} INFO - Processing file /home/airflow/.local/lib/python3.12/site-packages/airflow/example_dags/example_outlet_event_extra.py for tasks to queue
[2025-07-15T14:50:55.647+0000] {logging_mixin.py:190} INFO - [2025-07-15T14:50:55.647+0000] {dagbag.py:588} INFO - Filling up the DagBag from /home/airflow/.local/lib/python3.12/site-packages/airflow/example_dags/example_outlet_event_extra.py
[2025-07-15T14:50:55.765+0000] {processor.py:925} INFO - DAG(s) 'dataset_with_extra_from_classic_operator', 'dataset_with_extra_by_yield', 'dataset_with_extra_by_context' retrieved from /home/airflow/.local/lib/python3.12/site-packages/airflow/example_dags/example_outlet_event_extra.py
[2025-07-15T14:50:55.785+0000] {logging_mixin.py:190} INFO - [2025-07-15T14:50:55.785+0000] {dag.py:3239} INFO - Sync 3 DAGs
[2025-07-15T14:50:55.800+0000] {logging_mixin.py:190} INFO - [2025-07-15T14:50:55.799+0000] {dag.py:4180} INFO - Setting next_dagrun for dataset_with_extra_by_context to 2025-07-14 00:00:00+00:00, run_after=2025-07-15 00:00:00+00:00
[2025-07-15T14:50:55.802+0000] {logging_mixin.py:190} INFO - [2025-07-15T14:50:55.802+0000] {dag.py:4180} INFO - Setting next_dagrun for dataset_with_extra_by_yield to 2025-07-14 00:00:00+00:00, run_after=2025-07-15 00:00:00+00:00
[2025-07-15T14:50:55.803+0000] {logging_mixin.py:190} INFO - [2025-07-15T14:50:55.803+0000] {dag.py:4180} INFO - Setting next_dagrun for dataset_with_extra_from_classic_operator to 2025-07-14 00:00:00+00:00, run_after=2025-07-15 00:00:00+00:00
[2025-07-15T14:50:55.818+0000] {processor.py:208} INFO - Processing /home/airflow/.local/lib/python3.12/site-packages/airflow/example_dags/example_outlet_event_extra.py took 0.183 seconds
[2025-07-15T14:51:26.614+0000] {processor.py:186} INFO - Started process (PID=1374) to work on /home/airflow/.local/lib/python3.12/site-packages/airflow/example_dags/example_outlet_event_extra.py
[2025-07-15T14:51:26.616+0000] {processor.py:914} INFO - Processing file /home/airflow/.local/lib/python3.12/site-packages/airflow/example_dags/example_outlet_event_extra.py for tasks to queue
[2025-07-15T14:51:26.620+0000] {logging_mixin.py:190} INFO - [2025-07-15T14:51:26.620+0000] {dagbag.py:588} INFO - Filling up the DagBag from /home/airflow/.local/lib/python3.12/site-packages/airflow/example_dags/example_outlet_event_extra.py
[2025-07-15T14:51:26.742+0000] {processor.py:925} INFO - DAG(s) 'dataset_with_extra_by_context', 'dataset_with_extra_from_classic_operator', 'dataset_with_extra_by_yield' retrieved from /home/airflow/.local/lib/python3.12/site-packages/airflow/example_dags/example_outlet_event_extra.py
[2025-07-15T14:51:26.763+0000] {logging_mixin.py:190} INFO - [2025-07-15T14:51:26.763+0000] {dag.py:3239} INFO - Sync 3 DAGs
[2025-07-15T14:51:26.778+0000] {logging_mixin.py:190} INFO - [2025-07-15T14:51:26.777+0000] {dag.py:4180} INFO - Setting next_dagrun for dataset_with_extra_by_context to 2025-07-14 00:00:00+00:00, run_after=2025-07-15 00:00:00+00:00
[2025-07-15T14:51:26.780+0000] {logging_mixin.py:190} INFO - [2025-07-15T14:51:26.780+0000] {dag.py:4180} INFO - Setting next_dagrun for dataset_with_extra_by_yield to 2025-07-14 00:00:00+00:00, run_after=2025-07-15 00:00:00+00:00
[2025-07-15T14:51:26.781+0000] {logging_mixin.py:190} INFO - [2025-07-15T14:51:26.781+0000] {dag.py:4180} INFO - Setting next_dagrun for dataset_with_extra_from_classic_operator to 2025-07-14 00:00:00+00:00, run_after=2025-07-15 00:00:00+00:00
[2025-07-15T14:51:26.793+0000] {processor.py:208} INFO - Processing /home/airflow/.local/lib/python3.12/site-packages/airflow/example_dags/example_outlet_event_extra.py took 0.189 seconds
[2025-07-15T14:51:57.523+0000] {processor.py:186} INFO - Started process (PID=1436) to work on /home/airflow/.local/lib/python3.12/site-packages/airflow/example_dags/example_outlet_event_extra.py
[2025-07-15T14:51:57.524+0000] {processor.py:914} INFO - Processing file /home/airflow/.local/lib/python3.12/site-packages/airflow/example_dags/example_outlet_event_extra.py for tasks to queue
[2025-07-15T14:51:57.527+0000] {logging_mixin.py:190} INFO - [2025-07-15T14:51:57.526+0000] {dagbag.py:588} INFO - Filling up the DagBag from /home/airflow/.local/lib/python3.12/site-packages/airflow/example_dags/example_outlet_event_extra.py
[2025-07-15T14:51:57.644+0000] {processor.py:925} INFO - DAG(s) 'dataset_with_extra_from_classic_operator', 'dataset_with_extra_by_yield', 'dataset_with_extra_by_context' retrieved from /home/airflow/.local/lib/python3.12/site-packages/airflow/example_dags/example_outlet_event_extra.py
[2025-07-15T14:51:57.666+0000] {logging_mixin.py:190} INFO - [2025-07-15T14:51:57.666+0000] {dag.py:3239} INFO - Sync 3 DAGs
[2025-07-15T14:51:57.679+0000] {logging_mixin.py:190} INFO - [2025-07-15T14:51:57.679+0000] {dag.py:4180} INFO - Setting next_dagrun for dataset_with_extra_by_context to 2025-07-14 00:00:00+00:00, run_after=2025-07-15 00:00:00+00:00
[2025-07-15T14:51:57.681+0000] {logging_mixin.py:190} INFO - [2025-07-15T14:51:57.681+0000] {dag.py:4180} INFO - Setting next_dagrun for dataset_with_extra_by_yield to 2025-07-14 00:00:00+00:00, run_after=2025-07-15 00:00:00+00:00
[2025-07-15T14:51:57.682+0000] {logging_mixin.py:190} INFO - [2025-07-15T14:51:57.682+0000] {dag.py:4180} INFO - Setting next_dagrun for dataset_with_extra_from_classic_operator to 2025-07-14 00:00:00+00:00, run_after=2025-07-15 00:00:00+00:00
[2025-07-15T14:51:57.697+0000] {processor.py:208} INFO - Processing /home/airflow/.local/lib/python3.12/site-packages/airflow/example_dags/example_outlet_event_extra.py took 0.183 seconds
[2025-07-15T14:52:27.901+0000] {processor.py:186} INFO - Started process (PID=1498) to work on /home/airflow/.local/lib/python3.12/site-packages/airflow/example_dags/example_outlet_event_extra.py
[2025-07-15T14:52:27.903+0000] {processor.py:914} INFO - Processing file /home/airflow/.local/lib/python3.12/site-packages/airflow/example_dags/example_outlet_event_extra.py for tasks to queue
[2025-07-15T14:52:27.906+0000] {logging_mixin.py:190} INFO - [2025-07-15T14:52:27.906+0000] {dagbag.py:588} INFO - Filling up the DagBag from /home/airflow/.local/lib/python3.12/site-packages/airflow/example_dags/example_outlet_event_extra.py
[2025-07-15T14:52:28.080+0000] {processor.py:925} INFO - DAG(s) 'dataset_with_extra_by_context', 'dataset_with_extra_from_classic_operator', 'dataset_with_extra_by_yield' retrieved from /home/airflow/.local/lib/python3.12/site-packages/airflow/example_dags/example_outlet_event_extra.py
[2025-07-15T14:52:28.121+0000] {logging_mixin.py:190} INFO - [2025-07-15T14:52:28.121+0000] {dag.py:3239} INFO - Sync 3 DAGs
[2025-07-15T14:52:28.148+0000] {logging_mixin.py:190} INFO - [2025-07-15T14:52:28.147+0000] {dag.py:4180} INFO - Setting next_dagrun for dataset_with_extra_by_context to 2025-07-14 00:00:00+00:00, run_after=2025-07-15 00:00:00+00:00
[2025-07-15T14:52:28.151+0000] {logging_mixin.py:190} INFO - [2025-07-15T14:52:28.151+0000] {dag.py:4180} INFO - Setting next_dagrun for dataset_with_extra_by_yield to 2025-07-14 00:00:00+00:00, run_after=2025-07-15 00:00:00+00:00
[2025-07-15T14:52:28.153+0000] {logging_mixin.py:190} INFO - [2025-07-15T14:52:28.153+0000] {dag.py:4180} INFO - Setting next_dagrun for dataset_with_extra_from_classic_operator to 2025-07-14 00:00:00+00:00, run_after=2025-07-15 00:00:00+00:00
[2025-07-15T14:52:28.175+0000] {processor.py:208} INFO - Processing /home/airflow/.local/lib/python3.12/site-packages/airflow/example_dags/example_outlet_event_extra.py took 0.282 seconds
[2025-07-15T15:36:45.880+0000] {processor.py:186} INFO - Started process (PID=65) to work on /home/airflow/.local/lib/python3.12/site-packages/airflow/example_dags/example_outlet_event_extra.py
[2025-07-15T15:36:45.888+0000] {processor.py:914} INFO - Processing file /home/airflow/.local/lib/python3.12/site-packages/airflow/example_dags/example_outlet_event_extra.py for tasks to queue
[2025-07-15T15:36:45.892+0000] {logging_mixin.py:190} INFO - [2025-07-15T15:36:45.891+0000] {dagbag.py:588} INFO - Filling up the DagBag from /home/airflow/.local/lib/python3.12/site-packages/airflow/example_dags/example_outlet_event_extra.py
[2025-07-15T15:36:46.548+0000] {processor.py:925} INFO - DAG(s) 'dataset_with_extra_from_classic_operator', 'dataset_with_extra_by_context', 'dataset_with_extra_by_yield' retrieved from /home/airflow/.local/lib/python3.12/site-packages/airflow/example_dags/example_outlet_event_extra.py
[2025-07-15T15:36:46.577+0000] {logging_mixin.py:190} INFO - [2025-07-15T15:36:46.576+0000] {dag.py:3239} INFO - Sync 3 DAGs
[2025-07-15T15:36:46.594+0000] {logging_mixin.py:190} INFO - [2025-07-15T15:36:46.594+0000] {dag.py:4180} INFO - Setting next_dagrun for dataset_with_extra_by_context to 2025-07-14 00:00:00+00:00, run_after=2025-07-15 00:00:00+00:00
[2025-07-15T15:36:46.597+0000] {logging_mixin.py:190} INFO - [2025-07-15T15:36:46.597+0000] {dag.py:4180} INFO - Setting next_dagrun for dataset_with_extra_by_yield to 2025-07-14 00:00:00+00:00, run_after=2025-07-15 00:00:00+00:00
[2025-07-15T15:36:46.598+0000] {logging_mixin.py:190} INFO - [2025-07-15T15:36:46.598+0000] {dag.py:4180} INFO - Setting next_dagrun for dataset_with_extra_from_classic_operator to 2025-07-14 00:00:00+00:00, run_after=2025-07-15 00:00:00+00:00
[2025-07-15T15:36:46.622+0000] {processor.py:208} INFO - Processing /home/airflow/.local/lib/python3.12/site-packages/airflow/example_dags/example_outlet_event_extra.py took 0.780 seconds
[2025-07-15T15:37:17.593+0000] {processor.py:186} INFO - Started process (PID=129) to work on /home/airflow/.local/lib/python3.12/site-packages/airflow/example_dags/example_outlet_event_extra.py
[2025-07-15T15:37:17.596+0000] {processor.py:914} INFO - Processing file /home/airflow/.local/lib/python3.12/site-packages/airflow/example_dags/example_outlet_event_extra.py for tasks to queue
[2025-07-15T15:37:17.600+0000] {logging_mixin.py:190} INFO - [2025-07-15T15:37:17.600+0000] {dagbag.py:588} INFO - Filling up the DagBag from /home/airflow/.local/lib/python3.12/site-packages/airflow/example_dags/example_outlet_event_extra.py
[2025-07-15T15:37:17.732+0000] {processor.py:925} INFO - DAG(s) 'dataset_with_extra_by_yield', 'dataset_with_extra_by_context', 'dataset_with_extra_from_classic_operator' retrieved from /home/airflow/.local/lib/python3.12/site-packages/airflow/example_dags/example_outlet_event_extra.py
[2025-07-15T15:37:17.755+0000] {logging_mixin.py:190} INFO - [2025-07-15T15:37:17.754+0000] {dag.py:3239} INFO - Sync 3 DAGs
[2025-07-15T15:37:17.771+0000] {logging_mixin.py:190} INFO - [2025-07-15T15:37:17.770+0000] {dag.py:4180} INFO - Setting next_dagrun for dataset_with_extra_by_context to 2025-07-14 00:00:00+00:00, run_after=2025-07-15 00:00:00+00:00
[2025-07-15T15:37:17.774+0000] {logging_mixin.py:190} INFO - [2025-07-15T15:37:17.774+0000] {dag.py:4180} INFO - Setting next_dagrun for dataset_with_extra_by_yield to 2025-07-14 00:00:00+00:00, run_after=2025-07-15 00:00:00+00:00
[2025-07-15T15:37:17.778+0000] {logging_mixin.py:190} INFO - [2025-07-15T15:37:17.778+0000] {dag.py:4180} INFO - Setting next_dagrun for dataset_with_extra_from_classic_operator to 2025-07-14 00:00:00+00:00, run_after=2025-07-15 00:00:00+00:00
[2025-07-15T15:37:17.799+0000] {processor.py:208} INFO - Processing /home/airflow/.local/lib/python3.12/site-packages/airflow/example_dags/example_outlet_event_extra.py took 0.216 seconds
[2025-07-15T15:37:48.744+0000] {processor.py:186} INFO - Started process (PID=190) to work on /home/airflow/.local/lib/python3.12/site-packages/airflow/example_dags/example_outlet_event_extra.py
[2025-07-15T15:37:48.746+0000] {processor.py:914} INFO - Processing file /home/airflow/.local/lib/python3.12/site-packages/airflow/example_dags/example_outlet_event_extra.py for tasks to queue
[2025-07-15T15:37:48.748+0000] {logging_mixin.py:190} INFO - [2025-07-15T15:37:48.748+0000] {dagbag.py:588} INFO - Filling up the DagBag from /home/airflow/.local/lib/python3.12/site-packages/airflow/example_dags/example_outlet_event_extra.py
[2025-07-15T15:37:48.861+0000] {processor.py:925} INFO - DAG(s) 'dataset_with_extra_by_context', 'dataset_with_extra_by_yield', 'dataset_with_extra_from_classic_operator' retrieved from /home/airflow/.local/lib/python3.12/site-packages/airflow/example_dags/example_outlet_event_extra.py
[2025-07-15T15:37:48.881+0000] {logging_mixin.py:190} INFO - [2025-07-15T15:37:48.881+0000] {dag.py:3239} INFO - Sync 3 DAGs
[2025-07-15T15:37:48.896+0000] {logging_mixin.py:190} INFO - [2025-07-15T15:37:48.895+0000] {dag.py:4180} INFO - Setting next_dagrun for dataset_with_extra_by_context to 2025-07-14 00:00:00+00:00, run_after=2025-07-15 00:00:00+00:00
[2025-07-15T15:37:48.900+0000] {logging_mixin.py:190} INFO - [2025-07-15T15:37:48.900+0000] {dag.py:4180} INFO - Setting next_dagrun for dataset_with_extra_by_yield to 2025-07-14 00:00:00+00:00, run_after=2025-07-15 00:00:00+00:00
[2025-07-15T15:37:48.901+0000] {logging_mixin.py:190} INFO - [2025-07-15T15:37:48.901+0000] {dag.py:4180} INFO - Setting next_dagrun for dataset_with_extra_from_classic_operator to 2025-07-14 00:00:00+00:00, run_after=2025-07-15 00:00:00+00:00
[2025-07-15T15:37:48.914+0000] {processor.py:208} INFO - Processing /home/airflow/.local/lib/python3.12/site-packages/airflow/example_dags/example_outlet_event_extra.py took 0.176 seconds
[2025-07-15T15:38:19.413+0000] {processor.py:186} INFO - Started process (PID=252) to work on /home/airflow/.local/lib/python3.12/site-packages/airflow/example_dags/example_outlet_event_extra.py
[2025-07-15T15:38:19.415+0000] {processor.py:914} INFO - Processing file /home/airflow/.local/lib/python3.12/site-packages/airflow/example_dags/example_outlet_event_extra.py for tasks to queue
[2025-07-15T15:38:19.421+0000] {logging_mixin.py:190} INFO - [2025-07-15T15:38:19.420+0000] {dagbag.py:588} INFO - Filling up the DagBag from /home/airflow/.local/lib/python3.12/site-packages/airflow/example_dags/example_outlet_event_extra.py
[2025-07-15T15:38:19.547+0000] {processor.py:925} INFO - DAG(s) 'dataset_with_extra_by_yield', 'dataset_with_extra_by_context', 'dataset_with_extra_from_classic_operator' retrieved from /home/airflow/.local/lib/python3.12/site-packages/airflow/example_dags/example_outlet_event_extra.py
[2025-07-15T15:38:19.568+0000] {logging_mixin.py:190} INFO - [2025-07-15T15:38:19.568+0000] {dag.py:3239} INFO - Sync 3 DAGs
[2025-07-15T15:38:19.589+0000] {logging_mixin.py:190} INFO - [2025-07-15T15:38:19.589+0000] {dag.py:4180} INFO - Setting next_dagrun for dataset_with_extra_by_context to 2025-07-14 00:00:00+00:00, run_after=2025-07-15 00:00:00+00:00
[2025-07-15T15:38:19.592+0000] {logging_mixin.py:190} INFO - [2025-07-15T15:38:19.592+0000] {dag.py:4180} INFO - Setting next_dagrun for dataset_with_extra_by_yield to 2025-07-14 00:00:00+00:00, run_after=2025-07-15 00:00:00+00:00
[2025-07-15T15:38:19.593+0000] {logging_mixin.py:190} INFO - [2025-07-15T15:38:19.593+0000] {dag.py:4180} INFO - Setting next_dagrun for dataset_with_extra_from_classic_operator to 2025-07-14 00:00:00+00:00, run_after=2025-07-15 00:00:00+00:00
[2025-07-15T15:38:19.609+0000] {processor.py:208} INFO - Processing /home/airflow/.local/lib/python3.12/site-packages/airflow/example_dags/example_outlet_event_extra.py took 0.211 seconds
[2025-07-15T15:38:50.223+0000] {processor.py:186} INFO - Started process (PID=314) to work on /home/airflow/.local/lib/python3.12/site-packages/airflow/example_dags/example_outlet_event_extra.py
[2025-07-15T15:38:50.225+0000] {processor.py:914} INFO - Processing file /home/airflow/.local/lib/python3.12/site-packages/airflow/example_dags/example_outlet_event_extra.py for tasks to queue
[2025-07-15T15:38:50.227+0000] {logging_mixin.py:190} INFO - [2025-07-15T15:38:50.227+0000] {dagbag.py:588} INFO - Filling up the DagBag from /home/airflow/.local/lib/python3.12/site-packages/airflow/example_dags/example_outlet_event_extra.py
[2025-07-15T15:38:50.386+0000] {processor.py:925} INFO - DAG(s) 'dataset_with_extra_by_yield', 'dataset_with_extra_by_context', 'dataset_with_extra_from_classic_operator' retrieved from /home/airflow/.local/lib/python3.12/site-packages/airflow/example_dags/example_outlet_event_extra.py
[2025-07-15T15:38:50.414+0000] {logging_mixin.py:190} INFO - [2025-07-15T15:38:50.413+0000] {dag.py:3239} INFO - Sync 3 DAGs
[2025-07-15T15:38:50.443+0000] {logging_mixin.py:190} INFO - [2025-07-15T15:38:50.443+0000] {dag.py:4180} INFO - Setting next_dagrun for dataset_with_extra_by_context to 2025-07-14 00:00:00+00:00, run_after=2025-07-15 00:00:00+00:00
[2025-07-15T15:38:50.447+0000] {logging_mixin.py:190} INFO - [2025-07-15T15:38:50.446+0000] {dag.py:4180} INFO - Setting next_dagrun for dataset_with_extra_by_yield to 2025-07-14 00:00:00+00:00, run_after=2025-07-15 00:00:00+00:00
[2025-07-15T15:38:50.448+0000] {logging_mixin.py:190} INFO - [2025-07-15T15:38:50.448+0000] {dag.py:4180} INFO - Setting next_dagrun for dataset_with_extra_from_classic_operator to 2025-07-14 00:00:00+00:00, run_after=2025-07-15 00:00:00+00:00
[2025-07-15T15:38:50.468+0000] {processor.py:208} INFO - Processing /home/airflow/.local/lib/python3.12/site-packages/airflow/example_dags/example_outlet_event_extra.py took 0.253 seconds
[2025-07-15T15:39:21.062+0000] {processor.py:186} INFO - Started process (PID=376) to work on /home/airflow/.local/lib/python3.12/site-packages/airflow/example_dags/example_outlet_event_extra.py
[2025-07-15T15:39:21.065+0000] {processor.py:914} INFO - Processing file /home/airflow/.local/lib/python3.12/site-packages/airflow/example_dags/example_outlet_event_extra.py for tasks to queue
[2025-07-15T15:39:21.069+0000] {logging_mixin.py:190} INFO - [2025-07-15T15:39:21.069+0000] {dagbag.py:588} INFO - Filling up the DagBag from /home/airflow/.local/lib/python3.12/site-packages/airflow/example_dags/example_outlet_event_extra.py
[2025-07-15T15:39:21.188+0000] {processor.py:925} INFO - DAG(s) 'dataset_with_extra_from_classic_operator', 'dataset_with_extra_by_yield', 'dataset_with_extra_by_context' retrieved from /home/airflow/.local/lib/python3.12/site-packages/airflow/example_dags/example_outlet_event_extra.py
[2025-07-15T15:39:21.208+0000] {logging_mixin.py:190} INFO - [2025-07-15T15:39:21.208+0000] {dag.py:3239} INFO - Sync 3 DAGs
[2025-07-15T15:39:21.225+0000] {logging_mixin.py:190} INFO - [2025-07-15T15:39:21.225+0000] {dag.py:4180} INFO - Setting next_dagrun for dataset_with_extra_by_context to 2025-07-14 00:00:00+00:00, run_after=2025-07-15 00:00:00+00:00
[2025-07-15T15:39:21.228+0000] {logging_mixin.py:190} INFO - [2025-07-15T15:39:21.228+0000] {dag.py:4180} INFO - Setting next_dagrun for dataset_with_extra_by_yield to 2025-07-14 00:00:00+00:00, run_after=2025-07-15 00:00:00+00:00
[2025-07-15T15:39:21.230+0000] {logging_mixin.py:190} INFO - [2025-07-15T15:39:21.230+0000] {dag.py:4180} INFO - Setting next_dagrun for dataset_with_extra_from_classic_operator to 2025-07-14 00:00:00+00:00, run_after=2025-07-15 00:00:00+00:00
[2025-07-15T15:39:21.246+0000] {processor.py:208} INFO - Processing /home/airflow/.local/lib/python3.12/site-packages/airflow/example_dags/example_outlet_event_extra.py took 0.192 seconds
[2025-07-15T15:39:51.861+0000] {processor.py:186} INFO - Started process (PID=438) to work on /home/airflow/.local/lib/python3.12/site-packages/airflow/example_dags/example_outlet_event_extra.py
[2025-07-15T15:39:51.862+0000] {processor.py:914} INFO - Processing file /home/airflow/.local/lib/python3.12/site-packages/airflow/example_dags/example_outlet_event_extra.py for tasks to queue
[2025-07-15T15:39:51.870+0000] {logging_mixin.py:190} INFO - [2025-07-15T15:39:51.869+0000] {dagbag.py:588} INFO - Filling up the DagBag from /home/airflow/.local/lib/python3.12/site-packages/airflow/example_dags/example_outlet_event_extra.py
[2025-07-15T15:39:52.017+0000] {processor.py:925} INFO - DAG(s) 'dataset_with_extra_by_yield', 'dataset_with_extra_by_context', 'dataset_with_extra_from_classic_operator' retrieved from /home/airflow/.local/lib/python3.12/site-packages/airflow/example_dags/example_outlet_event_extra.py
[2025-07-15T15:39:52.053+0000] {logging_mixin.py:190} INFO - [2025-07-15T15:39:52.053+0000] {dag.py:3239} INFO - Sync 3 DAGs
[2025-07-15T15:39:52.073+0000] {logging_mixin.py:190} INFO - [2025-07-15T15:39:52.072+0000] {dag.py:4180} INFO - Setting next_dagrun for dataset_with_extra_by_context to 2025-07-14 00:00:00+00:00, run_after=2025-07-15 00:00:00+00:00
[2025-07-15T15:39:52.078+0000] {logging_mixin.py:190} INFO - [2025-07-15T15:39:52.078+0000] {dag.py:4180} INFO - Setting next_dagrun for dataset_with_extra_by_yield to 2025-07-14 00:00:00+00:00, run_after=2025-07-15 00:00:00+00:00
[2025-07-15T15:39:52.080+0000] {logging_mixin.py:190} INFO - [2025-07-15T15:39:52.080+0000] {dag.py:4180} INFO - Setting next_dagrun for dataset_with_extra_from_classic_operator to 2025-07-14 00:00:00+00:00, run_after=2025-07-15 00:00:00+00:00
[2025-07-15T15:39:52.096+0000] {processor.py:208} INFO - Processing /home/airflow/.local/lib/python3.12/site-packages/airflow/example_dags/example_outlet_event_extra.py took 0.246 seconds
[2025-07-15T15:40:22.978+0000] {processor.py:186} INFO - Started process (PID=500) to work on /home/airflow/.local/lib/python3.12/site-packages/airflow/example_dags/example_outlet_event_extra.py
[2025-07-15T15:40:22.980+0000] {processor.py:914} INFO - Processing file /home/airflow/.local/lib/python3.12/site-packages/airflow/example_dags/example_outlet_event_extra.py for tasks to queue
[2025-07-15T15:40:22.992+0000] {logging_mixin.py:190} INFO - [2025-07-15T15:40:22.991+0000] {dagbag.py:588} INFO - Filling up the DagBag from /home/airflow/.local/lib/python3.12/site-packages/airflow/example_dags/example_outlet_event_extra.py
[2025-07-15T15:40:23.155+0000] {processor.py:925} INFO - DAG(s) 'dataset_with_extra_by_yield', 'dataset_with_extra_from_classic_operator', 'dataset_with_extra_by_context' retrieved from /home/airflow/.local/lib/python3.12/site-packages/airflow/example_dags/example_outlet_event_extra.py
[2025-07-15T15:40:23.192+0000] {logging_mixin.py:190} INFO - [2025-07-15T15:40:23.191+0000] {dag.py:3239} INFO - Sync 3 DAGs
[2025-07-15T15:40:23.213+0000] {logging_mixin.py:190} INFO - [2025-07-15T15:40:23.213+0000] {dag.py:4180} INFO - Setting next_dagrun for dataset_with_extra_by_context to 2025-07-14 00:00:00+00:00, run_after=2025-07-15 00:00:00+00:00
[2025-07-15T15:40:23.215+0000] {logging_mixin.py:190} INFO - [2025-07-15T15:40:23.215+0000] {dag.py:4180} INFO - Setting next_dagrun for dataset_with_extra_by_yield to 2025-07-14 00:00:00+00:00, run_after=2025-07-15 00:00:00+00:00
[2025-07-15T15:40:23.216+0000] {logging_mixin.py:190} INFO - [2025-07-15T15:40:23.216+0000] {dag.py:4180} INFO - Setting next_dagrun for dataset_with_extra_from_classic_operator to 2025-07-14 00:00:00+00:00, run_after=2025-07-15 00:00:00+00:00
[2025-07-15T15:40:23.233+0000] {processor.py:208} INFO - Processing /home/airflow/.local/lib/python3.12/site-packages/airflow/example_dags/example_outlet_event_extra.py took 0.272 seconds
[2025-07-15T15:40:53.570+0000] {processor.py:186} INFO - Started process (PID=562) to work on /home/airflow/.local/lib/python3.12/site-packages/airflow/example_dags/example_outlet_event_extra.py
[2025-07-15T15:40:53.572+0000] {processor.py:914} INFO - Processing file /home/airflow/.local/lib/python3.12/site-packages/airflow/example_dags/example_outlet_event_extra.py for tasks to queue
[2025-07-15T15:40:53.579+0000] {logging_mixin.py:190} INFO - [2025-07-15T15:40:53.578+0000] {dagbag.py:588} INFO - Filling up the DagBag from /home/airflow/.local/lib/python3.12/site-packages/airflow/example_dags/example_outlet_event_extra.py
[2025-07-15T15:40:53.739+0000] {processor.py:925} INFO - DAG(s) 'dataset_with_extra_by_yield', 'dataset_with_extra_by_context', 'dataset_with_extra_from_classic_operator' retrieved from /home/airflow/.local/lib/python3.12/site-packages/airflow/example_dags/example_outlet_event_extra.py
[2025-07-15T15:40:53.769+0000] {logging_mixin.py:190} INFO - [2025-07-15T15:40:53.769+0000] {dag.py:3239} INFO - Sync 3 DAGs
[2025-07-15T15:40:53.795+0000] {logging_mixin.py:190} INFO - [2025-07-15T15:40:53.794+0000] {dag.py:4180} INFO - Setting next_dagrun for dataset_with_extra_by_context to 2025-07-14 00:00:00+00:00, run_after=2025-07-15 00:00:00+00:00
[2025-07-15T15:40:53.800+0000] {logging_mixin.py:190} INFO - [2025-07-15T15:40:53.800+0000] {dag.py:4180} INFO - Setting next_dagrun for dataset_with_extra_by_yield to 2025-07-14 00:00:00+00:00, run_after=2025-07-15 00:00:00+00:00
[2025-07-15T15:40:53.803+0000] {logging_mixin.py:190} INFO - [2025-07-15T15:40:53.803+0000] {dag.py:4180} INFO - Setting next_dagrun for dataset_with_extra_from_classic_operator to 2025-07-14 00:00:00+00:00, run_after=2025-07-15 00:00:00+00:00
[2025-07-15T15:40:53.824+0000] {processor.py:208} INFO - Processing /home/airflow/.local/lib/python3.12/site-packages/airflow/example_dags/example_outlet_event_extra.py took 0.272 seconds
[2025-07-15T15:41:24.710+0000] {processor.py:186} INFO - Started process (PID=624) to work on /home/airflow/.local/lib/python3.12/site-packages/airflow/example_dags/example_outlet_event_extra.py
[2025-07-15T15:41:24.714+0000] {processor.py:914} INFO - Processing file /home/airflow/.local/lib/python3.12/site-packages/airflow/example_dags/example_outlet_event_extra.py for tasks to queue
[2025-07-15T15:41:24.723+0000] {logging_mixin.py:190} INFO - [2025-07-15T15:41:24.722+0000] {dagbag.py:588} INFO - Filling up the DagBag from /home/airflow/.local/lib/python3.12/site-packages/airflow/example_dags/example_outlet_event_extra.py
[2025-07-15T15:41:24.866+0000] {processor.py:925} INFO - DAG(s) 'dataset_with_extra_from_classic_operator', 'dataset_with_extra_by_yield', 'dataset_with_extra_by_context' retrieved from /home/airflow/.local/lib/python3.12/site-packages/airflow/example_dags/example_outlet_event_extra.py
[2025-07-15T15:41:24.893+0000] {logging_mixin.py:190} INFO - [2025-07-15T15:41:24.892+0000] {dag.py:3239} INFO - Sync 3 DAGs
[2025-07-15T15:41:24.914+0000] {logging_mixin.py:190} INFO - [2025-07-15T15:41:24.913+0000] {dag.py:4180} INFO - Setting next_dagrun for dataset_with_extra_by_context to 2025-07-14 00:00:00+00:00, run_after=2025-07-15 00:00:00+00:00
[2025-07-15T15:41:24.916+0000] {logging_mixin.py:190} INFO - [2025-07-15T15:41:24.916+0000] {dag.py:4180} INFO - Setting next_dagrun for dataset_with_extra_by_yield to 2025-07-14 00:00:00+00:00, run_after=2025-07-15 00:00:00+00:00
[2025-07-15T15:41:24.917+0000] {logging_mixin.py:190} INFO - [2025-07-15T15:41:24.917+0000] {dag.py:4180} INFO - Setting next_dagrun for dataset_with_extra_from_classic_operator to 2025-07-14 00:00:00+00:00, run_after=2025-07-15 00:00:00+00:00
[2025-07-15T15:41:24.931+0000] {processor.py:208} INFO - Processing /home/airflow/.local/lib/python3.12/site-packages/airflow/example_dags/example_outlet_event_extra.py took 0.239 seconds
[2025-07-15T15:41:55.424+0000] {processor.py:186} INFO - Started process (PID=686) to work on /home/airflow/.local/lib/python3.12/site-packages/airflow/example_dags/example_outlet_event_extra.py
[2025-07-15T15:41:55.430+0000] {processor.py:914} INFO - Processing file /home/airflow/.local/lib/python3.12/site-packages/airflow/example_dags/example_outlet_event_extra.py for tasks to queue
[2025-07-15T15:41:55.446+0000] {logging_mixin.py:190} INFO - [2025-07-15T15:41:55.446+0000] {dagbag.py:588} INFO - Filling up the DagBag from /home/airflow/.local/lib/python3.12/site-packages/airflow/example_dags/example_outlet_event_extra.py
[2025-07-15T15:41:55.873+0000] {processor.py:925} INFO - DAG(s) 'dataset_with_extra_by_yield', 'dataset_with_extra_by_context', 'dataset_with_extra_from_classic_operator' retrieved from /home/airflow/.local/lib/python3.12/site-packages/airflow/example_dags/example_outlet_event_extra.py
[2025-07-15T15:41:55.936+0000] {logging_mixin.py:190} INFO - [2025-07-15T15:41:55.936+0000] {dag.py:3239} INFO - Sync 3 DAGs
[2025-07-15T15:41:55.964+0000] {logging_mixin.py:190} INFO - [2025-07-15T15:41:55.964+0000] {dag.py:4180} INFO - Setting next_dagrun for dataset_with_extra_by_context to 2025-07-14 00:00:00+00:00, run_after=2025-07-15 00:00:00+00:00
[2025-07-15T15:41:55.969+0000] {logging_mixin.py:190} INFO - [2025-07-15T15:41:55.969+0000] {dag.py:4180} INFO - Setting next_dagrun for dataset_with_extra_by_yield to 2025-07-14 00:00:00+00:00, run_after=2025-07-15 00:00:00+00:00
[2025-07-15T15:41:55.972+0000] {logging_mixin.py:190} INFO - [2025-07-15T15:41:55.972+0000] {dag.py:4180} INFO - Setting next_dagrun for dataset_with_extra_from_classic_operator to 2025-07-14 00:00:00+00:00, run_after=2025-07-15 00:00:00+00:00
[2025-07-15T15:41:55.997+0000] {processor.py:208} INFO - Processing /home/airflow/.local/lib/python3.12/site-packages/airflow/example_dags/example_outlet_event_extra.py took 0.624 seconds
[2025-07-15T15:42:26.195+0000] {processor.py:186} INFO - Started process (PID=748) to work on /home/airflow/.local/lib/python3.12/site-packages/airflow/example_dags/example_outlet_event_extra.py
[2025-07-15T15:42:26.199+0000] {processor.py:914} INFO - Processing file /home/airflow/.local/lib/python3.12/site-packages/airflow/example_dags/example_outlet_event_extra.py for tasks to queue
[2025-07-15T15:42:26.201+0000] {logging_mixin.py:190} INFO - [2025-07-15T15:42:26.201+0000] {dagbag.py:588} INFO - Filling up the DagBag from /home/airflow/.local/lib/python3.12/site-packages/airflow/example_dags/example_outlet_event_extra.py
[2025-07-15T15:42:26.334+0000] {processor.py:925} INFO - DAG(s) 'dataset_with_extra_by_context', 'dataset_with_extra_from_classic_operator', 'dataset_with_extra_by_yield' retrieved from /home/airflow/.local/lib/python3.12/site-packages/airflow/example_dags/example_outlet_event_extra.py
[2025-07-15T15:42:26.352+0000] {logging_mixin.py:190} INFO - [2025-07-15T15:42:26.352+0000] {dag.py:3239} INFO - Sync 3 DAGs
[2025-07-15T15:42:26.365+0000] {logging_mixin.py:190} INFO - [2025-07-15T15:42:26.365+0000] {dag.py:4180} INFO - Setting next_dagrun for dataset_with_extra_by_context to 2025-07-14 00:00:00+00:00, run_after=2025-07-15 00:00:00+00:00
[2025-07-15T15:42:26.370+0000] {logging_mixin.py:190} INFO - [2025-07-15T15:42:26.370+0000] {dag.py:4180} INFO - Setting next_dagrun for dataset_with_extra_by_yield to 2025-07-14 00:00:00+00:00, run_after=2025-07-15 00:00:00+00:00
[2025-07-15T15:42:26.371+0000] {logging_mixin.py:190} INFO - [2025-07-15T15:42:26.371+0000] {dag.py:4180} INFO - Setting next_dagrun for dataset_with_extra_from_classic_operator to 2025-07-14 00:00:00+00:00, run_after=2025-07-15 00:00:00+00:00
[2025-07-15T15:42:26.384+0000] {processor.py:208} INFO - Processing /home/airflow/.local/lib/python3.12/site-packages/airflow/example_dags/example_outlet_event_extra.py took 0.208 seconds
[2025-07-15T15:42:56.931+0000] {processor.py:186} INFO - Started process (PID=810) to work on /home/airflow/.local/lib/python3.12/site-packages/airflow/example_dags/example_outlet_event_extra.py
[2025-07-15T15:42:56.936+0000] {processor.py:914} INFO - Processing file /home/airflow/.local/lib/python3.12/site-packages/airflow/example_dags/example_outlet_event_extra.py for tasks to queue
[2025-07-15T15:42:56.939+0000] {logging_mixin.py:190} INFO - [2025-07-15T15:42:56.939+0000] {dagbag.py:588} INFO - Filling up the DagBag from /home/airflow/.local/lib/python3.12/site-packages/airflow/example_dags/example_outlet_event_extra.py
[2025-07-15T15:42:57.057+0000] {processor.py:925} INFO - DAG(s) 'dataset_with_extra_by_context', 'dataset_with_extra_by_yield', 'dataset_with_extra_from_classic_operator' retrieved from /home/airflow/.local/lib/python3.12/site-packages/airflow/example_dags/example_outlet_event_extra.py
[2025-07-15T15:42:57.077+0000] {logging_mixin.py:190} INFO - [2025-07-15T15:42:57.077+0000] {dag.py:3239} INFO - Sync 3 DAGs
[2025-07-15T15:42:57.095+0000] {logging_mixin.py:190} INFO - [2025-07-15T15:42:57.095+0000] {dag.py:4180} INFO - Setting next_dagrun for dataset_with_extra_by_context to 2025-07-14 00:00:00+00:00, run_after=2025-07-15 00:00:00+00:00
[2025-07-15T15:42:57.098+0000] {logging_mixin.py:190} INFO - [2025-07-15T15:42:57.098+0000] {dag.py:4180} INFO - Setting next_dagrun for dataset_with_extra_by_yield to 2025-07-14 00:00:00+00:00, run_after=2025-07-15 00:00:00+00:00
[2025-07-15T15:42:57.099+0000] {logging_mixin.py:190} INFO - [2025-07-15T15:42:57.099+0000] {dag.py:4180} INFO - Setting next_dagrun for dataset_with_extra_from_classic_operator to 2025-07-14 00:00:00+00:00, run_after=2025-07-15 00:00:00+00:00
[2025-07-15T15:42:57.117+0000] {processor.py:208} INFO - Processing /home/airflow/.local/lib/python3.12/site-packages/airflow/example_dags/example_outlet_event_extra.py took 0.195 seconds
[2025-07-15T15:43:27.476+0000] {processor.py:186} INFO - Started process (PID=872) to work on /home/airflow/.local/lib/python3.12/site-packages/airflow/example_dags/example_outlet_event_extra.py
[2025-07-15T15:43:27.478+0000] {processor.py:914} INFO - Processing file /home/airflow/.local/lib/python3.12/site-packages/airflow/example_dags/example_outlet_event_extra.py for tasks to queue
[2025-07-15T15:43:27.481+0000] {logging_mixin.py:190} INFO - [2025-07-15T15:43:27.480+0000] {dagbag.py:588} INFO - Filling up the DagBag from /home/airflow/.local/lib/python3.12/site-packages/airflow/example_dags/example_outlet_event_extra.py
[2025-07-15T15:43:27.599+0000] {processor.py:925} INFO - DAG(s) 'dataset_with_extra_from_classic_operator', 'dataset_with_extra_by_yield', 'dataset_with_extra_by_context' retrieved from /home/airflow/.local/lib/python3.12/site-packages/airflow/example_dags/example_outlet_event_extra.py
[2025-07-15T15:43:27.619+0000] {logging_mixin.py:190} INFO - [2025-07-15T15:43:27.618+0000] {dag.py:3239} INFO - Sync 3 DAGs
[2025-07-15T15:43:27.636+0000] {logging_mixin.py:190} INFO - [2025-07-15T15:43:27.636+0000] {dag.py:4180} INFO - Setting next_dagrun for dataset_with_extra_by_context to 2025-07-14 00:00:00+00:00, run_after=2025-07-15 00:00:00+00:00
[2025-07-15T15:43:27.639+0000] {logging_mixin.py:190} INFO - [2025-07-15T15:43:27.639+0000] {dag.py:4180} INFO - Setting next_dagrun for dataset_with_extra_by_yield to 2025-07-14 00:00:00+00:00, run_after=2025-07-15 00:00:00+00:00
[2025-07-15T15:43:27.640+0000] {logging_mixin.py:190} INFO - [2025-07-15T15:43:27.640+0000] {dag.py:4180} INFO - Setting next_dagrun for dataset_with_extra_from_classic_operator to 2025-07-14 00:00:00+00:00, run_after=2025-07-15 00:00:00+00:00
[2025-07-15T15:43:27.655+0000] {processor.py:208} INFO - Processing /home/airflow/.local/lib/python3.12/site-packages/airflow/example_dags/example_outlet_event_extra.py took 0.188 seconds
[2025-07-15T15:43:58.005+0000] {processor.py:186} INFO - Started process (PID=934) to work on /home/airflow/.local/lib/python3.12/site-packages/airflow/example_dags/example_outlet_event_extra.py
[2025-07-15T15:43:58.011+0000] {processor.py:914} INFO - Processing file /home/airflow/.local/lib/python3.12/site-packages/airflow/example_dags/example_outlet_event_extra.py for tasks to queue
[2025-07-15T15:43:58.013+0000] {logging_mixin.py:190} INFO - [2025-07-15T15:43:58.013+0000] {dagbag.py:588} INFO - Filling up the DagBag from /home/airflow/.local/lib/python3.12/site-packages/airflow/example_dags/example_outlet_event_extra.py
[2025-07-15T15:43:58.129+0000] {processor.py:925} INFO - DAG(s) 'dataset_with_extra_by_context', 'dataset_with_extra_from_classic_operator', 'dataset_with_extra_by_yield' retrieved from /home/airflow/.local/lib/python3.12/site-packages/airflow/example_dags/example_outlet_event_extra.py
[2025-07-15T15:43:58.149+0000] {logging_mixin.py:190} INFO - [2025-07-15T15:43:58.148+0000] {dag.py:3239} INFO - Sync 3 DAGs
[2025-07-15T15:43:58.160+0000] {logging_mixin.py:190} INFO - [2025-07-15T15:43:58.160+0000] {dag.py:4180} INFO - Setting next_dagrun for dataset_with_extra_by_context to 2025-07-14 00:00:00+00:00, run_after=2025-07-15 00:00:00+00:00
[2025-07-15T15:43:58.162+0000] {logging_mixin.py:190} INFO - [2025-07-15T15:43:58.162+0000] {dag.py:4180} INFO - Setting next_dagrun for dataset_with_extra_by_yield to 2025-07-14 00:00:00+00:00, run_after=2025-07-15 00:00:00+00:00
[2025-07-15T15:43:58.166+0000] {logging_mixin.py:190} INFO - [2025-07-15T15:43:58.165+0000] {dag.py:4180} INFO - Setting next_dagrun for dataset_with_extra_from_classic_operator to 2025-07-14 00:00:00+00:00, run_after=2025-07-15 00:00:00+00:00
[2025-07-15T15:43:58.181+0000] {processor.py:208} INFO - Processing /home/airflow/.local/lib/python3.12/site-packages/airflow/example_dags/example_outlet_event_extra.py took 0.184 seconds
[2025-07-15T15:44:28.682+0000] {processor.py:186} INFO - Started process (PID=997) to work on /home/airflow/.local/lib/python3.12/site-packages/airflow/example_dags/example_outlet_event_extra.py
[2025-07-15T15:44:28.684+0000] {processor.py:914} INFO - Processing file /home/airflow/.local/lib/python3.12/site-packages/airflow/example_dags/example_outlet_event_extra.py for tasks to queue
[2025-07-15T15:44:28.687+0000] {logging_mixin.py:190} INFO - [2025-07-15T15:44:28.687+0000] {dagbag.py:588} INFO - Filling up the DagBag from /home/airflow/.local/lib/python3.12/site-packages/airflow/example_dags/example_outlet_event_extra.py
[2025-07-15T15:44:28.802+0000] {processor.py:925} INFO - DAG(s) 'dataset_with_extra_from_classic_operator', 'dataset_with_extra_by_yield', 'dataset_with_extra_by_context' retrieved from /home/airflow/.local/lib/python3.12/site-packages/airflow/example_dags/example_outlet_event_extra.py
[2025-07-15T15:44:28.824+0000] {logging_mixin.py:190} INFO - [2025-07-15T15:44:28.824+0000] {dag.py:3239} INFO - Sync 3 DAGs
[2025-07-15T15:44:28.839+0000] {logging_mixin.py:190} INFO - [2025-07-15T15:44:28.839+0000] {dag.py:4180} INFO - Setting next_dagrun for dataset_with_extra_by_context to 2025-07-14 00:00:00+00:00, run_after=2025-07-15 00:00:00+00:00
[2025-07-15T15:44:28.842+0000] {logging_mixin.py:190} INFO - [2025-07-15T15:44:28.842+0000] {dag.py:4180} INFO - Setting next_dagrun for dataset_with_extra_by_yield to 2025-07-14 00:00:00+00:00, run_after=2025-07-15 00:00:00+00:00
[2025-07-15T15:44:28.844+0000] {logging_mixin.py:190} INFO - [2025-07-15T15:44:28.844+0000] {dag.py:4180} INFO - Setting next_dagrun for dataset_with_extra_from_classic_operator to 2025-07-14 00:00:00+00:00, run_after=2025-07-15 00:00:00+00:00
[2025-07-15T15:44:28.858+0000] {processor.py:208} INFO - Processing /home/airflow/.local/lib/python3.12/site-packages/airflow/example_dags/example_outlet_event_extra.py took 0.184 seconds
[2025-07-15T15:44:59.275+0000] {processor.py:186} INFO - Started process (PID=1059) to work on /home/airflow/.local/lib/python3.12/site-packages/airflow/example_dags/example_outlet_event_extra.py
[2025-07-15T15:44:59.277+0000] {processor.py:914} INFO - Processing file /home/airflow/.local/lib/python3.12/site-packages/airflow/example_dags/example_outlet_event_extra.py for tasks to queue
[2025-07-15T15:44:59.279+0000] {logging_mixin.py:190} INFO - [2025-07-15T15:44:59.279+0000] {dagbag.py:588} INFO - Filling up the DagBag from /home/airflow/.local/lib/python3.12/site-packages/airflow/example_dags/example_outlet_event_extra.py
[2025-07-15T15:44:59.403+0000] {processor.py:925} INFO - DAG(s) 'dataset_with_extra_by_context', 'dataset_with_extra_by_yield', 'dataset_with_extra_from_classic_operator' retrieved from /home/airflow/.local/lib/python3.12/site-packages/airflow/example_dags/example_outlet_event_extra.py
[2025-07-15T15:44:59.422+0000] {logging_mixin.py:190} INFO - [2025-07-15T15:44:59.422+0000] {dag.py:3239} INFO - Sync 3 DAGs
[2025-07-15T15:44:59.439+0000] {logging_mixin.py:190} INFO - [2025-07-15T15:44:59.439+0000] {dag.py:4180} INFO - Setting next_dagrun for dataset_with_extra_by_context to 2025-07-14 00:00:00+00:00, run_after=2025-07-15 00:00:00+00:00
[2025-07-15T15:44:59.441+0000] {logging_mixin.py:190} INFO - [2025-07-15T15:44:59.441+0000] {dag.py:4180} INFO - Setting next_dagrun for dataset_with_extra_by_yield to 2025-07-14 00:00:00+00:00, run_after=2025-07-15 00:00:00+00:00
[2025-07-15T15:44:59.442+0000] {logging_mixin.py:190} INFO - [2025-07-15T15:44:59.442+0000] {dag.py:4180} INFO - Setting next_dagrun for dataset_with_extra_from_classic_operator to 2025-07-14 00:00:00+00:00, run_after=2025-07-15 00:00:00+00:00
[2025-07-15T15:44:59.456+0000] {processor.py:208} INFO - Processing /home/airflow/.local/lib/python3.12/site-packages/airflow/example_dags/example_outlet_event_extra.py took 0.189 seconds
[2025-07-15T15:45:30.008+0000] {processor.py:186} INFO - Started process (PID=1121) to work on /home/airflow/.local/lib/python3.12/site-packages/airflow/example_dags/example_outlet_event_extra.py
[2025-07-15T15:45:30.010+0000] {processor.py:914} INFO - Processing file /home/airflow/.local/lib/python3.12/site-packages/airflow/example_dags/example_outlet_event_extra.py for tasks to queue
[2025-07-15T15:45:30.012+0000] {logging_mixin.py:190} INFO - [2025-07-15T15:45:30.012+0000] {dagbag.py:588} INFO - Filling up the DagBag from /home/airflow/.local/lib/python3.12/site-packages/airflow/example_dags/example_outlet_event_extra.py
[2025-07-15T15:45:30.135+0000] {processor.py:925} INFO - DAG(s) 'dataset_with_extra_by_yield', 'dataset_with_extra_from_classic_operator', 'dataset_with_extra_by_context' retrieved from /home/airflow/.local/lib/python3.12/site-packages/airflow/example_dags/example_outlet_event_extra.py
[2025-07-15T15:45:30.151+0000] {logging_mixin.py:190} INFO - [2025-07-15T15:45:30.151+0000] {dag.py:3239} INFO - Sync 3 DAGs
[2025-07-15T15:45:30.163+0000] {logging_mixin.py:190} INFO - [2025-07-15T15:45:30.163+0000] {dag.py:4180} INFO - Setting next_dagrun for dataset_with_extra_by_context to 2025-07-14 00:00:00+00:00, run_after=2025-07-15 00:00:00+00:00
[2025-07-15T15:45:30.166+0000] {logging_mixin.py:190} INFO - [2025-07-15T15:45:30.166+0000] {dag.py:4180} INFO - Setting next_dagrun for dataset_with_extra_by_yield to 2025-07-14 00:00:00+00:00, run_after=2025-07-15 00:00:00+00:00
[2025-07-15T15:45:30.167+0000] {logging_mixin.py:190} INFO - [2025-07-15T15:45:30.167+0000] {dag.py:4180} INFO - Setting next_dagrun for dataset_with_extra_from_classic_operator to 2025-07-14 00:00:00+00:00, run_after=2025-07-15 00:00:00+00:00
[2025-07-15T15:45:30.179+0000] {processor.py:208} INFO - Processing /home/airflow/.local/lib/python3.12/site-packages/airflow/example_dags/example_outlet_event_extra.py took 0.178 seconds
[2025-07-15T15:46:00.699+0000] {processor.py:186} INFO - Started process (PID=1183) to work on /home/airflow/.local/lib/python3.12/site-packages/airflow/example_dags/example_outlet_event_extra.py
[2025-07-15T15:46:00.699+0000] {processor.py:914} INFO - Processing file /home/airflow/.local/lib/python3.12/site-packages/airflow/example_dags/example_outlet_event_extra.py for tasks to queue
[2025-07-15T15:46:00.701+0000] {logging_mixin.py:190} INFO - [2025-07-15T15:46:00.701+0000] {dagbag.py:588} INFO - Filling up the DagBag from /home/airflow/.local/lib/python3.12/site-packages/airflow/example_dags/example_outlet_event_extra.py
[2025-07-15T15:46:00.929+0000] {processor.py:925} INFO - DAG(s) 'dataset_with_extra_from_classic_operator', 'dataset_with_extra_by_context', 'dataset_with_extra_by_yield' retrieved from /home/airflow/.local/lib/python3.12/site-packages/airflow/example_dags/example_outlet_event_extra.py
[2025-07-15T15:46:00.959+0000] {logging_mixin.py:190} INFO - [2025-07-15T15:46:00.959+0000] {dag.py:3239} INFO - Sync 3 DAGs
[2025-07-15T15:46:00.977+0000] {logging_mixin.py:190} INFO - [2025-07-15T15:46:00.976+0000] {dag.py:4180} INFO - Setting next_dagrun for dataset_with_extra_by_context to 2025-07-14 00:00:00+00:00, run_after=2025-07-15 00:00:00+00:00
[2025-07-15T15:46:00.981+0000] {logging_mixin.py:190} INFO - [2025-07-15T15:46:00.980+0000] {dag.py:4180} INFO - Setting next_dagrun for dataset_with_extra_by_yield to 2025-07-14 00:00:00+00:00, run_after=2025-07-15 00:00:00+00:00
[2025-07-15T15:46:00.982+0000] {logging_mixin.py:190} INFO - [2025-07-15T15:46:00.982+0000] {dag.py:4180} INFO - Setting next_dagrun for dataset_with_extra_from_classic_operator to 2025-07-14 00:00:00+00:00, run_after=2025-07-15 00:00:00+00:00
[2025-07-15T15:46:00.997+0000] {processor.py:208} INFO - Processing /home/airflow/.local/lib/python3.12/site-packages/airflow/example_dags/example_outlet_event_extra.py took 0.304 seconds
[2025-07-15T15:46:31.128+0000] {processor.py:186} INFO - Started process (PID=1245) to work on /home/airflow/.local/lib/python3.12/site-packages/airflow/example_dags/example_outlet_event_extra.py
[2025-07-15T15:46:31.132+0000] {processor.py:914} INFO - Processing file /home/airflow/.local/lib/python3.12/site-packages/airflow/example_dags/example_outlet_event_extra.py for tasks to queue
[2025-07-15T15:46:31.135+0000] {logging_mixin.py:190} INFO - [2025-07-15T15:46:31.135+0000] {dagbag.py:588} INFO - Filling up the DagBag from /home/airflow/.local/lib/python3.12/site-packages/airflow/example_dags/example_outlet_event_extra.py
[2025-07-15T15:46:31.253+0000] {processor.py:925} INFO - DAG(s) 'dataset_with_extra_by_yield', 'dataset_with_extra_by_context', 'dataset_with_extra_from_classic_operator' retrieved from /home/airflow/.local/lib/python3.12/site-packages/airflow/example_dags/example_outlet_event_extra.py
[2025-07-15T15:46:31.273+0000] {logging_mixin.py:190} INFO - [2025-07-15T15:46:31.273+0000] {dag.py:3239} INFO - Sync 3 DAGs
[2025-07-15T15:46:31.288+0000] {logging_mixin.py:190} INFO - [2025-07-15T15:46:31.287+0000] {dag.py:4180} INFO - Setting next_dagrun for dataset_with_extra_by_context to 2025-07-14 00:00:00+00:00, run_after=2025-07-15 00:00:00+00:00
[2025-07-15T15:46:31.294+0000] {logging_mixin.py:190} INFO - [2025-07-15T15:46:31.294+0000] {dag.py:4180} INFO - Setting next_dagrun for dataset_with_extra_by_yield to 2025-07-14 00:00:00+00:00, run_after=2025-07-15 00:00:00+00:00
[2025-07-15T15:46:31.295+0000] {logging_mixin.py:190} INFO - [2025-07-15T15:46:31.295+0000] {dag.py:4180} INFO - Setting next_dagrun for dataset_with_extra_from_classic_operator to 2025-07-14 00:00:00+00:00, run_after=2025-07-15 00:00:00+00:00
[2025-07-15T15:46:31.312+0000] {processor.py:208} INFO - Processing /home/airflow/.local/lib/python3.12/site-packages/airflow/example_dags/example_outlet_event_extra.py took 0.193 seconds
[2025-07-15T15:47:01.959+0000] {processor.py:186} INFO - Started process (PID=1307) to work on /home/airflow/.local/lib/python3.12/site-packages/airflow/example_dags/example_outlet_event_extra.py
[2025-07-15T15:47:01.960+0000] {processor.py:914} INFO - Processing file /home/airflow/.local/lib/python3.12/site-packages/airflow/example_dags/example_outlet_event_extra.py for tasks to queue
[2025-07-15T15:47:01.961+0000] {logging_mixin.py:190} INFO - [2025-07-15T15:47:01.961+0000] {dagbag.py:588} INFO - Filling up the DagBag from /home/airflow/.local/lib/python3.12/site-packages/airflow/example_dags/example_outlet_event_extra.py
[2025-07-15T15:47:02.072+0000] {processor.py:925} INFO - DAG(s) 'dataset_with_extra_by_yield', 'dataset_with_extra_by_context', 'dataset_with_extra_from_classic_operator' retrieved from /home/airflow/.local/lib/python3.12/site-packages/airflow/example_dags/example_outlet_event_extra.py
[2025-07-15T15:47:02.092+0000] {logging_mixin.py:190} INFO - [2025-07-15T15:47:02.092+0000] {dag.py:3239} INFO - Sync 3 DAGs
[2025-07-15T15:47:02.108+0000] {logging_mixin.py:190} INFO - [2025-07-15T15:47:02.108+0000] {dag.py:4180} INFO - Setting next_dagrun for dataset_with_extra_by_context to 2025-07-14 00:00:00+00:00, run_after=2025-07-15 00:00:00+00:00
[2025-07-15T15:47:02.110+0000] {logging_mixin.py:190} INFO - [2025-07-15T15:47:02.110+0000] {dag.py:4180} INFO - Setting next_dagrun for dataset_with_extra_by_yield to 2025-07-14 00:00:00+00:00, run_after=2025-07-15 00:00:00+00:00
[2025-07-15T15:47:02.112+0000] {logging_mixin.py:190} INFO - [2025-07-15T15:47:02.112+0000] {dag.py:4180} INFO - Setting next_dagrun for dataset_with_extra_from_classic_operator to 2025-07-14 00:00:00+00:00, run_after=2025-07-15 00:00:00+00:00
[2025-07-15T15:47:02.128+0000] {processor.py:208} INFO - Processing /home/airflow/.local/lib/python3.12/site-packages/airflow/example_dags/example_outlet_event_extra.py took 0.175 seconds
[2025-07-15T15:47:32.669+0000] {processor.py:186} INFO - Started process (PID=1369) to work on /home/airflow/.local/lib/python3.12/site-packages/airflow/example_dags/example_outlet_event_extra.py
[2025-07-15T15:47:32.672+0000] {processor.py:914} INFO - Processing file /home/airflow/.local/lib/python3.12/site-packages/airflow/example_dags/example_outlet_event_extra.py for tasks to queue
[2025-07-15T15:47:32.675+0000] {logging_mixin.py:190} INFO - [2025-07-15T15:47:32.674+0000] {dagbag.py:588} INFO - Filling up the DagBag from /home/airflow/.local/lib/python3.12/site-packages/airflow/example_dags/example_outlet_event_extra.py
[2025-07-15T15:47:32.796+0000] {processor.py:925} INFO - DAG(s) 'dataset_with_extra_by_context', 'dataset_with_extra_from_classic_operator', 'dataset_with_extra_by_yield' retrieved from /home/airflow/.local/lib/python3.12/site-packages/airflow/example_dags/example_outlet_event_extra.py
[2025-07-15T15:47:32.813+0000] {logging_mixin.py:190} INFO - [2025-07-15T15:47:32.813+0000] {dag.py:3239} INFO - Sync 3 DAGs
[2025-07-15T15:47:32.831+0000] {logging_mixin.py:190} INFO - [2025-07-15T15:47:32.830+0000] {dag.py:4180} INFO - Setting next_dagrun for dataset_with_extra_by_context to 2025-07-14 00:00:00+00:00, run_after=2025-07-15 00:00:00+00:00
[2025-07-15T15:47:32.834+0000] {logging_mixin.py:190} INFO - [2025-07-15T15:47:32.834+0000] {dag.py:4180} INFO - Setting next_dagrun for dataset_with_extra_by_yield to 2025-07-14 00:00:00+00:00, run_after=2025-07-15 00:00:00+00:00
[2025-07-15T15:47:32.836+0000] {logging_mixin.py:190} INFO - [2025-07-15T15:47:32.836+0000] {dag.py:4180} INFO - Setting next_dagrun for dataset_with_extra_from_classic_operator to 2025-07-14 00:00:00+00:00, run_after=2025-07-15 00:00:00+00:00
[2025-07-15T15:47:32.851+0000] {processor.py:208} INFO - Processing /home/airflow/.local/lib/python3.12/site-packages/airflow/example_dags/example_outlet_event_extra.py took 0.191 seconds
[2025-07-15T15:48:03.567+0000] {processor.py:186} INFO - Started process (PID=1431) to work on /home/airflow/.local/lib/python3.12/site-packages/airflow/example_dags/example_outlet_event_extra.py
[2025-07-15T15:48:03.568+0000] {processor.py:914} INFO - Processing file /home/airflow/.local/lib/python3.12/site-packages/airflow/example_dags/example_outlet_event_extra.py for tasks to queue
[2025-07-15T15:48:03.571+0000] {logging_mixin.py:190} INFO - [2025-07-15T15:48:03.570+0000] {dagbag.py:588} INFO - Filling up the DagBag from /home/airflow/.local/lib/python3.12/site-packages/airflow/example_dags/example_outlet_event_extra.py
[2025-07-15T15:48:03.704+0000] {processor.py:925} INFO - DAG(s) 'dataset_with_extra_by_yield', 'dataset_with_extra_by_context', 'dataset_with_extra_from_classic_operator' retrieved from /home/airflow/.local/lib/python3.12/site-packages/airflow/example_dags/example_outlet_event_extra.py
[2025-07-15T15:48:03.720+0000] {logging_mixin.py:190} INFO - [2025-07-15T15:48:03.720+0000] {dag.py:3239} INFO - Sync 3 DAGs
[2025-07-15T15:48:03.739+0000] {logging_mixin.py:190} INFO - [2025-07-15T15:48:03.739+0000] {dag.py:4180} INFO - Setting next_dagrun for dataset_with_extra_by_context to 2025-07-14 00:00:00+00:00, run_after=2025-07-15 00:00:00+00:00
[2025-07-15T15:48:03.742+0000] {logging_mixin.py:190} INFO - [2025-07-15T15:48:03.742+0000] {dag.py:4180} INFO - Setting next_dagrun for dataset_with_extra_by_yield to 2025-07-14 00:00:00+00:00, run_after=2025-07-15 00:00:00+00:00
[2025-07-15T15:48:03.743+0000] {logging_mixin.py:190} INFO - [2025-07-15T15:48:03.743+0000] {dag.py:4180} INFO - Setting next_dagrun for dataset_with_extra_from_classic_operator to 2025-07-14 00:00:00+00:00, run_after=2025-07-15 00:00:00+00:00
[2025-07-15T15:48:03.755+0000] {processor.py:208} INFO - Processing /home/airflow/.local/lib/python3.12/site-packages/airflow/example_dags/example_outlet_event_extra.py took 0.195 seconds
[2025-07-15T15:48:34.213+0000] {processor.py:186} INFO - Started process (PID=1493) to work on /home/airflow/.local/lib/python3.12/site-packages/airflow/example_dags/example_outlet_event_extra.py
[2025-07-15T15:48:34.215+0000] {processor.py:914} INFO - Processing file /home/airflow/.local/lib/python3.12/site-packages/airflow/example_dags/example_outlet_event_extra.py for tasks to queue
[2025-07-15T15:48:34.219+0000] {logging_mixin.py:190} INFO - [2025-07-15T15:48:34.218+0000] {dagbag.py:588} INFO - Filling up the DagBag from /home/airflow/.local/lib/python3.12/site-packages/airflow/example_dags/example_outlet_event_extra.py
[2025-07-15T15:48:34.346+0000] {processor.py:925} INFO - DAG(s) 'dataset_with_extra_by_yield', 'dataset_with_extra_by_context', 'dataset_with_extra_from_classic_operator' retrieved from /home/airflow/.local/lib/python3.12/site-packages/airflow/example_dags/example_outlet_event_extra.py
[2025-07-15T15:48:34.360+0000] {logging_mixin.py:190} INFO - [2025-07-15T15:48:34.360+0000] {dag.py:3239} INFO - Sync 3 DAGs
[2025-07-15T15:48:34.374+0000] {logging_mixin.py:190} INFO - [2025-07-15T15:48:34.374+0000] {dag.py:4180} INFO - Setting next_dagrun for dataset_with_extra_by_context to 2025-07-14 00:00:00+00:00, run_after=2025-07-15 00:00:00+00:00
[2025-07-15T15:48:34.377+0000] {logging_mixin.py:190} INFO - [2025-07-15T15:48:34.377+0000] {dag.py:4180} INFO - Setting next_dagrun for dataset_with_extra_by_yield to 2025-07-14 00:00:00+00:00, run_after=2025-07-15 00:00:00+00:00
[2025-07-15T15:48:34.378+0000] {logging_mixin.py:190} INFO - [2025-07-15T15:48:34.378+0000] {dag.py:4180} INFO - Setting next_dagrun for dataset_with_extra_from_classic_operator to 2025-07-14 00:00:00+00:00, run_after=2025-07-15 00:00:00+00:00
[2025-07-15T15:48:34.387+0000] {processor.py:208} INFO - Processing /home/airflow/.local/lib/python3.12/site-packages/airflow/example_dags/example_outlet_event_extra.py took 0.184 seconds
[2025-07-15T15:49:04.890+0000] {processor.py:186} INFO - Started process (PID=1554) to work on /home/airflow/.local/lib/python3.12/site-packages/airflow/example_dags/example_outlet_event_extra.py
[2025-07-15T15:49:04.891+0000] {processor.py:914} INFO - Processing file /home/airflow/.local/lib/python3.12/site-packages/airflow/example_dags/example_outlet_event_extra.py for tasks to queue
[2025-07-15T15:49:04.894+0000] {logging_mixin.py:190} INFO - [2025-07-15T15:49:04.894+0000] {dagbag.py:588} INFO - Filling up the DagBag from /home/airflow/.local/lib/python3.12/site-packages/airflow/example_dags/example_outlet_event_extra.py
[2025-07-15T15:49:05.023+0000] {processor.py:925} INFO - DAG(s) 'dataset_with_extra_from_classic_operator', 'dataset_with_extra_by_yield', 'dataset_with_extra_by_context' retrieved from /home/airflow/.local/lib/python3.12/site-packages/airflow/example_dags/example_outlet_event_extra.py
[2025-07-15T15:49:05.039+0000] {logging_mixin.py:190} INFO - [2025-07-15T15:49:05.039+0000] {dag.py:3239} INFO - Sync 3 DAGs
[2025-07-15T15:49:05.054+0000] {logging_mixin.py:190} INFO - [2025-07-15T15:49:05.054+0000] {dag.py:4180} INFO - Setting next_dagrun for dataset_with_extra_by_context to 2025-07-14 00:00:00+00:00, run_after=2025-07-15 00:00:00+00:00
[2025-07-15T15:49:05.056+0000] {logging_mixin.py:190} INFO - [2025-07-15T15:49:05.056+0000] {dag.py:4180} INFO - Setting next_dagrun for dataset_with_extra_by_yield to 2025-07-14 00:00:00+00:00, run_after=2025-07-15 00:00:00+00:00
[2025-07-15T15:49:05.057+0000] {logging_mixin.py:190} INFO - [2025-07-15T15:49:05.057+0000] {dag.py:4180} INFO - Setting next_dagrun for dataset_with_extra_from_classic_operator to 2025-07-14 00:00:00+00:00, run_after=2025-07-15 00:00:00+00:00
[2025-07-15T15:49:05.067+0000] {processor.py:208} INFO - Processing /home/airflow/.local/lib/python3.12/site-packages/airflow/example_dags/example_outlet_event_extra.py took 0.186 seconds
[2025-07-15T15:49:35.468+0000] {processor.py:186} INFO - Started process (PID=1616) to work on /home/airflow/.local/lib/python3.12/site-packages/airflow/example_dags/example_outlet_event_extra.py
[2025-07-15T15:49:35.473+0000] {processor.py:914} INFO - Processing file /home/airflow/.local/lib/python3.12/site-packages/airflow/example_dags/example_outlet_event_extra.py for tasks to queue
[2025-07-15T15:49:35.475+0000] {logging_mixin.py:190} INFO - [2025-07-15T15:49:35.475+0000] {dagbag.py:588} INFO - Filling up the DagBag from /home/airflow/.local/lib/python3.12/site-packages/airflow/example_dags/example_outlet_event_extra.py
[2025-07-15T15:49:35.589+0000] {processor.py:925} INFO - DAG(s) 'dataset_with_extra_by_context', 'dataset_with_extra_from_classic_operator', 'dataset_with_extra_by_yield' retrieved from /home/airflow/.local/lib/python3.12/site-packages/airflow/example_dags/example_outlet_event_extra.py
[2025-07-15T15:49:35.602+0000] {logging_mixin.py:190} INFO - [2025-07-15T15:49:35.601+0000] {dag.py:3239} INFO - Sync 3 DAGs
[2025-07-15T15:49:35.613+0000] {logging_mixin.py:190} INFO - [2025-07-15T15:49:35.612+0000] {dag.py:4180} INFO - Setting next_dagrun for dataset_with_extra_by_context to 2025-07-14 00:00:00+00:00, run_after=2025-07-15 00:00:00+00:00
[2025-07-15T15:49:35.615+0000] {logging_mixin.py:190} INFO - [2025-07-15T15:49:35.615+0000] {dag.py:4180} INFO - Setting next_dagrun for dataset_with_extra_by_yield to 2025-07-14 00:00:00+00:00, run_after=2025-07-15 00:00:00+00:00
[2025-07-15T15:49:35.616+0000] {logging_mixin.py:190} INFO - [2025-07-15T15:49:35.616+0000] {dag.py:4180} INFO - Setting next_dagrun for dataset_with_extra_from_classic_operator to 2025-07-14 00:00:00+00:00, run_after=2025-07-15 00:00:00+00:00
[2025-07-15T15:49:35.626+0000] {processor.py:208} INFO - Processing /home/airflow/.local/lib/python3.12/site-packages/airflow/example_dags/example_outlet_event_extra.py took 0.166 seconds
[2025-07-15T15:50:06.003+0000] {processor.py:186} INFO - Started process (PID=1678) to work on /home/airflow/.local/lib/python3.12/site-packages/airflow/example_dags/example_outlet_event_extra.py
[2025-07-15T15:50:06.005+0000] {processor.py:914} INFO - Processing file /home/airflow/.local/lib/python3.12/site-packages/airflow/example_dags/example_outlet_event_extra.py for tasks to queue
[2025-07-15T15:50:06.008+0000] {logging_mixin.py:190} INFO - [2025-07-15T15:50:06.007+0000] {dagbag.py:588} INFO - Filling up the DagBag from /home/airflow/.local/lib/python3.12/site-packages/airflow/example_dags/example_outlet_event_extra.py
[2025-07-15T15:50:06.137+0000] {processor.py:925} INFO - DAG(s) 'dataset_with_extra_by_yield', 'dataset_with_extra_from_classic_operator', 'dataset_with_extra_by_context' retrieved from /home/airflow/.local/lib/python3.12/site-packages/airflow/example_dags/example_outlet_event_extra.py
[2025-07-15T15:50:06.152+0000] {logging_mixin.py:190} INFO - [2025-07-15T15:50:06.152+0000] {dag.py:3239} INFO - Sync 3 DAGs
[2025-07-15T15:50:06.167+0000] {logging_mixin.py:190} INFO - [2025-07-15T15:50:06.167+0000] {dag.py:4180} INFO - Setting next_dagrun for dataset_with_extra_by_context to 2025-07-14 00:00:00+00:00, run_after=2025-07-15 00:00:00+00:00
[2025-07-15T15:50:06.169+0000] {logging_mixin.py:190} INFO - [2025-07-15T15:50:06.169+0000] {dag.py:4180} INFO - Setting next_dagrun for dataset_with_extra_by_yield to 2025-07-14 00:00:00+00:00, run_after=2025-07-15 00:00:00+00:00
[2025-07-15T15:50:06.170+0000] {logging_mixin.py:190} INFO - [2025-07-15T15:50:06.170+0000] {dag.py:4180} INFO - Setting next_dagrun for dataset_with_extra_from_classic_operator to 2025-07-14 00:00:00+00:00, run_after=2025-07-15 00:00:00+00:00
[2025-07-15T15:50:06.188+0000] {processor.py:208} INFO - Processing /home/airflow/.local/lib/python3.12/site-packages/airflow/example_dags/example_outlet_event_extra.py took 0.195 seconds
[2025-07-15T15:50:36.838+0000] {processor.py:186} INFO - Started process (PID=1740) to work on /home/airflow/.local/lib/python3.12/site-packages/airflow/example_dags/example_outlet_event_extra.py
[2025-07-15T15:50:36.840+0000] {processor.py:914} INFO - Processing file /home/airflow/.local/lib/python3.12/site-packages/airflow/example_dags/example_outlet_event_extra.py for tasks to queue
[2025-07-15T15:50:36.843+0000] {logging_mixin.py:190} INFO - [2025-07-15T15:50:36.843+0000] {dagbag.py:588} INFO - Filling up the DagBag from /home/airflow/.local/lib/python3.12/site-packages/airflow/example_dags/example_outlet_event_extra.py
[2025-07-15T15:50:37.006+0000] {processor.py:925} INFO - DAG(s) 'dataset_with_extra_by_context', 'dataset_with_extra_from_classic_operator', 'dataset_with_extra_by_yield' retrieved from /home/airflow/.local/lib/python3.12/site-packages/airflow/example_dags/example_outlet_event_extra.py
[2025-07-15T15:50:37.027+0000] {logging_mixin.py:190} INFO - [2025-07-15T15:50:37.027+0000] {dag.py:3239} INFO - Sync 3 DAGs
[2025-07-15T15:50:37.049+0000] {logging_mixin.py:190} INFO - [2025-07-15T15:50:37.049+0000] {dag.py:4180} INFO - Setting next_dagrun for dataset_with_extra_by_context to 2025-07-14 00:00:00+00:00, run_after=2025-07-15 00:00:00+00:00
[2025-07-15T15:50:37.052+0000] {logging_mixin.py:190} INFO - [2025-07-15T15:50:37.051+0000] {dag.py:4180} INFO - Setting next_dagrun for dataset_with_extra_by_yield to 2025-07-14 00:00:00+00:00, run_after=2025-07-15 00:00:00+00:00
[2025-07-15T15:50:37.053+0000] {logging_mixin.py:190} INFO - [2025-07-15T15:50:37.053+0000] {dag.py:4180} INFO - Setting next_dagrun for dataset_with_extra_from_classic_operator to 2025-07-14 00:00:00+00:00, run_after=2025-07-15 00:00:00+00:00
[2025-07-15T15:50:37.068+0000] {processor.py:208} INFO - Processing /home/airflow/.local/lib/python3.12/site-packages/airflow/example_dags/example_outlet_event_extra.py took 0.242 seconds
[2025-07-15T15:51:08.011+0000] {processor.py:186} INFO - Started process (PID=1802) to work on /home/airflow/.local/lib/python3.12/site-packages/airflow/example_dags/example_outlet_event_extra.py
[2025-07-15T15:51:08.013+0000] {processor.py:914} INFO - Processing file /home/airflow/.local/lib/python3.12/site-packages/airflow/example_dags/example_outlet_event_extra.py for tasks to queue
[2025-07-15T15:51:08.017+0000] {logging_mixin.py:190} INFO - [2025-07-15T15:51:08.017+0000] {dagbag.py:588} INFO - Filling up the DagBag from /home/airflow/.local/lib/python3.12/site-packages/airflow/example_dags/example_outlet_event_extra.py
[2025-07-15T15:51:08.130+0000] {processor.py:925} INFO - DAG(s) 'dataset_with_extra_from_classic_operator', 'dataset_with_extra_by_context', 'dataset_with_extra_by_yield' retrieved from /home/airflow/.local/lib/python3.12/site-packages/airflow/example_dags/example_outlet_event_extra.py
[2025-07-15T15:51:08.150+0000] {logging_mixin.py:190} INFO - [2025-07-15T15:51:08.150+0000] {dag.py:3239} INFO - Sync 3 DAGs
[2025-07-15T15:51:08.171+0000] {logging_mixin.py:190} INFO - [2025-07-15T15:51:08.170+0000] {dag.py:4180} INFO - Setting next_dagrun for dataset_with_extra_by_context to 2025-07-14 00:00:00+00:00, run_after=2025-07-15 00:00:00+00:00
[2025-07-15T15:51:08.174+0000] {logging_mixin.py:190} INFO - [2025-07-15T15:51:08.174+0000] {dag.py:4180} INFO - Setting next_dagrun for dataset_with_extra_by_yield to 2025-07-14 00:00:00+00:00, run_after=2025-07-15 00:00:00+00:00
[2025-07-15T15:51:08.175+0000] {logging_mixin.py:190} INFO - [2025-07-15T15:51:08.175+0000] {dag.py:4180} INFO - Setting next_dagrun for dataset_with_extra_from_classic_operator to 2025-07-14 00:00:00+00:00, run_after=2025-07-15 00:00:00+00:00
[2025-07-15T15:51:08.190+0000] {processor.py:208} INFO - Processing /home/airflow/.local/lib/python3.12/site-packages/airflow/example_dags/example_outlet_event_extra.py took 0.187 seconds
[2025-07-15T15:51:38.741+0000] {processor.py:186} INFO - Started process (PID=1864) to work on /home/airflow/.local/lib/python3.12/site-packages/airflow/example_dags/example_outlet_event_extra.py
[2025-07-15T15:51:38.742+0000] {processor.py:914} INFO - Processing file /home/airflow/.local/lib/python3.12/site-packages/airflow/example_dags/example_outlet_event_extra.py for tasks to queue
[2025-07-15T15:51:38.746+0000] {logging_mixin.py:190} INFO - [2025-07-15T15:51:38.746+0000] {dagbag.py:588} INFO - Filling up the DagBag from /home/airflow/.local/lib/python3.12/site-packages/airflow/example_dags/example_outlet_event_extra.py
[2025-07-15T15:51:38.915+0000] {processor.py:925} INFO - DAG(s) 'dataset_with_extra_by_yield', 'dataset_with_extra_by_context', 'dataset_with_extra_from_classic_operator' retrieved from /home/airflow/.local/lib/python3.12/site-packages/airflow/example_dags/example_outlet_event_extra.py
[2025-07-15T15:51:38.956+0000] {logging_mixin.py:190} INFO - [2025-07-15T15:51:38.956+0000] {dag.py:3239} INFO - Sync 3 DAGs
[2025-07-15T15:51:38.976+0000] {logging_mixin.py:190} INFO - [2025-07-15T15:51:38.976+0000] {dag.py:4180} INFO - Setting next_dagrun for dataset_with_extra_by_context to 2025-07-14 00:00:00+00:00, run_after=2025-07-15 00:00:00+00:00
[2025-07-15T15:51:38.982+0000] {logging_mixin.py:190} INFO - [2025-07-15T15:51:38.982+0000] {dag.py:4180} INFO - Setting next_dagrun for dataset_with_extra_by_yield to 2025-07-14 00:00:00+00:00, run_after=2025-07-15 00:00:00+00:00
[2025-07-15T15:51:38.985+0000] {logging_mixin.py:190} INFO - [2025-07-15T15:51:38.985+0000] {dag.py:4180} INFO - Setting next_dagrun for dataset_with_extra_from_classic_operator to 2025-07-14 00:00:00+00:00, run_after=2025-07-15 00:00:00+00:00
[2025-07-15T15:51:39.012+0000] {processor.py:208} INFO - Processing /home/airflow/.local/lib/python3.12/site-packages/airflow/example_dags/example_outlet_event_extra.py took 0.277 seconds
[2025-07-15T15:52:09.906+0000] {processor.py:186} INFO - Started process (PID=1926) to work on /home/airflow/.local/lib/python3.12/site-packages/airflow/example_dags/example_outlet_event_extra.py
[2025-07-15T15:52:09.910+0000] {processor.py:914} INFO - Processing file /home/airflow/.local/lib/python3.12/site-packages/airflow/example_dags/example_outlet_event_extra.py for tasks to queue
[2025-07-15T15:52:09.914+0000] {logging_mixin.py:190} INFO - [2025-07-15T15:52:09.913+0000] {dagbag.py:588} INFO - Filling up the DagBag from /home/airflow/.local/lib/python3.12/site-packages/airflow/example_dags/example_outlet_event_extra.py
[2025-07-15T15:52:10.026+0000] {processor.py:925} INFO - DAG(s) 'dataset_with_extra_from_classic_operator', 'dataset_with_extra_by_yield', 'dataset_with_extra_by_context' retrieved from /home/airflow/.local/lib/python3.12/site-packages/airflow/example_dags/example_outlet_event_extra.py
[2025-07-15T15:52:10.047+0000] {logging_mixin.py:190} INFO - [2025-07-15T15:52:10.046+0000] {dag.py:3239} INFO - Sync 3 DAGs
[2025-07-15T15:52:10.062+0000] {logging_mixin.py:190} INFO - [2025-07-15T15:52:10.062+0000] {dag.py:4180} INFO - Setting next_dagrun for dataset_with_extra_by_context to 2025-07-14 00:00:00+00:00, run_after=2025-07-15 00:00:00+00:00
[2025-07-15T15:52:10.066+0000] {logging_mixin.py:190} INFO - [2025-07-15T15:52:10.066+0000] {dag.py:4180} INFO - Setting next_dagrun for dataset_with_extra_by_yield to 2025-07-14 00:00:00+00:00, run_after=2025-07-15 00:00:00+00:00
[2025-07-15T15:52:10.069+0000] {logging_mixin.py:190} INFO - [2025-07-15T15:52:10.068+0000] {dag.py:4180} INFO - Setting next_dagrun for dataset_with_extra_from_classic_operator to 2025-07-14 00:00:00+00:00, run_after=2025-07-15 00:00:00+00:00
[2025-07-15T15:52:10.085+0000] {processor.py:208} INFO - Processing /home/airflow/.local/lib/python3.12/site-packages/airflow/example_dags/example_outlet_event_extra.py took 0.184 seconds
[2025-07-15T15:52:40.762+0000] {processor.py:186} INFO - Started process (PID=1988) to work on /home/airflow/.local/lib/python3.12/site-packages/airflow/example_dags/example_outlet_event_extra.py
[2025-07-15T15:52:40.764+0000] {processor.py:914} INFO - Processing file /home/airflow/.local/lib/python3.12/site-packages/airflow/example_dags/example_outlet_event_extra.py for tasks to queue
[2025-07-15T15:52:40.767+0000] {logging_mixin.py:190} INFO - [2025-07-15T15:52:40.766+0000] {dagbag.py:588} INFO - Filling up the DagBag from /home/airflow/.local/lib/python3.12/site-packages/airflow/example_dags/example_outlet_event_extra.py
[2025-07-15T15:52:40.887+0000] {processor.py:925} INFO - DAG(s) 'dataset_with_extra_from_classic_operator', 'dataset_with_extra_by_context', 'dataset_with_extra_by_yield' retrieved from /home/airflow/.local/lib/python3.12/site-packages/airflow/example_dags/example_outlet_event_extra.py
[2025-07-15T15:52:40.905+0000] {logging_mixin.py:190} INFO - [2025-07-15T15:52:40.905+0000] {dag.py:3239} INFO - Sync 3 DAGs
[2025-07-15T15:52:40.922+0000] {logging_mixin.py:190} INFO - [2025-07-15T15:52:40.922+0000] {dag.py:4180} INFO - Setting next_dagrun for dataset_with_extra_by_context to 2025-07-14 00:00:00+00:00, run_after=2025-07-15 00:00:00+00:00
[2025-07-15T15:52:40.926+0000] {logging_mixin.py:190} INFO - [2025-07-15T15:52:40.926+0000] {dag.py:4180} INFO - Setting next_dagrun for dataset_with_extra_by_yield to 2025-07-14 00:00:00+00:00, run_after=2025-07-15 00:00:00+00:00
[2025-07-15T15:52:40.927+0000] {logging_mixin.py:190} INFO - [2025-07-15T15:52:40.927+0000] {dag.py:4180} INFO - Setting next_dagrun for dataset_with_extra_from_classic_operator to 2025-07-14 00:00:00+00:00, run_after=2025-07-15 00:00:00+00:00
[2025-07-15T15:52:40.938+0000] {processor.py:208} INFO - Processing /home/airflow/.local/lib/python3.12/site-packages/airflow/example_dags/example_outlet_event_extra.py took 0.184 seconds
[2025-07-15T15:53:11.659+0000] {processor.py:186} INFO - Started process (PID=2050) to work on /home/airflow/.local/lib/python3.12/site-packages/airflow/example_dags/example_outlet_event_extra.py
[2025-07-15T15:53:11.661+0000] {processor.py:914} INFO - Processing file /home/airflow/.local/lib/python3.12/site-packages/airflow/example_dags/example_outlet_event_extra.py for tasks to queue
[2025-07-15T15:53:11.717+0000] {logging_mixin.py:190} INFO - [2025-07-15T15:53:11.699+0000] {dagbag.py:588} INFO - Filling up the DagBag from /home/airflow/.local/lib/python3.12/site-packages/airflow/example_dags/example_outlet_event_extra.py
[2025-07-15T15:53:11.861+0000] {processor.py:925} INFO - DAG(s) 'dataset_with_extra_from_classic_operator', 'dataset_with_extra_by_context', 'dataset_with_extra_by_yield' retrieved from /home/airflow/.local/lib/python3.12/site-packages/airflow/example_dags/example_outlet_event_extra.py
[2025-07-15T15:53:11.883+0000] {logging_mixin.py:190} INFO - [2025-07-15T15:53:11.883+0000] {dag.py:3239} INFO - Sync 3 DAGs
[2025-07-15T15:53:11.902+0000] {logging_mixin.py:190} INFO - [2025-07-15T15:53:11.902+0000] {dag.py:4180} INFO - Setting next_dagrun for dataset_with_extra_by_context to 2025-07-14 00:00:00+00:00, run_after=2025-07-15 00:00:00+00:00
[2025-07-15T15:53:11.904+0000] {logging_mixin.py:190} INFO - [2025-07-15T15:53:11.904+0000] {dag.py:4180} INFO - Setting next_dagrun for dataset_with_extra_by_yield to 2025-07-14 00:00:00+00:00, run_after=2025-07-15 00:00:00+00:00
[2025-07-15T15:53:11.905+0000] {logging_mixin.py:190} INFO - [2025-07-15T15:53:11.905+0000] {dag.py:4180} INFO - Setting next_dagrun for dataset_with_extra_from_classic_operator to 2025-07-14 00:00:00+00:00, run_after=2025-07-15 00:00:00+00:00
[2025-07-15T15:53:11.920+0000] {processor.py:208} INFO - Processing /home/airflow/.local/lib/python3.12/site-packages/airflow/example_dags/example_outlet_event_extra.py took 0.277 seconds
[2025-07-15T15:53:42.280+0000] {processor.py:186} INFO - Started process (PID=2112) to work on /home/airflow/.local/lib/python3.12/site-packages/airflow/example_dags/example_outlet_event_extra.py
[2025-07-15T15:53:42.282+0000] {processor.py:914} INFO - Processing file /home/airflow/.local/lib/python3.12/site-packages/airflow/example_dags/example_outlet_event_extra.py for tasks to queue
[2025-07-15T15:53:42.285+0000] {logging_mixin.py:190} INFO - [2025-07-15T15:53:42.285+0000] {dagbag.py:588} INFO - Filling up the DagBag from /home/airflow/.local/lib/python3.12/site-packages/airflow/example_dags/example_outlet_event_extra.py
[2025-07-15T15:53:42.413+0000] {processor.py:925} INFO - DAG(s) 'dataset_with_extra_by_context', 'dataset_with_extra_by_yield', 'dataset_with_extra_from_classic_operator' retrieved from /home/airflow/.local/lib/python3.12/site-packages/airflow/example_dags/example_outlet_event_extra.py
[2025-07-15T15:53:42.432+0000] {logging_mixin.py:190} INFO - [2025-07-15T15:53:42.432+0000] {dag.py:3239} INFO - Sync 3 DAGs
[2025-07-15T15:53:42.651+0000] {logging_mixin.py:190} INFO - [2025-07-15T15:53:42.651+0000] {dag.py:4180} INFO - Setting next_dagrun for dataset_with_extra_by_context to 2025-07-14 00:00:00+00:00, run_after=2025-07-15 00:00:00+00:00
[2025-07-15T15:53:42.654+0000] {logging_mixin.py:190} INFO - [2025-07-15T15:53:42.653+0000] {dag.py:4180} INFO - Setting next_dagrun for dataset_with_extra_by_yield to 2025-07-14 00:00:00+00:00, run_after=2025-07-15 00:00:00+00:00
[2025-07-15T15:53:42.655+0000] {logging_mixin.py:190} INFO - [2025-07-15T15:53:42.655+0000] {dag.py:4180} INFO - Setting next_dagrun for dataset_with_extra_from_classic_operator to 2025-07-14 00:00:00+00:00, run_after=2025-07-15 00:00:00+00:00
[2025-07-15T15:53:42.667+0000] {processor.py:208} INFO - Processing /home/airflow/.local/lib/python3.12/site-packages/airflow/example_dags/example_outlet_event_extra.py took 0.397 seconds
[2025-07-15T15:54:13.114+0000] {processor.py:186} INFO - Started process (PID=2174) to work on /home/airflow/.local/lib/python3.12/site-packages/airflow/example_dags/example_outlet_event_extra.py
[2025-07-15T15:54:13.116+0000] {processor.py:914} INFO - Processing file /home/airflow/.local/lib/python3.12/site-packages/airflow/example_dags/example_outlet_event_extra.py for tasks to queue
[2025-07-15T15:54:13.124+0000] {logging_mixin.py:190} INFO - [2025-07-15T15:54:13.122+0000] {dagbag.py:588} INFO - Filling up the DagBag from /home/airflow/.local/lib/python3.12/site-packages/airflow/example_dags/example_outlet_event_extra.py
[2025-07-15T15:54:13.354+0000] {processor.py:925} INFO - DAG(s) 'dataset_with_extra_by_context', 'dataset_with_extra_by_yield', 'dataset_with_extra_from_classic_operator' retrieved from /home/airflow/.local/lib/python3.12/site-packages/airflow/example_dags/example_outlet_event_extra.py
[2025-07-15T15:54:13.381+0000] {logging_mixin.py:190} INFO - [2025-07-15T15:54:13.379+0000] {dag.py:3239} INFO - Sync 3 DAGs
[2025-07-15T15:54:14.214+0000] {logging_mixin.py:190} INFO - [2025-07-15T15:54:14.209+0000] {dag.py:4180} INFO - Setting next_dagrun for dataset_with_extra_by_context to 2025-07-14 00:00:00+00:00, run_after=2025-07-15 00:00:00+00:00
[2025-07-15T15:54:14.233+0000] {logging_mixin.py:190} INFO - [2025-07-15T15:54:14.233+0000] {dag.py:4180} INFO - Setting next_dagrun for dataset_with_extra_by_yield to 2025-07-14 00:00:00+00:00, run_after=2025-07-15 00:00:00+00:00
[2025-07-15T15:54:14.238+0000] {logging_mixin.py:190} INFO - [2025-07-15T15:54:14.238+0000] {dag.py:4180} INFO - Setting next_dagrun for dataset_with_extra_from_classic_operator to 2025-07-14 00:00:00+00:00, run_after=2025-07-15 00:00:00+00:00
[2025-07-15T15:54:14.336+0000] {processor.py:208} INFO - Processing /home/airflow/.local/lib/python3.12/site-packages/airflow/example_dags/example_outlet_event_extra.py took 1.243 seconds
[2025-07-15T15:54:44.843+0000] {processor.py:186} INFO - Started process (PID=2236) to work on /home/airflow/.local/lib/python3.12/site-packages/airflow/example_dags/example_outlet_event_extra.py
[2025-07-15T15:54:44.845+0000] {processor.py:914} INFO - Processing file /home/airflow/.local/lib/python3.12/site-packages/airflow/example_dags/example_outlet_event_extra.py for tasks to queue
[2025-07-15T15:54:44.853+0000] {logging_mixin.py:190} INFO - [2025-07-15T15:54:44.852+0000] {dagbag.py:588} INFO - Filling up the DagBag from /home/airflow/.local/lib/python3.12/site-packages/airflow/example_dags/example_outlet_event_extra.py
[2025-07-15T15:54:45.034+0000] {processor.py:925} INFO - DAG(s) 'dataset_with_extra_from_classic_operator', 'dataset_with_extra_by_context', 'dataset_with_extra_by_yield' retrieved from /home/airflow/.local/lib/python3.12/site-packages/airflow/example_dags/example_outlet_event_extra.py
[2025-07-15T15:54:45.086+0000] {logging_mixin.py:190} INFO - [2025-07-15T15:54:45.086+0000] {dag.py:3239} INFO - Sync 3 DAGs
[2025-07-15T15:54:45.347+0000] {logging_mixin.py:190} INFO - [2025-07-15T15:54:45.346+0000] {dag.py:4180} INFO - Setting next_dagrun for dataset_with_extra_by_context to 2025-07-14 00:00:00+00:00, run_after=2025-07-15 00:00:00+00:00
[2025-07-15T15:54:45.349+0000] {logging_mixin.py:190} INFO - [2025-07-15T15:54:45.349+0000] {dag.py:4180} INFO - Setting next_dagrun for dataset_with_extra_by_yield to 2025-07-14 00:00:00+00:00, run_after=2025-07-15 00:00:00+00:00
[2025-07-15T15:54:45.350+0000] {logging_mixin.py:190} INFO - [2025-07-15T15:54:45.350+0000] {dag.py:4180} INFO - Setting next_dagrun for dataset_with_extra_from_classic_operator to 2025-07-14 00:00:00+00:00, run_after=2025-07-15 00:00:00+00:00
[2025-07-15T15:54:45.366+0000] {processor.py:208} INFO - Processing /home/airflow/.local/lib/python3.12/site-packages/airflow/example_dags/example_outlet_event_extra.py took 0.546 seconds
[2025-07-15T15:55:16.105+0000] {processor.py:186} INFO - Started process (PID=2298) to work on /home/airflow/.local/lib/python3.12/site-packages/airflow/example_dags/example_outlet_event_extra.py
[2025-07-15T15:55:16.111+0000] {processor.py:914} INFO - Processing file /home/airflow/.local/lib/python3.12/site-packages/airflow/example_dags/example_outlet_event_extra.py for tasks to queue
[2025-07-15T15:55:16.121+0000] {logging_mixin.py:190} INFO - [2025-07-15T15:55:16.121+0000] {dagbag.py:588} INFO - Filling up the DagBag from /home/airflow/.local/lib/python3.12/site-packages/airflow/example_dags/example_outlet_event_extra.py
[2025-07-15T15:55:16.283+0000] {processor.py:925} INFO - DAG(s) 'dataset_with_extra_by_context', 'dataset_with_extra_from_classic_operator', 'dataset_with_extra_by_yield' retrieved from /home/airflow/.local/lib/python3.12/site-packages/airflow/example_dags/example_outlet_event_extra.py
[2025-07-15T15:55:16.317+0000] {logging_mixin.py:190} INFO - [2025-07-15T15:55:16.317+0000] {dag.py:3239} INFO - Sync 3 DAGs
[2025-07-15T15:55:16.342+0000] {logging_mixin.py:190} INFO - [2025-07-15T15:55:16.342+0000] {dag.py:4180} INFO - Setting next_dagrun for dataset_with_extra_by_context to 2025-07-14 00:00:00+00:00, run_after=2025-07-15 00:00:00+00:00
[2025-07-15T15:55:16.347+0000] {logging_mixin.py:190} INFO - [2025-07-15T15:55:16.347+0000] {dag.py:4180} INFO - Setting next_dagrun for dataset_with_extra_by_yield to 2025-07-14 00:00:00+00:00, run_after=2025-07-15 00:00:00+00:00
[2025-07-15T15:55:16.349+0000] {logging_mixin.py:190} INFO - [2025-07-15T15:55:16.349+0000] {dag.py:4180} INFO - Setting next_dagrun for dataset_with_extra_from_classic_operator to 2025-07-14 00:00:00+00:00, run_after=2025-07-15 00:00:00+00:00
[2025-07-15T15:55:16.545+0000] {processor.py:208} INFO - Processing /home/airflow/.local/lib/python3.12/site-packages/airflow/example_dags/example_outlet_event_extra.py took 0.459 seconds
[2025-07-15T15:55:46.653+0000] {processor.py:186} INFO - Started process (PID=2360) to work on /home/airflow/.local/lib/python3.12/site-packages/airflow/example_dags/example_outlet_event_extra.py
[2025-07-15T15:55:46.662+0000] {processor.py:914} INFO - Processing file /home/airflow/.local/lib/python3.12/site-packages/airflow/example_dags/example_outlet_event_extra.py for tasks to queue
[2025-07-15T15:55:46.669+0000] {logging_mixin.py:190} INFO - [2025-07-15T15:55:46.668+0000] {dagbag.py:588} INFO - Filling up the DagBag from /home/airflow/.local/lib/python3.12/site-packages/airflow/example_dags/example_outlet_event_extra.py
[2025-07-15T15:55:46.867+0000] {processor.py:925} INFO - DAG(s) 'dataset_with_extra_by_yield', 'dataset_with_extra_by_context', 'dataset_with_extra_from_classic_operator' retrieved from /home/airflow/.local/lib/python3.12/site-packages/airflow/example_dags/example_outlet_event_extra.py
[2025-07-15T15:55:46.902+0000] {logging_mixin.py:190} INFO - [2025-07-15T15:55:46.901+0000] {dag.py:3239} INFO - Sync 3 DAGs
[2025-07-15T15:55:46.928+0000] {logging_mixin.py:190} INFO - [2025-07-15T15:55:46.927+0000] {dag.py:4180} INFO - Setting next_dagrun for dataset_with_extra_by_context to 2025-07-14 00:00:00+00:00, run_after=2025-07-15 00:00:00+00:00
[2025-07-15T15:55:46.931+0000] {logging_mixin.py:190} INFO - [2025-07-15T15:55:46.931+0000] {dag.py:4180} INFO - Setting next_dagrun for dataset_with_extra_by_yield to 2025-07-14 00:00:00+00:00, run_after=2025-07-15 00:00:00+00:00
[2025-07-15T15:55:46.933+0000] {logging_mixin.py:190} INFO - [2025-07-15T15:55:46.933+0000] {dag.py:4180} INFO - Setting next_dagrun for dataset_with_extra_from_classic_operator to 2025-07-14 00:00:00+00:00, run_after=2025-07-15 00:00:00+00:00
[2025-07-15T15:55:47.170+0000] {processor.py:208} INFO - Processing /home/airflow/.local/lib/python3.12/site-packages/airflow/example_dags/example_outlet_event_extra.py took 0.538 seconds
[2025-07-15T15:56:18.047+0000] {processor.py:186} INFO - Started process (PID=2422) to work on /home/airflow/.local/lib/python3.12/site-packages/airflow/example_dags/example_outlet_event_extra.py
[2025-07-15T15:56:18.051+0000] {processor.py:914} INFO - Processing file /home/airflow/.local/lib/python3.12/site-packages/airflow/example_dags/example_outlet_event_extra.py for tasks to queue
[2025-07-15T15:56:18.058+0000] {logging_mixin.py:190} INFO - [2025-07-15T15:56:18.057+0000] {dagbag.py:588} INFO - Filling up the DagBag from /home/airflow/.local/lib/python3.12/site-packages/airflow/example_dags/example_outlet_event_extra.py
[2025-07-15T15:56:18.488+0000] {processor.py:925} INFO - DAG(s) 'dataset_with_extra_by_context', 'dataset_with_extra_from_classic_operator', 'dataset_with_extra_by_yield' retrieved from /home/airflow/.local/lib/python3.12/site-packages/airflow/example_dags/example_outlet_event_extra.py
[2025-07-15T15:56:18.519+0000] {logging_mixin.py:190} INFO - [2025-07-15T15:56:18.519+0000] {dag.py:3239} INFO - Sync 3 DAGs
[2025-07-15T15:56:18.537+0000] {logging_mixin.py:190} INFO - [2025-07-15T15:56:18.537+0000] {dag.py:4180} INFO - Setting next_dagrun for dataset_with_extra_by_context to 2025-07-14 00:00:00+00:00, run_after=2025-07-15 00:00:00+00:00
[2025-07-15T15:56:18.540+0000] {logging_mixin.py:190} INFO - [2025-07-15T15:56:18.540+0000] {dag.py:4180} INFO - Setting next_dagrun for dataset_with_extra_by_yield to 2025-07-14 00:00:00+00:00, run_after=2025-07-15 00:00:00+00:00
[2025-07-15T15:56:18.542+0000] {logging_mixin.py:190} INFO - [2025-07-15T15:56:18.542+0000] {dag.py:4180} INFO - Setting next_dagrun for dataset_with_extra_from_classic_operator to 2025-07-14 00:00:00+00:00, run_after=2025-07-15 00:00:00+00:00
[2025-07-15T15:56:18.558+0000] {processor.py:208} INFO - Processing /home/airflow/.local/lib/python3.12/site-packages/airflow/example_dags/example_outlet_event_extra.py took 0.537 seconds
[2025-07-15T15:56:49.579+0000] {processor.py:186} INFO - Started process (PID=2491) to work on /home/airflow/.local/lib/python3.12/site-packages/airflow/example_dags/example_outlet_event_extra.py
[2025-07-15T15:56:49.581+0000] {processor.py:914} INFO - Processing file /home/airflow/.local/lib/python3.12/site-packages/airflow/example_dags/example_outlet_event_extra.py for tasks to queue
[2025-07-15T15:56:49.593+0000] {logging_mixin.py:190} INFO - [2025-07-15T15:56:49.592+0000] {dagbag.py:588} INFO - Filling up the DagBag from /home/airflow/.local/lib/python3.12/site-packages/airflow/example_dags/example_outlet_event_extra.py
[2025-07-15T15:56:49.975+0000] {processor.py:925} INFO - DAG(s) 'dataset_with_extra_by_yield', 'dataset_with_extra_by_context', 'dataset_with_extra_from_classic_operator' retrieved from /home/airflow/.local/lib/python3.12/site-packages/airflow/example_dags/example_outlet_event_extra.py
[2025-07-15T15:56:49.995+0000] {logging_mixin.py:190} INFO - [2025-07-15T15:56:49.994+0000] {dag.py:3239} INFO - Sync 3 DAGs
[2025-07-15T15:56:50.006+0000] {logging_mixin.py:190} INFO - [2025-07-15T15:56:50.006+0000] {dag.py:4180} INFO - Setting next_dagrun for dataset_with_extra_by_context to 2025-07-14 00:00:00+00:00, run_after=2025-07-15 00:00:00+00:00
[2025-07-15T15:56:50.009+0000] {logging_mixin.py:190} INFO - [2025-07-15T15:56:50.009+0000] {dag.py:4180} INFO - Setting next_dagrun for dataset_with_extra_by_yield to 2025-07-14 00:00:00+00:00, run_after=2025-07-15 00:00:00+00:00
[2025-07-15T15:56:50.010+0000] {logging_mixin.py:190} INFO - [2025-07-15T15:56:50.010+0000] {dag.py:4180} INFO - Setting next_dagrun for dataset_with_extra_from_classic_operator to 2025-07-14 00:00:00+00:00, run_after=2025-07-15 00:00:00+00:00
[2025-07-15T15:56:50.022+0000] {processor.py:208} INFO - Processing /home/airflow/.local/lib/python3.12/site-packages/airflow/example_dags/example_outlet_event_extra.py took 0.462 seconds
[2025-07-15T15:57:20.116+0000] {processor.py:186} INFO - Started process (PID=2553) to work on /home/airflow/.local/lib/python3.12/site-packages/airflow/example_dags/example_outlet_event_extra.py
[2025-07-15T15:57:20.122+0000] {processor.py:914} INFO - Processing file /home/airflow/.local/lib/python3.12/site-packages/airflow/example_dags/example_outlet_event_extra.py for tasks to queue
[2025-07-15T15:57:20.128+0000] {logging_mixin.py:190} INFO - [2025-07-15T15:57:20.127+0000] {dagbag.py:588} INFO - Filling up the DagBag from /home/airflow/.local/lib/python3.12/site-packages/airflow/example_dags/example_outlet_event_extra.py
[2025-07-15T15:57:20.633+0000] {processor.py:925} INFO - DAG(s) 'dataset_with_extra_from_classic_operator', 'dataset_with_extra_by_context', 'dataset_with_extra_by_yield' retrieved from /home/airflow/.local/lib/python3.12/site-packages/airflow/example_dags/example_outlet_event_extra.py
[2025-07-15T15:57:20.667+0000] {logging_mixin.py:190} INFO - [2025-07-15T15:57:20.667+0000] {dag.py:3239} INFO - Sync 3 DAGs
[2025-07-15T15:57:20.684+0000] {logging_mixin.py:190} INFO - [2025-07-15T15:57:20.683+0000] {dag.py:4180} INFO - Setting next_dagrun for dataset_with_extra_by_context to 2025-07-14 00:00:00+00:00, run_after=2025-07-15 00:00:00+00:00
[2025-07-15T15:57:20.687+0000] {logging_mixin.py:190} INFO - [2025-07-15T15:57:20.687+0000] {dag.py:4180} INFO - Setting next_dagrun for dataset_with_extra_by_yield to 2025-07-14 00:00:00+00:00, run_after=2025-07-15 00:00:00+00:00
[2025-07-15T15:57:20.690+0000] {logging_mixin.py:190} INFO - [2025-07-15T15:57:20.690+0000] {dag.py:4180} INFO - Setting next_dagrun for dataset_with_extra_from_classic_operator to 2025-07-14 00:00:00+00:00, run_after=2025-07-15 00:00:00+00:00
[2025-07-15T15:57:20.705+0000] {processor.py:208} INFO - Processing /home/airflow/.local/lib/python3.12/site-packages/airflow/example_dags/example_outlet_event_extra.py took 0.609 seconds
[2025-07-15T15:57:51.517+0000] {processor.py:186} INFO - Started process (PID=2615) to work on /home/airflow/.local/lib/python3.12/site-packages/airflow/example_dags/example_outlet_event_extra.py
[2025-07-15T15:57:51.521+0000] {processor.py:914} INFO - Processing file /home/airflow/.local/lib/python3.12/site-packages/airflow/example_dags/example_outlet_event_extra.py for tasks to queue
[2025-07-15T15:57:51.530+0000] {logging_mixin.py:190} INFO - [2025-07-15T15:57:51.530+0000] {dagbag.py:588} INFO - Filling up the DagBag from /home/airflow/.local/lib/python3.12/site-packages/airflow/example_dags/example_outlet_event_extra.py
[2025-07-15T15:57:52.532+0000] {processor.py:925} INFO - DAG(s) 'dataset_with_extra_by_yield', 'dataset_with_extra_by_context', 'dataset_with_extra_from_classic_operator' retrieved from /home/airflow/.local/lib/python3.12/site-packages/airflow/example_dags/example_outlet_event_extra.py
[2025-07-15T15:57:52.587+0000] {logging_mixin.py:190} INFO - [2025-07-15T15:57:52.586+0000] {dag.py:3239} INFO - Sync 3 DAGs
[2025-07-15T15:57:52.637+0000] {logging_mixin.py:190} INFO - [2025-07-15T15:57:52.636+0000] {dag.py:4180} INFO - Setting next_dagrun for dataset_with_extra_by_context to 2025-07-14 00:00:00+00:00, run_after=2025-07-15 00:00:00+00:00
[2025-07-15T15:57:52.640+0000] {logging_mixin.py:190} INFO - [2025-07-15T15:57:52.640+0000] {dag.py:4180} INFO - Setting next_dagrun for dataset_with_extra_by_yield to 2025-07-14 00:00:00+00:00, run_after=2025-07-15 00:00:00+00:00
[2025-07-15T15:57:52.641+0000] {logging_mixin.py:190} INFO - [2025-07-15T15:57:52.641+0000] {dag.py:4180} INFO - Setting next_dagrun for dataset_with_extra_from_classic_operator to 2025-07-14 00:00:00+00:00, run_after=2025-07-15 00:00:00+00:00
[2025-07-15T15:57:52.660+0000] {processor.py:208} INFO - Processing /home/airflow/.local/lib/python3.12/site-packages/airflow/example_dags/example_outlet_event_extra.py took 1.167 seconds
[2025-07-15T15:58:23.264+0000] {processor.py:186} INFO - Started process (PID=2677) to work on /home/airflow/.local/lib/python3.12/site-packages/airflow/example_dags/example_outlet_event_extra.py
[2025-07-15T15:58:23.267+0000] {processor.py:914} INFO - Processing file /home/airflow/.local/lib/python3.12/site-packages/airflow/example_dags/example_outlet_event_extra.py for tasks to queue
[2025-07-15T15:58:23.276+0000] {logging_mixin.py:190} INFO - [2025-07-15T15:58:23.275+0000] {dagbag.py:588} INFO - Filling up the DagBag from /home/airflow/.local/lib/python3.12/site-packages/airflow/example_dags/example_outlet_event_extra.py
[2025-07-15T15:58:23.671+0000] {processor.py:925} INFO - DAG(s) 'dataset_with_extra_by_yield', 'dataset_with_extra_from_classic_operator', 'dataset_with_extra_by_context' retrieved from /home/airflow/.local/lib/python3.12/site-packages/airflow/example_dags/example_outlet_event_extra.py
[2025-07-15T15:58:23.685+0000] {logging_mixin.py:190} INFO - [2025-07-15T15:58:23.685+0000] {dag.py:3239} INFO - Sync 3 DAGs
[2025-07-15T15:58:23.698+0000] {logging_mixin.py:190} INFO - [2025-07-15T15:58:23.697+0000] {dag.py:4180} INFO - Setting next_dagrun for dataset_with_extra_by_context to 2025-07-14 00:00:00+00:00, run_after=2025-07-15 00:00:00+00:00
[2025-07-15T15:58:23.701+0000] {logging_mixin.py:190} INFO - [2025-07-15T15:58:23.701+0000] {dag.py:4180} INFO - Setting next_dagrun for dataset_with_extra_by_yield to 2025-07-14 00:00:00+00:00, run_after=2025-07-15 00:00:00+00:00
[2025-07-15T15:58:23.703+0000] {logging_mixin.py:190} INFO - [2025-07-15T15:58:23.703+0000] {dag.py:4180} INFO - Setting next_dagrun for dataset_with_extra_from_classic_operator to 2025-07-14 00:00:00+00:00, run_after=2025-07-15 00:00:00+00:00
[2025-07-15T15:58:23.722+0000] {processor.py:208} INFO - Processing /home/airflow/.local/lib/python3.12/site-packages/airflow/example_dags/example_outlet_event_extra.py took 0.475 seconds
[2025-07-15T15:58:54.593+0000] {processor.py:186} INFO - Started process (PID=2739) to work on /home/airflow/.local/lib/python3.12/site-packages/airflow/example_dags/example_outlet_event_extra.py
[2025-07-15T15:58:54.596+0000] {processor.py:914} INFO - Processing file /home/airflow/.local/lib/python3.12/site-packages/airflow/example_dags/example_outlet_event_extra.py for tasks to queue
[2025-07-15T15:58:54.605+0000] {logging_mixin.py:190} INFO - [2025-07-15T15:58:54.604+0000] {dagbag.py:588} INFO - Filling up the DagBag from /home/airflow/.local/lib/python3.12/site-packages/airflow/example_dags/example_outlet_event_extra.py
[2025-07-15T15:58:55.037+0000] {processor.py:925} INFO - DAG(s) 'dataset_with_extra_from_classic_operator', 'dataset_with_extra_by_context', 'dataset_with_extra_by_yield' retrieved from /home/airflow/.local/lib/python3.12/site-packages/airflow/example_dags/example_outlet_event_extra.py
[2025-07-15T15:58:55.055+0000] {logging_mixin.py:190} INFO - [2025-07-15T15:58:55.055+0000] {dag.py:3239} INFO - Sync 3 DAGs
[2025-07-15T15:58:55.072+0000] {logging_mixin.py:190} INFO - [2025-07-15T15:58:55.072+0000] {dag.py:4180} INFO - Setting next_dagrun for dataset_with_extra_by_context to 2025-07-14 00:00:00+00:00, run_after=2025-07-15 00:00:00+00:00
[2025-07-15T15:58:55.075+0000] {logging_mixin.py:190} INFO - [2025-07-15T15:58:55.074+0000] {dag.py:4180} INFO - Setting next_dagrun for dataset_with_extra_by_yield to 2025-07-14 00:00:00+00:00, run_after=2025-07-15 00:00:00+00:00
[2025-07-15T15:58:55.076+0000] {logging_mixin.py:190} INFO - [2025-07-15T15:58:55.076+0000] {dag.py:4180} INFO - Setting next_dagrun for dataset_with_extra_from_classic_operator to 2025-07-14 00:00:00+00:00, run_after=2025-07-15 00:00:00+00:00
[2025-07-15T15:58:55.088+0000] {processor.py:208} INFO - Processing /home/airflow/.local/lib/python3.12/site-packages/airflow/example_dags/example_outlet_event_extra.py took 0.524 seconds
[2025-07-15T15:59:25.752+0000] {processor.py:186} INFO - Started process (PID=2801) to work on /home/airflow/.local/lib/python3.12/site-packages/airflow/example_dags/example_outlet_event_extra.py
[2025-07-15T15:59:25.760+0000] {processor.py:914} INFO - Processing file /home/airflow/.local/lib/python3.12/site-packages/airflow/example_dags/example_outlet_event_extra.py for tasks to queue
[2025-07-15T15:59:25.764+0000] {logging_mixin.py:190} INFO - [2025-07-15T15:59:25.764+0000] {dagbag.py:588} INFO - Filling up the DagBag from /home/airflow/.local/lib/python3.12/site-packages/airflow/example_dags/example_outlet_event_extra.py
[2025-07-15T15:59:26.189+0000] {processor.py:925} INFO - DAG(s) 'dataset_with_extra_by_context', 'dataset_with_extra_by_yield', 'dataset_with_extra_from_classic_operator' retrieved from /home/airflow/.local/lib/python3.12/site-packages/airflow/example_dags/example_outlet_event_extra.py
[2025-07-15T15:59:26.205+0000] {logging_mixin.py:190} INFO - [2025-07-15T15:59:26.204+0000] {dag.py:3239} INFO - Sync 3 DAGs
[2025-07-15T15:59:26.224+0000] {logging_mixin.py:190} INFO - [2025-07-15T15:59:26.224+0000] {dag.py:4180} INFO - Setting next_dagrun for dataset_with_extra_by_context to 2025-07-14 00:00:00+00:00, run_after=2025-07-15 00:00:00+00:00
[2025-07-15T15:59:26.228+0000] {logging_mixin.py:190} INFO - [2025-07-15T15:59:26.228+0000] {dag.py:4180} INFO - Setting next_dagrun for dataset_with_extra_by_yield to 2025-07-14 00:00:00+00:00, run_after=2025-07-15 00:00:00+00:00
[2025-07-15T15:59:26.231+0000] {logging_mixin.py:190} INFO - [2025-07-15T15:59:26.231+0000] {dag.py:4180} INFO - Setting next_dagrun for dataset_with_extra_from_classic_operator to 2025-07-14 00:00:00+00:00, run_after=2025-07-15 00:00:00+00:00
[2025-07-15T15:59:26.256+0000] {processor.py:208} INFO - Processing /home/airflow/.local/lib/python3.12/site-packages/airflow/example_dags/example_outlet_event_extra.py took 0.525 seconds
[2025-07-15T15:59:56.343+0000] {processor.py:186} INFO - Started process (PID=2863) to work on /home/airflow/.local/lib/python3.12/site-packages/airflow/example_dags/example_outlet_event_extra.py
[2025-07-15T15:59:56.347+0000] {processor.py:914} INFO - Processing file /home/airflow/.local/lib/python3.12/site-packages/airflow/example_dags/example_outlet_event_extra.py for tasks to queue
[2025-07-15T15:59:56.353+0000] {logging_mixin.py:190} INFO - [2025-07-15T15:59:56.353+0000] {dagbag.py:588} INFO - Filling up the DagBag from /home/airflow/.local/lib/python3.12/site-packages/airflow/example_dags/example_outlet_event_extra.py
[2025-07-15T15:59:56.809+0000] {processor.py:925} INFO - DAG(s) 'dataset_with_extra_by_context', 'dataset_with_extra_by_yield', 'dataset_with_extra_from_classic_operator' retrieved from /home/airflow/.local/lib/python3.12/site-packages/airflow/example_dags/example_outlet_event_extra.py
[2025-07-15T15:59:56.833+0000] {logging_mixin.py:190} INFO - [2025-07-15T15:59:56.833+0000] {dag.py:3239} INFO - Sync 3 DAGs
[2025-07-15T15:59:56.849+0000] {logging_mixin.py:190} INFO - [2025-07-15T15:59:56.849+0000] {dag.py:4180} INFO - Setting next_dagrun for dataset_with_extra_by_context to 2025-07-14 00:00:00+00:00, run_after=2025-07-15 00:00:00+00:00
[2025-07-15T15:59:56.852+0000] {logging_mixin.py:190} INFO - [2025-07-15T15:59:56.852+0000] {dag.py:4180} INFO - Setting next_dagrun for dataset_with_extra_by_yield to 2025-07-14 00:00:00+00:00, run_after=2025-07-15 00:00:00+00:00
[2025-07-15T15:59:56.854+0000] {logging_mixin.py:190} INFO - [2025-07-15T15:59:56.854+0000] {dag.py:4180} INFO - Setting next_dagrun for dataset_with_extra_from_classic_operator to 2025-07-14 00:00:00+00:00, run_after=2025-07-15 00:00:00+00:00
[2025-07-15T15:59:56.871+0000] {processor.py:208} INFO - Processing /home/airflow/.local/lib/python3.12/site-packages/airflow/example_dags/example_outlet_event_extra.py took 0.546 seconds
[2025-07-15T16:00:27.438+0000] {processor.py:186} INFO - Started process (PID=2925) to work on /home/airflow/.local/lib/python3.12/site-packages/airflow/example_dags/example_outlet_event_extra.py
[2025-07-15T16:00:27.440+0000] {processor.py:914} INFO - Processing file /home/airflow/.local/lib/python3.12/site-packages/airflow/example_dags/example_outlet_event_extra.py for tasks to queue
[2025-07-15T16:00:27.447+0000] {logging_mixin.py:190} INFO - [2025-07-15T16:00:27.446+0000] {dagbag.py:588} INFO - Filling up the DagBag from /home/airflow/.local/lib/python3.12/site-packages/airflow/example_dags/example_outlet_event_extra.py
[2025-07-15T16:00:27.840+0000] {processor.py:925} INFO - DAG(s) 'dataset_with_extra_from_classic_operator', 'dataset_with_extra_by_yield', 'dataset_with_extra_by_context' retrieved from /home/airflow/.local/lib/python3.12/site-packages/airflow/example_dags/example_outlet_event_extra.py
[2025-07-15T16:00:27.853+0000] {logging_mixin.py:190} INFO - [2025-07-15T16:00:27.853+0000] {dag.py:3239} INFO - Sync 3 DAGs
[2025-07-15T16:00:27.870+0000] {logging_mixin.py:190} INFO - [2025-07-15T16:00:27.870+0000] {dag.py:4180} INFO - Setting next_dagrun for dataset_with_extra_by_context to 2025-07-14 00:00:00+00:00, run_after=2025-07-15 00:00:00+00:00
[2025-07-15T16:00:27.874+0000] {logging_mixin.py:190} INFO - [2025-07-15T16:00:27.874+0000] {dag.py:4180} INFO - Setting next_dagrun for dataset_with_extra_by_yield to 2025-07-14 00:00:00+00:00, run_after=2025-07-15 00:00:00+00:00
[2025-07-15T16:00:27.877+0000] {logging_mixin.py:190} INFO - [2025-07-15T16:00:27.877+0000] {dag.py:4180} INFO - Setting next_dagrun for dataset_with_extra_from_classic_operator to 2025-07-14 00:00:00+00:00, run_after=2025-07-15 00:00:00+00:00
[2025-07-15T16:00:27.892+0000] {processor.py:208} INFO - Processing /home/airflow/.local/lib/python3.12/site-packages/airflow/example_dags/example_outlet_event_extra.py took 0.473 seconds
[2025-07-15T16:00:58.159+0000] {processor.py:186} INFO - Started process (PID=2987) to work on /home/airflow/.local/lib/python3.12/site-packages/airflow/example_dags/example_outlet_event_extra.py
[2025-07-15T16:00:58.162+0000] {processor.py:914} INFO - Processing file /home/airflow/.local/lib/python3.12/site-packages/airflow/example_dags/example_outlet_event_extra.py for tasks to queue
[2025-07-15T16:00:58.170+0000] {logging_mixin.py:190} INFO - [2025-07-15T16:00:58.170+0000] {dagbag.py:588} INFO - Filling up the DagBag from /home/airflow/.local/lib/python3.12/site-packages/airflow/example_dags/example_outlet_event_extra.py
[2025-07-15T16:00:58.729+0000] {processor.py:925} INFO - DAG(s) 'dataset_with_extra_by_context', 'dataset_with_extra_by_yield', 'dataset_with_extra_from_classic_operator' retrieved from /home/airflow/.local/lib/python3.12/site-packages/airflow/example_dags/example_outlet_event_extra.py
[2025-07-15T16:00:58.759+0000] {logging_mixin.py:190} INFO - [2025-07-15T16:00:58.759+0000] {dag.py:3239} INFO - Sync 3 DAGs
[2025-07-15T16:00:58.782+0000] {logging_mixin.py:190} INFO - [2025-07-15T16:00:58.782+0000] {dag.py:4180} INFO - Setting next_dagrun for dataset_with_extra_by_context to 2025-07-14 00:00:00+00:00, run_after=2025-07-15 00:00:00+00:00
[2025-07-15T16:00:58.785+0000] {logging_mixin.py:190} INFO - [2025-07-15T16:00:58.785+0000] {dag.py:4180} INFO - Setting next_dagrun for dataset_with_extra_by_yield to 2025-07-14 00:00:00+00:00, run_after=2025-07-15 00:00:00+00:00
[2025-07-15T16:00:58.787+0000] {logging_mixin.py:190} INFO - [2025-07-15T16:00:58.787+0000] {dag.py:4180} INFO - Setting next_dagrun for dataset_with_extra_from_classic_operator to 2025-07-14 00:00:00+00:00, run_after=2025-07-15 00:00:00+00:00
[2025-07-15T16:00:58.809+0000] {processor.py:208} INFO - Processing /home/airflow/.local/lib/python3.12/site-packages/airflow/example_dags/example_outlet_event_extra.py took 0.670 seconds
[2025-07-15T16:01:29.798+0000] {processor.py:186} INFO - Started process (PID=3049) to work on /home/airflow/.local/lib/python3.12/site-packages/airflow/example_dags/example_outlet_event_extra.py
[2025-07-15T16:01:29.801+0000] {processor.py:914} INFO - Processing file /home/airflow/.local/lib/python3.12/site-packages/airflow/example_dags/example_outlet_event_extra.py for tasks to queue
[2025-07-15T16:01:29.807+0000] {logging_mixin.py:190} INFO - [2025-07-15T16:01:29.807+0000] {dagbag.py:588} INFO - Filling up the DagBag from /home/airflow/.local/lib/python3.12/site-packages/airflow/example_dags/example_outlet_event_extra.py
[2025-07-15T16:01:30.244+0000] {processor.py:925} INFO - DAG(s) 'dataset_with_extra_by_yield', 'dataset_with_extra_from_classic_operator', 'dataset_with_extra_by_context' retrieved from /home/airflow/.local/lib/python3.12/site-packages/airflow/example_dags/example_outlet_event_extra.py
[2025-07-15T16:01:30.261+0000] {logging_mixin.py:190} INFO - [2025-07-15T16:01:30.261+0000] {dag.py:3239} INFO - Sync 3 DAGs
[2025-07-15T16:01:30.275+0000] {logging_mixin.py:190} INFO - [2025-07-15T16:01:30.275+0000] {dag.py:4180} INFO - Setting next_dagrun for dataset_with_extra_by_context to 2025-07-14 00:00:00+00:00, run_after=2025-07-15 00:00:00+00:00
[2025-07-15T16:01:30.278+0000] {logging_mixin.py:190} INFO - [2025-07-15T16:01:30.278+0000] {dag.py:4180} INFO - Setting next_dagrun for dataset_with_extra_by_yield to 2025-07-14 00:00:00+00:00, run_after=2025-07-15 00:00:00+00:00
[2025-07-15T16:01:30.281+0000] {logging_mixin.py:190} INFO - [2025-07-15T16:01:30.281+0000] {dag.py:4180} INFO - Setting next_dagrun for dataset_with_extra_from_classic_operator to 2025-07-14 00:00:00+00:00, run_after=2025-07-15 00:00:00+00:00
[2025-07-15T16:01:30.297+0000] {processor.py:208} INFO - Processing /home/airflow/.local/lib/python3.12/site-packages/airflow/example_dags/example_outlet_event_extra.py took 0.519 seconds
[2025-07-15T16:02:00.959+0000] {processor.py:186} INFO - Started process (PID=3111) to work on /home/airflow/.local/lib/python3.12/site-packages/airflow/example_dags/example_outlet_event_extra.py
[2025-07-15T16:02:00.963+0000] {processor.py:914} INFO - Processing file /home/airflow/.local/lib/python3.12/site-packages/airflow/example_dags/example_outlet_event_extra.py for tasks to queue
[2025-07-15T16:02:00.972+0000] {logging_mixin.py:190} INFO - [2025-07-15T16:02:00.971+0000] {dagbag.py:588} INFO - Filling up the DagBag from /home/airflow/.local/lib/python3.12/site-packages/airflow/example_dags/example_outlet_event_extra.py
[2025-07-15T16:02:01.523+0000] {processor.py:925} INFO - DAG(s) 'dataset_with_extra_by_context', 'dataset_with_extra_from_classic_operator', 'dataset_with_extra_by_yield' retrieved from /home/airflow/.local/lib/python3.12/site-packages/airflow/example_dags/example_outlet_event_extra.py
[2025-07-15T16:02:01.555+0000] {logging_mixin.py:190} INFO - [2025-07-15T16:02:01.555+0000] {dag.py:3239} INFO - Sync 3 DAGs
[2025-07-15T16:02:01.580+0000] {logging_mixin.py:190} INFO - [2025-07-15T16:02:01.580+0000] {dag.py:4180} INFO - Setting next_dagrun for dataset_with_extra_by_context to 2025-07-14 00:00:00+00:00, run_after=2025-07-15 00:00:00+00:00
[2025-07-15T16:02:01.584+0000] {logging_mixin.py:190} INFO - [2025-07-15T16:02:01.583+0000] {dag.py:4180} INFO - Setting next_dagrun for dataset_with_extra_by_yield to 2025-07-14 00:00:00+00:00, run_after=2025-07-15 00:00:00+00:00
[2025-07-15T16:02:01.587+0000] {logging_mixin.py:190} INFO - [2025-07-15T16:02:01.587+0000] {dag.py:4180} INFO - Setting next_dagrun for dataset_with_extra_from_classic_operator to 2025-07-14 00:00:00+00:00, run_after=2025-07-15 00:00:00+00:00
[2025-07-15T16:02:01.614+0000] {processor.py:208} INFO - Processing /home/airflow/.local/lib/python3.12/site-packages/airflow/example_dags/example_outlet_event_extra.py took 0.678 seconds
[2025-07-15T16:02:31.973+0000] {processor.py:186} INFO - Started process (PID=3173) to work on /home/airflow/.local/lib/python3.12/site-packages/airflow/example_dags/example_outlet_event_extra.py
[2025-07-15T16:02:31.976+0000] {processor.py:914} INFO - Processing file /home/airflow/.local/lib/python3.12/site-packages/airflow/example_dags/example_outlet_event_extra.py for tasks to queue
[2025-07-15T16:02:31.987+0000] {logging_mixin.py:190} INFO - [2025-07-15T16:02:31.987+0000] {dagbag.py:588} INFO - Filling up the DagBag from /home/airflow/.local/lib/python3.12/site-packages/airflow/example_dags/example_outlet_event_extra.py
[2025-07-15T16:02:32.539+0000] {processor.py:925} INFO - DAG(s) 'dataset_with_extra_by_yield', 'dataset_with_extra_by_context', 'dataset_with_extra_from_classic_operator' retrieved from /home/airflow/.local/lib/python3.12/site-packages/airflow/example_dags/example_outlet_event_extra.py
[2025-07-15T16:02:32.565+0000] {logging_mixin.py:190} INFO - [2025-07-15T16:02:32.565+0000] {dag.py:3239} INFO - Sync 3 DAGs
[2025-07-15T16:02:32.584+0000] {logging_mixin.py:190} INFO - [2025-07-15T16:02:32.584+0000] {dag.py:4180} INFO - Setting next_dagrun for dataset_with_extra_by_context to 2025-07-14 00:00:00+00:00, run_after=2025-07-15 00:00:00+00:00
[2025-07-15T16:02:32.587+0000] {logging_mixin.py:190} INFO - [2025-07-15T16:02:32.587+0000] {dag.py:4180} INFO - Setting next_dagrun for dataset_with_extra_by_yield to 2025-07-14 00:00:00+00:00, run_after=2025-07-15 00:00:00+00:00
[2025-07-15T16:02:32.589+0000] {logging_mixin.py:190} INFO - [2025-07-15T16:02:32.589+0000] {dag.py:4180} INFO - Setting next_dagrun for dataset_with_extra_from_classic_operator to 2025-07-14 00:00:00+00:00, run_after=2025-07-15 00:00:00+00:00
[2025-07-15T16:02:32.604+0000] {processor.py:208} INFO - Processing /home/airflow/.local/lib/python3.12/site-packages/airflow/example_dags/example_outlet_event_extra.py took 0.658 seconds
[2025-07-15T16:03:03.045+0000] {processor.py:186} INFO - Started process (PID=3235) to work on /home/airflow/.local/lib/python3.12/site-packages/airflow/example_dags/example_outlet_event_extra.py
[2025-07-15T16:03:03.048+0000] {processor.py:914} INFO - Processing file /home/airflow/.local/lib/python3.12/site-packages/airflow/example_dags/example_outlet_event_extra.py for tasks to queue
[2025-07-15T16:03:03.053+0000] {logging_mixin.py:190} INFO - [2025-07-15T16:03:03.053+0000] {dagbag.py:588} INFO - Filling up the DagBag from /home/airflow/.local/lib/python3.12/site-packages/airflow/example_dags/example_outlet_event_extra.py
[2025-07-15T16:03:03.504+0000] {processor.py:925} INFO - DAG(s) 'dataset_with_extra_by_context', 'dataset_with_extra_by_yield', 'dataset_with_extra_from_classic_operator' retrieved from /home/airflow/.local/lib/python3.12/site-packages/airflow/example_dags/example_outlet_event_extra.py
[2025-07-15T16:03:03.520+0000] {logging_mixin.py:190} INFO - [2025-07-15T16:03:03.520+0000] {dag.py:3239} INFO - Sync 3 DAGs
[2025-07-15T16:03:03.533+0000] {logging_mixin.py:190} INFO - [2025-07-15T16:03:03.533+0000] {dag.py:4180} INFO - Setting next_dagrun for dataset_with_extra_by_context to 2025-07-14 00:00:00+00:00, run_after=2025-07-15 00:00:00+00:00
[2025-07-15T16:03:03.539+0000] {logging_mixin.py:190} INFO - [2025-07-15T16:03:03.539+0000] {dag.py:4180} INFO - Setting next_dagrun for dataset_with_extra_by_yield to 2025-07-14 00:00:00+00:00, run_after=2025-07-15 00:00:00+00:00
[2025-07-15T16:03:03.541+0000] {logging_mixin.py:190} INFO - [2025-07-15T16:03:03.541+0000] {dag.py:4180} INFO - Setting next_dagrun for dataset_with_extra_from_classic_operator to 2025-07-14 00:00:00+00:00, run_after=2025-07-15 00:00:00+00:00
[2025-07-15T16:03:03.554+0000] {processor.py:208} INFO - Processing /home/airflow/.local/lib/python3.12/site-packages/airflow/example_dags/example_outlet_event_extra.py took 0.531 seconds
[2025-07-15T16:03:34.263+0000] {processor.py:186} INFO - Started process (PID=3297) to work on /home/airflow/.local/lib/python3.12/site-packages/airflow/example_dags/example_outlet_event_extra.py
[2025-07-15T16:03:34.267+0000] {processor.py:914} INFO - Processing file /home/airflow/.local/lib/python3.12/site-packages/airflow/example_dags/example_outlet_event_extra.py for tasks to queue
[2025-07-15T16:03:34.272+0000] {logging_mixin.py:190} INFO - [2025-07-15T16:03:34.271+0000] {dagbag.py:588} INFO - Filling up the DagBag from /home/airflow/.local/lib/python3.12/site-packages/airflow/example_dags/example_outlet_event_extra.py
[2025-07-15T16:03:34.725+0000] {processor.py:925} INFO - DAG(s) 'dataset_with_extra_by_yield', 'dataset_with_extra_by_context', 'dataset_with_extra_from_classic_operator' retrieved from /home/airflow/.local/lib/python3.12/site-packages/airflow/example_dags/example_outlet_event_extra.py
[2025-07-15T16:03:34.775+0000] {logging_mixin.py:190} INFO - [2025-07-15T16:03:34.774+0000] {dag.py:3239} INFO - Sync 3 DAGs
[2025-07-15T16:03:35.051+0000] {logging_mixin.py:190} INFO - [2025-07-15T16:03:35.043+0000] {dag.py:4180} INFO - Setting next_dagrun for dataset_with_extra_by_context to 2025-07-14 00:00:00+00:00, run_after=2025-07-15 00:00:00+00:00
[2025-07-15T16:03:35.081+0000] {logging_mixin.py:190} INFO - [2025-07-15T16:03:35.080+0000] {dag.py:4180} INFO - Setting next_dagrun for dataset_with_extra_by_yield to 2025-07-14 00:00:00+00:00, run_after=2025-07-15 00:00:00+00:00
[2025-07-15T16:03:35.089+0000] {logging_mixin.py:190} INFO - [2025-07-15T16:03:35.089+0000] {dag.py:4180} INFO - Setting next_dagrun for dataset_with_extra_from_classic_operator to 2025-07-14 00:00:00+00:00, run_after=2025-07-15 00:00:00+00:00
[2025-07-15T16:03:35.173+0000] {processor.py:208} INFO - Processing /home/airflow/.local/lib/python3.12/site-packages/airflow/example_dags/example_outlet_event_extra.py took 0.936 seconds
[2025-07-15T16:04:05.622+0000] {processor.py:186} INFO - Started process (PID=3359) to work on /home/airflow/.local/lib/python3.12/site-packages/airflow/example_dags/example_outlet_event_extra.py
[2025-07-15T16:04:05.624+0000] {processor.py:914} INFO - Processing file /home/airflow/.local/lib/python3.12/site-packages/airflow/example_dags/example_outlet_event_extra.py for tasks to queue
[2025-07-15T16:04:05.629+0000] {logging_mixin.py:190} INFO - [2025-07-15T16:04:05.628+0000] {dagbag.py:588} INFO - Filling up the DagBag from /home/airflow/.local/lib/python3.12/site-packages/airflow/example_dags/example_outlet_event_extra.py
[2025-07-15T16:04:06.059+0000] {processor.py:925} INFO - DAG(s) 'dataset_with_extra_by_yield', 'dataset_with_extra_from_classic_operator', 'dataset_with_extra_by_context' retrieved from /home/airflow/.local/lib/python3.12/site-packages/airflow/example_dags/example_outlet_event_extra.py
[2025-07-15T16:04:06.084+0000] {logging_mixin.py:190} INFO - [2025-07-15T16:04:06.084+0000] {dag.py:3239} INFO - Sync 3 DAGs
[2025-07-15T16:04:06.103+0000] {logging_mixin.py:190} INFO - [2025-07-15T16:04:06.102+0000] {dag.py:4180} INFO - Setting next_dagrun for dataset_with_extra_by_context to 2025-07-14 00:00:00+00:00, run_after=2025-07-15 00:00:00+00:00
[2025-07-15T16:04:06.108+0000] {logging_mixin.py:190} INFO - [2025-07-15T16:04:06.108+0000] {dag.py:4180} INFO - Setting next_dagrun for dataset_with_extra_by_yield to 2025-07-14 00:00:00+00:00, run_after=2025-07-15 00:00:00+00:00
[2025-07-15T16:04:06.111+0000] {logging_mixin.py:190} INFO - [2025-07-15T16:04:06.111+0000] {dag.py:4180} INFO - Setting next_dagrun for dataset_with_extra_from_classic_operator to 2025-07-14 00:00:00+00:00, run_after=2025-07-15 00:00:00+00:00
[2025-07-15T16:04:06.128+0000] {processor.py:208} INFO - Processing /home/airflow/.local/lib/python3.12/site-packages/airflow/example_dags/example_outlet_event_extra.py took 0.533 seconds
[2025-07-15T16:04:37.162+0000] {processor.py:186} INFO - Started process (PID=3421) to work on /home/airflow/.local/lib/python3.12/site-packages/airflow/example_dags/example_outlet_event_extra.py
[2025-07-15T16:04:37.165+0000] {processor.py:914} INFO - Processing file /home/airflow/.local/lib/python3.12/site-packages/airflow/example_dags/example_outlet_event_extra.py for tasks to queue
[2025-07-15T16:04:37.169+0000] {logging_mixin.py:190} INFO - [2025-07-15T16:04:37.169+0000] {dagbag.py:588} INFO - Filling up the DagBag from /home/airflow/.local/lib/python3.12/site-packages/airflow/example_dags/example_outlet_event_extra.py
[2025-07-15T16:04:37.339+0000] {processor.py:925} INFO - DAG(s) 'dataset_with_extra_by_yield', 'dataset_with_extra_from_classic_operator', 'dataset_with_extra_by_context' retrieved from /home/airflow/.local/lib/python3.12/site-packages/airflow/example_dags/example_outlet_event_extra.py
[2025-07-15T16:04:37.375+0000] {logging_mixin.py:190} INFO - [2025-07-15T16:04:37.375+0000] {dag.py:3239} INFO - Sync 3 DAGs
[2025-07-15T16:04:37.402+0000] {logging_mixin.py:190} INFO - [2025-07-15T16:04:37.402+0000] {dag.py:4180} INFO - Setting next_dagrun for dataset_with_extra_by_context to 2025-07-14 00:00:00+00:00, run_after=2025-07-15 00:00:00+00:00
[2025-07-15T16:04:37.405+0000] {logging_mixin.py:190} INFO - [2025-07-15T16:04:37.405+0000] {dag.py:4180} INFO - Setting next_dagrun for dataset_with_extra_by_yield to 2025-07-14 00:00:00+00:00, run_after=2025-07-15 00:00:00+00:00
[2025-07-15T16:04:37.406+0000] {logging_mixin.py:190} INFO - [2025-07-15T16:04:37.406+0000] {dag.py:4180} INFO - Setting next_dagrun for dataset_with_extra_from_classic_operator to 2025-07-14 00:00:00+00:00, run_after=2025-07-15 00:00:00+00:00
[2025-07-15T16:04:37.422+0000] {processor.py:208} INFO - Processing /home/airflow/.local/lib/python3.12/site-packages/airflow/example_dags/example_outlet_event_extra.py took 0.287 seconds
[2025-07-15T16:05:08.047+0000] {processor.py:186} INFO - Started process (PID=3483) to work on /home/airflow/.local/lib/python3.12/site-packages/airflow/example_dags/example_outlet_event_extra.py
[2025-07-15T16:05:08.061+0000] {processor.py:914} INFO - Processing file /home/airflow/.local/lib/python3.12/site-packages/airflow/example_dags/example_outlet_event_extra.py for tasks to queue
[2025-07-15T16:05:08.078+0000] {logging_mixin.py:190} INFO - [2025-07-15T16:05:08.078+0000] {dagbag.py:588} INFO - Filling up the DagBag from /home/airflow/.local/lib/python3.12/site-packages/airflow/example_dags/example_outlet_event_extra.py
[2025-07-15T16:05:08.493+0000] {processor.py:925} INFO - DAG(s) 'dataset_with_extra_by_yield', 'dataset_with_extra_from_classic_operator', 'dataset_with_extra_by_context' retrieved from /home/airflow/.local/lib/python3.12/site-packages/airflow/example_dags/example_outlet_event_extra.py
[2025-07-15T16:05:08.534+0000] {logging_mixin.py:190} INFO - [2025-07-15T16:05:08.533+0000] {dag.py:3239} INFO - Sync 3 DAGs
[2025-07-15T16:05:08.592+0000] {logging_mixin.py:190} INFO - [2025-07-15T16:05:08.592+0000] {dag.py:4180} INFO - Setting next_dagrun for dataset_with_extra_by_context to 2025-07-14 00:00:00+00:00, run_after=2025-07-15 00:00:00+00:00
[2025-07-15T16:05:08.602+0000] {logging_mixin.py:190} INFO - [2025-07-15T16:05:08.601+0000] {dag.py:4180} INFO - Setting next_dagrun for dataset_with_extra_by_yield to 2025-07-14 00:00:00+00:00, run_after=2025-07-15 00:00:00+00:00
[2025-07-15T16:05:08.608+0000] {logging_mixin.py:190} INFO - [2025-07-15T16:05:08.608+0000] {dag.py:4180} INFO - Setting next_dagrun for dataset_with_extra_from_classic_operator to 2025-07-14 00:00:00+00:00, run_after=2025-07-15 00:00:00+00:00
[2025-07-15T16:05:08.638+0000] {processor.py:208} INFO - Processing /home/airflow/.local/lib/python3.12/site-packages/airflow/example_dags/example_outlet_event_extra.py took 0.685 seconds
[2025-07-15T16:05:39.403+0000] {processor.py:186} INFO - Started process (PID=3545) to work on /home/airflow/.local/lib/python3.12/site-packages/airflow/example_dags/example_outlet_event_extra.py
[2025-07-15T16:05:39.406+0000] {processor.py:914} INFO - Processing file /home/airflow/.local/lib/python3.12/site-packages/airflow/example_dags/example_outlet_event_extra.py for tasks to queue
[2025-07-15T16:05:39.416+0000] {logging_mixin.py:190} INFO - [2025-07-15T16:05:39.415+0000] {dagbag.py:588} INFO - Filling up the DagBag from /home/airflow/.local/lib/python3.12/site-packages/airflow/example_dags/example_outlet_event_extra.py
[2025-07-15T16:05:39.600+0000] {processor.py:925} INFO - DAG(s) 'dataset_with_extra_by_yield', 'dataset_with_extra_from_classic_operator', 'dataset_with_extra_by_context' retrieved from /home/airflow/.local/lib/python3.12/site-packages/airflow/example_dags/example_outlet_event_extra.py
[2025-07-15T16:05:39.635+0000] {logging_mixin.py:190} INFO - [2025-07-15T16:05:39.635+0000] {dag.py:3239} INFO - Sync 3 DAGs
[2025-07-15T16:05:39.664+0000] {logging_mixin.py:190} INFO - [2025-07-15T16:05:39.664+0000] {dag.py:4180} INFO - Setting next_dagrun for dataset_with_extra_by_context to 2025-07-14 00:00:00+00:00, run_after=2025-07-15 00:00:00+00:00
[2025-07-15T16:05:39.667+0000] {logging_mixin.py:190} INFO - [2025-07-15T16:05:39.667+0000] {dag.py:4180} INFO - Setting next_dagrun for dataset_with_extra_by_yield to 2025-07-14 00:00:00+00:00, run_after=2025-07-15 00:00:00+00:00
[2025-07-15T16:05:39.669+0000] {logging_mixin.py:190} INFO - [2025-07-15T16:05:39.669+0000] {dag.py:4180} INFO - Setting next_dagrun for dataset_with_extra_from_classic_operator to 2025-07-14 00:00:00+00:00, run_after=2025-07-15 00:00:00+00:00
[2025-07-15T16:05:39.694+0000] {processor.py:208} INFO - Processing /home/airflow/.local/lib/python3.12/site-packages/airflow/example_dags/example_outlet_event_extra.py took 0.309 seconds
[2025-07-15T16:06:10.792+0000] {processor.py:186} INFO - Started process (PID=3607) to work on /home/airflow/.local/lib/python3.12/site-packages/airflow/example_dags/example_outlet_event_extra.py
[2025-07-15T16:06:10.794+0000] {processor.py:914} INFO - Processing file /home/airflow/.local/lib/python3.12/site-packages/airflow/example_dags/example_outlet_event_extra.py for tasks to queue
[2025-07-15T16:06:10.806+0000] {logging_mixin.py:190} INFO - [2025-07-15T16:06:10.805+0000] {dagbag.py:588} INFO - Filling up the DagBag from /home/airflow/.local/lib/python3.12/site-packages/airflow/example_dags/example_outlet_event_extra.py
[2025-07-15T16:06:11.064+0000] {processor.py:925} INFO - DAG(s) 'dataset_with_extra_from_classic_operator', 'dataset_with_extra_by_context', 'dataset_with_extra_by_yield' retrieved from /home/airflow/.local/lib/python3.12/site-packages/airflow/example_dags/example_outlet_event_extra.py
[2025-07-15T16:06:11.108+0000] {logging_mixin.py:190} INFO - [2025-07-15T16:06:11.108+0000] {dag.py:3239} INFO - Sync 3 DAGs
[2025-07-15T16:06:11.131+0000] {logging_mixin.py:190} INFO - [2025-07-15T16:06:11.131+0000] {dag.py:4180} INFO - Setting next_dagrun for dataset_with_extra_by_context to 2025-07-14 00:00:00+00:00, run_after=2025-07-15 00:00:00+00:00
[2025-07-15T16:06:11.134+0000] {logging_mixin.py:190} INFO - [2025-07-15T16:06:11.134+0000] {dag.py:4180} INFO - Setting next_dagrun for dataset_with_extra_by_yield to 2025-07-14 00:00:00+00:00, run_after=2025-07-15 00:00:00+00:00
[2025-07-15T16:06:11.135+0000] {logging_mixin.py:190} INFO - [2025-07-15T16:06:11.135+0000] {dag.py:4180} INFO - Setting next_dagrun for dataset_with_extra_from_classic_operator to 2025-07-14 00:00:00+00:00, run_after=2025-07-15 00:00:00+00:00
[2025-07-15T16:06:11.151+0000] {processor.py:208} INFO - Processing /home/airflow/.local/lib/python3.12/site-packages/airflow/example_dags/example_outlet_event_extra.py took 0.384 seconds
[2025-07-15T16:06:41.480+0000] {processor.py:186} INFO - Started process (PID=3669) to work on /home/airflow/.local/lib/python3.12/site-packages/airflow/example_dags/example_outlet_event_extra.py
[2025-07-15T16:06:41.484+0000] {processor.py:914} INFO - Processing file /home/airflow/.local/lib/python3.12/site-packages/airflow/example_dags/example_outlet_event_extra.py for tasks to queue
[2025-07-15T16:06:41.495+0000] {logging_mixin.py:190} INFO - [2025-07-15T16:06:41.494+0000] {dagbag.py:588} INFO - Filling up the DagBag from /home/airflow/.local/lib/python3.12/site-packages/airflow/example_dags/example_outlet_event_extra.py
[2025-07-15T16:06:41.636+0000] {processor.py:925} INFO - DAG(s) 'dataset_with_extra_by_context', 'dataset_with_extra_by_yield', 'dataset_with_extra_from_classic_operator' retrieved from /home/airflow/.local/lib/python3.12/site-packages/airflow/example_dags/example_outlet_event_extra.py
[2025-07-15T16:06:41.659+0000] {logging_mixin.py:190} INFO - [2025-07-15T16:06:41.659+0000] {dag.py:3239} INFO - Sync 3 DAGs
[2025-07-15T16:06:41.680+0000] {logging_mixin.py:190} INFO - [2025-07-15T16:06:41.680+0000] {dag.py:4180} INFO - Setting next_dagrun for dataset_with_extra_by_context to 2025-07-14 00:00:00+00:00, run_after=2025-07-15 00:00:00+00:00
[2025-07-15T16:06:41.684+0000] {logging_mixin.py:190} INFO - [2025-07-15T16:06:41.684+0000] {dag.py:4180} INFO - Setting next_dagrun for dataset_with_extra_by_yield to 2025-07-14 00:00:00+00:00, run_after=2025-07-15 00:00:00+00:00
[2025-07-15T16:06:41.685+0000] {logging_mixin.py:190} INFO - [2025-07-15T16:06:41.685+0000] {dag.py:4180} INFO - Setting next_dagrun for dataset_with_extra_from_classic_operator to 2025-07-14 00:00:00+00:00, run_after=2025-07-15 00:00:00+00:00
[2025-07-15T16:06:41.702+0000] {processor.py:208} INFO - Processing /home/airflow/.local/lib/python3.12/site-packages/airflow/example_dags/example_outlet_event_extra.py took 0.241 seconds
[2025-07-15T16:07:12.470+0000] {processor.py:186} INFO - Started process (PID=3731) to work on /home/airflow/.local/lib/python3.12/site-packages/airflow/example_dags/example_outlet_event_extra.py
[2025-07-15T16:07:12.475+0000] {processor.py:914} INFO - Processing file /home/airflow/.local/lib/python3.12/site-packages/airflow/example_dags/example_outlet_event_extra.py for tasks to queue
[2025-07-15T16:07:12.483+0000] {logging_mixin.py:190} INFO - [2025-07-15T16:07:12.482+0000] {dagbag.py:588} INFO - Filling up the DagBag from /home/airflow/.local/lib/python3.12/site-packages/airflow/example_dags/example_outlet_event_extra.py
[2025-07-15T16:07:12.663+0000] {processor.py:925} INFO - DAG(s) 'dataset_with_extra_by_yield', 'dataset_with_extra_by_context', 'dataset_with_extra_from_classic_operator' retrieved from /home/airflow/.local/lib/python3.12/site-packages/airflow/example_dags/example_outlet_event_extra.py
[2025-07-15T16:07:12.690+0000] {logging_mixin.py:190} INFO - [2025-07-15T16:07:12.690+0000] {dag.py:3239} INFO - Sync 3 DAGs
[2025-07-15T16:07:12.718+0000] {logging_mixin.py:190} INFO - [2025-07-15T16:07:12.717+0000] {dag.py:4180} INFO - Setting next_dagrun for dataset_with_extra_by_context to 2025-07-14 00:00:00+00:00, run_after=2025-07-15 00:00:00+00:00
[2025-07-15T16:07:12.722+0000] {logging_mixin.py:190} INFO - [2025-07-15T16:07:12.721+0000] {dag.py:4180} INFO - Setting next_dagrun for dataset_with_extra_by_yield to 2025-07-14 00:00:00+00:00, run_after=2025-07-15 00:00:00+00:00
[2025-07-15T16:07:12.723+0000] {logging_mixin.py:190} INFO - [2025-07-15T16:07:12.723+0000] {dag.py:4180} INFO - Setting next_dagrun for dataset_with_extra_from_classic_operator to 2025-07-14 00:00:00+00:00, run_after=2025-07-15 00:00:00+00:00
[2025-07-15T16:07:12.750+0000] {processor.py:208} INFO - Processing /home/airflow/.local/lib/python3.12/site-packages/airflow/example_dags/example_outlet_event_extra.py took 0.304 seconds
[2025-07-15T16:07:43.029+0000] {processor.py:186} INFO - Started process (PID=3793) to work on /home/airflow/.local/lib/python3.12/site-packages/airflow/example_dags/example_outlet_event_extra.py
[2025-07-15T16:07:43.037+0000] {processor.py:914} INFO - Processing file /home/airflow/.local/lib/python3.12/site-packages/airflow/example_dags/example_outlet_event_extra.py for tasks to queue
[2025-07-15T16:07:43.041+0000] {logging_mixin.py:190} INFO - [2025-07-15T16:07:43.041+0000] {dagbag.py:588} INFO - Filling up the DagBag from /home/airflow/.local/lib/python3.12/site-packages/airflow/example_dags/example_outlet_event_extra.py
[2025-07-15T16:07:43.206+0000] {processor.py:925} INFO - DAG(s) 'dataset_with_extra_from_classic_operator', 'dataset_with_extra_by_context', 'dataset_with_extra_by_yield' retrieved from /home/airflow/.local/lib/python3.12/site-packages/airflow/example_dags/example_outlet_event_extra.py
[2025-07-15T16:07:43.239+0000] {logging_mixin.py:190} INFO - [2025-07-15T16:07:43.239+0000] {dag.py:3239} INFO - Sync 3 DAGs
[2025-07-15T16:07:43.266+0000] {logging_mixin.py:190} INFO - [2025-07-15T16:07:43.266+0000] {dag.py:4180} INFO - Setting next_dagrun for dataset_with_extra_by_context to 2025-07-14 00:00:00+00:00, run_after=2025-07-15 00:00:00+00:00
[2025-07-15T16:07:43.269+0000] {logging_mixin.py:190} INFO - [2025-07-15T16:07:43.269+0000] {dag.py:4180} INFO - Setting next_dagrun for dataset_with_extra_by_yield to 2025-07-14 00:00:00+00:00, run_after=2025-07-15 00:00:00+00:00
[2025-07-15T16:07:43.271+0000] {logging_mixin.py:190} INFO - [2025-07-15T16:07:43.270+0000] {dag.py:4180} INFO - Setting next_dagrun for dataset_with_extra_from_classic_operator to 2025-07-14 00:00:00+00:00, run_after=2025-07-15 00:00:00+00:00
[2025-07-15T16:07:43.294+0000] {processor.py:208} INFO - Processing /home/airflow/.local/lib/python3.12/site-packages/airflow/example_dags/example_outlet_event_extra.py took 0.276 seconds
[2025-07-15T16:08:13.821+0000] {processor.py:186} INFO - Started process (PID=3855) to work on /home/airflow/.local/lib/python3.12/site-packages/airflow/example_dags/example_outlet_event_extra.py
[2025-07-15T16:08:13.824+0000] {processor.py:914} INFO - Processing file /home/airflow/.local/lib/python3.12/site-packages/airflow/example_dags/example_outlet_event_extra.py for tasks to queue
[2025-07-15T16:08:13.834+0000] {logging_mixin.py:190} INFO - [2025-07-15T16:08:13.834+0000] {dagbag.py:588} INFO - Filling up the DagBag from /home/airflow/.local/lib/python3.12/site-packages/airflow/example_dags/example_outlet_event_extra.py
[2025-07-15T16:08:14.015+0000] {processor.py:925} INFO - DAG(s) 'dataset_with_extra_by_context', 'dataset_with_extra_by_yield', 'dataset_with_extra_from_classic_operator' retrieved from /home/airflow/.local/lib/python3.12/site-packages/airflow/example_dags/example_outlet_event_extra.py
[2025-07-15T16:08:14.046+0000] {logging_mixin.py:190} INFO - [2025-07-15T16:08:14.045+0000] {dag.py:3239} INFO - Sync 3 DAGs
[2025-07-15T16:08:14.074+0000] {logging_mixin.py:190} INFO - [2025-07-15T16:08:14.074+0000] {dag.py:4180} INFO - Setting next_dagrun for dataset_with_extra_by_context to 2025-07-14 00:00:00+00:00, run_after=2025-07-15 00:00:00+00:00
[2025-07-15T16:08:14.077+0000] {logging_mixin.py:190} INFO - [2025-07-15T16:08:14.077+0000] {dag.py:4180} INFO - Setting next_dagrun for dataset_with_extra_by_yield to 2025-07-14 00:00:00+00:00, run_after=2025-07-15 00:00:00+00:00
[2025-07-15T16:08:14.078+0000] {logging_mixin.py:190} INFO - [2025-07-15T16:08:14.078+0000] {dag.py:4180} INFO - Setting next_dagrun for dataset_with_extra_from_classic_operator to 2025-07-14 00:00:00+00:00, run_after=2025-07-15 00:00:00+00:00
[2025-07-15T16:08:14.137+0000] {processor.py:208} INFO - Processing /home/airflow/.local/lib/python3.12/site-packages/airflow/example_dags/example_outlet_event_extra.py took 0.332 seconds
[2025-07-15T16:08:44.851+0000] {processor.py:186} INFO - Started process (PID=3917) to work on /home/airflow/.local/lib/python3.12/site-packages/airflow/example_dags/example_outlet_event_extra.py
[2025-07-15T16:08:44.852+0000] {processor.py:914} INFO - Processing file /home/airflow/.local/lib/python3.12/site-packages/airflow/example_dags/example_outlet_event_extra.py for tasks to queue
[2025-07-15T16:08:44.859+0000] {logging_mixin.py:190} INFO - [2025-07-15T16:08:44.859+0000] {dagbag.py:588} INFO - Filling up the DagBag from /home/airflow/.local/lib/python3.12/site-packages/airflow/example_dags/example_outlet_event_extra.py
[2025-07-15T16:08:44.973+0000] {processor.py:925} INFO - DAG(s) 'dataset_with_extra_from_classic_operator', 'dataset_with_extra_by_context', 'dataset_with_extra_by_yield' retrieved from /home/airflow/.local/lib/python3.12/site-packages/airflow/example_dags/example_outlet_event_extra.py
[2025-07-15T16:08:44.995+0000] {logging_mixin.py:190} INFO - [2025-07-15T16:08:44.995+0000] {dag.py:3239} INFO - Sync 3 DAGs
[2025-07-15T16:08:45.011+0000] {logging_mixin.py:190} INFO - [2025-07-15T16:08:45.011+0000] {dag.py:4180} INFO - Setting next_dagrun for dataset_with_extra_by_context to 2025-07-14 00:00:00+00:00, run_after=2025-07-15 00:00:00+00:00
[2025-07-15T16:08:45.013+0000] {logging_mixin.py:190} INFO - [2025-07-15T16:08:45.013+0000] {dag.py:4180} INFO - Setting next_dagrun for dataset_with_extra_by_yield to 2025-07-14 00:00:00+00:00, run_after=2025-07-15 00:00:00+00:00
[2025-07-15T16:08:45.014+0000] {logging_mixin.py:190} INFO - [2025-07-15T16:08:45.014+0000] {dag.py:4180} INFO - Setting next_dagrun for dataset_with_extra_from_classic_operator to 2025-07-14 00:00:00+00:00, run_after=2025-07-15 00:00:00+00:00
[2025-07-15T16:08:45.029+0000] {processor.py:208} INFO - Processing /home/airflow/.local/lib/python3.12/site-packages/airflow/example_dags/example_outlet_event_extra.py took 0.185 seconds
[2025-07-15T16:09:15.574+0000] {processor.py:186} INFO - Started process (PID=3979) to work on /home/airflow/.local/lib/python3.12/site-packages/airflow/example_dags/example_outlet_event_extra.py
[2025-07-15T16:09:15.576+0000] {processor.py:914} INFO - Processing file /home/airflow/.local/lib/python3.12/site-packages/airflow/example_dags/example_outlet_event_extra.py for tasks to queue
[2025-07-15T16:09:15.579+0000] {logging_mixin.py:190} INFO - [2025-07-15T16:09:15.579+0000] {dagbag.py:588} INFO - Filling up the DagBag from /home/airflow/.local/lib/python3.12/site-packages/airflow/example_dags/example_outlet_event_extra.py
[2025-07-15T16:09:15.713+0000] {processor.py:925} INFO - DAG(s) 'dataset_with_extra_by_context', 'dataset_with_extra_by_yield', 'dataset_with_extra_from_classic_operator' retrieved from /home/airflow/.local/lib/python3.12/site-packages/airflow/example_dags/example_outlet_event_extra.py
[2025-07-15T16:09:15.743+0000] {logging_mixin.py:190} INFO - [2025-07-15T16:09:15.743+0000] {dag.py:3239} INFO - Sync 3 DAGs
[2025-07-15T16:09:15.772+0000] {logging_mixin.py:190} INFO - [2025-07-15T16:09:15.772+0000] {dag.py:4180} INFO - Setting next_dagrun for dataset_with_extra_by_context to 2025-07-14 00:00:00+00:00, run_after=2025-07-15 00:00:00+00:00
[2025-07-15T16:09:15.776+0000] {logging_mixin.py:190} INFO - [2025-07-15T16:09:15.776+0000] {dag.py:4180} INFO - Setting next_dagrun for dataset_with_extra_by_yield to 2025-07-14 00:00:00+00:00, run_after=2025-07-15 00:00:00+00:00
[2025-07-15T16:09:15.777+0000] {logging_mixin.py:190} INFO - [2025-07-15T16:09:15.777+0000] {dag.py:4180} INFO - Setting next_dagrun for dataset_with_extra_from_classic_operator to 2025-07-14 00:00:00+00:00, run_after=2025-07-15 00:00:00+00:00
[2025-07-15T16:09:15.796+0000] {processor.py:208} INFO - Processing /home/airflow/.local/lib/python3.12/site-packages/airflow/example_dags/example_outlet_event_extra.py took 0.231 seconds
[2025-07-15T16:09:46.618+0000] {processor.py:186} INFO - Started process (PID=4040) to work on /home/airflow/.local/lib/python3.12/site-packages/airflow/example_dags/example_outlet_event_extra.py
[2025-07-15T16:09:46.621+0000] {processor.py:914} INFO - Processing file /home/airflow/.local/lib/python3.12/site-packages/airflow/example_dags/example_outlet_event_extra.py for tasks to queue
[2025-07-15T16:09:46.630+0000] {logging_mixin.py:190} INFO - [2025-07-15T16:09:46.628+0000] {dagbag.py:588} INFO - Filling up the DagBag from /home/airflow/.local/lib/python3.12/site-packages/airflow/example_dags/example_outlet_event_extra.py
[2025-07-15T16:09:46.798+0000] {processor.py:925} INFO - DAG(s) 'dataset_with_extra_by_context', 'dataset_with_extra_from_classic_operator', 'dataset_with_extra_by_yield' retrieved from /home/airflow/.local/lib/python3.12/site-packages/airflow/example_dags/example_outlet_event_extra.py
[2025-07-15T16:09:46.834+0000] {logging_mixin.py:190} INFO - [2025-07-15T16:09:46.834+0000] {dag.py:3239} INFO - Sync 3 DAGs
[2025-07-15T16:09:46.861+0000] {logging_mixin.py:190} INFO - [2025-07-15T16:09:46.861+0000] {dag.py:4180} INFO - Setting next_dagrun for dataset_with_extra_by_context to 2025-07-14 00:00:00+00:00, run_after=2025-07-15 00:00:00+00:00
[2025-07-15T16:09:46.864+0000] {logging_mixin.py:190} INFO - [2025-07-15T16:09:46.864+0000] {dag.py:4180} INFO - Setting next_dagrun for dataset_with_extra_by_yield to 2025-07-14 00:00:00+00:00, run_after=2025-07-15 00:00:00+00:00
[2025-07-15T16:09:46.866+0000] {logging_mixin.py:190} INFO - [2025-07-15T16:09:46.866+0000] {dag.py:4180} INFO - Setting next_dagrun for dataset_with_extra_from_classic_operator to 2025-07-14 00:00:00+00:00, run_after=2025-07-15 00:00:00+00:00
[2025-07-15T16:09:46.884+0000] {processor.py:208} INFO - Processing /home/airflow/.local/lib/python3.12/site-packages/airflow/example_dags/example_outlet_event_extra.py took 0.282 seconds
[2025-07-15T16:10:17.218+0000] {processor.py:186} INFO - Started process (PID=4102) to work on /home/airflow/.local/lib/python3.12/site-packages/airflow/example_dags/example_outlet_event_extra.py
[2025-07-15T16:10:17.221+0000] {processor.py:914} INFO - Processing file /home/airflow/.local/lib/python3.12/site-packages/airflow/example_dags/example_outlet_event_extra.py for tasks to queue
[2025-07-15T16:10:17.230+0000] {logging_mixin.py:190} INFO - [2025-07-15T16:10:17.230+0000] {dagbag.py:588} INFO - Filling up the DagBag from /home/airflow/.local/lib/python3.12/site-packages/airflow/example_dags/example_outlet_event_extra.py
[2025-07-15T16:10:17.455+0000] {processor.py:925} INFO - DAG(s) 'dataset_with_extra_by_yield', 'dataset_with_extra_by_context', 'dataset_with_extra_from_classic_operator' retrieved from /home/airflow/.local/lib/python3.12/site-packages/airflow/example_dags/example_outlet_event_extra.py
[2025-07-15T16:10:17.501+0000] {logging_mixin.py:190} INFO - [2025-07-15T16:10:17.501+0000] {dag.py:3239} INFO - Sync 3 DAGs
[2025-07-15T16:10:17.529+0000] {logging_mixin.py:190} INFO - [2025-07-15T16:10:17.529+0000] {dag.py:4180} INFO - Setting next_dagrun for dataset_with_extra_by_context to 2025-07-14 00:00:00+00:00, run_after=2025-07-15 00:00:00+00:00
[2025-07-15T16:10:17.533+0000] {logging_mixin.py:190} INFO - [2025-07-15T16:10:17.533+0000] {dag.py:4180} INFO - Setting next_dagrun for dataset_with_extra_by_yield to 2025-07-14 00:00:00+00:00, run_after=2025-07-15 00:00:00+00:00
[2025-07-15T16:10:17.535+0000] {logging_mixin.py:190} INFO - [2025-07-15T16:10:17.535+0000] {dag.py:4180} INFO - Setting next_dagrun for dataset_with_extra_from_classic_operator to 2025-07-14 00:00:00+00:00, run_after=2025-07-15 00:00:00+00:00
[2025-07-15T16:10:17.560+0000] {processor.py:208} INFO - Processing /home/airflow/.local/lib/python3.12/site-packages/airflow/example_dags/example_outlet_event_extra.py took 0.371 seconds
[2025-07-15T16:10:47.762+0000] {processor.py:186} INFO - Started process (PID=4163) to work on /home/airflow/.local/lib/python3.12/site-packages/airflow/example_dags/example_outlet_event_extra.py
[2025-07-15T16:10:47.764+0000] {processor.py:914} INFO - Processing file /home/airflow/.local/lib/python3.12/site-packages/airflow/example_dags/example_outlet_event_extra.py for tasks to queue
[2025-07-15T16:10:47.770+0000] {logging_mixin.py:190} INFO - [2025-07-15T16:10:47.768+0000] {dagbag.py:588} INFO - Filling up the DagBag from /home/airflow/.local/lib/python3.12/site-packages/airflow/example_dags/example_outlet_event_extra.py
[2025-07-15T16:10:47.969+0000] {processor.py:925} INFO - DAG(s) 'dataset_with_extra_from_classic_operator', 'dataset_with_extra_by_yield', 'dataset_with_extra_by_context' retrieved from /home/airflow/.local/lib/python3.12/site-packages/airflow/example_dags/example_outlet_event_extra.py
[2025-07-15T16:10:48.006+0000] {logging_mixin.py:190} INFO - [2025-07-15T16:10:48.006+0000] {dag.py:3239} INFO - Sync 3 DAGs
[2025-07-15T16:10:48.035+0000] {logging_mixin.py:190} INFO - [2025-07-15T16:10:48.035+0000] {dag.py:4180} INFO - Setting next_dagrun for dataset_with_extra_by_context to 2025-07-14 00:00:00+00:00, run_after=2025-07-15 00:00:00+00:00
[2025-07-15T16:10:48.041+0000] {logging_mixin.py:190} INFO - [2025-07-15T16:10:48.040+0000] {dag.py:4180} INFO - Setting next_dagrun for dataset_with_extra_by_yield to 2025-07-14 00:00:00+00:00, run_after=2025-07-15 00:00:00+00:00
[2025-07-15T16:10:48.042+0000] {logging_mixin.py:190} INFO - [2025-07-15T16:10:48.042+0000] {dag.py:4180} INFO - Setting next_dagrun for dataset_with_extra_from_classic_operator to 2025-07-14 00:00:00+00:00, run_after=2025-07-15 00:00:00+00:00
[2025-07-15T16:10:48.060+0000] {processor.py:208} INFO - Processing /home/airflow/.local/lib/python3.12/site-packages/airflow/example_dags/example_outlet_event_extra.py took 0.322 seconds
[2025-07-15T16:11:18.826+0000] {processor.py:186} INFO - Started process (PID=4225) to work on /home/airflow/.local/lib/python3.12/site-packages/airflow/example_dags/example_outlet_event_extra.py
[2025-07-15T16:11:18.828+0000] {processor.py:914} INFO - Processing file /home/airflow/.local/lib/python3.12/site-packages/airflow/example_dags/example_outlet_event_extra.py for tasks to queue
[2025-07-15T16:11:18.834+0000] {logging_mixin.py:190} INFO - [2025-07-15T16:11:18.833+0000] {dagbag.py:588} INFO - Filling up the DagBag from /home/airflow/.local/lib/python3.12/site-packages/airflow/example_dags/example_outlet_event_extra.py
[2025-07-15T16:11:19.012+0000] {processor.py:925} INFO - DAG(s) 'dataset_with_extra_by_context', 'dataset_with_extra_by_yield', 'dataset_with_extra_from_classic_operator' retrieved from /home/airflow/.local/lib/python3.12/site-packages/airflow/example_dags/example_outlet_event_extra.py
[2025-07-15T16:11:19.045+0000] {logging_mixin.py:190} INFO - [2025-07-15T16:11:19.045+0000] {dag.py:3239} INFO - Sync 3 DAGs
[2025-07-15T16:11:19.080+0000] {logging_mixin.py:190} INFO - [2025-07-15T16:11:19.080+0000] {dag.py:4180} INFO - Setting next_dagrun for dataset_with_extra_by_context to 2025-07-14 00:00:00+00:00, run_after=2025-07-15 00:00:00+00:00
[2025-07-15T16:11:19.087+0000] {logging_mixin.py:190} INFO - [2025-07-15T16:11:19.087+0000] {dag.py:4180} INFO - Setting next_dagrun for dataset_with_extra_by_yield to 2025-07-14 00:00:00+00:00, run_after=2025-07-15 00:00:00+00:00
[2025-07-15T16:11:19.088+0000] {logging_mixin.py:190} INFO - [2025-07-15T16:11:19.088+0000] {dag.py:4180} INFO - Setting next_dagrun for dataset_with_extra_from_classic_operator to 2025-07-14 00:00:00+00:00, run_after=2025-07-15 00:00:00+00:00
[2025-07-15T16:11:19.108+0000] {processor.py:208} INFO - Processing /home/airflow/.local/lib/python3.12/site-packages/airflow/example_dags/example_outlet_event_extra.py took 0.307 seconds
[2025-07-15T16:11:49.731+0000] {processor.py:186} INFO - Started process (PID=4287) to work on /home/airflow/.local/lib/python3.12/site-packages/airflow/example_dags/example_outlet_event_extra.py
[2025-07-15T16:11:49.733+0000] {processor.py:914} INFO - Processing file /home/airflow/.local/lib/python3.12/site-packages/airflow/example_dags/example_outlet_event_extra.py for tasks to queue
[2025-07-15T16:11:49.745+0000] {logging_mixin.py:190} INFO - [2025-07-15T16:11:49.744+0000] {dagbag.py:588} INFO - Filling up the DagBag from /home/airflow/.local/lib/python3.12/site-packages/airflow/example_dags/example_outlet_event_extra.py
[2025-07-15T16:11:49.910+0000] {processor.py:925} INFO - DAG(s) 'dataset_with_extra_by_context', 'dataset_with_extra_from_classic_operator', 'dataset_with_extra_by_yield' retrieved from /home/airflow/.local/lib/python3.12/site-packages/airflow/example_dags/example_outlet_event_extra.py
[2025-07-15T16:11:49.940+0000] {logging_mixin.py:190} INFO - [2025-07-15T16:11:49.940+0000] {dag.py:3239} INFO - Sync 3 DAGs
[2025-07-15T16:11:49.964+0000] {logging_mixin.py:190} INFO - [2025-07-15T16:11:49.964+0000] {dag.py:4180} INFO - Setting next_dagrun for dataset_with_extra_by_context to 2025-07-14 00:00:00+00:00, run_after=2025-07-15 00:00:00+00:00
[2025-07-15T16:11:49.967+0000] {logging_mixin.py:190} INFO - [2025-07-15T16:11:49.967+0000] {dag.py:4180} INFO - Setting next_dagrun for dataset_with_extra_by_yield to 2025-07-14 00:00:00+00:00, run_after=2025-07-15 00:00:00+00:00
[2025-07-15T16:11:49.970+0000] {logging_mixin.py:190} INFO - [2025-07-15T16:11:49.970+0000] {dag.py:4180} INFO - Setting next_dagrun for dataset_with_extra_from_classic_operator to 2025-07-14 00:00:00+00:00, run_after=2025-07-15 00:00:00+00:00
[2025-07-15T16:11:49.986+0000] {processor.py:208} INFO - Processing /home/airflow/.local/lib/python3.12/site-packages/airflow/example_dags/example_outlet_event_extra.py took 0.276 seconds
[2025-07-15T16:12:20.177+0000] {processor.py:186} INFO - Started process (PID=4349) to work on /home/airflow/.local/lib/python3.12/site-packages/airflow/example_dags/example_outlet_event_extra.py
[2025-07-15T16:12:20.180+0000] {processor.py:914} INFO - Processing file /home/airflow/.local/lib/python3.12/site-packages/airflow/example_dags/example_outlet_event_extra.py for tasks to queue
[2025-07-15T16:12:20.187+0000] {logging_mixin.py:190} INFO - [2025-07-15T16:12:20.186+0000] {dagbag.py:588} INFO - Filling up the DagBag from /home/airflow/.local/lib/python3.12/site-packages/airflow/example_dags/example_outlet_event_extra.py
[2025-07-15T16:12:20.394+0000] {processor.py:925} INFO - DAG(s) 'dataset_with_extra_by_context', 'dataset_with_extra_from_classic_operator', 'dataset_with_extra_by_yield' retrieved from /home/airflow/.local/lib/python3.12/site-packages/airflow/example_dags/example_outlet_event_extra.py
[2025-07-15T16:12:20.427+0000] {logging_mixin.py:190} INFO - [2025-07-15T16:12:20.427+0000] {dag.py:3239} INFO - Sync 3 DAGs
[2025-07-15T16:12:20.455+0000] {logging_mixin.py:190} INFO - [2025-07-15T16:12:20.455+0000] {dag.py:4180} INFO - Setting next_dagrun for dataset_with_extra_by_context to 2025-07-14 00:00:00+00:00, run_after=2025-07-15 00:00:00+00:00
[2025-07-15T16:12:20.458+0000] {logging_mixin.py:190} INFO - [2025-07-15T16:12:20.458+0000] {dag.py:4180} INFO - Setting next_dagrun for dataset_with_extra_by_yield to 2025-07-14 00:00:00+00:00, run_after=2025-07-15 00:00:00+00:00
[2025-07-15T16:12:20.459+0000] {logging_mixin.py:190} INFO - [2025-07-15T16:12:20.459+0000] {dag.py:4180} INFO - Setting next_dagrun for dataset_with_extra_from_classic_operator to 2025-07-14 00:00:00+00:00, run_after=2025-07-15 00:00:00+00:00
[2025-07-15T16:12:20.477+0000] {processor.py:208} INFO - Processing /home/airflow/.local/lib/python3.12/site-packages/airflow/example_dags/example_outlet_event_extra.py took 0.325 seconds
[2025-07-15T16:12:50.738+0000] {processor.py:186} INFO - Started process (PID=4411) to work on /home/airflow/.local/lib/python3.12/site-packages/airflow/example_dags/example_outlet_event_extra.py
[2025-07-15T16:12:50.740+0000] {processor.py:914} INFO - Processing file /home/airflow/.local/lib/python3.12/site-packages/airflow/example_dags/example_outlet_event_extra.py for tasks to queue
[2025-07-15T16:12:50.746+0000] {logging_mixin.py:190} INFO - [2025-07-15T16:12:50.745+0000] {dagbag.py:588} INFO - Filling up the DagBag from /home/airflow/.local/lib/python3.12/site-packages/airflow/example_dags/example_outlet_event_extra.py
[2025-07-15T16:12:50.916+0000] {processor.py:925} INFO - DAG(s) 'dataset_with_extra_from_classic_operator', 'dataset_with_extra_by_context', 'dataset_with_extra_by_yield' retrieved from /home/airflow/.local/lib/python3.12/site-packages/airflow/example_dags/example_outlet_event_extra.py
[2025-07-15T16:12:50.947+0000] {logging_mixin.py:190} INFO - [2025-07-15T16:12:50.947+0000] {dag.py:3239} INFO - Sync 3 DAGs
[2025-07-15T16:12:50.971+0000] {logging_mixin.py:190} INFO - [2025-07-15T16:12:50.971+0000] {dag.py:4180} INFO - Setting next_dagrun for dataset_with_extra_by_context to 2025-07-14 00:00:00+00:00, run_after=2025-07-15 00:00:00+00:00
[2025-07-15T16:12:50.974+0000] {logging_mixin.py:190} INFO - [2025-07-15T16:12:50.974+0000] {dag.py:4180} INFO - Setting next_dagrun for dataset_with_extra_by_yield to 2025-07-14 00:00:00+00:00, run_after=2025-07-15 00:00:00+00:00
[2025-07-15T16:12:50.975+0000] {logging_mixin.py:190} INFO - [2025-07-15T16:12:50.975+0000] {dag.py:4180} INFO - Setting next_dagrun for dataset_with_extra_from_classic_operator to 2025-07-14 00:00:00+00:00, run_after=2025-07-15 00:00:00+00:00
[2025-07-15T16:12:50.999+0000] {processor.py:208} INFO - Processing /home/airflow/.local/lib/python3.12/site-packages/airflow/example_dags/example_outlet_event_extra.py took 0.277 seconds
[2025-07-15T16:13:22.006+0000] {processor.py:186} INFO - Started process (PID=4473) to work on /home/airflow/.local/lib/python3.12/site-packages/airflow/example_dags/example_outlet_event_extra.py
[2025-07-15T16:13:22.011+0000] {processor.py:914} INFO - Processing file /home/airflow/.local/lib/python3.12/site-packages/airflow/example_dags/example_outlet_event_extra.py for tasks to queue
[2025-07-15T16:13:22.015+0000] {logging_mixin.py:190} INFO - [2025-07-15T16:13:22.015+0000] {dagbag.py:588} INFO - Filling up the DagBag from /home/airflow/.local/lib/python3.12/site-packages/airflow/example_dags/example_outlet_event_extra.py
[2025-07-15T16:13:22.169+0000] {processor.py:925} INFO - DAG(s) 'dataset_with_extra_from_classic_operator', 'dataset_with_extra_by_context', 'dataset_with_extra_by_yield' retrieved from /home/airflow/.local/lib/python3.12/site-packages/airflow/example_dags/example_outlet_event_extra.py
[2025-07-15T16:13:22.205+0000] {logging_mixin.py:190} INFO - [2025-07-15T16:13:22.205+0000] {dag.py:3239} INFO - Sync 3 DAGs
[2025-07-15T16:13:22.239+0000] {logging_mixin.py:190} INFO - [2025-07-15T16:13:22.238+0000] {dag.py:4180} INFO - Setting next_dagrun for dataset_with_extra_by_context to 2025-07-14 00:00:00+00:00, run_after=2025-07-15 00:00:00+00:00
[2025-07-15T16:13:22.242+0000] {logging_mixin.py:190} INFO - [2025-07-15T16:13:22.242+0000] {dag.py:4180} INFO - Setting next_dagrun for dataset_with_extra_by_yield to 2025-07-14 00:00:00+00:00, run_after=2025-07-15 00:00:00+00:00
[2025-07-15T16:13:22.244+0000] {logging_mixin.py:190} INFO - [2025-07-15T16:13:22.244+0000] {dag.py:4180} INFO - Setting next_dagrun for dataset_with_extra_from_classic_operator to 2025-07-14 00:00:00+00:00, run_after=2025-07-15 00:00:00+00:00
[2025-07-15T16:13:22.261+0000] {processor.py:208} INFO - Processing /home/airflow/.local/lib/python3.12/site-packages/airflow/example_dags/example_outlet_event_extra.py took 0.282 seconds
[2025-07-15T16:13:52.667+0000] {processor.py:186} INFO - Started process (PID=4535) to work on /home/airflow/.local/lib/python3.12/site-packages/airflow/example_dags/example_outlet_event_extra.py
[2025-07-15T16:13:52.670+0000] {processor.py:914} INFO - Processing file /home/airflow/.local/lib/python3.12/site-packages/airflow/example_dags/example_outlet_event_extra.py for tasks to queue
[2025-07-15T16:13:52.680+0000] {logging_mixin.py:190} INFO - [2025-07-15T16:13:52.679+0000] {dagbag.py:588} INFO - Filling up the DagBag from /home/airflow/.local/lib/python3.12/site-packages/airflow/example_dags/example_outlet_event_extra.py
[2025-07-15T16:13:52.860+0000] {processor.py:925} INFO - DAG(s) 'dataset_with_extra_from_classic_operator', 'dataset_with_extra_by_context', 'dataset_with_extra_by_yield' retrieved from /home/airflow/.local/lib/python3.12/site-packages/airflow/example_dags/example_outlet_event_extra.py
[2025-07-15T16:13:52.885+0000] {logging_mixin.py:190} INFO - [2025-07-15T16:13:52.885+0000] {dag.py:3239} INFO - Sync 3 DAGs
[2025-07-15T16:13:52.914+0000] {logging_mixin.py:190} INFO - [2025-07-15T16:13:52.914+0000] {dag.py:4180} INFO - Setting next_dagrun for dataset_with_extra_by_context to 2025-07-14 00:00:00+00:00, run_after=2025-07-15 00:00:00+00:00
[2025-07-15T16:13:52.918+0000] {logging_mixin.py:190} INFO - [2025-07-15T16:13:52.918+0000] {dag.py:4180} INFO - Setting next_dagrun for dataset_with_extra_by_yield to 2025-07-14 00:00:00+00:00, run_after=2025-07-15 00:00:00+00:00
[2025-07-15T16:13:52.921+0000] {logging_mixin.py:190} INFO - [2025-07-15T16:13:52.921+0000] {dag.py:4180} INFO - Setting next_dagrun for dataset_with_extra_from_classic_operator to 2025-07-14 00:00:00+00:00, run_after=2025-07-15 00:00:00+00:00
[2025-07-15T16:13:52.937+0000] {processor.py:208} INFO - Processing /home/airflow/.local/lib/python3.12/site-packages/airflow/example_dags/example_outlet_event_extra.py took 0.300 seconds
[2025-07-15T16:14:23.743+0000] {processor.py:186} INFO - Started process (PID=4597) to work on /home/airflow/.local/lib/python3.12/site-packages/airflow/example_dags/example_outlet_event_extra.py
[2025-07-15T16:14:23.746+0000] {processor.py:914} INFO - Processing file /home/airflow/.local/lib/python3.12/site-packages/airflow/example_dags/example_outlet_event_extra.py for tasks to queue
[2025-07-15T16:14:23.754+0000] {logging_mixin.py:190} INFO - [2025-07-15T16:14:23.754+0000] {dagbag.py:588} INFO - Filling up the DagBag from /home/airflow/.local/lib/python3.12/site-packages/airflow/example_dags/example_outlet_event_extra.py
[2025-07-15T16:14:23.941+0000] {processor.py:925} INFO - DAG(s) 'dataset_with_extra_from_classic_operator', 'dataset_with_extra_by_context', 'dataset_with_extra_by_yield' retrieved from /home/airflow/.local/lib/python3.12/site-packages/airflow/example_dags/example_outlet_event_extra.py
[2025-07-15T16:14:23.970+0000] {logging_mixin.py:190} INFO - [2025-07-15T16:14:23.969+0000] {dag.py:3239} INFO - Sync 3 DAGs
[2025-07-15T16:14:23.998+0000] {logging_mixin.py:190} INFO - [2025-07-15T16:14:23.998+0000] {dag.py:4180} INFO - Setting next_dagrun for dataset_with_extra_by_context to 2025-07-14 00:00:00+00:00, run_after=2025-07-15 00:00:00+00:00
[2025-07-15T16:14:24.002+0000] {logging_mixin.py:190} INFO - [2025-07-15T16:14:24.002+0000] {dag.py:4180} INFO - Setting next_dagrun for dataset_with_extra_by_yield to 2025-07-14 00:00:00+00:00, run_after=2025-07-15 00:00:00+00:00
[2025-07-15T16:14:24.004+0000] {logging_mixin.py:190} INFO - [2025-07-15T16:14:24.004+0000] {dag.py:4180} INFO - Setting next_dagrun for dataset_with_extra_from_classic_operator to 2025-07-14 00:00:00+00:00, run_after=2025-07-15 00:00:00+00:00
[2025-07-15T16:14:24.022+0000] {processor.py:208} INFO - Processing /home/airflow/.local/lib/python3.12/site-packages/airflow/example_dags/example_outlet_event_extra.py took 0.303 seconds
[2025-07-15T16:14:54.973+0000] {processor.py:186} INFO - Started process (PID=4664) to work on /home/airflow/.local/lib/python3.12/site-packages/airflow/example_dags/example_outlet_event_extra.py
[2025-07-15T16:14:54.976+0000] {processor.py:914} INFO - Processing file /home/airflow/.local/lib/python3.12/site-packages/airflow/example_dags/example_outlet_event_extra.py for tasks to queue
[2025-07-15T16:14:54.987+0000] {logging_mixin.py:190} INFO - [2025-07-15T16:14:54.986+0000] {dagbag.py:588} INFO - Filling up the DagBag from /home/airflow/.local/lib/python3.12/site-packages/airflow/example_dags/example_outlet_event_extra.py
[2025-07-15T16:14:55.173+0000] {processor.py:925} INFO - DAG(s) 'dataset_with_extra_by_context', 'dataset_with_extra_from_classic_operator', 'dataset_with_extra_by_yield' retrieved from /home/airflow/.local/lib/python3.12/site-packages/airflow/example_dags/example_outlet_event_extra.py
[2025-07-15T16:14:55.211+0000] {logging_mixin.py:190} INFO - [2025-07-15T16:14:55.211+0000] {dag.py:3239} INFO - Sync 3 DAGs
[2025-07-15T16:14:55.241+0000] {logging_mixin.py:190} INFO - [2025-07-15T16:14:55.240+0000] {dag.py:4180} INFO - Setting next_dagrun for dataset_with_extra_by_context to 2025-07-14 00:00:00+00:00, run_after=2025-07-15 00:00:00+00:00
[2025-07-15T16:14:55.246+0000] {logging_mixin.py:190} INFO - [2025-07-15T16:14:55.245+0000] {dag.py:4180} INFO - Setting next_dagrun for dataset_with_extra_by_yield to 2025-07-14 00:00:00+00:00, run_after=2025-07-15 00:00:00+00:00
[2025-07-15T16:14:55.247+0000] {logging_mixin.py:190} INFO - [2025-07-15T16:14:55.247+0000] {dag.py:4180} INFO - Setting next_dagrun for dataset_with_extra_from_classic_operator to 2025-07-14 00:00:00+00:00, run_after=2025-07-15 00:00:00+00:00
[2025-07-15T16:14:55.273+0000] {processor.py:208} INFO - Processing /home/airflow/.local/lib/python3.12/site-packages/airflow/example_dags/example_outlet_event_extra.py took 0.324 seconds
[2025-07-15T16:15:25.363+0000] {processor.py:186} INFO - Started process (PID=4726) to work on /home/airflow/.local/lib/python3.12/site-packages/airflow/example_dags/example_outlet_event_extra.py
[2025-07-15T16:15:25.365+0000] {processor.py:914} INFO - Processing file /home/airflow/.local/lib/python3.12/site-packages/airflow/example_dags/example_outlet_event_extra.py for tasks to queue
[2025-07-15T16:15:25.371+0000] {logging_mixin.py:190} INFO - [2025-07-15T16:15:25.370+0000] {dagbag.py:588} INFO - Filling up the DagBag from /home/airflow/.local/lib/python3.12/site-packages/airflow/example_dags/example_outlet_event_extra.py
[2025-07-15T16:15:25.554+0000] {processor.py:925} INFO - DAG(s) 'dataset_with_extra_from_classic_operator', 'dataset_with_extra_by_context', 'dataset_with_extra_by_yield' retrieved from /home/airflow/.local/lib/python3.12/site-packages/airflow/example_dags/example_outlet_event_extra.py
[2025-07-15T16:15:25.586+0000] {logging_mixin.py:190} INFO - [2025-07-15T16:15:25.585+0000] {dag.py:3239} INFO - Sync 3 DAGs
[2025-07-15T16:15:25.610+0000] {logging_mixin.py:190} INFO - [2025-07-15T16:15:25.609+0000] {dag.py:4180} INFO - Setting next_dagrun for dataset_with_extra_by_context to 2025-07-14 00:00:00+00:00, run_after=2025-07-15 00:00:00+00:00
[2025-07-15T16:15:25.613+0000] {logging_mixin.py:190} INFO - [2025-07-15T16:15:25.613+0000] {dag.py:4180} INFO - Setting next_dagrun for dataset_with_extra_by_yield to 2025-07-14 00:00:00+00:00, run_after=2025-07-15 00:00:00+00:00
[2025-07-15T16:15:25.615+0000] {logging_mixin.py:190} INFO - [2025-07-15T16:15:25.615+0000] {dag.py:4180} INFO - Setting next_dagrun for dataset_with_extra_from_classic_operator to 2025-07-14 00:00:00+00:00, run_after=2025-07-15 00:00:00+00:00
[2025-07-15T16:15:25.633+0000] {processor.py:208} INFO - Processing /home/airflow/.local/lib/python3.12/site-packages/airflow/example_dags/example_outlet_event_extra.py took 0.289 seconds
[2025-07-15T16:15:56.621+0000] {processor.py:186} INFO - Started process (PID=4788) to work on /home/airflow/.local/lib/python3.12/site-packages/airflow/example_dags/example_outlet_event_extra.py
[2025-07-15T16:15:56.626+0000] {processor.py:914} INFO - Processing file /home/airflow/.local/lib/python3.12/site-packages/airflow/example_dags/example_outlet_event_extra.py for tasks to queue
[2025-07-15T16:15:56.639+0000] {logging_mixin.py:190} INFO - [2025-07-15T16:15:56.638+0000] {dagbag.py:588} INFO - Filling up the DagBag from /home/airflow/.local/lib/python3.12/site-packages/airflow/example_dags/example_outlet_event_extra.py
[2025-07-15T16:15:56.797+0000] {processor.py:925} INFO - DAG(s) 'dataset_with_extra_from_classic_operator', 'dataset_with_extra_by_context', 'dataset_with_extra_by_yield' retrieved from /home/airflow/.local/lib/python3.12/site-packages/airflow/example_dags/example_outlet_event_extra.py
[2025-07-15T16:15:56.828+0000] {logging_mixin.py:190} INFO - [2025-07-15T16:15:56.825+0000] {dag.py:3239} INFO - Sync 3 DAGs
[2025-07-15T16:15:56.850+0000] {logging_mixin.py:190} INFO - [2025-07-15T16:15:56.850+0000] {dag.py:4180} INFO - Setting next_dagrun for dataset_with_extra_by_context to 2025-07-14 00:00:00+00:00, run_after=2025-07-15 00:00:00+00:00
[2025-07-15T16:15:56.855+0000] {logging_mixin.py:190} INFO - [2025-07-15T16:15:56.855+0000] {dag.py:4180} INFO - Setting next_dagrun for dataset_with_extra_by_yield to 2025-07-14 00:00:00+00:00, run_after=2025-07-15 00:00:00+00:00
[2025-07-15T16:15:56.856+0000] {logging_mixin.py:190} INFO - [2025-07-15T16:15:56.856+0000] {dag.py:4180} INFO - Setting next_dagrun for dataset_with_extra_from_classic_operator to 2025-07-14 00:00:00+00:00, run_after=2025-07-15 00:00:00+00:00
[2025-07-15T16:15:56.872+0000] {processor.py:208} INFO - Processing /home/airflow/.local/lib/python3.12/site-packages/airflow/example_dags/example_outlet_event_extra.py took 0.277 seconds
[2025-07-15T16:16:27.658+0000] {processor.py:186} INFO - Started process (PID=4850) to work on /home/airflow/.local/lib/python3.12/site-packages/airflow/example_dags/example_outlet_event_extra.py
[2025-07-15T16:16:27.665+0000] {processor.py:914} INFO - Processing file /home/airflow/.local/lib/python3.12/site-packages/airflow/example_dags/example_outlet_event_extra.py for tasks to queue
[2025-07-15T16:16:27.690+0000] {logging_mixin.py:190} INFO - [2025-07-15T16:16:27.686+0000] {dagbag.py:588} INFO - Filling up the DagBag from /home/airflow/.local/lib/python3.12/site-packages/airflow/example_dags/example_outlet_event_extra.py
[2025-07-15T16:16:28.481+0000] {processor.py:925} INFO - DAG(s) 'dataset_with_extra_by_context', 'dataset_with_extra_from_classic_operator', 'dataset_with_extra_by_yield' retrieved from /home/airflow/.local/lib/python3.12/site-packages/airflow/example_dags/example_outlet_event_extra.py
[2025-07-15T16:16:28.629+0000] {logging_mixin.py:190} INFO - [2025-07-15T16:16:28.622+0000] {dag.py:3239} INFO - Sync 3 DAGs
[2025-07-15T16:16:28.907+0000] {logging_mixin.py:190} INFO - [2025-07-15T16:16:28.907+0000] {dag.py:4180} INFO - Setting next_dagrun for dataset_with_extra_by_context to 2025-07-14 00:00:00+00:00, run_after=2025-07-15 00:00:00+00:00
[2025-07-15T16:16:28.917+0000] {logging_mixin.py:190} INFO - [2025-07-15T16:16:28.916+0000] {dag.py:4180} INFO - Setting next_dagrun for dataset_with_extra_by_yield to 2025-07-14 00:00:00+00:00, run_after=2025-07-15 00:00:00+00:00
[2025-07-15T16:16:28.920+0000] {logging_mixin.py:190} INFO - [2025-07-15T16:16:28.920+0000] {dag.py:4180} INFO - Setting next_dagrun for dataset_with_extra_from_classic_operator to 2025-07-14 00:00:00+00:00, run_after=2025-07-15 00:00:00+00:00
[2025-07-15T16:16:28.970+0000] {processor.py:208} INFO - Processing /home/airflow/.local/lib/python3.12/site-packages/airflow/example_dags/example_outlet_event_extra.py took 1.346 seconds
[2025-07-15T16:16:59.278+0000] {processor.py:186} INFO - Started process (PID=4912) to work on /home/airflow/.local/lib/python3.12/site-packages/airflow/example_dags/example_outlet_event_extra.py
[2025-07-15T16:16:59.283+0000] {processor.py:914} INFO - Processing file /home/airflow/.local/lib/python3.12/site-packages/airflow/example_dags/example_outlet_event_extra.py for tasks to queue
[2025-07-15T16:16:59.292+0000] {logging_mixin.py:190} INFO - [2025-07-15T16:16:59.291+0000] {dagbag.py:588} INFO - Filling up the DagBag from /home/airflow/.local/lib/python3.12/site-packages/airflow/example_dags/example_outlet_event_extra.py
[2025-07-15T16:16:59.457+0000] {processor.py:925} INFO - DAG(s) 'dataset_with_extra_from_classic_operator', 'dataset_with_extra_by_yield', 'dataset_with_extra_by_context' retrieved from /home/airflow/.local/lib/python3.12/site-packages/airflow/example_dags/example_outlet_event_extra.py
[2025-07-15T16:16:59.483+0000] {logging_mixin.py:190} INFO - [2025-07-15T16:16:59.483+0000] {dag.py:3239} INFO - Sync 3 DAGs
[2025-07-15T16:16:59.506+0000] {logging_mixin.py:190} INFO - [2025-07-15T16:16:59.505+0000] {dag.py:4180} INFO - Setting next_dagrun for dataset_with_extra_by_context to 2025-07-14 00:00:00+00:00, run_after=2025-07-15 00:00:00+00:00
[2025-07-15T16:16:59.516+0000] {logging_mixin.py:190} INFO - [2025-07-15T16:16:59.516+0000] {dag.py:4180} INFO - Setting next_dagrun for dataset_with_extra_by_yield to 2025-07-14 00:00:00+00:00, run_after=2025-07-15 00:00:00+00:00
[2025-07-15T16:16:59.517+0000] {logging_mixin.py:190} INFO - [2025-07-15T16:16:59.517+0000] {dag.py:4180} INFO - Setting next_dagrun for dataset_with_extra_from_classic_operator to 2025-07-14 00:00:00+00:00, run_after=2025-07-15 00:00:00+00:00
[2025-07-15T16:16:59.534+0000] {processor.py:208} INFO - Processing /home/airflow/.local/lib/python3.12/site-packages/airflow/example_dags/example_outlet_event_extra.py took 0.272 seconds
[2025-07-15T16:17:30.505+0000] {processor.py:186} INFO - Started process (PID=4974) to work on /home/airflow/.local/lib/python3.12/site-packages/airflow/example_dags/example_outlet_event_extra.py
[2025-07-15T16:17:30.509+0000] {processor.py:914} INFO - Processing file /home/airflow/.local/lib/python3.12/site-packages/airflow/example_dags/example_outlet_event_extra.py for tasks to queue
[2025-07-15T16:17:30.517+0000] {logging_mixin.py:190} INFO - [2025-07-15T16:17:30.517+0000] {dagbag.py:588} INFO - Filling up the DagBag from /home/airflow/.local/lib/python3.12/site-packages/airflow/example_dags/example_outlet_event_extra.py
[2025-07-15T16:17:30.666+0000] {processor.py:925} INFO - DAG(s) 'dataset_with_extra_from_classic_operator', 'dataset_with_extra_by_yield', 'dataset_with_extra_by_context' retrieved from /home/airflow/.local/lib/python3.12/site-packages/airflow/example_dags/example_outlet_event_extra.py
[2025-07-15T16:17:30.690+0000] {logging_mixin.py:190} INFO - [2025-07-15T16:17:30.690+0000] {dag.py:3239} INFO - Sync 3 DAGs
[2025-07-15T16:17:30.719+0000] {logging_mixin.py:190} INFO - [2025-07-15T16:17:30.719+0000] {dag.py:4180} INFO - Setting next_dagrun for dataset_with_extra_by_context to 2025-07-14 00:00:00+00:00, run_after=2025-07-15 00:00:00+00:00
[2025-07-15T16:17:30.721+0000] {logging_mixin.py:190} INFO - [2025-07-15T16:17:30.721+0000] {dag.py:4180} INFO - Setting next_dagrun for dataset_with_extra_by_yield to 2025-07-14 00:00:00+00:00, run_after=2025-07-15 00:00:00+00:00
[2025-07-15T16:17:30.722+0000] {logging_mixin.py:190} INFO - [2025-07-15T16:17:30.722+0000] {dag.py:4180} INFO - Setting next_dagrun for dataset_with_extra_from_classic_operator to 2025-07-14 00:00:00+00:00, run_after=2025-07-15 00:00:00+00:00
[2025-07-15T16:17:30.739+0000] {processor.py:208} INFO - Processing /home/airflow/.local/lib/python3.12/site-packages/airflow/example_dags/example_outlet_event_extra.py took 0.253 seconds
[2025-07-15T16:18:01.604+0000] {processor.py:186} INFO - Started process (PID=5036) to work on /home/airflow/.local/lib/python3.12/site-packages/airflow/example_dags/example_outlet_event_extra.py
[2025-07-15T16:18:01.606+0000] {processor.py:914} INFO - Processing file /home/airflow/.local/lib/python3.12/site-packages/airflow/example_dags/example_outlet_event_extra.py for tasks to queue
[2025-07-15T16:18:01.614+0000] {logging_mixin.py:190} INFO - [2025-07-15T16:18:01.613+0000] {dagbag.py:588} INFO - Filling up the DagBag from /home/airflow/.local/lib/python3.12/site-packages/airflow/example_dags/example_outlet_event_extra.py
[2025-07-15T16:18:01.805+0000] {processor.py:925} INFO - DAG(s) 'dataset_with_extra_from_classic_operator', 'dataset_with_extra_by_yield', 'dataset_with_extra_by_context' retrieved from /home/airflow/.local/lib/python3.12/site-packages/airflow/example_dags/example_outlet_event_extra.py
[2025-07-15T16:18:01.858+0000] {logging_mixin.py:190} INFO - [2025-07-15T16:18:01.858+0000] {dag.py:3239} INFO - Sync 3 DAGs
[2025-07-15T16:18:01.883+0000] {logging_mixin.py:190} INFO - [2025-07-15T16:18:01.883+0000] {dag.py:4180} INFO - Setting next_dagrun for dataset_with_extra_by_context to 2025-07-14 00:00:00+00:00, run_after=2025-07-15 00:00:00+00:00
[2025-07-15T16:18:01.886+0000] {logging_mixin.py:190} INFO - [2025-07-15T16:18:01.886+0000] {dag.py:4180} INFO - Setting next_dagrun for dataset_with_extra_by_yield to 2025-07-14 00:00:00+00:00, run_after=2025-07-15 00:00:00+00:00
[2025-07-15T16:18:01.887+0000] {logging_mixin.py:190} INFO - [2025-07-15T16:18:01.887+0000] {dag.py:4180} INFO - Setting next_dagrun for dataset_with_extra_from_classic_operator to 2025-07-14 00:00:00+00:00, run_after=2025-07-15 00:00:00+00:00
[2025-07-15T16:18:01.911+0000] {processor.py:208} INFO - Processing /home/airflow/.local/lib/python3.12/site-packages/airflow/example_dags/example_outlet_event_extra.py took 0.332 seconds
[2025-07-15T16:18:32.245+0000] {processor.py:186} INFO - Started process (PID=5098) to work on /home/airflow/.local/lib/python3.12/site-packages/airflow/example_dags/example_outlet_event_extra.py
[2025-07-15T16:18:32.248+0000] {processor.py:914} INFO - Processing file /home/airflow/.local/lib/python3.12/site-packages/airflow/example_dags/example_outlet_event_extra.py for tasks to queue
[2025-07-15T16:18:32.253+0000] {logging_mixin.py:190} INFO - [2025-07-15T16:18:32.253+0000] {dagbag.py:588} INFO - Filling up the DagBag from /home/airflow/.local/lib/python3.12/site-packages/airflow/example_dags/example_outlet_event_extra.py
[2025-07-15T16:18:32.404+0000] {processor.py:925} INFO - DAG(s) 'dataset_with_extra_by_context', 'dataset_with_extra_from_classic_operator', 'dataset_with_extra_by_yield' retrieved from /home/airflow/.local/lib/python3.12/site-packages/airflow/example_dags/example_outlet_event_extra.py
[2025-07-15T16:18:32.441+0000] {logging_mixin.py:190} INFO - [2025-07-15T16:18:32.441+0000] {dag.py:3239} INFO - Sync 3 DAGs
[2025-07-15T16:18:32.460+0000] {logging_mixin.py:190} INFO - [2025-07-15T16:18:32.460+0000] {dag.py:4180} INFO - Setting next_dagrun for dataset_with_extra_by_context to 2025-07-14 00:00:00+00:00, run_after=2025-07-15 00:00:00+00:00
[2025-07-15T16:18:32.463+0000] {logging_mixin.py:190} INFO - [2025-07-15T16:18:32.463+0000] {dag.py:4180} INFO - Setting next_dagrun for dataset_with_extra_by_yield to 2025-07-14 00:00:00+00:00, run_after=2025-07-15 00:00:00+00:00
[2025-07-15T16:18:32.464+0000] {logging_mixin.py:190} INFO - [2025-07-15T16:18:32.464+0000] {dag.py:4180} INFO - Setting next_dagrun for dataset_with_extra_from_classic_operator to 2025-07-14 00:00:00+00:00, run_after=2025-07-15 00:00:00+00:00
[2025-07-15T16:18:32.486+0000] {processor.py:208} INFO - Processing /home/airflow/.local/lib/python3.12/site-packages/airflow/example_dags/example_outlet_event_extra.py took 0.258 seconds
[2025-07-15T16:19:02.860+0000] {processor.py:186} INFO - Started process (PID=5159) to work on /home/airflow/.local/lib/python3.12/site-packages/airflow/example_dags/example_outlet_event_extra.py
[2025-07-15T16:19:02.863+0000] {processor.py:914} INFO - Processing file /home/airflow/.local/lib/python3.12/site-packages/airflow/example_dags/example_outlet_event_extra.py for tasks to queue
[2025-07-15T16:19:02.878+0000] {logging_mixin.py:190} INFO - [2025-07-15T16:19:02.876+0000] {dagbag.py:588} INFO - Filling up the DagBag from /home/airflow/.local/lib/python3.12/site-packages/airflow/example_dags/example_outlet_event_extra.py
[2025-07-15T16:19:03.144+0000] {processor.py:925} INFO - DAG(s) 'dataset_with_extra_from_classic_operator', 'dataset_with_extra_by_yield', 'dataset_with_extra_by_context' retrieved from /home/airflow/.local/lib/python3.12/site-packages/airflow/example_dags/example_outlet_event_extra.py
[2025-07-15T16:19:03.199+0000] {logging_mixin.py:190} INFO - [2025-07-15T16:19:03.198+0000] {dag.py:3239} INFO - Sync 3 DAGs
[2025-07-15T16:19:03.239+0000] {logging_mixin.py:190} INFO - [2025-07-15T16:19:03.239+0000] {dag.py:4180} INFO - Setting next_dagrun for dataset_with_extra_by_context to 2025-07-14 00:00:00+00:00, run_after=2025-07-15 00:00:00+00:00
[2025-07-15T16:19:03.242+0000] {logging_mixin.py:190} INFO - [2025-07-15T16:19:03.242+0000] {dag.py:4180} INFO - Setting next_dagrun for dataset_with_extra_by_yield to 2025-07-14 00:00:00+00:00, run_after=2025-07-15 00:00:00+00:00
[2025-07-15T16:19:03.244+0000] {logging_mixin.py:190} INFO - [2025-07-15T16:19:03.244+0000] {dag.py:4180} INFO - Setting next_dagrun for dataset_with_extra_from_classic_operator to 2025-07-14 00:00:00+00:00, run_after=2025-07-15 00:00:00+00:00
[2025-07-15T16:19:03.266+0000] {processor.py:208} INFO - Processing /home/airflow/.local/lib/python3.12/site-packages/airflow/example_dags/example_outlet_event_extra.py took 0.440 seconds
[2025-07-15T16:19:34.199+0000] {processor.py:186} INFO - Started process (PID=5221) to work on /home/airflow/.local/lib/python3.12/site-packages/airflow/example_dags/example_outlet_event_extra.py
[2025-07-15T16:19:34.204+0000] {processor.py:914} INFO - Processing file /home/airflow/.local/lib/python3.12/site-packages/airflow/example_dags/example_outlet_event_extra.py for tasks to queue
[2025-07-15T16:19:34.216+0000] {logging_mixin.py:190} INFO - [2025-07-15T16:19:34.215+0000] {dagbag.py:588} INFO - Filling up the DagBag from /home/airflow/.local/lib/python3.12/site-packages/airflow/example_dags/example_outlet_event_extra.py
[2025-07-15T16:19:34.396+0000] {processor.py:925} INFO - DAG(s) 'dataset_with_extra_from_classic_operator', 'dataset_with_extra_by_yield', 'dataset_with_extra_by_context' retrieved from /home/airflow/.local/lib/python3.12/site-packages/airflow/example_dags/example_outlet_event_extra.py
[2025-07-15T16:19:34.443+0000] {logging_mixin.py:190} INFO - [2025-07-15T16:19:34.442+0000] {dag.py:3239} INFO - Sync 3 DAGs
[2025-07-15T16:19:34.487+0000] {logging_mixin.py:190} INFO - [2025-07-15T16:19:34.487+0000] {dag.py:4180} INFO - Setting next_dagrun for dataset_with_extra_by_context to 2025-07-14 00:00:00+00:00, run_after=2025-07-15 00:00:00+00:00
[2025-07-15T16:19:34.490+0000] {logging_mixin.py:190} INFO - [2025-07-15T16:19:34.490+0000] {dag.py:4180} INFO - Setting next_dagrun for dataset_with_extra_by_yield to 2025-07-14 00:00:00+00:00, run_after=2025-07-15 00:00:00+00:00
[2025-07-15T16:19:34.492+0000] {logging_mixin.py:190} INFO - [2025-07-15T16:19:34.492+0000] {dag.py:4180} INFO - Setting next_dagrun for dataset_with_extra_from_classic_operator to 2025-07-14 00:00:00+00:00, run_after=2025-07-15 00:00:00+00:00
[2025-07-15T16:19:34.524+0000] {processor.py:208} INFO - Processing /home/airflow/.local/lib/python3.12/site-packages/airflow/example_dags/example_outlet_event_extra.py took 0.348 seconds
[2025-07-15T16:20:04.658+0000] {processor.py:186} INFO - Started process (PID=5283) to work on /home/airflow/.local/lib/python3.12/site-packages/airflow/example_dags/example_outlet_event_extra.py
[2025-07-15T16:20:04.661+0000] {processor.py:914} INFO - Processing file /home/airflow/.local/lib/python3.12/site-packages/airflow/example_dags/example_outlet_event_extra.py for tasks to queue
[2025-07-15T16:20:04.680+0000] {logging_mixin.py:190} INFO - [2025-07-15T16:20:04.677+0000] {dagbag.py:588} INFO - Filling up the DagBag from /home/airflow/.local/lib/python3.12/site-packages/airflow/example_dags/example_outlet_event_extra.py
[2025-07-15T16:20:04.963+0000] {processor.py:925} INFO - DAG(s) 'dataset_with_extra_by_yield', 'dataset_with_extra_from_classic_operator', 'dataset_with_extra_by_context' retrieved from /home/airflow/.local/lib/python3.12/site-packages/airflow/example_dags/example_outlet_event_extra.py
[2025-07-15T16:20:05.018+0000] {logging_mixin.py:190} INFO - [2025-07-15T16:20:05.018+0000] {dag.py:3239} INFO - Sync 3 DAGs
[2025-07-15T16:20:05.062+0000] {logging_mixin.py:190} INFO - [2025-07-15T16:20:05.062+0000] {dag.py:4180} INFO - Setting next_dagrun for dataset_with_extra_by_context to 2025-07-14 00:00:00+00:00, run_after=2025-07-15 00:00:00+00:00
[2025-07-15T16:20:05.068+0000] {logging_mixin.py:190} INFO - [2025-07-15T16:20:05.068+0000] {dag.py:4180} INFO - Setting next_dagrun for dataset_with_extra_by_yield to 2025-07-14 00:00:00+00:00, run_after=2025-07-15 00:00:00+00:00
[2025-07-15T16:20:05.069+0000] {logging_mixin.py:190} INFO - [2025-07-15T16:20:05.069+0000] {dag.py:4180} INFO - Setting next_dagrun for dataset_with_extra_from_classic_operator to 2025-07-14 00:00:00+00:00, run_after=2025-07-15 00:00:00+00:00
[2025-07-15T16:20:05.115+0000] {processor.py:208} INFO - Processing /home/airflow/.local/lib/python3.12/site-packages/airflow/example_dags/example_outlet_event_extra.py took 0.472 seconds
[2025-07-15T16:20:35.282+0000] {processor.py:186} INFO - Started process (PID=5345) to work on /home/airflow/.local/lib/python3.12/site-packages/airflow/example_dags/example_outlet_event_extra.py
[2025-07-15T16:20:35.288+0000] {processor.py:914} INFO - Processing file /home/airflow/.local/lib/python3.12/site-packages/airflow/example_dags/example_outlet_event_extra.py for tasks to queue
[2025-07-15T16:20:35.294+0000] {logging_mixin.py:190} INFO - [2025-07-15T16:20:35.293+0000] {dagbag.py:588} INFO - Filling up the DagBag from /home/airflow/.local/lib/python3.12/site-packages/airflow/example_dags/example_outlet_event_extra.py
[2025-07-15T16:20:35.525+0000] {processor.py:925} INFO - DAG(s) 'dataset_with_extra_from_classic_operator', 'dataset_with_extra_by_context', 'dataset_with_extra_by_yield' retrieved from /home/airflow/.local/lib/python3.12/site-packages/airflow/example_dags/example_outlet_event_extra.py
[2025-07-15T16:20:35.567+0000] {logging_mixin.py:190} INFO - [2025-07-15T16:20:35.567+0000] {dag.py:3239} INFO - Sync 3 DAGs
[2025-07-15T16:20:35.596+0000] {logging_mixin.py:190} INFO - [2025-07-15T16:20:35.596+0000] {dag.py:4180} INFO - Setting next_dagrun for dataset_with_extra_by_context to 2025-07-14 00:00:00+00:00, run_after=2025-07-15 00:00:00+00:00
[2025-07-15T16:20:35.599+0000] {logging_mixin.py:190} INFO - [2025-07-15T16:20:35.599+0000] {dag.py:4180} INFO - Setting next_dagrun for dataset_with_extra_by_yield to 2025-07-14 00:00:00+00:00, run_after=2025-07-15 00:00:00+00:00
[2025-07-15T16:20:35.600+0000] {logging_mixin.py:190} INFO - [2025-07-15T16:20:35.600+0000] {dag.py:4180} INFO - Setting next_dagrun for dataset_with_extra_from_classic_operator to 2025-07-14 00:00:00+00:00, run_after=2025-07-15 00:00:00+00:00
[2025-07-15T16:20:35.628+0000] {processor.py:208} INFO - Processing /home/airflow/.local/lib/python3.12/site-packages/airflow/example_dags/example_outlet_event_extra.py took 0.367 seconds
[2025-07-15T16:21:05.772+0000] {processor.py:186} INFO - Started process (PID=5407) to work on /home/airflow/.local/lib/python3.12/site-packages/airflow/example_dags/example_outlet_event_extra.py
[2025-07-15T16:21:05.774+0000] {processor.py:914} INFO - Processing file /home/airflow/.local/lib/python3.12/site-packages/airflow/example_dags/example_outlet_event_extra.py for tasks to queue
[2025-07-15T16:21:05.784+0000] {logging_mixin.py:190} INFO - [2025-07-15T16:21:05.784+0000] {dagbag.py:588} INFO - Filling up the DagBag from /home/airflow/.local/lib/python3.12/site-packages/airflow/example_dags/example_outlet_event_extra.py
[2025-07-15T16:21:06.099+0000] {processor.py:925} INFO - DAG(s) 'dataset_with_extra_by_yield', 'dataset_with_extra_by_context', 'dataset_with_extra_from_classic_operator' retrieved from /home/airflow/.local/lib/python3.12/site-packages/airflow/example_dags/example_outlet_event_extra.py
[2025-07-15T16:21:06.147+0000] {logging_mixin.py:190} INFO - [2025-07-15T16:21:06.147+0000] {dag.py:3239} INFO - Sync 3 DAGs
[2025-07-15T16:21:06.183+0000] {logging_mixin.py:190} INFO - [2025-07-15T16:21:06.183+0000] {dag.py:4180} INFO - Setting next_dagrun for dataset_with_extra_by_context to 2025-07-14 00:00:00+00:00, run_after=2025-07-15 00:00:00+00:00
[2025-07-15T16:21:06.187+0000] {logging_mixin.py:190} INFO - [2025-07-15T16:21:06.187+0000] {dag.py:4180} INFO - Setting next_dagrun for dataset_with_extra_by_yield to 2025-07-14 00:00:00+00:00, run_after=2025-07-15 00:00:00+00:00
[2025-07-15T16:21:06.188+0000] {logging_mixin.py:190} INFO - [2025-07-15T16:21:06.188+0000] {dag.py:4180} INFO - Setting next_dagrun for dataset_with_extra_from_classic_operator to 2025-07-14 00:00:00+00:00, run_after=2025-07-15 00:00:00+00:00
[2025-07-15T16:21:06.210+0000] {processor.py:208} INFO - Processing /home/airflow/.local/lib/python3.12/site-packages/airflow/example_dags/example_outlet_event_extra.py took 0.462 seconds
[2025-07-15T16:21:37.111+0000] {processor.py:186} INFO - Started process (PID=5469) to work on /home/airflow/.local/lib/python3.12/site-packages/airflow/example_dags/example_outlet_event_extra.py
[2025-07-15T16:21:37.117+0000] {processor.py:914} INFO - Processing file /home/airflow/.local/lib/python3.12/site-packages/airflow/example_dags/example_outlet_event_extra.py for tasks to queue
[2025-07-15T16:21:37.126+0000] {logging_mixin.py:190} INFO - [2025-07-15T16:21:37.125+0000] {dagbag.py:588} INFO - Filling up the DagBag from /home/airflow/.local/lib/python3.12/site-packages/airflow/example_dags/example_outlet_event_extra.py
[2025-07-15T16:21:37.311+0000] {processor.py:925} INFO - DAG(s) 'dataset_with_extra_by_yield', 'dataset_with_extra_by_context', 'dataset_with_extra_from_classic_operator' retrieved from /home/airflow/.local/lib/python3.12/site-packages/airflow/example_dags/example_outlet_event_extra.py
[2025-07-15T16:21:37.345+0000] {logging_mixin.py:190} INFO - [2025-07-15T16:21:37.345+0000] {dag.py:3239} INFO - Sync 3 DAGs
[2025-07-15T16:21:37.369+0000] {logging_mixin.py:190} INFO - [2025-07-15T16:21:37.369+0000] {dag.py:4180} INFO - Setting next_dagrun for dataset_with_extra_by_context to 2025-07-14 00:00:00+00:00, run_after=2025-07-15 00:00:00+00:00
[2025-07-15T16:21:37.372+0000] {logging_mixin.py:190} INFO - [2025-07-15T16:21:37.372+0000] {dag.py:4180} INFO - Setting next_dagrun for dataset_with_extra_by_yield to 2025-07-14 00:00:00+00:00, run_after=2025-07-15 00:00:00+00:00
[2025-07-15T16:21:37.373+0000] {logging_mixin.py:190} INFO - [2025-07-15T16:21:37.373+0000] {dag.py:4180} INFO - Setting next_dagrun for dataset_with_extra_from_classic_operator to 2025-07-14 00:00:00+00:00, run_after=2025-07-15 00:00:00+00:00
[2025-07-15T16:21:37.389+0000] {processor.py:208} INFO - Processing /home/airflow/.local/lib/python3.12/site-packages/airflow/example_dags/example_outlet_event_extra.py took 0.303 seconds
[2025-07-15T16:22:08.435+0000] {processor.py:186} INFO - Started process (PID=5531) to work on /home/airflow/.local/lib/python3.12/site-packages/airflow/example_dags/example_outlet_event_extra.py
[2025-07-15T16:22:08.437+0000] {processor.py:914} INFO - Processing file /home/airflow/.local/lib/python3.12/site-packages/airflow/example_dags/example_outlet_event_extra.py for tasks to queue
[2025-07-15T16:22:08.444+0000] {logging_mixin.py:190} INFO - [2025-07-15T16:22:08.443+0000] {dagbag.py:588} INFO - Filling up the DagBag from /home/airflow/.local/lib/python3.12/site-packages/airflow/example_dags/example_outlet_event_extra.py
[2025-07-15T16:22:08.618+0000] {processor.py:925} INFO - DAG(s) 'dataset_with_extra_from_classic_operator', 'dataset_with_extra_by_context', 'dataset_with_extra_by_yield' retrieved from /home/airflow/.local/lib/python3.12/site-packages/airflow/example_dags/example_outlet_event_extra.py
[2025-07-15T16:22:08.649+0000] {logging_mixin.py:190} INFO - [2025-07-15T16:22:08.649+0000] {dag.py:3239} INFO - Sync 3 DAGs
[2025-07-15T16:22:08.679+0000] {logging_mixin.py:190} INFO - [2025-07-15T16:22:08.679+0000] {dag.py:4180} INFO - Setting next_dagrun for dataset_with_extra_by_context to 2025-07-14 00:00:00+00:00, run_after=2025-07-15 00:00:00+00:00
[2025-07-15T16:22:08.683+0000] {logging_mixin.py:190} INFO - [2025-07-15T16:22:08.683+0000] {dag.py:4180} INFO - Setting next_dagrun for dataset_with_extra_by_yield to 2025-07-14 00:00:00+00:00, run_after=2025-07-15 00:00:00+00:00
[2025-07-15T16:22:08.684+0000] {logging_mixin.py:190} INFO - [2025-07-15T16:22:08.684+0000] {dag.py:4180} INFO - Setting next_dagrun for dataset_with_extra_from_classic_operator to 2025-07-14 00:00:00+00:00, run_after=2025-07-15 00:00:00+00:00
[2025-07-15T16:22:08.707+0000] {processor.py:208} INFO - Processing /home/airflow/.local/lib/python3.12/site-packages/airflow/example_dags/example_outlet_event_extra.py took 0.294 seconds
[2025-07-15T16:22:39.099+0000] {processor.py:186} INFO - Started process (PID=5593) to work on /home/airflow/.local/lib/python3.12/site-packages/airflow/example_dags/example_outlet_event_extra.py
[2025-07-15T16:22:39.105+0000] {processor.py:914} INFO - Processing file /home/airflow/.local/lib/python3.12/site-packages/airflow/example_dags/example_outlet_event_extra.py for tasks to queue
[2025-07-15T16:22:39.118+0000] {logging_mixin.py:190} INFO - [2025-07-15T16:22:39.117+0000] {dagbag.py:588} INFO - Filling up the DagBag from /home/airflow/.local/lib/python3.12/site-packages/airflow/example_dags/example_outlet_event_extra.py
[2025-07-15T16:22:39.290+0000] {processor.py:925} INFO - DAG(s) 'dataset_with_extra_by_context', 'dataset_with_extra_from_classic_operator', 'dataset_with_extra_by_yield' retrieved from /home/airflow/.local/lib/python3.12/site-packages/airflow/example_dags/example_outlet_event_extra.py
[2025-07-15T16:22:39.327+0000] {logging_mixin.py:190} INFO - [2025-07-15T16:22:39.327+0000] {dag.py:3239} INFO - Sync 3 DAGs
[2025-07-15T16:22:39.356+0000] {logging_mixin.py:190} INFO - [2025-07-15T16:22:39.356+0000] {dag.py:4180} INFO - Setting next_dagrun for dataset_with_extra_by_context to 2025-07-14 00:00:00+00:00, run_after=2025-07-15 00:00:00+00:00
[2025-07-15T16:22:39.359+0000] {logging_mixin.py:190} INFO - [2025-07-15T16:22:39.359+0000] {dag.py:4180} INFO - Setting next_dagrun for dataset_with_extra_by_yield to 2025-07-14 00:00:00+00:00, run_after=2025-07-15 00:00:00+00:00
[2025-07-15T16:22:39.361+0000] {logging_mixin.py:190} INFO - [2025-07-15T16:22:39.360+0000] {dag.py:4180} INFO - Setting next_dagrun for dataset_with_extra_from_classic_operator to 2025-07-14 00:00:00+00:00, run_after=2025-07-15 00:00:00+00:00
[2025-07-15T16:22:39.377+0000] {processor.py:208} INFO - Processing /home/airflow/.local/lib/python3.12/site-packages/airflow/example_dags/example_outlet_event_extra.py took 0.306 seconds
[2025-07-15T16:23:09.876+0000] {processor.py:186} INFO - Started process (PID=5655) to work on /home/airflow/.local/lib/python3.12/site-packages/airflow/example_dags/example_outlet_event_extra.py
[2025-07-15T16:23:09.881+0000] {processor.py:914} INFO - Processing file /home/airflow/.local/lib/python3.12/site-packages/airflow/example_dags/example_outlet_event_extra.py for tasks to queue
[2025-07-15T16:23:09.891+0000] {logging_mixin.py:190} INFO - [2025-07-15T16:23:09.889+0000] {dagbag.py:588} INFO - Filling up the DagBag from /home/airflow/.local/lib/python3.12/site-packages/airflow/example_dags/example_outlet_event_extra.py
[2025-07-15T16:23:10.106+0000] {processor.py:925} INFO - DAG(s) 'dataset_with_extra_from_classic_operator', 'dataset_with_extra_by_context', 'dataset_with_extra_by_yield' retrieved from /home/airflow/.local/lib/python3.12/site-packages/airflow/example_dags/example_outlet_event_extra.py
[2025-07-15T16:23:10.151+0000] {logging_mixin.py:190} INFO - [2025-07-15T16:23:10.151+0000] {dag.py:3239} INFO - Sync 3 DAGs
[2025-07-15T16:23:10.186+0000] {logging_mixin.py:190} INFO - [2025-07-15T16:23:10.185+0000] {dag.py:4180} INFO - Setting next_dagrun for dataset_with_extra_by_context to 2025-07-14 00:00:00+00:00, run_after=2025-07-15 00:00:00+00:00
[2025-07-15T16:23:10.189+0000] {logging_mixin.py:190} INFO - [2025-07-15T16:23:10.189+0000] {dag.py:4180} INFO - Setting next_dagrun for dataset_with_extra_by_yield to 2025-07-14 00:00:00+00:00, run_after=2025-07-15 00:00:00+00:00
[2025-07-15T16:23:10.193+0000] {logging_mixin.py:190} INFO - [2025-07-15T16:23:10.193+0000] {dag.py:4180} INFO - Setting next_dagrun for dataset_with_extra_from_classic_operator to 2025-07-14 00:00:00+00:00, run_after=2025-07-15 00:00:00+00:00
[2025-07-15T16:23:10.221+0000] {processor.py:208} INFO - Processing /home/airflow/.local/lib/python3.12/site-packages/airflow/example_dags/example_outlet_event_extra.py took 0.372 seconds
[2025-07-15T16:23:41.228+0000] {processor.py:186} INFO - Started process (PID=5716) to work on /home/airflow/.local/lib/python3.12/site-packages/airflow/example_dags/example_outlet_event_extra.py
[2025-07-15T16:23:41.231+0000] {processor.py:914} INFO - Processing file /home/airflow/.local/lib/python3.12/site-packages/airflow/example_dags/example_outlet_event_extra.py for tasks to queue
[2025-07-15T16:23:41.245+0000] {logging_mixin.py:190} INFO - [2025-07-15T16:23:41.244+0000] {dagbag.py:588} INFO - Filling up the DagBag from /home/airflow/.local/lib/python3.12/site-packages/airflow/example_dags/example_outlet_event_extra.py
[2025-07-15T16:23:41.466+0000] {processor.py:925} INFO - DAG(s) 'dataset_with_extra_by_yield', 'dataset_with_extra_by_context', 'dataset_with_extra_from_classic_operator' retrieved from /home/airflow/.local/lib/python3.12/site-packages/airflow/example_dags/example_outlet_event_extra.py
[2025-07-15T16:23:41.511+0000] {logging_mixin.py:190} INFO - [2025-07-15T16:23:41.511+0000] {dag.py:3239} INFO - Sync 3 DAGs
[2025-07-15T16:23:41.545+0000] {logging_mixin.py:190} INFO - [2025-07-15T16:23:41.545+0000] {dag.py:4180} INFO - Setting next_dagrun for dataset_with_extra_by_context to 2025-07-14 00:00:00+00:00, run_after=2025-07-15 00:00:00+00:00
[2025-07-15T16:23:41.549+0000] {logging_mixin.py:190} INFO - [2025-07-15T16:23:41.549+0000] {dag.py:4180} INFO - Setting next_dagrun for dataset_with_extra_by_yield to 2025-07-14 00:00:00+00:00, run_after=2025-07-15 00:00:00+00:00
[2025-07-15T16:23:41.550+0000] {logging_mixin.py:190} INFO - [2025-07-15T16:23:41.550+0000] {dag.py:4180} INFO - Setting next_dagrun for dataset_with_extra_from_classic_operator to 2025-07-14 00:00:00+00:00, run_after=2025-07-15 00:00:00+00:00
[2025-07-15T16:23:41.575+0000] {processor.py:208} INFO - Processing /home/airflow/.local/lib/python3.12/site-packages/airflow/example_dags/example_outlet_event_extra.py took 0.397 seconds
[2025-07-15T16:24:12.454+0000] {processor.py:186} INFO - Started process (PID=5778) to work on /home/airflow/.local/lib/python3.12/site-packages/airflow/example_dags/example_outlet_event_extra.py
[2025-07-15T16:24:12.458+0000] {processor.py:914} INFO - Processing file /home/airflow/.local/lib/python3.12/site-packages/airflow/example_dags/example_outlet_event_extra.py for tasks to queue
[2025-07-15T16:24:12.472+0000] {logging_mixin.py:190} INFO - [2025-07-15T16:24:12.471+0000] {dagbag.py:588} INFO - Filling up the DagBag from /home/airflow/.local/lib/python3.12/site-packages/airflow/example_dags/example_outlet_event_extra.py
[2025-07-15T16:24:12.655+0000] {processor.py:925} INFO - DAG(s) 'dataset_with_extra_by_context', 'dataset_with_extra_from_classic_operator', 'dataset_with_extra_by_yield' retrieved from /home/airflow/.local/lib/python3.12/site-packages/airflow/example_dags/example_outlet_event_extra.py
[2025-07-15T16:24:12.737+0000] {logging_mixin.py:190} INFO - [2025-07-15T16:24:12.737+0000] {dag.py:3239} INFO - Sync 3 DAGs
[2025-07-15T16:24:12.782+0000] {logging_mixin.py:190} INFO - [2025-07-15T16:24:12.781+0000] {dag.py:4180} INFO - Setting next_dagrun for dataset_with_extra_by_context to 2025-07-14 00:00:00+00:00, run_after=2025-07-15 00:00:00+00:00
[2025-07-15T16:24:12.785+0000] {logging_mixin.py:190} INFO - [2025-07-15T16:24:12.785+0000] {dag.py:4180} INFO - Setting next_dagrun for dataset_with_extra_by_yield to 2025-07-14 00:00:00+00:00, run_after=2025-07-15 00:00:00+00:00
[2025-07-15T16:24:12.786+0000] {logging_mixin.py:190} INFO - [2025-07-15T16:24:12.786+0000] {dag.py:4180} INFO - Setting next_dagrun for dataset_with_extra_from_classic_operator to 2025-07-14 00:00:00+00:00, run_after=2025-07-15 00:00:00+00:00
[2025-07-15T16:24:12.811+0000] {processor.py:208} INFO - Processing /home/airflow/.local/lib/python3.12/site-packages/airflow/example_dags/example_outlet_event_extra.py took 0.380 seconds
[2025-07-15T16:24:43.089+0000] {processor.py:186} INFO - Started process (PID=5839) to work on /home/airflow/.local/lib/python3.12/site-packages/airflow/example_dags/example_outlet_event_extra.py
[2025-07-15T16:24:43.091+0000] {processor.py:914} INFO - Processing file /home/airflow/.local/lib/python3.12/site-packages/airflow/example_dags/example_outlet_event_extra.py for tasks to queue
[2025-07-15T16:24:43.101+0000] {logging_mixin.py:190} INFO - [2025-07-15T16:24:43.100+0000] {dagbag.py:588} INFO - Filling up the DagBag from /home/airflow/.local/lib/python3.12/site-packages/airflow/example_dags/example_outlet_event_extra.py
[2025-07-15T16:24:43.284+0000] {processor.py:925} INFO - DAG(s) 'dataset_with_extra_by_context', 'dataset_with_extra_by_yield', 'dataset_with_extra_from_classic_operator' retrieved from /home/airflow/.local/lib/python3.12/site-packages/airflow/example_dags/example_outlet_event_extra.py
[2025-07-15T16:24:43.312+0000] {logging_mixin.py:190} INFO - [2025-07-15T16:24:43.312+0000] {dag.py:3239} INFO - Sync 3 DAGs
[2025-07-15T16:24:43.335+0000] {logging_mixin.py:190} INFO - [2025-07-15T16:24:43.335+0000] {dag.py:4180} INFO - Setting next_dagrun for dataset_with_extra_by_context to 2025-07-14 00:00:00+00:00, run_after=2025-07-15 00:00:00+00:00
[2025-07-15T16:24:43.337+0000] {logging_mixin.py:190} INFO - [2025-07-15T16:24:43.337+0000] {dag.py:4180} INFO - Setting next_dagrun for dataset_with_extra_by_yield to 2025-07-14 00:00:00+00:00, run_after=2025-07-15 00:00:00+00:00
[2025-07-15T16:24:43.338+0000] {logging_mixin.py:190} INFO - [2025-07-15T16:24:43.338+0000] {dag.py:4180} INFO - Setting next_dagrun for dataset_with_extra_from_classic_operator to 2025-07-14 00:00:00+00:00, run_after=2025-07-15 00:00:00+00:00
[2025-07-15T16:24:43.358+0000] {processor.py:208} INFO - Processing /home/airflow/.local/lib/python3.12/site-packages/airflow/example_dags/example_outlet_event_extra.py took 0.292 seconds
[2025-07-15T16:25:13.896+0000] {processor.py:186} INFO - Started process (PID=5901) to work on /home/airflow/.local/lib/python3.12/site-packages/airflow/example_dags/example_outlet_event_extra.py
[2025-07-15T16:25:13.898+0000] {processor.py:914} INFO - Processing file /home/airflow/.local/lib/python3.12/site-packages/airflow/example_dags/example_outlet_event_extra.py for tasks to queue
[2025-07-15T16:25:13.906+0000] {logging_mixin.py:190} INFO - [2025-07-15T16:25:13.906+0000] {dagbag.py:588} INFO - Filling up the DagBag from /home/airflow/.local/lib/python3.12/site-packages/airflow/example_dags/example_outlet_event_extra.py
[2025-07-15T16:25:14.082+0000] {processor.py:925} INFO - DAG(s) 'dataset_with_extra_by_yield', 'dataset_with_extra_by_context', 'dataset_with_extra_from_classic_operator' retrieved from /home/airflow/.local/lib/python3.12/site-packages/airflow/example_dags/example_outlet_event_extra.py
[2025-07-15T16:25:14.186+0000] {logging_mixin.py:190} INFO - [2025-07-15T16:25:14.185+0000] {dag.py:3239} INFO - Sync 3 DAGs
[2025-07-15T16:25:14.245+0000] {logging_mixin.py:190} INFO - [2025-07-15T16:25:14.245+0000] {dag.py:4180} INFO - Setting next_dagrun for dataset_with_extra_by_context to 2025-07-14 00:00:00+00:00, run_after=2025-07-15 00:00:00+00:00
[2025-07-15T16:25:14.248+0000] {logging_mixin.py:190} INFO - [2025-07-15T16:25:14.248+0000] {dag.py:4180} INFO - Setting next_dagrun for dataset_with_extra_by_yield to 2025-07-14 00:00:00+00:00, run_after=2025-07-15 00:00:00+00:00
[2025-07-15T16:25:14.249+0000] {logging_mixin.py:190} INFO - [2025-07-15T16:25:14.249+0000] {dag.py:4180} INFO - Setting next_dagrun for dataset_with_extra_from_classic_operator to 2025-07-14 00:00:00+00:00, run_after=2025-07-15 00:00:00+00:00
[2025-07-15T16:25:14.269+0000] {processor.py:208} INFO - Processing /home/airflow/.local/lib/python3.12/site-packages/airflow/example_dags/example_outlet_event_extra.py took 0.400 seconds
[2025-07-15T16:25:44.865+0000] {processor.py:186} INFO - Started process (PID=5963) to work on /home/airflow/.local/lib/python3.12/site-packages/airflow/example_dags/example_outlet_event_extra.py
[2025-07-15T16:25:44.871+0000] {processor.py:914} INFO - Processing file /home/airflow/.local/lib/python3.12/site-packages/airflow/example_dags/example_outlet_event_extra.py for tasks to queue
[2025-07-15T16:25:44.880+0000] {logging_mixin.py:190} INFO - [2025-07-15T16:25:44.879+0000] {dagbag.py:588} INFO - Filling up the DagBag from /home/airflow/.local/lib/python3.12/site-packages/airflow/example_dags/example_outlet_event_extra.py
[2025-07-15T16:25:45.065+0000] {processor.py:925} INFO - DAG(s) 'dataset_with_extra_by_context', 'dataset_with_extra_from_classic_operator', 'dataset_with_extra_by_yield' retrieved from /home/airflow/.local/lib/python3.12/site-packages/airflow/example_dags/example_outlet_event_extra.py
[2025-07-15T16:25:45.089+0000] {logging_mixin.py:190} INFO - [2025-07-15T16:25:45.088+0000] {dag.py:3239} INFO - Sync 3 DAGs
[2025-07-15T16:25:45.117+0000] {logging_mixin.py:190} INFO - [2025-07-15T16:25:45.117+0000] {dag.py:4180} INFO - Setting next_dagrun for dataset_with_extra_by_context to 2025-07-14 00:00:00+00:00, run_after=2025-07-15 00:00:00+00:00
[2025-07-15T16:25:45.120+0000] {logging_mixin.py:190} INFO - [2025-07-15T16:25:45.120+0000] {dag.py:4180} INFO - Setting next_dagrun for dataset_with_extra_by_yield to 2025-07-14 00:00:00+00:00, run_after=2025-07-15 00:00:00+00:00
[2025-07-15T16:25:45.122+0000] {logging_mixin.py:190} INFO - [2025-07-15T16:25:45.122+0000] {dag.py:4180} INFO - Setting next_dagrun for dataset_with_extra_from_classic_operator to 2025-07-14 00:00:00+00:00, run_after=2025-07-15 00:00:00+00:00
[2025-07-15T16:25:45.144+0000] {processor.py:208} INFO - Processing /home/airflow/.local/lib/python3.12/site-packages/airflow/example_dags/example_outlet_event_extra.py took 0.300 seconds
[2025-07-15T16:26:15.595+0000] {processor.py:186} INFO - Started process (PID=6025) to work on /home/airflow/.local/lib/python3.12/site-packages/airflow/example_dags/example_outlet_event_extra.py
[2025-07-15T16:26:15.598+0000] {processor.py:914} INFO - Processing file /home/airflow/.local/lib/python3.12/site-packages/airflow/example_dags/example_outlet_event_extra.py for tasks to queue
[2025-07-15T16:26:15.606+0000] {logging_mixin.py:190} INFO - [2025-07-15T16:26:15.605+0000] {dagbag.py:588} INFO - Filling up the DagBag from /home/airflow/.local/lib/python3.12/site-packages/airflow/example_dags/example_outlet_event_extra.py
[2025-07-15T16:26:15.782+0000] {processor.py:925} INFO - DAG(s) 'dataset_with_extra_from_classic_operator', 'dataset_with_extra_by_context', 'dataset_with_extra_by_yield' retrieved from /home/airflow/.local/lib/python3.12/site-packages/airflow/example_dags/example_outlet_event_extra.py
[2025-07-15T16:26:15.823+0000] {logging_mixin.py:190} INFO - [2025-07-15T16:26:15.823+0000] {dag.py:3239} INFO - Sync 3 DAGs
[2025-07-15T16:26:15.850+0000] {logging_mixin.py:190} INFO - [2025-07-15T16:26:15.850+0000] {dag.py:4180} INFO - Setting next_dagrun for dataset_with_extra_by_context to 2025-07-14 00:00:00+00:00, run_after=2025-07-15 00:00:00+00:00
[2025-07-15T16:26:15.853+0000] {logging_mixin.py:190} INFO - [2025-07-15T16:26:15.853+0000] {dag.py:4180} INFO - Setting next_dagrun for dataset_with_extra_by_yield to 2025-07-14 00:00:00+00:00, run_after=2025-07-15 00:00:00+00:00
[2025-07-15T16:26:15.854+0000] {logging_mixin.py:190} INFO - [2025-07-15T16:26:15.854+0000] {dag.py:4180} INFO - Setting next_dagrun for dataset_with_extra_from_classic_operator to 2025-07-14 00:00:00+00:00, run_after=2025-07-15 00:00:00+00:00
[2025-07-15T16:26:15.874+0000] {processor.py:208} INFO - Processing /home/airflow/.local/lib/python3.12/site-packages/airflow/example_dags/example_outlet_event_extra.py took 0.299 seconds
[2025-07-15T16:26:46.681+0000] {processor.py:186} INFO - Started process (PID=6087) to work on /home/airflow/.local/lib/python3.12/site-packages/airflow/example_dags/example_outlet_event_extra.py
[2025-07-15T16:26:46.684+0000] {processor.py:914} INFO - Processing file /home/airflow/.local/lib/python3.12/site-packages/airflow/example_dags/example_outlet_event_extra.py for tasks to queue
[2025-07-15T16:26:46.690+0000] {logging_mixin.py:190} INFO - [2025-07-15T16:26:46.690+0000] {dagbag.py:588} INFO - Filling up the DagBag from /home/airflow/.local/lib/python3.12/site-packages/airflow/example_dags/example_outlet_event_extra.py
[2025-07-15T16:26:46.877+0000] {processor.py:925} INFO - DAG(s) 'dataset_with_extra_by_yield', 'dataset_with_extra_by_context', 'dataset_with_extra_from_classic_operator' retrieved from /home/airflow/.local/lib/python3.12/site-packages/airflow/example_dags/example_outlet_event_extra.py
[2025-07-15T16:26:46.909+0000] {logging_mixin.py:190} INFO - [2025-07-15T16:26:46.909+0000] {dag.py:3239} INFO - Sync 3 DAGs
[2025-07-15T16:26:46.931+0000] {logging_mixin.py:190} INFO - [2025-07-15T16:26:46.931+0000] {dag.py:4180} INFO - Setting next_dagrun for dataset_with_extra_by_context to 2025-07-14 00:00:00+00:00, run_after=2025-07-15 00:00:00+00:00
[2025-07-15T16:26:46.934+0000] {logging_mixin.py:190} INFO - [2025-07-15T16:26:46.934+0000] {dag.py:4180} INFO - Setting next_dagrun for dataset_with_extra_by_yield to 2025-07-14 00:00:00+00:00, run_after=2025-07-15 00:00:00+00:00
[2025-07-15T16:26:46.936+0000] {logging_mixin.py:190} INFO - [2025-07-15T16:26:46.936+0000] {dag.py:4180} INFO - Setting next_dagrun for dataset_with_extra_from_classic_operator to 2025-07-14 00:00:00+00:00, run_after=2025-07-15 00:00:00+00:00
[2025-07-15T16:26:46.955+0000] {processor.py:208} INFO - Processing /home/airflow/.local/lib/python3.12/site-packages/airflow/example_dags/example_outlet_event_extra.py took 0.295 seconds
[2025-07-15T16:27:17.339+0000] {processor.py:186} INFO - Started process (PID=6149) to work on /home/airflow/.local/lib/python3.12/site-packages/airflow/example_dags/example_outlet_event_extra.py
[2025-07-15T16:27:17.342+0000] {processor.py:914} INFO - Processing file /home/airflow/.local/lib/python3.12/site-packages/airflow/example_dags/example_outlet_event_extra.py for tasks to queue
[2025-07-15T16:27:17.359+0000] {logging_mixin.py:190} INFO - [2025-07-15T16:27:17.358+0000] {dagbag.py:588} INFO - Filling up the DagBag from /home/airflow/.local/lib/python3.12/site-packages/airflow/example_dags/example_outlet_event_extra.py
[2025-07-15T16:27:17.587+0000] {processor.py:925} INFO - DAG(s) 'dataset_with_extra_from_classic_operator', 'dataset_with_extra_by_yield', 'dataset_with_extra_by_context' retrieved from /home/airflow/.local/lib/python3.12/site-packages/airflow/example_dags/example_outlet_event_extra.py
[2025-07-15T16:27:17.653+0000] {logging_mixin.py:190} INFO - [2025-07-15T16:27:17.653+0000] {dag.py:3239} INFO - Sync 3 DAGs
[2025-07-15T16:27:17.715+0000] {logging_mixin.py:190} INFO - [2025-07-15T16:27:17.715+0000] {dag.py:4180} INFO - Setting next_dagrun for dataset_with_extra_by_context to 2025-07-14 00:00:00+00:00, run_after=2025-07-15 00:00:00+00:00
[2025-07-15T16:27:17.725+0000] {logging_mixin.py:190} INFO - [2025-07-15T16:27:17.724+0000] {dag.py:4180} INFO - Setting next_dagrun for dataset_with_extra_by_yield to 2025-07-14 00:00:00+00:00, run_after=2025-07-15 00:00:00+00:00
[2025-07-15T16:27:17.727+0000] {logging_mixin.py:190} INFO - [2025-07-15T16:27:17.727+0000] {dag.py:4180} INFO - Setting next_dagrun for dataset_with_extra_from_classic_operator to 2025-07-14 00:00:00+00:00, run_after=2025-07-15 00:00:00+00:00
[2025-07-15T16:27:17.765+0000] {processor.py:208} INFO - Processing /home/airflow/.local/lib/python3.12/site-packages/airflow/example_dags/example_outlet_event_extra.py took 0.567 seconds
[2025-07-15T16:27:48.808+0000] {processor.py:186} INFO - Started process (PID=6211) to work on /home/airflow/.local/lib/python3.12/site-packages/airflow/example_dags/example_outlet_event_extra.py
[2025-07-15T16:27:48.811+0000] {processor.py:914} INFO - Processing file /home/airflow/.local/lib/python3.12/site-packages/airflow/example_dags/example_outlet_event_extra.py for tasks to queue
[2025-07-15T16:27:48.819+0000] {logging_mixin.py:190} INFO - [2025-07-15T16:27:48.817+0000] {dagbag.py:588} INFO - Filling up the DagBag from /home/airflow/.local/lib/python3.12/site-packages/airflow/example_dags/example_outlet_event_extra.py
[2025-07-15T16:27:48.994+0000] {processor.py:925} INFO - DAG(s) 'dataset_with_extra_from_classic_operator', 'dataset_with_extra_by_context', 'dataset_with_extra_by_yield' retrieved from /home/airflow/.local/lib/python3.12/site-packages/airflow/example_dags/example_outlet_event_extra.py
[2025-07-15T16:27:49.045+0000] {logging_mixin.py:190} INFO - [2025-07-15T16:27:49.045+0000] {dag.py:3239} INFO - Sync 3 DAGs
[2025-07-15T16:27:49.079+0000] {logging_mixin.py:190} INFO - [2025-07-15T16:27:49.079+0000] {dag.py:4180} INFO - Setting next_dagrun for dataset_with_extra_by_context to 2025-07-14 00:00:00+00:00, run_after=2025-07-15 00:00:00+00:00
[2025-07-15T16:27:49.085+0000] {logging_mixin.py:190} INFO - [2025-07-15T16:27:49.085+0000] {dag.py:4180} INFO - Setting next_dagrun for dataset_with_extra_by_yield to 2025-07-14 00:00:00+00:00, run_after=2025-07-15 00:00:00+00:00
[2025-07-15T16:27:49.087+0000] {logging_mixin.py:190} INFO - [2025-07-15T16:27:49.087+0000] {dag.py:4180} INFO - Setting next_dagrun for dataset_with_extra_from_classic_operator to 2025-07-14 00:00:00+00:00, run_after=2025-07-15 00:00:00+00:00
[2025-07-15T16:27:49.129+0000] {processor.py:208} INFO - Processing /home/airflow/.local/lib/python3.12/site-packages/airflow/example_dags/example_outlet_event_extra.py took 0.352 seconds
[2025-07-15T16:28:19.209+0000] {processor.py:186} INFO - Started process (PID=6273) to work on /home/airflow/.local/lib/python3.12/site-packages/airflow/example_dags/example_outlet_event_extra.py
[2025-07-15T16:28:19.211+0000] {processor.py:914} INFO - Processing file /home/airflow/.local/lib/python3.12/site-packages/airflow/example_dags/example_outlet_event_extra.py for tasks to queue
[2025-07-15T16:28:19.218+0000] {logging_mixin.py:190} INFO - [2025-07-15T16:28:19.217+0000] {dagbag.py:588} INFO - Filling up the DagBag from /home/airflow/.local/lib/python3.12/site-packages/airflow/example_dags/example_outlet_event_extra.py
[2025-07-15T16:28:19.382+0000] {processor.py:925} INFO - DAG(s) 'dataset_with_extra_from_classic_operator', 'dataset_with_extra_by_yield', 'dataset_with_extra_by_context' retrieved from /home/airflow/.local/lib/python3.12/site-packages/airflow/example_dags/example_outlet_event_extra.py
[2025-07-15T16:28:19.416+0000] {logging_mixin.py:190} INFO - [2025-07-15T16:28:19.416+0000] {dag.py:3239} INFO - Sync 3 DAGs
[2025-07-15T16:28:19.439+0000] {logging_mixin.py:190} INFO - [2025-07-15T16:28:19.439+0000] {dag.py:4180} INFO - Setting next_dagrun for dataset_with_extra_by_context to 2025-07-14 00:00:00+00:00, run_after=2025-07-15 00:00:00+00:00
[2025-07-15T16:28:19.444+0000] {logging_mixin.py:190} INFO - [2025-07-15T16:28:19.443+0000] {dag.py:4180} INFO - Setting next_dagrun for dataset_with_extra_by_yield to 2025-07-14 00:00:00+00:00, run_after=2025-07-15 00:00:00+00:00
[2025-07-15T16:28:19.445+0000] {logging_mixin.py:190} INFO - [2025-07-15T16:28:19.445+0000] {dag.py:4180} INFO - Setting next_dagrun for dataset_with_extra_from_classic_operator to 2025-07-14 00:00:00+00:00, run_after=2025-07-15 00:00:00+00:00
[2025-07-15T16:28:19.460+0000] {processor.py:208} INFO - Processing /home/airflow/.local/lib/python3.12/site-packages/airflow/example_dags/example_outlet_event_extra.py took 0.267 seconds
[2025-07-15T16:28:49.752+0000] {processor.py:186} INFO - Started process (PID=6334) to work on /home/airflow/.local/lib/python3.12/site-packages/airflow/example_dags/example_outlet_event_extra.py
[2025-07-15T16:28:49.756+0000] {processor.py:914} INFO - Processing file /home/airflow/.local/lib/python3.12/site-packages/airflow/example_dags/example_outlet_event_extra.py for tasks to queue
[2025-07-15T16:28:49.761+0000] {logging_mixin.py:190} INFO - [2025-07-15T16:28:49.761+0000] {dagbag.py:588} INFO - Filling up the DagBag from /home/airflow/.local/lib/python3.12/site-packages/airflow/example_dags/example_outlet_event_extra.py
[2025-07-15T16:28:49.896+0000] {processor.py:925} INFO - DAG(s) 'dataset_with_extra_from_classic_operator', 'dataset_with_extra_by_context', 'dataset_with_extra_by_yield' retrieved from /home/airflow/.local/lib/python3.12/site-packages/airflow/example_dags/example_outlet_event_extra.py
[2025-07-15T16:28:49.925+0000] {logging_mixin.py:190} INFO - [2025-07-15T16:28:49.925+0000] {dag.py:3239} INFO - Sync 3 DAGs
[2025-07-15T16:28:49.946+0000] {logging_mixin.py:190} INFO - [2025-07-15T16:28:49.945+0000] {dag.py:4180} INFO - Setting next_dagrun for dataset_with_extra_by_context to 2025-07-14 00:00:00+00:00, run_after=2025-07-15 00:00:00+00:00
[2025-07-15T16:28:49.948+0000] {logging_mixin.py:190} INFO - [2025-07-15T16:28:49.948+0000] {dag.py:4180} INFO - Setting next_dagrun for dataset_with_extra_by_yield to 2025-07-14 00:00:00+00:00, run_after=2025-07-15 00:00:00+00:00
[2025-07-15T16:28:49.950+0000] {logging_mixin.py:190} INFO - [2025-07-15T16:28:49.950+0000] {dag.py:4180} INFO - Setting next_dagrun for dataset_with_extra_from_classic_operator to 2025-07-14 00:00:00+00:00, run_after=2025-07-15 00:00:00+00:00
[2025-07-15T16:28:49.976+0000] {processor.py:208} INFO - Processing /home/airflow/.local/lib/python3.12/site-packages/airflow/example_dags/example_outlet_event_extra.py took 0.240 seconds
[2025-07-15T16:29:20.906+0000] {processor.py:186} INFO - Started process (PID=6396) to work on /home/airflow/.local/lib/python3.12/site-packages/airflow/example_dags/example_outlet_event_extra.py
[2025-07-15T16:29:20.909+0000] {processor.py:914} INFO - Processing file /home/airflow/.local/lib/python3.12/site-packages/airflow/example_dags/example_outlet_event_extra.py for tasks to queue
[2025-07-15T16:29:20.914+0000] {logging_mixin.py:190} INFO - [2025-07-15T16:29:20.913+0000] {dagbag.py:588} INFO - Filling up the DagBag from /home/airflow/.local/lib/python3.12/site-packages/airflow/example_dags/example_outlet_event_extra.py
[2025-07-15T16:29:21.100+0000] {processor.py:925} INFO - DAG(s) 'dataset_with_extra_by_yield', 'dataset_with_extra_from_classic_operator', 'dataset_with_extra_by_context' retrieved from /home/airflow/.local/lib/python3.12/site-packages/airflow/example_dags/example_outlet_event_extra.py
[2025-07-15T16:29:21.138+0000] {logging_mixin.py:190} INFO - [2025-07-15T16:29:21.138+0000] {dag.py:3239} INFO - Sync 3 DAGs
[2025-07-15T16:29:21.176+0000] {logging_mixin.py:190} INFO - [2025-07-15T16:29:21.176+0000] {dag.py:4180} INFO - Setting next_dagrun for dataset_with_extra_by_context to 2025-07-14 00:00:00+00:00, run_after=2025-07-15 00:00:00+00:00
[2025-07-15T16:29:21.180+0000] {logging_mixin.py:190} INFO - [2025-07-15T16:29:21.180+0000] {dag.py:4180} INFO - Setting next_dagrun for dataset_with_extra_by_yield to 2025-07-14 00:00:00+00:00, run_after=2025-07-15 00:00:00+00:00
[2025-07-15T16:29:21.182+0000] {logging_mixin.py:190} INFO - [2025-07-15T16:29:21.182+0000] {dag.py:4180} INFO - Setting next_dagrun for dataset_with_extra_from_classic_operator to 2025-07-14 00:00:00+00:00, run_after=2025-07-15 00:00:00+00:00
[2025-07-15T16:29:21.211+0000] {processor.py:208} INFO - Processing /home/airflow/.local/lib/python3.12/site-packages/airflow/example_dags/example_outlet_event_extra.py took 0.324 seconds
[2025-07-15T16:29:51.722+0000] {processor.py:186} INFO - Started process (PID=6458) to work on /home/airflow/.local/lib/python3.12/site-packages/airflow/example_dags/example_outlet_event_extra.py
[2025-07-15T16:29:51.724+0000] {processor.py:914} INFO - Processing file /home/airflow/.local/lib/python3.12/site-packages/airflow/example_dags/example_outlet_event_extra.py for tasks to queue
[2025-07-15T16:29:51.732+0000] {logging_mixin.py:190} INFO - [2025-07-15T16:29:51.732+0000] {dagbag.py:588} INFO - Filling up the DagBag from /home/airflow/.local/lib/python3.12/site-packages/airflow/example_dags/example_outlet_event_extra.py
[2025-07-15T16:29:51.935+0000] {processor.py:925} INFO - DAG(s) 'dataset_with_extra_by_context', 'dataset_with_extra_from_classic_operator', 'dataset_with_extra_by_yield' retrieved from /home/airflow/.local/lib/python3.12/site-packages/airflow/example_dags/example_outlet_event_extra.py
[2025-07-15T16:29:51.975+0000] {logging_mixin.py:190} INFO - [2025-07-15T16:29:51.975+0000] {dag.py:3239} INFO - Sync 3 DAGs
[2025-07-15T16:29:52.008+0000] {logging_mixin.py:190} INFO - [2025-07-15T16:29:52.008+0000] {dag.py:4180} INFO - Setting next_dagrun for dataset_with_extra_by_context to 2025-07-14 00:00:00+00:00, run_after=2025-07-15 00:00:00+00:00
[2025-07-15T16:29:52.012+0000] {logging_mixin.py:190} INFO - [2025-07-15T16:29:52.012+0000] {dag.py:4180} INFO - Setting next_dagrun for dataset_with_extra_by_yield to 2025-07-14 00:00:00+00:00, run_after=2025-07-15 00:00:00+00:00
[2025-07-15T16:29:52.013+0000] {logging_mixin.py:190} INFO - [2025-07-15T16:29:52.013+0000] {dag.py:4180} INFO - Setting next_dagrun for dataset_with_extra_from_classic_operator to 2025-07-14 00:00:00+00:00, run_after=2025-07-15 00:00:00+00:00
[2025-07-15T16:29:52.036+0000] {processor.py:208} INFO - Processing /home/airflow/.local/lib/python3.12/site-packages/airflow/example_dags/example_outlet_event_extra.py took 0.333 seconds
[2025-07-15T16:30:22.473+0000] {processor.py:186} INFO - Started process (PID=6520) to work on /home/airflow/.local/lib/python3.12/site-packages/airflow/example_dags/example_outlet_event_extra.py
[2025-07-15T16:30:22.478+0000] {processor.py:914} INFO - Processing file /home/airflow/.local/lib/python3.12/site-packages/airflow/example_dags/example_outlet_event_extra.py for tasks to queue
[2025-07-15T16:30:22.485+0000] {logging_mixin.py:190} INFO - [2025-07-15T16:30:22.485+0000] {dagbag.py:588} INFO - Filling up the DagBag from /home/airflow/.local/lib/python3.12/site-packages/airflow/example_dags/example_outlet_event_extra.py
[2025-07-15T16:30:22.676+0000] {processor.py:925} INFO - DAG(s) 'dataset_with_extra_by_context', 'dataset_with_extra_from_classic_operator', 'dataset_with_extra_by_yield' retrieved from /home/airflow/.local/lib/python3.12/site-packages/airflow/example_dags/example_outlet_event_extra.py
[2025-07-15T16:30:22.714+0000] {logging_mixin.py:190} INFO - [2025-07-15T16:30:22.714+0000] {dag.py:3239} INFO - Sync 3 DAGs
[2025-07-15T16:30:22.744+0000] {logging_mixin.py:190} INFO - [2025-07-15T16:30:22.744+0000] {dag.py:4180} INFO - Setting next_dagrun for dataset_with_extra_by_context to 2025-07-14 00:00:00+00:00, run_after=2025-07-15 00:00:00+00:00
[2025-07-15T16:30:22.747+0000] {logging_mixin.py:190} INFO - [2025-07-15T16:30:22.747+0000] {dag.py:4180} INFO - Setting next_dagrun for dataset_with_extra_by_yield to 2025-07-14 00:00:00+00:00, run_after=2025-07-15 00:00:00+00:00
[2025-07-15T16:30:22.749+0000] {logging_mixin.py:190} INFO - [2025-07-15T16:30:22.749+0000] {dag.py:4180} INFO - Setting next_dagrun for dataset_with_extra_from_classic_operator to 2025-07-14 00:00:00+00:00, run_after=2025-07-15 00:00:00+00:00
[2025-07-15T16:30:22.772+0000] {processor.py:208} INFO - Processing /home/airflow/.local/lib/python3.12/site-packages/airflow/example_dags/example_outlet_event_extra.py took 0.315 seconds
[2025-07-15T16:30:53.587+0000] {processor.py:186} INFO - Started process (PID=6582) to work on /home/airflow/.local/lib/python3.12/site-packages/airflow/example_dags/example_outlet_event_extra.py
[2025-07-15T16:30:53.590+0000] {processor.py:914} INFO - Processing file /home/airflow/.local/lib/python3.12/site-packages/airflow/example_dags/example_outlet_event_extra.py for tasks to queue
[2025-07-15T16:30:53.597+0000] {logging_mixin.py:190} INFO - [2025-07-15T16:30:53.596+0000] {dagbag.py:588} INFO - Filling up the DagBag from /home/airflow/.local/lib/python3.12/site-packages/airflow/example_dags/example_outlet_event_extra.py
[2025-07-15T16:30:53.789+0000] {processor.py:925} INFO - DAG(s) 'dataset_with_extra_by_context', 'dataset_with_extra_from_classic_operator', 'dataset_with_extra_by_yield' retrieved from /home/airflow/.local/lib/python3.12/site-packages/airflow/example_dags/example_outlet_event_extra.py
[2025-07-15T16:30:53.822+0000] {logging_mixin.py:190} INFO - [2025-07-15T16:30:53.822+0000] {dag.py:3239} INFO - Sync 3 DAGs
[2025-07-15T16:30:53.849+0000] {logging_mixin.py:190} INFO - [2025-07-15T16:30:53.849+0000] {dag.py:4180} INFO - Setting next_dagrun for dataset_with_extra_by_context to 2025-07-14 00:00:00+00:00, run_after=2025-07-15 00:00:00+00:00
[2025-07-15T16:30:53.853+0000] {logging_mixin.py:190} INFO - [2025-07-15T16:30:53.853+0000] {dag.py:4180} INFO - Setting next_dagrun for dataset_with_extra_by_yield to 2025-07-14 00:00:00+00:00, run_after=2025-07-15 00:00:00+00:00
[2025-07-15T16:30:53.854+0000] {logging_mixin.py:190} INFO - [2025-07-15T16:30:53.854+0000] {dag.py:4180} INFO - Setting next_dagrun for dataset_with_extra_from_classic_operator to 2025-07-14 00:00:00+00:00, run_after=2025-07-15 00:00:00+00:00
[2025-07-15T16:30:53.873+0000] {processor.py:208} INFO - Processing /home/airflow/.local/lib/python3.12/site-packages/airflow/example_dags/example_outlet_event_extra.py took 0.310 seconds
[2025-07-15T16:31:23.991+0000] {processor.py:186} INFO - Started process (PID=6644) to work on /home/airflow/.local/lib/python3.12/site-packages/airflow/example_dags/example_outlet_event_extra.py
[2025-07-15T16:31:23.995+0000] {processor.py:914} INFO - Processing file /home/airflow/.local/lib/python3.12/site-packages/airflow/example_dags/example_outlet_event_extra.py for tasks to queue
[2025-07-15T16:31:24.002+0000] {logging_mixin.py:190} INFO - [2025-07-15T16:31:24.001+0000] {dagbag.py:588} INFO - Filling up the DagBag from /home/airflow/.local/lib/python3.12/site-packages/airflow/example_dags/example_outlet_event_extra.py
[2025-07-15T16:31:24.209+0000] {processor.py:925} INFO - DAG(s) 'dataset_with_extra_from_classic_operator', 'dataset_with_extra_by_yield', 'dataset_with_extra_by_context' retrieved from /home/airflow/.local/lib/python3.12/site-packages/airflow/example_dags/example_outlet_event_extra.py
[2025-07-15T16:31:24.245+0000] {logging_mixin.py:190} INFO - [2025-07-15T16:31:24.244+0000] {dag.py:3239} INFO - Sync 3 DAGs
[2025-07-15T16:31:24.279+0000] {logging_mixin.py:190} INFO - [2025-07-15T16:31:24.278+0000] {dag.py:4180} INFO - Setting next_dagrun for dataset_with_extra_by_context to 2025-07-14 00:00:00+00:00, run_after=2025-07-15 00:00:00+00:00
[2025-07-15T16:31:24.285+0000] {logging_mixin.py:190} INFO - [2025-07-15T16:31:24.285+0000] {dag.py:4180} INFO - Setting next_dagrun for dataset_with_extra_by_yield to 2025-07-14 00:00:00+00:00, run_after=2025-07-15 00:00:00+00:00
[2025-07-15T16:31:24.287+0000] {logging_mixin.py:190} INFO - [2025-07-15T16:31:24.287+0000] {dag.py:4180} INFO - Setting next_dagrun for dataset_with_extra_from_classic_operator to 2025-07-14 00:00:00+00:00, run_after=2025-07-15 00:00:00+00:00
[2025-07-15T16:31:24.316+0000] {processor.py:208} INFO - Processing /home/airflow/.local/lib/python3.12/site-packages/airflow/example_dags/example_outlet_event_extra.py took 0.356 seconds
[2025-07-15T16:31:54.785+0000] {processor.py:186} INFO - Started process (PID=6706) to work on /home/airflow/.local/lib/python3.12/site-packages/airflow/example_dags/example_outlet_event_extra.py
[2025-07-15T16:31:54.787+0000] {processor.py:914} INFO - Processing file /home/airflow/.local/lib/python3.12/site-packages/airflow/example_dags/example_outlet_event_extra.py for tasks to queue
[2025-07-15T16:31:54.797+0000] {logging_mixin.py:190} INFO - [2025-07-15T16:31:54.796+0000] {dagbag.py:588} INFO - Filling up the DagBag from /home/airflow/.local/lib/python3.12/site-packages/airflow/example_dags/example_outlet_event_extra.py
[2025-07-15T16:31:55.007+0000] {processor.py:925} INFO - DAG(s) 'dataset_with_extra_from_classic_operator', 'dataset_with_extra_by_yield', 'dataset_with_extra_by_context' retrieved from /home/airflow/.local/lib/python3.12/site-packages/airflow/example_dags/example_outlet_event_extra.py
[2025-07-15T16:31:55.049+0000] {logging_mixin.py:190} INFO - [2025-07-15T16:31:55.049+0000] {dag.py:3239} INFO - Sync 3 DAGs
[2025-07-15T16:31:55.082+0000] {logging_mixin.py:190} INFO - [2025-07-15T16:31:55.082+0000] {dag.py:4180} INFO - Setting next_dagrun for dataset_with_extra_by_context to 2025-07-14 00:00:00+00:00, run_after=2025-07-15 00:00:00+00:00
[2025-07-15T16:31:55.085+0000] {logging_mixin.py:190} INFO - [2025-07-15T16:31:55.085+0000] {dag.py:4180} INFO - Setting next_dagrun for dataset_with_extra_by_yield to 2025-07-14 00:00:00+00:00, run_after=2025-07-15 00:00:00+00:00
[2025-07-15T16:31:55.087+0000] {logging_mixin.py:190} INFO - [2025-07-15T16:31:55.087+0000] {dag.py:4180} INFO - Setting next_dagrun for dataset_with_extra_from_classic_operator to 2025-07-14 00:00:00+00:00, run_after=2025-07-15 00:00:00+00:00
[2025-07-15T16:31:55.108+0000] {processor.py:208} INFO - Processing /home/airflow/.local/lib/python3.12/site-packages/airflow/example_dags/example_outlet_event_extra.py took 0.354 seconds
[2025-07-15T16:32:25.691+0000] {processor.py:186} INFO - Started process (PID=6768) to work on /home/airflow/.local/lib/python3.12/site-packages/airflow/example_dags/example_outlet_event_extra.py
[2025-07-15T16:32:25.693+0000] {processor.py:914} INFO - Processing file /home/airflow/.local/lib/python3.12/site-packages/airflow/example_dags/example_outlet_event_extra.py for tasks to queue
[2025-07-15T16:32:25.701+0000] {logging_mixin.py:190} INFO - [2025-07-15T16:32:25.701+0000] {dagbag.py:588} INFO - Filling up the DagBag from /home/airflow/.local/lib/python3.12/site-packages/airflow/example_dags/example_outlet_event_extra.py
[2025-07-15T16:32:25.876+0000] {processor.py:925} INFO - DAG(s) 'dataset_with_extra_by_yield', 'dataset_with_extra_by_context', 'dataset_with_extra_from_classic_operator' retrieved from /home/airflow/.local/lib/python3.12/site-packages/airflow/example_dags/example_outlet_event_extra.py
[2025-07-15T16:32:25.914+0000] {logging_mixin.py:190} INFO - [2025-07-15T16:32:25.913+0000] {dag.py:3239} INFO - Sync 3 DAGs
[2025-07-15T16:32:25.950+0000] {logging_mixin.py:190} INFO - [2025-07-15T16:32:25.949+0000] {dag.py:4180} INFO - Setting next_dagrun for dataset_with_extra_by_context to 2025-07-14 00:00:00+00:00, run_after=2025-07-15 00:00:00+00:00
[2025-07-15T16:32:25.956+0000] {logging_mixin.py:190} INFO - [2025-07-15T16:32:25.956+0000] {dag.py:4180} INFO - Setting next_dagrun for dataset_with_extra_by_yield to 2025-07-14 00:00:00+00:00, run_after=2025-07-15 00:00:00+00:00
[2025-07-15T16:32:25.958+0000] {logging_mixin.py:190} INFO - [2025-07-15T16:32:25.958+0000] {dag.py:4180} INFO - Setting next_dagrun for dataset_with_extra_from_classic_operator to 2025-07-14 00:00:00+00:00, run_after=2025-07-15 00:00:00+00:00
[2025-07-15T16:32:25.974+0000] {processor.py:208} INFO - Processing /home/airflow/.local/lib/python3.12/site-packages/airflow/example_dags/example_outlet_event_extra.py took 0.309 seconds
[2025-07-15T16:32:56.136+0000] {processor.py:186} INFO - Started process (PID=6830) to work on /home/airflow/.local/lib/python3.12/site-packages/airflow/example_dags/example_outlet_event_extra.py
[2025-07-15T16:32:56.148+0000] {processor.py:914} INFO - Processing file /home/airflow/.local/lib/python3.12/site-packages/airflow/example_dags/example_outlet_event_extra.py for tasks to queue
[2025-07-15T16:32:56.157+0000] {logging_mixin.py:190} INFO - [2025-07-15T16:32:56.154+0000] {dagbag.py:588} INFO - Filling up the DagBag from /home/airflow/.local/lib/python3.12/site-packages/airflow/example_dags/example_outlet_event_extra.py
[2025-07-15T16:32:56.386+0000] {processor.py:925} INFO - DAG(s) 'dataset_with_extra_by_context', 'dataset_with_extra_by_yield', 'dataset_with_extra_from_classic_operator' retrieved from /home/airflow/.local/lib/python3.12/site-packages/airflow/example_dags/example_outlet_event_extra.py
[2025-07-15T16:32:56.431+0000] {logging_mixin.py:190} INFO - [2025-07-15T16:32:56.431+0000] {dag.py:3239} INFO - Sync 3 DAGs
[2025-07-15T16:32:56.465+0000] {logging_mixin.py:190} INFO - [2025-07-15T16:32:56.465+0000] {dag.py:4180} INFO - Setting next_dagrun for dataset_with_extra_by_context to 2025-07-14 00:00:00+00:00, run_after=2025-07-15 00:00:00+00:00
[2025-07-15T16:32:56.471+0000] {logging_mixin.py:190} INFO - [2025-07-15T16:32:56.470+0000] {dag.py:4180} INFO - Setting next_dagrun for dataset_with_extra_by_yield to 2025-07-14 00:00:00+00:00, run_after=2025-07-15 00:00:00+00:00
[2025-07-15T16:32:56.472+0000] {logging_mixin.py:190} INFO - [2025-07-15T16:32:56.472+0000] {dag.py:4180} INFO - Setting next_dagrun for dataset_with_extra_from_classic_operator to 2025-07-14 00:00:00+00:00, run_after=2025-07-15 00:00:00+00:00
[2025-07-15T16:32:56.499+0000] {processor.py:208} INFO - Processing /home/airflow/.local/lib/python3.12/site-packages/airflow/example_dags/example_outlet_event_extra.py took 0.418 seconds
[2025-07-15T16:33:27.534+0000] {processor.py:186} INFO - Started process (PID=6892) to work on /home/airflow/.local/lib/python3.12/site-packages/airflow/example_dags/example_outlet_event_extra.py
[2025-07-15T16:33:27.538+0000] {processor.py:914} INFO - Processing file /home/airflow/.local/lib/python3.12/site-packages/airflow/example_dags/example_outlet_event_extra.py for tasks to queue
[2025-07-15T16:33:27.547+0000] {logging_mixin.py:190} INFO - [2025-07-15T16:33:27.546+0000] {dagbag.py:588} INFO - Filling up the DagBag from /home/airflow/.local/lib/python3.12/site-packages/airflow/example_dags/example_outlet_event_extra.py
[2025-07-15T16:33:27.734+0000] {processor.py:925} INFO - DAG(s) 'dataset_with_extra_from_classic_operator', 'dataset_with_extra_by_context', 'dataset_with_extra_by_yield' retrieved from /home/airflow/.local/lib/python3.12/site-packages/airflow/example_dags/example_outlet_event_extra.py
[2025-07-15T16:33:27.777+0000] {logging_mixin.py:190} INFO - [2025-07-15T16:33:27.777+0000] {dag.py:3239} INFO - Sync 3 DAGs
[2025-07-15T16:33:27.824+0000] {logging_mixin.py:190} INFO - [2025-07-15T16:33:27.824+0000] {dag.py:4180} INFO - Setting next_dagrun for dataset_with_extra_by_context to 2025-07-14 00:00:00+00:00, run_after=2025-07-15 00:00:00+00:00
[2025-07-15T16:33:27.832+0000] {logging_mixin.py:190} INFO - [2025-07-15T16:33:27.831+0000] {dag.py:4180} INFO - Setting next_dagrun for dataset_with_extra_by_yield to 2025-07-14 00:00:00+00:00, run_after=2025-07-15 00:00:00+00:00
[2025-07-15T16:33:27.834+0000] {logging_mixin.py:190} INFO - [2025-07-15T16:33:27.834+0000] {dag.py:4180} INFO - Setting next_dagrun for dataset_with_extra_from_classic_operator to 2025-07-14 00:00:00+00:00, run_after=2025-07-15 00:00:00+00:00
[2025-07-15T16:33:27.863+0000] {processor.py:208} INFO - Processing /home/airflow/.local/lib/python3.12/site-packages/airflow/example_dags/example_outlet_event_extra.py took 0.348 seconds
[2025-07-15T16:33:58.740+0000] {processor.py:186} INFO - Started process (PID=6960) to work on /home/airflow/.local/lib/python3.12/site-packages/airflow/example_dags/example_outlet_event_extra.py
[2025-07-15T16:33:58.743+0000] {processor.py:914} INFO - Processing file /home/airflow/.local/lib/python3.12/site-packages/airflow/example_dags/example_outlet_event_extra.py for tasks to queue
[2025-07-15T16:33:58.750+0000] {logging_mixin.py:190} INFO - [2025-07-15T16:33:58.750+0000] {dagbag.py:588} INFO - Filling up the DagBag from /home/airflow/.local/lib/python3.12/site-packages/airflow/example_dags/example_outlet_event_extra.py
[2025-07-15T16:33:58.932+0000] {processor.py:925} INFO - DAG(s) 'dataset_with_extra_by_context', 'dataset_with_extra_from_classic_operator', 'dataset_with_extra_by_yield' retrieved from /home/airflow/.local/lib/python3.12/site-packages/airflow/example_dags/example_outlet_event_extra.py
[2025-07-15T16:33:58.972+0000] {logging_mixin.py:190} INFO - [2025-07-15T16:33:58.972+0000] {dag.py:3239} INFO - Sync 3 DAGs
[2025-07-15T16:33:58.991+0000] {logging_mixin.py:190} INFO - [2025-07-15T16:33:58.991+0000] {dag.py:4180} INFO - Setting next_dagrun for dataset_with_extra_by_context to 2025-07-14 00:00:00+00:00, run_after=2025-07-15 00:00:00+00:00
[2025-07-15T16:33:58.996+0000] {logging_mixin.py:190} INFO - [2025-07-15T16:33:58.995+0000] {dag.py:4180} INFO - Setting next_dagrun for dataset_with_extra_by_yield to 2025-07-14 00:00:00+00:00, run_after=2025-07-15 00:00:00+00:00
[2025-07-15T16:33:58.998+0000] {logging_mixin.py:190} INFO - [2025-07-15T16:33:58.998+0000] {dag.py:4180} INFO - Setting next_dagrun for dataset_with_extra_from_classic_operator to 2025-07-14 00:00:00+00:00, run_after=2025-07-15 00:00:00+00:00
[2025-07-15T16:33:59.017+0000] {processor.py:208} INFO - Processing /home/airflow/.local/lib/python3.12/site-packages/airflow/example_dags/example_outlet_event_extra.py took 0.299 seconds
[2025-07-15T16:34:30.017+0000] {processor.py:186} INFO - Started process (PID=7022) to work on /home/airflow/.local/lib/python3.12/site-packages/airflow/example_dags/example_outlet_event_extra.py
[2025-07-15T16:34:30.020+0000] {processor.py:914} INFO - Processing file /home/airflow/.local/lib/python3.12/site-packages/airflow/example_dags/example_outlet_event_extra.py for tasks to queue
[2025-07-15T16:34:30.032+0000] {logging_mixin.py:190} INFO - [2025-07-15T16:34:30.031+0000] {dagbag.py:588} INFO - Filling up the DagBag from /home/airflow/.local/lib/python3.12/site-packages/airflow/example_dags/example_outlet_event_extra.py
[2025-07-15T16:34:30.245+0000] {processor.py:925} INFO - DAG(s) 'dataset_with_extra_by_yield', 'dataset_with_extra_by_context', 'dataset_with_extra_from_classic_operator' retrieved from /home/airflow/.local/lib/python3.12/site-packages/airflow/example_dags/example_outlet_event_extra.py
[2025-07-15T16:34:30.283+0000] {logging_mixin.py:190} INFO - [2025-07-15T16:34:30.283+0000] {dag.py:3239} INFO - Sync 3 DAGs
[2025-07-15T16:34:30.313+0000] {logging_mixin.py:190} INFO - [2025-07-15T16:34:30.313+0000] {dag.py:4180} INFO - Setting next_dagrun for dataset_with_extra_by_context to 2025-07-14 00:00:00+00:00, run_after=2025-07-15 00:00:00+00:00
[2025-07-15T16:34:30.317+0000] {logging_mixin.py:190} INFO - [2025-07-15T16:34:30.316+0000] {dag.py:4180} INFO - Setting next_dagrun for dataset_with_extra_by_yield to 2025-07-14 00:00:00+00:00, run_after=2025-07-15 00:00:00+00:00
[2025-07-15T16:34:30.318+0000] {logging_mixin.py:190} INFO - [2025-07-15T16:34:30.318+0000] {dag.py:4180} INFO - Setting next_dagrun for dataset_with_extra_from_classic_operator to 2025-07-14 00:00:00+00:00, run_after=2025-07-15 00:00:00+00:00
[2025-07-15T16:34:30.339+0000] {processor.py:208} INFO - Processing /home/airflow/.local/lib/python3.12/site-packages/airflow/example_dags/example_outlet_event_extra.py took 0.354 seconds
[2025-07-15T16:35:01.093+0000] {processor.py:186} INFO - Started process (PID=7084) to work on /home/airflow/.local/lib/python3.12/site-packages/airflow/example_dags/example_outlet_event_extra.py
[2025-07-15T16:35:01.097+0000] {processor.py:914} INFO - Processing file /home/airflow/.local/lib/python3.12/site-packages/airflow/example_dags/example_outlet_event_extra.py for tasks to queue
[2025-07-15T16:35:01.104+0000] {logging_mixin.py:190} INFO - [2025-07-15T16:35:01.104+0000] {dagbag.py:588} INFO - Filling up the DagBag from /home/airflow/.local/lib/python3.12/site-packages/airflow/example_dags/example_outlet_event_extra.py
[2025-07-15T16:35:01.292+0000] {processor.py:925} INFO - DAG(s) 'dataset_with_extra_from_classic_operator', 'dataset_with_extra_by_yield', 'dataset_with_extra_by_context' retrieved from /home/airflow/.local/lib/python3.12/site-packages/airflow/example_dags/example_outlet_event_extra.py
[2025-07-15T16:35:01.326+0000] {logging_mixin.py:190} INFO - [2025-07-15T16:35:01.325+0000] {dag.py:3239} INFO - Sync 3 DAGs
[2025-07-15T16:35:01.351+0000] {logging_mixin.py:190} INFO - [2025-07-15T16:35:01.350+0000] {dag.py:4180} INFO - Setting next_dagrun for dataset_with_extra_by_context to 2025-07-14 00:00:00+00:00, run_after=2025-07-15 00:00:00+00:00
[2025-07-15T16:35:01.353+0000] {logging_mixin.py:190} INFO - [2025-07-15T16:35:01.353+0000] {dag.py:4180} INFO - Setting next_dagrun for dataset_with_extra_by_yield to 2025-07-14 00:00:00+00:00, run_after=2025-07-15 00:00:00+00:00
[2025-07-15T16:35:01.355+0000] {logging_mixin.py:190} INFO - [2025-07-15T16:35:01.355+0000] {dag.py:4180} INFO - Setting next_dagrun for dataset_with_extra_from_classic_operator to 2025-07-14 00:00:00+00:00, run_after=2025-07-15 00:00:00+00:00
[2025-07-15T16:35:01.371+0000] {processor.py:208} INFO - Processing /home/airflow/.local/lib/python3.12/site-packages/airflow/example_dags/example_outlet_event_extra.py took 0.306 seconds
[2025-07-15T16:35:32.452+0000] {processor.py:186} INFO - Started process (PID=7145) to work on /home/airflow/.local/lib/python3.12/site-packages/airflow/example_dags/example_outlet_event_extra.py
[2025-07-15T16:35:32.454+0000] {processor.py:914} INFO - Processing file /home/airflow/.local/lib/python3.12/site-packages/airflow/example_dags/example_outlet_event_extra.py for tasks to queue
[2025-07-15T16:35:32.460+0000] {logging_mixin.py:190} INFO - [2025-07-15T16:35:32.459+0000] {dagbag.py:588} INFO - Filling up the DagBag from /home/airflow/.local/lib/python3.12/site-packages/airflow/example_dags/example_outlet_event_extra.py
[2025-07-15T16:35:32.945+0000] {processor.py:925} INFO - DAG(s) 'dataset_with_extra_by_yield', 'dataset_with_extra_from_classic_operator', 'dataset_with_extra_by_context' retrieved from /home/airflow/.local/lib/python3.12/site-packages/airflow/example_dags/example_outlet_event_extra.py
[2025-07-15T16:35:33.040+0000] {logging_mixin.py:190} INFO - [2025-07-15T16:35:33.040+0000] {dag.py:3239} INFO - Sync 3 DAGs
[2025-07-15T16:35:33.135+0000] {logging_mixin.py:190} INFO - [2025-07-15T16:35:33.135+0000] {dag.py:4180} INFO - Setting next_dagrun for dataset_with_extra_by_context to 2025-07-14 00:00:00+00:00, run_after=2025-07-15 00:00:00+00:00
[2025-07-15T16:35:33.141+0000] {logging_mixin.py:190} INFO - [2025-07-15T16:35:33.141+0000] {dag.py:4180} INFO - Setting next_dagrun for dataset_with_extra_by_yield to 2025-07-14 00:00:00+00:00, run_after=2025-07-15 00:00:00+00:00
[2025-07-15T16:35:33.144+0000] {logging_mixin.py:190} INFO - [2025-07-15T16:35:33.144+0000] {dag.py:4180} INFO - Setting next_dagrun for dataset_with_extra_from_classic_operator to 2025-07-14 00:00:00+00:00, run_after=2025-07-15 00:00:00+00:00
[2025-07-15T16:35:33.171+0000] {processor.py:208} INFO - Processing /home/airflow/.local/lib/python3.12/site-packages/airflow/example_dags/example_outlet_event_extra.py took 0.746 seconds
[2025-07-15T16:36:04.162+0000] {processor.py:186} INFO - Started process (PID=7207) to work on /home/airflow/.local/lib/python3.12/site-packages/airflow/example_dags/example_outlet_event_extra.py
[2025-07-15T16:36:04.170+0000] {processor.py:914} INFO - Processing file /home/airflow/.local/lib/python3.12/site-packages/airflow/example_dags/example_outlet_event_extra.py for tasks to queue
[2025-07-15T16:36:04.182+0000] {logging_mixin.py:190} INFO - [2025-07-15T16:36:04.180+0000] {dagbag.py:588} INFO - Filling up the DagBag from /home/airflow/.local/lib/python3.12/site-packages/airflow/example_dags/example_outlet_event_extra.py
[2025-07-15T16:36:04.381+0000] {processor.py:925} INFO - DAG(s) 'dataset_with_extra_by_yield', 'dataset_with_extra_by_context', 'dataset_with_extra_from_classic_operator' retrieved from /home/airflow/.local/lib/python3.12/site-packages/airflow/example_dags/example_outlet_event_extra.py
[2025-07-15T16:36:04.418+0000] {logging_mixin.py:190} INFO - [2025-07-15T16:36:04.418+0000] {dag.py:3239} INFO - Sync 3 DAGs
[2025-07-15T16:36:04.438+0000] {logging_mixin.py:190} INFO - [2025-07-15T16:36:04.438+0000] {dag.py:4180} INFO - Setting next_dagrun for dataset_with_extra_by_context to 2025-07-14 00:00:00+00:00, run_after=2025-07-15 00:00:00+00:00
[2025-07-15T16:36:04.440+0000] {logging_mixin.py:190} INFO - [2025-07-15T16:36:04.440+0000] {dag.py:4180} INFO - Setting next_dagrun for dataset_with_extra_by_yield to 2025-07-14 00:00:00+00:00, run_after=2025-07-15 00:00:00+00:00
[2025-07-15T16:36:04.443+0000] {logging_mixin.py:190} INFO - [2025-07-15T16:36:04.443+0000] {dag.py:4180} INFO - Setting next_dagrun for dataset_with_extra_from_classic_operator to 2025-07-14 00:00:00+00:00, run_after=2025-07-15 00:00:00+00:00
[2025-07-15T16:36:04.460+0000] {processor.py:208} INFO - Processing /home/airflow/.local/lib/python3.12/site-packages/airflow/example_dags/example_outlet_event_extra.py took 0.324 seconds
[2025-07-15T16:36:34.727+0000] {processor.py:186} INFO - Started process (PID=7269) to work on /home/airflow/.local/lib/python3.12/site-packages/airflow/example_dags/example_outlet_event_extra.py
[2025-07-15T16:36:34.732+0000] {processor.py:914} INFO - Processing file /home/airflow/.local/lib/python3.12/site-packages/airflow/example_dags/example_outlet_event_extra.py for tasks to queue
[2025-07-15T16:36:34.740+0000] {logging_mixin.py:190} INFO - [2025-07-15T16:36:34.740+0000] {dagbag.py:588} INFO - Filling up the DagBag from /home/airflow/.local/lib/python3.12/site-packages/airflow/example_dags/example_outlet_event_extra.py
[2025-07-15T16:36:34.893+0000] {processor.py:925} INFO - DAG(s) 'dataset_with_extra_by_context', 'dataset_with_extra_from_classic_operator', 'dataset_with_extra_by_yield' retrieved from /home/airflow/.local/lib/python3.12/site-packages/airflow/example_dags/example_outlet_event_extra.py
[2025-07-15T16:36:34.922+0000] {logging_mixin.py:190} INFO - [2025-07-15T16:36:34.922+0000] {dag.py:3239} INFO - Sync 3 DAGs
[2025-07-15T16:36:34.950+0000] {logging_mixin.py:190} INFO - [2025-07-15T16:36:34.950+0000] {dag.py:4180} INFO - Setting next_dagrun for dataset_with_extra_by_context to 2025-07-14 00:00:00+00:00, run_after=2025-07-15 00:00:00+00:00
[2025-07-15T16:36:34.953+0000] {logging_mixin.py:190} INFO - [2025-07-15T16:36:34.953+0000] {dag.py:4180} INFO - Setting next_dagrun for dataset_with_extra_by_yield to 2025-07-14 00:00:00+00:00, run_after=2025-07-15 00:00:00+00:00
[2025-07-15T16:36:34.954+0000] {logging_mixin.py:190} INFO - [2025-07-15T16:36:34.954+0000] {dag.py:4180} INFO - Setting next_dagrun for dataset_with_extra_from_classic_operator to 2025-07-14 00:00:00+00:00, run_after=2025-07-15 00:00:00+00:00
[2025-07-15T16:36:34.975+0000] {processor.py:208} INFO - Processing /home/airflow/.local/lib/python3.12/site-packages/airflow/example_dags/example_outlet_event_extra.py took 0.272 seconds
[2025-07-15T16:37:05.485+0000] {processor.py:186} INFO - Started process (PID=7331) to work on /home/airflow/.local/lib/python3.12/site-packages/airflow/example_dags/example_outlet_event_extra.py
[2025-07-15T16:37:05.488+0000] {processor.py:914} INFO - Processing file /home/airflow/.local/lib/python3.12/site-packages/airflow/example_dags/example_outlet_event_extra.py for tasks to queue
[2025-07-15T16:37:05.497+0000] {logging_mixin.py:190} INFO - [2025-07-15T16:37:05.495+0000] {dagbag.py:588} INFO - Filling up the DagBag from /home/airflow/.local/lib/python3.12/site-packages/airflow/example_dags/example_outlet_event_extra.py
[2025-07-15T16:37:05.678+0000] {processor.py:925} INFO - DAG(s) 'dataset_with_extra_from_classic_operator', 'dataset_with_extra_by_yield', 'dataset_with_extra_by_context' retrieved from /home/airflow/.local/lib/python3.12/site-packages/airflow/example_dags/example_outlet_event_extra.py
[2025-07-15T16:37:05.708+0000] {logging_mixin.py:190} INFO - [2025-07-15T16:37:05.708+0000] {dag.py:3239} INFO - Sync 3 DAGs
[2025-07-15T16:37:05.739+0000] {logging_mixin.py:190} INFO - [2025-07-15T16:37:05.739+0000] {dag.py:4180} INFO - Setting next_dagrun for dataset_with_extra_by_context to 2025-07-14 00:00:00+00:00, run_after=2025-07-15 00:00:00+00:00
[2025-07-15T16:37:05.743+0000] {logging_mixin.py:190} INFO - [2025-07-15T16:37:05.743+0000] {dag.py:4180} INFO - Setting next_dagrun for dataset_with_extra_by_yield to 2025-07-14 00:00:00+00:00, run_after=2025-07-15 00:00:00+00:00
[2025-07-15T16:37:05.745+0000] {logging_mixin.py:190} INFO - [2025-07-15T16:37:05.745+0000] {dag.py:4180} INFO - Setting next_dagrun for dataset_with_extra_from_classic_operator to 2025-07-14 00:00:00+00:00, run_after=2025-07-15 00:00:00+00:00
[2025-07-15T16:37:05.771+0000] {processor.py:208} INFO - Processing /home/airflow/.local/lib/python3.12/site-packages/airflow/example_dags/example_outlet_event_extra.py took 0.314 seconds
[2025-07-15T16:37:37.027+0000] {processor.py:186} INFO - Started process (PID=7396) to work on /home/airflow/.local/lib/python3.12/site-packages/airflow/example_dags/example_outlet_event_extra.py
[2025-07-15T16:37:37.029+0000] {processor.py:914} INFO - Processing file /home/airflow/.local/lib/python3.12/site-packages/airflow/example_dags/example_outlet_event_extra.py for tasks to queue
[2025-07-15T16:37:37.032+0000] {logging_mixin.py:190} INFO - [2025-07-15T16:37:37.032+0000] {dagbag.py:588} INFO - Filling up the DagBag from /home/airflow/.local/lib/python3.12/site-packages/airflow/example_dags/example_outlet_event_extra.py
[2025-07-15T16:37:37.308+0000] {processor.py:925} INFO - DAG(s) 'dataset_with_extra_by_yield', 'dataset_with_extra_from_classic_operator', 'dataset_with_extra_by_context' retrieved from /home/airflow/.local/lib/python3.12/site-packages/airflow/example_dags/example_outlet_event_extra.py
[2025-07-15T16:37:37.341+0000] {logging_mixin.py:190} INFO - [2025-07-15T16:37:37.341+0000] {dag.py:3239} INFO - Sync 3 DAGs
[2025-07-15T16:37:37.373+0000] {logging_mixin.py:190} INFO - [2025-07-15T16:37:37.373+0000] {dag.py:4180} INFO - Setting next_dagrun for dataset_with_extra_by_context to 2025-07-14 00:00:00+00:00, run_after=2025-07-15 00:00:00+00:00
[2025-07-15T16:37:37.379+0000] {logging_mixin.py:190} INFO - [2025-07-15T16:37:37.379+0000] {dag.py:4180} INFO - Setting next_dagrun for dataset_with_extra_by_yield to 2025-07-14 00:00:00+00:00, run_after=2025-07-15 00:00:00+00:00
[2025-07-15T16:37:37.382+0000] {logging_mixin.py:190} INFO - [2025-07-15T16:37:37.382+0000] {dag.py:4180} INFO - Setting next_dagrun for dataset_with_extra_from_classic_operator to 2025-07-14 00:00:00+00:00, run_after=2025-07-15 00:00:00+00:00
[2025-07-15T16:37:37.412+0000] {processor.py:208} INFO - Processing /home/airflow/.local/lib/python3.12/site-packages/airflow/example_dags/example_outlet_event_extra.py took 0.395 seconds
[2025-07-15T16:38:07.598+0000] {processor.py:186} INFO - Started process (PID=7459) to work on /home/airflow/.local/lib/python3.12/site-packages/airflow/example_dags/example_outlet_event_extra.py
[2025-07-15T16:38:07.599+0000] {processor.py:914} INFO - Processing file /home/airflow/.local/lib/python3.12/site-packages/airflow/example_dags/example_outlet_event_extra.py for tasks to queue
[2025-07-15T16:38:07.601+0000] {logging_mixin.py:190} INFO - [2025-07-15T16:38:07.601+0000] {dagbag.py:588} INFO - Filling up the DagBag from /home/airflow/.local/lib/python3.12/site-packages/airflow/example_dags/example_outlet_event_extra.py
[2025-07-15T16:38:07.679+0000] {processor.py:925} INFO - DAG(s) 'dataset_with_extra_from_classic_operator', 'dataset_with_extra_by_yield', 'dataset_with_extra_by_context' retrieved from /home/airflow/.local/lib/python3.12/site-packages/airflow/example_dags/example_outlet_event_extra.py
[2025-07-15T16:38:07.691+0000] {logging_mixin.py:190} INFO - [2025-07-15T16:38:07.691+0000] {dag.py:3239} INFO - Sync 3 DAGs
[2025-07-15T16:38:07.702+0000] {logging_mixin.py:190} INFO - [2025-07-15T16:38:07.702+0000] {dag.py:4180} INFO - Setting next_dagrun for dataset_with_extra_by_context to 2025-07-14 00:00:00+00:00, run_after=2025-07-15 00:00:00+00:00
[2025-07-15T16:38:07.704+0000] {logging_mixin.py:190} INFO - [2025-07-15T16:38:07.704+0000] {dag.py:4180} INFO - Setting next_dagrun for dataset_with_extra_by_yield to 2025-07-14 00:00:00+00:00, run_after=2025-07-15 00:00:00+00:00
[2025-07-15T16:38:07.705+0000] {logging_mixin.py:190} INFO - [2025-07-15T16:38:07.705+0000] {dag.py:4180} INFO - Setting next_dagrun for dataset_with_extra_from_classic_operator to 2025-07-14 00:00:00+00:00, run_after=2025-07-15 00:00:00+00:00
[2025-07-15T16:38:07.714+0000] {processor.py:208} INFO - Processing /home/airflow/.local/lib/python3.12/site-packages/airflow/example_dags/example_outlet_event_extra.py took 0.123 seconds
[2025-07-15T16:38:38.123+0000] {processor.py:186} INFO - Started process (PID=7520) to work on /home/airflow/.local/lib/python3.12/site-packages/airflow/example_dags/example_outlet_event_extra.py
[2025-07-15T16:38:38.126+0000] {processor.py:914} INFO - Processing file /home/airflow/.local/lib/python3.12/site-packages/airflow/example_dags/example_outlet_event_extra.py for tasks to queue
[2025-07-15T16:38:38.134+0000] {logging_mixin.py:190} INFO - [2025-07-15T16:38:38.133+0000] {dagbag.py:588} INFO - Filling up the DagBag from /home/airflow/.local/lib/python3.12/site-packages/airflow/example_dags/example_outlet_event_extra.py
[2025-07-15T16:38:38.309+0000] {processor.py:925} INFO - DAG(s) 'dataset_with_extra_by_yield', 'dataset_with_extra_from_classic_operator', 'dataset_with_extra_by_context' retrieved from /home/airflow/.local/lib/python3.12/site-packages/airflow/example_dags/example_outlet_event_extra.py
[2025-07-15T16:38:38.340+0000] {logging_mixin.py:190} INFO - [2025-07-15T16:38:38.340+0000] {dag.py:3239} INFO - Sync 3 DAGs
[2025-07-15T16:38:38.368+0000] {logging_mixin.py:190} INFO - [2025-07-15T16:38:38.367+0000] {dag.py:4180} INFO - Setting next_dagrun for dataset_with_extra_by_context to 2025-07-14 00:00:00+00:00, run_after=2025-07-15 00:00:00+00:00
[2025-07-15T16:38:38.371+0000] {logging_mixin.py:190} INFO - [2025-07-15T16:38:38.370+0000] {dag.py:4180} INFO - Setting next_dagrun for dataset_with_extra_by_yield to 2025-07-14 00:00:00+00:00, run_after=2025-07-15 00:00:00+00:00
[2025-07-15T16:38:38.375+0000] {logging_mixin.py:190} INFO - [2025-07-15T16:38:38.374+0000] {dag.py:4180} INFO - Setting next_dagrun for dataset_with_extra_from_classic_operator to 2025-07-14 00:00:00+00:00, run_after=2025-07-15 00:00:00+00:00
[2025-07-15T16:38:38.398+0000] {processor.py:208} INFO - Processing /home/airflow/.local/lib/python3.12/site-packages/airflow/example_dags/example_outlet_event_extra.py took 0.284 seconds
[2025-07-15T16:39:09.010+0000] {processor.py:186} INFO - Started process (PID=7582) to work on /home/airflow/.local/lib/python3.12/site-packages/airflow/example_dags/example_outlet_event_extra.py
[2025-07-15T16:39:09.011+0000] {processor.py:914} INFO - Processing file /home/airflow/.local/lib/python3.12/site-packages/airflow/example_dags/example_outlet_event_extra.py for tasks to queue
[2025-07-15T16:39:09.013+0000] {logging_mixin.py:190} INFO - [2025-07-15T16:39:09.013+0000] {dagbag.py:588} INFO - Filling up the DagBag from /home/airflow/.local/lib/python3.12/site-packages/airflow/example_dags/example_outlet_event_extra.py
[2025-07-15T16:39:09.137+0000] {processor.py:925} INFO - DAG(s) 'dataset_with_extra_by_context', 'dataset_with_extra_from_classic_operator', 'dataset_with_extra_by_yield' retrieved from /home/airflow/.local/lib/python3.12/site-packages/airflow/example_dags/example_outlet_event_extra.py
[2025-07-15T16:39:09.159+0000] {logging_mixin.py:190} INFO - [2025-07-15T16:39:09.159+0000] {dag.py:3239} INFO - Sync 3 DAGs
[2025-07-15T16:39:09.180+0000] {logging_mixin.py:190} INFO - [2025-07-15T16:39:09.180+0000] {dag.py:4180} INFO - Setting next_dagrun for dataset_with_extra_by_context to 2025-07-14 00:00:00+00:00, run_after=2025-07-15 00:00:00+00:00
[2025-07-15T16:39:09.183+0000] {logging_mixin.py:190} INFO - [2025-07-15T16:39:09.183+0000] {dag.py:4180} INFO - Setting next_dagrun for dataset_with_extra_by_yield to 2025-07-14 00:00:00+00:00, run_after=2025-07-15 00:00:00+00:00
[2025-07-15T16:39:09.184+0000] {logging_mixin.py:190} INFO - [2025-07-15T16:39:09.184+0000] {dag.py:4180} INFO - Setting next_dagrun for dataset_with_extra_from_classic_operator to 2025-07-14 00:00:00+00:00, run_after=2025-07-15 00:00:00+00:00
[2025-07-15T16:39:09.196+0000] {processor.py:208} INFO - Processing /home/airflow/.local/lib/python3.12/site-packages/airflow/example_dags/example_outlet_event_extra.py took 0.195 seconds
[2025-07-15T16:39:40.199+0000] {processor.py:186} INFO - Started process (PID=7645) to work on /home/airflow/.local/lib/python3.12/site-packages/airflow/example_dags/example_outlet_event_extra.py
[2025-07-15T16:39:40.202+0000] {processor.py:914} INFO - Processing file /home/airflow/.local/lib/python3.12/site-packages/airflow/example_dags/example_outlet_event_extra.py for tasks to queue
[2025-07-15T16:39:40.206+0000] {logging_mixin.py:190} INFO - [2025-07-15T16:39:40.206+0000] {dagbag.py:588} INFO - Filling up the DagBag from /home/airflow/.local/lib/python3.12/site-packages/airflow/example_dags/example_outlet_event_extra.py
[2025-07-15T16:39:40.347+0000] {processor.py:925} INFO - DAG(s) 'dataset_with_extra_from_classic_operator', 'dataset_with_extra_by_yield', 'dataset_with_extra_by_context' retrieved from /home/airflow/.local/lib/python3.12/site-packages/airflow/example_dags/example_outlet_event_extra.py
[2025-07-15T16:39:40.374+0000] {logging_mixin.py:190} INFO - [2025-07-15T16:39:40.374+0000] {dag.py:3239} INFO - Sync 3 DAGs
[2025-07-15T16:39:40.398+0000] {logging_mixin.py:190} INFO - [2025-07-15T16:39:40.397+0000] {dag.py:4180} INFO - Setting next_dagrun for dataset_with_extra_by_context to 2025-07-14 00:00:00+00:00, run_after=2025-07-15 00:00:00+00:00
[2025-07-15T16:39:40.400+0000] {logging_mixin.py:190} INFO - [2025-07-15T16:39:40.400+0000] {dag.py:4180} INFO - Setting next_dagrun for dataset_with_extra_by_yield to 2025-07-14 00:00:00+00:00, run_after=2025-07-15 00:00:00+00:00
[2025-07-15T16:39:40.401+0000] {logging_mixin.py:190} INFO - [2025-07-15T16:39:40.401+0000] {dag.py:4180} INFO - Setting next_dagrun for dataset_with_extra_from_classic_operator to 2025-07-14 00:00:00+00:00, run_after=2025-07-15 00:00:00+00:00
[2025-07-15T16:39:40.417+0000] {processor.py:208} INFO - Processing /home/airflow/.local/lib/python3.12/site-packages/airflow/example_dags/example_outlet_event_extra.py took 0.223 seconds
[2025-07-15T16:40:11.284+0000] {processor.py:186} INFO - Started process (PID=7707) to work on /home/airflow/.local/lib/python3.12/site-packages/airflow/example_dags/example_outlet_event_extra.py
[2025-07-15T16:40:11.285+0000] {processor.py:914} INFO - Processing file /home/airflow/.local/lib/python3.12/site-packages/airflow/example_dags/example_outlet_event_extra.py for tasks to queue
[2025-07-15T16:40:11.288+0000] {logging_mixin.py:190} INFO - [2025-07-15T16:40:11.287+0000] {dagbag.py:588} INFO - Filling up the DagBag from /home/airflow/.local/lib/python3.12/site-packages/airflow/example_dags/example_outlet_event_extra.py
[2025-07-15T16:40:11.441+0000] {processor.py:925} INFO - DAG(s) 'dataset_with_extra_by_context', 'dataset_with_extra_from_classic_operator', 'dataset_with_extra_by_yield' retrieved from /home/airflow/.local/lib/python3.12/site-packages/airflow/example_dags/example_outlet_event_extra.py
[2025-07-15T16:40:11.476+0000] {logging_mixin.py:190} INFO - [2025-07-15T16:40:11.476+0000] {dag.py:3239} INFO - Sync 3 DAGs
[2025-07-15T16:40:11.506+0000] {logging_mixin.py:190} INFO - [2025-07-15T16:40:11.505+0000] {dag.py:4180} INFO - Setting next_dagrun for dataset_with_extra_by_context to 2025-07-14 00:00:00+00:00, run_after=2025-07-15 00:00:00+00:00
[2025-07-15T16:40:11.513+0000] {logging_mixin.py:190} INFO - [2025-07-15T16:40:11.513+0000] {dag.py:4180} INFO - Setting next_dagrun for dataset_with_extra_by_yield to 2025-07-14 00:00:00+00:00, run_after=2025-07-15 00:00:00+00:00
[2025-07-15T16:40:11.515+0000] {logging_mixin.py:190} INFO - [2025-07-15T16:40:11.515+0000] {dag.py:4180} INFO - Setting next_dagrun for dataset_with_extra_from_classic_operator to 2025-07-14 00:00:00+00:00, run_after=2025-07-15 00:00:00+00:00
[2025-07-15T16:40:11.530+0000] {processor.py:208} INFO - Processing /home/airflow/.local/lib/python3.12/site-packages/airflow/example_dags/example_outlet_event_extra.py took 0.258 seconds
[2025-07-15T16:40:43.005+0000] {processor.py:186} INFO - Started process (PID=7770) to work on /home/airflow/.local/lib/python3.12/site-packages/airflow/example_dags/example_outlet_event_extra.py
[2025-07-15T16:40:43.010+0000] {processor.py:914} INFO - Processing file /home/airflow/.local/lib/python3.12/site-packages/airflow/example_dags/example_outlet_event_extra.py for tasks to queue
[2025-07-15T16:40:43.021+0000] {logging_mixin.py:190} INFO - [2025-07-15T16:40:43.020+0000] {dagbag.py:588} INFO - Filling up the DagBag from /home/airflow/.local/lib/python3.12/site-packages/airflow/example_dags/example_outlet_event_extra.py
[2025-07-15T16:40:43.605+0000] {processor.py:925} INFO - DAG(s) 'dataset_with_extra_from_classic_operator', 'dataset_with_extra_by_context', 'dataset_with_extra_by_yield' retrieved from /home/airflow/.local/lib/python3.12/site-packages/airflow/example_dags/example_outlet_event_extra.py
[2025-07-15T16:40:43.685+0000] {logging_mixin.py:190} INFO - [2025-07-15T16:40:43.685+0000] {dag.py:3239} INFO - Sync 3 DAGs
[2025-07-15T16:40:43.724+0000] {logging_mixin.py:190} INFO - [2025-07-15T16:40:43.724+0000] {dag.py:4180} INFO - Setting next_dagrun for dataset_with_extra_by_context to 2025-07-14 00:00:00+00:00, run_after=2025-07-15 00:00:00+00:00
[2025-07-15T16:40:43.729+0000] {logging_mixin.py:190} INFO - [2025-07-15T16:40:43.729+0000] {dag.py:4180} INFO - Setting next_dagrun for dataset_with_extra_by_yield to 2025-07-14 00:00:00+00:00, run_after=2025-07-15 00:00:00+00:00
[2025-07-15T16:40:43.731+0000] {logging_mixin.py:190} INFO - [2025-07-15T16:40:43.731+0000] {dag.py:4180} INFO - Setting next_dagrun for dataset_with_extra_from_classic_operator to 2025-07-14 00:00:00+00:00, run_after=2025-07-15 00:00:00+00:00
[2025-07-15T16:40:43.772+0000] {processor.py:208} INFO - Processing /home/airflow/.local/lib/python3.12/site-packages/airflow/example_dags/example_outlet_event_extra.py took 0.782 seconds
[2025-07-15T16:41:14.490+0000] {processor.py:186} INFO - Started process (PID=7832) to work on /home/airflow/.local/lib/python3.12/site-packages/airflow/example_dags/example_outlet_event_extra.py
[2025-07-15T16:41:14.491+0000] {processor.py:914} INFO - Processing file /home/airflow/.local/lib/python3.12/site-packages/airflow/example_dags/example_outlet_event_extra.py for tasks to queue
[2025-07-15T16:41:14.493+0000] {logging_mixin.py:190} INFO - [2025-07-15T16:41:14.493+0000] {dagbag.py:588} INFO - Filling up the DagBag from /home/airflow/.local/lib/python3.12/site-packages/airflow/example_dags/example_outlet_event_extra.py
[2025-07-15T16:41:14.652+0000] {processor.py:925} INFO - DAG(s) 'dataset_with_extra_from_classic_operator', 'dataset_with_extra_by_context', 'dataset_with_extra_by_yield' retrieved from /home/airflow/.local/lib/python3.12/site-packages/airflow/example_dags/example_outlet_event_extra.py
[2025-07-15T16:41:14.699+0000] {logging_mixin.py:190} INFO - [2025-07-15T16:41:14.699+0000] {dag.py:3239} INFO - Sync 3 DAGs
[2025-07-15T16:41:14.747+0000] {logging_mixin.py:190} INFO - [2025-07-15T16:41:14.747+0000] {dag.py:4180} INFO - Setting next_dagrun for dataset_with_extra_by_context to 2025-07-14 00:00:00+00:00, run_after=2025-07-15 00:00:00+00:00
[2025-07-15T16:41:14.752+0000] {logging_mixin.py:190} INFO - [2025-07-15T16:41:14.752+0000] {dag.py:4180} INFO - Setting next_dagrun for dataset_with_extra_by_yield to 2025-07-14 00:00:00+00:00, run_after=2025-07-15 00:00:00+00:00
[2025-07-15T16:41:14.755+0000] {logging_mixin.py:190} INFO - [2025-07-15T16:41:14.755+0000] {dag.py:4180} INFO - Setting next_dagrun for dataset_with_extra_from_classic_operator to 2025-07-14 00:00:00+00:00, run_after=2025-07-15 00:00:00+00:00
[2025-07-15T16:41:14.777+0000] {processor.py:208} INFO - Processing /home/airflow/.local/lib/python3.12/site-packages/airflow/example_dags/example_outlet_event_extra.py took 0.292 seconds
[2025-07-15T16:41:45.404+0000] {processor.py:186} INFO - Started process (PID=7894) to work on /home/airflow/.local/lib/python3.12/site-packages/airflow/example_dags/example_outlet_event_extra.py
[2025-07-15T16:41:45.406+0000] {processor.py:914} INFO - Processing file /home/airflow/.local/lib/python3.12/site-packages/airflow/example_dags/example_outlet_event_extra.py for tasks to queue
[2025-07-15T16:41:45.415+0000] {logging_mixin.py:190} INFO - [2025-07-15T16:41:45.414+0000] {dagbag.py:588} INFO - Filling up the DagBag from /home/airflow/.local/lib/python3.12/site-packages/airflow/example_dags/example_outlet_event_extra.py
[2025-07-15T16:41:45.625+0000] {processor.py:925} INFO - DAG(s) 'dataset_with_extra_from_classic_operator', 'dataset_with_extra_by_yield', 'dataset_with_extra_by_context' retrieved from /home/airflow/.local/lib/python3.12/site-packages/airflow/example_dags/example_outlet_event_extra.py
[2025-07-15T16:41:45.673+0000] {logging_mixin.py:190} INFO - [2025-07-15T16:41:45.673+0000] {dag.py:3239} INFO - Sync 3 DAGs
[2025-07-15T16:41:45.708+0000] {logging_mixin.py:190} INFO - [2025-07-15T16:41:45.708+0000] {dag.py:4180} INFO - Setting next_dagrun for dataset_with_extra_by_context to 2025-07-14 00:00:00+00:00, run_after=2025-07-15 00:00:00+00:00
[2025-07-15T16:41:45.713+0000] {logging_mixin.py:190} INFO - [2025-07-15T16:41:45.713+0000] {dag.py:4180} INFO - Setting next_dagrun for dataset_with_extra_by_yield to 2025-07-14 00:00:00+00:00, run_after=2025-07-15 00:00:00+00:00
[2025-07-15T16:41:45.716+0000] {logging_mixin.py:190} INFO - [2025-07-15T16:41:45.716+0000] {dag.py:4180} INFO - Setting next_dagrun for dataset_with_extra_from_classic_operator to 2025-07-14 00:00:00+00:00, run_after=2025-07-15 00:00:00+00:00
[2025-07-15T16:41:45.737+0000] {processor.py:208} INFO - Processing /home/airflow/.local/lib/python3.12/site-packages/airflow/example_dags/example_outlet_event_extra.py took 0.354 seconds
[2025-07-15T16:42:16.369+0000] {processor.py:186} INFO - Started process (PID=7958) to work on /home/airflow/.local/lib/python3.12/site-packages/airflow/example_dags/example_outlet_event_extra.py
[2025-07-15T16:42:16.370+0000] {processor.py:914} INFO - Processing file /home/airflow/.local/lib/python3.12/site-packages/airflow/example_dags/example_outlet_event_extra.py for tasks to queue
[2025-07-15T16:42:16.372+0000] {logging_mixin.py:190} INFO - [2025-07-15T16:42:16.371+0000] {dagbag.py:588} INFO - Filling up the DagBag from /home/airflow/.local/lib/python3.12/site-packages/airflow/example_dags/example_outlet_event_extra.py
[2025-07-15T16:42:16.501+0000] {processor.py:925} INFO - DAG(s) 'dataset_with_extra_by_context', 'dataset_with_extra_by_yield', 'dataset_with_extra_from_classic_operator' retrieved from /home/airflow/.local/lib/python3.12/site-packages/airflow/example_dags/example_outlet_event_extra.py
[2025-07-15T16:42:16.531+0000] {logging_mixin.py:190} INFO - [2025-07-15T16:42:16.531+0000] {dag.py:3239} INFO - Sync 3 DAGs
[2025-07-15T16:42:16.551+0000] {logging_mixin.py:190} INFO - [2025-07-15T16:42:16.550+0000] {dag.py:4180} INFO - Setting next_dagrun for dataset_with_extra_by_context to 2025-07-14 00:00:00+00:00, run_after=2025-07-15 00:00:00+00:00
[2025-07-15T16:42:16.553+0000] {logging_mixin.py:190} INFO - [2025-07-15T16:42:16.553+0000] {dag.py:4180} INFO - Setting next_dagrun for dataset_with_extra_by_yield to 2025-07-14 00:00:00+00:00, run_after=2025-07-15 00:00:00+00:00
[2025-07-15T16:42:16.554+0000] {logging_mixin.py:190} INFO - [2025-07-15T16:42:16.554+0000] {dag.py:4180} INFO - Setting next_dagrun for dataset_with_extra_from_classic_operator to 2025-07-14 00:00:00+00:00, run_after=2025-07-15 00:00:00+00:00
[2025-07-15T16:42:16.573+0000] {processor.py:208} INFO - Processing /home/airflow/.local/lib/python3.12/site-packages/airflow/example_dags/example_outlet_event_extra.py took 0.206 seconds
[2025-07-15T16:42:47.614+0000] {processor.py:186} INFO - Started process (PID=8023) to work on /home/airflow/.local/lib/python3.12/site-packages/airflow/example_dags/example_outlet_event_extra.py
[2025-07-15T16:42:47.617+0000] {processor.py:914} INFO - Processing file /home/airflow/.local/lib/python3.12/site-packages/airflow/example_dags/example_outlet_event_extra.py for tasks to queue
[2025-07-15T16:42:47.620+0000] {logging_mixin.py:190} INFO - [2025-07-15T16:42:47.620+0000] {dagbag.py:588} INFO - Filling up the DagBag from /home/airflow/.local/lib/python3.12/site-packages/airflow/example_dags/example_outlet_event_extra.py
[2025-07-15T16:42:47.727+0000] {processor.py:925} INFO - DAG(s) 'dataset_with_extra_from_classic_operator', 'dataset_with_extra_by_yield', 'dataset_with_extra_by_context' retrieved from /home/airflow/.local/lib/python3.12/site-packages/airflow/example_dags/example_outlet_event_extra.py
[2025-07-15T16:42:47.750+0000] {logging_mixin.py:190} INFO - [2025-07-15T16:42:47.750+0000] {dag.py:3239} INFO - Sync 3 DAGs
[2025-07-15T16:42:47.763+0000] {logging_mixin.py:190} INFO - [2025-07-15T16:42:47.763+0000] {dag.py:4180} INFO - Setting next_dagrun for dataset_with_extra_by_context to 2025-07-14 00:00:00+00:00, run_after=2025-07-15 00:00:00+00:00
[2025-07-15T16:42:47.765+0000] {logging_mixin.py:190} INFO - [2025-07-15T16:42:47.765+0000] {dag.py:4180} INFO - Setting next_dagrun for dataset_with_extra_by_yield to 2025-07-14 00:00:00+00:00, run_after=2025-07-15 00:00:00+00:00
[2025-07-15T16:42:47.766+0000] {logging_mixin.py:190} INFO - [2025-07-15T16:42:47.766+0000] {dag.py:4180} INFO - Setting next_dagrun for dataset_with_extra_from_classic_operator to 2025-07-14 00:00:00+00:00, run_after=2025-07-15 00:00:00+00:00
[2025-07-15T16:42:47.776+0000] {processor.py:208} INFO - Processing /home/airflow/.local/lib/python3.12/site-packages/airflow/example_dags/example_outlet_event_extra.py took 0.166 seconds
[2025-07-15T16:43:18.426+0000] {processor.py:186} INFO - Started process (PID=8085) to work on /home/airflow/.local/lib/python3.12/site-packages/airflow/example_dags/example_outlet_event_extra.py
[2025-07-15T16:43:18.429+0000] {processor.py:914} INFO - Processing file /home/airflow/.local/lib/python3.12/site-packages/airflow/example_dags/example_outlet_event_extra.py for tasks to queue
[2025-07-15T16:43:18.435+0000] {logging_mixin.py:190} INFO - [2025-07-15T16:43:18.435+0000] {dagbag.py:588} INFO - Filling up the DagBag from /home/airflow/.local/lib/python3.12/site-packages/airflow/example_dags/example_outlet_event_extra.py
[2025-07-15T16:43:18.561+0000] {processor.py:925} INFO - DAG(s) 'dataset_with_extra_by_context', 'dataset_with_extra_from_classic_operator', 'dataset_with_extra_by_yield' retrieved from /home/airflow/.local/lib/python3.12/site-packages/airflow/example_dags/example_outlet_event_extra.py
[2025-07-15T16:43:18.580+0000] {logging_mixin.py:190} INFO - [2025-07-15T16:43:18.580+0000] {dag.py:3239} INFO - Sync 3 DAGs
[2025-07-15T16:43:18.996+0000] {logging_mixin.py:190} INFO - [2025-07-15T16:43:18.996+0000] {dag.py:4180} INFO - Setting next_dagrun for dataset_with_extra_by_context to 2025-07-14 00:00:00+00:00, run_after=2025-07-15 00:00:00+00:00
[2025-07-15T16:43:19.000+0000] {logging_mixin.py:190} INFO - [2025-07-15T16:43:19.000+0000] {dag.py:4180} INFO - Setting next_dagrun for dataset_with_extra_by_yield to 2025-07-14 00:00:00+00:00, run_after=2025-07-15 00:00:00+00:00
[2025-07-15T16:43:19.002+0000] {logging_mixin.py:190} INFO - [2025-07-15T16:43:19.001+0000] {dag.py:4180} INFO - Setting next_dagrun for dataset_with_extra_from_classic_operator to 2025-07-14 00:00:00+00:00, run_after=2025-07-15 00:00:00+00:00
[2025-07-15T16:43:19.016+0000] {processor.py:208} INFO - Processing /home/airflow/.local/lib/python3.12/site-packages/airflow/example_dags/example_outlet_event_extra.py took 0.594 seconds
[2025-07-15T16:43:49.738+0000] {processor.py:186} INFO - Started process (PID=8149) to work on /home/airflow/.local/lib/python3.12/site-packages/airflow/example_dags/example_outlet_event_extra.py
[2025-07-15T16:43:49.739+0000] {processor.py:914} INFO - Processing file /home/airflow/.local/lib/python3.12/site-packages/airflow/example_dags/example_outlet_event_extra.py for tasks to queue
[2025-07-15T16:43:49.742+0000] {logging_mixin.py:190} INFO - [2025-07-15T16:43:49.741+0000] {dagbag.py:588} INFO - Filling up the DagBag from /home/airflow/.local/lib/python3.12/site-packages/airflow/example_dags/example_outlet_event_extra.py
[2025-07-15T16:43:49.881+0000] {processor.py:925} INFO - DAG(s) 'dataset_with_extra_by_context', 'dataset_with_extra_by_yield', 'dataset_with_extra_from_classic_operator' retrieved from /home/airflow/.local/lib/python3.12/site-packages/airflow/example_dags/example_outlet_event_extra.py
[2025-07-15T16:43:49.904+0000] {logging_mixin.py:190} INFO - [2025-07-15T16:43:49.903+0000] {dag.py:3239} INFO - Sync 3 DAGs
[2025-07-15T16:43:49.928+0000] {logging_mixin.py:190} INFO - [2025-07-15T16:43:49.928+0000] {dag.py:4180} INFO - Setting next_dagrun for dataset_with_extra_by_context to 2025-07-14 00:00:00+00:00, run_after=2025-07-15 00:00:00+00:00
[2025-07-15T16:43:49.932+0000] {logging_mixin.py:190} INFO - [2025-07-15T16:43:49.932+0000] {dag.py:4180} INFO - Setting next_dagrun for dataset_with_extra_by_yield to 2025-07-14 00:00:00+00:00, run_after=2025-07-15 00:00:00+00:00
[2025-07-15T16:43:49.933+0000] {logging_mixin.py:190} INFO - [2025-07-15T16:43:49.933+0000] {dag.py:4180} INFO - Setting next_dagrun for dataset_with_extra_from_classic_operator to 2025-07-14 00:00:00+00:00, run_after=2025-07-15 00:00:00+00:00
[2025-07-15T16:43:50.226+0000] {processor.py:208} INFO - Processing /home/airflow/.local/lib/python3.12/site-packages/airflow/example_dags/example_outlet_event_extra.py took 0.496 seconds
[2025-07-15T16:44:20.460+0000] {processor.py:186} INFO - Started process (PID=8211) to work on /home/airflow/.local/lib/python3.12/site-packages/airflow/example_dags/example_outlet_event_extra.py
[2025-07-15T16:44:20.463+0000] {processor.py:914} INFO - Processing file /home/airflow/.local/lib/python3.12/site-packages/airflow/example_dags/example_outlet_event_extra.py for tasks to queue
[2025-07-15T16:44:20.468+0000] {logging_mixin.py:190} INFO - [2025-07-15T16:44:20.467+0000] {dagbag.py:588} INFO - Filling up the DagBag from /home/airflow/.local/lib/python3.12/site-packages/airflow/example_dags/example_outlet_event_extra.py
[2025-07-15T16:44:20.666+0000] {processor.py:925} INFO - DAG(s) 'dataset_with_extra_by_yield', 'dataset_with_extra_from_classic_operator', 'dataset_with_extra_by_context' retrieved from /home/airflow/.local/lib/python3.12/site-packages/airflow/example_dags/example_outlet_event_extra.py
[2025-07-15T16:44:20.697+0000] {logging_mixin.py:190} INFO - [2025-07-15T16:44:20.696+0000] {dag.py:3239} INFO - Sync 3 DAGs
[2025-07-15T16:44:20.720+0000] {logging_mixin.py:190} INFO - [2025-07-15T16:44:20.720+0000] {dag.py:4180} INFO - Setting next_dagrun for dataset_with_extra_by_context to 2025-07-14 00:00:00+00:00, run_after=2025-07-15 00:00:00+00:00
[2025-07-15T16:44:20.724+0000] {logging_mixin.py:190} INFO - [2025-07-15T16:44:20.724+0000] {dag.py:4180} INFO - Setting next_dagrun for dataset_with_extra_by_yield to 2025-07-14 00:00:00+00:00, run_after=2025-07-15 00:00:00+00:00
[2025-07-15T16:44:20.727+0000] {logging_mixin.py:190} INFO - [2025-07-15T16:44:20.727+0000] {dag.py:4180} INFO - Setting next_dagrun for dataset_with_extra_from_classic_operator to 2025-07-14 00:00:00+00:00, run_after=2025-07-15 00:00:00+00:00
[2025-07-15T16:44:21.209+0000] {processor.py:208} INFO - Processing /home/airflow/.local/lib/python3.12/site-packages/airflow/example_dags/example_outlet_event_extra.py took 0.761 seconds
[2025-07-15T16:44:51.944+0000] {processor.py:186} INFO - Started process (PID=8273) to work on /home/airflow/.local/lib/python3.12/site-packages/airflow/example_dags/example_outlet_event_extra.py
[2025-07-15T16:44:51.948+0000] {processor.py:914} INFO - Processing file /home/airflow/.local/lib/python3.12/site-packages/airflow/example_dags/example_outlet_event_extra.py for tasks to queue
[2025-07-15T16:44:51.955+0000] {logging_mixin.py:190} INFO - [2025-07-15T16:44:51.954+0000] {dagbag.py:588} INFO - Filling up the DagBag from /home/airflow/.local/lib/python3.12/site-packages/airflow/example_dags/example_outlet_event_extra.py
[2025-07-15T16:44:52.076+0000] {processor.py:925} INFO - DAG(s) 'dataset_with_extra_by_yield', 'dataset_with_extra_from_classic_operator', 'dataset_with_extra_by_context' retrieved from /home/airflow/.local/lib/python3.12/site-packages/airflow/example_dags/example_outlet_event_extra.py
[2025-07-15T16:44:52.096+0000] {logging_mixin.py:190} INFO - [2025-07-15T16:44:52.096+0000] {dag.py:3239} INFO - Sync 3 DAGs
[2025-07-15T16:44:52.115+0000] {logging_mixin.py:190} INFO - [2025-07-15T16:44:52.115+0000] {dag.py:4180} INFO - Setting next_dagrun for dataset_with_extra_by_context to 2025-07-14 00:00:00+00:00, run_after=2025-07-15 00:00:00+00:00
[2025-07-15T16:44:52.118+0000] {logging_mixin.py:190} INFO - [2025-07-15T16:44:52.118+0000] {dag.py:4180} INFO - Setting next_dagrun for dataset_with_extra_by_yield to 2025-07-14 00:00:00+00:00, run_after=2025-07-15 00:00:00+00:00
[2025-07-15T16:44:52.119+0000] {logging_mixin.py:190} INFO - [2025-07-15T16:44:52.119+0000] {dag.py:4180} INFO - Setting next_dagrun for dataset_with_extra_from_classic_operator to 2025-07-14 00:00:00+00:00, run_after=2025-07-15 00:00:00+00:00
[2025-07-15T16:44:52.138+0000] {processor.py:208} INFO - Processing /home/airflow/.local/lib/python3.12/site-packages/airflow/example_dags/example_outlet_event_extra.py took 0.206 seconds
[2025-07-15T16:45:22.260+0000] {processor.py:186} INFO - Started process (PID=8335) to work on /home/airflow/.local/lib/python3.12/site-packages/airflow/example_dags/example_outlet_event_extra.py
[2025-07-15T16:45:22.262+0000] {processor.py:914} INFO - Processing file /home/airflow/.local/lib/python3.12/site-packages/airflow/example_dags/example_outlet_event_extra.py for tasks to queue
[2025-07-15T16:45:22.264+0000] {logging_mixin.py:190} INFO - [2025-07-15T16:45:22.264+0000] {dagbag.py:588} INFO - Filling up the DagBag from /home/airflow/.local/lib/python3.12/site-packages/airflow/example_dags/example_outlet_event_extra.py
[2025-07-15T16:45:22.668+0000] {processor.py:925} INFO - DAG(s) 'dataset_with_extra_by_yield', 'dataset_with_extra_by_context', 'dataset_with_extra_from_classic_operator' retrieved from /home/airflow/.local/lib/python3.12/site-packages/airflow/example_dags/example_outlet_event_extra.py
[2025-07-15T16:45:22.685+0000] {logging_mixin.py:190} INFO - [2025-07-15T16:45:22.684+0000] {dag.py:3239} INFO - Sync 3 DAGs
[2025-07-15T16:45:22.697+0000] {logging_mixin.py:190} INFO - [2025-07-15T16:45:22.696+0000] {dag.py:4180} INFO - Setting next_dagrun for dataset_with_extra_by_context to 2025-07-14 00:00:00+00:00, run_after=2025-07-15 00:00:00+00:00
[2025-07-15T16:45:22.699+0000] {logging_mixin.py:190} INFO - [2025-07-15T16:45:22.699+0000] {dag.py:4180} INFO - Setting next_dagrun for dataset_with_extra_by_yield to 2025-07-14 00:00:00+00:00, run_after=2025-07-15 00:00:00+00:00
[2025-07-15T16:45:22.700+0000] {logging_mixin.py:190} INFO - [2025-07-15T16:45:22.700+0000] {dag.py:4180} INFO - Setting next_dagrun for dataset_with_extra_from_classic_operator to 2025-07-14 00:00:00+00:00, run_after=2025-07-15 00:00:00+00:00
[2025-07-15T16:45:22.713+0000] {processor.py:208} INFO - Processing /home/airflow/.local/lib/python3.12/site-packages/airflow/example_dags/example_outlet_event_extra.py took 0.469 seconds
[2025-07-15T16:45:53.636+0000] {processor.py:186} INFO - Started process (PID=8397) to work on /home/airflow/.local/lib/python3.12/site-packages/airflow/example_dags/example_outlet_event_extra.py
[2025-07-15T16:45:53.638+0000] {processor.py:914} INFO - Processing file /home/airflow/.local/lib/python3.12/site-packages/airflow/example_dags/example_outlet_event_extra.py for tasks to queue
[2025-07-15T16:45:53.641+0000] {logging_mixin.py:190} INFO - [2025-07-15T16:45:53.641+0000] {dagbag.py:588} INFO - Filling up the DagBag from /home/airflow/.local/lib/python3.12/site-packages/airflow/example_dags/example_outlet_event_extra.py
[2025-07-15T16:45:54.001+0000] {processor.py:925} INFO - DAG(s) 'dataset_with_extra_by_context', 'dataset_with_extra_from_classic_operator', 'dataset_with_extra_by_yield' retrieved from /home/airflow/.local/lib/python3.12/site-packages/airflow/example_dags/example_outlet_event_extra.py
[2025-07-15T16:45:54.019+0000] {logging_mixin.py:190} INFO - [2025-07-15T16:45:54.019+0000] {dag.py:3239} INFO - Sync 3 DAGs
[2025-07-15T16:45:54.031+0000] {logging_mixin.py:190} INFO - [2025-07-15T16:45:54.030+0000] {dag.py:4180} INFO - Setting next_dagrun for dataset_with_extra_by_context to 2025-07-14 00:00:00+00:00, run_after=2025-07-15 00:00:00+00:00
[2025-07-15T16:45:54.034+0000] {logging_mixin.py:190} INFO - [2025-07-15T16:45:54.034+0000] {dag.py:4180} INFO - Setting next_dagrun for dataset_with_extra_by_yield to 2025-07-14 00:00:00+00:00, run_after=2025-07-15 00:00:00+00:00
[2025-07-15T16:45:54.035+0000] {logging_mixin.py:190} INFO - [2025-07-15T16:45:54.035+0000] {dag.py:4180} INFO - Setting next_dagrun for dataset_with_extra_from_classic_operator to 2025-07-14 00:00:00+00:00, run_after=2025-07-15 00:00:00+00:00
[2025-07-15T16:45:54.048+0000] {processor.py:208} INFO - Processing /home/airflow/.local/lib/python3.12/site-packages/airflow/example_dags/example_outlet_event_extra.py took 0.420 seconds
[2025-07-15T16:46:24.887+0000] {processor.py:186} INFO - Started process (PID=8459) to work on /home/airflow/.local/lib/python3.12/site-packages/airflow/example_dags/example_outlet_event_extra.py
[2025-07-15T16:46:24.889+0000] {processor.py:914} INFO - Processing file /home/airflow/.local/lib/python3.12/site-packages/airflow/example_dags/example_outlet_event_extra.py for tasks to queue
[2025-07-15T16:46:24.894+0000] {logging_mixin.py:190} INFO - [2025-07-15T16:46:24.893+0000] {dagbag.py:588} INFO - Filling up the DagBag from /home/airflow/.local/lib/python3.12/site-packages/airflow/example_dags/example_outlet_event_extra.py
[2025-07-15T16:46:25.051+0000] {processor.py:925} INFO - DAG(s) 'dataset_with_extra_by_context', 'dataset_with_extra_from_classic_operator', 'dataset_with_extra_by_yield' retrieved from /home/airflow/.local/lib/python3.12/site-packages/airflow/example_dags/example_outlet_event_extra.py
[2025-07-15T16:46:25.390+0000] {logging_mixin.py:190} INFO - [2025-07-15T16:46:25.390+0000] {dag.py:3239} INFO - Sync 3 DAGs
[2025-07-15T16:46:25.403+0000] {logging_mixin.py:190} INFO - [2025-07-15T16:46:25.402+0000] {dag.py:4180} INFO - Setting next_dagrun for dataset_with_extra_by_context to 2025-07-14 00:00:00+00:00, run_after=2025-07-15 00:00:00+00:00
[2025-07-15T16:46:25.408+0000] {logging_mixin.py:190} INFO - [2025-07-15T16:46:25.408+0000] {dag.py:4180} INFO - Setting next_dagrun for dataset_with_extra_by_yield to 2025-07-14 00:00:00+00:00, run_after=2025-07-15 00:00:00+00:00
[2025-07-15T16:46:25.409+0000] {logging_mixin.py:190} INFO - [2025-07-15T16:46:25.409+0000] {dag.py:4180} INFO - Setting next_dagrun for dataset_with_extra_from_classic_operator to 2025-07-14 00:00:00+00:00, run_after=2025-07-15 00:00:00+00:00
[2025-07-15T16:46:25.421+0000] {processor.py:208} INFO - Processing /home/airflow/.local/lib/python3.12/site-packages/airflow/example_dags/example_outlet_event_extra.py took 0.549 seconds
[2025-07-15T16:46:56.490+0000] {processor.py:186} INFO - Started process (PID=8521) to work on /home/airflow/.local/lib/python3.12/site-packages/airflow/example_dags/example_outlet_event_extra.py
[2025-07-15T16:46:56.492+0000] {processor.py:914} INFO - Processing file /home/airflow/.local/lib/python3.12/site-packages/airflow/example_dags/example_outlet_event_extra.py for tasks to queue
[2025-07-15T16:46:56.503+0000] {logging_mixin.py:190} INFO - [2025-07-15T16:46:56.503+0000] {dagbag.py:588} INFO - Filling up the DagBag from /home/airflow/.local/lib/python3.12/site-packages/airflow/example_dags/example_outlet_event_extra.py
[2025-07-15T16:46:56.659+0000] {processor.py:925} INFO - DAG(s) 'dataset_with_extra_from_classic_operator', 'dataset_with_extra_by_context', 'dataset_with_extra_by_yield' retrieved from /home/airflow/.local/lib/python3.12/site-packages/airflow/example_dags/example_outlet_event_extra.py
[2025-07-15T16:46:56.942+0000] {logging_mixin.py:190} INFO - [2025-07-15T16:46:56.942+0000] {dag.py:3239} INFO - Sync 3 DAGs
[2025-07-15T16:46:56.956+0000] {logging_mixin.py:190} INFO - [2025-07-15T16:46:56.956+0000] {dag.py:4180} INFO - Setting next_dagrun for dataset_with_extra_by_context to 2025-07-14 00:00:00+00:00, run_after=2025-07-15 00:00:00+00:00
[2025-07-15T16:46:56.959+0000] {logging_mixin.py:190} INFO - [2025-07-15T16:46:56.959+0000] {dag.py:4180} INFO - Setting next_dagrun for dataset_with_extra_by_yield to 2025-07-14 00:00:00+00:00, run_after=2025-07-15 00:00:00+00:00
[2025-07-15T16:46:56.961+0000] {logging_mixin.py:190} INFO - [2025-07-15T16:46:56.961+0000] {dag.py:4180} INFO - Setting next_dagrun for dataset_with_extra_from_classic_operator to 2025-07-14 00:00:00+00:00, run_after=2025-07-15 00:00:00+00:00
[2025-07-15T16:46:56.975+0000] {processor.py:208} INFO - Processing /home/airflow/.local/lib/python3.12/site-packages/airflow/example_dags/example_outlet_event_extra.py took 0.505 seconds
[2025-07-15T16:47:27.891+0000] {processor.py:186} INFO - Started process (PID=8583) to work on /home/airflow/.local/lib/python3.12/site-packages/airflow/example_dags/example_outlet_event_extra.py
[2025-07-15T16:47:27.898+0000] {processor.py:914} INFO - Processing file /home/airflow/.local/lib/python3.12/site-packages/airflow/example_dags/example_outlet_event_extra.py for tasks to queue
[2025-07-15T16:47:27.904+0000] {logging_mixin.py:190} INFO - [2025-07-15T16:47:27.904+0000] {dagbag.py:588} INFO - Filling up the DagBag from /home/airflow/.local/lib/python3.12/site-packages/airflow/example_dags/example_outlet_event_extra.py
[2025-07-15T16:47:28.142+0000] {processor.py:925} INFO - DAG(s) 'dataset_with_extra_from_classic_operator', 'dataset_with_extra_by_context', 'dataset_with_extra_by_yield' retrieved from /home/airflow/.local/lib/python3.12/site-packages/airflow/example_dags/example_outlet_event_extra.py
[2025-07-15T16:47:28.606+0000] {logging_mixin.py:190} INFO - [2025-07-15T16:47:28.605+0000] {dag.py:3239} INFO - Sync 3 DAGs
[2025-07-15T16:47:28.624+0000] {logging_mixin.py:190} INFO - [2025-07-15T16:47:28.624+0000] {dag.py:4180} INFO - Setting next_dagrun for dataset_with_extra_by_context to 2025-07-14 00:00:00+00:00, run_after=2025-07-15 00:00:00+00:00
[2025-07-15T16:47:28.627+0000] {logging_mixin.py:190} INFO - [2025-07-15T16:47:28.627+0000] {dag.py:4180} INFO - Setting next_dagrun for dataset_with_extra_by_yield to 2025-07-14 00:00:00+00:00, run_after=2025-07-15 00:00:00+00:00
[2025-07-15T16:47:28.629+0000] {logging_mixin.py:190} INFO - [2025-07-15T16:47:28.629+0000] {dag.py:4180} INFO - Setting next_dagrun for dataset_with_extra_from_classic_operator to 2025-07-14 00:00:00+00:00, run_after=2025-07-15 00:00:00+00:00
[2025-07-15T16:47:28.645+0000] {processor.py:208} INFO - Processing /home/airflow/.local/lib/python3.12/site-packages/airflow/example_dags/example_outlet_event_extra.py took 0.783 seconds
[2025-07-15T16:47:59.087+0000] {processor.py:186} INFO - Started process (PID=8645) to work on /home/airflow/.local/lib/python3.12/site-packages/airflow/example_dags/example_outlet_event_extra.py
[2025-07-15T16:47:59.094+0000] {processor.py:914} INFO - Processing file /home/airflow/.local/lib/python3.12/site-packages/airflow/example_dags/example_outlet_event_extra.py for tasks to queue
[2025-07-15T16:47:59.102+0000] {logging_mixin.py:190} INFO - [2025-07-15T16:47:59.102+0000] {dagbag.py:588} INFO - Filling up the DagBag from /home/airflow/.local/lib/python3.12/site-packages/airflow/example_dags/example_outlet_event_extra.py
[2025-07-15T16:47:59.304+0000] {processor.py:925} INFO - DAG(s) 'dataset_with_extra_by_context', 'dataset_with_extra_by_yield', 'dataset_with_extra_from_classic_operator' retrieved from /home/airflow/.local/lib/python3.12/site-packages/airflow/example_dags/example_outlet_event_extra.py
[2025-07-15T16:47:59.697+0000] {logging_mixin.py:190} INFO - [2025-07-15T16:47:59.696+0000] {dag.py:3239} INFO - Sync 3 DAGs
[2025-07-15T16:47:59.716+0000] {logging_mixin.py:190} INFO - [2025-07-15T16:47:59.715+0000] {dag.py:4180} INFO - Setting next_dagrun for dataset_with_extra_by_context to 2025-07-14 00:00:00+00:00, run_after=2025-07-15 00:00:00+00:00
[2025-07-15T16:47:59.721+0000] {logging_mixin.py:190} INFO - [2025-07-15T16:47:59.721+0000] {dag.py:4180} INFO - Setting next_dagrun for dataset_with_extra_by_yield to 2025-07-14 00:00:00+00:00, run_after=2025-07-15 00:00:00+00:00
[2025-07-15T16:47:59.722+0000] {logging_mixin.py:190} INFO - [2025-07-15T16:47:59.722+0000] {dag.py:4180} INFO - Setting next_dagrun for dataset_with_extra_from_classic_operator to 2025-07-14 00:00:00+00:00, run_after=2025-07-15 00:00:00+00:00
[2025-07-15T16:47:59.737+0000] {processor.py:208} INFO - Processing /home/airflow/.local/lib/python3.12/site-packages/airflow/example_dags/example_outlet_event_extra.py took 0.687 seconds
[2025-07-15T16:48:30.039+0000] {processor.py:186} INFO - Started process (PID=8707) to work on /home/airflow/.local/lib/python3.12/site-packages/airflow/example_dags/example_outlet_event_extra.py
[2025-07-15T16:48:30.045+0000] {processor.py:914} INFO - Processing file /home/airflow/.local/lib/python3.12/site-packages/airflow/example_dags/example_outlet_event_extra.py for tasks to queue
[2025-07-15T16:48:30.054+0000] {logging_mixin.py:190} INFO - [2025-07-15T16:48:30.053+0000] {dagbag.py:588} INFO - Filling up the DagBag from /home/airflow/.local/lib/python3.12/site-packages/airflow/example_dags/example_outlet_event_extra.py
[2025-07-15T16:48:30.691+0000] {processor.py:925} INFO - DAG(s) 'dataset_with_extra_by_yield', 'dataset_with_extra_by_context', 'dataset_with_extra_from_classic_operator' retrieved from /home/airflow/.local/lib/python3.12/site-packages/airflow/example_dags/example_outlet_event_extra.py
[2025-07-15T16:48:30.713+0000] {logging_mixin.py:190} INFO - [2025-07-15T16:48:30.713+0000] {dag.py:3239} INFO - Sync 3 DAGs
[2025-07-15T16:48:30.731+0000] {logging_mixin.py:190} INFO - [2025-07-15T16:48:30.731+0000] {dag.py:4180} INFO - Setting next_dagrun for dataset_with_extra_by_context to 2025-07-14 00:00:00+00:00, run_after=2025-07-15 00:00:00+00:00
[2025-07-15T16:48:30.733+0000] {logging_mixin.py:190} INFO - [2025-07-15T16:48:30.733+0000] {dag.py:4180} INFO - Setting next_dagrun for dataset_with_extra_by_yield to 2025-07-14 00:00:00+00:00, run_after=2025-07-15 00:00:00+00:00
[2025-07-15T16:48:30.734+0000] {logging_mixin.py:190} INFO - [2025-07-15T16:48:30.734+0000] {dag.py:4180} INFO - Setting next_dagrun for dataset_with_extra_from_classic_operator to 2025-07-14 00:00:00+00:00, run_after=2025-07-15 00:00:00+00:00
[2025-07-15T16:48:30.748+0000] {processor.py:208} INFO - Processing /home/airflow/.local/lib/python3.12/site-packages/airflow/example_dags/example_outlet_event_extra.py took 0.729 seconds
[2025-07-15T16:49:00.835+0000] {processor.py:186} INFO - Started process (PID=8769) to work on /home/airflow/.local/lib/python3.12/site-packages/airflow/example_dags/example_outlet_event_extra.py
[2025-07-15T16:49:00.838+0000] {processor.py:914} INFO - Processing file /home/airflow/.local/lib/python3.12/site-packages/airflow/example_dags/example_outlet_event_extra.py for tasks to queue
[2025-07-15T16:49:00.846+0000] {logging_mixin.py:190} INFO - [2025-07-15T16:49:00.845+0000] {dagbag.py:588} INFO - Filling up the DagBag from /home/airflow/.local/lib/python3.12/site-packages/airflow/example_dags/example_outlet_event_extra.py
[2025-07-15T16:49:01.363+0000] {processor.py:925} INFO - DAG(s) 'dataset_with_extra_from_classic_operator', 'dataset_with_extra_by_context', 'dataset_with_extra_by_yield' retrieved from /home/airflow/.local/lib/python3.12/site-packages/airflow/example_dags/example_outlet_event_extra.py
[2025-07-15T16:49:01.382+0000] {logging_mixin.py:190} INFO - [2025-07-15T16:49:01.382+0000] {dag.py:3239} INFO - Sync 3 DAGs
[2025-07-15T16:49:01.401+0000] {logging_mixin.py:190} INFO - [2025-07-15T16:49:01.401+0000] {dag.py:4180} INFO - Setting next_dagrun for dataset_with_extra_by_context to 2025-07-14 00:00:00+00:00, run_after=2025-07-15 00:00:00+00:00
[2025-07-15T16:49:01.403+0000] {logging_mixin.py:190} INFO - [2025-07-15T16:49:01.403+0000] {dag.py:4180} INFO - Setting next_dagrun for dataset_with_extra_by_yield to 2025-07-14 00:00:00+00:00, run_after=2025-07-15 00:00:00+00:00
[2025-07-15T16:49:01.405+0000] {logging_mixin.py:190} INFO - [2025-07-15T16:49:01.405+0000] {dag.py:4180} INFO - Setting next_dagrun for dataset_with_extra_from_classic_operator to 2025-07-14 00:00:00+00:00, run_after=2025-07-15 00:00:00+00:00
[2025-07-15T16:49:01.416+0000] {processor.py:208} INFO - Processing /home/airflow/.local/lib/python3.12/site-packages/airflow/example_dags/example_outlet_event_extra.py took 0.602 seconds
[2025-07-15T16:49:31.942+0000] {processor.py:186} INFO - Started process (PID=8837) to work on /home/airflow/.local/lib/python3.12/site-packages/airflow/example_dags/example_outlet_event_extra.py
[2025-07-15T16:49:31.947+0000] {processor.py:914} INFO - Processing file /home/airflow/.local/lib/python3.12/site-packages/airflow/example_dags/example_outlet_event_extra.py for tasks to queue
[2025-07-15T16:49:31.952+0000] {logging_mixin.py:190} INFO - [2025-07-15T16:49:31.952+0000] {dagbag.py:588} INFO - Filling up the DagBag from /home/airflow/.local/lib/python3.12/site-packages/airflow/example_dags/example_outlet_event_extra.py
[2025-07-15T16:49:32.400+0000] {processor.py:925} INFO - DAG(s) 'dataset_with_extra_by_yield', 'dataset_with_extra_from_classic_operator', 'dataset_with_extra_by_context' retrieved from /home/airflow/.local/lib/python3.12/site-packages/airflow/example_dags/example_outlet_event_extra.py
[2025-07-15T16:49:32.436+0000] {logging_mixin.py:190} INFO - [2025-07-15T16:49:32.436+0000] {dag.py:3239} INFO - Sync 3 DAGs
[2025-07-15T16:49:32.453+0000] {logging_mixin.py:190} INFO - [2025-07-15T16:49:32.453+0000] {dag.py:4180} INFO - Setting next_dagrun for dataset_with_extra_by_context to 2025-07-14 00:00:00+00:00, run_after=2025-07-15 00:00:00+00:00
[2025-07-15T16:49:32.457+0000] {logging_mixin.py:190} INFO - [2025-07-15T16:49:32.456+0000] {dag.py:4180} INFO - Setting next_dagrun for dataset_with_extra_by_yield to 2025-07-14 00:00:00+00:00, run_after=2025-07-15 00:00:00+00:00
[2025-07-15T16:49:32.459+0000] {logging_mixin.py:190} INFO - [2025-07-15T16:49:32.459+0000] {dag.py:4180} INFO - Setting next_dagrun for dataset_with_extra_from_classic_operator to 2025-07-14 00:00:00+00:00, run_after=2025-07-15 00:00:00+00:00
[2025-07-15T16:49:32.470+0000] {processor.py:208} INFO - Processing /home/airflow/.local/lib/python3.12/site-packages/airflow/example_dags/example_outlet_event_extra.py took 0.538 seconds
[2025-07-15T16:50:03.546+0000] {processor.py:186} INFO - Started process (PID=8899) to work on /home/airflow/.local/lib/python3.12/site-packages/airflow/example_dags/example_outlet_event_extra.py
[2025-07-15T16:50:03.548+0000] {processor.py:914} INFO - Processing file /home/airflow/.local/lib/python3.12/site-packages/airflow/example_dags/example_outlet_event_extra.py for tasks to queue
[2025-07-15T16:50:03.556+0000] {logging_mixin.py:190} INFO - [2025-07-15T16:50:03.555+0000] {dagbag.py:588} INFO - Filling up the DagBag from /home/airflow/.local/lib/python3.12/site-packages/airflow/example_dags/example_outlet_event_extra.py
[2025-07-15T16:50:04.011+0000] {processor.py:925} INFO - DAG(s) 'dataset_with_extra_by_yield', 'dataset_with_extra_by_context', 'dataset_with_extra_from_classic_operator' retrieved from /home/airflow/.local/lib/python3.12/site-packages/airflow/example_dags/example_outlet_event_extra.py
[2025-07-15T16:50:04.039+0000] {logging_mixin.py:190} INFO - [2025-07-15T16:50:04.037+0000] {dag.py:3239} INFO - Sync 3 DAGs
[2025-07-15T16:50:04.056+0000] {logging_mixin.py:190} INFO - [2025-07-15T16:50:04.055+0000] {dag.py:4180} INFO - Setting next_dagrun for dataset_with_extra_by_context to 2025-07-14 00:00:00+00:00, run_after=2025-07-15 00:00:00+00:00
[2025-07-15T16:50:04.059+0000] {logging_mixin.py:190} INFO - [2025-07-15T16:50:04.059+0000] {dag.py:4180} INFO - Setting next_dagrun for dataset_with_extra_by_yield to 2025-07-14 00:00:00+00:00, run_after=2025-07-15 00:00:00+00:00
[2025-07-15T16:50:04.061+0000] {logging_mixin.py:190} INFO - [2025-07-15T16:50:04.060+0000] {dag.py:4180} INFO - Setting next_dagrun for dataset_with_extra_from_classic_operator to 2025-07-14 00:00:00+00:00, run_after=2025-07-15 00:00:00+00:00
[2025-07-15T16:50:04.073+0000] {processor.py:208} INFO - Processing /home/airflow/.local/lib/python3.12/site-packages/airflow/example_dags/example_outlet_event_extra.py took 0.555 seconds
[2025-07-15T16:50:35.083+0000] {processor.py:186} INFO - Started process (PID=8961) to work on /home/airflow/.local/lib/python3.12/site-packages/airflow/example_dags/example_outlet_event_extra.py
[2025-07-15T16:50:35.089+0000] {processor.py:914} INFO - Processing file /home/airflow/.local/lib/python3.12/site-packages/airflow/example_dags/example_outlet_event_extra.py for tasks to queue
[2025-07-15T16:50:35.097+0000] {logging_mixin.py:190} INFO - [2025-07-15T16:50:35.096+0000] {dagbag.py:588} INFO - Filling up the DagBag from /home/airflow/.local/lib/python3.12/site-packages/airflow/example_dags/example_outlet_event_extra.py
[2025-07-15T16:50:35.607+0000] {processor.py:925} INFO - DAG(s) 'dataset_with_extra_from_classic_operator', 'dataset_with_extra_by_context', 'dataset_with_extra_by_yield' retrieved from /home/airflow/.local/lib/python3.12/site-packages/airflow/example_dags/example_outlet_event_extra.py
[2025-07-15T16:50:35.630+0000] {logging_mixin.py:190} INFO - [2025-07-15T16:50:35.630+0000] {dag.py:3239} INFO - Sync 3 DAGs
[2025-07-15T16:50:35.645+0000] {logging_mixin.py:190} INFO - [2025-07-15T16:50:35.645+0000] {dag.py:4180} INFO - Setting next_dagrun for dataset_with_extra_by_context to 2025-07-14 00:00:00+00:00, run_after=2025-07-15 00:00:00+00:00
[2025-07-15T16:50:35.647+0000] {logging_mixin.py:190} INFO - [2025-07-15T16:50:35.647+0000] {dag.py:4180} INFO - Setting next_dagrun for dataset_with_extra_by_yield to 2025-07-14 00:00:00+00:00, run_after=2025-07-15 00:00:00+00:00
[2025-07-15T16:50:35.649+0000] {logging_mixin.py:190} INFO - [2025-07-15T16:50:35.648+0000] {dag.py:4180} INFO - Setting next_dagrun for dataset_with_extra_from_classic_operator to 2025-07-14 00:00:00+00:00, run_after=2025-07-15 00:00:00+00:00
[2025-07-15T16:50:35.669+0000] {processor.py:208} INFO - Processing /home/airflow/.local/lib/python3.12/site-packages/airflow/example_dags/example_outlet_event_extra.py took 0.613 seconds
[2025-07-15T16:51:06.326+0000] {processor.py:186} INFO - Started process (PID=9023) to work on /home/airflow/.local/lib/python3.12/site-packages/airflow/example_dags/example_outlet_event_extra.py
[2025-07-15T16:51:06.332+0000] {processor.py:914} INFO - Processing file /home/airflow/.local/lib/python3.12/site-packages/airflow/example_dags/example_outlet_event_extra.py for tasks to queue
[2025-07-15T16:51:06.339+0000] {logging_mixin.py:190} INFO - [2025-07-15T16:51:06.338+0000] {dagbag.py:588} INFO - Filling up the DagBag from /home/airflow/.local/lib/python3.12/site-packages/airflow/example_dags/example_outlet_event_extra.py
[2025-07-15T16:51:06.846+0000] {processor.py:925} INFO - DAG(s) 'dataset_with_extra_by_context', 'dataset_with_extra_by_yield', 'dataset_with_extra_from_classic_operator' retrieved from /home/airflow/.local/lib/python3.12/site-packages/airflow/example_dags/example_outlet_event_extra.py
[2025-07-15T16:51:06.877+0000] {logging_mixin.py:190} INFO - [2025-07-15T16:51:06.877+0000] {dag.py:3239} INFO - Sync 3 DAGs
[2025-07-15T16:51:06.900+0000] {logging_mixin.py:190} INFO - [2025-07-15T16:51:06.900+0000] {dag.py:4180} INFO - Setting next_dagrun for dataset_with_extra_by_context to 2025-07-14 00:00:00+00:00, run_after=2025-07-15 00:00:00+00:00
[2025-07-15T16:51:06.903+0000] {logging_mixin.py:190} INFO - [2025-07-15T16:51:06.903+0000] {dag.py:4180} INFO - Setting next_dagrun for dataset_with_extra_by_yield to 2025-07-14 00:00:00+00:00, run_after=2025-07-15 00:00:00+00:00
[2025-07-15T16:51:06.904+0000] {logging_mixin.py:190} INFO - [2025-07-15T16:51:06.904+0000] {dag.py:4180} INFO - Setting next_dagrun for dataset_with_extra_from_classic_operator to 2025-07-14 00:00:00+00:00, run_after=2025-07-15 00:00:00+00:00
[2025-07-15T16:51:06.924+0000] {processor.py:208} INFO - Processing /home/airflow/.local/lib/python3.12/site-packages/airflow/example_dags/example_outlet_event_extra.py took 0.619 seconds
[2025-07-15T16:51:37.803+0000] {processor.py:186} INFO - Started process (PID=9085) to work on /home/airflow/.local/lib/python3.12/site-packages/airflow/example_dags/example_outlet_event_extra.py
[2025-07-15T16:51:37.805+0000] {processor.py:914} INFO - Processing file /home/airflow/.local/lib/python3.12/site-packages/airflow/example_dags/example_outlet_event_extra.py for tasks to queue
[2025-07-15T16:51:37.810+0000] {logging_mixin.py:190} INFO - [2025-07-15T16:51:37.810+0000] {dagbag.py:588} INFO - Filling up the DagBag from /home/airflow/.local/lib/python3.12/site-packages/airflow/example_dags/example_outlet_event_extra.py
[2025-07-15T16:51:38.364+0000] {processor.py:925} INFO - DAG(s) 'dataset_with_extra_by_yield', 'dataset_with_extra_from_classic_operator', 'dataset_with_extra_by_context' retrieved from /home/airflow/.local/lib/python3.12/site-packages/airflow/example_dags/example_outlet_event_extra.py
[2025-07-15T16:51:38.391+0000] {logging_mixin.py:190} INFO - [2025-07-15T16:51:38.391+0000] {dag.py:3239} INFO - Sync 3 DAGs
[2025-07-15T16:51:38.412+0000] {logging_mixin.py:190} INFO - [2025-07-15T16:51:38.411+0000] {dag.py:4180} INFO - Setting next_dagrun for dataset_with_extra_by_context to 2025-07-14 00:00:00+00:00, run_after=2025-07-15 00:00:00+00:00
[2025-07-15T16:51:38.417+0000] {logging_mixin.py:190} INFO - [2025-07-15T16:51:38.417+0000] {dag.py:4180} INFO - Setting next_dagrun for dataset_with_extra_by_yield to 2025-07-14 00:00:00+00:00, run_after=2025-07-15 00:00:00+00:00
[2025-07-15T16:51:38.418+0000] {logging_mixin.py:190} INFO - [2025-07-15T16:51:38.418+0000] {dag.py:4180} INFO - Setting next_dagrun for dataset_with_extra_from_classic_operator to 2025-07-14 00:00:00+00:00, run_after=2025-07-15 00:00:00+00:00
[2025-07-15T16:51:38.434+0000] {processor.py:208} INFO - Processing /home/airflow/.local/lib/python3.12/site-packages/airflow/example_dags/example_outlet_event_extra.py took 0.657 seconds
[2025-07-15T16:52:09.547+0000] {processor.py:186} INFO - Started process (PID=9147) to work on /home/airflow/.local/lib/python3.12/site-packages/airflow/example_dags/example_outlet_event_extra.py
[2025-07-15T16:52:09.550+0000] {processor.py:914} INFO - Processing file /home/airflow/.local/lib/python3.12/site-packages/airflow/example_dags/example_outlet_event_extra.py for tasks to queue
[2025-07-15T16:52:09.558+0000] {logging_mixin.py:190} INFO - [2025-07-15T16:52:09.557+0000] {dagbag.py:588} INFO - Filling up the DagBag from /home/airflow/.local/lib/python3.12/site-packages/airflow/example_dags/example_outlet_event_extra.py
[2025-07-15T16:52:10.222+0000] {processor.py:925} INFO - DAG(s) 'dataset_with_extra_by_context', 'dataset_with_extra_by_yield', 'dataset_with_extra_from_classic_operator' retrieved from /home/airflow/.local/lib/python3.12/site-packages/airflow/example_dags/example_outlet_event_extra.py
[2025-07-15T16:52:10.259+0000] {logging_mixin.py:190} INFO - [2025-07-15T16:52:10.259+0000] {dag.py:3239} INFO - Sync 3 DAGs
[2025-07-15T16:52:10.283+0000] {logging_mixin.py:190} INFO - [2025-07-15T16:52:10.283+0000] {dag.py:4180} INFO - Setting next_dagrun for dataset_with_extra_by_context to 2025-07-14 00:00:00+00:00, run_after=2025-07-15 00:00:00+00:00
[2025-07-15T16:52:10.287+0000] {logging_mixin.py:190} INFO - [2025-07-15T16:52:10.287+0000] {dag.py:4180} INFO - Setting next_dagrun for dataset_with_extra_by_yield to 2025-07-14 00:00:00+00:00, run_after=2025-07-15 00:00:00+00:00
[2025-07-15T16:52:10.288+0000] {logging_mixin.py:190} INFO - [2025-07-15T16:52:10.288+0000] {dag.py:4180} INFO - Setting next_dagrun for dataset_with_extra_from_classic_operator to 2025-07-14 00:00:00+00:00, run_after=2025-07-15 00:00:00+00:00
[2025-07-15T16:52:10.303+0000] {processor.py:208} INFO - Processing /home/airflow/.local/lib/python3.12/site-packages/airflow/example_dags/example_outlet_event_extra.py took 0.781 seconds
[2025-07-15T16:52:40.595+0000] {processor.py:186} INFO - Started process (PID=9209) to work on /home/airflow/.local/lib/python3.12/site-packages/airflow/example_dags/example_outlet_event_extra.py
[2025-07-15T16:52:40.598+0000] {processor.py:914} INFO - Processing file /home/airflow/.local/lib/python3.12/site-packages/airflow/example_dags/example_outlet_event_extra.py for tasks to queue
[2025-07-15T16:52:40.607+0000] {logging_mixin.py:190} INFO - [2025-07-15T16:52:40.605+0000] {dagbag.py:588} INFO - Filling up the DagBag from /home/airflow/.local/lib/python3.12/site-packages/airflow/example_dags/example_outlet_event_extra.py
[2025-07-15T16:52:41.223+0000] {processor.py:925} INFO - DAG(s) 'dataset_with_extra_from_classic_operator', 'dataset_with_extra_by_context', 'dataset_with_extra_by_yield' retrieved from /home/airflow/.local/lib/python3.12/site-packages/airflow/example_dags/example_outlet_event_extra.py
[2025-07-15T16:52:41.251+0000] {logging_mixin.py:190} INFO - [2025-07-15T16:52:41.251+0000] {dag.py:3239} INFO - Sync 3 DAGs
[2025-07-15T16:52:41.272+0000] {logging_mixin.py:190} INFO - [2025-07-15T16:52:41.272+0000] {dag.py:4180} INFO - Setting next_dagrun for dataset_with_extra_by_context to 2025-07-14 00:00:00+00:00, run_after=2025-07-15 00:00:00+00:00
[2025-07-15T16:52:41.277+0000] {logging_mixin.py:190} INFO - [2025-07-15T16:52:41.277+0000] {dag.py:4180} INFO - Setting next_dagrun for dataset_with_extra_by_yield to 2025-07-14 00:00:00+00:00, run_after=2025-07-15 00:00:00+00:00
[2025-07-15T16:52:41.278+0000] {logging_mixin.py:190} INFO - [2025-07-15T16:52:41.278+0000] {dag.py:4180} INFO - Setting next_dagrun for dataset_with_extra_from_classic_operator to 2025-07-14 00:00:00+00:00, run_after=2025-07-15 00:00:00+00:00
[2025-07-15T16:52:41.295+0000] {processor.py:208} INFO - Processing /home/airflow/.local/lib/python3.12/site-packages/airflow/example_dags/example_outlet_event_extra.py took 0.722 seconds
[2025-07-15T16:53:12.176+0000] {processor.py:186} INFO - Started process (PID=9271) to work on /home/airflow/.local/lib/python3.12/site-packages/airflow/example_dags/example_outlet_event_extra.py
[2025-07-15T16:53:12.179+0000] {processor.py:914} INFO - Processing file /home/airflow/.local/lib/python3.12/site-packages/airflow/example_dags/example_outlet_event_extra.py for tasks to queue
[2025-07-15T16:53:12.186+0000] {logging_mixin.py:190} INFO - [2025-07-15T16:53:12.183+0000] {dagbag.py:588} INFO - Filling up the DagBag from /home/airflow/.local/lib/python3.12/site-packages/airflow/example_dags/example_outlet_event_extra.py
[2025-07-15T16:53:12.693+0000] {processor.py:925} INFO - DAG(s) 'dataset_with_extra_from_classic_operator', 'dataset_with_extra_by_yield', 'dataset_with_extra_by_context' retrieved from /home/airflow/.local/lib/python3.12/site-packages/airflow/example_dags/example_outlet_event_extra.py
[2025-07-15T16:53:12.734+0000] {logging_mixin.py:190} INFO - [2025-07-15T16:53:12.734+0000] {dag.py:3239} INFO - Sync 3 DAGs
[2025-07-15T16:53:12.758+0000] {logging_mixin.py:190} INFO - [2025-07-15T16:53:12.758+0000] {dag.py:4180} INFO - Setting next_dagrun for dataset_with_extra_by_context to 2025-07-14 00:00:00+00:00, run_after=2025-07-15 00:00:00+00:00
[2025-07-15T16:53:12.761+0000] {logging_mixin.py:190} INFO - [2025-07-15T16:53:12.761+0000] {dag.py:4180} INFO - Setting next_dagrun for dataset_with_extra_by_yield to 2025-07-14 00:00:00+00:00, run_after=2025-07-15 00:00:00+00:00
[2025-07-15T16:53:12.763+0000] {logging_mixin.py:190} INFO - [2025-07-15T16:53:12.763+0000] {dag.py:4180} INFO - Setting next_dagrun for dataset_with_extra_from_classic_operator to 2025-07-14 00:00:00+00:00, run_after=2025-07-15 00:00:00+00:00
[2025-07-15T16:53:12.779+0000] {processor.py:208} INFO - Processing /home/airflow/.local/lib/python3.12/site-packages/airflow/example_dags/example_outlet_event_extra.py took 0.625 seconds
[2025-07-15T16:53:43.897+0000] {processor.py:186} INFO - Started process (PID=9333) to work on /home/airflow/.local/lib/python3.12/site-packages/airflow/example_dags/example_outlet_event_extra.py
[2025-07-15T16:53:43.901+0000] {processor.py:914} INFO - Processing file /home/airflow/.local/lib/python3.12/site-packages/airflow/example_dags/example_outlet_event_extra.py for tasks to queue
[2025-07-15T16:53:43.914+0000] {logging_mixin.py:190} INFO - [2025-07-15T16:53:43.912+0000] {dagbag.py:588} INFO - Filling up the DagBag from /home/airflow/.local/lib/python3.12/site-packages/airflow/example_dags/example_outlet_event_extra.py
[2025-07-15T16:53:44.617+0000] {processor.py:925} INFO - DAG(s) 'dataset_with_extra_from_classic_operator', 'dataset_with_extra_by_context', 'dataset_with_extra_by_yield' retrieved from /home/airflow/.local/lib/python3.12/site-packages/airflow/example_dags/example_outlet_event_extra.py
[2025-07-15T16:53:44.663+0000] {logging_mixin.py:190} INFO - [2025-07-15T16:53:44.662+0000] {dag.py:3239} INFO - Sync 3 DAGs
[2025-07-15T16:53:44.705+0000] {logging_mixin.py:190} INFO - [2025-07-15T16:53:44.705+0000] {dag.py:4180} INFO - Setting next_dagrun for dataset_with_extra_by_context to 2025-07-14 00:00:00+00:00, run_after=2025-07-15 00:00:00+00:00
[2025-07-15T16:53:44.714+0000] {logging_mixin.py:190} INFO - [2025-07-15T16:53:44.714+0000] {dag.py:4180} INFO - Setting next_dagrun for dataset_with_extra_by_yield to 2025-07-14 00:00:00+00:00, run_after=2025-07-15 00:00:00+00:00
[2025-07-15T16:53:44.716+0000] {logging_mixin.py:190} INFO - [2025-07-15T16:53:44.716+0000] {dag.py:4180} INFO - Setting next_dagrun for dataset_with_extra_from_classic_operator to 2025-07-14 00:00:00+00:00, run_after=2025-07-15 00:00:00+00:00
[2025-07-15T16:53:44.740+0000] {processor.py:208} INFO - Processing /home/airflow/.local/lib/python3.12/site-packages/airflow/example_dags/example_outlet_event_extra.py took 0.865 seconds
[2025-07-15T16:54:15.522+0000] {processor.py:186} INFO - Started process (PID=9395) to work on /home/airflow/.local/lib/python3.12/site-packages/airflow/example_dags/example_outlet_event_extra.py
[2025-07-15T16:54:15.543+0000] {processor.py:914} INFO - Processing file /home/airflow/.local/lib/python3.12/site-packages/airflow/example_dags/example_outlet_event_extra.py for tasks to queue
[2025-07-15T16:54:15.587+0000] {logging_mixin.py:190} INFO - [2025-07-15T16:54:15.585+0000] {dagbag.py:588} INFO - Filling up the DagBag from /home/airflow/.local/lib/python3.12/site-packages/airflow/example_dags/example_outlet_event_extra.py
[2025-07-15T16:54:23.813+0000] {processor.py:925} INFO - DAG(s) 'dataset_with_extra_by_yield', 'dataset_with_extra_from_classic_operator', 'dataset_with_extra_by_context' retrieved from /home/airflow/.local/lib/python3.12/site-packages/airflow/example_dags/example_outlet_event_extra.py
[2025-07-15T16:54:24.539+0000] {logging_mixin.py:190} INFO - [2025-07-15T16:54:24.526+0000] {dag.py:3239} INFO - Sync 3 DAGs
[2025-07-15T16:54:24.917+0000] {logging_mixin.py:190} INFO - [2025-07-15T16:54:24.913+0000] {dag.py:4180} INFO - Setting next_dagrun for dataset_with_extra_by_context to 2025-07-14 00:00:00+00:00, run_after=2025-07-15 00:00:00+00:00
[2025-07-15T16:54:25.042+0000] {logging_mixin.py:190} INFO - [2025-07-15T16:54:25.042+0000] {dag.py:4180} INFO - Setting next_dagrun for dataset_with_extra_by_yield to 2025-07-14 00:00:00+00:00, run_after=2025-07-15 00:00:00+00:00
[2025-07-15T16:54:25.054+0000] {logging_mixin.py:190} INFO - [2025-07-15T16:54:25.054+0000] {dag.py:4180} INFO - Setting next_dagrun for dataset_with_extra_from_classic_operator to 2025-07-14 00:00:00+00:00, run_after=2025-07-15 00:00:00+00:00
[2025-07-15T16:54:25.691+0000] {processor.py:208} INFO - Processing /home/airflow/.local/lib/python3.12/site-packages/airflow/example_dags/example_outlet_event_extra.py took 10.249 seconds
