[2025-03-25T00:06:43.807+0000] {processor.py:186} INFO - Started process (PID=730) to work on /home/airflow/.local/lib/python3.12/site-packages/airflow/example_dags/example_params_ui_tutorial.py
[2025-03-25T00:06:43.807+0000] {processor.py:914} INFO - Processing file /home/airflow/.local/lib/python3.12/site-packages/airflow/example_dags/example_params_ui_tutorial.py for tasks to queue
[2025-03-25T00:06:43.809+0000] {logging_mixin.py:190} INFO - [2025-03-25T00:06:43.808+0000] {dagbag.py:588} INFO - Filling up the DagBag from /home/airflow/.local/lib/python3.12/site-packages/airflow/example_dags/example_params_ui_tutorial.py
[2025-03-25T00:06:43.814+0000] {processor.py:925} INFO - DAG(s) 'example_params_ui_tutorial' retrieved from /home/airflow/.local/lib/python3.12/site-packages/airflow/example_dags/example_params_ui_tutorial.py
[2025-03-25T00:06:43.925+0000] {logging_mixin.py:190} INFO - [2025-03-25T00:06:43.924+0000] {dag.py:3239} INFO - Sync 1 DAGs
[2025-03-25T00:06:43.934+0000] {logging_mixin.py:190} INFO - [2025-03-25T00:06:43.934+0000] {dag.py:4180} INFO - Setting next_dagrun for example_params_ui_tutorial to None, run_after=None
[2025-03-25T00:06:43.949+0000] {processor.py:208} INFO - Processing /home/airflow/.local/lib/python3.12/site-packages/airflow/example_dags/example_params_ui_tutorial.py took 0.145 seconds
[2025-03-25T00:23:55.152+0000] {processor.py:186} INFO - Started process (PID=792) to work on /home/airflow/.local/lib/python3.12/site-packages/airflow/example_dags/example_params_ui_tutorial.py
[2025-03-25T00:23:55.154+0000] {processor.py:914} INFO - Processing file /home/airflow/.local/lib/python3.12/site-packages/airflow/example_dags/example_params_ui_tutorial.py for tasks to queue
[2025-03-25T00:23:55.157+0000] {logging_mixin.py:190} INFO - [2025-03-25T00:23:55.157+0000] {dagbag.py:588} INFO - Filling up the DagBag from /home/airflow/.local/lib/python3.12/site-packages/airflow/example_dags/example_params_ui_tutorial.py
[2025-03-25T00:23:55.165+0000] {processor.py:925} INFO - DAG(s) 'example_params_ui_tutorial' retrieved from /home/airflow/.local/lib/python3.12/site-packages/airflow/example_dags/example_params_ui_tutorial.py
[2025-03-25T00:23:55.190+0000] {logging_mixin.py:190} INFO - [2025-03-25T00:23:55.190+0000] {dag.py:3239} INFO - Sync 1 DAGs
[2025-03-25T00:23:55.198+0000] {logging_mixin.py:190} INFO - [2025-03-25T00:23:55.198+0000] {dag.py:4180} INFO - Setting next_dagrun for example_params_ui_tutorial to None, run_after=None
[2025-03-25T00:23:55.213+0000] {processor.py:208} INFO - Processing /home/airflow/.local/lib/python3.12/site-packages/airflow/example_dags/example_params_ui_tutorial.py took 0.067 seconds
[2025-03-25T00:40:35.170+0000] {processor.py:186} INFO - Started process (PID=854) to work on /home/airflow/.local/lib/python3.12/site-packages/airflow/example_dags/example_params_ui_tutorial.py
[2025-03-25T00:40:35.172+0000] {processor.py:914} INFO - Processing file /home/airflow/.local/lib/python3.12/site-packages/airflow/example_dags/example_params_ui_tutorial.py for tasks to queue
[2025-03-25T00:40:35.173+0000] {logging_mixin.py:190} INFO - [2025-03-25T00:40:35.173+0000] {dagbag.py:588} INFO - Filling up the DagBag from /home/airflow/.local/lib/python3.12/site-packages/airflow/example_dags/example_params_ui_tutorial.py
[2025-03-25T00:40:35.179+0000] {processor.py:925} INFO - DAG(s) 'example_params_ui_tutorial' retrieved from /home/airflow/.local/lib/python3.12/site-packages/airflow/example_dags/example_params_ui_tutorial.py
[2025-03-25T00:40:35.214+0000] {logging_mixin.py:190} INFO - [2025-03-25T00:40:35.214+0000] {dag.py:3239} INFO - Sync 1 DAGs
[2025-03-25T00:40:35.225+0000] {logging_mixin.py:190} INFO - [2025-03-25T00:40:35.225+0000] {dag.py:4180} INFO - Setting next_dagrun for example_params_ui_tutorial to None, run_after=None
[2025-03-25T00:40:35.236+0000] {processor.py:208} INFO - Processing /home/airflow/.local/lib/python3.12/site-packages/airflow/example_dags/example_params_ui_tutorial.py took 0.075 seconds
[2025-03-25T00:58:50.258+0000] {processor.py:186} INFO - Started process (PID=916) to work on /home/airflow/.local/lib/python3.12/site-packages/airflow/example_dags/example_params_ui_tutorial.py
[2025-03-25T00:58:50.260+0000] {processor.py:914} INFO - Processing file /home/airflow/.local/lib/python3.12/site-packages/airflow/example_dags/example_params_ui_tutorial.py for tasks to queue
[2025-03-25T00:58:50.261+0000] {logging_mixin.py:190} INFO - [2025-03-25T00:58:50.261+0000] {dagbag.py:588} INFO - Filling up the DagBag from /home/airflow/.local/lib/python3.12/site-packages/airflow/example_dags/example_params_ui_tutorial.py
[2025-03-25T00:58:50.269+0000] {processor.py:925} INFO - DAG(s) 'example_params_ui_tutorial' retrieved from /home/airflow/.local/lib/python3.12/site-packages/airflow/example_dags/example_params_ui_tutorial.py
[2025-03-25T00:58:50.298+0000] {logging_mixin.py:190} INFO - [2025-03-25T00:58:50.296+0000] {dag.py:3239} INFO - Sync 1 DAGs
[2025-03-25T00:58:50.306+0000] {logging_mixin.py:190} INFO - [2025-03-25T00:58:50.305+0000] {dag.py:4180} INFO - Setting next_dagrun for example_params_ui_tutorial to None, run_after=None
[2025-03-25T00:58:50.316+0000] {processor.py:208} INFO - Processing /home/airflow/.local/lib/python3.12/site-packages/airflow/example_dags/example_params_ui_tutorial.py took 0.070 seconds
[2025-03-25T01:32:05.326+0000] {processor.py:186} INFO - Started process (PID=978) to work on /home/airflow/.local/lib/python3.12/site-packages/airflow/example_dags/example_params_ui_tutorial.py
[2025-03-25T01:32:05.328+0000] {processor.py:914} INFO - Processing file /home/airflow/.local/lib/python3.12/site-packages/airflow/example_dags/example_params_ui_tutorial.py for tasks to queue
[2025-03-25T01:32:05.333+0000] {logging_mixin.py:190} INFO - [2025-03-25T01:32:05.332+0000] {dagbag.py:588} INFO - Filling up the DagBag from /home/airflow/.local/lib/python3.12/site-packages/airflow/example_dags/example_params_ui_tutorial.py
[2025-03-25T01:32:05.339+0000] {processor.py:925} INFO - DAG(s) 'example_params_ui_tutorial' retrieved from /home/airflow/.local/lib/python3.12/site-packages/airflow/example_dags/example_params_ui_tutorial.py
[2025-03-25T01:32:05.375+0000] {logging_mixin.py:190} INFO - [2025-03-25T01:32:05.375+0000] {dag.py:3239} INFO - Sync 1 DAGs
[2025-03-25T01:32:05.383+0000] {logging_mixin.py:190} INFO - [2025-03-25T01:32:05.383+0000] {dag.py:4180} INFO - Setting next_dagrun for example_params_ui_tutorial to None, run_after=None
[2025-03-25T01:32:05.393+0000] {processor.py:208} INFO - Processing /home/airflow/.local/lib/python3.12/site-packages/airflow/example_dags/example_params_ui_tutorial.py took 0.073 seconds
[2025-03-25T01:50:29.107+0000] {processor.py:186} INFO - Started process (PID=1040) to work on /home/airflow/.local/lib/python3.12/site-packages/airflow/example_dags/example_params_ui_tutorial.py
[2025-03-25T01:50:29.108+0000] {processor.py:914} INFO - Processing file /home/airflow/.local/lib/python3.12/site-packages/airflow/example_dags/example_params_ui_tutorial.py for tasks to queue
[2025-03-25T01:50:29.109+0000] {logging_mixin.py:190} INFO - [2025-03-25T01:50:29.109+0000] {dagbag.py:588} INFO - Filling up the DagBag from /home/airflow/.local/lib/python3.12/site-packages/airflow/example_dags/example_params_ui_tutorial.py
[2025-03-25T01:50:29.118+0000] {processor.py:925} INFO - DAG(s) 'example_params_ui_tutorial' retrieved from /home/airflow/.local/lib/python3.12/site-packages/airflow/example_dags/example_params_ui_tutorial.py
[2025-03-25T01:50:29.148+0000] {logging_mixin.py:190} INFO - [2025-03-25T01:50:29.148+0000] {dag.py:3239} INFO - Sync 1 DAGs
[2025-03-25T01:50:29.160+0000] {logging_mixin.py:190} INFO - [2025-03-25T01:50:29.160+0000] {dag.py:4180} INFO - Setting next_dagrun for example_params_ui_tutorial to None, run_after=None
[2025-03-25T01:50:29.171+0000] {processor.py:208} INFO - Processing /home/airflow/.local/lib/python3.12/site-packages/airflow/example_dags/example_params_ui_tutorial.py took 0.068 seconds
[2025-03-25T02:07:03.516+0000] {processor.py:186} INFO - Started process (PID=1102) to work on /home/airflow/.local/lib/python3.12/site-packages/airflow/example_dags/example_params_ui_tutorial.py
[2025-03-25T02:07:03.518+0000] {processor.py:914} INFO - Processing file /home/airflow/.local/lib/python3.12/site-packages/airflow/example_dags/example_params_ui_tutorial.py for tasks to queue
[2025-03-25T02:07:03.520+0000] {logging_mixin.py:190} INFO - [2025-03-25T02:07:03.520+0000] {dagbag.py:588} INFO - Filling up the DagBag from /home/airflow/.local/lib/python3.12/site-packages/airflow/example_dags/example_params_ui_tutorial.py
[2025-03-25T02:07:03.526+0000] {processor.py:925} INFO - DAG(s) 'example_params_ui_tutorial' retrieved from /home/airflow/.local/lib/python3.12/site-packages/airflow/example_dags/example_params_ui_tutorial.py
[2025-03-25T02:07:03.562+0000] {logging_mixin.py:190} INFO - [2025-03-25T02:07:03.562+0000] {dag.py:3239} INFO - Sync 1 DAGs
[2025-03-25T02:07:03.575+0000] {logging_mixin.py:190} INFO - [2025-03-25T02:07:03.575+0000] {dag.py:4180} INFO - Setting next_dagrun for example_params_ui_tutorial to None, run_after=None
[2025-03-25T02:07:03.584+0000] {processor.py:208} INFO - Processing /home/airflow/.local/lib/python3.12/site-packages/airflow/example_dags/example_params_ui_tutorial.py took 0.074 seconds
[2025-03-25T02:34:29.997+0000] {processor.py:186} INFO - Started process (PID=1164) to work on /home/airflow/.local/lib/python3.12/site-packages/airflow/example_dags/example_params_ui_tutorial.py
[2025-03-25T02:34:29.998+0000] {processor.py:914} INFO - Processing file /home/airflow/.local/lib/python3.12/site-packages/airflow/example_dags/example_params_ui_tutorial.py for tasks to queue
[2025-03-25T02:34:30.000+0000] {logging_mixin.py:190} INFO - [2025-03-25T02:34:30.000+0000] {dagbag.py:588} INFO - Filling up the DagBag from /home/airflow/.local/lib/python3.12/site-packages/airflow/example_dags/example_params_ui_tutorial.py
[2025-03-25T02:34:30.008+0000] {processor.py:925} INFO - DAG(s) 'example_params_ui_tutorial' retrieved from /home/airflow/.local/lib/python3.12/site-packages/airflow/example_dags/example_params_ui_tutorial.py
[2025-03-25T02:34:30.073+0000] {logging_mixin.py:190} INFO - [2025-03-25T02:34:30.073+0000] {dag.py:3239} INFO - Sync 1 DAGs
[2025-03-25T02:34:30.112+0000] {logging_mixin.py:190} INFO - [2025-03-25T02:34:30.111+0000] {dag.py:4180} INFO - Setting next_dagrun for example_params_ui_tutorial to None, run_after=None
[2025-03-25T02:34:30.136+0000] {processor.py:208} INFO - Processing /home/airflow/.local/lib/python3.12/site-packages/airflow/example_dags/example_params_ui_tutorial.py took 0.143 seconds
[2025-03-25T02:52:23.236+0000] {processor.py:186} INFO - Started process (PID=1226) to work on /home/airflow/.local/lib/python3.12/site-packages/airflow/example_dags/example_params_ui_tutorial.py
[2025-03-25T02:52:23.237+0000] {processor.py:914} INFO - Processing file /home/airflow/.local/lib/python3.12/site-packages/airflow/example_dags/example_params_ui_tutorial.py for tasks to queue
[2025-03-25T02:52:23.239+0000] {logging_mixin.py:190} INFO - [2025-03-25T02:52:23.239+0000] {dagbag.py:588} INFO - Filling up the DagBag from /home/airflow/.local/lib/python3.12/site-packages/airflow/example_dags/example_params_ui_tutorial.py
[2025-03-25T02:52:23.246+0000] {processor.py:925} INFO - DAG(s) 'example_params_ui_tutorial' retrieved from /home/airflow/.local/lib/python3.12/site-packages/airflow/example_dags/example_params_ui_tutorial.py
[2025-03-25T02:52:23.269+0000] {logging_mixin.py:190} INFO - [2025-03-25T02:52:23.269+0000] {dag.py:3239} INFO - Sync 1 DAGs
[2025-03-25T02:52:23.279+0000] {logging_mixin.py:190} INFO - [2025-03-25T02:52:23.279+0000] {dag.py:4180} INFO - Setting next_dagrun for example_params_ui_tutorial to None, run_after=None
[2025-03-25T02:52:23.289+0000] {processor.py:208} INFO - Processing /home/airflow/.local/lib/python3.12/site-packages/airflow/example_dags/example_params_ui_tutorial.py took 0.056 seconds
[2025-03-25T03:25:33.718+0000] {processor.py:186} INFO - Started process (PID=1288) to work on /home/airflow/.local/lib/python3.12/site-packages/airflow/example_dags/example_params_ui_tutorial.py
[2025-03-25T03:25:33.719+0000] {processor.py:914} INFO - Processing file /home/airflow/.local/lib/python3.12/site-packages/airflow/example_dags/example_params_ui_tutorial.py for tasks to queue
[2025-03-25T03:25:33.729+0000] {logging_mixin.py:190} INFO - [2025-03-25T03:25:33.729+0000] {dagbag.py:588} INFO - Filling up the DagBag from /home/airflow/.local/lib/python3.12/site-packages/airflow/example_dags/example_params_ui_tutorial.py
[2025-03-25T03:25:33.738+0000] {processor.py:925} INFO - DAG(s) 'example_params_ui_tutorial' retrieved from /home/airflow/.local/lib/python3.12/site-packages/airflow/example_dags/example_params_ui_tutorial.py
[2025-03-25T03:25:33.783+0000] {logging_mixin.py:190} INFO - [2025-03-25T03:25:33.783+0000] {dag.py:3239} INFO - Sync 1 DAGs
[2025-03-25T03:25:33.807+0000] {logging_mixin.py:190} INFO - [2025-03-25T03:25:33.807+0000] {dag.py:4180} INFO - Setting next_dagrun for example_params_ui_tutorial to None, run_after=None
[2025-03-25T03:25:33.843+0000] {processor.py:208} INFO - Processing /home/airflow/.local/lib/python3.12/site-packages/airflow/example_dags/example_params_ui_tutorial.py took 0.131 seconds
[2025-03-25T03:41:22.152+0000] {processor.py:186} INFO - Started process (PID=1350) to work on /home/airflow/.local/lib/python3.12/site-packages/airflow/example_dags/example_params_ui_tutorial.py
[2025-03-25T03:41:22.153+0000] {processor.py:914} INFO - Processing file /home/airflow/.local/lib/python3.12/site-packages/airflow/example_dags/example_params_ui_tutorial.py for tasks to queue
[2025-03-25T03:41:22.155+0000] {logging_mixin.py:190} INFO - [2025-03-25T03:41:22.155+0000] {dagbag.py:588} INFO - Filling up the DagBag from /home/airflow/.local/lib/python3.12/site-packages/airflow/example_dags/example_params_ui_tutorial.py
[2025-03-25T03:41:22.161+0000] {processor.py:925} INFO - DAG(s) 'example_params_ui_tutorial' retrieved from /home/airflow/.local/lib/python3.12/site-packages/airflow/example_dags/example_params_ui_tutorial.py
[2025-03-25T03:41:22.187+0000] {logging_mixin.py:190} INFO - [2025-03-25T03:41:22.187+0000] {dag.py:3239} INFO - Sync 1 DAGs
[2025-03-25T03:41:22.195+0000] {logging_mixin.py:190} INFO - [2025-03-25T03:41:22.194+0000] {dag.py:4180} INFO - Setting next_dagrun for example_params_ui_tutorial to None, run_after=None
[2025-03-25T03:41:22.204+0000] {processor.py:208} INFO - Processing /home/airflow/.local/lib/python3.12/site-packages/airflow/example_dags/example_params_ui_tutorial.py took 0.057 seconds
[2025-03-25T03:59:17.313+0000] {processor.py:186} INFO - Started process (PID=1413) to work on /home/airflow/.local/lib/python3.12/site-packages/airflow/example_dags/example_params_ui_tutorial.py
[2025-03-25T03:59:17.314+0000] {processor.py:914} INFO - Processing file /home/airflow/.local/lib/python3.12/site-packages/airflow/example_dags/example_params_ui_tutorial.py for tasks to queue
[2025-03-25T03:59:17.317+0000] {logging_mixin.py:190} INFO - [2025-03-25T03:59:17.316+0000] {dagbag.py:588} INFO - Filling up the DagBag from /home/airflow/.local/lib/python3.12/site-packages/airflow/example_dags/example_params_ui_tutorial.py
[2025-03-25T03:59:17.323+0000] {processor.py:925} INFO - DAG(s) 'example_params_ui_tutorial' retrieved from /home/airflow/.local/lib/python3.12/site-packages/airflow/example_dags/example_params_ui_tutorial.py
[2025-03-25T03:59:17.350+0000] {logging_mixin.py:190} INFO - [2025-03-25T03:59:17.349+0000] {dag.py:3239} INFO - Sync 1 DAGs
[2025-03-25T03:59:17.357+0000] {logging_mixin.py:190} INFO - [2025-03-25T03:59:17.357+0000] {dag.py:4180} INFO - Setting next_dagrun for example_params_ui_tutorial to None, run_after=None
[2025-03-25T03:59:17.368+0000] {processor.py:208} INFO - Processing /home/airflow/.local/lib/python3.12/site-packages/airflow/example_dags/example_params_ui_tutorial.py took 0.059 seconds
[2025-03-25T04:16:30.519+0000] {processor.py:186} INFO - Started process (PID=1475) to work on /home/airflow/.local/lib/python3.12/site-packages/airflow/example_dags/example_params_ui_tutorial.py
[2025-03-25T04:16:30.520+0000] {processor.py:914} INFO - Processing file /home/airflow/.local/lib/python3.12/site-packages/airflow/example_dags/example_params_ui_tutorial.py for tasks to queue
[2025-03-25T04:16:30.522+0000] {logging_mixin.py:190} INFO - [2025-03-25T04:16:30.521+0000] {dagbag.py:588} INFO - Filling up the DagBag from /home/airflow/.local/lib/python3.12/site-packages/airflow/example_dags/example_params_ui_tutorial.py
[2025-03-25T04:16:30.527+0000] {processor.py:925} INFO - DAG(s) 'example_params_ui_tutorial' retrieved from /home/airflow/.local/lib/python3.12/site-packages/airflow/example_dags/example_params_ui_tutorial.py
[2025-03-25T04:16:30.553+0000] {logging_mixin.py:190} INFO - [2025-03-25T04:16:30.553+0000] {dag.py:3239} INFO - Sync 1 DAGs
[2025-03-25T04:16:30.560+0000] {logging_mixin.py:190} INFO - [2025-03-25T04:16:30.560+0000] {dag.py:4180} INFO - Setting next_dagrun for example_params_ui_tutorial to None, run_after=None
[2025-03-25T04:16:30.573+0000] {processor.py:208} INFO - Processing /home/airflow/.local/lib/python3.12/site-packages/airflow/example_dags/example_params_ui_tutorial.py took 0.057 seconds
[2025-03-25T04:50:05.064+0000] {processor.py:186} INFO - Started process (PID=1537) to work on /home/airflow/.local/lib/python3.12/site-packages/airflow/example_dags/example_params_ui_tutorial.py
[2025-03-25T04:50:05.067+0000] {processor.py:914} INFO - Processing file /home/airflow/.local/lib/python3.12/site-packages/airflow/example_dags/example_params_ui_tutorial.py for tasks to queue
[2025-03-25T04:50:05.068+0000] {logging_mixin.py:190} INFO - [2025-03-25T04:50:05.068+0000] {dagbag.py:588} INFO - Filling up the DagBag from /home/airflow/.local/lib/python3.12/site-packages/airflow/example_dags/example_params_ui_tutorial.py
[2025-03-25T04:50:05.074+0000] {processor.py:925} INFO - DAG(s) 'example_params_ui_tutorial' retrieved from /home/airflow/.local/lib/python3.12/site-packages/airflow/example_dags/example_params_ui_tutorial.py
[2025-03-25T04:50:05.097+0000] {logging_mixin.py:190} INFO - [2025-03-25T04:50:05.097+0000] {dag.py:3239} INFO - Sync 1 DAGs
[2025-03-25T04:50:05.107+0000] {logging_mixin.py:190} INFO - [2025-03-25T04:50:05.107+0000] {dag.py:4180} INFO - Setting next_dagrun for example_params_ui_tutorial to None, run_after=None
[2025-03-25T04:50:05.118+0000] {processor.py:208} INFO - Processing /home/airflow/.local/lib/python3.12/site-packages/airflow/example_dags/example_params_ui_tutorial.py took 0.058 seconds
[2025-03-25T05:06:00.368+0000] {processor.py:186} INFO - Started process (PID=1599) to work on /home/airflow/.local/lib/python3.12/site-packages/airflow/example_dags/example_params_ui_tutorial.py
[2025-03-25T05:06:00.369+0000] {processor.py:914} INFO - Processing file /home/airflow/.local/lib/python3.12/site-packages/airflow/example_dags/example_params_ui_tutorial.py for tasks to queue
[2025-03-25T05:06:00.370+0000] {logging_mixin.py:190} INFO - [2025-03-25T05:06:00.370+0000] {dagbag.py:588} INFO - Filling up the DagBag from /home/airflow/.local/lib/python3.12/site-packages/airflow/example_dags/example_params_ui_tutorial.py
[2025-03-25T05:06:00.376+0000] {processor.py:925} INFO - DAG(s) 'example_params_ui_tutorial' retrieved from /home/airflow/.local/lib/python3.12/site-packages/airflow/example_dags/example_params_ui_tutorial.py
[2025-03-25T05:06:00.404+0000] {logging_mixin.py:190} INFO - [2025-03-25T05:06:00.404+0000] {dag.py:3239} INFO - Sync 1 DAGs
[2025-03-25T05:06:00.413+0000] {logging_mixin.py:190} INFO - [2025-03-25T05:06:00.412+0000] {dag.py:4180} INFO - Setting next_dagrun for example_params_ui_tutorial to None, run_after=None
[2025-03-25T05:06:00.427+0000] {processor.py:208} INFO - Processing /home/airflow/.local/lib/python3.12/site-packages/airflow/example_dags/example_params_ui_tutorial.py took 0.066 seconds
[2025-03-25T05:22:36.657+0000] {processor.py:186} INFO - Started process (PID=1661) to work on /home/airflow/.local/lib/python3.12/site-packages/airflow/example_dags/example_params_ui_tutorial.py
[2025-03-25T05:22:36.659+0000] {processor.py:914} INFO - Processing file /home/airflow/.local/lib/python3.12/site-packages/airflow/example_dags/example_params_ui_tutorial.py for tasks to queue
[2025-03-25T05:22:36.663+0000] {logging_mixin.py:190} INFO - [2025-03-25T05:22:36.663+0000] {dagbag.py:588} INFO - Filling up the DagBag from /home/airflow/.local/lib/python3.12/site-packages/airflow/example_dags/example_params_ui_tutorial.py
[2025-03-25T05:22:36.670+0000] {processor.py:925} INFO - DAG(s) 'example_params_ui_tutorial' retrieved from /home/airflow/.local/lib/python3.12/site-packages/airflow/example_dags/example_params_ui_tutorial.py
[2025-03-25T05:22:36.700+0000] {logging_mixin.py:190} INFO - [2025-03-25T05:22:36.700+0000] {dag.py:3239} INFO - Sync 1 DAGs
[2025-03-25T05:22:36.710+0000] {logging_mixin.py:190} INFO - [2025-03-25T05:22:36.710+0000] {dag.py:4180} INFO - Setting next_dagrun for example_params_ui_tutorial to None, run_after=None
[2025-03-25T05:22:36.722+0000] {processor.py:208} INFO - Processing /home/airflow/.local/lib/python3.12/site-packages/airflow/example_dags/example_params_ui_tutorial.py took 0.072 seconds
[2025-03-25T05:39:20.958+0000] {processor.py:186} INFO - Started process (PID=1723) to work on /home/airflow/.local/lib/python3.12/site-packages/airflow/example_dags/example_params_ui_tutorial.py
[2025-03-25T05:39:20.959+0000] {processor.py:914} INFO - Processing file /home/airflow/.local/lib/python3.12/site-packages/airflow/example_dags/example_params_ui_tutorial.py for tasks to queue
[2025-03-25T05:39:20.961+0000] {logging_mixin.py:190} INFO - [2025-03-25T05:39:20.960+0000] {dagbag.py:588} INFO - Filling up the DagBag from /home/airflow/.local/lib/python3.12/site-packages/airflow/example_dags/example_params_ui_tutorial.py
[2025-03-25T05:39:20.965+0000] {processor.py:925} INFO - DAG(s) 'example_params_ui_tutorial' retrieved from /home/airflow/.local/lib/python3.12/site-packages/airflow/example_dags/example_params_ui_tutorial.py
[2025-03-25T05:39:20.988+0000] {logging_mixin.py:190} INFO - [2025-03-25T05:39:20.988+0000] {dag.py:3239} INFO - Sync 1 DAGs
[2025-03-25T05:39:20.996+0000] {logging_mixin.py:190} INFO - [2025-03-25T05:39:20.996+0000] {dag.py:4180} INFO - Setting next_dagrun for example_params_ui_tutorial to None, run_after=None
[2025-03-25T05:39:21.012+0000] {processor.py:208} INFO - Processing /home/airflow/.local/lib/python3.12/site-packages/airflow/example_dags/example_params_ui_tutorial.py took 0.057 seconds
[2025-03-25T06:11:22.366+0000] {processor.py:186} INFO - Started process (PID=1785) to work on /home/airflow/.local/lib/python3.12/site-packages/airflow/example_dags/example_params_ui_tutorial.py
[2025-03-25T06:11:22.367+0000] {processor.py:914} INFO - Processing file /home/airflow/.local/lib/python3.12/site-packages/airflow/example_dags/example_params_ui_tutorial.py for tasks to queue
[2025-03-25T06:11:22.369+0000] {logging_mixin.py:190} INFO - [2025-03-25T06:11:22.368+0000] {dagbag.py:588} INFO - Filling up the DagBag from /home/airflow/.local/lib/python3.12/site-packages/airflow/example_dags/example_params_ui_tutorial.py
[2025-03-25T06:11:22.374+0000] {processor.py:925} INFO - DAG(s) 'example_params_ui_tutorial' retrieved from /home/airflow/.local/lib/python3.12/site-packages/airflow/example_dags/example_params_ui_tutorial.py
[2025-03-25T06:11:22.400+0000] {logging_mixin.py:190} INFO - [2025-03-25T06:11:22.400+0000] {dag.py:3239} INFO - Sync 1 DAGs
[2025-03-25T06:11:22.408+0000] {logging_mixin.py:190} INFO - [2025-03-25T06:11:22.408+0000] {dag.py:4180} INFO - Setting next_dagrun for example_params_ui_tutorial to None, run_after=None
[2025-03-25T06:11:22.423+0000] {processor.py:208} INFO - Processing /home/airflow/.local/lib/python3.12/site-packages/airflow/example_dags/example_params_ui_tutorial.py took 0.063 seconds
[2025-03-25T06:25:11.281+0000] {processor.py:186} INFO - Started process (PID=1847) to work on /home/airflow/.local/lib/python3.12/site-packages/airflow/example_dags/example_params_ui_tutorial.py
[2025-03-25T06:25:11.282+0000] {processor.py:914} INFO - Processing file /home/airflow/.local/lib/python3.12/site-packages/airflow/example_dags/example_params_ui_tutorial.py for tasks to queue
[2025-03-25T06:25:11.284+0000] {logging_mixin.py:190} INFO - [2025-03-25T06:25:11.283+0000] {dagbag.py:588} INFO - Filling up the DagBag from /home/airflow/.local/lib/python3.12/site-packages/airflow/example_dags/example_params_ui_tutorial.py
[2025-03-25T06:25:11.291+0000] {processor.py:925} INFO - DAG(s) 'example_params_ui_tutorial' retrieved from /home/airflow/.local/lib/python3.12/site-packages/airflow/example_dags/example_params_ui_tutorial.py
[2025-03-25T06:25:11.317+0000] {logging_mixin.py:190} INFO - [2025-03-25T06:25:11.317+0000] {dag.py:3239} INFO - Sync 1 DAGs
[2025-03-25T06:25:11.329+0000] {logging_mixin.py:190} INFO - [2025-03-25T06:25:11.329+0000] {dag.py:4180} INFO - Setting next_dagrun for example_params_ui_tutorial to None, run_after=None
[2025-03-25T06:25:11.345+0000] {processor.py:208} INFO - Processing /home/airflow/.local/lib/python3.12/site-packages/airflow/example_dags/example_params_ui_tutorial.py took 0.070 seconds
[2025-03-25T06:43:37.823+0000] {processor.py:186} INFO - Started process (PID=1909) to work on /home/airflow/.local/lib/python3.12/site-packages/airflow/example_dags/example_params_ui_tutorial.py
[2025-03-25T06:43:37.829+0000] {processor.py:914} INFO - Processing file /home/airflow/.local/lib/python3.12/site-packages/airflow/example_dags/example_params_ui_tutorial.py for tasks to queue
[2025-03-25T06:43:37.834+0000] {logging_mixin.py:190} INFO - [2025-03-25T06:43:37.834+0000] {dagbag.py:588} INFO - Filling up the DagBag from /home/airflow/.local/lib/python3.12/site-packages/airflow/example_dags/example_params_ui_tutorial.py
[2025-03-25T06:43:37.843+0000] {processor.py:925} INFO - DAG(s) 'example_params_ui_tutorial' retrieved from /home/airflow/.local/lib/python3.12/site-packages/airflow/example_dags/example_params_ui_tutorial.py
[2025-03-25T06:43:37.888+0000] {logging_mixin.py:190} INFO - [2025-03-25T06:43:37.888+0000] {dag.py:3239} INFO - Sync 1 DAGs
[2025-03-25T06:43:37.906+0000] {logging_mixin.py:190} INFO - [2025-03-25T06:43:37.905+0000] {dag.py:4180} INFO - Setting next_dagrun for example_params_ui_tutorial to None, run_after=None
[2025-03-25T06:43:37.924+0000] {processor.py:208} INFO - Processing /home/airflow/.local/lib/python3.12/site-packages/airflow/example_dags/example_params_ui_tutorial.py took 0.113 seconds
[2025-03-25T07:03:47.134+0000] {processor.py:186} INFO - Started process (PID=1971) to work on /home/airflow/.local/lib/python3.12/site-packages/airflow/example_dags/example_params_ui_tutorial.py
[2025-03-25T07:03:47.136+0000] {processor.py:914} INFO - Processing file /home/airflow/.local/lib/python3.12/site-packages/airflow/example_dags/example_params_ui_tutorial.py for tasks to queue
[2025-03-25T07:03:47.138+0000] {logging_mixin.py:190} INFO - [2025-03-25T07:03:47.138+0000] {dagbag.py:588} INFO - Filling up the DagBag from /home/airflow/.local/lib/python3.12/site-packages/airflow/example_dags/example_params_ui_tutorial.py
[2025-03-25T07:03:47.147+0000] {processor.py:925} INFO - DAG(s) 'example_params_ui_tutorial' retrieved from /home/airflow/.local/lib/python3.12/site-packages/airflow/example_dags/example_params_ui_tutorial.py
[2025-03-25T07:03:47.176+0000] {logging_mixin.py:190} INFO - [2025-03-25T07:03:47.175+0000] {dag.py:3239} INFO - Sync 1 DAGs
[2025-03-25T07:03:47.186+0000] {logging_mixin.py:190} INFO - [2025-03-25T07:03:47.186+0000] {dag.py:4180} INFO - Setting next_dagrun for example_params_ui_tutorial to None, run_after=None
[2025-03-25T07:03:47.202+0000] {processor.py:208} INFO - Processing /home/airflow/.local/lib/python3.12/site-packages/airflow/example_dags/example_params_ui_tutorial.py took 0.078 seconds
[2025-03-25T07:20:59.444+0000] {processor.py:186} INFO - Started process (PID=2033) to work on /home/airflow/.local/lib/python3.12/site-packages/airflow/example_dags/example_params_ui_tutorial.py
[2025-03-25T07:20:59.446+0000] {processor.py:914} INFO - Processing file /home/airflow/.local/lib/python3.12/site-packages/airflow/example_dags/example_params_ui_tutorial.py for tasks to queue
[2025-03-25T07:20:59.449+0000] {logging_mixin.py:190} INFO - [2025-03-25T07:20:59.449+0000] {dagbag.py:588} INFO - Filling up the DagBag from /home/airflow/.local/lib/python3.12/site-packages/airflow/example_dags/example_params_ui_tutorial.py
[2025-03-25T07:20:59.457+0000] {processor.py:925} INFO - DAG(s) 'example_params_ui_tutorial' retrieved from /home/airflow/.local/lib/python3.12/site-packages/airflow/example_dags/example_params_ui_tutorial.py
[2025-03-25T07:20:59.491+0000] {logging_mixin.py:190} INFO - [2025-03-25T07:20:59.491+0000] {dag.py:3239} INFO - Sync 1 DAGs
[2025-03-25T07:20:59.502+0000] {logging_mixin.py:190} INFO - [2025-03-25T07:20:59.502+0000] {dag.py:4180} INFO - Setting next_dagrun for example_params_ui_tutorial to None, run_after=None
[2025-03-25T07:20:59.519+0000] {processor.py:208} INFO - Processing /home/airflow/.local/lib/python3.12/site-packages/airflow/example_dags/example_params_ui_tutorial.py took 0.092 seconds
[2025-03-25T07:40:53.841+0000] {processor.py:186} INFO - Started process (PID=2095) to work on /home/airflow/.local/lib/python3.12/site-packages/airflow/example_dags/example_params_ui_tutorial.py
[2025-03-25T07:40:53.843+0000] {processor.py:914} INFO - Processing file /home/airflow/.local/lib/python3.12/site-packages/airflow/example_dags/example_params_ui_tutorial.py for tasks to queue
[2025-03-25T07:40:53.845+0000] {logging_mixin.py:190} INFO - [2025-03-25T07:40:53.845+0000] {dagbag.py:588} INFO - Filling up the DagBag from /home/airflow/.local/lib/python3.12/site-packages/airflow/example_dags/example_params_ui_tutorial.py
[2025-03-25T07:40:53.852+0000] {processor.py:925} INFO - DAG(s) 'example_params_ui_tutorial' retrieved from /home/airflow/.local/lib/python3.12/site-packages/airflow/example_dags/example_params_ui_tutorial.py
[2025-03-25T07:40:53.881+0000] {logging_mixin.py:190} INFO - [2025-03-25T07:40:53.881+0000] {dag.py:3239} INFO - Sync 1 DAGs
[2025-03-25T07:40:53.892+0000] {logging_mixin.py:190} INFO - [2025-03-25T07:40:53.892+0000] {dag.py:4180} INFO - Setting next_dagrun for example_params_ui_tutorial to None, run_after=None
[2025-03-25T07:40:53.905+0000] {processor.py:208} INFO - Processing /home/airflow/.local/lib/python3.12/site-packages/airflow/example_dags/example_params_ui_tutorial.py took 0.068 seconds
[2025-03-25T07:58:41.714+0000] {processor.py:186} INFO - Started process (PID=2157) to work on /home/airflow/.local/lib/python3.12/site-packages/airflow/example_dags/example_params_ui_tutorial.py
[2025-03-25T07:58:41.716+0000] {processor.py:914} INFO - Processing file /home/airflow/.local/lib/python3.12/site-packages/airflow/example_dags/example_params_ui_tutorial.py for tasks to queue
[2025-03-25T07:58:41.718+0000] {logging_mixin.py:190} INFO - [2025-03-25T07:58:41.718+0000] {dagbag.py:588} INFO - Filling up the DagBag from /home/airflow/.local/lib/python3.12/site-packages/airflow/example_dags/example_params_ui_tutorial.py
[2025-03-25T07:58:41.731+0000] {processor.py:925} INFO - DAG(s) 'example_params_ui_tutorial' retrieved from /home/airflow/.local/lib/python3.12/site-packages/airflow/example_dags/example_params_ui_tutorial.py
[2025-03-25T07:58:42.002+0000] {logging_mixin.py:190} INFO - [2025-03-25T07:58:41.997+0000] {dag.py:3239} INFO - Sync 1 DAGs
[2025-03-25T07:58:42.081+0000] {logging_mixin.py:190} INFO - [2025-03-25T07:58:42.081+0000] {dag.py:4180} INFO - Setting next_dagrun for example_params_ui_tutorial to None, run_after=None
[2025-03-25T07:58:42.113+0000] {processor.py:208} INFO - Processing /home/airflow/.local/lib/python3.12/site-packages/airflow/example_dags/example_params_ui_tutorial.py took 0.406 seconds
[2025-03-25T08:16:05.238+0000] {processor.py:186} INFO - Started process (PID=2219) to work on /home/airflow/.local/lib/python3.12/site-packages/airflow/example_dags/example_params_ui_tutorial.py
[2025-03-25T08:16:05.240+0000] {processor.py:914} INFO - Processing file /home/airflow/.local/lib/python3.12/site-packages/airflow/example_dags/example_params_ui_tutorial.py for tasks to queue
[2025-03-25T08:16:05.241+0000] {logging_mixin.py:190} INFO - [2025-03-25T08:16:05.241+0000] {dagbag.py:588} INFO - Filling up the DagBag from /home/airflow/.local/lib/python3.12/site-packages/airflow/example_dags/example_params_ui_tutorial.py
[2025-03-25T08:16:05.246+0000] {processor.py:925} INFO - DAG(s) 'example_params_ui_tutorial' retrieved from /home/airflow/.local/lib/python3.12/site-packages/airflow/example_dags/example_params_ui_tutorial.py
[2025-03-25T08:16:05.273+0000] {logging_mixin.py:190} INFO - [2025-03-25T08:16:05.273+0000] {dag.py:3239} INFO - Sync 1 DAGs
[2025-03-25T08:16:05.284+0000] {logging_mixin.py:190} INFO - [2025-03-25T08:16:05.284+0000] {dag.py:4180} INFO - Setting next_dagrun for example_params_ui_tutorial to None, run_after=None
[2025-03-25T08:16:05.293+0000] {processor.py:208} INFO - Processing /home/airflow/.local/lib/python3.12/site-packages/airflow/example_dags/example_params_ui_tutorial.py took 0.064 seconds
[2025-03-25T08:46:58.212+0000] {processor.py:186} INFO - Started process (PID=2281) to work on /home/airflow/.local/lib/python3.12/site-packages/airflow/example_dags/example_params_ui_tutorial.py
[2025-03-25T08:46:58.214+0000] {processor.py:914} INFO - Processing file /home/airflow/.local/lib/python3.12/site-packages/airflow/example_dags/example_params_ui_tutorial.py for tasks to queue
[2025-03-25T08:46:58.217+0000] {logging_mixin.py:190} INFO - [2025-03-25T08:46:58.216+0000] {dagbag.py:588} INFO - Filling up the DagBag from /home/airflow/.local/lib/python3.12/site-packages/airflow/example_dags/example_params_ui_tutorial.py
[2025-03-25T08:46:58.222+0000] {processor.py:925} INFO - DAG(s) 'example_params_ui_tutorial' retrieved from /home/airflow/.local/lib/python3.12/site-packages/airflow/example_dags/example_params_ui_tutorial.py
[2025-03-25T08:46:58.243+0000] {logging_mixin.py:190} INFO - [2025-03-25T08:46:58.243+0000] {dag.py:3239} INFO - Sync 1 DAGs
[2025-03-25T08:46:58.250+0000] {logging_mixin.py:190} INFO - [2025-03-25T08:46:58.250+0000] {dag.py:4180} INFO - Setting next_dagrun for example_params_ui_tutorial to None, run_after=None
[2025-03-25T08:46:58.265+0000] {processor.py:208} INFO - Processing /home/airflow/.local/lib/python3.12/site-packages/airflow/example_dags/example_params_ui_tutorial.py took 0.059 seconds
[2025-03-25T08:59:11.238+0000] {processor.py:186} INFO - Started process (PID=2343) to work on /home/airflow/.local/lib/python3.12/site-packages/airflow/example_dags/example_params_ui_tutorial.py
[2025-03-25T08:59:11.241+0000] {processor.py:914} INFO - Processing file /home/airflow/.local/lib/python3.12/site-packages/airflow/example_dags/example_params_ui_tutorial.py for tasks to queue
[2025-03-25T08:59:11.246+0000] {logging_mixin.py:190} INFO - [2025-03-25T08:59:11.246+0000] {dagbag.py:588} INFO - Filling up the DagBag from /home/airflow/.local/lib/python3.12/site-packages/airflow/example_dags/example_params_ui_tutorial.py
[2025-03-25T08:59:11.252+0000] {processor.py:925} INFO - DAG(s) 'example_params_ui_tutorial' retrieved from /home/airflow/.local/lib/python3.12/site-packages/airflow/example_dags/example_params_ui_tutorial.py
[2025-03-25T08:59:11.277+0000] {logging_mixin.py:190} INFO - [2025-03-25T08:59:11.277+0000] {dag.py:3239} INFO - Sync 1 DAGs
[2025-03-25T08:59:11.286+0000] {logging_mixin.py:190} INFO - [2025-03-25T08:59:11.286+0000] {dag.py:4180} INFO - Setting next_dagrun for example_params_ui_tutorial to None, run_after=None
[2025-03-25T08:59:11.299+0000] {processor.py:208} INFO - Processing /home/airflow/.local/lib/python3.12/site-packages/airflow/example_dags/example_params_ui_tutorial.py took 0.065 seconds
[2025-03-25T09:24:44.816+0000] {processor.py:186} INFO - Started process (PID=2405) to work on /home/airflow/.local/lib/python3.12/site-packages/airflow/example_dags/example_params_ui_tutorial.py
[2025-03-25T09:24:44.821+0000] {processor.py:914} INFO - Processing file /home/airflow/.local/lib/python3.12/site-packages/airflow/example_dags/example_params_ui_tutorial.py for tasks to queue
[2025-03-25T09:24:44.823+0000] {logging_mixin.py:190} INFO - [2025-03-25T09:24:44.822+0000] {dagbag.py:588} INFO - Filling up the DagBag from /home/airflow/.local/lib/python3.12/site-packages/airflow/example_dags/example_params_ui_tutorial.py
[2025-03-25T09:24:44.829+0000] {processor.py:925} INFO - DAG(s) 'example_params_ui_tutorial' retrieved from /home/airflow/.local/lib/python3.12/site-packages/airflow/example_dags/example_params_ui_tutorial.py
[2025-03-25T09:24:44.863+0000] {logging_mixin.py:190} INFO - [2025-03-25T09:24:44.863+0000] {dag.py:3239} INFO - Sync 1 DAGs
[2025-03-25T09:24:44.872+0000] {logging_mixin.py:190} INFO - [2025-03-25T09:24:44.872+0000] {dag.py:4180} INFO - Setting next_dagrun for example_params_ui_tutorial to None, run_after=None
[2025-03-25T09:24:44.888+0000] {processor.py:208} INFO - Processing /home/airflow/.local/lib/python3.12/site-packages/airflow/example_dags/example_params_ui_tutorial.py took 0.087 seconds
[2025-03-25T09:25:14.925+0000] {processor.py:186} INFO - Started process (PID=2467) to work on /home/airflow/.local/lib/python3.12/site-packages/airflow/example_dags/example_params_ui_tutorial.py
[2025-03-25T09:25:14.925+0000] {processor.py:914} INFO - Processing file /home/airflow/.local/lib/python3.12/site-packages/airflow/example_dags/example_params_ui_tutorial.py for tasks to queue
[2025-03-25T09:25:14.929+0000] {logging_mixin.py:190} INFO - [2025-03-25T09:25:14.929+0000] {dagbag.py:588} INFO - Filling up the DagBag from /home/airflow/.local/lib/python3.12/site-packages/airflow/example_dags/example_params_ui_tutorial.py
[2025-03-25T09:25:14.938+0000] {processor.py:925} INFO - DAG(s) 'example_params_ui_tutorial' retrieved from /home/airflow/.local/lib/python3.12/site-packages/airflow/example_dags/example_params_ui_tutorial.py
[2025-03-25T09:25:14.965+0000] {logging_mixin.py:190} INFO - [2025-03-25T09:25:14.965+0000] {dag.py:3239} INFO - Sync 1 DAGs
[2025-03-25T09:25:14.975+0000] {logging_mixin.py:190} INFO - [2025-03-25T09:25:14.975+0000] {dag.py:4180} INFO - Setting next_dagrun for example_params_ui_tutorial to None, run_after=None
[2025-03-25T09:25:14.987+0000] {processor.py:208} INFO - Processing /home/airflow/.local/lib/python3.12/site-packages/airflow/example_dags/example_params_ui_tutorial.py took 0.071 seconds
[2025-03-25T09:42:13.470+0000] {processor.py:186} INFO - Started process (PID=2529) to work on /home/airflow/.local/lib/python3.12/site-packages/airflow/example_dags/example_params_ui_tutorial.py
[2025-03-25T09:42:13.474+0000] {processor.py:914} INFO - Processing file /home/airflow/.local/lib/python3.12/site-packages/airflow/example_dags/example_params_ui_tutorial.py for tasks to queue
[2025-03-25T09:42:13.477+0000] {logging_mixin.py:190} INFO - [2025-03-25T09:42:13.477+0000] {dagbag.py:588} INFO - Filling up the DagBag from /home/airflow/.local/lib/python3.12/site-packages/airflow/example_dags/example_params_ui_tutorial.py
[2025-03-25T09:42:13.484+0000] {processor.py:925} INFO - DAG(s) 'example_params_ui_tutorial' retrieved from /home/airflow/.local/lib/python3.12/site-packages/airflow/example_dags/example_params_ui_tutorial.py
[2025-03-25T09:42:13.511+0000] {logging_mixin.py:190} INFO - [2025-03-25T09:42:13.511+0000] {dag.py:3239} INFO - Sync 1 DAGs
[2025-03-25T09:42:13.522+0000] {logging_mixin.py:190} INFO - [2025-03-25T09:42:13.522+0000] {dag.py:4180} INFO - Setting next_dagrun for example_params_ui_tutorial to None, run_after=None
[2025-03-25T09:42:13.531+0000] {processor.py:208} INFO - Processing /home/airflow/.local/lib/python3.12/site-packages/airflow/example_dags/example_params_ui_tutorial.py took 0.068 seconds
[2025-03-25T10:05:18.251+0000] {processor.py:186} INFO - Started process (PID=2591) to work on /home/airflow/.local/lib/python3.12/site-packages/airflow/example_dags/example_params_ui_tutorial.py
[2025-03-25T10:05:18.255+0000] {processor.py:914} INFO - Processing file /home/airflow/.local/lib/python3.12/site-packages/airflow/example_dags/example_params_ui_tutorial.py for tasks to queue
[2025-03-25T10:05:18.257+0000] {logging_mixin.py:190} INFO - [2025-03-25T10:05:18.257+0000] {dagbag.py:588} INFO - Filling up the DagBag from /home/airflow/.local/lib/python3.12/site-packages/airflow/example_dags/example_params_ui_tutorial.py
[2025-03-25T10:05:18.262+0000] {processor.py:925} INFO - DAG(s) 'example_params_ui_tutorial' retrieved from /home/airflow/.local/lib/python3.12/site-packages/airflow/example_dags/example_params_ui_tutorial.py
[2025-03-25T10:05:18.288+0000] {logging_mixin.py:190} INFO - [2025-03-25T10:05:18.288+0000] {dag.py:3239} INFO - Sync 1 DAGs
[2025-03-25T10:05:18.300+0000] {logging_mixin.py:190} INFO - [2025-03-25T10:05:18.300+0000] {dag.py:4180} INFO - Setting next_dagrun for example_params_ui_tutorial to None, run_after=None
[2025-03-25T10:05:18.315+0000] {processor.py:208} INFO - Processing /home/airflow/.local/lib/python3.12/site-packages/airflow/example_dags/example_params_ui_tutorial.py took 0.067 seconds
[2025-03-25T10:16:48.359+0000] {processor.py:186} INFO - Started process (PID=2653) to work on /home/airflow/.local/lib/python3.12/site-packages/airflow/example_dags/example_params_ui_tutorial.py
[2025-03-25T10:16:48.360+0000] {processor.py:914} INFO - Processing file /home/airflow/.local/lib/python3.12/site-packages/airflow/example_dags/example_params_ui_tutorial.py for tasks to queue
[2025-03-25T10:16:48.362+0000] {logging_mixin.py:190} INFO - [2025-03-25T10:16:48.362+0000] {dagbag.py:588} INFO - Filling up the DagBag from /home/airflow/.local/lib/python3.12/site-packages/airflow/example_dags/example_params_ui_tutorial.py
[2025-03-25T10:16:48.368+0000] {processor.py:925} INFO - DAG(s) 'example_params_ui_tutorial' retrieved from /home/airflow/.local/lib/python3.12/site-packages/airflow/example_dags/example_params_ui_tutorial.py
[2025-03-25T10:16:48.396+0000] {logging_mixin.py:190} INFO - [2025-03-25T10:16:48.396+0000] {dag.py:3239} INFO - Sync 1 DAGs
[2025-03-25T10:16:48.406+0000] {logging_mixin.py:190} INFO - [2025-03-25T10:16:48.406+0000] {dag.py:4180} INFO - Setting next_dagrun for example_params_ui_tutorial to None, run_after=None
[2025-03-25T10:16:48.424+0000] {processor.py:208} INFO - Processing /home/airflow/.local/lib/python3.12/site-packages/airflow/example_dags/example_params_ui_tutorial.py took 0.071 seconds
[2025-03-25T10:21:08.393+0000] {processor.py:186} INFO - Started process (PID=2715) to work on /home/airflow/.local/lib/python3.12/site-packages/airflow/example_dags/example_params_ui_tutorial.py
[2025-03-25T10:21:08.395+0000] {processor.py:914} INFO - Processing file /home/airflow/.local/lib/python3.12/site-packages/airflow/example_dags/example_params_ui_tutorial.py for tasks to queue
[2025-03-25T10:21:08.399+0000] {logging_mixin.py:190} INFO - [2025-03-25T10:21:08.398+0000] {dagbag.py:588} INFO - Filling up the DagBag from /home/airflow/.local/lib/python3.12/site-packages/airflow/example_dags/example_params_ui_tutorial.py
[2025-03-25T10:21:08.404+0000] {processor.py:925} INFO - DAG(s) 'example_params_ui_tutorial' retrieved from /home/airflow/.local/lib/python3.12/site-packages/airflow/example_dags/example_params_ui_tutorial.py
[2025-03-25T10:21:08.431+0000] {logging_mixin.py:190} INFO - [2025-03-25T10:21:08.431+0000] {dag.py:3239} INFO - Sync 1 DAGs
[2025-03-25T10:21:08.447+0000] {logging_mixin.py:190} INFO - [2025-03-25T10:21:08.447+0000] {dag.py:4180} INFO - Setting next_dagrun for example_params_ui_tutorial to None, run_after=None
[2025-03-25T10:21:08.464+0000] {processor.py:208} INFO - Processing /home/airflow/.local/lib/python3.12/site-packages/airflow/example_dags/example_params_ui_tutorial.py took 0.076 seconds
[2025-03-25T10:25:49.522+0000] {processor.py:186} INFO - Started process (PID=2777) to work on /home/airflow/.local/lib/python3.12/site-packages/airflow/example_dags/example_params_ui_tutorial.py
[2025-03-25T10:25:49.523+0000] {processor.py:914} INFO - Processing file /home/airflow/.local/lib/python3.12/site-packages/airflow/example_dags/example_params_ui_tutorial.py for tasks to queue
[2025-03-25T10:25:49.524+0000] {logging_mixin.py:190} INFO - [2025-03-25T10:25:49.524+0000] {dagbag.py:588} INFO - Filling up the DagBag from /home/airflow/.local/lib/python3.12/site-packages/airflow/example_dags/example_params_ui_tutorial.py
[2025-03-25T10:25:49.529+0000] {processor.py:925} INFO - DAG(s) 'example_params_ui_tutorial' retrieved from /home/airflow/.local/lib/python3.12/site-packages/airflow/example_dags/example_params_ui_tutorial.py
[2025-03-25T10:25:49.559+0000] {logging_mixin.py:190} INFO - [2025-03-25T10:25:49.559+0000] {dag.py:3239} INFO - Sync 1 DAGs
[2025-03-25T10:25:49.569+0000] {logging_mixin.py:190} INFO - [2025-03-25T10:25:49.569+0000] {dag.py:4180} INFO - Setting next_dagrun for example_params_ui_tutorial to None, run_after=None
[2025-03-25T10:25:49.582+0000] {processor.py:208} INFO - Processing /home/airflow/.local/lib/python3.12/site-packages/airflow/example_dags/example_params_ui_tutorial.py took 0.066 seconds
[2025-03-25T10:46:11.493+0000] {processor.py:186} INFO - Started process (PID=2839) to work on /home/airflow/.local/lib/python3.12/site-packages/airflow/example_dags/example_params_ui_tutorial.py
[2025-03-25T10:46:11.494+0000] {processor.py:914} INFO - Processing file /home/airflow/.local/lib/python3.12/site-packages/airflow/example_dags/example_params_ui_tutorial.py for tasks to queue
[2025-03-25T10:46:11.500+0000] {logging_mixin.py:190} INFO - [2025-03-25T10:46:11.499+0000] {dagbag.py:588} INFO - Filling up the DagBag from /home/airflow/.local/lib/python3.12/site-packages/airflow/example_dags/example_params_ui_tutorial.py
[2025-03-25T10:46:11.504+0000] {processor.py:925} INFO - DAG(s) 'example_params_ui_tutorial' retrieved from /home/airflow/.local/lib/python3.12/site-packages/airflow/example_dags/example_params_ui_tutorial.py
[2025-03-25T10:46:11.532+0000] {logging_mixin.py:190} INFO - [2025-03-25T10:46:11.532+0000] {dag.py:3239} INFO - Sync 1 DAGs
[2025-03-25T10:46:11.542+0000] {logging_mixin.py:190} INFO - [2025-03-25T10:46:11.542+0000] {dag.py:4180} INFO - Setting next_dagrun for example_params_ui_tutorial to None, run_after=None
[2025-03-25T10:46:11.554+0000] {processor.py:208} INFO - Processing /home/airflow/.local/lib/python3.12/site-packages/airflow/example_dags/example_params_ui_tutorial.py took 0.074 seconds
[2025-03-25T11:03:23.706+0000] {processor.py:186} INFO - Started process (PID=2901) to work on /home/airflow/.local/lib/python3.12/site-packages/airflow/example_dags/example_params_ui_tutorial.py
[2025-03-25T11:03:23.707+0000] {processor.py:914} INFO - Processing file /home/airflow/.local/lib/python3.12/site-packages/airflow/example_dags/example_params_ui_tutorial.py for tasks to queue
[2025-03-25T11:03:23.708+0000] {logging_mixin.py:190} INFO - [2025-03-25T11:03:23.708+0000] {dagbag.py:588} INFO - Filling up the DagBag from /home/airflow/.local/lib/python3.12/site-packages/airflow/example_dags/example_params_ui_tutorial.py
[2025-03-25T11:03:23.713+0000] {processor.py:925} INFO - DAG(s) 'example_params_ui_tutorial' retrieved from /home/airflow/.local/lib/python3.12/site-packages/airflow/example_dags/example_params_ui_tutorial.py
[2025-03-25T11:03:23.838+0000] {logging_mixin.py:190} INFO - [2025-03-25T11:03:23.838+0000] {dag.py:3239} INFO - Sync 1 DAGs
[2025-03-25T11:03:23.844+0000] {logging_mixin.py:190} INFO - [2025-03-25T11:03:23.844+0000] {dag.py:4180} INFO - Setting next_dagrun for example_params_ui_tutorial to None, run_after=None
[2025-03-25T11:03:23.855+0000] {processor.py:208} INFO - Processing /home/airflow/.local/lib/python3.12/site-packages/airflow/example_dags/example_params_ui_tutorial.py took 0.153 seconds
[2025-03-25T11:20:34.172+0000] {processor.py:186} INFO - Started process (PID=2963) to work on /home/airflow/.local/lib/python3.12/site-packages/airflow/example_dags/example_params_ui_tutorial.py
[2025-03-25T11:20:34.173+0000] {processor.py:914} INFO - Processing file /home/airflow/.local/lib/python3.12/site-packages/airflow/example_dags/example_params_ui_tutorial.py for tasks to queue
[2025-03-25T11:20:34.174+0000] {logging_mixin.py:190} INFO - [2025-03-25T11:20:34.174+0000] {dagbag.py:588} INFO - Filling up the DagBag from /home/airflow/.local/lib/python3.12/site-packages/airflow/example_dags/example_params_ui_tutorial.py
[2025-03-25T11:20:34.179+0000] {processor.py:925} INFO - DAG(s) 'example_params_ui_tutorial' retrieved from /home/airflow/.local/lib/python3.12/site-packages/airflow/example_dags/example_params_ui_tutorial.py
[2025-03-25T11:20:34.197+0000] {logging_mixin.py:190} INFO - [2025-03-25T11:20:34.197+0000] {dag.py:3239} INFO - Sync 1 DAGs
[2025-03-25T11:20:34.289+0000] {logging_mixin.py:190} INFO - [2025-03-25T11:20:34.289+0000] {dag.py:4180} INFO - Setting next_dagrun for example_params_ui_tutorial to None, run_after=None
[2025-03-25T11:20:34.296+0000] {processor.py:208} INFO - Processing /home/airflow/.local/lib/python3.12/site-packages/airflow/example_dags/example_params_ui_tutorial.py took 0.126 seconds
[2025-03-25T11:27:01.287+0000] {processor.py:186} INFO - Started process (PID=3025) to work on /home/airflow/.local/lib/python3.12/site-packages/airflow/example_dags/example_params_ui_tutorial.py
[2025-03-25T11:27:01.288+0000] {processor.py:914} INFO - Processing file /home/airflow/.local/lib/python3.12/site-packages/airflow/example_dags/example_params_ui_tutorial.py for tasks to queue
[2025-03-25T11:27:01.290+0000] {logging_mixin.py:190} INFO - [2025-03-25T11:27:01.290+0000] {dagbag.py:588} INFO - Filling up the DagBag from /home/airflow/.local/lib/python3.12/site-packages/airflow/example_dags/example_params_ui_tutorial.py
[2025-03-25T11:27:01.298+0000] {processor.py:925} INFO - DAG(s) 'example_params_ui_tutorial' retrieved from /home/airflow/.local/lib/python3.12/site-packages/airflow/example_dags/example_params_ui_tutorial.py
[2025-03-25T11:27:01.327+0000] {logging_mixin.py:190} INFO - [2025-03-25T11:27:01.327+0000] {dag.py:3239} INFO - Sync 1 DAGs
[2025-03-25T11:27:01.337+0000] {logging_mixin.py:190} INFO - [2025-03-25T11:27:01.337+0000] {dag.py:4180} INFO - Setting next_dagrun for example_params_ui_tutorial to None, run_after=None
[2025-03-25T11:27:01.352+0000] {processor.py:208} INFO - Processing /home/airflow/.local/lib/python3.12/site-packages/airflow/example_dags/example_params_ui_tutorial.py took 0.068 seconds
[2025-03-25T11:38:10.778+0000] {processor.py:186} INFO - Started process (PID=3086) to work on /home/airflow/.local/lib/python3.12/site-packages/airflow/example_dags/example_params_ui_tutorial.py
[2025-03-25T11:38:10.780+0000] {processor.py:914} INFO - Processing file /home/airflow/.local/lib/python3.12/site-packages/airflow/example_dags/example_params_ui_tutorial.py for tasks to queue
[2025-03-25T11:38:10.782+0000] {logging_mixin.py:190} INFO - [2025-03-25T11:38:10.782+0000] {dagbag.py:588} INFO - Filling up the DagBag from /home/airflow/.local/lib/python3.12/site-packages/airflow/example_dags/example_params_ui_tutorial.py
[2025-03-25T11:38:10.788+0000] {processor.py:925} INFO - DAG(s) 'example_params_ui_tutorial' retrieved from /home/airflow/.local/lib/python3.12/site-packages/airflow/example_dags/example_params_ui_tutorial.py
[2025-03-25T11:38:10.839+0000] {logging_mixin.py:190} INFO - [2025-03-25T11:38:10.839+0000] {dag.py:3239} INFO - Sync 1 DAGs
[2025-03-25T11:38:10.853+0000] {logging_mixin.py:190} INFO - [2025-03-25T11:38:10.853+0000] {dag.py:4180} INFO - Setting next_dagrun for example_params_ui_tutorial to None, run_after=None
[2025-03-25T11:38:10.866+0000] {processor.py:208} INFO - Processing /home/airflow/.local/lib/python3.12/site-packages/airflow/example_dags/example_params_ui_tutorial.py took 0.095 seconds
[2025-03-25T11:39:06.327+0000] {processor.py:186} INFO - Started process (PID=3148) to work on /home/airflow/.local/lib/python3.12/site-packages/airflow/example_dags/example_params_ui_tutorial.py
[2025-03-25T11:39:06.328+0000] {processor.py:914} INFO - Processing file /home/airflow/.local/lib/python3.12/site-packages/airflow/example_dags/example_params_ui_tutorial.py for tasks to queue
[2025-03-25T11:39:06.332+0000] {logging_mixin.py:190} INFO - [2025-03-25T11:39:06.332+0000] {dagbag.py:588} INFO - Filling up the DagBag from /home/airflow/.local/lib/python3.12/site-packages/airflow/example_dags/example_params_ui_tutorial.py
[2025-03-25T11:39:06.341+0000] {processor.py:925} INFO - DAG(s) 'example_params_ui_tutorial' retrieved from /home/airflow/.local/lib/python3.12/site-packages/airflow/example_dags/example_params_ui_tutorial.py
[2025-03-25T11:39:06.368+0000] {logging_mixin.py:190} INFO - [2025-03-25T11:39:06.368+0000] {dag.py:3239} INFO - Sync 1 DAGs
[2025-03-25T11:39:06.377+0000] {logging_mixin.py:190} INFO - [2025-03-25T11:39:06.377+0000] {dag.py:4180} INFO - Setting next_dagrun for example_params_ui_tutorial to None, run_after=None
[2025-03-25T11:39:06.393+0000] {processor.py:208} INFO - Processing /home/airflow/.local/lib/python3.12/site-packages/airflow/example_dags/example_params_ui_tutorial.py took 0.072 seconds
[2025-03-25T11:39:44.525+0000] {processor.py:186} INFO - Started process (PID=3210) to work on /home/airflow/.local/lib/python3.12/site-packages/airflow/example_dags/example_params_ui_tutorial.py
[2025-03-25T11:39:44.526+0000] {processor.py:914} INFO - Processing file /home/airflow/.local/lib/python3.12/site-packages/airflow/example_dags/example_params_ui_tutorial.py for tasks to queue
[2025-03-25T11:39:44.527+0000] {logging_mixin.py:190} INFO - [2025-03-25T11:39:44.527+0000] {dagbag.py:588} INFO - Filling up the DagBag from /home/airflow/.local/lib/python3.12/site-packages/airflow/example_dags/example_params_ui_tutorial.py
[2025-03-25T11:39:44.533+0000] {processor.py:925} INFO - DAG(s) 'example_params_ui_tutorial' retrieved from /home/airflow/.local/lib/python3.12/site-packages/airflow/example_dags/example_params_ui_tutorial.py
[2025-03-25T11:39:44.557+0000] {logging_mixin.py:190} INFO - [2025-03-25T11:39:44.557+0000] {dag.py:3239} INFO - Sync 1 DAGs
[2025-03-25T11:39:44.565+0000] {logging_mixin.py:190} INFO - [2025-03-25T11:39:44.565+0000] {dag.py:4180} INFO - Setting next_dagrun for example_params_ui_tutorial to None, run_after=None
[2025-03-25T11:39:44.574+0000] {processor.py:208} INFO - Processing /home/airflow/.local/lib/python3.12/site-packages/airflow/example_dags/example_params_ui_tutorial.py took 0.053 seconds
[2025-03-25T11:43:43.199+0000] {processor.py:186} INFO - Started process (PID=3272) to work on /home/airflow/.local/lib/python3.12/site-packages/airflow/example_dags/example_params_ui_tutorial.py
[2025-03-25T11:43:43.200+0000] {processor.py:914} INFO - Processing file /home/airflow/.local/lib/python3.12/site-packages/airflow/example_dags/example_params_ui_tutorial.py for tasks to queue
[2025-03-25T11:43:43.202+0000] {logging_mixin.py:190} INFO - [2025-03-25T11:43:43.202+0000] {dagbag.py:588} INFO - Filling up the DagBag from /home/airflow/.local/lib/python3.12/site-packages/airflow/example_dags/example_params_ui_tutorial.py
[2025-03-25T11:43:43.207+0000] {processor.py:925} INFO - DAG(s) 'example_params_ui_tutorial' retrieved from /home/airflow/.local/lib/python3.12/site-packages/airflow/example_dags/example_params_ui_tutorial.py
[2025-03-25T11:43:43.236+0000] {logging_mixin.py:190} INFO - [2025-03-25T11:43:43.235+0000] {dag.py:3239} INFO - Sync 1 DAGs
[2025-03-25T11:43:43.243+0000] {logging_mixin.py:190} INFO - [2025-03-25T11:43:43.243+0000] {dag.py:4180} INFO - Setting next_dagrun for example_params_ui_tutorial to None, run_after=None
[2025-03-25T11:43:43.257+0000] {processor.py:208} INFO - Processing /home/airflow/.local/lib/python3.12/site-packages/airflow/example_dags/example_params_ui_tutorial.py took 0.062 seconds
[2025-03-25T11:44:31.578+0000] {processor.py:186} INFO - Started process (PID=3334) to work on /home/airflow/.local/lib/python3.12/site-packages/airflow/example_dags/example_params_ui_tutorial.py
[2025-03-25T11:44:31.579+0000] {processor.py:914} INFO - Processing file /home/airflow/.local/lib/python3.12/site-packages/airflow/example_dags/example_params_ui_tutorial.py for tasks to queue
[2025-03-25T11:44:31.580+0000] {logging_mixin.py:190} INFO - [2025-03-25T11:44:31.580+0000] {dagbag.py:588} INFO - Filling up the DagBag from /home/airflow/.local/lib/python3.12/site-packages/airflow/example_dags/example_params_ui_tutorial.py
[2025-03-25T11:44:31.586+0000] {processor.py:925} INFO - DAG(s) 'example_params_ui_tutorial' retrieved from /home/airflow/.local/lib/python3.12/site-packages/airflow/example_dags/example_params_ui_tutorial.py
[2025-03-25T11:44:31.607+0000] {logging_mixin.py:190} INFO - [2025-03-25T11:44:31.607+0000] {dag.py:3239} INFO - Sync 1 DAGs
[2025-03-25T11:44:31.616+0000] {logging_mixin.py:190} INFO - [2025-03-25T11:44:31.616+0000] {dag.py:4180} INFO - Setting next_dagrun for example_params_ui_tutorial to None, run_after=None
[2025-03-25T11:44:31.628+0000] {processor.py:208} INFO - Processing /home/airflow/.local/lib/python3.12/site-packages/airflow/example_dags/example_params_ui_tutorial.py took 0.056 seconds
[2025-03-25T12:01:11.008+0000] {processor.py:186} INFO - Started process (PID=3396) to work on /home/airflow/.local/lib/python3.12/site-packages/airflow/example_dags/example_params_ui_tutorial.py
[2025-03-25T12:01:11.010+0000] {processor.py:914} INFO - Processing file /home/airflow/.local/lib/python3.12/site-packages/airflow/example_dags/example_params_ui_tutorial.py for tasks to queue
[2025-03-25T12:01:11.012+0000] {logging_mixin.py:190} INFO - [2025-03-25T12:01:11.012+0000] {dagbag.py:588} INFO - Filling up the DagBag from /home/airflow/.local/lib/python3.12/site-packages/airflow/example_dags/example_params_ui_tutorial.py
[2025-03-25T12:01:11.021+0000] {processor.py:925} INFO - DAG(s) 'example_params_ui_tutorial' retrieved from /home/airflow/.local/lib/python3.12/site-packages/airflow/example_dags/example_params_ui_tutorial.py
[2025-03-25T12:01:11.058+0000] {logging_mixin.py:190} INFO - [2025-03-25T12:01:11.058+0000] {dag.py:3239} INFO - Sync 1 DAGs
[2025-03-25T12:01:11.073+0000] {logging_mixin.py:190} INFO - [2025-03-25T12:01:11.072+0000] {dag.py:4180} INFO - Setting next_dagrun for example_params_ui_tutorial to None, run_after=None
[2025-03-25T12:01:11.081+0000] {processor.py:208} INFO - Processing /home/airflow/.local/lib/python3.12/site-packages/airflow/example_dags/example_params_ui_tutorial.py took 0.081 seconds
[2025-03-25T12:16:39.548+0000] {processor.py:186} INFO - Started process (PID=3458) to work on /home/airflow/.local/lib/python3.12/site-packages/airflow/example_dags/example_params_ui_tutorial.py
[2025-03-25T12:16:39.549+0000] {processor.py:914} INFO - Processing file /home/airflow/.local/lib/python3.12/site-packages/airflow/example_dags/example_params_ui_tutorial.py for tasks to queue
[2025-03-25T12:16:39.552+0000] {logging_mixin.py:190} INFO - [2025-03-25T12:16:39.552+0000] {dagbag.py:588} INFO - Filling up the DagBag from /home/airflow/.local/lib/python3.12/site-packages/airflow/example_dags/example_params_ui_tutorial.py
[2025-03-25T12:16:39.557+0000] {processor.py:925} INFO - DAG(s) 'example_params_ui_tutorial' retrieved from /home/airflow/.local/lib/python3.12/site-packages/airflow/example_dags/example_params_ui_tutorial.py
[2025-03-25T12:16:39.579+0000] {logging_mixin.py:190} INFO - [2025-03-25T12:16:39.579+0000] {dag.py:3239} INFO - Sync 1 DAGs
[2025-03-25T12:16:39.589+0000] {logging_mixin.py:190} INFO - [2025-03-25T12:16:39.588+0000] {dag.py:4180} INFO - Setting next_dagrun for example_params_ui_tutorial to None, run_after=None
[2025-03-25T12:16:39.603+0000] {processor.py:208} INFO - Processing /home/airflow/.local/lib/python3.12/site-packages/airflow/example_dags/example_params_ui_tutorial.py took 0.059 seconds
[2025-03-25T12:44:45.783+0000] {processor.py:186} INFO - Started process (PID=3520) to work on /home/airflow/.local/lib/python3.12/site-packages/airflow/example_dags/example_params_ui_tutorial.py
[2025-03-25T12:44:45.785+0000] {processor.py:914} INFO - Processing file /home/airflow/.local/lib/python3.12/site-packages/airflow/example_dags/example_params_ui_tutorial.py for tasks to queue
[2025-03-25T12:44:45.787+0000] {logging_mixin.py:190} INFO - [2025-03-25T12:44:45.787+0000] {dagbag.py:588} INFO - Filling up the DagBag from /home/airflow/.local/lib/python3.12/site-packages/airflow/example_dags/example_params_ui_tutorial.py
[2025-03-25T12:44:45.803+0000] {processor.py:925} INFO - DAG(s) 'example_params_ui_tutorial' retrieved from /home/airflow/.local/lib/python3.12/site-packages/airflow/example_dags/example_params_ui_tutorial.py
[2025-03-25T12:44:45.955+0000] {logging_mixin.py:190} INFO - [2025-03-25T12:44:45.954+0000] {dag.py:3239} INFO - Sync 1 DAGs
[2025-03-25T12:44:45.973+0000] {logging_mixin.py:190} INFO - [2025-03-25T12:44:45.973+0000] {dag.py:4180} INFO - Setting next_dagrun for example_params_ui_tutorial to None, run_after=None
[2025-03-25T12:44:46.003+0000] {processor.py:208} INFO - Processing /home/airflow/.local/lib/python3.12/site-packages/airflow/example_dags/example_params_ui_tutorial.py took 0.234 seconds
[2025-03-25T13:02:39.563+0000] {processor.py:186} INFO - Started process (PID=3582) to work on /home/airflow/.local/lib/python3.12/site-packages/airflow/example_dags/example_params_ui_tutorial.py
[2025-03-25T13:02:39.566+0000] {processor.py:914} INFO - Processing file /home/airflow/.local/lib/python3.12/site-packages/airflow/example_dags/example_params_ui_tutorial.py for tasks to queue
[2025-03-25T13:02:39.568+0000] {logging_mixin.py:190} INFO - [2025-03-25T13:02:39.567+0000] {dagbag.py:588} INFO - Filling up the DagBag from /home/airflow/.local/lib/python3.12/site-packages/airflow/example_dags/example_params_ui_tutorial.py
[2025-03-25T13:02:39.573+0000] {processor.py:925} INFO - DAG(s) 'example_params_ui_tutorial' retrieved from /home/airflow/.local/lib/python3.12/site-packages/airflow/example_dags/example_params_ui_tutorial.py
[2025-03-25T13:02:39.597+0000] {logging_mixin.py:190} INFO - [2025-03-25T13:02:39.597+0000] {dag.py:3239} INFO - Sync 1 DAGs
[2025-03-25T13:02:39.606+0000] {logging_mixin.py:190} INFO - [2025-03-25T13:02:39.606+0000] {dag.py:4180} INFO - Setting next_dagrun for example_params_ui_tutorial to None, run_after=None
[2025-03-25T13:02:39.619+0000] {processor.py:208} INFO - Processing /home/airflow/.local/lib/python3.12/site-packages/airflow/example_dags/example_params_ui_tutorial.py took 0.059 seconds
[2025-03-25T13:19:47.319+0000] {processor.py:186} INFO - Started process (PID=3644) to work on /home/airflow/.local/lib/python3.12/site-packages/airflow/example_dags/example_params_ui_tutorial.py
[2025-03-25T13:19:47.321+0000] {processor.py:914} INFO - Processing file /home/airflow/.local/lib/python3.12/site-packages/airflow/example_dags/example_params_ui_tutorial.py for tasks to queue
[2025-03-25T13:19:47.324+0000] {logging_mixin.py:190} INFO - [2025-03-25T13:19:47.324+0000] {dagbag.py:588} INFO - Filling up the DagBag from /home/airflow/.local/lib/python3.12/site-packages/airflow/example_dags/example_params_ui_tutorial.py
[2025-03-25T13:19:47.340+0000] {processor.py:925} INFO - DAG(s) 'example_params_ui_tutorial' retrieved from /home/airflow/.local/lib/python3.12/site-packages/airflow/example_dags/example_params_ui_tutorial.py
[2025-03-25T13:19:47.508+0000] {logging_mixin.py:190} INFO - [2025-03-25T13:19:47.508+0000] {dag.py:3239} INFO - Sync 1 DAGs
[2025-03-25T13:19:47.529+0000] {logging_mixin.py:190} INFO - [2025-03-25T13:19:47.529+0000] {dag.py:4180} INFO - Setting next_dagrun for example_params_ui_tutorial to None, run_after=None
[2025-03-25T13:19:47.550+0000] {processor.py:208} INFO - Processing /home/airflow/.local/lib/python3.12/site-packages/airflow/example_dags/example_params_ui_tutorial.py took 0.243 seconds
[2025-03-25T13:40:05.350+0000] {processor.py:186} INFO - Started process (PID=3706) to work on /home/airflow/.local/lib/python3.12/site-packages/airflow/example_dags/example_params_ui_tutorial.py
[2025-03-25T13:40:05.352+0000] {processor.py:914} INFO - Processing file /home/airflow/.local/lib/python3.12/site-packages/airflow/example_dags/example_params_ui_tutorial.py for tasks to queue
[2025-03-25T13:40:05.354+0000] {logging_mixin.py:190} INFO - [2025-03-25T13:40:05.354+0000] {dagbag.py:588} INFO - Filling up the DagBag from /home/airflow/.local/lib/python3.12/site-packages/airflow/example_dags/example_params_ui_tutorial.py
[2025-03-25T13:40:05.363+0000] {processor.py:925} INFO - DAG(s) 'example_params_ui_tutorial' retrieved from /home/airflow/.local/lib/python3.12/site-packages/airflow/example_dags/example_params_ui_tutorial.py
[2025-03-25T13:40:05.396+0000] {logging_mixin.py:190} INFO - [2025-03-25T13:40:05.396+0000] {dag.py:3239} INFO - Sync 1 DAGs
[2025-03-25T13:40:05.410+0000] {logging_mixin.py:190} INFO - [2025-03-25T13:40:05.410+0000] {dag.py:4180} INFO - Setting next_dagrun for example_params_ui_tutorial to None, run_after=None
[2025-03-25T13:40:05.429+0000] {processor.py:208} INFO - Processing /home/airflow/.local/lib/python3.12/site-packages/airflow/example_dags/example_params_ui_tutorial.py took 0.083 seconds
[2025-03-25T13:58:40.568+0000] {processor.py:186} INFO - Started process (PID=3768) to work on /home/airflow/.local/lib/python3.12/site-packages/airflow/example_dags/example_params_ui_tutorial.py
[2025-03-25T13:58:40.570+0000] {processor.py:914} INFO - Processing file /home/airflow/.local/lib/python3.12/site-packages/airflow/example_dags/example_params_ui_tutorial.py for tasks to queue
[2025-03-25T13:58:40.572+0000] {logging_mixin.py:190} INFO - [2025-03-25T13:58:40.571+0000] {dagbag.py:588} INFO - Filling up the DagBag from /home/airflow/.local/lib/python3.12/site-packages/airflow/example_dags/example_params_ui_tutorial.py
[2025-03-25T13:58:40.584+0000] {processor.py:925} INFO - DAG(s) 'example_params_ui_tutorial' retrieved from /home/airflow/.local/lib/python3.12/site-packages/airflow/example_dags/example_params_ui_tutorial.py
[2025-03-25T13:58:40.620+0000] {logging_mixin.py:190} INFO - [2025-03-25T13:58:40.620+0000] {dag.py:3239} INFO - Sync 1 DAGs
[2025-03-25T13:58:40.631+0000] {logging_mixin.py:190} INFO - [2025-03-25T13:58:40.630+0000] {dag.py:4180} INFO - Setting next_dagrun for example_params_ui_tutorial to None, run_after=None
[2025-03-25T13:58:40.644+0000] {processor.py:208} INFO - Processing /home/airflow/.local/lib/python3.12/site-packages/airflow/example_dags/example_params_ui_tutorial.py took 0.088 seconds
[2025-03-25T14:15:03.890+0000] {processor.py:186} INFO - Started process (PID=3830) to work on /home/airflow/.local/lib/python3.12/site-packages/airflow/example_dags/example_params_ui_tutorial.py
[2025-03-25T14:15:03.890+0000] {processor.py:914} INFO - Processing file /home/airflow/.local/lib/python3.12/site-packages/airflow/example_dags/example_params_ui_tutorial.py for tasks to queue
[2025-03-25T14:15:03.892+0000] {logging_mixin.py:190} INFO - [2025-03-25T14:15:03.892+0000] {dagbag.py:588} INFO - Filling up the DagBag from /home/airflow/.local/lib/python3.12/site-packages/airflow/example_dags/example_params_ui_tutorial.py
[2025-03-25T14:15:03.897+0000] {processor.py:925} INFO - DAG(s) 'example_params_ui_tutorial' retrieved from /home/airflow/.local/lib/python3.12/site-packages/airflow/example_dags/example_params_ui_tutorial.py
[2025-03-25T14:15:03.923+0000] {logging_mixin.py:190} INFO - [2025-03-25T14:15:03.923+0000] {dag.py:3239} INFO - Sync 1 DAGs
[2025-03-25T14:15:03.929+0000] {logging_mixin.py:190} INFO - [2025-03-25T14:15:03.929+0000] {dag.py:4180} INFO - Setting next_dagrun for example_params_ui_tutorial to None, run_after=None
[2025-03-25T14:15:03.939+0000] {processor.py:208} INFO - Processing /home/airflow/.local/lib/python3.12/site-packages/airflow/example_dags/example_params_ui_tutorial.py took 0.057 seconds
[2025-03-25T14:46:01.718+0000] {processor.py:186} INFO - Started process (PID=3892) to work on /home/airflow/.local/lib/python3.12/site-packages/airflow/example_dags/example_params_ui_tutorial.py
[2025-03-25T14:46:01.720+0000] {processor.py:914} INFO - Processing file /home/airflow/.local/lib/python3.12/site-packages/airflow/example_dags/example_params_ui_tutorial.py for tasks to queue
[2025-03-25T14:46:01.724+0000] {logging_mixin.py:190} INFO - [2025-03-25T14:46:01.723+0000] {dagbag.py:588} INFO - Filling up the DagBag from /home/airflow/.local/lib/python3.12/site-packages/airflow/example_dags/example_params_ui_tutorial.py
[2025-03-25T14:46:01.730+0000] {processor.py:925} INFO - DAG(s) 'example_params_ui_tutorial' retrieved from /home/airflow/.local/lib/python3.12/site-packages/airflow/example_dags/example_params_ui_tutorial.py
[2025-03-25T14:46:01.759+0000] {logging_mixin.py:190} INFO - [2025-03-25T14:46:01.759+0000] {dag.py:3239} INFO - Sync 1 DAGs
[2025-03-25T14:46:01.772+0000] {logging_mixin.py:190} INFO - [2025-03-25T14:46:01.772+0000] {dag.py:4180} INFO - Setting next_dagrun for example_params_ui_tutorial to None, run_after=None
[2025-03-25T14:46:01.790+0000] {processor.py:208} INFO - Processing /home/airflow/.local/lib/python3.12/site-packages/airflow/example_dags/example_params_ui_tutorial.py took 0.078 seconds
[2025-03-25T15:01:43.410+0000] {processor.py:186} INFO - Started process (PID=3953) to work on /home/airflow/.local/lib/python3.12/site-packages/airflow/example_dags/example_params_ui_tutorial.py
[2025-03-25T15:01:43.411+0000] {processor.py:914} INFO - Processing file /home/airflow/.local/lib/python3.12/site-packages/airflow/example_dags/example_params_ui_tutorial.py for tasks to queue
[2025-03-25T15:01:43.412+0000] {logging_mixin.py:190} INFO - [2025-03-25T15:01:43.412+0000] {dagbag.py:588} INFO - Filling up the DagBag from /home/airflow/.local/lib/python3.12/site-packages/airflow/example_dags/example_params_ui_tutorial.py
[2025-03-25T15:01:43.419+0000] {processor.py:925} INFO - DAG(s) 'example_params_ui_tutorial' retrieved from /home/airflow/.local/lib/python3.12/site-packages/airflow/example_dags/example_params_ui_tutorial.py
[2025-03-25T15:01:43.448+0000] {logging_mixin.py:190} INFO - [2025-03-25T15:01:43.448+0000] {dag.py:3239} INFO - Sync 1 DAGs
[2025-03-25T15:01:43.457+0000] {logging_mixin.py:190} INFO - [2025-03-25T15:01:43.457+0000] {dag.py:4180} INFO - Setting next_dagrun for example_params_ui_tutorial to None, run_after=None
[2025-03-25T15:01:43.471+0000] {processor.py:208} INFO - Processing /home/airflow/.local/lib/python3.12/site-packages/airflow/example_dags/example_params_ui_tutorial.py took 0.064 seconds
[2025-03-25T15:18:26.071+0000] {processor.py:186} INFO - Started process (PID=4015) to work on /home/airflow/.local/lib/python3.12/site-packages/airflow/example_dags/example_params_ui_tutorial.py
[2025-03-25T15:18:26.072+0000] {processor.py:914} INFO - Processing file /home/airflow/.local/lib/python3.12/site-packages/airflow/example_dags/example_params_ui_tutorial.py for tasks to queue
[2025-03-25T15:18:26.074+0000] {logging_mixin.py:190} INFO - [2025-03-25T15:18:26.074+0000] {dagbag.py:588} INFO - Filling up the DagBag from /home/airflow/.local/lib/python3.12/site-packages/airflow/example_dags/example_params_ui_tutorial.py
[2025-03-25T15:18:26.080+0000] {processor.py:925} INFO - DAG(s) 'example_params_ui_tutorial' retrieved from /home/airflow/.local/lib/python3.12/site-packages/airflow/example_dags/example_params_ui_tutorial.py
[2025-03-25T15:18:26.108+0000] {logging_mixin.py:190} INFO - [2025-03-25T15:18:26.108+0000] {dag.py:3239} INFO - Sync 1 DAGs
[2025-03-25T15:18:26.119+0000] {logging_mixin.py:190} INFO - [2025-03-25T15:18:26.119+0000] {dag.py:4180} INFO - Setting next_dagrun for example_params_ui_tutorial to None, run_after=None
[2025-03-25T15:18:26.132+0000] {processor.py:208} INFO - Processing /home/airflow/.local/lib/python3.12/site-packages/airflow/example_dags/example_params_ui_tutorial.py took 0.066 seconds
[2025-03-25T15:46:35.979+0000] {processor.py:186} INFO - Started process (PID=4077) to work on /home/airflow/.local/lib/python3.12/site-packages/airflow/example_dags/example_params_ui_tutorial.py
[2025-03-25T15:46:35.980+0000] {processor.py:914} INFO - Processing file /home/airflow/.local/lib/python3.12/site-packages/airflow/example_dags/example_params_ui_tutorial.py for tasks to queue
[2025-03-25T15:46:35.988+0000] {logging_mixin.py:190} INFO - [2025-03-25T15:46:35.987+0000] {dagbag.py:588} INFO - Filling up the DagBag from /home/airflow/.local/lib/python3.12/site-packages/airflow/example_dags/example_params_ui_tutorial.py
[2025-03-25T15:46:36.009+0000] {processor.py:925} INFO - DAG(s) 'example_params_ui_tutorial' retrieved from /home/airflow/.local/lib/python3.12/site-packages/airflow/example_dags/example_params_ui_tutorial.py
[2025-03-25T15:46:36.062+0000] {logging_mixin.py:190} INFO - [2025-03-25T15:46:36.062+0000] {dag.py:3239} INFO - Sync 1 DAGs
[2025-03-25T15:46:36.078+0000] {logging_mixin.py:190} INFO - [2025-03-25T15:46:36.078+0000] {dag.py:4180} INFO - Setting next_dagrun for example_params_ui_tutorial to None, run_after=None
[2025-03-25T15:46:36.101+0000] {processor.py:208} INFO - Processing /home/airflow/.local/lib/python3.12/site-packages/airflow/example_dags/example_params_ui_tutorial.py took 0.141 seconds
[2025-03-25T16:03:35.602+0000] {processor.py:186} INFO - Started process (PID=4139) to work on /home/airflow/.local/lib/python3.12/site-packages/airflow/example_dags/example_params_ui_tutorial.py
[2025-03-25T16:03:35.603+0000] {processor.py:914} INFO - Processing file /home/airflow/.local/lib/python3.12/site-packages/airflow/example_dags/example_params_ui_tutorial.py for tasks to queue
[2025-03-25T16:03:35.604+0000] {logging_mixin.py:190} INFO - [2025-03-25T16:03:35.604+0000] {dagbag.py:588} INFO - Filling up the DagBag from /home/airflow/.local/lib/python3.12/site-packages/airflow/example_dags/example_params_ui_tutorial.py
[2025-03-25T16:03:35.609+0000] {processor.py:925} INFO - DAG(s) 'example_params_ui_tutorial' retrieved from /home/airflow/.local/lib/python3.12/site-packages/airflow/example_dags/example_params_ui_tutorial.py
[2025-03-25T16:03:35.640+0000] {logging_mixin.py:190} INFO - [2025-03-25T16:03:35.639+0000] {dag.py:3239} INFO - Sync 1 DAGs
[2025-03-25T16:03:35.654+0000] {logging_mixin.py:190} INFO - [2025-03-25T16:03:35.654+0000] {dag.py:4180} INFO - Setting next_dagrun for example_params_ui_tutorial to None, run_after=None
[2025-03-25T16:03:35.675+0000] {processor.py:208} INFO - Processing /home/airflow/.local/lib/python3.12/site-packages/airflow/example_dags/example_params_ui_tutorial.py took 0.077 seconds
[2025-03-25T16:19:20.330+0000] {processor.py:186} INFO - Started process (PID=4201) to work on /home/airflow/.local/lib/python3.12/site-packages/airflow/example_dags/example_params_ui_tutorial.py
[2025-03-25T16:19:20.333+0000] {processor.py:914} INFO - Processing file /home/airflow/.local/lib/python3.12/site-packages/airflow/example_dags/example_params_ui_tutorial.py for tasks to queue
[2025-03-25T16:19:20.334+0000] {logging_mixin.py:190} INFO - [2025-03-25T16:19:20.334+0000] {dagbag.py:588} INFO - Filling up the DagBag from /home/airflow/.local/lib/python3.12/site-packages/airflow/example_dags/example_params_ui_tutorial.py
[2025-03-25T16:19:20.339+0000] {processor.py:925} INFO - DAG(s) 'example_params_ui_tutorial' retrieved from /home/airflow/.local/lib/python3.12/site-packages/airflow/example_dags/example_params_ui_tutorial.py
[2025-03-25T16:19:20.361+0000] {logging_mixin.py:190} INFO - [2025-03-25T16:19:20.361+0000] {dag.py:3239} INFO - Sync 1 DAGs
[2025-03-25T16:19:20.371+0000] {logging_mixin.py:190} INFO - [2025-03-25T16:19:20.371+0000] {dag.py:4180} INFO - Setting next_dagrun for example_params_ui_tutorial to None, run_after=None
[2025-03-25T16:19:20.385+0000] {processor.py:208} INFO - Processing /home/airflow/.local/lib/python3.12/site-packages/airflow/example_dags/example_params_ui_tutorial.py took 0.064 seconds
[2025-03-25T16:48:21.117+0000] {processor.py:186} INFO - Started process (PID=4263) to work on /home/airflow/.local/lib/python3.12/site-packages/airflow/example_dags/example_params_ui_tutorial.py
[2025-03-25T16:48:21.118+0000] {processor.py:914} INFO - Processing file /home/airflow/.local/lib/python3.12/site-packages/airflow/example_dags/example_params_ui_tutorial.py for tasks to queue
[2025-03-25T16:48:21.123+0000] {logging_mixin.py:190} INFO - [2025-03-25T16:48:21.122+0000] {dagbag.py:588} INFO - Filling up the DagBag from /home/airflow/.local/lib/python3.12/site-packages/airflow/example_dags/example_params_ui_tutorial.py
[2025-03-25T16:48:21.129+0000] {processor.py:925} INFO - DAG(s) 'example_params_ui_tutorial' retrieved from /home/airflow/.local/lib/python3.12/site-packages/airflow/example_dags/example_params_ui_tutorial.py
[2025-03-25T16:48:21.166+0000] {logging_mixin.py:190} INFO - [2025-03-25T16:48:21.166+0000] {dag.py:3239} INFO - Sync 1 DAGs
[2025-03-25T16:48:21.179+0000] {logging_mixin.py:190} INFO - [2025-03-25T16:48:21.179+0000] {dag.py:4180} INFO - Setting next_dagrun for example_params_ui_tutorial to None, run_after=None
[2025-03-25T16:48:21.192+0000] {processor.py:208} INFO - Processing /home/airflow/.local/lib/python3.12/site-packages/airflow/example_dags/example_params_ui_tutorial.py took 0.079 seconds
[2025-03-25T17:05:47.014+0000] {processor.py:186} INFO - Started process (PID=4325) to work on /home/airflow/.local/lib/python3.12/site-packages/airflow/example_dags/example_params_ui_tutorial.py
[2025-03-25T17:05:47.015+0000] {processor.py:914} INFO - Processing file /home/airflow/.local/lib/python3.12/site-packages/airflow/example_dags/example_params_ui_tutorial.py for tasks to queue
[2025-03-25T17:05:47.017+0000] {logging_mixin.py:190} INFO - [2025-03-25T17:05:47.017+0000] {dagbag.py:588} INFO - Filling up the DagBag from /home/airflow/.local/lib/python3.12/site-packages/airflow/example_dags/example_params_ui_tutorial.py
[2025-03-25T17:05:47.025+0000] {processor.py:925} INFO - DAG(s) 'example_params_ui_tutorial' retrieved from /home/airflow/.local/lib/python3.12/site-packages/airflow/example_dags/example_params_ui_tutorial.py
[2025-03-25T17:05:47.056+0000] {logging_mixin.py:190} INFO - [2025-03-25T17:05:47.056+0000] {dag.py:3239} INFO - Sync 1 DAGs
[2025-03-25T17:05:47.067+0000] {logging_mixin.py:190} INFO - [2025-03-25T17:05:47.067+0000] {dag.py:4180} INFO - Setting next_dagrun for example_params_ui_tutorial to None, run_after=None
[2025-03-25T17:05:47.082+0000] {processor.py:208} INFO - Processing /home/airflow/.local/lib/python3.12/site-packages/airflow/example_dags/example_params_ui_tutorial.py took 0.072 seconds
[2025-03-25T17:21:55.289+0000] {processor.py:186} INFO - Started process (PID=4387) to work on /home/airflow/.local/lib/python3.12/site-packages/airflow/example_dags/example_params_ui_tutorial.py
[2025-03-25T17:21:55.290+0000] {processor.py:914} INFO - Processing file /home/airflow/.local/lib/python3.12/site-packages/airflow/example_dags/example_params_ui_tutorial.py for tasks to queue
[2025-03-25T17:21:55.292+0000] {logging_mixin.py:190} INFO - [2025-03-25T17:21:55.291+0000] {dagbag.py:588} INFO - Filling up the DagBag from /home/airflow/.local/lib/python3.12/site-packages/airflow/example_dags/example_params_ui_tutorial.py
[2025-03-25T17:21:55.301+0000] {processor.py:925} INFO - DAG(s) 'example_params_ui_tutorial' retrieved from /home/airflow/.local/lib/python3.12/site-packages/airflow/example_dags/example_params_ui_tutorial.py
[2025-03-25T17:21:55.341+0000] {logging_mixin.py:190} INFO - [2025-03-25T17:21:55.341+0000] {dag.py:3239} INFO - Sync 1 DAGs
[2025-03-25T17:21:55.349+0000] {logging_mixin.py:190} INFO - [2025-03-25T17:21:55.349+0000] {dag.py:4180} INFO - Setting next_dagrun for example_params_ui_tutorial to None, run_after=None
[2025-03-25T17:21:55.361+0000] {processor.py:208} INFO - Processing /home/airflow/.local/lib/python3.12/site-packages/airflow/example_dags/example_params_ui_tutorial.py took 0.077 seconds
[2025-03-25T17:35:15.663+0000] {processor.py:186} INFO - Started process (PID=4449) to work on /home/airflow/.local/lib/python3.12/site-packages/airflow/example_dags/example_params_ui_tutorial.py
[2025-03-25T17:35:15.664+0000] {processor.py:914} INFO - Processing file /home/airflow/.local/lib/python3.12/site-packages/airflow/example_dags/example_params_ui_tutorial.py for tasks to queue
[2025-03-25T17:35:15.669+0000] {logging_mixin.py:190} INFO - [2025-03-25T17:35:15.668+0000] {dagbag.py:588} INFO - Filling up the DagBag from /home/airflow/.local/lib/python3.12/site-packages/airflow/example_dags/example_params_ui_tutorial.py
[2025-03-25T17:35:15.677+0000] {processor.py:925} INFO - DAG(s) 'example_params_ui_tutorial' retrieved from /home/airflow/.local/lib/python3.12/site-packages/airflow/example_dags/example_params_ui_tutorial.py
[2025-03-25T17:35:15.704+0000] {logging_mixin.py:190} INFO - [2025-03-25T17:35:15.704+0000] {dag.py:3239} INFO - Sync 1 DAGs
[2025-03-25T17:35:15.712+0000] {logging_mixin.py:190} INFO - [2025-03-25T17:35:15.712+0000] {dag.py:4180} INFO - Setting next_dagrun for example_params_ui_tutorial to None, run_after=None
[2025-03-25T17:35:15.724+0000] {processor.py:208} INFO - Processing /home/airflow/.local/lib/python3.12/site-packages/airflow/example_dags/example_params_ui_tutorial.py took 0.069 seconds
[2025-03-25T18:09:39.237+0000] {processor.py:186} INFO - Started process (PID=4511) to work on /home/airflow/.local/lib/python3.12/site-packages/airflow/example_dags/example_params_ui_tutorial.py
[2025-03-25T18:09:39.238+0000] {processor.py:914} INFO - Processing file /home/airflow/.local/lib/python3.12/site-packages/airflow/example_dags/example_params_ui_tutorial.py for tasks to queue
[2025-03-25T18:09:39.240+0000] {logging_mixin.py:190} INFO - [2025-03-25T18:09:39.239+0000] {dagbag.py:588} INFO - Filling up the DagBag from /home/airflow/.local/lib/python3.12/site-packages/airflow/example_dags/example_params_ui_tutorial.py
[2025-03-25T18:09:39.248+0000] {processor.py:925} INFO - DAG(s) 'example_params_ui_tutorial' retrieved from /home/airflow/.local/lib/python3.12/site-packages/airflow/example_dags/example_params_ui_tutorial.py
[2025-03-25T18:09:39.280+0000] {logging_mixin.py:190} INFO - [2025-03-25T18:09:39.280+0000] {dag.py:3239} INFO - Sync 1 DAGs
[2025-03-25T18:09:39.293+0000] {logging_mixin.py:190} INFO - [2025-03-25T18:09:39.292+0000] {dag.py:4180} INFO - Setting next_dagrun for example_params_ui_tutorial to None, run_after=None
[2025-03-25T18:09:39.311+0000] {processor.py:208} INFO - Processing /home/airflow/.local/lib/python3.12/site-packages/airflow/example_dags/example_params_ui_tutorial.py took 0.089 seconds
[2025-03-25T18:27:05.894+0000] {processor.py:186} INFO - Started process (PID=4573) to work on /home/airflow/.local/lib/python3.12/site-packages/airflow/example_dags/example_params_ui_tutorial.py
[2025-03-25T18:27:05.896+0000] {processor.py:914} INFO - Processing file /home/airflow/.local/lib/python3.12/site-packages/airflow/example_dags/example_params_ui_tutorial.py for tasks to queue
[2025-03-25T18:27:05.898+0000] {logging_mixin.py:190} INFO - [2025-03-25T18:27:05.898+0000] {dagbag.py:588} INFO - Filling up the DagBag from /home/airflow/.local/lib/python3.12/site-packages/airflow/example_dags/example_params_ui_tutorial.py
[2025-03-25T18:27:05.907+0000] {processor.py:925} INFO - DAG(s) 'example_params_ui_tutorial' retrieved from /home/airflow/.local/lib/python3.12/site-packages/airflow/example_dags/example_params_ui_tutorial.py
[2025-03-25T18:27:05.949+0000] {logging_mixin.py:190} INFO - [2025-03-25T18:27:05.948+0000] {dag.py:3239} INFO - Sync 1 DAGs
[2025-03-25T18:27:05.968+0000] {logging_mixin.py:190} INFO - [2025-03-25T18:27:05.967+0000] {dag.py:4180} INFO - Setting next_dagrun for example_params_ui_tutorial to None, run_after=None
[2025-03-25T18:27:06.010+0000] {processor.py:208} INFO - Processing /home/airflow/.local/lib/python3.12/site-packages/airflow/example_dags/example_params_ui_tutorial.py took 0.122 seconds
[2025-03-25T18:42:07.694+0000] {processor.py:186} INFO - Started process (PID=4635) to work on /home/airflow/.local/lib/python3.12/site-packages/airflow/example_dags/example_params_ui_tutorial.py
[2025-03-25T18:42:07.696+0000] {processor.py:914} INFO - Processing file /home/airflow/.local/lib/python3.12/site-packages/airflow/example_dags/example_params_ui_tutorial.py for tasks to queue
[2025-03-25T18:42:07.699+0000] {logging_mixin.py:190} INFO - [2025-03-25T18:42:07.699+0000] {dagbag.py:588} INFO - Filling up the DagBag from /home/airflow/.local/lib/python3.12/site-packages/airflow/example_dags/example_params_ui_tutorial.py
[2025-03-25T18:42:07.708+0000] {processor.py:925} INFO - DAG(s) 'example_params_ui_tutorial' retrieved from /home/airflow/.local/lib/python3.12/site-packages/airflow/example_dags/example_params_ui_tutorial.py
[2025-03-25T18:42:07.741+0000] {logging_mixin.py:190} INFO - [2025-03-25T18:42:07.741+0000] {dag.py:3239} INFO - Sync 1 DAGs
[2025-03-25T18:42:07.749+0000] {logging_mixin.py:190} INFO - [2025-03-25T18:42:07.749+0000] {dag.py:4180} INFO - Setting next_dagrun for example_params_ui_tutorial to None, run_after=None
[2025-03-25T18:42:07.777+0000] {processor.py:208} INFO - Processing /home/airflow/.local/lib/python3.12/site-packages/airflow/example_dags/example_params_ui_tutorial.py took 0.087 seconds
[2025-03-25T18:59:08.179+0000] {processor.py:186} INFO - Started process (PID=4697) to work on /home/airflow/.local/lib/python3.12/site-packages/airflow/example_dags/example_params_ui_tutorial.py
[2025-03-25T18:59:08.183+0000] {processor.py:914} INFO - Processing file /home/airflow/.local/lib/python3.12/site-packages/airflow/example_dags/example_params_ui_tutorial.py for tasks to queue
[2025-03-25T18:59:08.186+0000] {logging_mixin.py:190} INFO - [2025-03-25T18:59:08.185+0000] {dagbag.py:588} INFO - Filling up the DagBag from /home/airflow/.local/lib/python3.12/site-packages/airflow/example_dags/example_params_ui_tutorial.py
[2025-03-25T18:59:08.194+0000] {processor.py:925} INFO - DAG(s) 'example_params_ui_tutorial' retrieved from /home/airflow/.local/lib/python3.12/site-packages/airflow/example_dags/example_params_ui_tutorial.py
[2025-03-25T18:59:08.229+0000] {logging_mixin.py:190} INFO - [2025-03-25T18:59:08.229+0000] {dag.py:3239} INFO - Sync 1 DAGs
[2025-03-25T18:59:08.244+0000] {logging_mixin.py:190} INFO - [2025-03-25T18:59:08.244+0000] {dag.py:4180} INFO - Setting next_dagrun for example_params_ui_tutorial to None, run_after=None
[2025-03-25T18:59:08.258+0000] {processor.py:208} INFO - Processing /home/airflow/.local/lib/python3.12/site-packages/airflow/example_dags/example_params_ui_tutorial.py took 0.087 seconds
[2025-03-25T19:16:52.991+0000] {processor.py:186} INFO - Started process (PID=4759) to work on /home/airflow/.local/lib/python3.12/site-packages/airflow/example_dags/example_params_ui_tutorial.py
[2025-03-25T19:16:52.992+0000] {processor.py:914} INFO - Processing file /home/airflow/.local/lib/python3.12/site-packages/airflow/example_dags/example_params_ui_tutorial.py for tasks to queue
[2025-03-25T19:16:52.993+0000] {logging_mixin.py:190} INFO - [2025-03-25T19:16:52.993+0000] {dagbag.py:588} INFO - Filling up the DagBag from /home/airflow/.local/lib/python3.12/site-packages/airflow/example_dags/example_params_ui_tutorial.py
[2025-03-25T19:16:53.002+0000] {processor.py:925} INFO - DAG(s) 'example_params_ui_tutorial' retrieved from /home/airflow/.local/lib/python3.12/site-packages/airflow/example_dags/example_params_ui_tutorial.py
[2025-03-25T19:16:53.033+0000] {logging_mixin.py:190} INFO - [2025-03-25T19:16:53.033+0000] {dag.py:3239} INFO - Sync 1 DAGs
[2025-03-25T19:16:53.044+0000] {logging_mixin.py:190} INFO - [2025-03-25T19:16:53.044+0000] {dag.py:4180} INFO - Setting next_dagrun for example_params_ui_tutorial to None, run_after=None
[2025-03-25T19:16:53.058+0000] {processor.py:208} INFO - Processing /home/airflow/.local/lib/python3.12/site-packages/airflow/example_dags/example_params_ui_tutorial.py took 0.074 seconds
[2025-03-25T19:34:36.281+0000] {processor.py:186} INFO - Started process (PID=4821) to work on /home/airflow/.local/lib/python3.12/site-packages/airflow/example_dags/example_params_ui_tutorial.py
[2025-03-25T19:34:36.283+0000] {processor.py:914} INFO - Processing file /home/airflow/.local/lib/python3.12/site-packages/airflow/example_dags/example_params_ui_tutorial.py for tasks to queue
[2025-03-25T19:34:36.286+0000] {logging_mixin.py:190} INFO - [2025-03-25T19:34:36.286+0000] {dagbag.py:588} INFO - Filling up the DagBag from /home/airflow/.local/lib/python3.12/site-packages/airflow/example_dags/example_params_ui_tutorial.py
[2025-03-25T19:34:36.293+0000] {processor.py:925} INFO - DAG(s) 'example_params_ui_tutorial' retrieved from /home/airflow/.local/lib/python3.12/site-packages/airflow/example_dags/example_params_ui_tutorial.py
[2025-03-25T19:34:36.326+0000] {logging_mixin.py:190} INFO - [2025-03-25T19:34:36.325+0000] {dag.py:3239} INFO - Sync 1 DAGs
[2025-03-25T19:34:36.338+0000] {logging_mixin.py:190} INFO - [2025-03-25T19:34:36.338+0000] {dag.py:4180} INFO - Setting next_dagrun for example_params_ui_tutorial to None, run_after=None
[2025-03-25T19:34:36.352+0000] {processor.py:208} INFO - Processing /home/airflow/.local/lib/python3.12/site-packages/airflow/example_dags/example_params_ui_tutorial.py took 0.078 seconds
[2025-03-25T19:52:06.957+0000] {processor.py:186} INFO - Started process (PID=4883) to work on /home/airflow/.local/lib/python3.12/site-packages/airflow/example_dags/example_params_ui_tutorial.py
[2025-03-25T19:52:06.959+0000] {processor.py:914} INFO - Processing file /home/airflow/.local/lib/python3.12/site-packages/airflow/example_dags/example_params_ui_tutorial.py for tasks to queue
[2025-03-25T19:52:06.962+0000] {logging_mixin.py:190} INFO - [2025-03-25T19:52:06.962+0000] {dagbag.py:588} INFO - Filling up the DagBag from /home/airflow/.local/lib/python3.12/site-packages/airflow/example_dags/example_params_ui_tutorial.py
[2025-03-25T19:52:06.967+0000] {processor.py:925} INFO - DAG(s) 'example_params_ui_tutorial' retrieved from /home/airflow/.local/lib/python3.12/site-packages/airflow/example_dags/example_params_ui_tutorial.py
[2025-03-25T19:52:06.996+0000] {logging_mixin.py:190} INFO - [2025-03-25T19:52:06.996+0000] {dag.py:3239} INFO - Sync 1 DAGs
[2025-03-25T19:52:07.004+0000] {logging_mixin.py:190} INFO - [2025-03-25T19:52:07.004+0000] {dag.py:4180} INFO - Setting next_dagrun for example_params_ui_tutorial to None, run_after=None
[2025-03-25T19:52:07.020+0000] {processor.py:208} INFO - Processing /home/airflow/.local/lib/python3.12/site-packages/airflow/example_dags/example_params_ui_tutorial.py took 0.068 seconds
[2025-03-25T20:09:22.423+0000] {processor.py:186} INFO - Started process (PID=4945) to work on /home/airflow/.local/lib/python3.12/site-packages/airflow/example_dags/example_params_ui_tutorial.py
[2025-03-25T20:09:22.424+0000] {processor.py:914} INFO - Processing file /home/airflow/.local/lib/python3.12/site-packages/airflow/example_dags/example_params_ui_tutorial.py for tasks to queue
[2025-03-25T20:09:22.425+0000] {logging_mixin.py:190} INFO - [2025-03-25T20:09:22.425+0000] {dagbag.py:588} INFO - Filling up the DagBag from /home/airflow/.local/lib/python3.12/site-packages/airflow/example_dags/example_params_ui_tutorial.py
[2025-03-25T20:09:22.431+0000] {processor.py:925} INFO - DAG(s) 'example_params_ui_tutorial' retrieved from /home/airflow/.local/lib/python3.12/site-packages/airflow/example_dags/example_params_ui_tutorial.py
[2025-03-25T20:09:22.453+0000] {logging_mixin.py:190} INFO - [2025-03-25T20:09:22.453+0000] {dag.py:3239} INFO - Sync 1 DAGs
[2025-03-25T20:09:22.461+0000] {logging_mixin.py:190} INFO - [2025-03-25T20:09:22.461+0000] {dag.py:4180} INFO - Setting next_dagrun for example_params_ui_tutorial to None, run_after=None
[2025-03-25T20:09:22.472+0000] {processor.py:208} INFO - Processing /home/airflow/.local/lib/python3.12/site-packages/airflow/example_dags/example_params_ui_tutorial.py took 0.053 seconds
[2025-03-25T20:35:22.803+0000] {processor.py:186} INFO - Started process (PID=5007) to work on /home/airflow/.local/lib/python3.12/site-packages/airflow/example_dags/example_params_ui_tutorial.py
[2025-03-25T20:35:22.806+0000] {processor.py:914} INFO - Processing file /home/airflow/.local/lib/python3.12/site-packages/airflow/example_dags/example_params_ui_tutorial.py for tasks to queue
[2025-03-25T20:35:22.810+0000] {logging_mixin.py:190} INFO - [2025-03-25T20:35:22.810+0000] {dagbag.py:588} INFO - Filling up the DagBag from /home/airflow/.local/lib/python3.12/site-packages/airflow/example_dags/example_params_ui_tutorial.py
[2025-03-25T20:35:22.819+0000] {processor.py:925} INFO - DAG(s) 'example_params_ui_tutorial' retrieved from /home/airflow/.local/lib/python3.12/site-packages/airflow/example_dags/example_params_ui_tutorial.py
[2025-03-25T20:35:22.859+0000] {logging_mixin.py:190} INFO - [2025-03-25T20:35:22.858+0000] {dag.py:3239} INFO - Sync 1 DAGs
[2025-03-25T20:35:22.873+0000] {logging_mixin.py:190} INFO - [2025-03-25T20:35:22.873+0000] {dag.py:4180} INFO - Setting next_dagrun for example_params_ui_tutorial to None, run_after=None
[2025-03-25T20:35:22.885+0000] {processor.py:208} INFO - Processing /home/airflow/.local/lib/python3.12/site-packages/airflow/example_dags/example_params_ui_tutorial.py took 0.088 seconds
[2025-03-25T20:51:44.203+0000] {processor.py:186} INFO - Started process (PID=5069) to work on /home/airflow/.local/lib/python3.12/site-packages/airflow/example_dags/example_params_ui_tutorial.py
[2025-03-25T20:51:44.204+0000] {processor.py:914} INFO - Processing file /home/airflow/.local/lib/python3.12/site-packages/airflow/example_dags/example_params_ui_tutorial.py for tasks to queue
[2025-03-25T20:51:44.206+0000] {logging_mixin.py:190} INFO - [2025-03-25T20:51:44.206+0000] {dagbag.py:588} INFO - Filling up the DagBag from /home/airflow/.local/lib/python3.12/site-packages/airflow/example_dags/example_params_ui_tutorial.py
[2025-03-25T20:51:44.212+0000] {processor.py:925} INFO - DAG(s) 'example_params_ui_tutorial' retrieved from /home/airflow/.local/lib/python3.12/site-packages/airflow/example_dags/example_params_ui_tutorial.py
[2025-03-25T20:51:44.246+0000] {logging_mixin.py:190} INFO - [2025-03-25T20:51:44.246+0000] {dag.py:3239} INFO - Sync 1 DAGs
[2025-03-25T20:51:44.256+0000] {logging_mixin.py:190} INFO - [2025-03-25T20:51:44.255+0000] {dag.py:4180} INFO - Setting next_dagrun for example_params_ui_tutorial to None, run_after=None
[2025-03-25T20:51:44.271+0000] {processor.py:208} INFO - Processing /home/airflow/.local/lib/python3.12/site-packages/airflow/example_dags/example_params_ui_tutorial.py took 0.072 seconds
[2025-03-25T21:22:50.810+0000] {processor.py:186} INFO - Started process (PID=5131) to work on /home/airflow/.local/lib/python3.12/site-packages/airflow/example_dags/example_params_ui_tutorial.py
[2025-03-25T21:22:50.815+0000] {processor.py:914} INFO - Processing file /home/airflow/.local/lib/python3.12/site-packages/airflow/example_dags/example_params_ui_tutorial.py for tasks to queue
[2025-03-25T21:22:50.832+0000] {logging_mixin.py:190} INFO - [2025-03-25T21:22:50.832+0000] {dagbag.py:588} INFO - Filling up the DagBag from /home/airflow/.local/lib/python3.12/site-packages/airflow/example_dags/example_params_ui_tutorial.py
[2025-03-25T21:22:50.867+0000] {processor.py:925} INFO - DAG(s) 'example_params_ui_tutorial' retrieved from /home/airflow/.local/lib/python3.12/site-packages/airflow/example_dags/example_params_ui_tutorial.py
[2025-03-25T21:22:50.907+0000] {logging_mixin.py:190} INFO - [2025-03-25T21:22:50.907+0000] {dag.py:3239} INFO - Sync 1 DAGs
[2025-03-25T21:22:50.923+0000] {logging_mixin.py:190} INFO - [2025-03-25T21:22:50.923+0000] {dag.py:4180} INFO - Setting next_dagrun for example_params_ui_tutorial to None, run_after=None
[2025-03-25T21:22:50.937+0000] {processor.py:208} INFO - Processing /home/airflow/.local/lib/python3.12/site-packages/airflow/example_dags/example_params_ui_tutorial.py took 0.142 seconds
[2025-03-25T21:36:25.940+0000] {processor.py:186} INFO - Started process (PID=5193) to work on /home/airflow/.local/lib/python3.12/site-packages/airflow/example_dags/example_params_ui_tutorial.py
[2025-03-25T21:36:25.972+0000] {processor.py:914} INFO - Processing file /home/airflow/.local/lib/python3.12/site-packages/airflow/example_dags/example_params_ui_tutorial.py for tasks to queue
[2025-03-25T21:36:25.981+0000] {logging_mixin.py:190} INFO - [2025-03-25T21:36:25.979+0000] {dagbag.py:588} INFO - Filling up the DagBag from /home/airflow/.local/lib/python3.12/site-packages/airflow/example_dags/example_params_ui_tutorial.py
[2025-03-25T21:36:26.006+0000] {processor.py:925} INFO - DAG(s) 'example_params_ui_tutorial' retrieved from /home/airflow/.local/lib/python3.12/site-packages/airflow/example_dags/example_params_ui_tutorial.py
[2025-03-25T21:36:26.056+0000] {logging_mixin.py:190} INFO - [2025-03-25T21:36:26.055+0000] {dag.py:3239} INFO - Sync 1 DAGs
[2025-03-25T21:36:26.072+0000] {logging_mixin.py:190} INFO - [2025-03-25T21:36:26.072+0000] {dag.py:4180} INFO - Setting next_dagrun for example_params_ui_tutorial to None, run_after=None
[2025-03-25T21:36:26.099+0000] {processor.py:208} INFO - Processing /home/airflow/.local/lib/python3.12/site-packages/airflow/example_dags/example_params_ui_tutorial.py took 0.166 seconds
[2025-03-25T21:45:42.181+0000] {processor.py:186} INFO - Started process (PID=5255) to work on /home/airflow/.local/lib/python3.12/site-packages/airflow/example_dags/example_params_ui_tutorial.py
[2025-03-25T21:45:42.184+0000] {processor.py:914} INFO - Processing file /home/airflow/.local/lib/python3.12/site-packages/airflow/example_dags/example_params_ui_tutorial.py for tasks to queue
[2025-03-25T21:45:42.187+0000] {logging_mixin.py:190} INFO - [2025-03-25T21:45:42.187+0000] {dagbag.py:588} INFO - Filling up the DagBag from /home/airflow/.local/lib/python3.12/site-packages/airflow/example_dags/example_params_ui_tutorial.py
[2025-03-25T21:45:42.193+0000] {processor.py:925} INFO - DAG(s) 'example_params_ui_tutorial' retrieved from /home/airflow/.local/lib/python3.12/site-packages/airflow/example_dags/example_params_ui_tutorial.py
[2025-03-25T21:45:42.219+0000] {logging_mixin.py:190} INFO - [2025-03-25T21:45:42.218+0000] {dag.py:3239} INFO - Sync 1 DAGs
[2025-03-25T21:45:42.227+0000] {logging_mixin.py:190} INFO - [2025-03-25T21:45:42.227+0000] {dag.py:4180} INFO - Setting next_dagrun for example_params_ui_tutorial to None, run_after=None
[2025-03-25T21:45:42.241+0000] {processor.py:208} INFO - Processing /home/airflow/.local/lib/python3.12/site-packages/airflow/example_dags/example_params_ui_tutorial.py took 0.067 seconds
[2025-03-25T22:03:48.852+0000] {processor.py:186} INFO - Started process (PID=5317) to work on /home/airflow/.local/lib/python3.12/site-packages/airflow/example_dags/example_params_ui_tutorial.py
[2025-03-25T22:03:48.853+0000] {processor.py:914} INFO - Processing file /home/airflow/.local/lib/python3.12/site-packages/airflow/example_dags/example_params_ui_tutorial.py for tasks to queue
[2025-03-25T22:03:48.855+0000] {logging_mixin.py:190} INFO - [2025-03-25T22:03:48.855+0000] {dagbag.py:588} INFO - Filling up the DagBag from /home/airflow/.local/lib/python3.12/site-packages/airflow/example_dags/example_params_ui_tutorial.py
[2025-03-25T22:03:48.867+0000] {processor.py:925} INFO - DAG(s) 'example_params_ui_tutorial' retrieved from /home/airflow/.local/lib/python3.12/site-packages/airflow/example_dags/example_params_ui_tutorial.py
[2025-03-25T22:03:48.903+0000] {logging_mixin.py:190} INFO - [2025-03-25T22:03:48.903+0000] {dag.py:3239} INFO - Sync 1 DAGs
[2025-03-25T22:03:48.911+0000] {logging_mixin.py:190} INFO - [2025-03-25T22:03:48.911+0000] {dag.py:4180} INFO - Setting next_dagrun for example_params_ui_tutorial to None, run_after=None
[2025-03-25T22:03:48.927+0000] {processor.py:208} INFO - Processing /home/airflow/.local/lib/python3.12/site-packages/airflow/example_dags/example_params_ui_tutorial.py took 0.078 seconds
[2025-03-25T22:19:23.823+0000] {processor.py:186} INFO - Started process (PID=5378) to work on /home/airflow/.local/lib/python3.12/site-packages/airflow/example_dags/example_params_ui_tutorial.py
[2025-03-25T22:19:23.824+0000] {processor.py:914} INFO - Processing file /home/airflow/.local/lib/python3.12/site-packages/airflow/example_dags/example_params_ui_tutorial.py for tasks to queue
[2025-03-25T22:19:23.825+0000] {logging_mixin.py:190} INFO - [2025-03-25T22:19:23.825+0000] {dagbag.py:588} INFO - Filling up the DagBag from /home/airflow/.local/lib/python3.12/site-packages/airflow/example_dags/example_params_ui_tutorial.py
[2025-03-25T22:19:23.830+0000] {processor.py:925} INFO - DAG(s) 'example_params_ui_tutorial' retrieved from /home/airflow/.local/lib/python3.12/site-packages/airflow/example_dags/example_params_ui_tutorial.py
[2025-03-25T22:19:23.858+0000] {logging_mixin.py:190} INFO - [2025-03-25T22:19:23.858+0000] {dag.py:3239} INFO - Sync 1 DAGs
[2025-03-25T22:19:23.866+0000] {logging_mixin.py:190} INFO - [2025-03-25T22:19:23.866+0000] {dag.py:4180} INFO - Setting next_dagrun for example_params_ui_tutorial to None, run_after=None
[2025-03-25T22:19:23.878+0000] {processor.py:208} INFO - Processing /home/airflow/.local/lib/python3.12/site-packages/airflow/example_dags/example_params_ui_tutorial.py took 0.058 seconds
[2025-03-25T22:52:42.709+0000] {processor.py:186} INFO - Started process (PID=5440) to work on /home/airflow/.local/lib/python3.12/site-packages/airflow/example_dags/example_params_ui_tutorial.py
[2025-03-25T22:52:42.710+0000] {processor.py:914} INFO - Processing file /home/airflow/.local/lib/python3.12/site-packages/airflow/example_dags/example_params_ui_tutorial.py for tasks to queue
[2025-03-25T22:52:42.712+0000] {logging_mixin.py:190} INFO - [2025-03-25T22:52:42.712+0000] {dagbag.py:588} INFO - Filling up the DagBag from /home/airflow/.local/lib/python3.12/site-packages/airflow/example_dags/example_params_ui_tutorial.py
[2025-03-25T22:52:42.721+0000] {processor.py:925} INFO - DAG(s) 'example_params_ui_tutorial' retrieved from /home/airflow/.local/lib/python3.12/site-packages/airflow/example_dags/example_params_ui_tutorial.py
[2025-03-25T22:52:42.751+0000] {logging_mixin.py:190} INFO - [2025-03-25T22:52:42.751+0000] {dag.py:3239} INFO - Sync 1 DAGs
[2025-03-25T22:52:42.762+0000] {logging_mixin.py:190} INFO - [2025-03-25T22:52:42.762+0000] {dag.py:4180} INFO - Setting next_dagrun for example_params_ui_tutorial to None, run_after=None
[2025-03-25T22:52:42.771+0000] {processor.py:208} INFO - Processing /home/airflow/.local/lib/python3.12/site-packages/airflow/example_dags/example_params_ui_tutorial.py took 0.066 seconds
[2025-03-25T23:09:41.041+0000] {processor.py:186} INFO - Started process (PID=5502) to work on /home/airflow/.local/lib/python3.12/site-packages/airflow/example_dags/example_params_ui_tutorial.py
[2025-03-25T23:09:41.042+0000] {processor.py:914} INFO - Processing file /home/airflow/.local/lib/python3.12/site-packages/airflow/example_dags/example_params_ui_tutorial.py for tasks to queue
[2025-03-25T23:09:41.044+0000] {logging_mixin.py:190} INFO - [2025-03-25T23:09:41.044+0000] {dagbag.py:588} INFO - Filling up the DagBag from /home/airflow/.local/lib/python3.12/site-packages/airflow/example_dags/example_params_ui_tutorial.py
[2025-03-25T23:09:41.056+0000] {processor.py:925} INFO - DAG(s) 'example_params_ui_tutorial' retrieved from /home/airflow/.local/lib/python3.12/site-packages/airflow/example_dags/example_params_ui_tutorial.py
[2025-03-25T23:09:41.091+0000] {logging_mixin.py:190} INFO - [2025-03-25T23:09:41.091+0000] {dag.py:3239} INFO - Sync 1 DAGs
[2025-03-25T23:09:41.099+0000] {logging_mixin.py:190} INFO - [2025-03-25T23:09:41.099+0000] {dag.py:4180} INFO - Setting next_dagrun for example_params_ui_tutorial to None, run_after=None
[2025-03-25T23:09:41.108+0000] {processor.py:208} INFO - Processing /home/airflow/.local/lib/python3.12/site-packages/airflow/example_dags/example_params_ui_tutorial.py took 0.072 seconds
[2025-03-25T23:27:26.310+0000] {processor.py:186} INFO - Started process (PID=5564) to work on /home/airflow/.local/lib/python3.12/site-packages/airflow/example_dags/example_params_ui_tutorial.py
[2025-03-25T23:27:26.311+0000] {processor.py:914} INFO - Processing file /home/airflow/.local/lib/python3.12/site-packages/airflow/example_dags/example_params_ui_tutorial.py for tasks to queue
[2025-03-25T23:27:26.317+0000] {logging_mixin.py:190} INFO - [2025-03-25T23:27:26.316+0000] {dagbag.py:588} INFO - Filling up the DagBag from /home/airflow/.local/lib/python3.12/site-packages/airflow/example_dags/example_params_ui_tutorial.py
[2025-03-25T23:27:26.336+0000] {processor.py:925} INFO - DAG(s) 'example_params_ui_tutorial' retrieved from /home/airflow/.local/lib/python3.12/site-packages/airflow/example_dags/example_params_ui_tutorial.py
[2025-03-25T23:27:26.403+0000] {logging_mixin.py:190} INFO - [2025-03-25T23:27:26.402+0000] {dag.py:3239} INFO - Sync 1 DAGs
[2025-03-25T23:27:26.415+0000] {logging_mixin.py:190} INFO - [2025-03-25T23:27:26.415+0000] {dag.py:4180} INFO - Setting next_dagrun for example_params_ui_tutorial to None, run_after=None
[2025-03-25T23:27:26.429+0000] {processor.py:208} INFO - Processing /home/airflow/.local/lib/python3.12/site-packages/airflow/example_dags/example_params_ui_tutorial.py took 0.123 seconds
[2025-03-25T23:53:55.096+0000] {processor.py:186} INFO - Started process (PID=5626) to work on /home/airflow/.local/lib/python3.12/site-packages/airflow/example_dags/example_params_ui_tutorial.py
[2025-03-25T23:53:55.098+0000] {processor.py:914} INFO - Processing file /home/airflow/.local/lib/python3.12/site-packages/airflow/example_dags/example_params_ui_tutorial.py for tasks to queue
[2025-03-25T23:53:55.099+0000] {logging_mixin.py:190} INFO - [2025-03-25T23:53:55.099+0000] {dagbag.py:588} INFO - Filling up the DagBag from /home/airflow/.local/lib/python3.12/site-packages/airflow/example_dags/example_params_ui_tutorial.py
[2025-03-25T23:53:55.109+0000] {processor.py:925} INFO - DAG(s) 'example_params_ui_tutorial' retrieved from /home/airflow/.local/lib/python3.12/site-packages/airflow/example_dags/example_params_ui_tutorial.py
[2025-03-25T23:53:55.142+0000] {logging_mixin.py:190} INFO - [2025-03-25T23:53:55.141+0000] {dag.py:3239} INFO - Sync 1 DAGs
[2025-03-25T23:53:55.153+0000] {logging_mixin.py:190} INFO - [2025-03-25T23:53:55.153+0000] {dag.py:4180} INFO - Setting next_dagrun for example_params_ui_tutorial to None, run_after=None
[2025-03-25T23:53:55.168+0000] {processor.py:208} INFO - Processing /home/airflow/.local/lib/python3.12/site-packages/airflow/example_dags/example_params_ui_tutorial.py took 0.079 seconds
