[2025-03-25T00:06:43.516+0000] {processor.py:186} INFO - Started process (PID=724) to work on /home/airflow/.local/lib/python3.12/site-packages/airflow/example_dags/example_task_group_decorator.py
[2025-03-25T00:06:43.518+0000] {processor.py:914} INFO - Processing file /home/airflow/.local/lib/python3.12/site-packages/airflow/example_dags/example_task_group_decorator.py for tasks to queue
[2025-03-25T00:06:43.526+0000] {logging_mixin.py:190} INFO - [2025-03-25T00:06:43.526+0000] {dagbag.py:588} INFO - Filling up the DagBag from /home/airflow/.local/lib/python3.12/site-packages/airflow/example_dags/example_task_group_decorator.py
[2025-03-25T00:06:43.554+0000] {processor.py:925} INFO - DAG(s) 'example_task_group_decorator' retrieved from /home/airflow/.local/lib/python3.12/site-packages/airflow/example_dags/example_task_group_decorator.py
[2025-03-25T00:06:43.584+0000] {logging_mixin.py:190} INFO - [2025-03-25T00:06:43.584+0000] {dag.py:3239} INFO - Sync 1 DAGs
[2025-03-25T00:06:43.602+0000] {logging_mixin.py:190} INFO - [2025-03-25T00:06:43.601+0000] {dag.py:4180} INFO - Setting next_dagrun for example_task_group_decorator to None, run_after=None
[2025-03-25T00:06:43.631+0000] {processor.py:208} INFO - Processing /home/airflow/.local/lib/python3.12/site-packages/airflow/example_dags/example_task_group_decorator.py took 0.131 seconds
[2025-03-25T00:23:54.844+0000] {processor.py:186} INFO - Started process (PID=786) to work on /home/airflow/.local/lib/python3.12/site-packages/airflow/example_dags/example_task_group_decorator.py
[2025-03-25T00:23:54.849+0000] {processor.py:914} INFO - Processing file /home/airflow/.local/lib/python3.12/site-packages/airflow/example_dags/example_task_group_decorator.py for tasks to queue
[2025-03-25T00:23:54.863+0000] {logging_mixin.py:190} INFO - [2025-03-25T00:23:54.862+0000] {dagbag.py:588} INFO - Filling up the DagBag from /home/airflow/.local/lib/python3.12/site-packages/airflow/example_dags/example_task_group_decorator.py
[2025-03-25T00:23:54.903+0000] {processor.py:925} INFO - DAG(s) 'example_task_group_decorator' retrieved from /home/airflow/.local/lib/python3.12/site-packages/airflow/example_dags/example_task_group_decorator.py
[2025-03-25T00:23:54.940+0000] {logging_mixin.py:190} INFO - [2025-03-25T00:23:54.940+0000] {dag.py:3239} INFO - Sync 1 DAGs
[2025-03-25T00:23:54.962+0000] {logging_mixin.py:190} INFO - [2025-03-25T00:23:54.962+0000] {dag.py:4180} INFO - Setting next_dagrun for example_task_group_decorator to None, run_after=None
[2025-03-25T00:23:54.981+0000] {processor.py:208} INFO - Processing /home/airflow/.local/lib/python3.12/site-packages/airflow/example_dags/example_task_group_decorator.py took 0.163 seconds
[2025-03-25T00:40:34.897+0000] {processor.py:186} INFO - Started process (PID=848) to work on /home/airflow/.local/lib/python3.12/site-packages/airflow/example_dags/example_task_group_decorator.py
[2025-03-25T00:40:34.899+0000] {processor.py:914} INFO - Processing file /home/airflow/.local/lib/python3.12/site-packages/airflow/example_dags/example_task_group_decorator.py for tasks to queue
[2025-03-25T00:40:34.906+0000] {logging_mixin.py:190} INFO - [2025-03-25T00:40:34.906+0000] {dagbag.py:588} INFO - Filling up the DagBag from /home/airflow/.local/lib/python3.12/site-packages/airflow/example_dags/example_task_group_decorator.py
[2025-03-25T00:40:34.931+0000] {processor.py:925} INFO - DAG(s) 'example_task_group_decorator' retrieved from /home/airflow/.local/lib/python3.12/site-packages/airflow/example_dags/example_task_group_decorator.py
[2025-03-25T00:40:34.964+0000] {logging_mixin.py:190} INFO - [2025-03-25T00:40:34.963+0000] {dag.py:3239} INFO - Sync 1 DAGs
[2025-03-25T00:40:34.981+0000] {logging_mixin.py:190} INFO - [2025-03-25T00:40:34.981+0000] {dag.py:4180} INFO - Setting next_dagrun for example_task_group_decorator to None, run_after=None
[2025-03-25T00:40:35.002+0000] {processor.py:208} INFO - Processing /home/airflow/.local/lib/python3.12/site-packages/airflow/example_dags/example_task_group_decorator.py took 0.122 seconds
[2025-03-25T00:58:49.982+0000] {processor.py:186} INFO - Started process (PID=910) to work on /home/airflow/.local/lib/python3.12/site-packages/airflow/example_dags/example_task_group_decorator.py
[2025-03-25T00:58:49.986+0000] {processor.py:914} INFO - Processing file /home/airflow/.local/lib/python3.12/site-packages/airflow/example_dags/example_task_group_decorator.py for tasks to queue
[2025-03-25T00:58:49.994+0000] {logging_mixin.py:190} INFO - [2025-03-25T00:58:49.993+0000] {dagbag.py:588} INFO - Filling up the DagBag from /home/airflow/.local/lib/python3.12/site-packages/airflow/example_dags/example_task_group_decorator.py
[2025-03-25T00:58:50.019+0000] {processor.py:925} INFO - DAG(s) 'example_task_group_decorator' retrieved from /home/airflow/.local/lib/python3.12/site-packages/airflow/example_dags/example_task_group_decorator.py
[2025-03-25T00:58:50.050+0000] {logging_mixin.py:190} INFO - [2025-03-25T00:58:50.050+0000] {dag.py:3239} INFO - Sync 1 DAGs
[2025-03-25T00:58:50.076+0000] {logging_mixin.py:190} INFO - [2025-03-25T00:58:50.076+0000] {dag.py:4180} INFO - Setting next_dagrun for example_task_group_decorator to None, run_after=None
[2025-03-25T00:58:50.100+0000] {processor.py:208} INFO - Processing /home/airflow/.local/lib/python3.12/site-packages/airflow/example_dags/example_task_group_decorator.py took 0.133 seconds
[2025-03-25T01:32:05.019+0000] {processor.py:186} INFO - Started process (PID=972) to work on /home/airflow/.local/lib/python3.12/site-packages/airflow/example_dags/example_task_group_decorator.py
[2025-03-25T01:32:05.022+0000] {processor.py:914} INFO - Processing file /home/airflow/.local/lib/python3.12/site-packages/airflow/example_dags/example_task_group_decorator.py for tasks to queue
[2025-03-25T01:32:05.028+0000] {logging_mixin.py:190} INFO - [2025-03-25T01:32:05.027+0000] {dagbag.py:588} INFO - Filling up the DagBag from /home/airflow/.local/lib/python3.12/site-packages/airflow/example_dags/example_task_group_decorator.py
[2025-03-25T01:32:05.055+0000] {processor.py:925} INFO - DAG(s) 'example_task_group_decorator' retrieved from /home/airflow/.local/lib/python3.12/site-packages/airflow/example_dags/example_task_group_decorator.py
[2025-03-25T01:32:05.087+0000] {logging_mixin.py:190} INFO - [2025-03-25T01:32:05.086+0000] {dag.py:3239} INFO - Sync 1 DAGs
[2025-03-25T01:32:05.108+0000] {logging_mixin.py:190} INFO - [2025-03-25T01:32:05.107+0000] {dag.py:4180} INFO - Setting next_dagrun for example_task_group_decorator to None, run_after=None
[2025-03-25T01:32:05.137+0000] {processor.py:208} INFO - Processing /home/airflow/.local/lib/python3.12/site-packages/airflow/example_dags/example_task_group_decorator.py took 0.135 seconds
[2025-03-25T01:50:28.827+0000] {processor.py:186} INFO - Started process (PID=1034) to work on /home/airflow/.local/lib/python3.12/site-packages/airflow/example_dags/example_task_group_decorator.py
[2025-03-25T01:50:28.829+0000] {processor.py:914} INFO - Processing file /home/airflow/.local/lib/python3.12/site-packages/airflow/example_dags/example_task_group_decorator.py for tasks to queue
[2025-03-25T01:50:28.838+0000] {logging_mixin.py:190} INFO - [2025-03-25T01:50:28.838+0000] {dagbag.py:588} INFO - Filling up the DagBag from /home/airflow/.local/lib/python3.12/site-packages/airflow/example_dags/example_task_group_decorator.py
[2025-03-25T01:50:28.861+0000] {processor.py:925} INFO - DAG(s) 'example_task_group_decorator' retrieved from /home/airflow/.local/lib/python3.12/site-packages/airflow/example_dags/example_task_group_decorator.py
[2025-03-25T01:50:28.903+0000] {logging_mixin.py:190} INFO - [2025-03-25T01:50:28.903+0000] {dag.py:3239} INFO - Sync 1 DAGs
[2025-03-25T01:50:28.928+0000] {logging_mixin.py:190} INFO - [2025-03-25T01:50:28.928+0000] {dag.py:4180} INFO - Setting next_dagrun for example_task_group_decorator to None, run_after=None
[2025-03-25T01:50:28.950+0000] {processor.py:208} INFO - Processing /home/airflow/.local/lib/python3.12/site-packages/airflow/example_dags/example_task_group_decorator.py took 0.143 seconds
[2025-03-25T02:07:03.263+0000] {processor.py:186} INFO - Started process (PID=1096) to work on /home/airflow/.local/lib/python3.12/site-packages/airflow/example_dags/example_task_group_decorator.py
[2025-03-25T02:07:03.266+0000] {processor.py:914} INFO - Processing file /home/airflow/.local/lib/python3.12/site-packages/airflow/example_dags/example_task_group_decorator.py for tasks to queue
[2025-03-25T02:07:03.275+0000] {logging_mixin.py:190} INFO - [2025-03-25T02:07:03.274+0000] {dagbag.py:588} INFO - Filling up the DagBag from /home/airflow/.local/lib/python3.12/site-packages/airflow/example_dags/example_task_group_decorator.py
[2025-03-25T02:07:03.307+0000] {processor.py:925} INFO - DAG(s) 'example_task_group_decorator' retrieved from /home/airflow/.local/lib/python3.12/site-packages/airflow/example_dags/example_task_group_decorator.py
[2025-03-25T02:07:03.337+0000] {logging_mixin.py:190} INFO - [2025-03-25T02:07:03.337+0000] {dag.py:3239} INFO - Sync 1 DAGs
[2025-03-25T02:07:03.351+0000] {logging_mixin.py:190} INFO - [2025-03-25T02:07:03.351+0000] {dag.py:4180} INFO - Setting next_dagrun for example_task_group_decorator to None, run_after=None
[2025-03-25T02:07:03.373+0000] {processor.py:208} INFO - Processing /home/airflow/.local/lib/python3.12/site-packages/airflow/example_dags/example_task_group_decorator.py took 0.128 seconds
[2025-03-25T02:34:28.890+0000] {processor.py:186} INFO - Started process (PID=1158) to work on /home/airflow/.local/lib/python3.12/site-packages/airflow/example_dags/example_task_group_decorator.py
[2025-03-25T02:34:28.934+0000] {processor.py:914} INFO - Processing file /home/airflow/.local/lib/python3.12/site-packages/airflow/example_dags/example_task_group_decorator.py for tasks to queue
[2025-03-25T02:34:28.954+0000] {logging_mixin.py:190} INFO - [2025-03-25T02:34:28.953+0000] {dagbag.py:588} INFO - Filling up the DagBag from /home/airflow/.local/lib/python3.12/site-packages/airflow/example_dags/example_task_group_decorator.py
[2025-03-25T02:34:29.214+0000] {processor.py:925} INFO - DAG(s) 'example_task_group_decorator' retrieved from /home/airflow/.local/lib/python3.12/site-packages/airflow/example_dags/example_task_group_decorator.py
[2025-03-25T02:34:29.281+0000] {logging_mixin.py:190} INFO - [2025-03-25T02:34:29.281+0000] {dag.py:3239} INFO - Sync 1 DAGs
[2025-03-25T02:34:29.326+0000] {logging_mixin.py:190} INFO - [2025-03-25T02:34:29.325+0000] {dag.py:4180} INFO - Setting next_dagrun for example_task_group_decorator to None, run_after=None
[2025-03-25T02:34:29.616+0000] {processor.py:208} INFO - Processing /home/airflow/.local/lib/python3.12/site-packages/airflow/example_dags/example_task_group_decorator.py took 0.945 seconds
[2025-03-25T02:52:23.016+0000] {processor.py:186} INFO - Started process (PID=1220) to work on /home/airflow/.local/lib/python3.12/site-packages/airflow/example_dags/example_task_group_decorator.py
[2025-03-25T02:52:23.018+0000] {processor.py:914} INFO - Processing file /home/airflow/.local/lib/python3.12/site-packages/airflow/example_dags/example_task_group_decorator.py for tasks to queue
[2025-03-25T02:52:23.021+0000] {logging_mixin.py:190} INFO - [2025-03-25T02:52:23.020+0000] {dagbag.py:588} INFO - Filling up the DagBag from /home/airflow/.local/lib/python3.12/site-packages/airflow/example_dags/example_task_group_decorator.py
[2025-03-25T02:52:23.039+0000] {processor.py:925} INFO - DAG(s) 'example_task_group_decorator' retrieved from /home/airflow/.local/lib/python3.12/site-packages/airflow/example_dags/example_task_group_decorator.py
[2025-03-25T02:52:23.061+0000] {logging_mixin.py:190} INFO - [2025-03-25T02:52:23.061+0000] {dag.py:3239} INFO - Sync 1 DAGs
[2025-03-25T02:52:23.076+0000] {logging_mixin.py:190} INFO - [2025-03-25T02:52:23.075+0000] {dag.py:4180} INFO - Setting next_dagrun for example_task_group_decorator to None, run_after=None
[2025-03-25T02:52:23.090+0000] {processor.py:208} INFO - Processing /home/airflow/.local/lib/python3.12/site-packages/airflow/example_dags/example_task_group_decorator.py took 0.086 seconds
[2025-03-25T03:25:33.245+0000] {processor.py:186} INFO - Started process (PID=1282) to work on /home/airflow/.local/lib/python3.12/site-packages/airflow/example_dags/example_task_group_decorator.py
[2025-03-25T03:25:33.253+0000] {processor.py:914} INFO - Processing file /home/airflow/.local/lib/python3.12/site-packages/airflow/example_dags/example_task_group_decorator.py for tasks to queue
[2025-03-25T03:25:33.261+0000] {logging_mixin.py:190} INFO - [2025-03-25T03:25:33.260+0000] {dagbag.py:588} INFO - Filling up the DagBag from /home/airflow/.local/lib/python3.12/site-packages/airflow/example_dags/example_task_group_decorator.py
[2025-03-25T03:25:33.316+0000] {processor.py:925} INFO - DAG(s) 'example_task_group_decorator' retrieved from /home/airflow/.local/lib/python3.12/site-packages/airflow/example_dags/example_task_group_decorator.py
[2025-03-25T03:25:33.363+0000] {logging_mixin.py:190} INFO - [2025-03-25T03:25:33.363+0000] {dag.py:3239} INFO - Sync 1 DAGs
[2025-03-25T03:25:33.400+0000] {logging_mixin.py:190} INFO - [2025-03-25T03:25:33.400+0000] {dag.py:4180} INFO - Setting next_dagrun for example_task_group_decorator to None, run_after=None
[2025-03-25T03:25:33.441+0000] {processor.py:208} INFO - Processing /home/airflow/.local/lib/python3.12/site-packages/airflow/example_dags/example_task_group_decorator.py took 0.222 seconds
[2025-03-25T03:41:21.876+0000] {processor.py:186} INFO - Started process (PID=1344) to work on /home/airflow/.local/lib/python3.12/site-packages/airflow/example_dags/example_task_group_decorator.py
[2025-03-25T03:41:21.882+0000] {processor.py:914} INFO - Processing file /home/airflow/.local/lib/python3.12/site-packages/airflow/example_dags/example_task_group_decorator.py for tasks to queue
[2025-03-25T03:41:21.890+0000] {logging_mixin.py:190} INFO - [2025-03-25T03:41:21.890+0000] {dagbag.py:588} INFO - Filling up the DagBag from /home/airflow/.local/lib/python3.12/site-packages/airflow/example_dags/example_task_group_decorator.py
[2025-03-25T03:41:21.916+0000] {processor.py:925} INFO - DAG(s) 'example_task_group_decorator' retrieved from /home/airflow/.local/lib/python3.12/site-packages/airflow/example_dags/example_task_group_decorator.py
[2025-03-25T03:41:21.951+0000] {logging_mixin.py:190} INFO - [2025-03-25T03:41:21.950+0000] {dag.py:3239} INFO - Sync 1 DAGs
[2025-03-25T03:41:21.968+0000] {logging_mixin.py:190} INFO - [2025-03-25T03:41:21.968+0000] {dag.py:4180} INFO - Setting next_dagrun for example_task_group_decorator to None, run_after=None
[2025-03-25T03:41:21.990+0000] {processor.py:208} INFO - Processing /home/airflow/.local/lib/python3.12/site-packages/airflow/example_dags/example_task_group_decorator.py took 0.131 seconds
[2025-03-25T03:59:17.020+0000] {processor.py:186} INFO - Started process (PID=1407) to work on /home/airflow/.local/lib/python3.12/site-packages/airflow/example_dags/example_task_group_decorator.py
[2025-03-25T03:59:17.023+0000] {processor.py:914} INFO - Processing file /home/airflow/.local/lib/python3.12/site-packages/airflow/example_dags/example_task_group_decorator.py for tasks to queue
[2025-03-25T03:59:17.033+0000] {logging_mixin.py:190} INFO - [2025-03-25T03:59:17.032+0000] {dagbag.py:588} INFO - Filling up the DagBag from /home/airflow/.local/lib/python3.12/site-packages/airflow/example_dags/example_task_group_decorator.py
[2025-03-25T03:59:17.058+0000] {processor.py:925} INFO - DAG(s) 'example_task_group_decorator' retrieved from /home/airflow/.local/lib/python3.12/site-packages/airflow/example_dags/example_task_group_decorator.py
[2025-03-25T03:59:17.096+0000] {logging_mixin.py:190} INFO - [2025-03-25T03:59:17.096+0000] {dag.py:3239} INFO - Sync 1 DAGs
[2025-03-25T03:59:17.119+0000] {logging_mixin.py:190} INFO - [2025-03-25T03:59:17.119+0000] {dag.py:4180} INFO - Setting next_dagrun for example_task_group_decorator to None, run_after=None
[2025-03-25T03:59:17.141+0000] {processor.py:208} INFO - Processing /home/airflow/.local/lib/python3.12/site-packages/airflow/example_dags/example_task_group_decorator.py took 0.146 seconds
[2025-03-25T04:16:30.236+0000] {processor.py:186} INFO - Started process (PID=1469) to work on /home/airflow/.local/lib/python3.12/site-packages/airflow/example_dags/example_task_group_decorator.py
[2025-03-25T04:16:30.240+0000] {processor.py:914} INFO - Processing file /home/airflow/.local/lib/python3.12/site-packages/airflow/example_dags/example_task_group_decorator.py for tasks to queue
[2025-03-25T04:16:30.248+0000] {logging_mixin.py:190} INFO - [2025-03-25T04:16:30.248+0000] {dagbag.py:588} INFO - Filling up the DagBag from /home/airflow/.local/lib/python3.12/site-packages/airflow/example_dags/example_task_group_decorator.py
[2025-03-25T04:16:30.269+0000] {processor.py:925} INFO - DAG(s) 'example_task_group_decorator' retrieved from /home/airflow/.local/lib/python3.12/site-packages/airflow/example_dags/example_task_group_decorator.py
[2025-03-25T04:16:30.310+0000] {logging_mixin.py:190} INFO - [2025-03-25T04:16:30.309+0000] {dag.py:3239} INFO - Sync 1 DAGs
[2025-03-25T04:16:30.329+0000] {logging_mixin.py:190} INFO - [2025-03-25T04:16:30.329+0000] {dag.py:4180} INFO - Setting next_dagrun for example_task_group_decorator to None, run_after=None
[2025-03-25T04:16:30.351+0000] {processor.py:208} INFO - Processing /home/airflow/.local/lib/python3.12/site-packages/airflow/example_dags/example_task_group_decorator.py took 0.138 seconds
[2025-03-25T04:50:04.769+0000] {processor.py:186} INFO - Started process (PID=1531) to work on /home/airflow/.local/lib/python3.12/site-packages/airflow/example_dags/example_task_group_decorator.py
[2025-03-25T04:50:04.774+0000] {processor.py:914} INFO - Processing file /home/airflow/.local/lib/python3.12/site-packages/airflow/example_dags/example_task_group_decorator.py for tasks to queue
[2025-03-25T04:50:04.780+0000] {logging_mixin.py:190} INFO - [2025-03-25T04:50:04.780+0000] {dagbag.py:588} INFO - Filling up the DagBag from /home/airflow/.local/lib/python3.12/site-packages/airflow/example_dags/example_task_group_decorator.py
[2025-03-25T04:50:04.813+0000] {processor.py:925} INFO - DAG(s) 'example_task_group_decorator' retrieved from /home/airflow/.local/lib/python3.12/site-packages/airflow/example_dags/example_task_group_decorator.py
[2025-03-25T04:50:04.843+0000] {logging_mixin.py:190} INFO - [2025-03-25T04:50:04.842+0000] {dag.py:3239} INFO - Sync 1 DAGs
[2025-03-25T04:50:04.858+0000] {logging_mixin.py:190} INFO - [2025-03-25T04:50:04.858+0000] {dag.py:4180} INFO - Setting next_dagrun for example_task_group_decorator to None, run_after=None
[2025-03-25T04:50:04.875+0000] {processor.py:208} INFO - Processing /home/airflow/.local/lib/python3.12/site-packages/airflow/example_dags/example_task_group_decorator.py took 0.129 seconds
[2025-03-25T05:06:00.010+0000] {processor.py:186} INFO - Started process (PID=1593) to work on /home/airflow/.local/lib/python3.12/site-packages/airflow/example_dags/example_task_group_decorator.py
[2025-03-25T05:06:00.015+0000] {processor.py:914} INFO - Processing file /home/airflow/.local/lib/python3.12/site-packages/airflow/example_dags/example_task_group_decorator.py for tasks to queue
[2025-03-25T05:06:00.024+0000] {logging_mixin.py:190} INFO - [2025-03-25T05:06:00.024+0000] {dagbag.py:588} INFO - Filling up the DagBag from /home/airflow/.local/lib/python3.12/site-packages/airflow/example_dags/example_task_group_decorator.py
[2025-03-25T05:06:00.057+0000] {processor.py:925} INFO - DAG(s) 'example_task_group_decorator' retrieved from /home/airflow/.local/lib/python3.12/site-packages/airflow/example_dags/example_task_group_decorator.py
[2025-03-25T05:06:00.093+0000] {logging_mixin.py:190} INFO - [2025-03-25T05:06:00.093+0000] {dag.py:3239} INFO - Sync 1 DAGs
[2025-03-25T05:06:00.123+0000] {logging_mixin.py:190} INFO - [2025-03-25T05:06:00.122+0000] {dag.py:4180} INFO - Setting next_dagrun for example_task_group_decorator to None, run_after=None
[2025-03-25T05:06:00.147+0000] {processor.py:208} INFO - Processing /home/airflow/.local/lib/python3.12/site-packages/airflow/example_dags/example_task_group_decorator.py took 0.160 seconds
[2025-03-25T05:22:36.399+0000] {processor.py:186} INFO - Started process (PID=1655) to work on /home/airflow/.local/lib/python3.12/site-packages/airflow/example_dags/example_task_group_decorator.py
[2025-03-25T05:22:36.401+0000] {processor.py:914} INFO - Processing file /home/airflow/.local/lib/python3.12/site-packages/airflow/example_dags/example_task_group_decorator.py for tasks to queue
[2025-03-25T05:22:36.412+0000] {logging_mixin.py:190} INFO - [2025-03-25T05:22:36.411+0000] {dagbag.py:588} INFO - Filling up the DagBag from /home/airflow/.local/lib/python3.12/site-packages/airflow/example_dags/example_task_group_decorator.py
[2025-03-25T05:22:36.432+0000] {processor.py:925} INFO - DAG(s) 'example_task_group_decorator' retrieved from /home/airflow/.local/lib/python3.12/site-packages/airflow/example_dags/example_task_group_decorator.py
[2025-03-25T05:22:36.462+0000] {logging_mixin.py:190} INFO - [2025-03-25T05:22:36.462+0000] {dag.py:3239} INFO - Sync 1 DAGs
[2025-03-25T05:22:36.478+0000] {logging_mixin.py:190} INFO - [2025-03-25T05:22:36.477+0000] {dag.py:4180} INFO - Setting next_dagrun for example_task_group_decorator to None, run_after=None
[2025-03-25T05:22:36.497+0000] {processor.py:208} INFO - Processing /home/airflow/.local/lib/python3.12/site-packages/airflow/example_dags/example_task_group_decorator.py took 0.113 seconds
[2025-03-25T05:39:20.698+0000] {processor.py:186} INFO - Started process (PID=1717) to work on /home/airflow/.local/lib/python3.12/site-packages/airflow/example_dags/example_task_group_decorator.py
[2025-03-25T05:39:20.700+0000] {processor.py:914} INFO - Processing file /home/airflow/.local/lib/python3.12/site-packages/airflow/example_dags/example_task_group_decorator.py for tasks to queue
[2025-03-25T05:39:20.708+0000] {logging_mixin.py:190} INFO - [2025-03-25T05:39:20.707+0000] {dagbag.py:588} INFO - Filling up the DagBag from /home/airflow/.local/lib/python3.12/site-packages/airflow/example_dags/example_task_group_decorator.py
[2025-03-25T05:39:20.734+0000] {processor.py:925} INFO - DAG(s) 'example_task_group_decorator' retrieved from /home/airflow/.local/lib/python3.12/site-packages/airflow/example_dags/example_task_group_decorator.py
[2025-03-25T05:39:20.760+0000] {logging_mixin.py:190} INFO - [2025-03-25T05:39:20.760+0000] {dag.py:3239} INFO - Sync 1 DAGs
[2025-03-25T05:39:20.781+0000] {logging_mixin.py:190} INFO - [2025-03-25T05:39:20.781+0000] {dag.py:4180} INFO - Setting next_dagrun for example_task_group_decorator to None, run_after=None
[2025-03-25T05:39:20.798+0000] {processor.py:208} INFO - Processing /home/airflow/.local/lib/python3.12/site-packages/airflow/example_dags/example_task_group_decorator.py took 0.115 seconds
[2025-03-25T06:11:22.003+0000] {processor.py:186} INFO - Started process (PID=1779) to work on /home/airflow/.local/lib/python3.12/site-packages/airflow/example_dags/example_task_group_decorator.py
[2025-03-25T06:11:22.005+0000] {processor.py:914} INFO - Processing file /home/airflow/.local/lib/python3.12/site-packages/airflow/example_dags/example_task_group_decorator.py for tasks to queue
[2025-03-25T06:11:22.012+0000] {logging_mixin.py:190} INFO - [2025-03-25T06:11:22.011+0000] {dagbag.py:588} INFO - Filling up the DagBag from /home/airflow/.local/lib/python3.12/site-packages/airflow/example_dags/example_task_group_decorator.py
[2025-03-25T06:11:22.061+0000] {processor.py:925} INFO - DAG(s) 'example_task_group_decorator' retrieved from /home/airflow/.local/lib/python3.12/site-packages/airflow/example_dags/example_task_group_decorator.py
[2025-03-25T06:11:22.114+0000] {logging_mixin.py:190} INFO - [2025-03-25T06:11:22.114+0000] {dag.py:3239} INFO - Sync 1 DAGs
[2025-03-25T06:11:22.142+0000] {logging_mixin.py:190} INFO - [2025-03-25T06:11:22.142+0000] {dag.py:4180} INFO - Setting next_dagrun for example_task_group_decorator to None, run_after=None
[2025-03-25T06:11:22.168+0000] {processor.py:208} INFO - Processing /home/airflow/.local/lib/python3.12/site-packages/airflow/example_dags/example_task_group_decorator.py took 0.195 seconds
[2025-03-25T06:25:10.999+0000] {processor.py:186} INFO - Started process (PID=1841) to work on /home/airflow/.local/lib/python3.12/site-packages/airflow/example_dags/example_task_group_decorator.py
[2025-03-25T06:25:11.001+0000] {processor.py:914} INFO - Processing file /home/airflow/.local/lib/python3.12/site-packages/airflow/example_dags/example_task_group_decorator.py for tasks to queue
[2025-03-25T06:25:11.008+0000] {logging_mixin.py:190} INFO - [2025-03-25T06:25:11.007+0000] {dagbag.py:588} INFO - Filling up the DagBag from /home/airflow/.local/lib/python3.12/site-packages/airflow/example_dags/example_task_group_decorator.py
[2025-03-25T06:25:11.032+0000] {processor.py:925} INFO - DAG(s) 'example_task_group_decorator' retrieved from /home/airflow/.local/lib/python3.12/site-packages/airflow/example_dags/example_task_group_decorator.py
[2025-03-25T06:25:11.060+0000] {logging_mixin.py:190} INFO - [2025-03-25T06:25:11.060+0000] {dag.py:3239} INFO - Sync 1 DAGs
[2025-03-25T06:25:11.080+0000] {logging_mixin.py:190} INFO - [2025-03-25T06:25:11.080+0000] {dag.py:4180} INFO - Setting next_dagrun for example_task_group_decorator to None, run_after=None
[2025-03-25T06:25:11.099+0000] {processor.py:208} INFO - Processing /home/airflow/.local/lib/python3.12/site-packages/airflow/example_dags/example_task_group_decorator.py took 0.120 seconds
[2025-03-25T06:43:36.964+0000] {processor.py:186} INFO - Started process (PID=1903) to work on /home/airflow/.local/lib/python3.12/site-packages/airflow/example_dags/example_task_group_decorator.py
[2025-03-25T06:43:36.968+0000] {processor.py:914} INFO - Processing file /home/airflow/.local/lib/python3.12/site-packages/airflow/example_dags/example_task_group_decorator.py for tasks to queue
[2025-03-25T06:43:36.983+0000] {logging_mixin.py:190} INFO - [2025-03-25T06:43:36.982+0000] {dagbag.py:588} INFO - Filling up the DagBag from /home/airflow/.local/lib/python3.12/site-packages/airflow/example_dags/example_task_group_decorator.py
[2025-03-25T06:43:37.031+0000] {processor.py:925} INFO - DAG(s) 'example_task_group_decorator' retrieved from /home/airflow/.local/lib/python3.12/site-packages/airflow/example_dags/example_task_group_decorator.py
[2025-03-25T06:43:37.151+0000] {logging_mixin.py:190} INFO - [2025-03-25T06:43:37.150+0000] {dag.py:3239} INFO - Sync 1 DAGs
[2025-03-25T06:43:37.187+0000] {logging_mixin.py:190} INFO - [2025-03-25T06:43:37.187+0000] {dag.py:4180} INFO - Setting next_dagrun for example_task_group_decorator to None, run_after=None
[2025-03-25T06:43:37.236+0000] {processor.py:208} INFO - Processing /home/airflow/.local/lib/python3.12/site-packages/airflow/example_dags/example_task_group_decorator.py took 0.295 seconds
[2025-03-25T07:03:46.854+0000] {processor.py:186} INFO - Started process (PID=1965) to work on /home/airflow/.local/lib/python3.12/site-packages/airflow/example_dags/example_task_group_decorator.py
[2025-03-25T07:03:46.856+0000] {processor.py:914} INFO - Processing file /home/airflow/.local/lib/python3.12/site-packages/airflow/example_dags/example_task_group_decorator.py for tasks to queue
[2025-03-25T07:03:46.862+0000] {logging_mixin.py:190} INFO - [2025-03-25T07:03:46.862+0000] {dagbag.py:588} INFO - Filling up the DagBag from /home/airflow/.local/lib/python3.12/site-packages/airflow/example_dags/example_task_group_decorator.py
[2025-03-25T07:03:46.881+0000] {processor.py:925} INFO - DAG(s) 'example_task_group_decorator' retrieved from /home/airflow/.local/lib/python3.12/site-packages/airflow/example_dags/example_task_group_decorator.py
[2025-03-25T07:03:46.911+0000] {logging_mixin.py:190} INFO - [2025-03-25T07:03:46.911+0000] {dag.py:3239} INFO - Sync 1 DAGs
[2025-03-25T07:03:46.929+0000] {logging_mixin.py:190} INFO - [2025-03-25T07:03:46.929+0000] {dag.py:4180} INFO - Setting next_dagrun for example_task_group_decorator to None, run_after=None
[2025-03-25T07:03:46.951+0000] {processor.py:208} INFO - Processing /home/airflow/.local/lib/python3.12/site-packages/airflow/example_dags/example_task_group_decorator.py took 0.111 seconds
[2025-03-25T07:20:59.095+0000] {processor.py:186} INFO - Started process (PID=2027) to work on /home/airflow/.local/lib/python3.12/site-packages/airflow/example_dags/example_task_group_decorator.py
[2025-03-25T07:20:59.098+0000] {processor.py:914} INFO - Processing file /home/airflow/.local/lib/python3.12/site-packages/airflow/example_dags/example_task_group_decorator.py for tasks to queue
[2025-03-25T07:20:59.107+0000] {logging_mixin.py:190} INFO - [2025-03-25T07:20:59.106+0000] {dagbag.py:588} INFO - Filling up the DagBag from /home/airflow/.local/lib/python3.12/site-packages/airflow/example_dags/example_task_group_decorator.py
[2025-03-25T07:20:59.134+0000] {processor.py:925} INFO - DAG(s) 'example_task_group_decorator' retrieved from /home/airflow/.local/lib/python3.12/site-packages/airflow/example_dags/example_task_group_decorator.py
[2025-03-25T07:20:59.167+0000] {logging_mixin.py:190} INFO - [2025-03-25T07:20:59.166+0000] {dag.py:3239} INFO - Sync 1 DAGs
[2025-03-25T07:20:59.190+0000] {logging_mixin.py:190} INFO - [2025-03-25T07:20:59.189+0000] {dag.py:4180} INFO - Setting next_dagrun for example_task_group_decorator to None, run_after=None
[2025-03-25T07:20:59.211+0000] {processor.py:208} INFO - Processing /home/airflow/.local/lib/python3.12/site-packages/airflow/example_dags/example_task_group_decorator.py took 0.132 seconds
[2025-03-25T07:40:53.605+0000] {processor.py:186} INFO - Started process (PID=2089) to work on /home/airflow/.local/lib/python3.12/site-packages/airflow/example_dags/example_task_group_decorator.py
[2025-03-25T07:40:53.608+0000] {processor.py:914} INFO - Processing file /home/airflow/.local/lib/python3.12/site-packages/airflow/example_dags/example_task_group_decorator.py for tasks to queue
[2025-03-25T07:40:53.611+0000] {logging_mixin.py:190} INFO - [2025-03-25T07:40:53.611+0000] {dagbag.py:588} INFO - Filling up the DagBag from /home/airflow/.local/lib/python3.12/site-packages/airflow/example_dags/example_task_group_decorator.py
[2025-03-25T07:40:53.628+0000] {processor.py:925} INFO - DAG(s) 'example_task_group_decorator' retrieved from /home/airflow/.local/lib/python3.12/site-packages/airflow/example_dags/example_task_group_decorator.py
[2025-03-25T07:40:53.650+0000] {logging_mixin.py:190} INFO - [2025-03-25T07:40:53.650+0000] {dag.py:3239} INFO - Sync 1 DAGs
[2025-03-25T07:40:53.667+0000] {logging_mixin.py:190} INFO - [2025-03-25T07:40:53.667+0000] {dag.py:4180} INFO - Setting next_dagrun for example_task_group_decorator to None, run_after=None
[2025-03-25T07:40:53.689+0000] {processor.py:208} INFO - Processing /home/airflow/.local/lib/python3.12/site-packages/airflow/example_dags/example_task_group_decorator.py took 0.095 seconds
[2025-03-25T07:58:41.047+0000] {processor.py:186} INFO - Started process (PID=2151) to work on /home/airflow/.local/lib/python3.12/site-packages/airflow/example_dags/example_task_group_decorator.py
[2025-03-25T07:58:41.051+0000] {processor.py:914} INFO - Processing file /home/airflow/.local/lib/python3.12/site-packages/airflow/example_dags/example_task_group_decorator.py for tasks to queue
[2025-03-25T07:58:41.064+0000] {logging_mixin.py:190} INFO - [2025-03-25T07:58:41.063+0000] {dagbag.py:588} INFO - Filling up the DagBag from /home/airflow/.local/lib/python3.12/site-packages/airflow/example_dags/example_task_group_decorator.py
[2025-03-25T07:58:41.119+0000] {processor.py:925} INFO - DAG(s) 'example_task_group_decorator' retrieved from /home/airflow/.local/lib/python3.12/site-packages/airflow/example_dags/example_task_group_decorator.py
[2025-03-25T07:58:41.201+0000] {logging_mixin.py:190} INFO - [2025-03-25T07:58:41.200+0000] {dag.py:3239} INFO - Sync 1 DAGs
[2025-03-25T07:58:41.287+0000] {logging_mixin.py:190} INFO - [2025-03-25T07:58:41.286+0000] {dag.py:4180} INFO - Setting next_dagrun for example_task_group_decorator to None, run_after=None
[2025-03-25T07:58:41.338+0000] {processor.py:208} INFO - Processing /home/airflow/.local/lib/python3.12/site-packages/airflow/example_dags/example_task_group_decorator.py took 0.321 seconds
[2025-03-25T08:16:04.968+0000] {processor.py:186} INFO - Started process (PID=2213) to work on /home/airflow/.local/lib/python3.12/site-packages/airflow/example_dags/example_task_group_decorator.py
[2025-03-25T08:16:04.970+0000] {processor.py:914} INFO - Processing file /home/airflow/.local/lib/python3.12/site-packages/airflow/example_dags/example_task_group_decorator.py for tasks to queue
[2025-03-25T08:16:04.980+0000] {logging_mixin.py:190} INFO - [2025-03-25T08:16:04.979+0000] {dagbag.py:588} INFO - Filling up the DagBag from /home/airflow/.local/lib/python3.12/site-packages/airflow/example_dags/example_task_group_decorator.py
[2025-03-25T08:16:05.005+0000] {processor.py:925} INFO - DAG(s) 'example_task_group_decorator' retrieved from /home/airflow/.local/lib/python3.12/site-packages/airflow/example_dags/example_task_group_decorator.py
[2025-03-25T08:16:05.032+0000] {logging_mixin.py:190} INFO - [2025-03-25T08:16:05.032+0000] {dag.py:3239} INFO - Sync 1 DAGs
[2025-03-25T08:16:05.047+0000] {logging_mixin.py:190} INFO - [2025-03-25T08:16:05.047+0000] {dag.py:4180} INFO - Setting next_dagrun for example_task_group_decorator to None, run_after=None
[2025-03-25T08:16:05.067+0000] {processor.py:208} INFO - Processing /home/airflow/.local/lib/python3.12/site-packages/airflow/example_dags/example_task_group_decorator.py took 0.112 seconds
[2025-03-25T08:46:57.724+0000] {processor.py:186} INFO - Started process (PID=2275) to work on /home/airflow/.local/lib/python3.12/site-packages/airflow/example_dags/example_task_group_decorator.py
[2025-03-25T08:46:57.726+0000] {processor.py:914} INFO - Processing file /home/airflow/.local/lib/python3.12/site-packages/airflow/example_dags/example_task_group_decorator.py for tasks to queue
[2025-03-25T08:46:57.733+0000] {logging_mixin.py:190} INFO - [2025-03-25T08:46:57.733+0000] {dagbag.py:588} INFO - Filling up the DagBag from /home/airflow/.local/lib/python3.12/site-packages/airflow/example_dags/example_task_group_decorator.py
[2025-03-25T08:46:57.755+0000] {processor.py:925} INFO - DAG(s) 'example_task_group_decorator' retrieved from /home/airflow/.local/lib/python3.12/site-packages/airflow/example_dags/example_task_group_decorator.py
[2025-03-25T08:46:57.798+0000] {logging_mixin.py:190} INFO - [2025-03-25T08:46:57.798+0000] {dag.py:3239} INFO - Sync 1 DAGs
[2025-03-25T08:46:57.865+0000] {logging_mixin.py:190} INFO - [2025-03-25T08:46:57.864+0000] {dag.py:4180} INFO - Setting next_dagrun for example_task_group_decorator to None, run_after=None
[2025-03-25T08:46:57.913+0000] {processor.py:208} INFO - Processing /home/airflow/.local/lib/python3.12/site-packages/airflow/example_dags/example_task_group_decorator.py took 0.200 seconds
[2025-03-25T08:59:10.936+0000] {processor.py:186} INFO - Started process (PID=2337) to work on /home/airflow/.local/lib/python3.12/site-packages/airflow/example_dags/example_task_group_decorator.py
[2025-03-25T08:59:10.937+0000] {processor.py:914} INFO - Processing file /home/airflow/.local/lib/python3.12/site-packages/airflow/example_dags/example_task_group_decorator.py for tasks to queue
[2025-03-25T08:59:10.943+0000] {logging_mixin.py:190} INFO - [2025-03-25T08:59:10.942+0000] {dagbag.py:588} INFO - Filling up the DagBag from /home/airflow/.local/lib/python3.12/site-packages/airflow/example_dags/example_task_group_decorator.py
[2025-03-25T08:59:10.967+0000] {processor.py:925} INFO - DAG(s) 'example_task_group_decorator' retrieved from /home/airflow/.local/lib/python3.12/site-packages/airflow/example_dags/example_task_group_decorator.py
[2025-03-25T08:59:10.996+0000] {logging_mixin.py:190} INFO - [2025-03-25T08:59:10.996+0000] {dag.py:3239} INFO - Sync 1 DAGs
[2025-03-25T08:59:11.011+0000] {logging_mixin.py:190} INFO - [2025-03-25T08:59:11.011+0000] {dag.py:4180} INFO - Setting next_dagrun for example_task_group_decorator to None, run_after=None
[2025-03-25T08:59:11.029+0000] {processor.py:208} INFO - Processing /home/airflow/.local/lib/python3.12/site-packages/airflow/example_dags/example_task_group_decorator.py took 0.108 seconds
[2025-03-25T09:24:44.417+0000] {processor.py:186} INFO - Started process (PID=2399) to work on /home/airflow/.local/lib/python3.12/site-packages/airflow/example_dags/example_task_group_decorator.py
[2025-03-25T09:24:44.421+0000] {processor.py:914} INFO - Processing file /home/airflow/.local/lib/python3.12/site-packages/airflow/example_dags/example_task_group_decorator.py for tasks to queue
[2025-03-25T09:24:44.428+0000] {logging_mixin.py:190} INFO - [2025-03-25T09:24:44.427+0000] {dagbag.py:588} INFO - Filling up the DagBag from /home/airflow/.local/lib/python3.12/site-packages/airflow/example_dags/example_task_group_decorator.py
[2025-03-25T09:24:44.463+0000] {processor.py:925} INFO - DAG(s) 'example_task_group_decorator' retrieved from /home/airflow/.local/lib/python3.12/site-packages/airflow/example_dags/example_task_group_decorator.py
[2025-03-25T09:24:44.497+0000] {logging_mixin.py:190} INFO - [2025-03-25T09:24:44.497+0000] {dag.py:3239} INFO - Sync 1 DAGs
[2025-03-25T09:24:44.519+0000] {logging_mixin.py:190} INFO - [2025-03-25T09:24:44.519+0000] {dag.py:4180} INFO - Setting next_dagrun for example_task_group_decorator to None, run_after=None
[2025-03-25T09:24:44.543+0000] {processor.py:208} INFO - Processing /home/airflow/.local/lib/python3.12/site-packages/airflow/example_dags/example_task_group_decorator.py took 0.142 seconds
[2025-03-25T09:25:14.621+0000] {processor.py:186} INFO - Started process (PID=2461) to work on /home/airflow/.local/lib/python3.12/site-packages/airflow/example_dags/example_task_group_decorator.py
[2025-03-25T09:25:14.624+0000] {processor.py:914} INFO - Processing file /home/airflow/.local/lib/python3.12/site-packages/airflow/example_dags/example_task_group_decorator.py for tasks to queue
[2025-03-25T09:25:14.630+0000] {logging_mixin.py:190} INFO - [2025-03-25T09:25:14.629+0000] {dagbag.py:588} INFO - Filling up the DagBag from /home/airflow/.local/lib/python3.12/site-packages/airflow/example_dags/example_task_group_decorator.py
[2025-03-25T09:25:14.654+0000] {processor.py:925} INFO - DAG(s) 'example_task_group_decorator' retrieved from /home/airflow/.local/lib/python3.12/site-packages/airflow/example_dags/example_task_group_decorator.py
[2025-03-25T09:25:14.683+0000] {logging_mixin.py:190} INFO - [2025-03-25T09:25:14.683+0000] {dag.py:3239} INFO - Sync 1 DAGs
[2025-03-25T09:25:14.699+0000] {logging_mixin.py:190} INFO - [2025-03-25T09:25:14.699+0000] {dag.py:4180} INFO - Setting next_dagrun for example_task_group_decorator to None, run_after=None
[2025-03-25T09:25:14.723+0000] {processor.py:208} INFO - Processing /home/airflow/.local/lib/python3.12/site-packages/airflow/example_dags/example_task_group_decorator.py took 0.115 seconds
[2025-03-25T09:42:13.140+0000] {processor.py:186} INFO - Started process (PID=2523) to work on /home/airflow/.local/lib/python3.12/site-packages/airflow/example_dags/example_task_group_decorator.py
[2025-03-25T09:42:13.142+0000] {processor.py:914} INFO - Processing file /home/airflow/.local/lib/python3.12/site-packages/airflow/example_dags/example_task_group_decorator.py for tasks to queue
[2025-03-25T09:42:13.150+0000] {logging_mixin.py:190} INFO - [2025-03-25T09:42:13.150+0000] {dagbag.py:588} INFO - Filling up the DagBag from /home/airflow/.local/lib/python3.12/site-packages/airflow/example_dags/example_task_group_decorator.py
[2025-03-25T09:42:13.176+0000] {processor.py:925} INFO - DAG(s) 'example_task_group_decorator' retrieved from /home/airflow/.local/lib/python3.12/site-packages/airflow/example_dags/example_task_group_decorator.py
[2025-03-25T09:42:13.212+0000] {logging_mixin.py:190} INFO - [2025-03-25T09:42:13.212+0000] {dag.py:3239} INFO - Sync 1 DAGs
[2025-03-25T09:42:13.228+0000] {logging_mixin.py:190} INFO - [2025-03-25T09:42:13.228+0000] {dag.py:4180} INFO - Setting next_dagrun for example_task_group_decorator to None, run_after=None
[2025-03-25T09:42:13.252+0000] {processor.py:208} INFO - Processing /home/airflow/.local/lib/python3.12/site-packages/airflow/example_dags/example_task_group_decorator.py took 0.127 seconds
[2025-03-25T10:05:17.998+0000] {processor.py:186} INFO - Started process (PID=2585) to work on /home/airflow/.local/lib/python3.12/site-packages/airflow/example_dags/example_task_group_decorator.py
[2025-03-25T10:05:18.002+0000] {processor.py:914} INFO - Processing file /home/airflow/.local/lib/python3.12/site-packages/airflow/example_dags/example_task_group_decorator.py for tasks to queue
[2025-03-25T10:05:18.007+0000] {logging_mixin.py:190} INFO - [2025-03-25T10:05:18.007+0000] {dagbag.py:588} INFO - Filling up the DagBag from /home/airflow/.local/lib/python3.12/site-packages/airflow/example_dags/example_task_group_decorator.py
[2025-03-25T10:05:18.032+0000] {processor.py:925} INFO - DAG(s) 'example_task_group_decorator' retrieved from /home/airflow/.local/lib/python3.12/site-packages/airflow/example_dags/example_task_group_decorator.py
[2025-03-25T10:05:18.063+0000] {logging_mixin.py:190} INFO - [2025-03-25T10:05:18.062+0000] {dag.py:3239} INFO - Sync 1 DAGs
[2025-03-25T10:05:18.080+0000] {logging_mixin.py:190} INFO - [2025-03-25T10:05:18.079+0000] {dag.py:4180} INFO - Setting next_dagrun for example_task_group_decorator to None, run_after=None
[2025-03-25T10:05:18.103+0000] {processor.py:208} INFO - Processing /home/airflow/.local/lib/python3.12/site-packages/airflow/example_dags/example_task_group_decorator.py took 0.121 seconds
[2025-03-25T10:16:47.990+0000] {processor.py:186} INFO - Started process (PID=2647) to work on /home/airflow/.local/lib/python3.12/site-packages/airflow/example_dags/example_task_group_decorator.py
[2025-03-25T10:16:47.993+0000] {processor.py:914} INFO - Processing file /home/airflow/.local/lib/python3.12/site-packages/airflow/example_dags/example_task_group_decorator.py for tasks to queue
[2025-03-25T10:16:48.004+0000] {logging_mixin.py:190} INFO - [2025-03-25T10:16:48.004+0000] {dagbag.py:588} INFO - Filling up the DagBag from /home/airflow/.local/lib/python3.12/site-packages/airflow/example_dags/example_task_group_decorator.py
[2025-03-25T10:16:48.033+0000] {processor.py:925} INFO - DAG(s) 'example_task_group_decorator' retrieved from /home/airflow/.local/lib/python3.12/site-packages/airflow/example_dags/example_task_group_decorator.py
[2025-03-25T10:16:48.068+0000] {logging_mixin.py:190} INFO - [2025-03-25T10:16:48.068+0000] {dag.py:3239} INFO - Sync 1 DAGs
[2025-03-25T10:16:48.095+0000] {logging_mixin.py:190} INFO - [2025-03-25T10:16:48.092+0000] {dag.py:4180} INFO - Setting next_dagrun for example_task_group_decorator to None, run_after=None
[2025-03-25T10:16:48.123+0000] {processor.py:208} INFO - Processing /home/airflow/.local/lib/python3.12/site-packages/airflow/example_dags/example_task_group_decorator.py took 0.153 seconds
[2025-03-25T10:21:08.062+0000] {processor.py:186} INFO - Started process (PID=2709) to work on /home/airflow/.local/lib/python3.12/site-packages/airflow/example_dags/example_task_group_decorator.py
[2025-03-25T10:21:08.065+0000] {processor.py:914} INFO - Processing file /home/airflow/.local/lib/python3.12/site-packages/airflow/example_dags/example_task_group_decorator.py for tasks to queue
[2025-03-25T10:21:08.075+0000] {logging_mixin.py:190} INFO - [2025-03-25T10:21:08.075+0000] {dagbag.py:588} INFO - Filling up the DagBag from /home/airflow/.local/lib/python3.12/site-packages/airflow/example_dags/example_task_group_decorator.py
[2025-03-25T10:21:08.108+0000] {processor.py:925} INFO - DAG(s) 'example_task_group_decorator' retrieved from /home/airflow/.local/lib/python3.12/site-packages/airflow/example_dags/example_task_group_decorator.py
[2025-03-25T10:21:08.156+0000] {logging_mixin.py:190} INFO - [2025-03-25T10:21:08.155+0000] {dag.py:3239} INFO - Sync 1 DAGs
[2025-03-25T10:21:08.174+0000] {logging_mixin.py:190} INFO - [2025-03-25T10:21:08.174+0000] {dag.py:4180} INFO - Setting next_dagrun for example_task_group_decorator to None, run_after=None
[2025-03-25T10:21:08.198+0000] {processor.py:208} INFO - Processing /home/airflow/.local/lib/python3.12/site-packages/airflow/example_dags/example_task_group_decorator.py took 0.186 seconds
[2025-03-25T10:25:49.241+0000] {processor.py:186} INFO - Started process (PID=2771) to work on /home/airflow/.local/lib/python3.12/site-packages/airflow/example_dags/example_task_group_decorator.py
[2025-03-25T10:25:49.243+0000] {processor.py:914} INFO - Processing file /home/airflow/.local/lib/python3.12/site-packages/airflow/example_dags/example_task_group_decorator.py for tasks to queue
[2025-03-25T10:25:49.250+0000] {logging_mixin.py:190} INFO - [2025-03-25T10:25:49.250+0000] {dagbag.py:588} INFO - Filling up the DagBag from /home/airflow/.local/lib/python3.12/site-packages/airflow/example_dags/example_task_group_decorator.py
[2025-03-25T10:25:49.278+0000] {processor.py:925} INFO - DAG(s) 'example_task_group_decorator' retrieved from /home/airflow/.local/lib/python3.12/site-packages/airflow/example_dags/example_task_group_decorator.py
[2025-03-25T10:25:49.310+0000] {logging_mixin.py:190} INFO - [2025-03-25T10:25:49.310+0000] {dag.py:3239} INFO - Sync 1 DAGs
[2025-03-25T10:25:49.328+0000] {logging_mixin.py:190} INFO - [2025-03-25T10:25:49.327+0000] {dag.py:4180} INFO - Setting next_dagrun for example_task_group_decorator to None, run_after=None
[2025-03-25T10:25:49.346+0000] {processor.py:208} INFO - Processing /home/airflow/.local/lib/python3.12/site-packages/airflow/example_dags/example_task_group_decorator.py took 0.118 seconds
[2025-03-25T10:46:10.795+0000] {processor.py:186} INFO - Started process (PID=2833) to work on /home/airflow/.local/lib/python3.12/site-packages/airflow/example_dags/example_task_group_decorator.py
[2025-03-25T10:46:10.798+0000] {processor.py:914} INFO - Processing file /home/airflow/.local/lib/python3.12/site-packages/airflow/example_dags/example_task_group_decorator.py for tasks to queue
[2025-03-25T10:46:10.804+0000] {logging_mixin.py:190} INFO - [2025-03-25T10:46:10.803+0000] {dagbag.py:588} INFO - Filling up the DagBag from /home/airflow/.local/lib/python3.12/site-packages/airflow/example_dags/example_task_group_decorator.py
[2025-03-25T10:46:10.831+0000] {processor.py:925} INFO - DAG(s) 'example_task_group_decorator' retrieved from /home/airflow/.local/lib/python3.12/site-packages/airflow/example_dags/example_task_group_decorator.py
[2025-03-25T10:46:10.859+0000] {logging_mixin.py:190} INFO - [2025-03-25T10:46:10.858+0000] {dag.py:3239} INFO - Sync 1 DAGs
[2025-03-25T10:46:11.141+0000] {logging_mixin.py:190} INFO - [2025-03-25T10:46:11.141+0000] {dag.py:4180} INFO - Setting next_dagrun for example_task_group_decorator to None, run_after=None
[2025-03-25T10:46:11.151+0000] {processor.py:208} INFO - Processing /home/airflow/.local/lib/python3.12/site-packages/airflow/example_dags/example_task_group_decorator.py took 0.373 seconds
[2025-03-25T11:03:22.957+0000] {processor.py:186} INFO - Started process (PID=2895) to work on /home/airflow/.local/lib/python3.12/site-packages/airflow/example_dags/example_task_group_decorator.py
[2025-03-25T11:03:22.960+0000] {processor.py:914} INFO - Processing file /home/airflow/.local/lib/python3.12/site-packages/airflow/example_dags/example_task_group_decorator.py for tasks to queue
[2025-03-25T11:03:22.967+0000] {logging_mixin.py:190} INFO - [2025-03-25T11:03:22.966+0000] {dagbag.py:588} INFO - Filling up the DagBag from /home/airflow/.local/lib/python3.12/site-packages/airflow/example_dags/example_task_group_decorator.py
[2025-03-25T11:03:22.993+0000] {processor.py:925} INFO - DAG(s) 'example_task_group_decorator' retrieved from /home/airflow/.local/lib/python3.12/site-packages/airflow/example_dags/example_task_group_decorator.py
[2025-03-25T11:03:23.026+0000] {logging_mixin.py:190} INFO - [2025-03-25T11:03:23.026+0000] {dag.py:3239} INFO - Sync 1 DAGs
[2025-03-25T11:03:23.313+0000] {logging_mixin.py:190} INFO - [2025-03-25T11:03:23.313+0000] {dag.py:4180} INFO - Setting next_dagrun for example_task_group_decorator to None, run_after=None
[2025-03-25T11:03:23.327+0000] {processor.py:208} INFO - Processing /home/airflow/.local/lib/python3.12/site-packages/airflow/example_dags/example_task_group_decorator.py took 0.383 seconds
[2025-03-25T11:20:33.473+0000] {processor.py:186} INFO - Started process (PID=2957) to work on /home/airflow/.local/lib/python3.12/site-packages/airflow/example_dags/example_task_group_decorator.py
[2025-03-25T11:20:33.474+0000] {processor.py:914} INFO - Processing file /home/airflow/.local/lib/python3.12/site-packages/airflow/example_dags/example_task_group_decorator.py for tasks to queue
[2025-03-25T11:20:33.479+0000] {logging_mixin.py:190} INFO - [2025-03-25T11:20:33.479+0000] {dagbag.py:588} INFO - Filling up the DagBag from /home/airflow/.local/lib/python3.12/site-packages/airflow/example_dags/example_task_group_decorator.py
[2025-03-25T11:20:33.498+0000] {processor.py:925} INFO - DAG(s) 'example_task_group_decorator' retrieved from /home/airflow/.local/lib/python3.12/site-packages/airflow/example_dags/example_task_group_decorator.py
[2025-03-25T11:20:33.519+0000] {logging_mixin.py:190} INFO - [2025-03-25T11:20:33.519+0000] {dag.py:3239} INFO - Sync 1 DAGs
[2025-03-25T11:20:33.759+0000] {logging_mixin.py:190} INFO - [2025-03-25T11:20:33.759+0000] {dag.py:4180} INFO - Setting next_dagrun for example_task_group_decorator to None, run_after=None
[2025-03-25T11:20:33.772+0000] {processor.py:208} INFO - Processing /home/airflow/.local/lib/python3.12/site-packages/airflow/example_dags/example_task_group_decorator.py took 0.312 seconds
[2025-03-25T11:27:00.838+0000] {processor.py:186} INFO - Started process (PID=3019) to work on /home/airflow/.local/lib/python3.12/site-packages/airflow/example_dags/example_task_group_decorator.py
[2025-03-25T11:27:00.841+0000] {processor.py:914} INFO - Processing file /home/airflow/.local/lib/python3.12/site-packages/airflow/example_dags/example_task_group_decorator.py for tasks to queue
[2025-03-25T11:27:00.849+0000] {logging_mixin.py:190} INFO - [2025-03-25T11:27:00.849+0000] {dagbag.py:588} INFO - Filling up the DagBag from /home/airflow/.local/lib/python3.12/site-packages/airflow/example_dags/example_task_group_decorator.py
[2025-03-25T11:27:00.922+0000] {processor.py:925} INFO - DAG(s) 'example_task_group_decorator' retrieved from /home/airflow/.local/lib/python3.12/site-packages/airflow/example_dags/example_task_group_decorator.py
[2025-03-25T11:27:00.982+0000] {logging_mixin.py:190} INFO - [2025-03-25T11:27:00.977+0000] {dag.py:3239} INFO - Sync 1 DAGs
[2025-03-25T11:27:01.031+0000] {logging_mixin.py:190} INFO - [2025-03-25T11:27:01.031+0000] {dag.py:4180} INFO - Setting next_dagrun for example_task_group_decorator to None, run_after=None
[2025-03-25T11:27:01.070+0000] {processor.py:208} INFO - Processing /home/airflow/.local/lib/python3.12/site-packages/airflow/example_dags/example_task_group_decorator.py took 0.240 seconds
[2025-03-25T11:38:10.493+0000] {processor.py:186} INFO - Started process (PID=3080) to work on /home/airflow/.local/lib/python3.12/site-packages/airflow/example_dags/example_task_group_decorator.py
[2025-03-25T11:38:10.495+0000] {processor.py:914} INFO - Processing file /home/airflow/.local/lib/python3.12/site-packages/airflow/example_dags/example_task_group_decorator.py for tasks to queue
[2025-03-25T11:38:10.503+0000] {logging_mixin.py:190} INFO - [2025-03-25T11:38:10.503+0000] {dagbag.py:588} INFO - Filling up the DagBag from /home/airflow/.local/lib/python3.12/site-packages/airflow/example_dags/example_task_group_decorator.py
[2025-03-25T11:38:10.529+0000] {processor.py:925} INFO - DAG(s) 'example_task_group_decorator' retrieved from /home/airflow/.local/lib/python3.12/site-packages/airflow/example_dags/example_task_group_decorator.py
[2025-03-25T11:38:10.565+0000] {logging_mixin.py:190} INFO - [2025-03-25T11:38:10.565+0000] {dag.py:3239} INFO - Sync 1 DAGs
[2025-03-25T11:38:10.584+0000] {logging_mixin.py:190} INFO - [2025-03-25T11:38:10.584+0000] {dag.py:4180} INFO - Setting next_dagrun for example_task_group_decorator to None, run_after=None
[2025-03-25T11:38:10.607+0000] {processor.py:208} INFO - Processing /home/airflow/.local/lib/python3.12/site-packages/airflow/example_dags/example_task_group_decorator.py took 0.132 seconds
[2025-03-25T11:39:06.038+0000] {processor.py:186} INFO - Started process (PID=3142) to work on /home/airflow/.local/lib/python3.12/site-packages/airflow/example_dags/example_task_group_decorator.py
[2025-03-25T11:39:06.040+0000] {processor.py:914} INFO - Processing file /home/airflow/.local/lib/python3.12/site-packages/airflow/example_dags/example_task_group_decorator.py for tasks to queue
[2025-03-25T11:39:06.047+0000] {logging_mixin.py:190} INFO - [2025-03-25T11:39:06.047+0000] {dagbag.py:588} INFO - Filling up the DagBag from /home/airflow/.local/lib/python3.12/site-packages/airflow/example_dags/example_task_group_decorator.py
[2025-03-25T11:39:06.072+0000] {processor.py:925} INFO - DAG(s) 'example_task_group_decorator' retrieved from /home/airflow/.local/lib/python3.12/site-packages/airflow/example_dags/example_task_group_decorator.py
[2025-03-25T11:39:06.108+0000] {logging_mixin.py:190} INFO - [2025-03-25T11:39:06.108+0000] {dag.py:3239} INFO - Sync 1 DAGs
[2025-03-25T11:39:06.124+0000] {logging_mixin.py:190} INFO - [2025-03-25T11:39:06.124+0000] {dag.py:4180} INFO - Setting next_dagrun for example_task_group_decorator to None, run_after=None
[2025-03-25T11:39:06.144+0000] {processor.py:208} INFO - Processing /home/airflow/.local/lib/python3.12/site-packages/airflow/example_dags/example_task_group_decorator.py took 0.126 seconds
[2025-03-25T11:39:44.291+0000] {processor.py:186} INFO - Started process (PID=3204) to work on /home/airflow/.local/lib/python3.12/site-packages/airflow/example_dags/example_task_group_decorator.py
[2025-03-25T11:39:44.294+0000] {processor.py:914} INFO - Processing file /home/airflow/.local/lib/python3.12/site-packages/airflow/example_dags/example_task_group_decorator.py for tasks to queue
[2025-03-25T11:39:44.301+0000] {logging_mixin.py:190} INFO - [2025-03-25T11:39:44.300+0000] {dagbag.py:588} INFO - Filling up the DagBag from /home/airflow/.local/lib/python3.12/site-packages/airflow/example_dags/example_task_group_decorator.py
[2025-03-25T11:39:44.326+0000] {processor.py:925} INFO - DAG(s) 'example_task_group_decorator' retrieved from /home/airflow/.local/lib/python3.12/site-packages/airflow/example_dags/example_task_group_decorator.py
[2025-03-25T11:39:44.356+0000] {logging_mixin.py:190} INFO - [2025-03-25T11:39:44.356+0000] {dag.py:3239} INFO - Sync 1 DAGs
[2025-03-25T11:39:44.375+0000] {logging_mixin.py:190} INFO - [2025-03-25T11:39:44.375+0000] {dag.py:4180} INFO - Setting next_dagrun for example_task_group_decorator to None, run_after=None
[2025-03-25T11:39:44.397+0000] {processor.py:208} INFO - Processing /home/airflow/.local/lib/python3.12/site-packages/airflow/example_dags/example_task_group_decorator.py took 0.124 seconds
[2025-03-25T11:43:42.967+0000] {processor.py:186} INFO - Started process (PID=3266) to work on /home/airflow/.local/lib/python3.12/site-packages/airflow/example_dags/example_task_group_decorator.py
[2025-03-25T11:43:42.969+0000] {processor.py:914} INFO - Processing file /home/airflow/.local/lib/python3.12/site-packages/airflow/example_dags/example_task_group_decorator.py for tasks to queue
[2025-03-25T11:43:42.975+0000] {logging_mixin.py:190} INFO - [2025-03-25T11:43:42.975+0000] {dagbag.py:588} INFO - Filling up the DagBag from /home/airflow/.local/lib/python3.12/site-packages/airflow/example_dags/example_task_group_decorator.py
[2025-03-25T11:43:43.000+0000] {processor.py:925} INFO - DAG(s) 'example_task_group_decorator' retrieved from /home/airflow/.local/lib/python3.12/site-packages/airflow/example_dags/example_task_group_decorator.py
[2025-03-25T11:43:43.028+0000] {logging_mixin.py:190} INFO - [2025-03-25T11:43:43.028+0000] {dag.py:3239} INFO - Sync 1 DAGs
[2025-03-25T11:43:43.047+0000] {logging_mixin.py:190} INFO - [2025-03-25T11:43:43.047+0000] {dag.py:4180} INFO - Setting next_dagrun for example_task_group_decorator to None, run_after=None
[2025-03-25T11:43:43.063+0000] {processor.py:208} INFO - Processing /home/airflow/.local/lib/python3.12/site-packages/airflow/example_dags/example_task_group_decorator.py took 0.109 seconds
[2025-03-25T11:44:31.284+0000] {processor.py:186} INFO - Started process (PID=3328) to work on /home/airflow/.local/lib/python3.12/site-packages/airflow/example_dags/example_task_group_decorator.py
[2025-03-25T11:44:31.288+0000] {processor.py:914} INFO - Processing file /home/airflow/.local/lib/python3.12/site-packages/airflow/example_dags/example_task_group_decorator.py for tasks to queue
[2025-03-25T11:44:31.294+0000] {logging_mixin.py:190} INFO - [2025-03-25T11:44:31.293+0000] {dagbag.py:588} INFO - Filling up the DagBag from /home/airflow/.local/lib/python3.12/site-packages/airflow/example_dags/example_task_group_decorator.py
[2025-03-25T11:44:31.331+0000] {processor.py:925} INFO - DAG(s) 'example_task_group_decorator' retrieved from /home/airflow/.local/lib/python3.12/site-packages/airflow/example_dags/example_task_group_decorator.py
[2025-03-25T11:44:31.367+0000] {logging_mixin.py:190} INFO - [2025-03-25T11:44:31.367+0000] {dag.py:3239} INFO - Sync 1 DAGs
[2025-03-25T11:44:31.390+0000] {logging_mixin.py:190} INFO - [2025-03-25T11:44:31.390+0000] {dag.py:4180} INFO - Setting next_dagrun for example_task_group_decorator to None, run_after=None
[2025-03-25T11:44:31.409+0000] {processor.py:208} INFO - Processing /home/airflow/.local/lib/python3.12/site-packages/airflow/example_dags/example_task_group_decorator.py took 0.154 seconds
[2025-03-25T12:01:10.693+0000] {processor.py:186} INFO - Started process (PID=3390) to work on /home/airflow/.local/lib/python3.12/site-packages/airflow/example_dags/example_task_group_decorator.py
[2025-03-25T12:01:10.697+0000] {processor.py:914} INFO - Processing file /home/airflow/.local/lib/python3.12/site-packages/airflow/example_dags/example_task_group_decorator.py for tasks to queue
[2025-03-25T12:01:10.710+0000] {logging_mixin.py:190} INFO - [2025-03-25T12:01:10.709+0000] {dagbag.py:588} INFO - Filling up the DagBag from /home/airflow/.local/lib/python3.12/site-packages/airflow/example_dags/example_task_group_decorator.py
[2025-03-25T12:01:10.742+0000] {processor.py:925} INFO - DAG(s) 'example_task_group_decorator' retrieved from /home/airflow/.local/lib/python3.12/site-packages/airflow/example_dags/example_task_group_decorator.py
[2025-03-25T12:01:10.773+0000] {logging_mixin.py:190} INFO - [2025-03-25T12:01:10.773+0000] {dag.py:3239} INFO - Sync 1 DAGs
[2025-03-25T12:01:10.797+0000] {logging_mixin.py:190} INFO - [2025-03-25T12:01:10.797+0000] {dag.py:4180} INFO - Setting next_dagrun for example_task_group_decorator to None, run_after=None
[2025-03-25T12:01:10.822+0000] {processor.py:208} INFO - Processing /home/airflow/.local/lib/python3.12/site-packages/airflow/example_dags/example_task_group_decorator.py took 0.158 seconds
[2025-03-25T12:16:39.282+0000] {processor.py:186} INFO - Started process (PID=3452) to work on /home/airflow/.local/lib/python3.12/site-packages/airflow/example_dags/example_task_group_decorator.py
[2025-03-25T12:16:39.284+0000] {processor.py:914} INFO - Processing file /home/airflow/.local/lib/python3.12/site-packages/airflow/example_dags/example_task_group_decorator.py for tasks to queue
[2025-03-25T12:16:39.293+0000] {logging_mixin.py:190} INFO - [2025-03-25T12:16:39.292+0000] {dagbag.py:588} INFO - Filling up the DagBag from /home/airflow/.local/lib/python3.12/site-packages/airflow/example_dags/example_task_group_decorator.py
[2025-03-25T12:16:39.315+0000] {processor.py:925} INFO - DAG(s) 'example_task_group_decorator' retrieved from /home/airflow/.local/lib/python3.12/site-packages/airflow/example_dags/example_task_group_decorator.py
[2025-03-25T12:16:39.341+0000] {logging_mixin.py:190} INFO - [2025-03-25T12:16:39.341+0000] {dag.py:3239} INFO - Sync 1 DAGs
[2025-03-25T12:16:39.372+0000] {logging_mixin.py:190} INFO - [2025-03-25T12:16:39.372+0000] {dag.py:4180} INFO - Setting next_dagrun for example_task_group_decorator to None, run_after=None
[2025-03-25T12:16:39.392+0000] {processor.py:208} INFO - Processing /home/airflow/.local/lib/python3.12/site-packages/airflow/example_dags/example_task_group_decorator.py took 0.124 seconds
[2025-03-25T12:44:45.427+0000] {processor.py:186} INFO - Started process (PID=3514) to work on /home/airflow/.local/lib/python3.12/site-packages/airflow/example_dags/example_task_group_decorator.py
[2025-03-25T12:44:45.429+0000] {processor.py:914} INFO - Processing file /home/airflow/.local/lib/python3.12/site-packages/airflow/example_dags/example_task_group_decorator.py for tasks to queue
[2025-03-25T12:44:45.438+0000] {logging_mixin.py:190} INFO - [2025-03-25T12:44:45.437+0000] {dagbag.py:588} INFO - Filling up the DagBag from /home/airflow/.local/lib/python3.12/site-packages/airflow/example_dags/example_task_group_decorator.py
[2025-03-25T12:44:45.468+0000] {processor.py:925} INFO - DAG(s) 'example_task_group_decorator' retrieved from /home/airflow/.local/lib/python3.12/site-packages/airflow/example_dags/example_task_group_decorator.py
[2025-03-25T12:44:45.518+0000] {logging_mixin.py:190} INFO - [2025-03-25T12:44:45.518+0000] {dag.py:3239} INFO - Sync 1 DAGs
[2025-03-25T12:44:45.545+0000] {logging_mixin.py:190} INFO - [2025-03-25T12:44:45.545+0000] {dag.py:4180} INFO - Setting next_dagrun for example_task_group_decorator to None, run_after=None
[2025-03-25T12:44:45.578+0000] {processor.py:208} INFO - Processing /home/airflow/.local/lib/python3.12/site-packages/airflow/example_dags/example_task_group_decorator.py took 0.166 seconds
[2025-03-25T13:02:39.234+0000] {processor.py:186} INFO - Started process (PID=3576) to work on /home/airflow/.local/lib/python3.12/site-packages/airflow/example_dags/example_task_group_decorator.py
[2025-03-25T13:02:39.243+0000] {processor.py:914} INFO - Processing file /home/airflow/.local/lib/python3.12/site-packages/airflow/example_dags/example_task_group_decorator.py for tasks to queue
[2025-03-25T13:02:39.258+0000] {logging_mixin.py:190} INFO - [2025-03-25T13:02:39.257+0000] {dagbag.py:588} INFO - Filling up the DagBag from /home/airflow/.local/lib/python3.12/site-packages/airflow/example_dags/example_task_group_decorator.py
[2025-03-25T13:02:39.298+0000] {processor.py:925} INFO - DAG(s) 'example_task_group_decorator' retrieved from /home/airflow/.local/lib/python3.12/site-packages/airflow/example_dags/example_task_group_decorator.py
[2025-03-25T13:02:39.340+0000] {logging_mixin.py:190} INFO - [2025-03-25T13:02:39.340+0000] {dag.py:3239} INFO - Sync 1 DAGs
[2025-03-25T13:02:39.363+0000] {logging_mixin.py:190} INFO - [2025-03-25T13:02:39.363+0000] {dag.py:4180} INFO - Setting next_dagrun for example_task_group_decorator to None, run_after=None
[2025-03-25T13:02:39.386+0000] {processor.py:208} INFO - Processing /home/airflow/.local/lib/python3.12/site-packages/airflow/example_dags/example_task_group_decorator.py took 0.176 seconds
[2025-03-25T13:19:46.945+0000] {processor.py:186} INFO - Started process (PID=3638) to work on /home/airflow/.local/lib/python3.12/site-packages/airflow/example_dags/example_task_group_decorator.py
[2025-03-25T13:19:46.950+0000] {processor.py:914} INFO - Processing file /home/airflow/.local/lib/python3.12/site-packages/airflow/example_dags/example_task_group_decorator.py for tasks to queue
[2025-03-25T13:19:46.956+0000] {logging_mixin.py:190} INFO - [2025-03-25T13:19:46.955+0000] {dagbag.py:588} INFO - Filling up the DagBag from /home/airflow/.local/lib/python3.12/site-packages/airflow/example_dags/example_task_group_decorator.py
[2025-03-25T13:19:46.983+0000] {processor.py:925} INFO - DAG(s) 'example_task_group_decorator' retrieved from /home/airflow/.local/lib/python3.12/site-packages/airflow/example_dags/example_task_group_decorator.py
[2025-03-25T13:19:47.013+0000] {logging_mixin.py:190} INFO - [2025-03-25T13:19:47.013+0000] {dag.py:3239} INFO - Sync 1 DAGs
[2025-03-25T13:19:47.031+0000] {logging_mixin.py:190} INFO - [2025-03-25T13:19:47.031+0000] {dag.py:4180} INFO - Setting next_dagrun for example_task_group_decorator to None, run_after=None
[2025-03-25T13:19:47.055+0000] {processor.py:208} INFO - Processing /home/airflow/.local/lib/python3.12/site-packages/airflow/example_dags/example_task_group_decorator.py took 0.138 seconds
[2025-03-25T13:40:05.005+0000] {processor.py:186} INFO - Started process (PID=3700) to work on /home/airflow/.local/lib/python3.12/site-packages/airflow/example_dags/example_task_group_decorator.py
[2025-03-25T13:40:05.009+0000] {processor.py:914} INFO - Processing file /home/airflow/.local/lib/python3.12/site-packages/airflow/example_dags/example_task_group_decorator.py for tasks to queue
[2025-03-25T13:40:05.016+0000] {logging_mixin.py:190} INFO - [2025-03-25T13:40:05.016+0000] {dagbag.py:588} INFO - Filling up the DagBag from /home/airflow/.local/lib/python3.12/site-packages/airflow/example_dags/example_task_group_decorator.py
[2025-03-25T13:40:05.046+0000] {processor.py:925} INFO - DAG(s) 'example_task_group_decorator' retrieved from /home/airflow/.local/lib/python3.12/site-packages/airflow/example_dags/example_task_group_decorator.py
[2025-03-25T13:40:05.091+0000] {logging_mixin.py:190} INFO - [2025-03-25T13:40:05.091+0000] {dag.py:3239} INFO - Sync 1 DAGs
[2025-03-25T13:40:05.112+0000] {logging_mixin.py:190} INFO - [2025-03-25T13:40:05.112+0000] {dag.py:4180} INFO - Setting next_dagrun for example_task_group_decorator to None, run_after=None
[2025-03-25T13:40:05.139+0000] {processor.py:208} INFO - Processing /home/airflow/.local/lib/python3.12/site-packages/airflow/example_dags/example_task_group_decorator.py took 0.151 seconds
[2025-03-25T13:58:40.211+0000] {processor.py:186} INFO - Started process (PID=3762) to work on /home/airflow/.local/lib/python3.12/site-packages/airflow/example_dags/example_task_group_decorator.py
[2025-03-25T13:58:40.214+0000] {processor.py:914} INFO - Processing file /home/airflow/.local/lib/python3.12/site-packages/airflow/example_dags/example_task_group_decorator.py for tasks to queue
[2025-03-25T13:58:40.222+0000] {logging_mixin.py:190} INFO - [2025-03-25T13:58:40.218+0000] {dagbag.py:588} INFO - Filling up the DagBag from /home/airflow/.local/lib/python3.12/site-packages/airflow/example_dags/example_task_group_decorator.py
[2025-03-25T13:58:40.251+0000] {processor.py:925} INFO - DAG(s) 'example_task_group_decorator' retrieved from /home/airflow/.local/lib/python3.12/site-packages/airflow/example_dags/example_task_group_decorator.py
[2025-03-25T13:58:40.287+0000] {logging_mixin.py:190} INFO - [2025-03-25T13:58:40.287+0000] {dag.py:3239} INFO - Sync 1 DAGs
[2025-03-25T13:58:40.313+0000] {logging_mixin.py:190} INFO - [2025-03-25T13:58:40.312+0000] {dag.py:4180} INFO - Setting next_dagrun for example_task_group_decorator to None, run_after=None
[2025-03-25T13:58:40.355+0000] {processor.py:208} INFO - Processing /home/airflow/.local/lib/python3.12/site-packages/airflow/example_dags/example_task_group_decorator.py took 0.166 seconds
[2025-03-25T14:15:03.640+0000] {processor.py:186} INFO - Started process (PID=3824) to work on /home/airflow/.local/lib/python3.12/site-packages/airflow/example_dags/example_task_group_decorator.py
[2025-03-25T14:15:03.642+0000] {processor.py:914} INFO - Processing file /home/airflow/.local/lib/python3.12/site-packages/airflow/example_dags/example_task_group_decorator.py for tasks to queue
[2025-03-25T14:15:03.646+0000] {logging_mixin.py:190} INFO - [2025-03-25T14:15:03.646+0000] {dagbag.py:588} INFO - Filling up the DagBag from /home/airflow/.local/lib/python3.12/site-packages/airflow/example_dags/example_task_group_decorator.py
[2025-03-25T14:15:03.665+0000] {processor.py:925} INFO - DAG(s) 'example_task_group_decorator' retrieved from /home/airflow/.local/lib/python3.12/site-packages/airflow/example_dags/example_task_group_decorator.py
[2025-03-25T14:15:03.693+0000] {logging_mixin.py:190} INFO - [2025-03-25T14:15:03.693+0000] {dag.py:3239} INFO - Sync 1 DAGs
[2025-03-25T14:15:03.713+0000] {logging_mixin.py:190} INFO - [2025-03-25T14:15:03.713+0000] {dag.py:4180} INFO - Setting next_dagrun for example_task_group_decorator to None, run_after=None
[2025-03-25T14:15:03.730+0000] {processor.py:208} INFO - Processing /home/airflow/.local/lib/python3.12/site-packages/airflow/example_dags/example_task_group_decorator.py took 0.102 seconds
[2025-03-25T14:46:01.142+0000] {processor.py:186} INFO - Started process (PID=3886) to work on /home/airflow/.local/lib/python3.12/site-packages/airflow/example_dags/example_task_group_decorator.py
[2025-03-25T14:46:01.147+0000] {processor.py:914} INFO - Processing file /home/airflow/.local/lib/python3.12/site-packages/airflow/example_dags/example_task_group_decorator.py for tasks to queue
[2025-03-25T14:46:01.163+0000] {logging_mixin.py:190} INFO - [2025-03-25T14:46:01.162+0000] {dagbag.py:588} INFO - Filling up the DagBag from /home/airflow/.local/lib/python3.12/site-packages/airflow/example_dags/example_task_group_decorator.py
[2025-03-25T14:46:01.224+0000] {processor.py:925} INFO - DAG(s) 'example_task_group_decorator' retrieved from /home/airflow/.local/lib/python3.12/site-packages/airflow/example_dags/example_task_group_decorator.py
[2025-03-25T14:46:01.323+0000] {logging_mixin.py:190} INFO - [2025-03-25T14:46:01.323+0000] {dag.py:3239} INFO - Sync 1 DAGs
[2025-03-25T14:46:01.359+0000] {logging_mixin.py:190} INFO - [2025-03-25T14:46:01.359+0000] {dag.py:4180} INFO - Setting next_dagrun for example_task_group_decorator to None, run_after=None
[2025-03-25T14:46:01.425+0000] {processor.py:208} INFO - Processing /home/airflow/.local/lib/python3.12/site-packages/airflow/example_dags/example_task_group_decorator.py took 0.307 seconds
[2025-03-25T15:01:43.133+0000] {processor.py:186} INFO - Started process (PID=3947) to work on /home/airflow/.local/lib/python3.12/site-packages/airflow/example_dags/example_task_group_decorator.py
[2025-03-25T15:01:43.136+0000] {processor.py:914} INFO - Processing file /home/airflow/.local/lib/python3.12/site-packages/airflow/example_dags/example_task_group_decorator.py for tasks to queue
[2025-03-25T15:01:43.146+0000] {logging_mixin.py:190} INFO - [2025-03-25T15:01:43.145+0000] {dagbag.py:588} INFO - Filling up the DagBag from /home/airflow/.local/lib/python3.12/site-packages/airflow/example_dags/example_task_group_decorator.py
[2025-03-25T15:01:43.179+0000] {processor.py:925} INFO - DAG(s) 'example_task_group_decorator' retrieved from /home/airflow/.local/lib/python3.12/site-packages/airflow/example_dags/example_task_group_decorator.py
[2025-03-25T15:01:43.217+0000] {logging_mixin.py:190} INFO - [2025-03-25T15:01:43.217+0000] {dag.py:3239} INFO - Sync 1 DAGs
[2025-03-25T15:01:43.232+0000] {logging_mixin.py:190} INFO - [2025-03-25T15:01:43.232+0000] {dag.py:4180} INFO - Setting next_dagrun for example_task_group_decorator to None, run_after=None
[2025-03-25T15:01:43.259+0000] {processor.py:208} INFO - Processing /home/airflow/.local/lib/python3.12/site-packages/airflow/example_dags/example_task_group_decorator.py took 0.145 seconds
[2025-03-25T15:18:25.800+0000] {processor.py:186} INFO - Started process (PID=4009) to work on /home/airflow/.local/lib/python3.12/site-packages/airflow/example_dags/example_task_group_decorator.py
[2025-03-25T15:18:25.802+0000] {processor.py:914} INFO - Processing file /home/airflow/.local/lib/python3.12/site-packages/airflow/example_dags/example_task_group_decorator.py for tasks to queue
[2025-03-25T15:18:25.809+0000] {logging_mixin.py:190} INFO - [2025-03-25T15:18:25.808+0000] {dagbag.py:588} INFO - Filling up the DagBag from /home/airflow/.local/lib/python3.12/site-packages/airflow/example_dags/example_task_group_decorator.py
[2025-03-25T15:18:25.833+0000] {processor.py:925} INFO - DAG(s) 'example_task_group_decorator' retrieved from /home/airflow/.local/lib/python3.12/site-packages/airflow/example_dags/example_task_group_decorator.py
[2025-03-25T15:18:25.861+0000] {logging_mixin.py:190} INFO - [2025-03-25T15:18:25.860+0000] {dag.py:3239} INFO - Sync 1 DAGs
[2025-03-25T15:18:25.882+0000] {logging_mixin.py:190} INFO - [2025-03-25T15:18:25.882+0000] {dag.py:4180} INFO - Setting next_dagrun for example_task_group_decorator to None, run_after=None
[2025-03-25T15:18:25.911+0000] {processor.py:208} INFO - Processing /home/airflow/.local/lib/python3.12/site-packages/airflow/example_dags/example_task_group_decorator.py took 0.130 seconds
[2025-03-25T15:46:35.459+0000] {processor.py:186} INFO - Started process (PID=4071) to work on /home/airflow/.local/lib/python3.12/site-packages/airflow/example_dags/example_task_group_decorator.py
[2025-03-25T15:46:35.462+0000] {processor.py:914} INFO - Processing file /home/airflow/.local/lib/python3.12/site-packages/airflow/example_dags/example_task_group_decorator.py for tasks to queue
[2025-03-25T15:46:35.481+0000] {logging_mixin.py:190} INFO - [2025-03-25T15:46:35.480+0000] {dagbag.py:588} INFO - Filling up the DagBag from /home/airflow/.local/lib/python3.12/site-packages/airflow/example_dags/example_task_group_decorator.py
[2025-03-25T15:46:35.510+0000] {processor.py:925} INFO - DAG(s) 'example_task_group_decorator' retrieved from /home/airflow/.local/lib/python3.12/site-packages/airflow/example_dags/example_task_group_decorator.py
[2025-03-25T15:46:35.562+0000] {logging_mixin.py:190} INFO - [2025-03-25T15:46:35.561+0000] {dag.py:3239} INFO - Sync 1 DAGs
[2025-03-25T15:46:35.588+0000] {logging_mixin.py:190} INFO - [2025-03-25T15:46:35.588+0000] {dag.py:4180} INFO - Setting next_dagrun for example_task_group_decorator to None, run_after=None
[2025-03-25T15:46:35.611+0000] {processor.py:208} INFO - Processing /home/airflow/.local/lib/python3.12/site-packages/airflow/example_dags/example_task_group_decorator.py took 0.167 seconds
[2025-03-25T16:03:35.093+0000] {processor.py:186} INFO - Started process (PID=4133) to work on /home/airflow/.local/lib/python3.12/site-packages/airflow/example_dags/example_task_group_decorator.py
[2025-03-25T16:03:35.095+0000] {processor.py:914} INFO - Processing file /home/airflow/.local/lib/python3.12/site-packages/airflow/example_dags/example_task_group_decorator.py for tasks to queue
[2025-03-25T16:03:35.102+0000] {logging_mixin.py:190} INFO - [2025-03-25T16:03:35.102+0000] {dagbag.py:588} INFO - Filling up the DagBag from /home/airflow/.local/lib/python3.12/site-packages/airflow/example_dags/example_task_group_decorator.py
[2025-03-25T16:03:35.135+0000] {processor.py:925} INFO - DAG(s) 'example_task_group_decorator' retrieved from /home/airflow/.local/lib/python3.12/site-packages/airflow/example_dags/example_task_group_decorator.py
[2025-03-25T16:03:35.230+0000] {logging_mixin.py:190} INFO - [2025-03-25T16:03:35.230+0000] {dag.py:3239} INFO - Sync 1 DAGs
[2025-03-25T16:03:35.254+0000] {logging_mixin.py:190} INFO - [2025-03-25T16:03:35.254+0000] {dag.py:4180} INFO - Setting next_dagrun for example_task_group_decorator to None, run_after=None
[2025-03-25T16:03:35.297+0000] {processor.py:208} INFO - Processing /home/airflow/.local/lib/python3.12/site-packages/airflow/example_dags/example_task_group_decorator.py took 0.225 seconds
[2025-03-25T16:19:20.031+0000] {processor.py:186} INFO - Started process (PID=4195) to work on /home/airflow/.local/lib/python3.12/site-packages/airflow/example_dags/example_task_group_decorator.py
[2025-03-25T16:19:20.035+0000] {processor.py:914} INFO - Processing file /home/airflow/.local/lib/python3.12/site-packages/airflow/example_dags/example_task_group_decorator.py for tasks to queue
[2025-03-25T16:19:20.043+0000] {logging_mixin.py:190} INFO - [2025-03-25T16:19:20.042+0000] {dagbag.py:588} INFO - Filling up the DagBag from /home/airflow/.local/lib/python3.12/site-packages/airflow/example_dags/example_task_group_decorator.py
[2025-03-25T16:19:20.071+0000] {processor.py:925} INFO - DAG(s) 'example_task_group_decorator' retrieved from /home/airflow/.local/lib/python3.12/site-packages/airflow/example_dags/example_task_group_decorator.py
[2025-03-25T16:19:20.113+0000] {logging_mixin.py:190} INFO - [2025-03-25T16:19:20.113+0000] {dag.py:3239} INFO - Sync 1 DAGs
[2025-03-25T16:19:20.135+0000] {logging_mixin.py:190} INFO - [2025-03-25T16:19:20.135+0000] {dag.py:4180} INFO - Setting next_dagrun for example_task_group_decorator to None, run_after=None
[2025-03-25T16:19:20.153+0000] {processor.py:208} INFO - Processing /home/airflow/.local/lib/python3.12/site-packages/airflow/example_dags/example_task_group_decorator.py took 0.141 seconds
[2025-03-25T16:48:20.869+0000] {processor.py:186} INFO - Started process (PID=4257) to work on /home/airflow/.local/lib/python3.12/site-packages/airflow/example_dags/example_task_group_decorator.py
[2025-03-25T16:48:20.871+0000] {processor.py:914} INFO - Processing file /home/airflow/.local/lib/python3.12/site-packages/airflow/example_dags/example_task_group_decorator.py for tasks to queue
[2025-03-25T16:48:20.879+0000] {logging_mixin.py:190} INFO - [2025-03-25T16:48:20.879+0000] {dagbag.py:588} INFO - Filling up the DagBag from /home/airflow/.local/lib/python3.12/site-packages/airflow/example_dags/example_task_group_decorator.py
[2025-03-25T16:48:20.905+0000] {processor.py:925} INFO - DAG(s) 'example_task_group_decorator' retrieved from /home/airflow/.local/lib/python3.12/site-packages/airflow/example_dags/example_task_group_decorator.py
[2025-03-25T16:48:20.931+0000] {logging_mixin.py:190} INFO - [2025-03-25T16:48:20.931+0000] {dag.py:3239} INFO - Sync 1 DAGs
[2025-03-25T16:48:20.953+0000] {logging_mixin.py:190} INFO - [2025-03-25T16:48:20.952+0000] {dag.py:4180} INFO - Setting next_dagrun for example_task_group_decorator to None, run_after=None
[2025-03-25T16:48:20.969+0000] {processor.py:208} INFO - Processing /home/airflow/.local/lib/python3.12/site-packages/airflow/example_dags/example_task_group_decorator.py took 0.117 seconds
[2025-03-25T17:05:46.732+0000] {processor.py:186} INFO - Started process (PID=4319) to work on /home/airflow/.local/lib/python3.12/site-packages/airflow/example_dags/example_task_group_decorator.py
[2025-03-25T17:05:46.738+0000] {processor.py:914} INFO - Processing file /home/airflow/.local/lib/python3.12/site-packages/airflow/example_dags/example_task_group_decorator.py for tasks to queue
[2025-03-25T17:05:46.745+0000] {logging_mixin.py:190} INFO - [2025-03-25T17:05:46.744+0000] {dagbag.py:588} INFO - Filling up the DagBag from /home/airflow/.local/lib/python3.12/site-packages/airflow/example_dags/example_task_group_decorator.py
[2025-03-25T17:05:46.766+0000] {processor.py:925} INFO - DAG(s) 'example_task_group_decorator' retrieved from /home/airflow/.local/lib/python3.12/site-packages/airflow/example_dags/example_task_group_decorator.py
[2025-03-25T17:05:46.796+0000] {logging_mixin.py:190} INFO - [2025-03-25T17:05:46.796+0000] {dag.py:3239} INFO - Sync 1 DAGs
[2025-03-25T17:05:46.816+0000] {logging_mixin.py:190} INFO - [2025-03-25T17:05:46.816+0000] {dag.py:4180} INFO - Setting next_dagrun for example_task_group_decorator to None, run_after=None
[2025-03-25T17:05:46.840+0000] {processor.py:208} INFO - Processing /home/airflow/.local/lib/python3.12/site-packages/airflow/example_dags/example_task_group_decorator.py took 0.121 seconds
[2025-03-25T17:21:55.008+0000] {processor.py:186} INFO - Started process (PID=4381) to work on /home/airflow/.local/lib/python3.12/site-packages/airflow/example_dags/example_task_group_decorator.py
[2025-03-25T17:21:55.011+0000] {processor.py:914} INFO - Processing file /home/airflow/.local/lib/python3.12/site-packages/airflow/example_dags/example_task_group_decorator.py for tasks to queue
[2025-03-25T17:21:55.019+0000] {logging_mixin.py:190} INFO - [2025-03-25T17:21:55.018+0000] {dagbag.py:588} INFO - Filling up the DagBag from /home/airflow/.local/lib/python3.12/site-packages/airflow/example_dags/example_task_group_decorator.py
[2025-03-25T17:21:55.048+0000] {processor.py:925} INFO - DAG(s) 'example_task_group_decorator' retrieved from /home/airflow/.local/lib/python3.12/site-packages/airflow/example_dags/example_task_group_decorator.py
[2025-03-25T17:21:55.083+0000] {logging_mixin.py:190} INFO - [2025-03-25T17:21:55.083+0000] {dag.py:3239} INFO - Sync 1 DAGs
[2025-03-25T17:21:55.100+0000] {logging_mixin.py:190} INFO - [2025-03-25T17:21:55.099+0000] {dag.py:4180} INFO - Setting next_dagrun for example_task_group_decorator to None, run_after=None
[2025-03-25T17:21:55.125+0000] {processor.py:208} INFO - Processing /home/airflow/.local/lib/python3.12/site-packages/airflow/example_dags/example_task_group_decorator.py took 0.141 seconds
[2025-03-25T17:35:15.322+0000] {processor.py:186} INFO - Started process (PID=4443) to work on /home/airflow/.local/lib/python3.12/site-packages/airflow/example_dags/example_task_group_decorator.py
[2025-03-25T17:35:15.326+0000] {processor.py:914} INFO - Processing file /home/airflow/.local/lib/python3.12/site-packages/airflow/example_dags/example_task_group_decorator.py for tasks to queue
[2025-03-25T17:35:15.332+0000] {logging_mixin.py:190} INFO - [2025-03-25T17:35:15.331+0000] {dagbag.py:588} INFO - Filling up the DagBag from /home/airflow/.local/lib/python3.12/site-packages/airflow/example_dags/example_task_group_decorator.py
[2025-03-25T17:35:15.364+0000] {processor.py:925} INFO - DAG(s) 'example_task_group_decorator' retrieved from /home/airflow/.local/lib/python3.12/site-packages/airflow/example_dags/example_task_group_decorator.py
[2025-03-25T17:35:15.397+0000] {logging_mixin.py:190} INFO - [2025-03-25T17:35:15.397+0000] {dag.py:3239} INFO - Sync 1 DAGs
[2025-03-25T17:35:15.419+0000] {logging_mixin.py:190} INFO - [2025-03-25T17:35:15.419+0000] {dag.py:4180} INFO - Setting next_dagrun for example_task_group_decorator to None, run_after=None
[2025-03-25T17:35:15.439+0000] {processor.py:208} INFO - Processing /home/airflow/.local/lib/python3.12/site-packages/airflow/example_dags/example_task_group_decorator.py took 0.133 seconds
[2025-03-25T18:09:38.880+0000] {processor.py:186} INFO - Started process (PID=4505) to work on /home/airflow/.local/lib/python3.12/site-packages/airflow/example_dags/example_task_group_decorator.py
[2025-03-25T18:09:38.883+0000] {processor.py:914} INFO - Processing file /home/airflow/.local/lib/python3.12/site-packages/airflow/example_dags/example_task_group_decorator.py for tasks to queue
[2025-03-25T18:09:38.893+0000] {logging_mixin.py:190} INFO - [2025-03-25T18:09:38.892+0000] {dagbag.py:588} INFO - Filling up the DagBag from /home/airflow/.local/lib/python3.12/site-packages/airflow/example_dags/example_task_group_decorator.py
[2025-03-25T18:09:38.918+0000] {processor.py:925} INFO - DAG(s) 'example_task_group_decorator' retrieved from /home/airflow/.local/lib/python3.12/site-packages/airflow/example_dags/example_task_group_decorator.py
[2025-03-25T18:09:38.953+0000] {logging_mixin.py:190} INFO - [2025-03-25T18:09:38.952+0000] {dag.py:3239} INFO - Sync 1 DAGs
[2025-03-25T18:09:38.975+0000] {logging_mixin.py:190} INFO - [2025-03-25T18:09:38.974+0000] {dag.py:4180} INFO - Setting next_dagrun for example_task_group_decorator to None, run_after=None
[2025-03-25T18:09:39.003+0000] {processor.py:208} INFO - Processing /home/airflow/.local/lib/python3.12/site-packages/airflow/example_dags/example_task_group_decorator.py took 0.156 seconds
[2025-03-25T18:27:04.791+0000] {processor.py:186} INFO - Started process (PID=4567) to work on /home/airflow/.local/lib/python3.12/site-packages/airflow/example_dags/example_task_group_decorator.py
[2025-03-25T18:27:04.795+0000] {processor.py:914} INFO - Processing file /home/airflow/.local/lib/python3.12/site-packages/airflow/example_dags/example_task_group_decorator.py for tasks to queue
[2025-03-25T18:27:04.807+0000] {logging_mixin.py:190} INFO - [2025-03-25T18:27:04.806+0000] {dagbag.py:588} INFO - Filling up the DagBag from /home/airflow/.local/lib/python3.12/site-packages/airflow/example_dags/example_task_group_decorator.py
[2025-03-25T18:27:04.851+0000] {processor.py:925} INFO - DAG(s) 'example_task_group_decorator' retrieved from /home/airflow/.local/lib/python3.12/site-packages/airflow/example_dags/example_task_group_decorator.py
[2025-03-25T18:27:05.003+0000] {logging_mixin.py:190} INFO - [2025-03-25T18:27:04.986+0000] {dag.py:3239} INFO - Sync 1 DAGs
[2025-03-25T18:27:05.118+0000] {logging_mixin.py:190} INFO - [2025-03-25T18:27:05.118+0000] {dag.py:4180} INFO - Setting next_dagrun for example_task_group_decorator to None, run_after=None
[2025-03-25T18:27:05.196+0000] {processor.py:208} INFO - Processing /home/airflow/.local/lib/python3.12/site-packages/airflow/example_dags/example_task_group_decorator.py took 0.432 seconds
[2025-03-25T18:42:07.388+0000] {processor.py:186} INFO - Started process (PID=4629) to work on /home/airflow/.local/lib/python3.12/site-packages/airflow/example_dags/example_task_group_decorator.py
[2025-03-25T18:42:07.389+0000] {processor.py:914} INFO - Processing file /home/airflow/.local/lib/python3.12/site-packages/airflow/example_dags/example_task_group_decorator.py for tasks to queue
[2025-03-25T18:42:07.398+0000] {logging_mixin.py:190} INFO - [2025-03-25T18:42:07.397+0000] {dagbag.py:588} INFO - Filling up the DagBag from /home/airflow/.local/lib/python3.12/site-packages/airflow/example_dags/example_task_group_decorator.py
[2025-03-25T18:42:07.422+0000] {processor.py:925} INFO - DAG(s) 'example_task_group_decorator' retrieved from /home/airflow/.local/lib/python3.12/site-packages/airflow/example_dags/example_task_group_decorator.py
[2025-03-25T18:42:07.457+0000] {logging_mixin.py:190} INFO - [2025-03-25T18:42:07.457+0000] {dag.py:3239} INFO - Sync 1 DAGs
[2025-03-25T18:42:07.499+0000] {logging_mixin.py:190} INFO - [2025-03-25T18:42:07.499+0000] {dag.py:4180} INFO - Setting next_dagrun for example_task_group_decorator to None, run_after=None
[2025-03-25T18:42:07.523+0000] {processor.py:208} INFO - Processing /home/airflow/.local/lib/python3.12/site-packages/airflow/example_dags/example_task_group_decorator.py took 0.161 seconds
[2025-03-25T18:59:07.824+0000] {processor.py:186} INFO - Started process (PID=4691) to work on /home/airflow/.local/lib/python3.12/site-packages/airflow/example_dags/example_task_group_decorator.py
[2025-03-25T18:59:07.827+0000] {processor.py:914} INFO - Processing file /home/airflow/.local/lib/python3.12/site-packages/airflow/example_dags/example_task_group_decorator.py for tasks to queue
[2025-03-25T18:59:07.835+0000] {logging_mixin.py:190} INFO - [2025-03-25T18:59:07.834+0000] {dagbag.py:588} INFO - Filling up the DagBag from /home/airflow/.local/lib/python3.12/site-packages/airflow/example_dags/example_task_group_decorator.py
[2025-03-25T18:59:07.877+0000] {processor.py:925} INFO - DAG(s) 'example_task_group_decorator' retrieved from /home/airflow/.local/lib/python3.12/site-packages/airflow/example_dags/example_task_group_decorator.py
[2025-03-25T18:59:07.928+0000] {logging_mixin.py:190} INFO - [2025-03-25T18:59:07.928+0000] {dag.py:3239} INFO - Sync 1 DAGs
[2025-03-25T18:59:07.948+0000] {logging_mixin.py:190} INFO - [2025-03-25T18:59:07.948+0000] {dag.py:4180} INFO - Setting next_dagrun for example_task_group_decorator to None, run_after=None
[2025-03-25T18:59:07.977+0000] {processor.py:208} INFO - Processing /home/airflow/.local/lib/python3.12/site-packages/airflow/example_dags/example_task_group_decorator.py took 0.177 seconds
[2025-03-25T19:16:52.681+0000] {processor.py:186} INFO - Started process (PID=4753) to work on /home/airflow/.local/lib/python3.12/site-packages/airflow/example_dags/example_task_group_decorator.py
[2025-03-25T19:16:52.682+0000] {processor.py:914} INFO - Processing file /home/airflow/.local/lib/python3.12/site-packages/airflow/example_dags/example_task_group_decorator.py for tasks to queue
[2025-03-25T19:16:52.689+0000] {logging_mixin.py:190} INFO - [2025-03-25T19:16:52.686+0000] {dagbag.py:588} INFO - Filling up the DagBag from /home/airflow/.local/lib/python3.12/site-packages/airflow/example_dags/example_task_group_decorator.py
[2025-03-25T19:16:52.718+0000] {processor.py:925} INFO - DAG(s) 'example_task_group_decorator' retrieved from /home/airflow/.local/lib/python3.12/site-packages/airflow/example_dags/example_task_group_decorator.py
[2025-03-25T19:16:52.755+0000] {logging_mixin.py:190} INFO - [2025-03-25T19:16:52.754+0000] {dag.py:3239} INFO - Sync 1 DAGs
[2025-03-25T19:16:52.769+0000] {logging_mixin.py:190} INFO - [2025-03-25T19:16:52.769+0000] {dag.py:4180} INFO - Setting next_dagrun for example_task_group_decorator to None, run_after=None
[2025-03-25T19:16:52.794+0000] {processor.py:208} INFO - Processing /home/airflow/.local/lib/python3.12/site-packages/airflow/example_dags/example_task_group_decorator.py took 0.125 seconds
[2025-03-25T19:34:35.990+0000] {processor.py:186} INFO - Started process (PID=4815) to work on /home/airflow/.local/lib/python3.12/site-packages/airflow/example_dags/example_task_group_decorator.py
[2025-03-25T19:34:35.994+0000] {processor.py:914} INFO - Processing file /home/airflow/.local/lib/python3.12/site-packages/airflow/example_dags/example_task_group_decorator.py for tasks to queue
[2025-03-25T19:34:35.999+0000] {logging_mixin.py:190} INFO - [2025-03-25T19:34:35.998+0000] {dagbag.py:588} INFO - Filling up the DagBag from /home/airflow/.local/lib/python3.12/site-packages/airflow/example_dags/example_task_group_decorator.py
[2025-03-25T19:34:36.022+0000] {processor.py:925} INFO - DAG(s) 'example_task_group_decorator' retrieved from /home/airflow/.local/lib/python3.12/site-packages/airflow/example_dags/example_task_group_decorator.py
[2025-03-25T19:34:36.058+0000] {logging_mixin.py:190} INFO - [2025-03-25T19:34:36.057+0000] {dag.py:3239} INFO - Sync 1 DAGs
[2025-03-25T19:34:36.080+0000] {logging_mixin.py:190} INFO - [2025-03-25T19:34:36.079+0000] {dag.py:4180} INFO - Setting next_dagrun for example_task_group_decorator to None, run_after=None
[2025-03-25T19:34:36.101+0000] {processor.py:208} INFO - Processing /home/airflow/.local/lib/python3.12/site-packages/airflow/example_dags/example_task_group_decorator.py took 0.128 seconds
[2025-03-25T19:52:06.660+0000] {processor.py:186} INFO - Started process (PID=4877) to work on /home/airflow/.local/lib/python3.12/site-packages/airflow/example_dags/example_task_group_decorator.py
[2025-03-25T19:52:06.662+0000] {processor.py:914} INFO - Processing file /home/airflow/.local/lib/python3.12/site-packages/airflow/example_dags/example_task_group_decorator.py for tasks to queue
[2025-03-25T19:52:06.669+0000] {logging_mixin.py:190} INFO - [2025-03-25T19:52:06.669+0000] {dagbag.py:588} INFO - Filling up the DagBag from /home/airflow/.local/lib/python3.12/site-packages/airflow/example_dags/example_task_group_decorator.py
[2025-03-25T19:52:06.693+0000] {processor.py:925} INFO - DAG(s) 'example_task_group_decorator' retrieved from /home/airflow/.local/lib/python3.12/site-packages/airflow/example_dags/example_task_group_decorator.py
[2025-03-25T19:52:06.726+0000] {logging_mixin.py:190} INFO - [2025-03-25T19:52:06.726+0000] {dag.py:3239} INFO - Sync 1 DAGs
[2025-03-25T19:52:06.747+0000] {logging_mixin.py:190} INFO - [2025-03-25T19:52:06.747+0000] {dag.py:4180} INFO - Setting next_dagrun for example_task_group_decorator to None, run_after=None
[2025-03-25T19:52:06.772+0000] {processor.py:208} INFO - Processing /home/airflow/.local/lib/python3.12/site-packages/airflow/example_dags/example_task_group_decorator.py took 0.130 seconds
[2025-03-25T20:09:22.146+0000] {processor.py:186} INFO - Started process (PID=4939) to work on /home/airflow/.local/lib/python3.12/site-packages/airflow/example_dags/example_task_group_decorator.py
[2025-03-25T20:09:22.150+0000] {processor.py:914} INFO - Processing file /home/airflow/.local/lib/python3.12/site-packages/airflow/example_dags/example_task_group_decorator.py for tasks to queue
[2025-03-25T20:09:22.158+0000] {logging_mixin.py:190} INFO - [2025-03-25T20:09:22.158+0000] {dagbag.py:588} INFO - Filling up the DagBag from /home/airflow/.local/lib/python3.12/site-packages/airflow/example_dags/example_task_group_decorator.py
[2025-03-25T20:09:22.183+0000] {processor.py:925} INFO - DAG(s) 'example_task_group_decorator' retrieved from /home/airflow/.local/lib/python3.12/site-packages/airflow/example_dags/example_task_group_decorator.py
[2025-03-25T20:09:22.226+0000] {logging_mixin.py:190} INFO - [2025-03-25T20:09:22.226+0000] {dag.py:3239} INFO - Sync 1 DAGs
[2025-03-25T20:09:22.248+0000] {logging_mixin.py:190} INFO - [2025-03-25T20:09:22.248+0000] {dag.py:4180} INFO - Setting next_dagrun for example_task_group_decorator to None, run_after=None
[2025-03-25T20:09:22.265+0000] {processor.py:208} INFO - Processing /home/airflow/.local/lib/python3.12/site-packages/airflow/example_dags/example_task_group_decorator.py took 0.132 seconds
[2025-03-25T20:35:22.496+0000] {processor.py:186} INFO - Started process (PID=5001) to work on /home/airflow/.local/lib/python3.12/site-packages/airflow/example_dags/example_task_group_decorator.py
[2025-03-25T20:35:22.497+0000] {processor.py:914} INFO - Processing file /home/airflow/.local/lib/python3.12/site-packages/airflow/example_dags/example_task_group_decorator.py for tasks to queue
[2025-03-25T20:35:22.501+0000] {logging_mixin.py:190} INFO - [2025-03-25T20:35:22.501+0000] {dagbag.py:588} INFO - Filling up the DagBag from /home/airflow/.local/lib/python3.12/site-packages/airflow/example_dags/example_task_group_decorator.py
[2025-03-25T20:35:22.521+0000] {processor.py:925} INFO - DAG(s) 'example_task_group_decorator' retrieved from /home/airflow/.local/lib/python3.12/site-packages/airflow/example_dags/example_task_group_decorator.py
[2025-03-25T20:35:22.551+0000] {logging_mixin.py:190} INFO - [2025-03-25T20:35:22.550+0000] {dag.py:3239} INFO - Sync 1 DAGs
[2025-03-25T20:35:22.566+0000] {logging_mixin.py:190} INFO - [2025-03-25T20:35:22.566+0000] {dag.py:4180} INFO - Setting next_dagrun for example_task_group_decorator to None, run_after=None
[2025-03-25T20:35:22.591+0000] {processor.py:208} INFO - Processing /home/airflow/.local/lib/python3.12/site-packages/airflow/example_dags/example_task_group_decorator.py took 0.109 seconds
[2025-03-25T20:51:43.790+0000] {processor.py:186} INFO - Started process (PID=5063) to work on /home/airflow/.local/lib/python3.12/site-packages/airflow/example_dags/example_task_group_decorator.py
[2025-03-25T20:51:43.796+0000] {processor.py:914} INFO - Processing file /home/airflow/.local/lib/python3.12/site-packages/airflow/example_dags/example_task_group_decorator.py for tasks to queue
[2025-03-25T20:51:43.812+0000] {logging_mixin.py:190} INFO - [2025-03-25T20:51:43.811+0000] {dagbag.py:588} INFO - Filling up the DagBag from /home/airflow/.local/lib/python3.12/site-packages/airflow/example_dags/example_task_group_decorator.py
[2025-03-25T20:51:43.848+0000] {processor.py:925} INFO - DAG(s) 'example_task_group_decorator' retrieved from /home/airflow/.local/lib/python3.12/site-packages/airflow/example_dags/example_task_group_decorator.py
[2025-03-25T20:51:43.906+0000] {logging_mixin.py:190} INFO - [2025-03-25T20:51:43.906+0000] {dag.py:3239} INFO - Sync 1 DAGs
[2025-03-25T20:51:43.929+0000] {logging_mixin.py:190} INFO - [2025-03-25T20:51:43.928+0000] {dag.py:4180} INFO - Setting next_dagrun for example_task_group_decorator to None, run_after=None
[2025-03-25T20:51:43.953+0000] {processor.py:208} INFO - Processing /home/airflow/.local/lib/python3.12/site-packages/airflow/example_dags/example_task_group_decorator.py took 0.185 seconds
[2025-03-25T21:22:50.261+0000] {processor.py:186} INFO - Started process (PID=5125) to work on /home/airflow/.local/lib/python3.12/site-packages/airflow/example_dags/example_task_group_decorator.py
[2025-03-25T21:22:50.266+0000] {processor.py:914} INFO - Processing file /home/airflow/.local/lib/python3.12/site-packages/airflow/example_dags/example_task_group_decorator.py for tasks to queue
[2025-03-25T21:22:50.285+0000] {logging_mixin.py:190} INFO - [2025-03-25T21:22:50.279+0000] {dagbag.py:588} INFO - Filling up the DagBag from /home/airflow/.local/lib/python3.12/site-packages/airflow/example_dags/example_task_group_decorator.py
[2025-03-25T21:22:50.339+0000] {processor.py:925} INFO - DAG(s) 'example_task_group_decorator' retrieved from /home/airflow/.local/lib/python3.12/site-packages/airflow/example_dags/example_task_group_decorator.py
[2025-03-25T21:22:50.409+0000] {logging_mixin.py:190} INFO - [2025-03-25T21:22:50.409+0000] {dag.py:3239} INFO - Sync 1 DAGs
[2025-03-25T21:22:50.451+0000] {logging_mixin.py:190} INFO - [2025-03-25T21:22:50.450+0000] {dag.py:4180} INFO - Setting next_dagrun for example_task_group_decorator to None, run_after=None
[2025-03-25T21:22:50.491+0000] {processor.py:208} INFO - Processing /home/airflow/.local/lib/python3.12/site-packages/airflow/example_dags/example_task_group_decorator.py took 0.263 seconds
[2025-03-25T21:36:25.547+0000] {processor.py:186} INFO - Started process (PID=5187) to work on /home/airflow/.local/lib/python3.12/site-packages/airflow/example_dags/example_task_group_decorator.py
[2025-03-25T21:36:25.550+0000] {processor.py:914} INFO - Processing file /home/airflow/.local/lib/python3.12/site-packages/airflow/example_dags/example_task_group_decorator.py for tasks to queue
[2025-03-25T21:36:25.558+0000] {logging_mixin.py:190} INFO - [2025-03-25T21:36:25.558+0000] {dagbag.py:588} INFO - Filling up the DagBag from /home/airflow/.local/lib/python3.12/site-packages/airflow/example_dags/example_task_group_decorator.py
[2025-03-25T21:36:25.586+0000] {processor.py:925} INFO - DAG(s) 'example_task_group_decorator' retrieved from /home/airflow/.local/lib/python3.12/site-packages/airflow/example_dags/example_task_group_decorator.py
[2025-03-25T21:36:25.611+0000] {logging_mixin.py:190} INFO - [2025-03-25T21:36:25.611+0000] {dag.py:3239} INFO - Sync 1 DAGs
[2025-03-25T21:36:25.628+0000] {logging_mixin.py:190} INFO - [2025-03-25T21:36:25.628+0000] {dag.py:4180} INFO - Setting next_dagrun for example_task_group_decorator to None, run_after=None
[2025-03-25T21:36:25.649+0000] {processor.py:208} INFO - Processing /home/airflow/.local/lib/python3.12/site-packages/airflow/example_dags/example_task_group_decorator.py took 0.110 seconds
[2025-03-25T21:45:41.891+0000] {processor.py:186} INFO - Started process (PID=5249) to work on /home/airflow/.local/lib/python3.12/site-packages/airflow/example_dags/example_task_group_decorator.py
[2025-03-25T21:45:41.894+0000] {processor.py:914} INFO - Processing file /home/airflow/.local/lib/python3.12/site-packages/airflow/example_dags/example_task_group_decorator.py for tasks to queue
[2025-03-25T21:45:41.903+0000] {logging_mixin.py:190} INFO - [2025-03-25T21:45:41.903+0000] {dagbag.py:588} INFO - Filling up the DagBag from /home/airflow/.local/lib/python3.12/site-packages/airflow/example_dags/example_task_group_decorator.py
[2025-03-25T21:45:41.922+0000] {processor.py:925} INFO - DAG(s) 'example_task_group_decorator' retrieved from /home/airflow/.local/lib/python3.12/site-packages/airflow/example_dags/example_task_group_decorator.py
[2025-03-25T21:45:41.960+0000] {logging_mixin.py:190} INFO - [2025-03-25T21:45:41.960+0000] {dag.py:3239} INFO - Sync 1 DAGs
[2025-03-25T21:45:41.981+0000] {logging_mixin.py:190} INFO - [2025-03-25T21:45:41.981+0000] {dag.py:4180} INFO - Setting next_dagrun for example_task_group_decorator to None, run_after=None
[2025-03-25T21:45:42.001+0000] {processor.py:208} INFO - Processing /home/airflow/.local/lib/python3.12/site-packages/airflow/example_dags/example_task_group_decorator.py took 0.125 seconds
[2025-03-25T22:03:48.472+0000] {processor.py:186} INFO - Started process (PID=5311) to work on /home/airflow/.local/lib/python3.12/site-packages/airflow/example_dags/example_task_group_decorator.py
[2025-03-25T22:03:48.474+0000] {processor.py:914} INFO - Processing file /home/airflow/.local/lib/python3.12/site-packages/airflow/example_dags/example_task_group_decorator.py for tasks to queue
[2025-03-25T22:03:48.486+0000] {logging_mixin.py:190} INFO - [2025-03-25T22:03:48.485+0000] {dagbag.py:588} INFO - Filling up the DagBag from /home/airflow/.local/lib/python3.12/site-packages/airflow/example_dags/example_task_group_decorator.py
[2025-03-25T22:03:48.518+0000] {processor.py:925} INFO - DAG(s) 'example_task_group_decorator' retrieved from /home/airflow/.local/lib/python3.12/site-packages/airflow/example_dags/example_task_group_decorator.py
[2025-03-25T22:03:48.559+0000] {logging_mixin.py:190} INFO - [2025-03-25T22:03:48.559+0000] {dag.py:3239} INFO - Sync 1 DAGs
[2025-03-25T22:03:48.602+0000] {logging_mixin.py:190} INFO - [2025-03-25T22:03:48.601+0000] {dag.py:4180} INFO - Setting next_dagrun for example_task_group_decorator to None, run_after=None
[2025-03-25T22:03:48.634+0000] {processor.py:208} INFO - Processing /home/airflow/.local/lib/python3.12/site-packages/airflow/example_dags/example_task_group_decorator.py took 0.185 seconds
[2025-03-25T22:19:23.533+0000] {processor.py:186} INFO - Started process (PID=5372) to work on /home/airflow/.local/lib/python3.12/site-packages/airflow/example_dags/example_task_group_decorator.py
[2025-03-25T22:19:23.537+0000] {processor.py:914} INFO - Processing file /home/airflow/.local/lib/python3.12/site-packages/airflow/example_dags/example_task_group_decorator.py for tasks to queue
[2025-03-25T22:19:23.543+0000] {logging_mixin.py:190} INFO - [2025-03-25T22:19:23.543+0000] {dagbag.py:588} INFO - Filling up the DagBag from /home/airflow/.local/lib/python3.12/site-packages/airflow/example_dags/example_task_group_decorator.py
[2025-03-25T22:19:23.571+0000] {processor.py:925} INFO - DAG(s) 'example_task_group_decorator' retrieved from /home/airflow/.local/lib/python3.12/site-packages/airflow/example_dags/example_task_group_decorator.py
[2025-03-25T22:19:23.605+0000] {logging_mixin.py:190} INFO - [2025-03-25T22:19:23.605+0000] {dag.py:3239} INFO - Sync 1 DAGs
[2025-03-25T22:19:23.628+0000] {logging_mixin.py:190} INFO - [2025-03-25T22:19:23.628+0000] {dag.py:4180} INFO - Setting next_dagrun for example_task_group_decorator to None, run_after=None
[2025-03-25T22:19:23.655+0000] {processor.py:208} INFO - Processing /home/airflow/.local/lib/python3.12/site-packages/airflow/example_dags/example_task_group_decorator.py took 0.144 seconds
[2025-03-25T22:52:42.434+0000] {processor.py:186} INFO - Started process (PID=5434) to work on /home/airflow/.local/lib/python3.12/site-packages/airflow/example_dags/example_task_group_decorator.py
[2025-03-25T22:52:42.439+0000] {processor.py:914} INFO - Processing file /home/airflow/.local/lib/python3.12/site-packages/airflow/example_dags/example_task_group_decorator.py for tasks to queue
[2025-03-25T22:52:42.444+0000] {logging_mixin.py:190} INFO - [2025-03-25T22:52:42.443+0000] {dagbag.py:588} INFO - Filling up the DagBag from /home/airflow/.local/lib/python3.12/site-packages/airflow/example_dags/example_task_group_decorator.py
[2025-03-25T22:52:42.471+0000] {processor.py:925} INFO - DAG(s) 'example_task_group_decorator' retrieved from /home/airflow/.local/lib/python3.12/site-packages/airflow/example_dags/example_task_group_decorator.py
[2025-03-25T22:52:42.502+0000] {logging_mixin.py:190} INFO - [2025-03-25T22:52:42.502+0000] {dag.py:3239} INFO - Sync 1 DAGs
[2025-03-25T22:52:42.520+0000] {logging_mixin.py:190} INFO - [2025-03-25T22:52:42.520+0000] {dag.py:4180} INFO - Setting next_dagrun for example_task_group_decorator to None, run_after=None
[2025-03-25T22:52:42.538+0000] {processor.py:208} INFO - Processing /home/airflow/.local/lib/python3.12/site-packages/airflow/example_dags/example_task_group_decorator.py took 0.131 seconds
[2025-03-25T23:09:40.752+0000] {processor.py:186} INFO - Started process (PID=5496) to work on /home/airflow/.local/lib/python3.12/site-packages/airflow/example_dags/example_task_group_decorator.py
[2025-03-25T23:09:40.755+0000] {processor.py:914} INFO - Processing file /home/airflow/.local/lib/python3.12/site-packages/airflow/example_dags/example_task_group_decorator.py for tasks to queue
[2025-03-25T23:09:40.768+0000] {logging_mixin.py:190} INFO - [2025-03-25T23:09:40.767+0000] {dagbag.py:588} INFO - Filling up the DagBag from /home/airflow/.local/lib/python3.12/site-packages/airflow/example_dags/example_task_group_decorator.py
[2025-03-25T23:09:40.799+0000] {processor.py:925} INFO - DAG(s) 'example_task_group_decorator' retrieved from /home/airflow/.local/lib/python3.12/site-packages/airflow/example_dags/example_task_group_decorator.py
[2025-03-25T23:09:40.838+0000] {logging_mixin.py:190} INFO - [2025-03-25T23:09:40.837+0000] {dag.py:3239} INFO - Sync 1 DAGs
[2025-03-25T23:09:40.851+0000] {logging_mixin.py:190} INFO - [2025-03-25T23:09:40.851+0000] {dag.py:4180} INFO - Setting next_dagrun for example_task_group_decorator to None, run_after=None
[2025-03-25T23:09:40.880+0000] {processor.py:208} INFO - Processing /home/airflow/.local/lib/python3.12/site-packages/airflow/example_dags/example_task_group_decorator.py took 0.155 seconds
[2025-03-25T23:27:26.016+0000] {processor.py:186} INFO - Started process (PID=5558) to work on /home/airflow/.local/lib/python3.12/site-packages/airflow/example_dags/example_task_group_decorator.py
[2025-03-25T23:27:26.020+0000] {processor.py:914} INFO - Processing file /home/airflow/.local/lib/python3.12/site-packages/airflow/example_dags/example_task_group_decorator.py for tasks to queue
[2025-03-25T23:27:26.025+0000] {logging_mixin.py:190} INFO - [2025-03-25T23:27:26.025+0000] {dagbag.py:588} INFO - Filling up the DagBag from /home/airflow/.local/lib/python3.12/site-packages/airflow/example_dags/example_task_group_decorator.py
[2025-03-25T23:27:26.054+0000] {processor.py:925} INFO - DAG(s) 'example_task_group_decorator' retrieved from /home/airflow/.local/lib/python3.12/site-packages/airflow/example_dags/example_task_group_decorator.py
[2025-03-25T23:27:26.084+0000] {logging_mixin.py:190} INFO - [2025-03-25T23:27:26.084+0000] {dag.py:3239} INFO - Sync 1 DAGs
[2025-03-25T23:27:26.103+0000] {logging_mixin.py:190} INFO - [2025-03-25T23:27:26.102+0000] {dag.py:4180} INFO - Setting next_dagrun for example_task_group_decorator to None, run_after=None
[2025-03-25T23:27:26.123+0000] {processor.py:208} INFO - Processing /home/airflow/.local/lib/python3.12/site-packages/airflow/example_dags/example_task_group_decorator.py took 0.122 seconds
[2025-03-25T23:53:54.729+0000] {processor.py:186} INFO - Started process (PID=5620) to work on /home/airflow/.local/lib/python3.12/site-packages/airflow/example_dags/example_task_group_decorator.py
[2025-03-25T23:53:54.733+0000] {processor.py:914} INFO - Processing file /home/airflow/.local/lib/python3.12/site-packages/airflow/example_dags/example_task_group_decorator.py for tasks to queue
[2025-03-25T23:53:54.745+0000] {logging_mixin.py:190} INFO - [2025-03-25T23:53:54.744+0000] {dagbag.py:588} INFO - Filling up the DagBag from /home/airflow/.local/lib/python3.12/site-packages/airflow/example_dags/example_task_group_decorator.py
[2025-03-25T23:53:54.802+0000] {processor.py:925} INFO - DAG(s) 'example_task_group_decorator' retrieved from /home/airflow/.local/lib/python3.12/site-packages/airflow/example_dags/example_task_group_decorator.py
[2025-03-25T23:53:54.849+0000] {logging_mixin.py:190} INFO - [2025-03-25T23:53:54.848+0000] {dag.py:3239} INFO - Sync 1 DAGs
[2025-03-25T23:53:54.885+0000] {logging_mixin.py:190} INFO - [2025-03-25T23:53:54.885+0000] {dag.py:4180} INFO - Setting next_dagrun for example_task_group_decorator to None, run_after=None
[2025-03-25T23:53:54.926+0000] {processor.py:208} INFO - Processing /home/airflow/.local/lib/python3.12/site-packages/airflow/example_dags/example_task_group_decorator.py took 0.218 seconds
