[2025-02-19T13:42:44.181+0000] {processor.py:186} INFO - Started process (PID=77) to work on /home/airflow/.local/lib/python3.12/site-packages/airflow/example_dags/example_sla_dag.py
[2025-02-19T13:42:44.182+0000] {processor.py:914} INFO - Processing file /home/airflow/.local/lib/python3.12/site-packages/airflow/example_dags/example_sla_dag.py for tasks to queue
[2025-02-19T13:42:44.184+0000] {logging_mixin.py:190} INFO - [2025-02-19T13:42:44.184+0000] {dagbag.py:588} INFO - Filling up the DagBag from /home/airflow/.local/lib/python3.12/site-packages/airflow/example_dags/example_sla_dag.py
[2025-02-19T13:42:44.199+0000] {processor.py:925} INFO - DAG(s) 'example_sla_dag' retrieved from /home/airflow/.local/lib/python3.12/site-packages/airflow/example_dags/example_sla_dag.py
[2025-02-19T13:42:44.227+0000] {logging_mixin.py:190} INFO - [2025-02-19T13:42:44.226+0000] {dag.py:3239} INFO - Sync 1 DAGs
[2025-02-19T13:42:44.255+0000] {logging_mixin.py:190} INFO - [2025-02-19T13:42:44.255+0000] {dag.py:4180} INFO - Setting next_dagrun for example_sla_dag to 2025-02-19 13:40:00+00:00, run_after=2025-02-19 13:42:00+00:00
[2025-02-19T13:42:44.274+0000] {processor.py:208} INFO - Processing /home/airflow/.local/lib/python3.12/site-packages/airflow/example_dags/example_sla_dag.py took 0.097 seconds
[2025-02-19T13:44:16.484+0000] {processor.py:186} INFO - Started process (PID=65) to work on /home/airflow/.local/lib/python3.12/site-packages/airflow/example_dags/example_sla_dag.py
[2025-02-19T13:44:16.487+0000] {processor.py:914} INFO - Processing file /home/airflow/.local/lib/python3.12/site-packages/airflow/example_dags/example_sla_dag.py for tasks to queue
[2025-02-19T13:44:16.492+0000] {logging_mixin.py:190} INFO - [2025-02-19T13:44:16.492+0000] {dagbag.py:588} INFO - Filling up the DagBag from /home/airflow/.local/lib/python3.12/site-packages/airflow/example_dags/example_sla_dag.py
[2025-02-19T13:44:16.505+0000] {processor.py:925} INFO - DAG(s) 'example_sla_dag' retrieved from /home/airflow/.local/lib/python3.12/site-packages/airflow/example_dags/example_sla_dag.py
[2025-02-19T13:44:16.550+0000] {logging_mixin.py:190} INFO - [2025-02-19T13:44:16.550+0000] {dag.py:3239} INFO - Sync 1 DAGs
[2025-02-19T13:44:16.595+0000] {logging_mixin.py:190} INFO - [2025-02-19T13:44:16.595+0000] {dag.py:4180} INFO - Setting next_dagrun for example_sla_dag to 2025-02-19 13:42:00+00:00, run_after=2025-02-19 13:44:00+00:00
[2025-02-19T13:44:16.633+0000] {processor.py:208} INFO - Processing /home/airflow/.local/lib/python3.12/site-packages/airflow/example_dags/example_sla_dag.py took 0.166 seconds
[2025-02-19T13:44:46.976+0000] {processor.py:186} INFO - Started process (PID=127) to work on /home/airflow/.local/lib/python3.12/site-packages/airflow/example_dags/example_sla_dag.py
[2025-02-19T13:44:46.977+0000] {processor.py:914} INFO - Processing file /home/airflow/.local/lib/python3.12/site-packages/airflow/example_dags/example_sla_dag.py for tasks to queue
[2025-02-19T13:44:46.978+0000] {logging_mixin.py:190} INFO - [2025-02-19T13:44:46.978+0000] {dagbag.py:588} INFO - Filling up the DagBag from /home/airflow/.local/lib/python3.12/site-packages/airflow/example_dags/example_sla_dag.py
[2025-02-19T13:44:46.983+0000] {processor.py:925} INFO - DAG(s) 'example_sla_dag' retrieved from /home/airflow/.local/lib/python3.12/site-packages/airflow/example_dags/example_sla_dag.py
[2025-02-19T13:44:46.993+0000] {logging_mixin.py:190} INFO - [2025-02-19T13:44:46.993+0000] {dag.py:3239} INFO - Sync 1 DAGs
[2025-02-19T13:44:47.004+0000] {logging_mixin.py:190} INFO - [2025-02-19T13:44:47.004+0000] {dag.py:4180} INFO - Setting next_dagrun for example_sla_dag to 2025-02-19 13:42:00+00:00, run_after=2025-02-19 13:44:00+00:00
[2025-02-19T13:44:47.012+0000] {processor.py:208} INFO - Processing /home/airflow/.local/lib/python3.12/site-packages/airflow/example_dags/example_sla_dag.py took 0.039 seconds
[2025-02-19T20:26:08.364+0000] {processor.py:186} INFO - Started process (PID=76) to work on /home/airflow/.local/lib/python3.12/site-packages/airflow/example_dags/example_sla_dag.py
[2025-02-19T20:26:08.367+0000] {processor.py:914} INFO - Processing file /home/airflow/.local/lib/python3.12/site-packages/airflow/example_dags/example_sla_dag.py for tasks to queue
[2025-02-19T20:26:08.371+0000] {logging_mixin.py:190} INFO - [2025-02-19T20:26:08.370+0000] {dagbag.py:588} INFO - Filling up the DagBag from /home/airflow/.local/lib/python3.12/site-packages/airflow/example_dags/example_sla_dag.py
[2025-02-19T20:26:08.409+0000] {processor.py:925} INFO - DAG(s) 'example_sla_dag' retrieved from /home/airflow/.local/lib/python3.12/site-packages/airflow/example_dags/example_sla_dag.py
[2025-02-19T20:26:08.450+0000] {logging_mixin.py:190} INFO - [2025-02-19T20:26:08.450+0000] {dag.py:3239} INFO - Sync 1 DAGs
[2025-02-19T20:26:08.476+0000] {logging_mixin.py:190} INFO - [2025-02-19T20:26:08.476+0000] {dag.py:4180} INFO - Setting next_dagrun for example_sla_dag to 2025-02-19 20:24:00+00:00, run_after=2025-02-19 20:26:00+00:00
[2025-02-19T20:26:08.511+0000] {processor.py:208} INFO - Processing /home/airflow/.local/lib/python3.12/site-packages/airflow/example_dags/example_sla_dag.py took 0.157 seconds
[2025-02-19T20:26:39.459+0000] {processor.py:186} INFO - Started process (PID=138) to work on /home/airflow/.local/lib/python3.12/site-packages/airflow/example_dags/example_sla_dag.py
[2025-02-19T20:26:39.460+0000] {processor.py:914} INFO - Processing file /home/airflow/.local/lib/python3.12/site-packages/airflow/example_dags/example_sla_dag.py for tasks to queue
[2025-02-19T20:26:39.468+0000] {logging_mixin.py:190} INFO - [2025-02-19T20:26:39.466+0000] {dagbag.py:588} INFO - Filling up the DagBag from /home/airflow/.local/lib/python3.12/site-packages/airflow/example_dags/example_sla_dag.py
[2025-02-19T20:26:39.488+0000] {processor.py:925} INFO - DAG(s) 'example_sla_dag' retrieved from /home/airflow/.local/lib/python3.12/site-packages/airflow/example_dags/example_sla_dag.py
[2025-02-19T20:26:39.527+0000] {logging_mixin.py:190} INFO - [2025-02-19T20:26:39.526+0000] {dag.py:3239} INFO - Sync 1 DAGs
[2025-02-19T20:26:39.548+0000] {logging_mixin.py:190} INFO - [2025-02-19T20:26:39.548+0000] {dag.py:4180} INFO - Setting next_dagrun for example_sla_dag to 2025-02-19 20:24:00+00:00, run_after=2025-02-19 20:26:00+00:00
[2025-02-19T20:26:39.559+0000] {processor.py:208} INFO - Processing /home/airflow/.local/lib/python3.12/site-packages/airflow/example_dags/example_sla_dag.py took 0.109 seconds
[2025-02-19T20:27:10.138+0000] {processor.py:186} INFO - Started process (PID=200) to work on /home/airflow/.local/lib/python3.12/site-packages/airflow/example_dags/example_sla_dag.py
[2025-02-19T20:27:10.139+0000] {processor.py:914} INFO - Processing file /home/airflow/.local/lib/python3.12/site-packages/airflow/example_dags/example_sla_dag.py for tasks to queue
[2025-02-19T20:27:10.142+0000] {logging_mixin.py:190} INFO - [2025-02-19T20:27:10.142+0000] {dagbag.py:588} INFO - Filling up the DagBag from /home/airflow/.local/lib/python3.12/site-packages/airflow/example_dags/example_sla_dag.py
[2025-02-19T20:27:10.152+0000] {processor.py:925} INFO - DAG(s) 'example_sla_dag' retrieved from /home/airflow/.local/lib/python3.12/site-packages/airflow/example_dags/example_sla_dag.py
[2025-02-19T20:27:10.168+0000] {logging_mixin.py:190} INFO - [2025-02-19T20:27:10.168+0000] {dag.py:3239} INFO - Sync 1 DAGs
[2025-02-19T20:27:10.182+0000] {logging_mixin.py:190} INFO - [2025-02-19T20:27:10.182+0000] {dag.py:4180} INFO - Setting next_dagrun for example_sla_dag to 2025-02-19 20:24:00+00:00, run_after=2025-02-19 20:26:00+00:00
[2025-02-19T20:27:10.191+0000] {processor.py:208} INFO - Processing /home/airflow/.local/lib/python3.12/site-packages/airflow/example_dags/example_sla_dag.py took 0.062 seconds
[2025-02-19T20:27:40.638+0000] {processor.py:186} INFO - Started process (PID=262) to work on /home/airflow/.local/lib/python3.12/site-packages/airflow/example_dags/example_sla_dag.py
[2025-02-19T20:27:40.640+0000] {processor.py:914} INFO - Processing file /home/airflow/.local/lib/python3.12/site-packages/airflow/example_dags/example_sla_dag.py for tasks to queue
[2025-02-19T20:27:40.645+0000] {logging_mixin.py:190} INFO - [2025-02-19T20:27:40.644+0000] {dagbag.py:588} INFO - Filling up the DagBag from /home/airflow/.local/lib/python3.12/site-packages/airflow/example_dags/example_sla_dag.py
[2025-02-19T20:27:40.656+0000] {processor.py:925} INFO - DAG(s) 'example_sla_dag' retrieved from /home/airflow/.local/lib/python3.12/site-packages/airflow/example_dags/example_sla_dag.py
[2025-02-19T20:27:40.674+0000] {logging_mixin.py:190} INFO - [2025-02-19T20:27:40.674+0000] {dag.py:3239} INFO - Sync 1 DAGs
[2025-02-19T20:27:40.691+0000] {logging_mixin.py:190} INFO - [2025-02-19T20:27:40.691+0000] {dag.py:4180} INFO - Setting next_dagrun for example_sla_dag to 2025-02-19 20:24:00+00:00, run_after=2025-02-19 20:26:00+00:00
[2025-02-19T20:27:40.701+0000] {processor.py:208} INFO - Processing /home/airflow/.local/lib/python3.12/site-packages/airflow/example_dags/example_sla_dag.py took 0.076 seconds
[2025-02-19T20:28:10.751+0000] {processor.py:186} INFO - Started process (PID=323) to work on /home/airflow/.local/lib/python3.12/site-packages/airflow/example_dags/example_sla_dag.py
[2025-02-19T20:28:10.753+0000] {processor.py:914} INFO - Processing file /home/airflow/.local/lib/python3.12/site-packages/airflow/example_dags/example_sla_dag.py for tasks to queue
[2025-02-19T20:28:10.755+0000] {logging_mixin.py:190} INFO - [2025-02-19T20:28:10.755+0000] {dagbag.py:588} INFO - Filling up the DagBag from /home/airflow/.local/lib/python3.12/site-packages/airflow/example_dags/example_sla_dag.py
[2025-02-19T20:28:10.764+0000] {processor.py:925} INFO - DAG(s) 'example_sla_dag' retrieved from /home/airflow/.local/lib/python3.12/site-packages/airflow/example_dags/example_sla_dag.py
[2025-02-19T20:28:10.777+0000] {logging_mixin.py:190} INFO - [2025-02-19T20:28:10.777+0000] {dag.py:3239} INFO - Sync 1 DAGs
[2025-02-19T20:28:10.791+0000] {logging_mixin.py:190} INFO - [2025-02-19T20:28:10.791+0000] {dag.py:4180} INFO - Setting next_dagrun for example_sla_dag to 2025-02-19 20:26:00+00:00, run_after=2025-02-19 20:28:00+00:00
[2025-02-19T20:28:10.801+0000] {processor.py:208} INFO - Processing /home/airflow/.local/lib/python3.12/site-packages/airflow/example_dags/example_sla_dag.py took 0.059 seconds
[2025-02-19T20:28:41.154+0000] {processor.py:186} INFO - Started process (PID=385) to work on /home/airflow/.local/lib/python3.12/site-packages/airflow/example_dags/example_sla_dag.py
[2025-02-19T20:28:41.155+0000] {processor.py:914} INFO - Processing file /home/airflow/.local/lib/python3.12/site-packages/airflow/example_dags/example_sla_dag.py for tasks to queue
[2025-02-19T20:28:41.156+0000] {logging_mixin.py:190} INFO - [2025-02-19T20:28:41.156+0000] {dagbag.py:588} INFO - Filling up the DagBag from /home/airflow/.local/lib/python3.12/site-packages/airflow/example_dags/example_sla_dag.py
[2025-02-19T20:28:41.162+0000] {processor.py:925} INFO - DAG(s) 'example_sla_dag' retrieved from /home/airflow/.local/lib/python3.12/site-packages/airflow/example_dags/example_sla_dag.py
[2025-02-19T20:28:41.176+0000] {logging_mixin.py:190} INFO - [2025-02-19T20:28:41.176+0000] {dag.py:3239} INFO - Sync 1 DAGs
[2025-02-19T20:28:41.194+0000] {logging_mixin.py:190} INFO - [2025-02-19T20:28:41.194+0000] {dag.py:4180} INFO - Setting next_dagrun for example_sla_dag to 2025-02-19 20:26:00+00:00, run_after=2025-02-19 20:28:00+00:00
[2025-02-19T20:28:41.206+0000] {processor.py:208} INFO - Processing /home/airflow/.local/lib/python3.12/site-packages/airflow/example_dags/example_sla_dag.py took 0.055 seconds
[2025-02-19T20:29:11.859+0000] {processor.py:186} INFO - Started process (PID=447) to work on /home/airflow/.local/lib/python3.12/site-packages/airflow/example_dags/example_sla_dag.py
[2025-02-19T20:29:11.862+0000] {processor.py:914} INFO - Processing file /home/airflow/.local/lib/python3.12/site-packages/airflow/example_dags/example_sla_dag.py for tasks to queue
[2025-02-19T20:29:11.863+0000] {logging_mixin.py:190} INFO - [2025-02-19T20:29:11.863+0000] {dagbag.py:588} INFO - Filling up the DagBag from /home/airflow/.local/lib/python3.12/site-packages/airflow/example_dags/example_sla_dag.py
[2025-02-19T20:29:11.870+0000] {processor.py:925} INFO - DAG(s) 'example_sla_dag' retrieved from /home/airflow/.local/lib/python3.12/site-packages/airflow/example_dags/example_sla_dag.py
[2025-02-19T20:29:11.883+0000] {logging_mixin.py:190} INFO - [2025-02-19T20:29:11.883+0000] {dag.py:3239} INFO - Sync 1 DAGs
[2025-02-19T20:29:11.904+0000] {logging_mixin.py:190} INFO - [2025-02-19T20:29:11.904+0000] {dag.py:4180} INFO - Setting next_dagrun for example_sla_dag to 2025-02-19 20:26:00+00:00, run_after=2025-02-19 20:28:00+00:00
[2025-02-19T20:29:11.915+0000] {processor.py:208} INFO - Processing /home/airflow/.local/lib/python3.12/site-packages/airflow/example_dags/example_sla_dag.py took 0.060 seconds
[2025-02-19T20:29:42.588+0000] {processor.py:186} INFO - Started process (PID=509) to work on /home/airflow/.local/lib/python3.12/site-packages/airflow/example_dags/example_sla_dag.py
[2025-02-19T20:29:42.588+0000] {processor.py:914} INFO - Processing file /home/airflow/.local/lib/python3.12/site-packages/airflow/example_dags/example_sla_dag.py for tasks to queue
[2025-02-19T20:29:42.590+0000] {logging_mixin.py:190} INFO - [2025-02-19T20:29:42.589+0000] {dagbag.py:588} INFO - Filling up the DagBag from /home/airflow/.local/lib/python3.12/site-packages/airflow/example_dags/example_sla_dag.py
[2025-02-19T20:29:42.596+0000] {processor.py:925} INFO - DAG(s) 'example_sla_dag' retrieved from /home/airflow/.local/lib/python3.12/site-packages/airflow/example_dags/example_sla_dag.py
[2025-02-19T20:29:42.606+0000] {logging_mixin.py:190} INFO - [2025-02-19T20:29:42.606+0000] {dag.py:3239} INFO - Sync 1 DAGs
[2025-02-19T20:29:42.619+0000] {logging_mixin.py:190} INFO - [2025-02-19T20:29:42.619+0000] {dag.py:4180} INFO - Setting next_dagrun for example_sla_dag to 2025-02-19 20:26:00+00:00, run_after=2025-02-19 20:28:00+00:00
[2025-02-19T20:29:42.628+0000] {processor.py:208} INFO - Processing /home/airflow/.local/lib/python3.12/site-packages/airflow/example_dags/example_sla_dag.py took 0.044 seconds
[2025-02-19T20:30:12.941+0000] {processor.py:186} INFO - Started process (PID=571) to work on /home/airflow/.local/lib/python3.12/site-packages/airflow/example_dags/example_sla_dag.py
[2025-02-19T20:30:12.942+0000] {processor.py:914} INFO - Processing file /home/airflow/.local/lib/python3.12/site-packages/airflow/example_dags/example_sla_dag.py for tasks to queue
[2025-02-19T20:30:12.945+0000] {logging_mixin.py:190} INFO - [2025-02-19T20:30:12.945+0000] {dagbag.py:588} INFO - Filling up the DagBag from /home/airflow/.local/lib/python3.12/site-packages/airflow/example_dags/example_sla_dag.py
[2025-02-19T20:30:12.953+0000] {processor.py:925} INFO - DAG(s) 'example_sla_dag' retrieved from /home/airflow/.local/lib/python3.12/site-packages/airflow/example_dags/example_sla_dag.py
[2025-02-19T20:30:12.967+0000] {logging_mixin.py:190} INFO - [2025-02-19T20:30:12.966+0000] {dag.py:3239} INFO - Sync 1 DAGs
[2025-02-19T20:30:12.985+0000] {logging_mixin.py:190} INFO - [2025-02-19T20:30:12.985+0000] {dag.py:4180} INFO - Setting next_dagrun for example_sla_dag to 2025-02-19 20:28:00+00:00, run_after=2025-02-19 20:30:00+00:00
[2025-02-19T20:30:12.996+0000] {processor.py:208} INFO - Processing /home/airflow/.local/lib/python3.12/site-packages/airflow/example_dags/example_sla_dag.py took 0.060 seconds
[2025-02-19T20:30:43.655+0000] {processor.py:186} INFO - Started process (PID=632) to work on /home/airflow/.local/lib/python3.12/site-packages/airflow/example_dags/example_sla_dag.py
[2025-02-19T20:30:43.656+0000] {processor.py:914} INFO - Processing file /home/airflow/.local/lib/python3.12/site-packages/airflow/example_dags/example_sla_dag.py for tasks to queue
[2025-02-19T20:30:43.657+0000] {logging_mixin.py:190} INFO - [2025-02-19T20:30:43.657+0000] {dagbag.py:588} INFO - Filling up the DagBag from /home/airflow/.local/lib/python3.12/site-packages/airflow/example_dags/example_sla_dag.py
[2025-02-19T20:30:43.662+0000] {processor.py:925} INFO - DAG(s) 'example_sla_dag' retrieved from /home/airflow/.local/lib/python3.12/site-packages/airflow/example_dags/example_sla_dag.py
[2025-02-19T20:30:43.675+0000] {logging_mixin.py:190} INFO - [2025-02-19T20:30:43.675+0000] {dag.py:3239} INFO - Sync 1 DAGs
[2025-02-19T20:30:43.688+0000] {logging_mixin.py:190} INFO - [2025-02-19T20:30:43.688+0000] {dag.py:4180} INFO - Setting next_dagrun for example_sla_dag to 2025-02-19 20:28:00+00:00, run_after=2025-02-19 20:30:00+00:00
[2025-02-19T20:30:43.703+0000] {processor.py:208} INFO - Processing /home/airflow/.local/lib/python3.12/site-packages/airflow/example_dags/example_sla_dag.py took 0.051 seconds
[2025-02-19T20:31:14.358+0000] {processor.py:186} INFO - Started process (PID=694) to work on /home/airflow/.local/lib/python3.12/site-packages/airflow/example_dags/example_sla_dag.py
[2025-02-19T20:31:14.362+0000] {processor.py:914} INFO - Processing file /home/airflow/.local/lib/python3.12/site-packages/airflow/example_dags/example_sla_dag.py for tasks to queue
[2025-02-19T20:31:14.363+0000] {logging_mixin.py:190} INFO - [2025-02-19T20:31:14.363+0000] {dagbag.py:588} INFO - Filling up the DagBag from /home/airflow/.local/lib/python3.12/site-packages/airflow/example_dags/example_sla_dag.py
[2025-02-19T20:31:14.369+0000] {processor.py:925} INFO - DAG(s) 'example_sla_dag' retrieved from /home/airflow/.local/lib/python3.12/site-packages/airflow/example_dags/example_sla_dag.py
[2025-02-19T20:31:14.382+0000] {logging_mixin.py:190} INFO - [2025-02-19T20:31:14.382+0000] {dag.py:3239} INFO - Sync 1 DAGs
[2025-02-19T20:31:14.396+0000] {logging_mixin.py:190} INFO - [2025-02-19T20:31:14.396+0000] {dag.py:4180} INFO - Setting next_dagrun for example_sla_dag to 2025-02-19 20:28:00+00:00, run_after=2025-02-19 20:30:00+00:00
[2025-02-19T20:31:14.407+0000] {processor.py:208} INFO - Processing /home/airflow/.local/lib/python3.12/site-packages/airflow/example_dags/example_sla_dag.py took 0.054 seconds
[2025-02-19T20:31:45.114+0000] {processor.py:186} INFO - Started process (PID=756) to work on /home/airflow/.local/lib/python3.12/site-packages/airflow/example_dags/example_sla_dag.py
[2025-02-19T20:31:45.115+0000] {processor.py:914} INFO - Processing file /home/airflow/.local/lib/python3.12/site-packages/airflow/example_dags/example_sla_dag.py for tasks to queue
[2025-02-19T20:31:45.116+0000] {logging_mixin.py:190} INFO - [2025-02-19T20:31:45.116+0000] {dagbag.py:588} INFO - Filling up the DagBag from /home/airflow/.local/lib/python3.12/site-packages/airflow/example_dags/example_sla_dag.py
[2025-02-19T20:31:45.122+0000] {processor.py:925} INFO - DAG(s) 'example_sla_dag' retrieved from /home/airflow/.local/lib/python3.12/site-packages/airflow/example_dags/example_sla_dag.py
[2025-02-19T20:31:45.135+0000] {logging_mixin.py:190} INFO - [2025-02-19T20:31:45.135+0000] {dag.py:3239} INFO - Sync 1 DAGs
[2025-02-19T20:31:45.148+0000] {logging_mixin.py:190} INFO - [2025-02-19T20:31:45.148+0000] {dag.py:4180} INFO - Setting next_dagrun for example_sla_dag to 2025-02-19 20:28:00+00:00, run_after=2025-02-19 20:30:00+00:00
[2025-02-19T20:31:45.157+0000] {processor.py:208} INFO - Processing /home/airflow/.local/lib/python3.12/site-packages/airflow/example_dags/example_sla_dag.py took 0.048 seconds
[2025-02-19T20:32:15.756+0000] {processor.py:186} INFO - Started process (PID=818) to work on /home/airflow/.local/lib/python3.12/site-packages/airflow/example_dags/example_sla_dag.py
[2025-02-19T20:32:15.757+0000] {processor.py:914} INFO - Processing file /home/airflow/.local/lib/python3.12/site-packages/airflow/example_dags/example_sla_dag.py for tasks to queue
[2025-02-19T20:32:15.758+0000] {logging_mixin.py:190} INFO - [2025-02-19T20:32:15.758+0000] {dagbag.py:588} INFO - Filling up the DagBag from /home/airflow/.local/lib/python3.12/site-packages/airflow/example_dags/example_sla_dag.py
[2025-02-19T20:32:15.764+0000] {processor.py:925} INFO - DAG(s) 'example_sla_dag' retrieved from /home/airflow/.local/lib/python3.12/site-packages/airflow/example_dags/example_sla_dag.py
[2025-02-19T20:32:15.773+0000] {logging_mixin.py:190} INFO - [2025-02-19T20:32:15.773+0000] {dag.py:3239} INFO - Sync 1 DAGs
[2025-02-19T20:32:15.784+0000] {logging_mixin.py:190} INFO - [2025-02-19T20:32:15.784+0000] {dag.py:4180} INFO - Setting next_dagrun for example_sla_dag to 2025-02-19 20:30:00+00:00, run_after=2025-02-19 20:32:00+00:00
[2025-02-19T20:32:15.791+0000] {processor.py:208} INFO - Processing /home/airflow/.local/lib/python3.12/site-packages/airflow/example_dags/example_sla_dag.py took 0.038 seconds
[2025-02-19T20:32:46.896+0000] {processor.py:186} INFO - Started process (PID=881) to work on /home/airflow/.local/lib/python3.12/site-packages/airflow/example_dags/example_sla_dag.py
[2025-02-19T20:32:46.897+0000] {processor.py:914} INFO - Processing file /home/airflow/.local/lib/python3.12/site-packages/airflow/example_dags/example_sla_dag.py for tasks to queue
[2025-02-19T20:32:46.898+0000] {logging_mixin.py:190} INFO - [2025-02-19T20:32:46.898+0000] {dagbag.py:588} INFO - Filling up the DagBag from /home/airflow/.local/lib/python3.12/site-packages/airflow/example_dags/example_sla_dag.py
[2025-02-19T20:32:46.903+0000] {processor.py:925} INFO - DAG(s) 'example_sla_dag' retrieved from /home/airflow/.local/lib/python3.12/site-packages/airflow/example_dags/example_sla_dag.py
[2025-02-19T20:32:46.913+0000] {logging_mixin.py:190} INFO - [2025-02-19T20:32:46.913+0000] {dag.py:3239} INFO - Sync 1 DAGs
[2025-02-19T20:32:46.926+0000] {logging_mixin.py:190} INFO - [2025-02-19T20:32:46.926+0000] {dag.py:4180} INFO - Setting next_dagrun for example_sla_dag to 2025-02-19 20:30:00+00:00, run_after=2025-02-19 20:32:00+00:00
[2025-02-19T20:32:46.936+0000] {processor.py:208} INFO - Processing /home/airflow/.local/lib/python3.12/site-packages/airflow/example_dags/example_sla_dag.py took 0.043 seconds
[2025-02-19T20:33:17.939+0000] {processor.py:186} INFO - Started process (PID=943) to work on /home/airflow/.local/lib/python3.12/site-packages/airflow/example_dags/example_sla_dag.py
[2025-02-19T20:33:17.940+0000] {processor.py:914} INFO - Processing file /home/airflow/.local/lib/python3.12/site-packages/airflow/example_dags/example_sla_dag.py for tasks to queue
[2025-02-19T20:33:17.941+0000] {logging_mixin.py:190} INFO - [2025-02-19T20:33:17.941+0000] {dagbag.py:588} INFO - Filling up the DagBag from /home/airflow/.local/lib/python3.12/site-packages/airflow/example_dags/example_sla_dag.py
[2025-02-19T20:33:17.946+0000] {processor.py:925} INFO - DAG(s) 'example_sla_dag' retrieved from /home/airflow/.local/lib/python3.12/site-packages/airflow/example_dags/example_sla_dag.py
[2025-02-19T20:33:17.959+0000] {logging_mixin.py:190} INFO - [2025-02-19T20:33:17.959+0000] {dag.py:3239} INFO - Sync 1 DAGs
[2025-02-19T20:33:17.974+0000] {logging_mixin.py:190} INFO - [2025-02-19T20:33:17.974+0000] {dag.py:4180} INFO - Setting next_dagrun for example_sla_dag to 2025-02-19 20:30:00+00:00, run_after=2025-02-19 20:32:00+00:00
[2025-02-19T20:33:17.984+0000] {processor.py:208} INFO - Processing /home/airflow/.local/lib/python3.12/site-packages/airflow/example_dags/example_sla_dag.py took 0.049 seconds
[2025-02-19T20:33:48.700+0000] {processor.py:186} INFO - Started process (PID=1004) to work on /home/airflow/.local/lib/python3.12/site-packages/airflow/example_dags/example_sla_dag.py
[2025-02-19T20:33:48.700+0000] {processor.py:914} INFO - Processing file /home/airflow/.local/lib/python3.12/site-packages/airflow/example_dags/example_sla_dag.py for tasks to queue
[2025-02-19T20:33:48.702+0000] {logging_mixin.py:190} INFO - [2025-02-19T20:33:48.701+0000] {dagbag.py:588} INFO - Filling up the DagBag from /home/airflow/.local/lib/python3.12/site-packages/airflow/example_dags/example_sla_dag.py
[2025-02-19T20:33:48.707+0000] {processor.py:925} INFO - DAG(s) 'example_sla_dag' retrieved from /home/airflow/.local/lib/python3.12/site-packages/airflow/example_dags/example_sla_dag.py
[2025-02-19T20:33:48.717+0000] {logging_mixin.py:190} INFO - [2025-02-19T20:33:48.717+0000] {dag.py:3239} INFO - Sync 1 DAGs
[2025-02-19T20:33:48.729+0000] {logging_mixin.py:190} INFO - [2025-02-19T20:33:48.729+0000] {dag.py:4180} INFO - Setting next_dagrun for example_sla_dag to 2025-02-19 20:30:00+00:00, run_after=2025-02-19 20:32:00+00:00
[2025-02-19T20:33:48.737+0000] {processor.py:208} INFO - Processing /home/airflow/.local/lib/python3.12/site-packages/airflow/example_dags/example_sla_dag.py took 0.040 seconds
[2025-02-19T20:34:19.804+0000] {processor.py:186} INFO - Started process (PID=1067) to work on /home/airflow/.local/lib/python3.12/site-packages/airflow/example_dags/example_sla_dag.py
[2025-02-19T20:34:19.805+0000] {processor.py:914} INFO - Processing file /home/airflow/.local/lib/python3.12/site-packages/airflow/example_dags/example_sla_dag.py for tasks to queue
[2025-02-19T20:34:19.806+0000] {logging_mixin.py:190} INFO - [2025-02-19T20:34:19.806+0000] {dagbag.py:588} INFO - Filling up the DagBag from /home/airflow/.local/lib/python3.12/site-packages/airflow/example_dags/example_sla_dag.py
[2025-02-19T20:34:19.811+0000] {processor.py:925} INFO - DAG(s) 'example_sla_dag' retrieved from /home/airflow/.local/lib/python3.12/site-packages/airflow/example_dags/example_sla_dag.py
[2025-02-19T20:34:19.821+0000] {logging_mixin.py:190} INFO - [2025-02-19T20:34:19.821+0000] {dag.py:3239} INFO - Sync 1 DAGs
[2025-02-19T20:34:19.832+0000] {logging_mixin.py:190} INFO - [2025-02-19T20:34:19.832+0000] {dag.py:4180} INFO - Setting next_dagrun for example_sla_dag to 2025-02-19 20:32:00+00:00, run_after=2025-02-19 20:34:00+00:00
[2025-02-19T20:34:19.842+0000] {processor.py:208} INFO - Processing /home/airflow/.local/lib/python3.12/site-packages/airflow/example_dags/example_sla_dag.py took 0.042 seconds
[2025-02-19T20:34:51.015+0000] {processor.py:186} INFO - Started process (PID=1129) to work on /home/airflow/.local/lib/python3.12/site-packages/airflow/example_dags/example_sla_dag.py
[2025-02-19T20:34:51.016+0000] {processor.py:914} INFO - Processing file /home/airflow/.local/lib/python3.12/site-packages/airflow/example_dags/example_sla_dag.py for tasks to queue
[2025-02-19T20:34:51.017+0000] {logging_mixin.py:190} INFO - [2025-02-19T20:34:51.017+0000] {dagbag.py:588} INFO - Filling up the DagBag from /home/airflow/.local/lib/python3.12/site-packages/airflow/example_dags/example_sla_dag.py
[2025-02-19T20:34:51.022+0000] {processor.py:925} INFO - DAG(s) 'example_sla_dag' retrieved from /home/airflow/.local/lib/python3.12/site-packages/airflow/example_dags/example_sla_dag.py
[2025-02-19T20:34:51.034+0000] {logging_mixin.py:190} INFO - [2025-02-19T20:34:51.034+0000] {dag.py:3239} INFO - Sync 1 DAGs
[2025-02-19T20:34:51.047+0000] {logging_mixin.py:190} INFO - [2025-02-19T20:34:51.047+0000] {dag.py:4180} INFO - Setting next_dagrun for example_sla_dag to 2025-02-19 20:32:00+00:00, run_after=2025-02-19 20:34:00+00:00
[2025-02-19T20:34:51.055+0000] {processor.py:208} INFO - Processing /home/airflow/.local/lib/python3.12/site-packages/airflow/example_dags/example_sla_dag.py took 0.044 seconds
[2025-02-19T20:35:22.372+0000] {processor.py:186} INFO - Started process (PID=1190) to work on /home/airflow/.local/lib/python3.12/site-packages/airflow/example_dags/example_sla_dag.py
[2025-02-19T20:35:22.373+0000] {processor.py:914} INFO - Processing file /home/airflow/.local/lib/python3.12/site-packages/airflow/example_dags/example_sla_dag.py for tasks to queue
[2025-02-19T20:35:22.375+0000] {logging_mixin.py:190} INFO - [2025-02-19T20:35:22.375+0000] {dagbag.py:588} INFO - Filling up the DagBag from /home/airflow/.local/lib/python3.12/site-packages/airflow/example_dags/example_sla_dag.py
[2025-02-19T20:35:22.383+0000] {processor.py:925} INFO - DAG(s) 'example_sla_dag' retrieved from /home/airflow/.local/lib/python3.12/site-packages/airflow/example_dags/example_sla_dag.py
[2025-02-19T20:35:22.398+0000] {logging_mixin.py:190} INFO - [2025-02-19T20:35:22.398+0000] {dag.py:3239} INFO - Sync 1 DAGs
[2025-02-19T20:35:22.417+0000] {logging_mixin.py:190} INFO - [2025-02-19T20:35:22.417+0000] {dag.py:4180} INFO - Setting next_dagrun for example_sla_dag to 2025-02-19 20:32:00+00:00, run_after=2025-02-19 20:34:00+00:00
[2025-02-19T20:35:22.431+0000] {processor.py:208} INFO - Processing /home/airflow/.local/lib/python3.12/site-packages/airflow/example_dags/example_sla_dag.py took 0.065 seconds
[2025-02-19T20:35:53.122+0000] {processor.py:186} INFO - Started process (PID=1251) to work on /home/airflow/.local/lib/python3.12/site-packages/airflow/example_dags/example_sla_dag.py
[2025-02-19T20:35:53.124+0000] {processor.py:914} INFO - Processing file /home/airflow/.local/lib/python3.12/site-packages/airflow/example_dags/example_sla_dag.py for tasks to queue
[2025-02-19T20:35:53.125+0000] {logging_mixin.py:190} INFO - [2025-02-19T20:35:53.125+0000] {dagbag.py:588} INFO - Filling up the DagBag from /home/airflow/.local/lib/python3.12/site-packages/airflow/example_dags/example_sla_dag.py
[2025-02-19T20:35:53.135+0000] {processor.py:925} INFO - DAG(s) 'example_sla_dag' retrieved from /home/airflow/.local/lib/python3.12/site-packages/airflow/example_dags/example_sla_dag.py
[2025-02-19T20:35:53.147+0000] {logging_mixin.py:190} INFO - [2025-02-19T20:35:53.147+0000] {dag.py:3239} INFO - Sync 1 DAGs
[2025-02-19T20:35:53.162+0000] {logging_mixin.py:190} INFO - [2025-02-19T20:35:53.162+0000] {dag.py:4180} INFO - Setting next_dagrun for example_sla_dag to 2025-02-19 20:32:00+00:00, run_after=2025-02-19 20:34:00+00:00
[2025-02-19T20:35:53.177+0000] {processor.py:208} INFO - Processing /home/airflow/.local/lib/python3.12/site-packages/airflow/example_dags/example_sla_dag.py took 0.058 seconds
[2025-02-19T20:36:24.106+0000] {processor.py:186} INFO - Started process (PID=1314) to work on /home/airflow/.local/lib/python3.12/site-packages/airflow/example_dags/example_sla_dag.py
[2025-02-19T20:36:24.107+0000] {processor.py:914} INFO - Processing file /home/airflow/.local/lib/python3.12/site-packages/airflow/example_dags/example_sla_dag.py for tasks to queue
[2025-02-19T20:36:24.108+0000] {logging_mixin.py:190} INFO - [2025-02-19T20:36:24.108+0000] {dagbag.py:588} INFO - Filling up the DagBag from /home/airflow/.local/lib/python3.12/site-packages/airflow/example_dags/example_sla_dag.py
[2025-02-19T20:36:24.115+0000] {processor.py:925} INFO - DAG(s) 'example_sla_dag' retrieved from /home/airflow/.local/lib/python3.12/site-packages/airflow/example_dags/example_sla_dag.py
[2025-02-19T20:36:24.128+0000] {logging_mixin.py:190} INFO - [2025-02-19T20:36:24.127+0000] {dag.py:3239} INFO - Sync 1 DAGs
[2025-02-19T20:36:24.140+0000] {logging_mixin.py:190} INFO - [2025-02-19T20:36:24.140+0000] {dag.py:4180} INFO - Setting next_dagrun for example_sla_dag to 2025-02-19 20:34:00+00:00, run_after=2025-02-19 20:36:00+00:00
[2025-02-19T20:36:24.151+0000] {processor.py:208} INFO - Processing /home/airflow/.local/lib/python3.12/site-packages/airflow/example_dags/example_sla_dag.py took 0.049 seconds
[2025-02-19T20:36:54.547+0000] {processor.py:186} INFO - Started process (PID=1376) to work on /home/airflow/.local/lib/python3.12/site-packages/airflow/example_dags/example_sla_dag.py
[2025-02-19T20:36:54.547+0000] {processor.py:914} INFO - Processing file /home/airflow/.local/lib/python3.12/site-packages/airflow/example_dags/example_sla_dag.py for tasks to queue
[2025-02-19T20:36:54.549+0000] {logging_mixin.py:190} INFO - [2025-02-19T20:36:54.548+0000] {dagbag.py:588} INFO - Filling up the DagBag from /home/airflow/.local/lib/python3.12/site-packages/airflow/example_dags/example_sla_dag.py
[2025-02-19T20:36:54.554+0000] {processor.py:925} INFO - DAG(s) 'example_sla_dag' retrieved from /home/airflow/.local/lib/python3.12/site-packages/airflow/example_dags/example_sla_dag.py
[2025-02-19T20:36:54.563+0000] {logging_mixin.py:190} INFO - [2025-02-19T20:36:54.563+0000] {dag.py:3239} INFO - Sync 1 DAGs
[2025-02-19T20:36:54.574+0000] {logging_mixin.py:190} INFO - [2025-02-19T20:36:54.574+0000] {dag.py:4180} INFO - Setting next_dagrun for example_sla_dag to 2025-02-19 20:34:00+00:00, run_after=2025-02-19 20:36:00+00:00
[2025-02-19T20:36:54.583+0000] {processor.py:208} INFO - Processing /home/airflow/.local/lib/python3.12/site-packages/airflow/example_dags/example_sla_dag.py took 0.039 seconds
[2025-02-19T20:37:25.501+0000] {processor.py:186} INFO - Started process (PID=1438) to work on /home/airflow/.local/lib/python3.12/site-packages/airflow/example_dags/example_sla_dag.py
[2025-02-19T20:37:25.502+0000] {processor.py:914} INFO - Processing file /home/airflow/.local/lib/python3.12/site-packages/airflow/example_dags/example_sla_dag.py for tasks to queue
[2025-02-19T20:37:25.503+0000] {logging_mixin.py:190} INFO - [2025-02-19T20:37:25.503+0000] {dagbag.py:588} INFO - Filling up the DagBag from /home/airflow/.local/lib/python3.12/site-packages/airflow/example_dags/example_sla_dag.py
[2025-02-19T20:37:25.508+0000] {processor.py:925} INFO - DAG(s) 'example_sla_dag' retrieved from /home/airflow/.local/lib/python3.12/site-packages/airflow/example_dags/example_sla_dag.py
[2025-02-19T20:37:25.518+0000] {logging_mixin.py:190} INFO - [2025-02-19T20:37:25.518+0000] {dag.py:3239} INFO - Sync 1 DAGs
[2025-02-19T20:37:25.534+0000] {logging_mixin.py:190} INFO - [2025-02-19T20:37:25.533+0000] {dag.py:4180} INFO - Setting next_dagrun for example_sla_dag to 2025-02-19 20:34:00+00:00, run_after=2025-02-19 20:36:00+00:00
[2025-02-19T20:37:25.544+0000] {processor.py:208} INFO - Processing /home/airflow/.local/lib/python3.12/site-packages/airflow/example_dags/example_sla_dag.py took 0.046 seconds
[2025-02-19T20:37:56.412+0000] {processor.py:186} INFO - Started process (PID=1500) to work on /home/airflow/.local/lib/python3.12/site-packages/airflow/example_dags/example_sla_dag.py
[2025-02-19T20:37:56.414+0000] {processor.py:914} INFO - Processing file /home/airflow/.local/lib/python3.12/site-packages/airflow/example_dags/example_sla_dag.py for tasks to queue
[2025-02-19T20:37:56.416+0000] {logging_mixin.py:190} INFO - [2025-02-19T20:37:56.415+0000] {dagbag.py:588} INFO - Filling up the DagBag from /home/airflow/.local/lib/python3.12/site-packages/airflow/example_dags/example_sla_dag.py
[2025-02-19T20:37:56.426+0000] {processor.py:925} INFO - DAG(s) 'example_sla_dag' retrieved from /home/airflow/.local/lib/python3.12/site-packages/airflow/example_dags/example_sla_dag.py
[2025-02-19T20:37:56.474+0000] {logging_mixin.py:190} INFO - [2025-02-19T20:37:56.474+0000] {dag.py:3239} INFO - Sync 1 DAGs
[2025-02-19T20:37:56.489+0000] {logging_mixin.py:190} INFO - [2025-02-19T20:37:56.489+0000] {dag.py:4180} INFO - Setting next_dagrun for example_sla_dag to 2025-02-19 20:34:00+00:00, run_after=2025-02-19 20:36:00+00:00
[2025-02-19T20:37:56.498+0000] {processor.py:208} INFO - Processing /home/airflow/.local/lib/python3.12/site-packages/airflow/example_dags/example_sla_dag.py took 0.090 seconds
[2025-02-19T20:38:27.254+0000] {processor.py:186} INFO - Started process (PID=1561) to work on /home/airflow/.local/lib/python3.12/site-packages/airflow/example_dags/example_sla_dag.py
[2025-02-19T20:38:27.255+0000] {processor.py:914} INFO - Processing file /home/airflow/.local/lib/python3.12/site-packages/airflow/example_dags/example_sla_dag.py for tasks to queue
[2025-02-19T20:38:27.257+0000] {logging_mixin.py:190} INFO - [2025-02-19T20:38:27.256+0000] {dagbag.py:588} INFO - Filling up the DagBag from /home/airflow/.local/lib/python3.12/site-packages/airflow/example_dags/example_sla_dag.py
[2025-02-19T20:38:27.264+0000] {processor.py:925} INFO - DAG(s) 'example_sla_dag' retrieved from /home/airflow/.local/lib/python3.12/site-packages/airflow/example_dags/example_sla_dag.py
[2025-02-19T20:38:27.275+0000] {logging_mixin.py:190} INFO - [2025-02-19T20:38:27.275+0000] {dag.py:3239} INFO - Sync 1 DAGs
[2025-02-19T20:38:27.291+0000] {logging_mixin.py:190} INFO - [2025-02-19T20:38:27.291+0000] {dag.py:4180} INFO - Setting next_dagrun for example_sla_dag to 2025-02-19 20:36:00+00:00, run_after=2025-02-19 20:38:00+00:00
[2025-02-19T20:38:27.302+0000] {processor.py:208} INFO - Processing /home/airflow/.local/lib/python3.12/site-packages/airflow/example_dags/example_sla_dag.py took 0.051 seconds
[2025-02-19T20:38:57.817+0000] {processor.py:186} INFO - Started process (PID=1623) to work on /home/airflow/.local/lib/python3.12/site-packages/airflow/example_dags/example_sla_dag.py
[2025-02-19T20:38:57.818+0000] {processor.py:914} INFO - Processing file /home/airflow/.local/lib/python3.12/site-packages/airflow/example_dags/example_sla_dag.py for tasks to queue
[2025-02-19T20:38:57.820+0000] {logging_mixin.py:190} INFO - [2025-02-19T20:38:57.820+0000] {dagbag.py:588} INFO - Filling up the DagBag from /home/airflow/.local/lib/python3.12/site-packages/airflow/example_dags/example_sla_dag.py
[2025-02-19T20:38:57.845+0000] {processor.py:925} INFO - DAG(s) 'example_sla_dag' retrieved from /home/airflow/.local/lib/python3.12/site-packages/airflow/example_dags/example_sla_dag.py
[2025-02-19T20:38:57.865+0000] {logging_mixin.py:190} INFO - [2025-02-19T20:38:57.864+0000] {dag.py:3239} INFO - Sync 1 DAGs
[2025-02-19T20:38:57.883+0000] {logging_mixin.py:190} INFO - [2025-02-19T20:38:57.883+0000] {dag.py:4180} INFO - Setting next_dagrun for example_sla_dag to 2025-02-19 20:36:00+00:00, run_after=2025-02-19 20:38:00+00:00
[2025-02-19T20:38:57.920+0000] {processor.py:208} INFO - Processing /home/airflow/.local/lib/python3.12/site-packages/airflow/example_dags/example_sla_dag.py took 0.107 seconds
[2025-02-19T20:39:27.987+0000] {processor.py:186} INFO - Started process (PID=1685) to work on /home/airflow/.local/lib/python3.12/site-packages/airflow/example_dags/example_sla_dag.py
[2025-02-19T20:39:27.988+0000] {processor.py:914} INFO - Processing file /home/airflow/.local/lib/python3.12/site-packages/airflow/example_dags/example_sla_dag.py for tasks to queue
[2025-02-19T20:39:27.991+0000] {logging_mixin.py:190} INFO - [2025-02-19T20:39:27.991+0000] {dagbag.py:588} INFO - Filling up the DagBag from /home/airflow/.local/lib/python3.12/site-packages/airflow/example_dags/example_sla_dag.py
[2025-02-19T20:39:27.998+0000] {processor.py:925} INFO - DAG(s) 'example_sla_dag' retrieved from /home/airflow/.local/lib/python3.12/site-packages/airflow/example_dags/example_sla_dag.py
[2025-02-19T20:39:28.008+0000] {logging_mixin.py:190} INFO - [2025-02-19T20:39:28.008+0000] {dag.py:3239} INFO - Sync 1 DAGs
[2025-02-19T20:39:28.020+0000] {logging_mixin.py:190} INFO - [2025-02-19T20:39:28.020+0000] {dag.py:4180} INFO - Setting next_dagrun for example_sla_dag to 2025-02-19 20:36:00+00:00, run_after=2025-02-19 20:38:00+00:00
[2025-02-19T20:39:28.033+0000] {processor.py:208} INFO - Processing /home/airflow/.local/lib/python3.12/site-packages/airflow/example_dags/example_sla_dag.py took 0.050 seconds
[2025-02-19T20:39:58.994+0000] {processor.py:186} INFO - Started process (PID=1747) to work on /home/airflow/.local/lib/python3.12/site-packages/airflow/example_dags/example_sla_dag.py
[2025-02-19T20:39:58.996+0000] {processor.py:914} INFO - Processing file /home/airflow/.local/lib/python3.12/site-packages/airflow/example_dags/example_sla_dag.py for tasks to queue
[2025-02-19T20:39:58.998+0000] {logging_mixin.py:190} INFO - [2025-02-19T20:39:58.998+0000] {dagbag.py:588} INFO - Filling up the DagBag from /home/airflow/.local/lib/python3.12/site-packages/airflow/example_dags/example_sla_dag.py
[2025-02-19T20:39:59.048+0000] {processor.py:925} INFO - DAG(s) 'example_sla_dag' retrieved from /home/airflow/.local/lib/python3.12/site-packages/airflow/example_dags/example_sla_dag.py
[2025-02-19T20:39:59.222+0000] {logging_mixin.py:190} INFO - [2025-02-19T20:39:59.219+0000] {dag.py:3239} INFO - Sync 1 DAGs
[2025-02-19T20:39:59.294+0000] {logging_mixin.py:190} INFO - [2025-02-19T20:39:59.293+0000] {dag.py:4180} INFO - Setting next_dagrun for example_sla_dag to 2025-02-19 20:36:00+00:00, run_after=2025-02-19 20:38:00+00:00
[2025-02-19T20:39:59.317+0000] {processor.py:208} INFO - Processing /home/airflow/.local/lib/python3.12/site-packages/airflow/example_dags/example_sla_dag.py took 0.328 seconds
[2025-02-19T20:40:29.938+0000] {processor.py:186} INFO - Started process (PID=1809) to work on /home/airflow/.local/lib/python3.12/site-packages/airflow/example_dags/example_sla_dag.py
[2025-02-19T20:40:29.940+0000] {processor.py:914} INFO - Processing file /home/airflow/.local/lib/python3.12/site-packages/airflow/example_dags/example_sla_dag.py for tasks to queue
[2025-02-19T20:40:29.943+0000] {logging_mixin.py:190} INFO - [2025-02-19T20:40:29.943+0000] {dagbag.py:588} INFO - Filling up the DagBag from /home/airflow/.local/lib/python3.12/site-packages/airflow/example_dags/example_sla_dag.py
[2025-02-19T20:40:29.952+0000] {processor.py:925} INFO - DAG(s) 'example_sla_dag' retrieved from /home/airflow/.local/lib/python3.12/site-packages/airflow/example_dags/example_sla_dag.py
[2025-02-19T20:40:29.970+0000] {logging_mixin.py:190} INFO - [2025-02-19T20:40:29.970+0000] {dag.py:3239} INFO - Sync 1 DAGs
[2025-02-19T20:40:29.991+0000] {logging_mixin.py:190} INFO - [2025-02-19T20:40:29.991+0000] {dag.py:4180} INFO - Setting next_dagrun for example_sla_dag to 2025-02-19 20:38:00+00:00, run_after=2025-02-19 20:40:00+00:00
[2025-02-19T20:40:30.002+0000] {processor.py:208} INFO - Processing /home/airflow/.local/lib/python3.12/site-packages/airflow/example_dags/example_sla_dag.py took 0.072 seconds
[2025-02-19T20:41:01.239+0000] {processor.py:186} INFO - Started process (PID=1871) to work on /home/airflow/.local/lib/python3.12/site-packages/airflow/example_dags/example_sla_dag.py
[2025-02-19T20:41:01.240+0000] {processor.py:914} INFO - Processing file /home/airflow/.local/lib/python3.12/site-packages/airflow/example_dags/example_sla_dag.py for tasks to queue
[2025-02-19T20:41:01.242+0000] {logging_mixin.py:190} INFO - [2025-02-19T20:41:01.242+0000] {dagbag.py:588} INFO - Filling up the DagBag from /home/airflow/.local/lib/python3.12/site-packages/airflow/example_dags/example_sla_dag.py
[2025-02-19T20:41:01.250+0000] {processor.py:925} INFO - DAG(s) 'example_sla_dag' retrieved from /home/airflow/.local/lib/python3.12/site-packages/airflow/example_dags/example_sla_dag.py
[2025-02-19T20:41:01.266+0000] {logging_mixin.py:190} INFO - [2025-02-19T20:41:01.266+0000] {dag.py:3239} INFO - Sync 1 DAGs
[2025-02-19T20:41:01.285+0000] {logging_mixin.py:190} INFO - [2025-02-19T20:41:01.285+0000] {dag.py:4180} INFO - Setting next_dagrun for example_sla_dag to 2025-02-19 20:38:00+00:00, run_after=2025-02-19 20:40:00+00:00
[2025-02-19T20:41:01.298+0000] {processor.py:208} INFO - Processing /home/airflow/.local/lib/python3.12/site-packages/airflow/example_dags/example_sla_dag.py took 0.063 seconds
[2025-02-19T20:41:32.302+0000] {processor.py:186} INFO - Started process (PID=1933) to work on /home/airflow/.local/lib/python3.12/site-packages/airflow/example_dags/example_sla_dag.py
[2025-02-19T20:41:32.304+0000] {processor.py:914} INFO - Processing file /home/airflow/.local/lib/python3.12/site-packages/airflow/example_dags/example_sla_dag.py for tasks to queue
[2025-02-19T20:41:32.306+0000] {logging_mixin.py:190} INFO - [2025-02-19T20:41:32.305+0000] {dagbag.py:588} INFO - Filling up the DagBag from /home/airflow/.local/lib/python3.12/site-packages/airflow/example_dags/example_sla_dag.py
[2025-02-19T20:41:32.317+0000] {processor.py:925} INFO - DAG(s) 'example_sla_dag' retrieved from /home/airflow/.local/lib/python3.12/site-packages/airflow/example_dags/example_sla_dag.py
[2025-02-19T20:41:32.349+0000] {logging_mixin.py:190} INFO - [2025-02-19T20:41:32.349+0000] {dag.py:3239} INFO - Sync 1 DAGs
[2025-02-19T20:41:32.365+0000] {logging_mixin.py:190} INFO - [2025-02-19T20:41:32.365+0000] {dag.py:4180} INFO - Setting next_dagrun for example_sla_dag to 2025-02-19 20:38:00+00:00, run_after=2025-02-19 20:40:00+00:00
[2025-02-19T20:41:32.379+0000] {processor.py:208} INFO - Processing /home/airflow/.local/lib/python3.12/site-packages/airflow/example_dags/example_sla_dag.py took 0.083 seconds
[2025-02-19T20:42:03.505+0000] {processor.py:186} INFO - Started process (PID=1995) to work on /home/airflow/.local/lib/python3.12/site-packages/airflow/example_dags/example_sla_dag.py
[2025-02-19T20:42:03.506+0000] {processor.py:914} INFO - Processing file /home/airflow/.local/lib/python3.12/site-packages/airflow/example_dags/example_sla_dag.py for tasks to queue
[2025-02-19T20:42:03.507+0000] {logging_mixin.py:190} INFO - [2025-02-19T20:42:03.507+0000] {dagbag.py:588} INFO - Filling up the DagBag from /home/airflow/.local/lib/python3.12/site-packages/airflow/example_dags/example_sla_dag.py
[2025-02-19T20:42:03.512+0000] {processor.py:925} INFO - DAG(s) 'example_sla_dag' retrieved from /home/airflow/.local/lib/python3.12/site-packages/airflow/example_dags/example_sla_dag.py
[2025-02-19T20:42:03.523+0000] {logging_mixin.py:190} INFO - [2025-02-19T20:42:03.523+0000] {dag.py:3239} INFO - Sync 1 DAGs
[2025-02-19T20:42:03.533+0000] {logging_mixin.py:190} INFO - [2025-02-19T20:42:03.533+0000] {dag.py:4180} INFO - Setting next_dagrun for example_sla_dag to 2025-02-19 20:40:00+00:00, run_after=2025-02-19 20:42:00+00:00
[2025-02-19T20:42:03.541+0000] {processor.py:208} INFO - Processing /home/airflow/.local/lib/python3.12/site-packages/airflow/example_dags/example_sla_dag.py took 0.039 seconds
[2025-02-19T20:42:35.229+0000] {processor.py:186} INFO - Started process (PID=2057) to work on /home/airflow/.local/lib/python3.12/site-packages/airflow/example_dags/example_sla_dag.py
[2025-02-19T20:42:35.232+0000] {processor.py:914} INFO - Processing file /home/airflow/.local/lib/python3.12/site-packages/airflow/example_dags/example_sla_dag.py for tasks to queue
[2025-02-19T20:42:35.233+0000] {logging_mixin.py:190} INFO - [2025-02-19T20:42:35.233+0000] {dagbag.py:588} INFO - Filling up the DagBag from /home/airflow/.local/lib/python3.12/site-packages/airflow/example_dags/example_sla_dag.py
[2025-02-19T20:42:35.243+0000] {processor.py:925} INFO - DAG(s) 'example_sla_dag' retrieved from /home/airflow/.local/lib/python3.12/site-packages/airflow/example_dags/example_sla_dag.py
[2025-02-19T20:42:35.260+0000] {logging_mixin.py:190} INFO - [2025-02-19T20:42:35.259+0000] {dag.py:3239} INFO - Sync 1 DAGs
[2025-02-19T20:42:35.275+0000] {logging_mixin.py:190} INFO - [2025-02-19T20:42:35.275+0000] {dag.py:4180} INFO - Setting next_dagrun for example_sla_dag to 2025-02-19 20:40:00+00:00, run_after=2025-02-19 20:42:00+00:00
[2025-02-19T20:42:35.285+0000] {processor.py:208} INFO - Processing /home/airflow/.local/lib/python3.12/site-packages/airflow/example_dags/example_sla_dag.py took 0.061 seconds
[2025-02-19T20:43:06.083+0000] {processor.py:186} INFO - Started process (PID=2119) to work on /home/airflow/.local/lib/python3.12/site-packages/airflow/example_dags/example_sla_dag.py
[2025-02-19T20:43:06.084+0000] {processor.py:914} INFO - Processing file /home/airflow/.local/lib/python3.12/site-packages/airflow/example_dags/example_sla_dag.py for tasks to queue
[2025-02-19T20:43:06.085+0000] {logging_mixin.py:190} INFO - [2025-02-19T20:43:06.085+0000] {dagbag.py:588} INFO - Filling up the DagBag from /home/airflow/.local/lib/python3.12/site-packages/airflow/example_dags/example_sla_dag.py
[2025-02-19T20:43:06.090+0000] {processor.py:925} INFO - DAG(s) 'example_sla_dag' retrieved from /home/airflow/.local/lib/python3.12/site-packages/airflow/example_dags/example_sla_dag.py
[2025-02-19T20:43:06.100+0000] {logging_mixin.py:190} INFO - [2025-02-19T20:43:06.100+0000] {dag.py:3239} INFO - Sync 1 DAGs
[2025-02-19T20:43:06.115+0000] {logging_mixin.py:190} INFO - [2025-02-19T20:43:06.115+0000] {dag.py:4180} INFO - Setting next_dagrun for example_sla_dag to 2025-02-19 20:40:00+00:00, run_after=2025-02-19 20:42:00+00:00
[2025-02-19T20:43:06.124+0000] {processor.py:208} INFO - Processing /home/airflow/.local/lib/python3.12/site-packages/airflow/example_dags/example_sla_dag.py took 0.043 seconds
[2025-02-19T20:43:36.925+0000] {processor.py:186} INFO - Started process (PID=2181) to work on /home/airflow/.local/lib/python3.12/site-packages/airflow/example_dags/example_sla_dag.py
[2025-02-19T20:43:36.926+0000] {processor.py:914} INFO - Processing file /home/airflow/.local/lib/python3.12/site-packages/airflow/example_dags/example_sla_dag.py for tasks to queue
[2025-02-19T20:43:36.927+0000] {logging_mixin.py:190} INFO - [2025-02-19T20:43:36.927+0000] {dagbag.py:588} INFO - Filling up the DagBag from /home/airflow/.local/lib/python3.12/site-packages/airflow/example_dags/example_sla_dag.py
[2025-02-19T20:43:36.932+0000] {processor.py:925} INFO - DAG(s) 'example_sla_dag' retrieved from /home/airflow/.local/lib/python3.12/site-packages/airflow/example_dags/example_sla_dag.py
[2025-02-19T20:43:36.941+0000] {logging_mixin.py:190} INFO - [2025-02-19T20:43:36.941+0000] {dag.py:3239} INFO - Sync 1 DAGs
[2025-02-19T20:43:36.954+0000] {logging_mixin.py:190} INFO - [2025-02-19T20:43:36.953+0000] {dag.py:4180} INFO - Setting next_dagrun for example_sla_dag to 2025-02-19 20:40:00+00:00, run_after=2025-02-19 20:42:00+00:00
[2025-02-19T20:43:36.961+0000] {processor.py:208} INFO - Processing /home/airflow/.local/lib/python3.12/site-packages/airflow/example_dags/example_sla_dag.py took 0.039 seconds
[2025-02-19T20:44:08.103+0000] {processor.py:186} INFO - Started process (PID=2243) to work on /home/airflow/.local/lib/python3.12/site-packages/airflow/example_dags/example_sla_dag.py
[2025-02-19T20:44:08.104+0000] {processor.py:914} INFO - Processing file /home/airflow/.local/lib/python3.12/site-packages/airflow/example_dags/example_sla_dag.py for tasks to queue
[2025-02-19T20:44:08.105+0000] {logging_mixin.py:190} INFO - [2025-02-19T20:44:08.105+0000] {dagbag.py:588} INFO - Filling up the DagBag from /home/airflow/.local/lib/python3.12/site-packages/airflow/example_dags/example_sla_dag.py
[2025-02-19T20:44:08.113+0000] {processor.py:925} INFO - DAG(s) 'example_sla_dag' retrieved from /home/airflow/.local/lib/python3.12/site-packages/airflow/example_dags/example_sla_dag.py
[2025-02-19T20:44:08.123+0000] {logging_mixin.py:190} INFO - [2025-02-19T20:44:08.123+0000] {dag.py:3239} INFO - Sync 1 DAGs
[2025-02-19T20:44:08.136+0000] {logging_mixin.py:190} INFO - [2025-02-19T20:44:08.136+0000] {dag.py:4180} INFO - Setting next_dagrun for example_sla_dag to 2025-02-19 20:42:00+00:00, run_after=2025-02-19 20:44:00+00:00
[2025-02-19T20:44:08.145+0000] {processor.py:208} INFO - Processing /home/airflow/.local/lib/python3.12/site-packages/airflow/example_dags/example_sla_dag.py took 0.045 seconds
[2025-02-19T20:44:39.117+0000] {processor.py:186} INFO - Started process (PID=2306) to work on /home/airflow/.local/lib/python3.12/site-packages/airflow/example_dags/example_sla_dag.py
[2025-02-19T20:44:39.118+0000] {processor.py:914} INFO - Processing file /home/airflow/.local/lib/python3.12/site-packages/airflow/example_dags/example_sla_dag.py for tasks to queue
[2025-02-19T20:44:39.119+0000] {logging_mixin.py:190} INFO - [2025-02-19T20:44:39.119+0000] {dagbag.py:588} INFO - Filling up the DagBag from /home/airflow/.local/lib/python3.12/site-packages/airflow/example_dags/example_sla_dag.py
[2025-02-19T20:44:39.124+0000] {processor.py:925} INFO - DAG(s) 'example_sla_dag' retrieved from /home/airflow/.local/lib/python3.12/site-packages/airflow/example_dags/example_sla_dag.py
[2025-02-19T20:44:39.134+0000] {logging_mixin.py:190} INFO - [2025-02-19T20:44:39.134+0000] {dag.py:3239} INFO - Sync 1 DAGs
[2025-02-19T20:44:39.150+0000] {logging_mixin.py:190} INFO - [2025-02-19T20:44:39.149+0000] {dag.py:4180} INFO - Setting next_dagrun for example_sla_dag to 2025-02-19 20:42:00+00:00, run_after=2025-02-19 20:44:00+00:00
[2025-02-19T20:44:39.162+0000] {processor.py:208} INFO - Processing /home/airflow/.local/lib/python3.12/site-packages/airflow/example_dags/example_sla_dag.py took 0.048 seconds
[2025-02-19T20:45:10.480+0000] {processor.py:186} INFO - Started process (PID=2368) to work on /home/airflow/.local/lib/python3.12/site-packages/airflow/example_dags/example_sla_dag.py
[2025-02-19T20:45:10.481+0000] {processor.py:914} INFO - Processing file /home/airflow/.local/lib/python3.12/site-packages/airflow/example_dags/example_sla_dag.py for tasks to queue
[2025-02-19T20:45:10.482+0000] {logging_mixin.py:190} INFO - [2025-02-19T20:45:10.482+0000] {dagbag.py:588} INFO - Filling up the DagBag from /home/airflow/.local/lib/python3.12/site-packages/airflow/example_dags/example_sla_dag.py
[2025-02-19T20:45:10.488+0000] {processor.py:925} INFO - DAG(s) 'example_sla_dag' retrieved from /home/airflow/.local/lib/python3.12/site-packages/airflow/example_dags/example_sla_dag.py
[2025-02-19T20:45:10.498+0000] {logging_mixin.py:190} INFO - [2025-02-19T20:45:10.498+0000] {dag.py:3239} INFO - Sync 1 DAGs
[2025-02-19T20:45:10.514+0000] {logging_mixin.py:190} INFO - [2025-02-19T20:45:10.514+0000] {dag.py:4180} INFO - Setting next_dagrun for example_sla_dag to 2025-02-19 20:42:00+00:00, run_after=2025-02-19 20:44:00+00:00
[2025-02-19T20:45:10.524+0000] {processor.py:208} INFO - Processing /home/airflow/.local/lib/python3.12/site-packages/airflow/example_dags/example_sla_dag.py took 0.047 seconds
[2025-02-19T20:45:41.549+0000] {processor.py:186} INFO - Started process (PID=2430) to work on /home/airflow/.local/lib/python3.12/site-packages/airflow/example_dags/example_sla_dag.py
[2025-02-19T20:45:41.550+0000] {processor.py:914} INFO - Processing file /home/airflow/.local/lib/python3.12/site-packages/airflow/example_dags/example_sla_dag.py for tasks to queue
[2025-02-19T20:45:41.551+0000] {logging_mixin.py:190} INFO - [2025-02-19T20:45:41.551+0000] {dagbag.py:588} INFO - Filling up the DagBag from /home/airflow/.local/lib/python3.12/site-packages/airflow/example_dags/example_sla_dag.py
[2025-02-19T20:45:41.556+0000] {processor.py:925} INFO - DAG(s) 'example_sla_dag' retrieved from /home/airflow/.local/lib/python3.12/site-packages/airflow/example_dags/example_sla_dag.py
[2025-02-19T20:45:41.565+0000] {logging_mixin.py:190} INFO - [2025-02-19T20:45:41.565+0000] {dag.py:3239} INFO - Sync 1 DAGs
[2025-02-19T20:45:41.579+0000] {logging_mixin.py:190} INFO - [2025-02-19T20:45:41.578+0000] {dag.py:4180} INFO - Setting next_dagrun for example_sla_dag to 2025-02-19 20:42:00+00:00, run_after=2025-02-19 20:44:00+00:00
[2025-02-19T20:45:41.589+0000] {processor.py:208} INFO - Processing /home/airflow/.local/lib/python3.12/site-packages/airflow/example_dags/example_sla_dag.py took 0.043 seconds
[2025-02-19T20:46:12.774+0000] {processor.py:186} INFO - Started process (PID=2497) to work on /home/airflow/.local/lib/python3.12/site-packages/airflow/example_dags/example_sla_dag.py
[2025-02-19T20:46:12.775+0000] {processor.py:914} INFO - Processing file /home/airflow/.local/lib/python3.12/site-packages/airflow/example_dags/example_sla_dag.py for tasks to queue
[2025-02-19T20:46:12.777+0000] {logging_mixin.py:190} INFO - [2025-02-19T20:46:12.776+0000] {dagbag.py:588} INFO - Filling up the DagBag from /home/airflow/.local/lib/python3.12/site-packages/airflow/example_dags/example_sla_dag.py
[2025-02-19T20:46:12.786+0000] {processor.py:925} INFO - DAG(s) 'example_sla_dag' retrieved from /home/airflow/.local/lib/python3.12/site-packages/airflow/example_dags/example_sla_dag.py
[2025-02-19T20:46:12.803+0000] {logging_mixin.py:190} INFO - [2025-02-19T20:46:12.802+0000] {dag.py:3239} INFO - Sync 1 DAGs
[2025-02-19T20:46:12.815+0000] {logging_mixin.py:190} INFO - [2025-02-19T20:46:12.815+0000] {dag.py:4180} INFO - Setting next_dagrun for example_sla_dag to 2025-02-19 20:44:00+00:00, run_after=2025-02-19 20:46:00+00:00
[2025-02-19T20:46:12.826+0000] {processor.py:208} INFO - Processing /home/airflow/.local/lib/python3.12/site-packages/airflow/example_dags/example_sla_dag.py took 0.056 seconds
[2025-02-19T20:46:44.165+0000] {processor.py:186} INFO - Started process (PID=2559) to work on /home/airflow/.local/lib/python3.12/site-packages/airflow/example_dags/example_sla_dag.py
[2025-02-19T20:46:44.165+0000] {processor.py:914} INFO - Processing file /home/airflow/.local/lib/python3.12/site-packages/airflow/example_dags/example_sla_dag.py for tasks to queue
[2025-02-19T20:46:44.167+0000] {logging_mixin.py:190} INFO - [2025-02-19T20:46:44.167+0000] {dagbag.py:588} INFO - Filling up the DagBag from /home/airflow/.local/lib/python3.12/site-packages/airflow/example_dags/example_sla_dag.py
[2025-02-19T20:46:44.172+0000] {processor.py:925} INFO - DAG(s) 'example_sla_dag' retrieved from /home/airflow/.local/lib/python3.12/site-packages/airflow/example_dags/example_sla_dag.py
[2025-02-19T20:46:44.182+0000] {logging_mixin.py:190} INFO - [2025-02-19T20:46:44.182+0000] {dag.py:3239} INFO - Sync 1 DAGs
[2025-02-19T20:46:44.195+0000] {logging_mixin.py:190} INFO - [2025-02-19T20:46:44.195+0000] {dag.py:4180} INFO - Setting next_dagrun for example_sla_dag to 2025-02-19 20:44:00+00:00, run_after=2025-02-19 20:46:00+00:00
[2025-02-19T20:46:44.203+0000] {processor.py:208} INFO - Processing /home/airflow/.local/lib/python3.12/site-packages/airflow/example_dags/example_sla_dag.py took 0.041 seconds
[2025-02-19T20:47:15.296+0000] {processor.py:186} INFO - Started process (PID=2621) to work on /home/airflow/.local/lib/python3.12/site-packages/airflow/example_dags/example_sla_dag.py
[2025-02-19T20:47:15.297+0000] {processor.py:914} INFO - Processing file /home/airflow/.local/lib/python3.12/site-packages/airflow/example_dags/example_sla_dag.py for tasks to queue
[2025-02-19T20:47:15.298+0000] {logging_mixin.py:190} INFO - [2025-02-19T20:47:15.298+0000] {dagbag.py:588} INFO - Filling up the DagBag from /home/airflow/.local/lib/python3.12/site-packages/airflow/example_dags/example_sla_dag.py
[2025-02-19T20:47:15.304+0000] {processor.py:925} INFO - DAG(s) 'example_sla_dag' retrieved from /home/airflow/.local/lib/python3.12/site-packages/airflow/example_dags/example_sla_dag.py
[2025-02-19T20:47:15.318+0000] {logging_mixin.py:190} INFO - [2025-02-19T20:47:15.317+0000] {dag.py:3239} INFO - Sync 1 DAGs
[2025-02-19T20:47:15.329+0000] {logging_mixin.py:190} INFO - [2025-02-19T20:47:15.329+0000] {dag.py:4180} INFO - Setting next_dagrun for example_sla_dag to 2025-02-19 20:44:00+00:00, run_after=2025-02-19 20:46:00+00:00
[2025-02-19T20:47:15.343+0000] {processor.py:208} INFO - Processing /home/airflow/.local/lib/python3.12/site-packages/airflow/example_dags/example_sla_dag.py took 0.050 seconds
[2025-02-19T20:47:47.152+0000] {processor.py:186} INFO - Started process (PID=2684) to work on /home/airflow/.local/lib/python3.12/site-packages/airflow/example_dags/example_sla_dag.py
[2025-02-19T20:47:47.154+0000] {processor.py:914} INFO - Processing file /home/airflow/.local/lib/python3.12/site-packages/airflow/example_dags/example_sla_dag.py for tasks to queue
[2025-02-19T20:47:47.155+0000] {logging_mixin.py:190} INFO - [2025-02-19T20:47:47.155+0000] {dagbag.py:588} INFO - Filling up the DagBag from /home/airflow/.local/lib/python3.12/site-packages/airflow/example_dags/example_sla_dag.py
[2025-02-19T20:47:47.161+0000] {processor.py:925} INFO - DAG(s) 'example_sla_dag' retrieved from /home/airflow/.local/lib/python3.12/site-packages/airflow/example_dags/example_sla_dag.py
[2025-02-19T20:47:47.173+0000] {logging_mixin.py:190} INFO - [2025-02-19T20:47:47.173+0000] {dag.py:3239} INFO - Sync 1 DAGs
[2025-02-19T20:47:47.188+0000] {logging_mixin.py:190} INFO - [2025-02-19T20:47:47.187+0000] {dag.py:4180} INFO - Setting next_dagrun for example_sla_dag to 2025-02-19 20:44:00+00:00, run_after=2025-02-19 20:46:00+00:00
[2025-02-19T20:47:47.198+0000] {processor.py:208} INFO - Processing /home/airflow/.local/lib/python3.12/site-packages/airflow/example_dags/example_sla_dag.py took 0.048 seconds
[2025-02-19T20:48:17.764+0000] {processor.py:186} INFO - Started process (PID=2745) to work on /home/airflow/.local/lib/python3.12/site-packages/airflow/example_dags/example_sla_dag.py
[2025-02-19T20:48:17.764+0000] {processor.py:914} INFO - Processing file /home/airflow/.local/lib/python3.12/site-packages/airflow/example_dags/example_sla_dag.py for tasks to queue
[2025-02-19T20:48:17.766+0000] {logging_mixin.py:190} INFO - [2025-02-19T20:48:17.765+0000] {dagbag.py:588} INFO - Filling up the DagBag from /home/airflow/.local/lib/python3.12/site-packages/airflow/example_dags/example_sla_dag.py
[2025-02-19T20:48:17.771+0000] {processor.py:925} INFO - DAG(s) 'example_sla_dag' retrieved from /home/airflow/.local/lib/python3.12/site-packages/airflow/example_dags/example_sla_dag.py
[2025-02-19T20:48:17.784+0000] {logging_mixin.py:190} INFO - [2025-02-19T20:48:17.784+0000] {dag.py:3239} INFO - Sync 1 DAGs
[2025-02-19T20:48:17.799+0000] {logging_mixin.py:190} INFO - [2025-02-19T20:48:17.799+0000] {dag.py:4180} INFO - Setting next_dagrun for example_sla_dag to 2025-02-19 20:46:00+00:00, run_after=2025-02-19 20:48:00+00:00
[2025-02-19T20:48:17.809+0000] {processor.py:208} INFO - Processing /home/airflow/.local/lib/python3.12/site-packages/airflow/example_dags/example_sla_dag.py took 0.049 seconds
[2025-02-19T20:48:49.255+0000] {processor.py:186} INFO - Started process (PID=2808) to work on /home/airflow/.local/lib/python3.12/site-packages/airflow/example_dags/example_sla_dag.py
[2025-02-19T20:48:49.256+0000] {processor.py:914} INFO - Processing file /home/airflow/.local/lib/python3.12/site-packages/airflow/example_dags/example_sla_dag.py for tasks to queue
[2025-02-19T20:48:49.258+0000] {logging_mixin.py:190} INFO - [2025-02-19T20:48:49.258+0000] {dagbag.py:588} INFO - Filling up the DagBag from /home/airflow/.local/lib/python3.12/site-packages/airflow/example_dags/example_sla_dag.py
[2025-02-19T20:48:49.265+0000] {processor.py:925} INFO - DAG(s) 'example_sla_dag' retrieved from /home/airflow/.local/lib/python3.12/site-packages/airflow/example_dags/example_sla_dag.py
[2025-02-19T20:48:49.278+0000] {logging_mixin.py:190} INFO - [2025-02-19T20:48:49.278+0000] {dag.py:3239} INFO - Sync 1 DAGs
[2025-02-19T20:48:49.308+0000] {logging_mixin.py:190} INFO - [2025-02-19T20:48:49.307+0000] {dag.py:4180} INFO - Setting next_dagrun for example_sla_dag to 2025-02-19 20:46:00+00:00, run_after=2025-02-19 20:48:00+00:00
[2025-02-19T20:48:49.320+0000] {processor.py:208} INFO - Processing /home/airflow/.local/lib/python3.12/site-packages/airflow/example_dags/example_sla_dag.py took 0.071 seconds
[2025-02-19T20:49:19.556+0000] {processor.py:186} INFO - Started process (PID=2869) to work on /home/airflow/.local/lib/python3.12/site-packages/airflow/example_dags/example_sla_dag.py
[2025-02-19T20:49:19.557+0000] {processor.py:914} INFO - Processing file /home/airflow/.local/lib/python3.12/site-packages/airflow/example_dags/example_sla_dag.py for tasks to queue
[2025-02-19T20:49:19.559+0000] {logging_mixin.py:190} INFO - [2025-02-19T20:49:19.558+0000] {dagbag.py:588} INFO - Filling up the DagBag from /home/airflow/.local/lib/python3.12/site-packages/airflow/example_dags/example_sla_dag.py
[2025-02-19T20:49:19.564+0000] {processor.py:925} INFO - DAG(s) 'example_sla_dag' retrieved from /home/airflow/.local/lib/python3.12/site-packages/airflow/example_dags/example_sla_dag.py
[2025-02-19T20:49:19.577+0000] {logging_mixin.py:190} INFO - [2025-02-19T20:49:19.577+0000] {dag.py:3239} INFO - Sync 1 DAGs
[2025-02-19T20:49:19.592+0000] {logging_mixin.py:190} INFO - [2025-02-19T20:49:19.592+0000] {dag.py:4180} INFO - Setting next_dagrun for example_sla_dag to 2025-02-19 20:46:00+00:00, run_after=2025-02-19 20:48:00+00:00
[2025-02-19T20:49:19.618+0000] {processor.py:208} INFO - Processing /home/airflow/.local/lib/python3.12/site-packages/airflow/example_dags/example_sla_dag.py took 0.065 seconds
[2025-02-19T20:49:51.497+0000] {processor.py:186} INFO - Started process (PID=2932) to work on /home/airflow/.local/lib/python3.12/site-packages/airflow/example_dags/example_sla_dag.py
[2025-02-19T20:49:51.502+0000] {processor.py:914} INFO - Processing file /home/airflow/.local/lib/python3.12/site-packages/airflow/example_dags/example_sla_dag.py for tasks to queue
[2025-02-19T20:49:51.506+0000] {logging_mixin.py:190} INFO - [2025-02-19T20:49:51.505+0000] {dagbag.py:588} INFO - Filling up the DagBag from /home/airflow/.local/lib/python3.12/site-packages/airflow/example_dags/example_sla_dag.py
[2025-02-19T20:49:51.516+0000] {processor.py:925} INFO - DAG(s) 'example_sla_dag' retrieved from /home/airflow/.local/lib/python3.12/site-packages/airflow/example_dags/example_sla_dag.py
[2025-02-19T20:49:51.538+0000] {logging_mixin.py:190} INFO - [2025-02-19T20:49:51.537+0000] {dag.py:3239} INFO - Sync 1 DAGs
[2025-02-19T20:49:51.590+0000] {logging_mixin.py:190} INFO - [2025-02-19T20:49:51.590+0000] {dag.py:4180} INFO - Setting next_dagrun for example_sla_dag to 2025-02-19 20:46:00+00:00, run_after=2025-02-19 20:48:00+00:00
[2025-02-19T20:49:51.629+0000] {processor.py:208} INFO - Processing /home/airflow/.local/lib/python3.12/site-packages/airflow/example_dags/example_sla_dag.py took 0.143 seconds
[2025-02-19T20:50:22.634+0000] {processor.py:186} INFO - Started process (PID=2994) to work on /home/airflow/.local/lib/python3.12/site-packages/airflow/example_dags/example_sla_dag.py
[2025-02-19T20:50:22.636+0000] {processor.py:914} INFO - Processing file /home/airflow/.local/lib/python3.12/site-packages/airflow/example_dags/example_sla_dag.py for tasks to queue
[2025-02-19T20:50:22.644+0000] {logging_mixin.py:190} INFO - [2025-02-19T20:50:22.643+0000] {dagbag.py:588} INFO - Filling up the DagBag from /home/airflow/.local/lib/python3.12/site-packages/airflow/example_dags/example_sla_dag.py
[2025-02-19T20:50:22.665+0000] {processor.py:925} INFO - DAG(s) 'example_sla_dag' retrieved from /home/airflow/.local/lib/python3.12/site-packages/airflow/example_dags/example_sla_dag.py
[2025-02-19T20:50:22.700+0000] {logging_mixin.py:190} INFO - [2025-02-19T20:50:22.700+0000] {dag.py:3239} INFO - Sync 1 DAGs
[2025-02-19T20:50:22.728+0000] {logging_mixin.py:190} INFO - [2025-02-19T20:50:22.728+0000] {dag.py:4180} INFO - Setting next_dagrun for example_sla_dag to 2025-02-19 20:48:00+00:00, run_after=2025-02-19 20:50:00+00:00
[2025-02-19T20:50:22.752+0000] {processor.py:208} INFO - Processing /home/airflow/.local/lib/python3.12/site-packages/airflow/example_dags/example_sla_dag.py took 0.134 seconds
[2025-02-19T20:50:53.673+0000] {processor.py:186} INFO - Started process (PID=3055) to work on /home/airflow/.local/lib/python3.12/site-packages/airflow/example_dags/example_sla_dag.py
[2025-02-19T20:50:53.674+0000] {processor.py:914} INFO - Processing file /home/airflow/.local/lib/python3.12/site-packages/airflow/example_dags/example_sla_dag.py for tasks to queue
[2025-02-19T20:50:53.679+0000] {logging_mixin.py:190} INFO - [2025-02-19T20:50:53.679+0000] {dagbag.py:588} INFO - Filling up the DagBag from /home/airflow/.local/lib/python3.12/site-packages/airflow/example_dags/example_sla_dag.py
[2025-02-19T20:50:53.707+0000] {processor.py:925} INFO - DAG(s) 'example_sla_dag' retrieved from /home/airflow/.local/lib/python3.12/site-packages/airflow/example_dags/example_sla_dag.py
[2025-02-19T20:50:53.744+0000] {logging_mixin.py:190} INFO - [2025-02-19T20:50:53.744+0000] {dag.py:3239} INFO - Sync 1 DAGs
[2025-02-19T20:50:53.773+0000] {logging_mixin.py:190} INFO - [2025-02-19T20:50:53.773+0000] {dag.py:4180} INFO - Setting next_dagrun for example_sla_dag to 2025-02-19 20:48:00+00:00, run_after=2025-02-19 20:50:00+00:00
[2025-02-19T20:50:53.787+0000] {processor.py:208} INFO - Processing /home/airflow/.local/lib/python3.12/site-packages/airflow/example_dags/example_sla_dag.py took 0.138 seconds
[2025-02-19T20:51:24.395+0000] {processor.py:186} INFO - Started process (PID=3117) to work on /home/airflow/.local/lib/python3.12/site-packages/airflow/example_dags/example_sla_dag.py
[2025-02-19T20:51:24.396+0000] {processor.py:914} INFO - Processing file /home/airflow/.local/lib/python3.12/site-packages/airflow/example_dags/example_sla_dag.py for tasks to queue
[2025-02-19T20:51:24.398+0000] {logging_mixin.py:190} INFO - [2025-02-19T20:51:24.397+0000] {dagbag.py:588} INFO - Filling up the DagBag from /home/airflow/.local/lib/python3.12/site-packages/airflow/example_dags/example_sla_dag.py
[2025-02-19T20:51:24.405+0000] {processor.py:925} INFO - DAG(s) 'example_sla_dag' retrieved from /home/airflow/.local/lib/python3.12/site-packages/airflow/example_dags/example_sla_dag.py
[2025-02-19T20:51:24.417+0000] {logging_mixin.py:190} INFO - [2025-02-19T20:51:24.417+0000] {dag.py:3239} INFO - Sync 1 DAGs
[2025-02-19T20:51:24.437+0000] {logging_mixin.py:190} INFO - [2025-02-19T20:51:24.437+0000] {dag.py:4180} INFO - Setting next_dagrun for example_sla_dag to 2025-02-19 20:48:00+00:00, run_after=2025-02-19 20:50:00+00:00
[2025-02-19T20:51:24.453+0000] {processor.py:208} INFO - Processing /home/airflow/.local/lib/python3.12/site-packages/airflow/example_dags/example_sla_dag.py took 0.065 seconds
[2025-02-19T20:51:56.356+0000] {processor.py:186} INFO - Started process (PID=3178) to work on /home/airflow/.local/lib/python3.12/site-packages/airflow/example_dags/example_sla_dag.py
[2025-02-19T20:51:56.358+0000] {processor.py:914} INFO - Processing file /home/airflow/.local/lib/python3.12/site-packages/airflow/example_dags/example_sla_dag.py for tasks to queue
[2025-02-19T20:51:56.360+0000] {logging_mixin.py:190} INFO - [2025-02-19T20:51:56.360+0000] {dagbag.py:588} INFO - Filling up the DagBag from /home/airflow/.local/lib/python3.12/site-packages/airflow/example_dags/example_sla_dag.py
[2025-02-19T20:51:56.371+0000] {processor.py:925} INFO - DAG(s) 'example_sla_dag' retrieved from /home/airflow/.local/lib/python3.12/site-packages/airflow/example_dags/example_sla_dag.py
[2025-02-19T20:51:56.385+0000] {logging_mixin.py:190} INFO - [2025-02-19T20:51:56.385+0000] {dag.py:3239} INFO - Sync 1 DAGs
[2025-02-19T20:51:56.570+0000] {logging_mixin.py:190} INFO - [2025-02-19T20:51:56.570+0000] {dag.py:4180} INFO - Setting next_dagrun for example_sla_dag to 2025-02-19 20:48:00+00:00, run_after=2025-02-19 20:50:00+00:00
[2025-02-19T20:51:56.582+0000] {processor.py:208} INFO - Processing /home/airflow/.local/lib/python3.12/site-packages/airflow/example_dags/example_sla_dag.py took 0.232 seconds
[2025-02-19T20:52:27.533+0000] {processor.py:186} INFO - Started process (PID=3240) to work on /home/airflow/.local/lib/python3.12/site-packages/airflow/example_dags/example_sla_dag.py
[2025-02-19T20:52:27.536+0000] {processor.py:914} INFO - Processing file /home/airflow/.local/lib/python3.12/site-packages/airflow/example_dags/example_sla_dag.py for tasks to queue
[2025-02-19T20:52:27.540+0000] {logging_mixin.py:190} INFO - [2025-02-19T20:52:27.540+0000] {dagbag.py:588} INFO - Filling up the DagBag from /home/airflow/.local/lib/python3.12/site-packages/airflow/example_dags/example_sla_dag.py
[2025-02-19T20:52:27.550+0000] {processor.py:925} INFO - DAG(s) 'example_sla_dag' retrieved from /home/airflow/.local/lib/python3.12/site-packages/airflow/example_dags/example_sla_dag.py
[2025-02-19T20:52:27.572+0000] {logging_mixin.py:190} INFO - [2025-02-19T20:52:27.572+0000] {dag.py:3239} INFO - Sync 1 DAGs
[2025-02-19T20:52:27.960+0000] {logging_mixin.py:190} INFO - [2025-02-19T20:52:27.959+0000] {dag.py:4180} INFO - Setting next_dagrun for example_sla_dag to 2025-02-19 20:50:00+00:00, run_after=2025-02-19 20:52:00+00:00
[2025-02-19T20:52:28.031+0000] {processor.py:208} INFO - Processing /home/airflow/.local/lib/python3.12/site-packages/airflow/example_dags/example_sla_dag.py took 0.507 seconds
[2025-02-19T20:52:58.994+0000] {processor.py:186} INFO - Started process (PID=3302) to work on /home/airflow/.local/lib/python3.12/site-packages/airflow/example_dags/example_sla_dag.py
[2025-02-19T20:52:58.997+0000] {processor.py:914} INFO - Processing file /home/airflow/.local/lib/python3.12/site-packages/airflow/example_dags/example_sla_dag.py for tasks to queue
[2025-02-19T20:52:59.001+0000] {logging_mixin.py:190} INFO - [2025-02-19T20:52:59.001+0000] {dagbag.py:588} INFO - Filling up the DagBag from /home/airflow/.local/lib/python3.12/site-packages/airflow/example_dags/example_sla_dag.py
[2025-02-19T20:52:59.029+0000] {processor.py:925} INFO - DAG(s) 'example_sla_dag' retrieved from /home/airflow/.local/lib/python3.12/site-packages/airflow/example_dags/example_sla_dag.py
[2025-02-19T20:52:59.053+0000] {logging_mixin.py:190} INFO - [2025-02-19T20:52:59.053+0000] {dag.py:3239} INFO - Sync 1 DAGs
[2025-02-19T20:52:59.077+0000] {logging_mixin.py:190} INFO - [2025-02-19T20:52:59.077+0000] {dag.py:4180} INFO - Setting next_dagrun for example_sla_dag to 2025-02-19 20:50:00+00:00, run_after=2025-02-19 20:52:00+00:00
[2025-02-19T20:52:59.483+0000] {processor.py:208} INFO - Processing /home/airflow/.local/lib/python3.12/site-packages/airflow/example_dags/example_sla_dag.py took 0.497 seconds
[2025-02-19T20:53:29.631+0000] {processor.py:186} INFO - Started process (PID=3364) to work on /home/airflow/.local/lib/python3.12/site-packages/airflow/example_dags/example_sla_dag.py
[2025-02-19T20:53:29.633+0000] {processor.py:914} INFO - Processing file /home/airflow/.local/lib/python3.12/site-packages/airflow/example_dags/example_sla_dag.py for tasks to queue
[2025-02-19T20:53:29.645+0000] {logging_mixin.py:190} INFO - [2025-02-19T20:53:29.644+0000] {dagbag.py:588} INFO - Filling up the DagBag from /home/airflow/.local/lib/python3.12/site-packages/airflow/example_dags/example_sla_dag.py
[2025-02-19T20:53:29.675+0000] {processor.py:925} INFO - DAG(s) 'example_sla_dag' retrieved from /home/airflow/.local/lib/python3.12/site-packages/airflow/example_dags/example_sla_dag.py
[2025-02-19T20:53:29.696+0000] {logging_mixin.py:190} INFO - [2025-02-19T20:53:29.696+0000] {dag.py:3239} INFO - Sync 1 DAGs
[2025-02-19T20:53:29.721+0000] {logging_mixin.py:190} INFO - [2025-02-19T20:53:29.721+0000] {dag.py:4180} INFO - Setting next_dagrun for example_sla_dag to 2025-02-19 20:50:00+00:00, run_after=2025-02-19 20:52:00+00:00
[2025-02-19T20:53:30.236+0000] {processor.py:208} INFO - Processing /home/airflow/.local/lib/python3.12/site-packages/airflow/example_dags/example_sla_dag.py took 0.611 seconds
[2025-02-19T20:54:00.723+0000] {processor.py:186} INFO - Started process (PID=3426) to work on /home/airflow/.local/lib/python3.12/site-packages/airflow/example_dags/example_sla_dag.py
[2025-02-19T20:54:00.725+0000] {processor.py:914} INFO - Processing file /home/airflow/.local/lib/python3.12/site-packages/airflow/example_dags/example_sla_dag.py for tasks to queue
[2025-02-19T20:54:00.726+0000] {logging_mixin.py:190} INFO - [2025-02-19T20:54:00.726+0000] {dagbag.py:588} INFO - Filling up the DagBag from /home/airflow/.local/lib/python3.12/site-packages/airflow/example_dags/example_sla_dag.py
[2025-02-19T20:54:00.734+0000] {processor.py:925} INFO - DAG(s) 'example_sla_dag' retrieved from /home/airflow/.local/lib/python3.12/site-packages/airflow/example_dags/example_sla_dag.py
[2025-02-19T20:54:00.746+0000] {logging_mixin.py:190} INFO - [2025-02-19T20:54:00.746+0000] {dag.py:3239} INFO - Sync 1 DAGs
[2025-02-19T20:54:00.761+0000] {logging_mixin.py:190} INFO - [2025-02-19T20:54:00.761+0000] {dag.py:4180} INFO - Setting next_dagrun for example_sla_dag to 2025-02-19 20:52:00+00:00, run_after=2025-02-19 20:54:00+00:00
[2025-02-19T20:54:00.772+0000] {processor.py:208} INFO - Processing /home/airflow/.local/lib/python3.12/site-packages/airflow/example_dags/example_sla_dag.py took 0.053 seconds
[2025-02-19T20:54:34.448+0000] {processor.py:186} INFO - Started process (PID=3489) to work on /home/airflow/.local/lib/python3.12/site-packages/airflow/example_dags/example_sla_dag.py
[2025-02-19T20:54:34.456+0000] {processor.py:914} INFO - Processing file /home/airflow/.local/lib/python3.12/site-packages/airflow/example_dags/example_sla_dag.py for tasks to queue
[2025-02-19T20:54:34.464+0000] {logging_mixin.py:190} INFO - [2025-02-19T20:54:34.461+0000] {dagbag.py:588} INFO - Filling up the DagBag from /home/airflow/.local/lib/python3.12/site-packages/airflow/example_dags/example_sla_dag.py
[2025-02-19T20:54:34.536+0000] {processor.py:925} INFO - DAG(s) 'example_sla_dag' retrieved from /home/airflow/.local/lib/python3.12/site-packages/airflow/example_dags/example_sla_dag.py
[2025-02-19T20:54:34.639+0000] {logging_mixin.py:190} INFO - [2025-02-19T20:54:34.639+0000] {dag.py:3239} INFO - Sync 1 DAGs
[2025-02-19T20:54:34.728+0000] {logging_mixin.py:190} INFO - [2025-02-19T20:54:34.728+0000] {dag.py:4180} INFO - Setting next_dagrun for example_sla_dag to 2025-02-19 20:52:00+00:00, run_after=2025-02-19 20:54:00+00:00
[2025-02-19T20:54:34.783+0000] {processor.py:208} INFO - Processing /home/airflow/.local/lib/python3.12/site-packages/airflow/example_dags/example_sla_dag.py took 0.356 seconds
[2025-02-19T20:55:04.988+0000] {processor.py:186} INFO - Started process (PID=3550) to work on /home/airflow/.local/lib/python3.12/site-packages/airflow/example_dags/example_sla_dag.py
[2025-02-19T20:55:04.989+0000] {processor.py:914} INFO - Processing file /home/airflow/.local/lib/python3.12/site-packages/airflow/example_dags/example_sla_dag.py for tasks to queue
[2025-02-19T20:55:04.991+0000] {logging_mixin.py:190} INFO - [2025-02-19T20:55:04.991+0000] {dagbag.py:588} INFO - Filling up the DagBag from /home/airflow/.local/lib/python3.12/site-packages/airflow/example_dags/example_sla_dag.py
[2025-02-19T20:55:04.998+0000] {processor.py:925} INFO - DAG(s) 'example_sla_dag' retrieved from /home/airflow/.local/lib/python3.12/site-packages/airflow/example_dags/example_sla_dag.py
[2025-02-19T20:55:05.011+0000] {logging_mixin.py:190} INFO - [2025-02-19T20:55:05.011+0000] {dag.py:3239} INFO - Sync 1 DAGs
[2025-02-19T20:55:05.025+0000] {logging_mixin.py:190} INFO - [2025-02-19T20:55:05.025+0000] {dag.py:4180} INFO - Setting next_dagrun for example_sla_dag to 2025-02-19 20:52:00+00:00, run_after=2025-02-19 20:54:00+00:00
[2025-02-19T20:55:05.033+0000] {processor.py:208} INFO - Processing /home/airflow/.local/lib/python3.12/site-packages/airflow/example_dags/example_sla_dag.py took 0.058 seconds
[2025-02-19T20:55:35.274+0000] {processor.py:186} INFO - Started process (PID=3612) to work on /home/airflow/.local/lib/python3.12/site-packages/airflow/example_dags/example_sla_dag.py
[2025-02-19T20:55:35.276+0000] {processor.py:914} INFO - Processing file /home/airflow/.local/lib/python3.12/site-packages/airflow/example_dags/example_sla_dag.py for tasks to queue
[2025-02-19T20:55:35.278+0000] {logging_mixin.py:190} INFO - [2025-02-19T20:55:35.277+0000] {dagbag.py:588} INFO - Filling up the DagBag from /home/airflow/.local/lib/python3.12/site-packages/airflow/example_dags/example_sla_dag.py
[2025-02-19T20:55:35.283+0000] {processor.py:925} INFO - DAG(s) 'example_sla_dag' retrieved from /home/airflow/.local/lib/python3.12/site-packages/airflow/example_dags/example_sla_dag.py
[2025-02-19T20:55:35.302+0000] {logging_mixin.py:190} INFO - [2025-02-19T20:55:35.301+0000] {dag.py:3239} INFO - Sync 1 DAGs
[2025-02-19T20:55:35.327+0000] {logging_mixin.py:190} INFO - [2025-02-19T20:55:35.327+0000] {dag.py:4180} INFO - Setting next_dagrun for example_sla_dag to 2025-02-19 20:52:00+00:00, run_after=2025-02-19 20:54:00+00:00
[2025-02-19T20:55:35.338+0000] {processor.py:208} INFO - Processing /home/airflow/.local/lib/python3.12/site-packages/airflow/example_dags/example_sla_dag.py took 0.067 seconds
[2025-02-19T20:56:07.473+0000] {processor.py:186} INFO - Started process (PID=3675) to work on /home/airflow/.local/lib/python3.12/site-packages/airflow/example_dags/example_sla_dag.py
[2025-02-19T20:56:07.473+0000] {processor.py:914} INFO - Processing file /home/airflow/.local/lib/python3.12/site-packages/airflow/example_dags/example_sla_dag.py for tasks to queue
[2025-02-19T20:56:07.475+0000] {logging_mixin.py:190} INFO - [2025-02-19T20:56:07.474+0000] {dagbag.py:588} INFO - Filling up the DagBag from /home/airflow/.local/lib/python3.12/site-packages/airflow/example_dags/example_sla_dag.py
[2025-02-19T20:56:07.481+0000] {processor.py:925} INFO - DAG(s) 'example_sla_dag' retrieved from /home/airflow/.local/lib/python3.12/site-packages/airflow/example_dags/example_sla_dag.py
[2025-02-19T20:56:07.493+0000] {logging_mixin.py:190} INFO - [2025-02-19T20:56:07.493+0000] {dag.py:3239} INFO - Sync 1 DAGs
[2025-02-19T20:56:07.505+0000] {logging_mixin.py:190} INFO - [2025-02-19T20:56:07.505+0000] {dag.py:4180} INFO - Setting next_dagrun for example_sla_dag to 2025-02-19 20:54:00+00:00, run_after=2025-02-19 20:56:00+00:00
[2025-02-19T20:56:07.514+0000] {processor.py:208} INFO - Processing /home/airflow/.local/lib/python3.12/site-packages/airflow/example_dags/example_sla_dag.py took 0.046 seconds
[2025-02-19T20:56:38.155+0000] {processor.py:186} INFO - Started process (PID=3736) to work on /home/airflow/.local/lib/python3.12/site-packages/airflow/example_dags/example_sla_dag.py
[2025-02-19T20:56:38.156+0000] {processor.py:914} INFO - Processing file /home/airflow/.local/lib/python3.12/site-packages/airflow/example_dags/example_sla_dag.py for tasks to queue
[2025-02-19T20:56:38.157+0000] {logging_mixin.py:190} INFO - [2025-02-19T20:56:38.157+0000] {dagbag.py:588} INFO - Filling up the DagBag from /home/airflow/.local/lib/python3.12/site-packages/airflow/example_dags/example_sla_dag.py
[2025-02-19T20:56:38.165+0000] {processor.py:925} INFO - DAG(s) 'example_sla_dag' retrieved from /home/airflow/.local/lib/python3.12/site-packages/airflow/example_dags/example_sla_dag.py
[2025-02-19T20:56:38.175+0000] {logging_mixin.py:190} INFO - [2025-02-19T20:56:38.175+0000] {dag.py:3239} INFO - Sync 1 DAGs
[2025-02-19T20:56:38.187+0000] {logging_mixin.py:190} INFO - [2025-02-19T20:56:38.187+0000] {dag.py:4180} INFO - Setting next_dagrun for example_sla_dag to 2025-02-19 20:54:00+00:00, run_after=2025-02-19 20:56:00+00:00
[2025-02-19T20:56:38.196+0000] {processor.py:208} INFO - Processing /home/airflow/.local/lib/python3.12/site-packages/airflow/example_dags/example_sla_dag.py took 0.044 seconds
[2025-02-19T20:57:08.590+0000] {processor.py:186} INFO - Started process (PID=3798) to work on /home/airflow/.local/lib/python3.12/site-packages/airflow/example_dags/example_sla_dag.py
[2025-02-19T20:57:08.590+0000] {processor.py:914} INFO - Processing file /home/airflow/.local/lib/python3.12/site-packages/airflow/example_dags/example_sla_dag.py for tasks to queue
[2025-02-19T20:57:08.592+0000] {logging_mixin.py:190} INFO - [2025-02-19T20:57:08.592+0000] {dagbag.py:588} INFO - Filling up the DagBag from /home/airflow/.local/lib/python3.12/site-packages/airflow/example_dags/example_sla_dag.py
[2025-02-19T20:57:08.598+0000] {processor.py:925} INFO - DAG(s) 'example_sla_dag' retrieved from /home/airflow/.local/lib/python3.12/site-packages/airflow/example_dags/example_sla_dag.py
[2025-02-19T20:57:08.608+0000] {logging_mixin.py:190} INFO - [2025-02-19T20:57:08.607+0000] {dag.py:3239} INFO - Sync 1 DAGs
[2025-02-19T20:57:08.622+0000] {logging_mixin.py:190} INFO - [2025-02-19T20:57:08.621+0000] {dag.py:4180} INFO - Setting next_dagrun for example_sla_dag to 2025-02-19 20:54:00+00:00, run_after=2025-02-19 20:56:00+00:00
[2025-02-19T20:57:08.630+0000] {processor.py:208} INFO - Processing /home/airflow/.local/lib/python3.12/site-packages/airflow/example_dags/example_sla_dag.py took 0.043 seconds
[2025-02-19T20:57:39.572+0000] {processor.py:186} INFO - Started process (PID=3860) to work on /home/airflow/.local/lib/python3.12/site-packages/airflow/example_dags/example_sla_dag.py
[2025-02-19T20:57:39.572+0000] {processor.py:914} INFO - Processing file /home/airflow/.local/lib/python3.12/site-packages/airflow/example_dags/example_sla_dag.py for tasks to queue
[2025-02-19T20:57:39.574+0000] {logging_mixin.py:190} INFO - [2025-02-19T20:57:39.573+0000] {dagbag.py:588} INFO - Filling up the DagBag from /home/airflow/.local/lib/python3.12/site-packages/airflow/example_dags/example_sla_dag.py
[2025-02-19T20:57:39.579+0000] {processor.py:925} INFO - DAG(s) 'example_sla_dag' retrieved from /home/airflow/.local/lib/python3.12/site-packages/airflow/example_dags/example_sla_dag.py
[2025-02-19T20:57:39.589+0000] {logging_mixin.py:190} INFO - [2025-02-19T20:57:39.588+0000] {dag.py:3239} INFO - Sync 1 DAGs
[2025-02-19T20:57:39.601+0000] {logging_mixin.py:190} INFO - [2025-02-19T20:57:39.601+0000] {dag.py:4180} INFO - Setting next_dagrun for example_sla_dag to 2025-02-19 20:54:00+00:00, run_after=2025-02-19 20:56:00+00:00
[2025-02-19T20:57:39.609+0000] {processor.py:208} INFO - Processing /home/airflow/.local/lib/python3.12/site-packages/airflow/example_dags/example_sla_dag.py took 0.040 seconds
[2025-02-19T20:58:10.735+0000] {processor.py:186} INFO - Started process (PID=3922) to work on /home/airflow/.local/lib/python3.12/site-packages/airflow/example_dags/example_sla_dag.py
[2025-02-19T20:58:10.736+0000] {processor.py:914} INFO - Processing file /home/airflow/.local/lib/python3.12/site-packages/airflow/example_dags/example_sla_dag.py for tasks to queue
[2025-02-19T20:58:10.737+0000] {logging_mixin.py:190} INFO - [2025-02-19T20:58:10.737+0000] {dagbag.py:588} INFO - Filling up the DagBag from /home/airflow/.local/lib/python3.12/site-packages/airflow/example_dags/example_sla_dag.py
[2025-02-19T20:58:10.742+0000] {processor.py:925} INFO - DAG(s) 'example_sla_dag' retrieved from /home/airflow/.local/lib/python3.12/site-packages/airflow/example_dags/example_sla_dag.py
[2025-02-19T20:58:10.759+0000] {logging_mixin.py:190} INFO - [2025-02-19T20:58:10.759+0000] {dag.py:3239} INFO - Sync 1 DAGs
[2025-02-19T20:58:10.773+0000] {logging_mixin.py:190} INFO - [2025-02-19T20:58:10.773+0000] {dag.py:4180} INFO - Setting next_dagrun for example_sla_dag to 2025-02-19 20:56:00+00:00, run_after=2025-02-19 20:58:00+00:00
[2025-02-19T20:58:10.782+0000] {processor.py:208} INFO - Processing /home/airflow/.local/lib/python3.12/site-packages/airflow/example_dags/example_sla_dag.py took 0.051 seconds
[2025-02-19T20:58:41.261+0000] {processor.py:186} INFO - Started process (PID=3984) to work on /home/airflow/.local/lib/python3.12/site-packages/airflow/example_dags/example_sla_dag.py
[2025-02-19T20:58:41.262+0000] {processor.py:914} INFO - Processing file /home/airflow/.local/lib/python3.12/site-packages/airflow/example_dags/example_sla_dag.py for tasks to queue
[2025-02-19T20:58:41.264+0000] {logging_mixin.py:190} INFO - [2025-02-19T20:58:41.263+0000] {dagbag.py:588} INFO - Filling up the DagBag from /home/airflow/.local/lib/python3.12/site-packages/airflow/example_dags/example_sla_dag.py
[2025-02-19T20:58:41.269+0000] {processor.py:925} INFO - DAG(s) 'example_sla_dag' retrieved from /home/airflow/.local/lib/python3.12/site-packages/airflow/example_dags/example_sla_dag.py
[2025-02-19T20:58:41.279+0000] {logging_mixin.py:190} INFO - [2025-02-19T20:58:41.279+0000] {dag.py:3239} INFO - Sync 1 DAGs
[2025-02-19T20:58:41.291+0000] {logging_mixin.py:190} INFO - [2025-02-19T20:58:41.291+0000] {dag.py:4180} INFO - Setting next_dagrun for example_sla_dag to 2025-02-19 20:56:00+00:00, run_after=2025-02-19 20:58:00+00:00
[2025-02-19T20:58:41.299+0000] {processor.py:208} INFO - Processing /home/airflow/.local/lib/python3.12/site-packages/airflow/example_dags/example_sla_dag.py took 0.041 seconds
[2025-02-19T20:59:12.652+0000] {processor.py:186} INFO - Started process (PID=4046) to work on /home/airflow/.local/lib/python3.12/site-packages/airflow/example_dags/example_sla_dag.py
[2025-02-19T20:59:12.653+0000] {processor.py:914} INFO - Processing file /home/airflow/.local/lib/python3.12/site-packages/airflow/example_dags/example_sla_dag.py for tasks to queue
[2025-02-19T20:59:12.654+0000] {logging_mixin.py:190} INFO - [2025-02-19T20:59:12.654+0000] {dagbag.py:588} INFO - Filling up the DagBag from /home/airflow/.local/lib/python3.12/site-packages/airflow/example_dags/example_sla_dag.py
[2025-02-19T20:59:12.659+0000] {processor.py:925} INFO - DAG(s) 'example_sla_dag' retrieved from /home/airflow/.local/lib/python3.12/site-packages/airflow/example_dags/example_sla_dag.py
[2025-02-19T20:59:12.669+0000] {logging_mixin.py:190} INFO - [2025-02-19T20:59:12.669+0000] {dag.py:3239} INFO - Sync 1 DAGs
[2025-02-19T20:59:12.686+0000] {logging_mixin.py:190} INFO - [2025-02-19T20:59:12.686+0000] {dag.py:4180} INFO - Setting next_dagrun for example_sla_dag to 2025-02-19 20:56:00+00:00, run_after=2025-02-19 20:58:00+00:00
[2025-02-19T20:59:12.696+0000] {processor.py:208} INFO - Processing /home/airflow/.local/lib/python3.12/site-packages/airflow/example_dags/example_sla_dag.py took 0.047 seconds
[2025-02-19T20:59:44.011+0000] {processor.py:186} INFO - Started process (PID=4108) to work on /home/airflow/.local/lib/python3.12/site-packages/airflow/example_dags/example_sla_dag.py
[2025-02-19T20:59:44.011+0000] {processor.py:914} INFO - Processing file /home/airflow/.local/lib/python3.12/site-packages/airflow/example_dags/example_sla_dag.py for tasks to queue
[2025-02-19T20:59:44.013+0000] {logging_mixin.py:190} INFO - [2025-02-19T20:59:44.013+0000] {dagbag.py:588} INFO - Filling up the DagBag from /home/airflow/.local/lib/python3.12/site-packages/airflow/example_dags/example_sla_dag.py
[2025-02-19T20:59:44.019+0000] {processor.py:925} INFO - DAG(s) 'example_sla_dag' retrieved from /home/airflow/.local/lib/python3.12/site-packages/airflow/example_dags/example_sla_dag.py
[2025-02-19T20:59:44.031+0000] {logging_mixin.py:190} INFO - [2025-02-19T20:59:44.031+0000] {dag.py:3239} INFO - Sync 1 DAGs
[2025-02-19T20:59:44.044+0000] {logging_mixin.py:190} INFO - [2025-02-19T20:59:44.044+0000] {dag.py:4180} INFO - Setting next_dagrun for example_sla_dag to 2025-02-19 20:56:00+00:00, run_after=2025-02-19 20:58:00+00:00
[2025-02-19T20:59:44.054+0000] {processor.py:208} INFO - Processing /home/airflow/.local/lib/python3.12/site-packages/airflow/example_dags/example_sla_dag.py took 0.049 seconds
[2025-02-19T21:00:20.730+0000] {processor.py:186} INFO - Started process (PID=4170) to work on /home/airflow/.local/lib/python3.12/site-packages/airflow/example_dags/example_sla_dag.py
[2025-02-19T21:00:20.745+0000] {processor.py:914} INFO - Processing file /home/airflow/.local/lib/python3.12/site-packages/airflow/example_dags/example_sla_dag.py for tasks to queue
[2025-02-19T21:00:20.746+0000] {logging_mixin.py:190} INFO - [2025-02-19T21:00:20.746+0000] {dagbag.py:588} INFO - Filling up the DagBag from /home/airflow/.local/lib/python3.12/site-packages/airflow/example_dags/example_sla_dag.py
[2025-02-19T21:00:20.752+0000] {processor.py:925} INFO - DAG(s) 'example_sla_dag' retrieved from /home/airflow/.local/lib/python3.12/site-packages/airflow/example_dags/example_sla_dag.py
[2025-02-19T21:00:20.768+0000] {logging_mixin.py:190} INFO - [2025-02-19T21:00:20.768+0000] {dag.py:3239} INFO - Sync 1 DAGs
[2025-02-19T21:00:20.781+0000] {logging_mixin.py:190} INFO - [2025-02-19T21:00:20.781+0000] {dag.py:4180} INFO - Setting next_dagrun for example_sla_dag to 2025-02-19 20:58:00+00:00, run_after=2025-02-19 21:00:00+00:00
[2025-02-19T21:00:20.789+0000] {processor.py:208} INFO - Processing /home/airflow/.local/lib/python3.12/site-packages/airflow/example_dags/example_sla_dag.py took 0.062 seconds
[2025-02-19T21:34:09.195+0000] {processor.py:186} INFO - Started process (PID=4255) to work on /home/airflow/.local/lib/python3.12/site-packages/airflow/example_dags/example_sla_dag.py
[2025-02-19T21:34:09.197+0000] {processor.py:914} INFO - Processing file /home/airflow/.local/lib/python3.12/site-packages/airflow/example_dags/example_sla_dag.py for tasks to queue
[2025-02-19T21:34:09.198+0000] {logging_mixin.py:190} INFO - [2025-02-19T21:34:09.198+0000] {dagbag.py:588} INFO - Filling up the DagBag from /home/airflow/.local/lib/python3.12/site-packages/airflow/example_dags/example_sla_dag.py
[2025-02-19T21:34:09.205+0000] {processor.py:925} INFO - DAG(s) 'example_sla_dag' retrieved from /home/airflow/.local/lib/python3.12/site-packages/airflow/example_dags/example_sla_dag.py
[2025-02-19T21:34:09.218+0000] {logging_mixin.py:190} INFO - [2025-02-19T21:34:09.218+0000] {dag.py:3239} INFO - Sync 1 DAGs
[2025-02-19T21:34:09.233+0000] {logging_mixin.py:190} INFO - [2025-02-19T21:34:09.233+0000] {dag.py:4180} INFO - Setting next_dagrun for example_sla_dag to 2025-02-19 21:32:00+00:00, run_after=2025-02-19 21:34:00+00:00
[2025-02-19T21:34:09.243+0000] {processor.py:208} INFO - Processing /home/airflow/.local/lib/python3.12/site-packages/airflow/example_dags/example_sla_dag.py took 0.054 seconds
[2025-02-19T21:54:18.791+0000] {processor.py:186} INFO - Started process (PID=4317) to work on /home/airflow/.local/lib/python3.12/site-packages/airflow/example_dags/example_sla_dag.py
[2025-02-19T21:54:18.793+0000] {processor.py:914} INFO - Processing file /home/airflow/.local/lib/python3.12/site-packages/airflow/example_dags/example_sla_dag.py for tasks to queue
[2025-02-19T21:54:18.797+0000] {logging_mixin.py:190} INFO - [2025-02-19T21:54:18.797+0000] {dagbag.py:588} INFO - Filling up the DagBag from /home/airflow/.local/lib/python3.12/site-packages/airflow/example_dags/example_sla_dag.py
[2025-02-19T21:54:18.802+0000] {processor.py:925} INFO - DAG(s) 'example_sla_dag' retrieved from /home/airflow/.local/lib/python3.12/site-packages/airflow/example_dags/example_sla_dag.py
[2025-02-19T21:54:18.813+0000] {logging_mixin.py:190} INFO - [2025-02-19T21:54:18.813+0000] {dag.py:3239} INFO - Sync 1 DAGs
[2025-02-19T21:54:18.829+0000] {logging_mixin.py:190} INFO - [2025-02-19T21:54:18.829+0000] {dag.py:4180} INFO - Setting next_dagrun for example_sla_dag to 2025-02-19 21:52:00+00:00, run_after=2025-02-19 21:54:00+00:00
[2025-02-19T21:54:18.840+0000] {processor.py:208} INFO - Processing /home/airflow/.local/lib/python3.12/site-packages/airflow/example_dags/example_sla_dag.py took 0.053 seconds
[2025-02-19T21:54:49.403+0000] {processor.py:186} INFO - Started process (PID=4378) to work on /home/airflow/.local/lib/python3.12/site-packages/airflow/example_dags/example_sla_dag.py
[2025-02-19T21:54:49.404+0000] {processor.py:914} INFO - Processing file /home/airflow/.local/lib/python3.12/site-packages/airflow/example_dags/example_sla_dag.py for tasks to queue
[2025-02-19T21:54:49.406+0000] {logging_mixin.py:190} INFO - [2025-02-19T21:54:49.406+0000] {dagbag.py:588} INFO - Filling up the DagBag from /home/airflow/.local/lib/python3.12/site-packages/airflow/example_dags/example_sla_dag.py
[2025-02-19T21:54:49.412+0000] {processor.py:925} INFO - DAG(s) 'example_sla_dag' retrieved from /home/airflow/.local/lib/python3.12/site-packages/airflow/example_dags/example_sla_dag.py
[2025-02-19T21:54:49.423+0000] {logging_mixin.py:190} INFO - [2025-02-19T21:54:49.423+0000] {dag.py:3239} INFO - Sync 1 DAGs
[2025-02-19T21:54:49.439+0000] {logging_mixin.py:190} INFO - [2025-02-19T21:54:49.439+0000] {dag.py:4180} INFO - Setting next_dagrun for example_sla_dag to 2025-02-19 21:52:00+00:00, run_after=2025-02-19 21:54:00+00:00
[2025-02-19T21:54:49.449+0000] {processor.py:208} INFO - Processing /home/airflow/.local/lib/python3.12/site-packages/airflow/example_dags/example_sla_dag.py took 0.049 seconds
[2025-02-19T21:55:28.083+0000] {processor.py:186} INFO - Started process (PID=4435) to work on /home/airflow/.local/lib/python3.12/site-packages/airflow/example_dags/example_sla_dag.py
[2025-02-19T21:55:28.084+0000] {processor.py:914} INFO - Processing file /home/airflow/.local/lib/python3.12/site-packages/airflow/example_dags/example_sla_dag.py for tasks to queue
[2025-02-19T21:55:28.085+0000] {logging_mixin.py:190} INFO - [2025-02-19T21:55:28.085+0000] {dagbag.py:588} INFO - Filling up the DagBag from /home/airflow/.local/lib/python3.12/site-packages/airflow/example_dags/example_sla_dag.py
[2025-02-19T21:55:28.090+0000] {processor.py:925} INFO - DAG(s) 'example_sla_dag' retrieved from /home/airflow/.local/lib/python3.12/site-packages/airflow/example_dags/example_sla_dag.py
[2025-02-19T21:55:28.099+0000] {logging_mixin.py:190} INFO - [2025-02-19T21:55:28.099+0000] {dag.py:3239} INFO - Sync 1 DAGs
[2025-02-19T21:55:28.110+0000] {logging_mixin.py:190} INFO - [2025-02-19T21:55:28.110+0000] {dag.py:4180} INFO - Setting next_dagrun for example_sla_dag to 2025-02-19 21:52:00+00:00, run_after=2025-02-19 21:54:00+00:00
[2025-02-19T21:55:28.118+0000] {processor.py:208} INFO - Processing /home/airflow/.local/lib/python3.12/site-packages/airflow/example_dags/example_sla_dag.py took 0.038 seconds
[2025-02-19T21:56:06.300+0000] {processor.py:186} INFO - Started process (PID=4497) to work on /home/airflow/.local/lib/python3.12/site-packages/airflow/example_dags/example_sla_dag.py
[2025-02-19T21:56:06.301+0000] {processor.py:914} INFO - Processing file /home/airflow/.local/lib/python3.12/site-packages/airflow/example_dags/example_sla_dag.py for tasks to queue
[2025-02-19T21:56:06.303+0000] {logging_mixin.py:190} INFO - [2025-02-19T21:56:06.303+0000] {dagbag.py:588} INFO - Filling up the DagBag from /home/airflow/.local/lib/python3.12/site-packages/airflow/example_dags/example_sla_dag.py
[2025-02-19T21:56:06.310+0000] {processor.py:925} INFO - DAG(s) 'example_sla_dag' retrieved from /home/airflow/.local/lib/python3.12/site-packages/airflow/example_dags/example_sla_dag.py
[2025-02-19T21:56:06.323+0000] {logging_mixin.py:190} INFO - [2025-02-19T21:56:06.323+0000] {dag.py:3239} INFO - Sync 1 DAGs
[2025-02-19T21:56:06.339+0000] {logging_mixin.py:190} INFO - [2025-02-19T21:56:06.339+0000] {dag.py:4180} INFO - Setting next_dagrun for example_sla_dag to 2025-02-19 21:54:00+00:00, run_after=2025-02-19 21:56:00+00:00
[2025-02-19T21:56:06.349+0000] {processor.py:208} INFO - Processing /home/airflow/.local/lib/python3.12/site-packages/airflow/example_dags/example_sla_dag.py took 0.056 seconds
[2025-02-19T21:56:47.394+0000] {processor.py:186} INFO - Started process (PID=4559) to work on /home/airflow/.local/lib/python3.12/site-packages/airflow/example_dags/example_sla_dag.py
[2025-02-19T21:56:47.396+0000] {processor.py:914} INFO - Processing file /home/airflow/.local/lib/python3.12/site-packages/airflow/example_dags/example_sla_dag.py for tasks to queue
[2025-02-19T21:56:47.401+0000] {logging_mixin.py:190} INFO - [2025-02-19T21:56:47.401+0000] {dagbag.py:588} INFO - Filling up the DagBag from /home/airflow/.local/lib/python3.12/site-packages/airflow/example_dags/example_sla_dag.py
[2025-02-19T21:56:47.409+0000] {processor.py:925} INFO - DAG(s) 'example_sla_dag' retrieved from /home/airflow/.local/lib/python3.12/site-packages/airflow/example_dags/example_sla_dag.py
[2025-02-19T21:56:47.433+0000] {logging_mixin.py:190} INFO - [2025-02-19T21:56:47.432+0000] {dag.py:3239} INFO - Sync 1 DAGs
[2025-02-19T21:56:47.497+0000] {logging_mixin.py:190} INFO - [2025-02-19T21:56:47.497+0000] {dag.py:4180} INFO - Setting next_dagrun for example_sla_dag to 2025-02-19 21:54:00+00:00, run_after=2025-02-19 21:56:00+00:00
[2025-02-19T21:56:47.510+0000] {processor.py:208} INFO - Processing /home/airflow/.local/lib/python3.12/site-packages/airflow/example_dags/example_sla_dag.py took 0.130 seconds
[2025-02-19T21:57:41.929+0000] {processor.py:186} INFO - Started process (PID=4621) to work on /home/airflow/.local/lib/python3.12/site-packages/airflow/example_dags/example_sla_dag.py
[2025-02-19T21:57:41.930+0000] {processor.py:914} INFO - Processing file /home/airflow/.local/lib/python3.12/site-packages/airflow/example_dags/example_sla_dag.py for tasks to queue
[2025-02-19T21:57:41.931+0000] {logging_mixin.py:190} INFO - [2025-02-19T21:57:41.931+0000] {dagbag.py:588} INFO - Filling up the DagBag from /home/airflow/.local/lib/python3.12/site-packages/airflow/example_dags/example_sla_dag.py
[2025-02-19T21:57:41.937+0000] {processor.py:925} INFO - DAG(s) 'example_sla_dag' retrieved from /home/airflow/.local/lib/python3.12/site-packages/airflow/example_dags/example_sla_dag.py
[2025-02-19T21:57:41.947+0000] {logging_mixin.py:190} INFO - [2025-02-19T21:57:41.947+0000] {dag.py:3239} INFO - Sync 1 DAGs
[2025-02-19T21:57:41.962+0000] {logging_mixin.py:190} INFO - [2025-02-19T21:57:41.962+0000] {dag.py:4180} INFO - Setting next_dagrun for example_sla_dag to 2025-02-19 21:54:00+00:00, run_after=2025-02-19 21:56:00+00:00
[2025-02-19T21:57:41.970+0000] {processor.py:208} INFO - Processing /home/airflow/.local/lib/python3.12/site-packages/airflow/example_dags/example_sla_dag.py took 0.045 seconds
[2025-02-19T21:59:17.606+0000] {processor.py:186} INFO - Started process (PID=4683) to work on /home/airflow/.local/lib/python3.12/site-packages/airflow/example_dags/example_sla_dag.py
[2025-02-19T21:59:17.607+0000] {processor.py:914} INFO - Processing file /home/airflow/.local/lib/python3.12/site-packages/airflow/example_dags/example_sla_dag.py for tasks to queue
[2025-02-19T21:59:17.609+0000] {logging_mixin.py:190} INFO - [2025-02-19T21:59:17.609+0000] {dagbag.py:588} INFO - Filling up the DagBag from /home/airflow/.local/lib/python3.12/site-packages/airflow/example_dags/example_sla_dag.py
[2025-02-19T21:59:17.615+0000] {processor.py:925} INFO - DAG(s) 'example_sla_dag' retrieved from /home/airflow/.local/lib/python3.12/site-packages/airflow/example_dags/example_sla_dag.py
[2025-02-19T21:59:17.628+0000] {logging_mixin.py:190} INFO - [2025-02-19T21:59:17.628+0000] {dag.py:3239} INFO - Sync 1 DAGs
[2025-02-19T21:59:17.639+0000] {logging_mixin.py:190} INFO - [2025-02-19T21:59:17.639+0000] {dag.py:4180} INFO - Setting next_dagrun for example_sla_dag to 2025-02-19 21:56:00+00:00, run_after=2025-02-19 21:58:00+00:00
[2025-02-19T21:59:17.647+0000] {processor.py:208} INFO - Processing /home/airflow/.local/lib/python3.12/site-packages/airflow/example_dags/example_sla_dag.py took 0.043 seconds
[2025-02-19T22:00:04.025+0000] {processor.py:186} INFO - Started process (PID=4745) to work on /home/airflow/.local/lib/python3.12/site-packages/airflow/example_dags/example_sla_dag.py
[2025-02-19T22:00:04.026+0000] {processor.py:914} INFO - Processing file /home/airflow/.local/lib/python3.12/site-packages/airflow/example_dags/example_sla_dag.py for tasks to queue
[2025-02-19T22:00:04.027+0000] {logging_mixin.py:190} INFO - [2025-02-19T22:00:04.027+0000] {dagbag.py:588} INFO - Filling up the DagBag from /home/airflow/.local/lib/python3.12/site-packages/airflow/example_dags/example_sla_dag.py
[2025-02-19T22:00:04.032+0000] {processor.py:925} INFO - DAG(s) 'example_sla_dag' retrieved from /home/airflow/.local/lib/python3.12/site-packages/airflow/example_dags/example_sla_dag.py
[2025-02-19T22:00:04.045+0000] {logging_mixin.py:190} INFO - [2025-02-19T22:00:04.045+0000] {dag.py:3239} INFO - Sync 1 DAGs
[2025-02-19T22:00:04.059+0000] {logging_mixin.py:190} INFO - [2025-02-19T22:00:04.059+0000] {dag.py:4180} INFO - Setting next_dagrun for example_sla_dag to 2025-02-19 21:58:00+00:00, run_after=2025-02-19 22:00:00+00:00
[2025-02-19T22:00:04.067+0000] {processor.py:208} INFO - Processing /home/airflow/.local/lib/python3.12/site-packages/airflow/example_dags/example_sla_dag.py took 0.046 seconds
[2025-02-19T22:00:34.617+0000] {processor.py:186} INFO - Started process (PID=4807) to work on /home/airflow/.local/lib/python3.12/site-packages/airflow/example_dags/example_sla_dag.py
[2025-02-19T22:00:34.618+0000] {processor.py:914} INFO - Processing file /home/airflow/.local/lib/python3.12/site-packages/airflow/example_dags/example_sla_dag.py for tasks to queue
[2025-02-19T22:00:34.619+0000] {logging_mixin.py:190} INFO - [2025-02-19T22:00:34.619+0000] {dagbag.py:588} INFO - Filling up the DagBag from /home/airflow/.local/lib/python3.12/site-packages/airflow/example_dags/example_sla_dag.py
[2025-02-19T22:00:34.624+0000] {processor.py:925} INFO - DAG(s) 'example_sla_dag' retrieved from /home/airflow/.local/lib/python3.12/site-packages/airflow/example_dags/example_sla_dag.py
[2025-02-19T22:00:34.634+0000] {logging_mixin.py:190} INFO - [2025-02-19T22:00:34.634+0000] {dag.py:3239} INFO - Sync 1 DAGs
[2025-02-19T22:00:34.646+0000] {logging_mixin.py:190} INFO - [2025-02-19T22:00:34.646+0000] {dag.py:4180} INFO - Setting next_dagrun for example_sla_dag to 2025-02-19 21:58:00+00:00, run_after=2025-02-19 22:00:00+00:00
[2025-02-19T22:00:34.654+0000] {processor.py:208} INFO - Processing /home/airflow/.local/lib/python3.12/site-packages/airflow/example_dags/example_sla_dag.py took 0.040 seconds
[2025-02-19T22:01:05.821+0000] {processor.py:186} INFO - Started process (PID=4868) to work on /home/airflow/.local/lib/python3.12/site-packages/airflow/example_dags/example_sla_dag.py
[2025-02-19T22:01:05.822+0000] {processor.py:914} INFO - Processing file /home/airflow/.local/lib/python3.12/site-packages/airflow/example_dags/example_sla_dag.py for tasks to queue
[2025-02-19T22:01:05.824+0000] {logging_mixin.py:190} INFO - [2025-02-19T22:01:05.823+0000] {dagbag.py:588} INFO - Filling up the DagBag from /home/airflow/.local/lib/python3.12/site-packages/airflow/example_dags/example_sla_dag.py
[2025-02-19T22:01:05.830+0000] {processor.py:925} INFO - DAG(s) 'example_sla_dag' retrieved from /home/airflow/.local/lib/python3.12/site-packages/airflow/example_dags/example_sla_dag.py
[2025-02-19T22:01:05.842+0000] {logging_mixin.py:190} INFO - [2025-02-19T22:01:05.842+0000] {dag.py:3239} INFO - Sync 1 DAGs
[2025-02-19T22:01:05.855+0000] {logging_mixin.py:190} INFO - [2025-02-19T22:01:05.855+0000] {dag.py:4180} INFO - Setting next_dagrun for example_sla_dag to 2025-02-19 21:58:00+00:00, run_after=2025-02-19 22:00:00+00:00
[2025-02-19T22:01:05.864+0000] {processor.py:208} INFO - Processing /home/airflow/.local/lib/python3.12/site-packages/airflow/example_dags/example_sla_dag.py took 0.048 seconds
[2025-02-19T22:01:36.854+0000] {processor.py:186} INFO - Started process (PID=4930) to work on /home/airflow/.local/lib/python3.12/site-packages/airflow/example_dags/example_sla_dag.py
[2025-02-19T22:01:36.855+0000] {processor.py:914} INFO - Processing file /home/airflow/.local/lib/python3.12/site-packages/airflow/example_dags/example_sla_dag.py for tasks to queue
[2025-02-19T22:01:36.856+0000] {logging_mixin.py:190} INFO - [2025-02-19T22:01:36.856+0000] {dagbag.py:588} INFO - Filling up the DagBag from /home/airflow/.local/lib/python3.12/site-packages/airflow/example_dags/example_sla_dag.py
[2025-02-19T22:01:36.861+0000] {processor.py:925} INFO - DAG(s) 'example_sla_dag' retrieved from /home/airflow/.local/lib/python3.12/site-packages/airflow/example_dags/example_sla_dag.py
[2025-02-19T22:01:36.872+0000] {logging_mixin.py:190} INFO - [2025-02-19T22:01:36.872+0000] {dag.py:3239} INFO - Sync 1 DAGs
[2025-02-19T22:01:36.885+0000] {logging_mixin.py:190} INFO - [2025-02-19T22:01:36.885+0000] {dag.py:4180} INFO - Setting next_dagrun for example_sla_dag to 2025-02-19 21:58:00+00:00, run_after=2025-02-19 22:00:00+00:00
[2025-02-19T22:01:36.897+0000] {processor.py:208} INFO - Processing /home/airflow/.local/lib/python3.12/site-packages/airflow/example_dags/example_sla_dag.py took 0.048 seconds
[2025-02-19T22:02:07.687+0000] {processor.py:186} INFO - Started process (PID=4992) to work on /home/airflow/.local/lib/python3.12/site-packages/airflow/example_dags/example_sla_dag.py
[2025-02-19T22:02:07.688+0000] {processor.py:914} INFO - Processing file /home/airflow/.local/lib/python3.12/site-packages/airflow/example_dags/example_sla_dag.py for tasks to queue
[2025-02-19T22:02:07.689+0000] {logging_mixin.py:190} INFO - [2025-02-19T22:02:07.689+0000] {dagbag.py:588} INFO - Filling up the DagBag from /home/airflow/.local/lib/python3.12/site-packages/airflow/example_dags/example_sla_dag.py
[2025-02-19T22:02:07.694+0000] {processor.py:925} INFO - DAG(s) 'example_sla_dag' retrieved from /home/airflow/.local/lib/python3.12/site-packages/airflow/example_dags/example_sla_dag.py
[2025-02-19T22:02:07.704+0000] {logging_mixin.py:190} INFO - [2025-02-19T22:02:07.703+0000] {dag.py:3239} INFO - Sync 1 DAGs
[2025-02-19T22:02:07.715+0000] {logging_mixin.py:190} INFO - [2025-02-19T22:02:07.715+0000] {dag.py:4180} INFO - Setting next_dagrun for example_sla_dag to 2025-02-19 22:00:00+00:00, run_after=2025-02-19 22:02:00+00:00
[2025-02-19T22:02:07.723+0000] {processor.py:208} INFO - Processing /home/airflow/.local/lib/python3.12/site-packages/airflow/example_dags/example_sla_dag.py took 0.038 seconds
[2025-02-19T22:02:39.782+0000] {processor.py:186} INFO - Started process (PID=5054) to work on /home/airflow/.local/lib/python3.12/site-packages/airflow/example_dags/example_sla_dag.py
[2025-02-19T22:02:39.783+0000] {processor.py:914} INFO - Processing file /home/airflow/.local/lib/python3.12/site-packages/airflow/example_dags/example_sla_dag.py for tasks to queue
[2025-02-19T22:02:39.784+0000] {logging_mixin.py:190} INFO - [2025-02-19T22:02:39.784+0000] {dagbag.py:588} INFO - Filling up the DagBag from /home/airflow/.local/lib/python3.12/site-packages/airflow/example_dags/example_sla_dag.py
[2025-02-19T22:02:39.789+0000] {processor.py:925} INFO - DAG(s) 'example_sla_dag' retrieved from /home/airflow/.local/lib/python3.12/site-packages/airflow/example_dags/example_sla_dag.py
[2025-02-19T22:02:39.798+0000] {logging_mixin.py:190} INFO - [2025-02-19T22:02:39.798+0000] {dag.py:3239} INFO - Sync 1 DAGs
[2025-02-19T22:02:39.809+0000] {logging_mixin.py:190} INFO - [2025-02-19T22:02:39.809+0000] {dag.py:4180} INFO - Setting next_dagrun for example_sla_dag to 2025-02-19 22:00:00+00:00, run_after=2025-02-19 22:02:00+00:00
[2025-02-19T22:02:39.817+0000] {processor.py:208} INFO - Processing /home/airflow/.local/lib/python3.12/site-packages/airflow/example_dags/example_sla_dag.py took 0.038 seconds
[2025-02-19T22:03:11.171+0000] {processor.py:186} INFO - Started process (PID=5116) to work on /home/airflow/.local/lib/python3.12/site-packages/airflow/example_dags/example_sla_dag.py
[2025-02-19T22:03:11.172+0000] {processor.py:914} INFO - Processing file /home/airflow/.local/lib/python3.12/site-packages/airflow/example_dags/example_sla_dag.py for tasks to queue
[2025-02-19T22:03:11.174+0000] {logging_mixin.py:190} INFO - [2025-02-19T22:03:11.174+0000] {dagbag.py:588} INFO - Filling up the DagBag from /home/airflow/.local/lib/python3.12/site-packages/airflow/example_dags/example_sla_dag.py
[2025-02-19T22:03:11.180+0000] {processor.py:925} INFO - DAG(s) 'example_sla_dag' retrieved from /home/airflow/.local/lib/python3.12/site-packages/airflow/example_dags/example_sla_dag.py
[2025-02-19T22:03:11.193+0000] {logging_mixin.py:190} INFO - [2025-02-19T22:03:11.192+0000] {dag.py:3239} INFO - Sync 1 DAGs
[2025-02-19T22:03:11.206+0000] {logging_mixin.py:190} INFO - [2025-02-19T22:03:11.206+0000] {dag.py:4180} INFO - Setting next_dagrun for example_sla_dag to 2025-02-19 22:00:00+00:00, run_after=2025-02-19 22:02:00+00:00
[2025-02-19T22:03:11.214+0000] {processor.py:208} INFO - Processing /home/airflow/.local/lib/python3.12/site-packages/airflow/example_dags/example_sla_dag.py took 0.048 seconds
[2025-02-19T22:03:42.255+0000] {processor.py:186} INFO - Started process (PID=5178) to work on /home/airflow/.local/lib/python3.12/site-packages/airflow/example_dags/example_sla_dag.py
[2025-02-19T22:03:42.256+0000] {processor.py:914} INFO - Processing file /home/airflow/.local/lib/python3.12/site-packages/airflow/example_dags/example_sla_dag.py for tasks to queue
[2025-02-19T22:03:42.258+0000] {logging_mixin.py:190} INFO - [2025-02-19T22:03:42.257+0000] {dagbag.py:588} INFO - Filling up the DagBag from /home/airflow/.local/lib/python3.12/site-packages/airflow/example_dags/example_sla_dag.py
[2025-02-19T22:03:42.269+0000] {processor.py:925} INFO - DAG(s) 'example_sla_dag' retrieved from /home/airflow/.local/lib/python3.12/site-packages/airflow/example_dags/example_sla_dag.py
[2025-02-19T22:03:42.288+0000] {logging_mixin.py:190} INFO - [2025-02-19T22:03:42.287+0000] {dag.py:3239} INFO - Sync 1 DAGs
[2025-02-19T22:03:42.308+0000] {logging_mixin.py:190} INFO - [2025-02-19T22:03:42.308+0000] {dag.py:4180} INFO - Setting next_dagrun for example_sla_dag to 2025-02-19 22:00:00+00:00, run_after=2025-02-19 22:02:00+00:00
[2025-02-19T22:03:42.320+0000] {processor.py:208} INFO - Processing /home/airflow/.local/lib/python3.12/site-packages/airflow/example_dags/example_sla_dag.py took 0.070 seconds
[2025-02-19T22:04:13.080+0000] {processor.py:186} INFO - Started process (PID=5239) to work on /home/airflow/.local/lib/python3.12/site-packages/airflow/example_dags/example_sla_dag.py
[2025-02-19T22:04:13.082+0000] {processor.py:914} INFO - Processing file /home/airflow/.local/lib/python3.12/site-packages/airflow/example_dags/example_sla_dag.py for tasks to queue
[2025-02-19T22:04:13.083+0000] {logging_mixin.py:190} INFO - [2025-02-19T22:04:13.083+0000] {dagbag.py:588} INFO - Filling up the DagBag from /home/airflow/.local/lib/python3.12/site-packages/airflow/example_dags/example_sla_dag.py
[2025-02-19T22:04:13.091+0000] {processor.py:925} INFO - DAG(s) 'example_sla_dag' retrieved from /home/airflow/.local/lib/python3.12/site-packages/airflow/example_dags/example_sla_dag.py
[2025-02-19T22:04:13.103+0000] {logging_mixin.py:190} INFO - [2025-02-19T22:04:13.102+0000] {dag.py:3239} INFO - Sync 1 DAGs
[2025-02-19T22:04:13.122+0000] {logging_mixin.py:190} INFO - [2025-02-19T22:04:13.122+0000] {dag.py:4180} INFO - Setting next_dagrun for example_sla_dag to 2025-02-19 22:02:00+00:00, run_after=2025-02-19 22:04:00+00:00
[2025-02-19T22:04:13.136+0000] {processor.py:208} INFO - Processing /home/airflow/.local/lib/python3.12/site-packages/airflow/example_dags/example_sla_dag.py took 0.065 seconds
[2025-02-19T22:05:01.784+0000] {processor.py:186} INFO - Started process (PID=5302) to work on /home/airflow/.local/lib/python3.12/site-packages/airflow/example_dags/example_sla_dag.py
[2025-02-19T22:05:01.785+0000] {processor.py:914} INFO - Processing file /home/airflow/.local/lib/python3.12/site-packages/airflow/example_dags/example_sla_dag.py for tasks to queue
[2025-02-19T22:05:01.786+0000] {logging_mixin.py:190} INFO - [2025-02-19T22:05:01.786+0000] {dagbag.py:588} INFO - Filling up the DagBag from /home/airflow/.local/lib/python3.12/site-packages/airflow/example_dags/example_sla_dag.py
[2025-02-19T22:05:01.792+0000] {processor.py:925} INFO - DAG(s) 'example_sla_dag' retrieved from /home/airflow/.local/lib/python3.12/site-packages/airflow/example_dags/example_sla_dag.py
[2025-02-19T22:05:01.802+0000] {logging_mixin.py:190} INFO - [2025-02-19T22:05:01.801+0000] {dag.py:3239} INFO - Sync 1 DAGs
[2025-02-19T22:05:01.813+0000] {logging_mixin.py:190} INFO - [2025-02-19T22:05:01.813+0000] {dag.py:4180} INFO - Setting next_dagrun for example_sla_dag to 2025-02-19 22:02:00+00:00, run_after=2025-02-19 22:04:00+00:00
[2025-02-19T22:05:01.822+0000] {processor.py:208} INFO - Processing /home/airflow/.local/lib/python3.12/site-packages/airflow/example_dags/example_sla_dag.py took 0.041 seconds
[2025-02-19T22:05:33.409+0000] {processor.py:186} INFO - Started process (PID=5364) to work on /home/airflow/.local/lib/python3.12/site-packages/airflow/example_dags/example_sla_dag.py
[2025-02-19T22:05:33.410+0000] {processor.py:914} INFO - Processing file /home/airflow/.local/lib/python3.12/site-packages/airflow/example_dags/example_sla_dag.py for tasks to queue
[2025-02-19T22:05:33.411+0000] {logging_mixin.py:190} INFO - [2025-02-19T22:05:33.411+0000] {dagbag.py:588} INFO - Filling up the DagBag from /home/airflow/.local/lib/python3.12/site-packages/airflow/example_dags/example_sla_dag.py
[2025-02-19T22:05:33.418+0000] {processor.py:925} INFO - DAG(s) 'example_sla_dag' retrieved from /home/airflow/.local/lib/python3.12/site-packages/airflow/example_dags/example_sla_dag.py
[2025-02-19T22:05:33.434+0000] {logging_mixin.py:190} INFO - [2025-02-19T22:05:33.433+0000] {dag.py:3239} INFO - Sync 1 DAGs
[2025-02-19T22:05:33.453+0000] {logging_mixin.py:190} INFO - [2025-02-19T22:05:33.453+0000] {dag.py:4180} INFO - Setting next_dagrun for example_sla_dag to 2025-02-19 22:02:00+00:00, run_after=2025-02-19 22:04:00+00:00
[2025-02-19T22:05:33.468+0000] {processor.py:208} INFO - Processing /home/airflow/.local/lib/python3.12/site-packages/airflow/example_dags/example_sla_dag.py took 0.062 seconds
[2025-02-19T22:06:04.046+0000] {processor.py:186} INFO - Started process (PID=5426) to work on /home/airflow/.local/lib/python3.12/site-packages/airflow/example_dags/example_sla_dag.py
[2025-02-19T22:06:04.047+0000] {processor.py:914} INFO - Processing file /home/airflow/.local/lib/python3.12/site-packages/airflow/example_dags/example_sla_dag.py for tasks to queue
[2025-02-19T22:06:04.048+0000] {logging_mixin.py:190} INFO - [2025-02-19T22:06:04.048+0000] {dagbag.py:588} INFO - Filling up the DagBag from /home/airflow/.local/lib/python3.12/site-packages/airflow/example_dags/example_sla_dag.py
[2025-02-19T22:06:04.053+0000] {processor.py:925} INFO - DAG(s) 'example_sla_dag' retrieved from /home/airflow/.local/lib/python3.12/site-packages/airflow/example_dags/example_sla_dag.py
[2025-02-19T22:06:04.063+0000] {logging_mixin.py:190} INFO - [2025-02-19T22:06:04.063+0000] {dag.py:3239} INFO - Sync 1 DAGs
[2025-02-19T22:06:04.074+0000] {logging_mixin.py:190} INFO - [2025-02-19T22:06:04.074+0000] {dag.py:4180} INFO - Setting next_dagrun for example_sla_dag to 2025-02-19 22:04:00+00:00, run_after=2025-02-19 22:06:00+00:00
[2025-02-19T22:06:04.088+0000] {processor.py:208} INFO - Processing /home/airflow/.local/lib/python3.12/site-packages/airflow/example_dags/example_sla_dag.py took 0.050 seconds
[2025-02-19T22:06:35.379+0000] {processor.py:186} INFO - Started process (PID=5488) to work on /home/airflow/.local/lib/python3.12/site-packages/airflow/example_dags/example_sla_dag.py
[2025-02-19T22:06:35.379+0000] {processor.py:914} INFO - Processing file /home/airflow/.local/lib/python3.12/site-packages/airflow/example_dags/example_sla_dag.py for tasks to queue
[2025-02-19T22:06:35.381+0000] {logging_mixin.py:190} INFO - [2025-02-19T22:06:35.380+0000] {dagbag.py:588} INFO - Filling up the DagBag from /home/airflow/.local/lib/python3.12/site-packages/airflow/example_dags/example_sla_dag.py
[2025-02-19T22:06:35.388+0000] {processor.py:925} INFO - DAG(s) 'example_sla_dag' retrieved from /home/airflow/.local/lib/python3.12/site-packages/airflow/example_dags/example_sla_dag.py
[2025-02-19T22:06:35.402+0000] {logging_mixin.py:190} INFO - [2025-02-19T22:06:35.402+0000] {dag.py:3239} INFO - Sync 1 DAGs
[2025-02-19T22:06:35.416+0000] {logging_mixin.py:190} INFO - [2025-02-19T22:06:35.416+0000] {dag.py:4180} INFO - Setting next_dagrun for example_sla_dag to 2025-02-19 22:04:00+00:00, run_after=2025-02-19 22:06:00+00:00
[2025-02-19T22:06:35.432+0000] {processor.py:208} INFO - Processing /home/airflow/.local/lib/python3.12/site-packages/airflow/example_dags/example_sla_dag.py took 0.058 seconds
[2025-02-19T22:07:07.231+0000] {processor.py:186} INFO - Started process (PID=5550) to work on /home/airflow/.local/lib/python3.12/site-packages/airflow/example_dags/example_sla_dag.py
[2025-02-19T22:07:07.234+0000] {processor.py:914} INFO - Processing file /home/airflow/.local/lib/python3.12/site-packages/airflow/example_dags/example_sla_dag.py for tasks to queue
[2025-02-19T22:07:07.235+0000] {logging_mixin.py:190} INFO - [2025-02-19T22:07:07.235+0000] {dagbag.py:588} INFO - Filling up the DagBag from /home/airflow/.local/lib/python3.12/site-packages/airflow/example_dags/example_sla_dag.py
[2025-02-19T22:07:07.240+0000] {processor.py:925} INFO - DAG(s) 'example_sla_dag' retrieved from /home/airflow/.local/lib/python3.12/site-packages/airflow/example_dags/example_sla_dag.py
[2025-02-19T22:07:07.251+0000] {logging_mixin.py:190} INFO - [2025-02-19T22:07:07.251+0000] {dag.py:3239} INFO - Sync 1 DAGs
[2025-02-19T22:07:07.265+0000] {logging_mixin.py:190} INFO - [2025-02-19T22:07:07.264+0000] {dag.py:4180} INFO - Setting next_dagrun for example_sla_dag to 2025-02-19 22:04:00+00:00, run_after=2025-02-19 22:06:00+00:00
[2025-02-19T22:07:07.277+0000] {processor.py:208} INFO - Processing /home/airflow/.local/lib/python3.12/site-packages/airflow/example_dags/example_sla_dag.py took 0.050 seconds
[2025-02-19T22:07:38.527+0000] {processor.py:186} INFO - Started process (PID=5612) to work on /home/airflow/.local/lib/python3.12/site-packages/airflow/example_dags/example_sla_dag.py
[2025-02-19T22:07:38.528+0000] {processor.py:914} INFO - Processing file /home/airflow/.local/lib/python3.12/site-packages/airflow/example_dags/example_sla_dag.py for tasks to queue
[2025-02-19T22:07:38.530+0000] {logging_mixin.py:190} INFO - [2025-02-19T22:07:38.530+0000] {dagbag.py:588} INFO - Filling up the DagBag from /home/airflow/.local/lib/python3.12/site-packages/airflow/example_dags/example_sla_dag.py
[2025-02-19T22:07:38.537+0000] {processor.py:925} INFO - DAG(s) 'example_sla_dag' retrieved from /home/airflow/.local/lib/python3.12/site-packages/airflow/example_dags/example_sla_dag.py
[2025-02-19T22:07:38.550+0000] {logging_mixin.py:190} INFO - [2025-02-19T22:07:38.550+0000] {dag.py:3239} INFO - Sync 1 DAGs
[2025-02-19T22:07:38.561+0000] {logging_mixin.py:190} INFO - [2025-02-19T22:07:38.561+0000] {dag.py:4180} INFO - Setting next_dagrun for example_sla_dag to 2025-02-19 22:04:00+00:00, run_after=2025-02-19 22:06:00+00:00
[2025-02-19T22:07:38.574+0000] {processor.py:208} INFO - Processing /home/airflow/.local/lib/python3.12/site-packages/airflow/example_dags/example_sla_dag.py took 0.050 seconds
[2025-02-19T22:08:10.136+0000] {processor.py:186} INFO - Started process (PID=5674) to work on /home/airflow/.local/lib/python3.12/site-packages/airflow/example_dags/example_sla_dag.py
[2025-02-19T22:08:10.137+0000] {processor.py:914} INFO - Processing file /home/airflow/.local/lib/python3.12/site-packages/airflow/example_dags/example_sla_dag.py for tasks to queue
[2025-02-19T22:08:10.139+0000] {logging_mixin.py:190} INFO - [2025-02-19T22:08:10.138+0000] {dagbag.py:588} INFO - Filling up the DagBag from /home/airflow/.local/lib/python3.12/site-packages/airflow/example_dags/example_sla_dag.py
[2025-02-19T22:08:10.144+0000] {processor.py:925} INFO - DAG(s) 'example_sla_dag' retrieved from /home/airflow/.local/lib/python3.12/site-packages/airflow/example_dags/example_sla_dag.py
[2025-02-19T22:08:10.154+0000] {logging_mixin.py:190} INFO - [2025-02-19T22:08:10.154+0000] {dag.py:3239} INFO - Sync 1 DAGs
[2025-02-19T22:08:10.165+0000] {logging_mixin.py:190} INFO - [2025-02-19T22:08:10.165+0000] {dag.py:4180} INFO - Setting next_dagrun for example_sla_dag to 2025-02-19 22:06:00+00:00, run_after=2025-02-19 22:08:00+00:00
[2025-02-19T22:08:10.174+0000] {processor.py:208} INFO - Processing /home/airflow/.local/lib/python3.12/site-packages/airflow/example_dags/example_sla_dag.py took 0.042 seconds
[2025-02-19T22:08:41.454+0000] {processor.py:186} INFO - Started process (PID=5736) to work on /home/airflow/.local/lib/python3.12/site-packages/airflow/example_dags/example_sla_dag.py
[2025-02-19T22:08:41.455+0000] {processor.py:914} INFO - Processing file /home/airflow/.local/lib/python3.12/site-packages/airflow/example_dags/example_sla_dag.py for tasks to queue
[2025-02-19T22:08:41.456+0000] {logging_mixin.py:190} INFO - [2025-02-19T22:08:41.456+0000] {dagbag.py:588} INFO - Filling up the DagBag from /home/airflow/.local/lib/python3.12/site-packages/airflow/example_dags/example_sla_dag.py
[2025-02-19T22:08:41.461+0000] {processor.py:925} INFO - DAG(s) 'example_sla_dag' retrieved from /home/airflow/.local/lib/python3.12/site-packages/airflow/example_dags/example_sla_dag.py
[2025-02-19T22:08:41.470+0000] {logging_mixin.py:190} INFO - [2025-02-19T22:08:41.470+0000] {dag.py:3239} INFO - Sync 1 DAGs
[2025-02-19T22:08:41.481+0000] {logging_mixin.py:190} INFO - [2025-02-19T22:08:41.481+0000] {dag.py:4180} INFO - Setting next_dagrun for example_sla_dag to 2025-02-19 22:06:00+00:00, run_after=2025-02-19 22:08:00+00:00
[2025-02-19T22:08:41.494+0000] {processor.py:208} INFO - Processing /home/airflow/.local/lib/python3.12/site-packages/airflow/example_dags/example_sla_dag.py took 0.043 seconds
[2025-02-19T22:09:12.928+0000] {processor.py:186} INFO - Started process (PID=5798) to work on /home/airflow/.local/lib/python3.12/site-packages/airflow/example_dags/example_sla_dag.py
[2025-02-19T22:09:12.929+0000] {processor.py:914} INFO - Processing file /home/airflow/.local/lib/python3.12/site-packages/airflow/example_dags/example_sla_dag.py for tasks to queue
[2025-02-19T22:09:12.930+0000] {logging_mixin.py:190} INFO - [2025-02-19T22:09:12.930+0000] {dagbag.py:588} INFO - Filling up the DagBag from /home/airflow/.local/lib/python3.12/site-packages/airflow/example_dags/example_sla_dag.py
[2025-02-19T22:09:12.936+0000] {processor.py:925} INFO - DAG(s) 'example_sla_dag' retrieved from /home/airflow/.local/lib/python3.12/site-packages/airflow/example_dags/example_sla_dag.py
[2025-02-19T22:09:12.950+0000] {logging_mixin.py:190} INFO - [2025-02-19T22:09:12.950+0000] {dag.py:3239} INFO - Sync 1 DAGs
[2025-02-19T22:09:12.964+0000] {logging_mixin.py:190} INFO - [2025-02-19T22:09:12.964+0000] {dag.py:4180} INFO - Setting next_dagrun for example_sla_dag to 2025-02-19 22:06:00+00:00, run_after=2025-02-19 22:08:00+00:00
[2025-02-19T22:09:12.977+0000] {processor.py:208} INFO - Processing /home/airflow/.local/lib/python3.12/site-packages/airflow/example_dags/example_sla_dag.py took 0.057 seconds
[2025-02-19T22:10:22.365+0000] {processor.py:186} INFO - Started process (PID=5860) to work on /home/airflow/.local/lib/python3.12/site-packages/airflow/example_dags/example_sla_dag.py
[2025-02-19T22:10:22.366+0000] {processor.py:914} INFO - Processing file /home/airflow/.local/lib/python3.12/site-packages/airflow/example_dags/example_sla_dag.py for tasks to queue
[2025-02-19T22:10:22.367+0000] {logging_mixin.py:190} INFO - [2025-02-19T22:10:22.366+0000] {dagbag.py:588} INFO - Filling up the DagBag from /home/airflow/.local/lib/python3.12/site-packages/airflow/example_dags/example_sla_dag.py
[2025-02-19T22:10:22.372+0000] {processor.py:925} INFO - DAG(s) 'example_sla_dag' retrieved from /home/airflow/.local/lib/python3.12/site-packages/airflow/example_dags/example_sla_dag.py
[2025-02-19T22:10:22.382+0000] {logging_mixin.py:190} INFO - [2025-02-19T22:10:22.382+0000] {dag.py:3239} INFO - Sync 1 DAGs
[2025-02-19T22:10:22.393+0000] {logging_mixin.py:190} INFO - [2025-02-19T22:10:22.393+0000] {dag.py:4180} INFO - Setting next_dagrun for example_sla_dag to 2025-02-19 22:08:00+00:00, run_after=2025-02-19 22:10:00+00:00
[2025-02-19T22:10:22.401+0000] {processor.py:208} INFO - Processing /home/airflow/.local/lib/python3.12/site-packages/airflow/example_dags/example_sla_dag.py took 0.040 seconds
[2025-02-19T22:10:53.177+0000] {processor.py:186} INFO - Started process (PID=5922) to work on /home/airflow/.local/lib/python3.12/site-packages/airflow/example_dags/example_sla_dag.py
[2025-02-19T22:10:53.178+0000] {processor.py:914} INFO - Processing file /home/airflow/.local/lib/python3.12/site-packages/airflow/example_dags/example_sla_dag.py for tasks to queue
[2025-02-19T22:10:53.181+0000] {logging_mixin.py:190} INFO - [2025-02-19T22:10:53.181+0000] {dagbag.py:588} INFO - Filling up the DagBag from /home/airflow/.local/lib/python3.12/site-packages/airflow/example_dags/example_sla_dag.py
[2025-02-19T22:10:53.186+0000] {processor.py:925} INFO - DAG(s) 'example_sla_dag' retrieved from /home/airflow/.local/lib/python3.12/site-packages/airflow/example_dags/example_sla_dag.py
[2025-02-19T22:10:53.202+0000] {logging_mixin.py:190} INFO - [2025-02-19T22:10:53.201+0000] {dag.py:3239} INFO - Sync 1 DAGs
[2025-02-19T22:10:53.214+0000] {logging_mixin.py:190} INFO - [2025-02-19T22:10:53.213+0000] {dag.py:4180} INFO - Setting next_dagrun for example_sla_dag to 2025-02-19 22:08:00+00:00, run_after=2025-02-19 22:10:00+00:00
[2025-02-19T22:10:53.222+0000] {processor.py:208} INFO - Processing /home/airflow/.local/lib/python3.12/site-packages/airflow/example_dags/example_sla_dag.py took 0.048 seconds
[2025-02-19T22:11:24.217+0000] {processor.py:186} INFO - Started process (PID=5984) to work on /home/airflow/.local/lib/python3.12/site-packages/airflow/example_dags/example_sla_dag.py
[2025-02-19T22:11:24.219+0000] {processor.py:914} INFO - Processing file /home/airflow/.local/lib/python3.12/site-packages/airflow/example_dags/example_sla_dag.py for tasks to queue
[2025-02-19T22:11:24.221+0000] {logging_mixin.py:190} INFO - [2025-02-19T22:11:24.221+0000] {dagbag.py:588} INFO - Filling up the DagBag from /home/airflow/.local/lib/python3.12/site-packages/airflow/example_dags/example_sla_dag.py
[2025-02-19T22:11:24.233+0000] {processor.py:925} INFO - DAG(s) 'example_sla_dag' retrieved from /home/airflow/.local/lib/python3.12/site-packages/airflow/example_dags/example_sla_dag.py
[2025-02-19T22:11:24.252+0000] {logging_mixin.py:190} INFO - [2025-02-19T22:11:24.252+0000] {dag.py:3239} INFO - Sync 1 DAGs
[2025-02-19T22:11:24.268+0000] {logging_mixin.py:190} INFO - [2025-02-19T22:11:24.268+0000] {dag.py:4180} INFO - Setting next_dagrun for example_sla_dag to 2025-02-19 22:08:00+00:00, run_after=2025-02-19 22:10:00+00:00
[2025-02-19T22:11:24.277+0000] {processor.py:208} INFO - Processing /home/airflow/.local/lib/python3.12/site-packages/airflow/example_dags/example_sla_dag.py took 0.065 seconds
[2025-02-19T22:11:55.750+0000] {processor.py:186} INFO - Started process (PID=6046) to work on /home/airflow/.local/lib/python3.12/site-packages/airflow/example_dags/example_sla_dag.py
[2025-02-19T22:11:55.751+0000] {processor.py:914} INFO - Processing file /home/airflow/.local/lib/python3.12/site-packages/airflow/example_dags/example_sla_dag.py for tasks to queue
[2025-02-19T22:11:55.752+0000] {logging_mixin.py:190} INFO - [2025-02-19T22:11:55.752+0000] {dagbag.py:588} INFO - Filling up the DagBag from /home/airflow/.local/lib/python3.12/site-packages/airflow/example_dags/example_sla_dag.py
[2025-02-19T22:11:55.758+0000] {processor.py:925} INFO - DAG(s) 'example_sla_dag' retrieved from /home/airflow/.local/lib/python3.12/site-packages/airflow/example_dags/example_sla_dag.py
[2025-02-19T22:11:55.769+0000] {logging_mixin.py:190} INFO - [2025-02-19T22:11:55.769+0000] {dag.py:3239} INFO - Sync 1 DAGs
[2025-02-19T22:11:55.783+0000] {logging_mixin.py:190} INFO - [2025-02-19T22:11:55.782+0000] {dag.py:4180} INFO - Setting next_dagrun for example_sla_dag to 2025-02-19 22:08:00+00:00, run_after=2025-02-19 22:10:00+00:00
[2025-02-19T22:11:55.790+0000] {processor.py:208} INFO - Processing /home/airflow/.local/lib/python3.12/site-packages/airflow/example_dags/example_sla_dag.py took 0.045 seconds
[2025-02-19T22:12:26.994+0000] {processor.py:186} INFO - Started process (PID=6108) to work on /home/airflow/.local/lib/python3.12/site-packages/airflow/example_dags/example_sla_dag.py
[2025-02-19T22:12:26.995+0000] {processor.py:914} INFO - Processing file /home/airflow/.local/lib/python3.12/site-packages/airflow/example_dags/example_sla_dag.py for tasks to queue
[2025-02-19T22:12:26.998+0000] {logging_mixin.py:190} INFO - [2025-02-19T22:12:26.997+0000] {dagbag.py:588} INFO - Filling up the DagBag from /home/airflow/.local/lib/python3.12/site-packages/airflow/example_dags/example_sla_dag.py
[2025-02-19T22:12:27.011+0000] {processor.py:925} INFO - DAG(s) 'example_sla_dag' retrieved from /home/airflow/.local/lib/python3.12/site-packages/airflow/example_dags/example_sla_dag.py
[2025-02-19T22:12:27.027+0000] {logging_mixin.py:190} INFO - [2025-02-19T22:12:27.027+0000] {dag.py:3239} INFO - Sync 1 DAGs
[2025-02-19T22:12:27.039+0000] {logging_mixin.py:190} INFO - [2025-02-19T22:12:27.039+0000] {dag.py:4180} INFO - Setting next_dagrun for example_sla_dag to 2025-02-19 22:10:00+00:00, run_after=2025-02-19 22:12:00+00:00
[2025-02-19T22:12:27.047+0000] {processor.py:208} INFO - Processing /home/airflow/.local/lib/python3.12/site-packages/airflow/example_dags/example_sla_dag.py took 0.058 seconds
[2025-02-19T22:13:10.939+0000] {processor.py:186} INFO - Started process (PID=6170) to work on /home/airflow/.local/lib/python3.12/site-packages/airflow/example_dags/example_sla_dag.py
[2025-02-19T22:13:10.940+0000] {processor.py:914} INFO - Processing file /home/airflow/.local/lib/python3.12/site-packages/airflow/example_dags/example_sla_dag.py for tasks to queue
[2025-02-19T22:13:10.941+0000] {logging_mixin.py:190} INFO - [2025-02-19T22:13:10.941+0000] {dagbag.py:588} INFO - Filling up the DagBag from /home/airflow/.local/lib/python3.12/site-packages/airflow/example_dags/example_sla_dag.py
[2025-02-19T22:13:10.948+0000] {processor.py:925} INFO - DAG(s) 'example_sla_dag' retrieved from /home/airflow/.local/lib/python3.12/site-packages/airflow/example_dags/example_sla_dag.py
[2025-02-19T22:13:10.962+0000] {logging_mixin.py:190} INFO - [2025-02-19T22:13:10.962+0000] {dag.py:3239} INFO - Sync 1 DAGs
[2025-02-19T22:13:10.976+0000] {logging_mixin.py:190} INFO - [2025-02-19T22:13:10.976+0000] {dag.py:4180} INFO - Setting next_dagrun for example_sla_dag to 2025-02-19 22:10:00+00:00, run_after=2025-02-19 22:12:00+00:00
[2025-02-19T22:13:10.985+0000] {processor.py:208} INFO - Processing /home/airflow/.local/lib/python3.12/site-packages/airflow/example_dags/example_sla_dag.py took 0.052 seconds
[2025-02-19T22:13:42.245+0000] {processor.py:186} INFO - Started process (PID=6232) to work on /home/airflow/.local/lib/python3.12/site-packages/airflow/example_dags/example_sla_dag.py
[2025-02-19T22:13:42.247+0000] {processor.py:914} INFO - Processing file /home/airflow/.local/lib/python3.12/site-packages/airflow/example_dags/example_sla_dag.py for tasks to queue
[2025-02-19T22:13:42.249+0000] {logging_mixin.py:190} INFO - [2025-02-19T22:13:42.249+0000] {dagbag.py:588} INFO - Filling up the DagBag from /home/airflow/.local/lib/python3.12/site-packages/airflow/example_dags/example_sla_dag.py
[2025-02-19T22:13:42.256+0000] {processor.py:925} INFO - DAG(s) 'example_sla_dag' retrieved from /home/airflow/.local/lib/python3.12/site-packages/airflow/example_dags/example_sla_dag.py
[2025-02-19T22:13:42.266+0000] {logging_mixin.py:190} INFO - [2025-02-19T22:13:42.266+0000] {dag.py:3239} INFO - Sync 1 DAGs
[2025-02-19T22:13:42.279+0000] {logging_mixin.py:190} INFO - [2025-02-19T22:13:42.278+0000] {dag.py:4180} INFO - Setting next_dagrun for example_sla_dag to 2025-02-19 22:10:00+00:00, run_after=2025-02-19 22:12:00+00:00
[2025-02-19T22:13:42.296+0000] {processor.py:208} INFO - Processing /home/airflow/.local/lib/python3.12/site-packages/airflow/example_dags/example_sla_dag.py took 0.057 seconds
[2025-02-19T22:14:13.527+0000] {processor.py:186} INFO - Started process (PID=6294) to work on /home/airflow/.local/lib/python3.12/site-packages/airflow/example_dags/example_sla_dag.py
[2025-02-19T22:14:13.528+0000] {processor.py:914} INFO - Processing file /home/airflow/.local/lib/python3.12/site-packages/airflow/example_dags/example_sla_dag.py for tasks to queue
[2025-02-19T22:14:13.529+0000] {logging_mixin.py:190} INFO - [2025-02-19T22:14:13.529+0000] {dagbag.py:588} INFO - Filling up the DagBag from /home/airflow/.local/lib/python3.12/site-packages/airflow/example_dags/example_sla_dag.py
[2025-02-19T22:14:13.534+0000] {processor.py:925} INFO - DAG(s) 'example_sla_dag' retrieved from /home/airflow/.local/lib/python3.12/site-packages/airflow/example_dags/example_sla_dag.py
[2025-02-19T22:14:13.543+0000] {logging_mixin.py:190} INFO - [2025-02-19T22:14:13.543+0000] {dag.py:3239} INFO - Sync 1 DAGs
[2025-02-19T22:14:13.554+0000] {logging_mixin.py:190} INFO - [2025-02-19T22:14:13.554+0000] {dag.py:4180} INFO - Setting next_dagrun for example_sla_dag to 2025-02-19 22:12:00+00:00, run_after=2025-02-19 22:14:00+00:00
[2025-02-19T22:14:13.562+0000] {processor.py:208} INFO - Processing /home/airflow/.local/lib/python3.12/site-packages/airflow/example_dags/example_sla_dag.py took 0.038 seconds
[2025-02-19T22:14:46.444+0000] {processor.py:186} INFO - Started process (PID=6356) to work on /home/airflow/.local/lib/python3.12/site-packages/airflow/example_dags/example_sla_dag.py
[2025-02-19T22:14:46.445+0000] {processor.py:914} INFO - Processing file /home/airflow/.local/lib/python3.12/site-packages/airflow/example_dags/example_sla_dag.py for tasks to queue
[2025-02-19T22:14:46.447+0000] {logging_mixin.py:190} INFO - [2025-02-19T22:14:46.446+0000] {dagbag.py:588} INFO - Filling up the DagBag from /home/airflow/.local/lib/python3.12/site-packages/airflow/example_dags/example_sla_dag.py
[2025-02-19T22:14:46.455+0000] {processor.py:925} INFO - DAG(s) 'example_sla_dag' retrieved from /home/airflow/.local/lib/python3.12/site-packages/airflow/example_dags/example_sla_dag.py
[2025-02-19T22:14:46.466+0000] {logging_mixin.py:190} INFO - [2025-02-19T22:14:46.465+0000] {dag.py:3239} INFO - Sync 1 DAGs
[2025-02-19T22:14:46.477+0000] {logging_mixin.py:190} INFO - [2025-02-19T22:14:46.477+0000] {dag.py:4180} INFO - Setting next_dagrun for example_sla_dag to 2025-02-19 22:12:00+00:00, run_after=2025-02-19 22:14:00+00:00
[2025-02-19T22:14:46.487+0000] {processor.py:208} INFO - Processing /home/airflow/.local/lib/python3.12/site-packages/airflow/example_dags/example_sla_dag.py took 0.047 seconds
[2025-02-19T22:15:23.691+0000] {processor.py:186} INFO - Started process (PID=6418) to work on /home/airflow/.local/lib/python3.12/site-packages/airflow/example_dags/example_sla_dag.py
[2025-02-19T22:15:23.692+0000] {processor.py:914} INFO - Processing file /home/airflow/.local/lib/python3.12/site-packages/airflow/example_dags/example_sla_dag.py for tasks to queue
[2025-02-19T22:15:23.693+0000] {logging_mixin.py:190} INFO - [2025-02-19T22:15:23.693+0000] {dagbag.py:588} INFO - Filling up the DagBag from /home/airflow/.local/lib/python3.12/site-packages/airflow/example_dags/example_sla_dag.py
[2025-02-19T22:15:23.698+0000] {processor.py:925} INFO - DAG(s) 'example_sla_dag' retrieved from /home/airflow/.local/lib/python3.12/site-packages/airflow/example_dags/example_sla_dag.py
[2025-02-19T22:15:23.708+0000] {logging_mixin.py:190} INFO - [2025-02-19T22:15:23.708+0000] {dag.py:3239} INFO - Sync 1 DAGs
[2025-02-19T22:15:23.722+0000] {logging_mixin.py:190} INFO - [2025-02-19T22:15:23.722+0000] {dag.py:4180} INFO - Setting next_dagrun for example_sla_dag to 2025-02-19 22:12:00+00:00, run_after=2025-02-19 22:14:00+00:00
[2025-02-19T22:15:23.731+0000] {processor.py:208} INFO - Processing /home/airflow/.local/lib/python3.12/site-packages/airflow/example_dags/example_sla_dag.py took 0.045 seconds
[2025-02-19T22:15:54.735+0000] {processor.py:186} INFO - Started process (PID=6480) to work on /home/airflow/.local/lib/python3.12/site-packages/airflow/example_dags/example_sla_dag.py
[2025-02-19T22:15:54.736+0000] {processor.py:914} INFO - Processing file /home/airflow/.local/lib/python3.12/site-packages/airflow/example_dags/example_sla_dag.py for tasks to queue
[2025-02-19T22:15:54.737+0000] {logging_mixin.py:190} INFO - [2025-02-19T22:15:54.737+0000] {dagbag.py:588} INFO - Filling up the DagBag from /home/airflow/.local/lib/python3.12/site-packages/airflow/example_dags/example_sla_dag.py
[2025-02-19T22:15:54.743+0000] {processor.py:925} INFO - DAG(s) 'example_sla_dag' retrieved from /home/airflow/.local/lib/python3.12/site-packages/airflow/example_dags/example_sla_dag.py
[2025-02-19T22:15:54.761+0000] {logging_mixin.py:190} INFO - [2025-02-19T22:15:54.760+0000] {dag.py:3239} INFO - Sync 1 DAGs
[2025-02-19T22:15:54.785+0000] {logging_mixin.py:190} INFO - [2025-02-19T22:15:54.784+0000] {dag.py:4180} INFO - Setting next_dagrun for example_sla_dag to 2025-02-19 22:12:00+00:00, run_after=2025-02-19 22:14:00+00:00
[2025-02-19T22:15:54.797+0000] {processor.py:208} INFO - Processing /home/airflow/.local/lib/python3.12/site-packages/airflow/example_dags/example_sla_dag.py took 0.065 seconds
[2025-02-19T22:16:25.717+0000] {processor.py:186} INFO - Started process (PID=6542) to work on /home/airflow/.local/lib/python3.12/site-packages/airflow/example_dags/example_sla_dag.py
[2025-02-19T22:16:25.718+0000] {processor.py:914} INFO - Processing file /home/airflow/.local/lib/python3.12/site-packages/airflow/example_dags/example_sla_dag.py for tasks to queue
[2025-02-19T22:16:25.719+0000] {logging_mixin.py:190} INFO - [2025-02-19T22:16:25.719+0000] {dagbag.py:588} INFO - Filling up the DagBag from /home/airflow/.local/lib/python3.12/site-packages/airflow/example_dags/example_sla_dag.py
[2025-02-19T22:16:25.724+0000] {processor.py:925} INFO - DAG(s) 'example_sla_dag' retrieved from /home/airflow/.local/lib/python3.12/site-packages/airflow/example_dags/example_sla_dag.py
[2025-02-19T22:16:25.734+0000] {logging_mixin.py:190} INFO - [2025-02-19T22:16:25.733+0000] {dag.py:3239} INFO - Sync 1 DAGs
[2025-02-19T22:16:25.747+0000] {logging_mixin.py:190} INFO - [2025-02-19T22:16:25.746+0000] {dag.py:4180} INFO - Setting next_dagrun for example_sla_dag to 2025-02-19 22:14:00+00:00, run_after=2025-02-19 22:16:00+00:00
[2025-02-19T22:16:25.756+0000] {processor.py:208} INFO - Processing /home/airflow/.local/lib/python3.12/site-packages/airflow/example_dags/example_sla_dag.py took 0.042 seconds
[2025-02-19T22:18:37.525+0000] {processor.py:186} INFO - Started process (PID=6604) to work on /home/airflow/.local/lib/python3.12/site-packages/airflow/example_dags/example_sla_dag.py
[2025-02-19T22:18:37.526+0000] {processor.py:914} INFO - Processing file /home/airflow/.local/lib/python3.12/site-packages/airflow/example_dags/example_sla_dag.py for tasks to queue
[2025-02-19T22:18:37.528+0000] {logging_mixin.py:190} INFO - [2025-02-19T22:18:37.528+0000] {dagbag.py:588} INFO - Filling up the DagBag from /home/airflow/.local/lib/python3.12/site-packages/airflow/example_dags/example_sla_dag.py
[2025-02-19T22:18:37.535+0000] {processor.py:925} INFO - DAG(s) 'example_sla_dag' retrieved from /home/airflow/.local/lib/python3.12/site-packages/airflow/example_dags/example_sla_dag.py
[2025-02-19T22:18:37.550+0000] {logging_mixin.py:190} INFO - [2025-02-19T22:18:37.550+0000] {dag.py:3239} INFO - Sync 1 DAGs
[2025-02-19T22:18:37.562+0000] {logging_mixin.py:190} INFO - [2025-02-19T22:18:37.561+0000] {dag.py:4180} INFO - Setting next_dagrun for example_sla_dag to 2025-02-19 22:16:00+00:00, run_after=2025-02-19 22:18:00+00:00
[2025-02-19T22:18:37.570+0000] {processor.py:208} INFO - Processing /home/airflow/.local/lib/python3.12/site-packages/airflow/example_dags/example_sla_dag.py took 0.048 seconds
[2025-02-19T22:19:08.403+0000] {processor.py:186} INFO - Started process (PID=6666) to work on /home/airflow/.local/lib/python3.12/site-packages/airflow/example_dags/example_sla_dag.py
[2025-02-19T22:19:08.404+0000] {processor.py:914} INFO - Processing file /home/airflow/.local/lib/python3.12/site-packages/airflow/example_dags/example_sla_dag.py for tasks to queue
[2025-02-19T22:19:08.405+0000] {logging_mixin.py:190} INFO - [2025-02-19T22:19:08.405+0000] {dagbag.py:588} INFO - Filling up the DagBag from /home/airflow/.local/lib/python3.12/site-packages/airflow/example_dags/example_sla_dag.py
[2025-02-19T22:19:08.410+0000] {processor.py:925} INFO - DAG(s) 'example_sla_dag' retrieved from /home/airflow/.local/lib/python3.12/site-packages/airflow/example_dags/example_sla_dag.py
[2025-02-19T22:19:08.420+0000] {logging_mixin.py:190} INFO - [2025-02-19T22:19:08.420+0000] {dag.py:3239} INFO - Sync 1 DAGs
[2025-02-19T22:19:08.432+0000] {logging_mixin.py:190} INFO - [2025-02-19T22:19:08.432+0000] {dag.py:4180} INFO - Setting next_dagrun for example_sla_dag to 2025-02-19 22:16:00+00:00, run_after=2025-02-19 22:18:00+00:00
[2025-02-19T22:19:08.440+0000] {processor.py:208} INFO - Processing /home/airflow/.local/lib/python3.12/site-packages/airflow/example_dags/example_sla_dag.py took 0.040 seconds
[2025-02-19T22:19:39.964+0000] {processor.py:186} INFO - Started process (PID=6728) to work on /home/airflow/.local/lib/python3.12/site-packages/airflow/example_dags/example_sla_dag.py
[2025-02-19T22:19:39.965+0000] {processor.py:914} INFO - Processing file /home/airflow/.local/lib/python3.12/site-packages/airflow/example_dags/example_sla_dag.py for tasks to queue
[2025-02-19T22:19:39.967+0000] {logging_mixin.py:190} INFO - [2025-02-19T22:19:39.966+0000] {dagbag.py:588} INFO - Filling up the DagBag from /home/airflow/.local/lib/python3.12/site-packages/airflow/example_dags/example_sla_dag.py
[2025-02-19T22:19:39.972+0000] {processor.py:925} INFO - DAG(s) 'example_sla_dag' retrieved from /home/airflow/.local/lib/python3.12/site-packages/airflow/example_dags/example_sla_dag.py
[2025-02-19T22:19:39.984+0000] {logging_mixin.py:190} INFO - [2025-02-19T22:19:39.984+0000] {dag.py:3239} INFO - Sync 1 DAGs
[2025-02-19T22:19:39.996+0000] {logging_mixin.py:190} INFO - [2025-02-19T22:19:39.995+0000] {dag.py:4180} INFO - Setting next_dagrun for example_sla_dag to 2025-02-19 22:16:00+00:00, run_after=2025-02-19 22:18:00+00:00
[2025-02-19T22:19:40.006+0000] {processor.py:208} INFO - Processing /home/airflow/.local/lib/python3.12/site-packages/airflow/example_dags/example_sla_dag.py took 0.045 seconds
[2025-02-19T22:20:10.462+0000] {processor.py:186} INFO - Started process (PID=6790) to work on /home/airflow/.local/lib/python3.12/site-packages/airflow/example_dags/example_sla_dag.py
[2025-02-19T22:20:10.463+0000] {processor.py:914} INFO - Processing file /home/airflow/.local/lib/python3.12/site-packages/airflow/example_dags/example_sla_dag.py for tasks to queue
[2025-02-19T22:20:10.465+0000] {logging_mixin.py:190} INFO - [2025-02-19T22:20:10.464+0000] {dagbag.py:588} INFO - Filling up the DagBag from /home/airflow/.local/lib/python3.12/site-packages/airflow/example_dags/example_sla_dag.py
[2025-02-19T22:20:10.470+0000] {processor.py:925} INFO - DAG(s) 'example_sla_dag' retrieved from /home/airflow/.local/lib/python3.12/site-packages/airflow/example_dags/example_sla_dag.py
[2025-02-19T22:20:10.484+0000] {logging_mixin.py:190} INFO - [2025-02-19T22:20:10.484+0000] {dag.py:3239} INFO - Sync 1 DAGs
[2025-02-19T22:20:10.496+0000] {logging_mixin.py:190} INFO - [2025-02-19T22:20:10.496+0000] {dag.py:4180} INFO - Setting next_dagrun for example_sla_dag to 2025-02-19 22:18:00+00:00, run_after=2025-02-19 22:20:00+00:00
[2025-02-19T22:20:10.504+0000] {processor.py:208} INFO - Processing /home/airflow/.local/lib/python3.12/site-packages/airflow/example_dags/example_sla_dag.py took 0.046 seconds
[2025-02-19T22:20:42.329+0000] {processor.py:186} INFO - Started process (PID=6852) to work on /home/airflow/.local/lib/python3.12/site-packages/airflow/example_dags/example_sla_dag.py
[2025-02-19T22:20:42.330+0000] {processor.py:914} INFO - Processing file /home/airflow/.local/lib/python3.12/site-packages/airflow/example_dags/example_sla_dag.py for tasks to queue
[2025-02-19T22:20:42.331+0000] {logging_mixin.py:190} INFO - [2025-02-19T22:20:42.331+0000] {dagbag.py:588} INFO - Filling up the DagBag from /home/airflow/.local/lib/python3.12/site-packages/airflow/example_dags/example_sla_dag.py
[2025-02-19T22:20:42.336+0000] {processor.py:925} INFO - DAG(s) 'example_sla_dag' retrieved from /home/airflow/.local/lib/python3.12/site-packages/airflow/example_dags/example_sla_dag.py
[2025-02-19T22:20:42.345+0000] {logging_mixin.py:190} INFO - [2025-02-19T22:20:42.345+0000] {dag.py:3239} INFO - Sync 1 DAGs
[2025-02-19T22:20:42.357+0000] {logging_mixin.py:190} INFO - [2025-02-19T22:20:42.357+0000] {dag.py:4180} INFO - Setting next_dagrun for example_sla_dag to 2025-02-19 22:18:00+00:00, run_after=2025-02-19 22:20:00+00:00
[2025-02-19T22:20:42.365+0000] {processor.py:208} INFO - Processing /home/airflow/.local/lib/python3.12/site-packages/airflow/example_dags/example_sla_dag.py took 0.039 seconds
[2025-02-19T22:21:13.484+0000] {processor.py:186} INFO - Started process (PID=6913) to work on /home/airflow/.local/lib/python3.12/site-packages/airflow/example_dags/example_sla_dag.py
[2025-02-19T22:21:13.485+0000] {processor.py:914} INFO - Processing file /home/airflow/.local/lib/python3.12/site-packages/airflow/example_dags/example_sla_dag.py for tasks to queue
[2025-02-19T22:21:13.486+0000] {logging_mixin.py:190} INFO - [2025-02-19T22:21:13.486+0000] {dagbag.py:588} INFO - Filling up the DagBag from /home/airflow/.local/lib/python3.12/site-packages/airflow/example_dags/example_sla_dag.py
[2025-02-19T22:21:13.492+0000] {processor.py:925} INFO - DAG(s) 'example_sla_dag' retrieved from /home/airflow/.local/lib/python3.12/site-packages/airflow/example_dags/example_sla_dag.py
[2025-02-19T22:21:13.504+0000] {logging_mixin.py:190} INFO - [2025-02-19T22:21:13.503+0000] {dag.py:3239} INFO - Sync 1 DAGs
[2025-02-19T22:21:13.527+0000] {logging_mixin.py:190} INFO - [2025-02-19T22:21:13.527+0000] {dag.py:4180} INFO - Setting next_dagrun for example_sla_dag to 2025-02-19 22:18:00+00:00, run_after=2025-02-19 22:20:00+00:00
[2025-02-19T22:21:13.540+0000] {processor.py:208} INFO - Processing /home/airflow/.local/lib/python3.12/site-packages/airflow/example_dags/example_sla_dag.py took 0.059 seconds
[2025-02-19T22:21:44.468+0000] {processor.py:186} INFO - Started process (PID=6976) to work on /home/airflow/.local/lib/python3.12/site-packages/airflow/example_dags/example_sla_dag.py
[2025-02-19T22:21:44.469+0000] {processor.py:914} INFO - Processing file /home/airflow/.local/lib/python3.12/site-packages/airflow/example_dags/example_sla_dag.py for tasks to queue
[2025-02-19T22:21:44.470+0000] {logging_mixin.py:190} INFO - [2025-02-19T22:21:44.470+0000] {dagbag.py:588} INFO - Filling up the DagBag from /home/airflow/.local/lib/python3.12/site-packages/airflow/example_dags/example_sla_dag.py
[2025-02-19T22:21:44.478+0000] {processor.py:925} INFO - DAG(s) 'example_sla_dag' retrieved from /home/airflow/.local/lib/python3.12/site-packages/airflow/example_dags/example_sla_dag.py
[2025-02-19T22:21:44.491+0000] {logging_mixin.py:190} INFO - [2025-02-19T22:21:44.491+0000] {dag.py:3239} INFO - Sync 1 DAGs
[2025-02-19T22:21:44.508+0000] {logging_mixin.py:190} INFO - [2025-02-19T22:21:44.508+0000] {dag.py:4180} INFO - Setting next_dagrun for example_sla_dag to 2025-02-19 22:18:00+00:00, run_after=2025-02-19 22:20:00+00:00
[2025-02-19T22:21:44.522+0000] {processor.py:208} INFO - Processing /home/airflow/.local/lib/python3.12/site-packages/airflow/example_dags/example_sla_dag.py took 0.059 seconds
[2025-02-19T22:22:32.072+0000] {processor.py:186} INFO - Started process (PID=7038) to work on /home/airflow/.local/lib/python3.12/site-packages/airflow/example_dags/example_sla_dag.py
[2025-02-19T22:22:32.073+0000] {processor.py:914} INFO - Processing file /home/airflow/.local/lib/python3.12/site-packages/airflow/example_dags/example_sla_dag.py for tasks to queue
[2025-02-19T22:22:32.074+0000] {logging_mixin.py:190} INFO - [2025-02-19T22:22:32.074+0000] {dagbag.py:588} INFO - Filling up the DagBag from /home/airflow/.local/lib/python3.12/site-packages/airflow/example_dags/example_sla_dag.py
[2025-02-19T22:22:32.079+0000] {processor.py:925} INFO - DAG(s) 'example_sla_dag' retrieved from /home/airflow/.local/lib/python3.12/site-packages/airflow/example_dags/example_sla_dag.py
[2025-02-19T22:22:32.095+0000] {logging_mixin.py:190} INFO - [2025-02-19T22:22:32.095+0000] {dag.py:3239} INFO - Sync 1 DAGs
[2025-02-19T22:22:32.109+0000] {logging_mixin.py:190} INFO - [2025-02-19T22:22:32.109+0000] {dag.py:4180} INFO - Setting next_dagrun for example_sla_dag to 2025-02-19 22:20:00+00:00, run_after=2025-02-19 22:22:00+00:00
[2025-02-19T22:22:32.119+0000] {processor.py:208} INFO - Processing /home/airflow/.local/lib/python3.12/site-packages/airflow/example_dags/example_sla_dag.py took 0.050 seconds
[2025-02-19T22:23:03.519+0000] {processor.py:186} INFO - Started process (PID=7099) to work on /home/airflow/.local/lib/python3.12/site-packages/airflow/example_dags/example_sla_dag.py
[2025-02-19T22:23:03.520+0000] {processor.py:914} INFO - Processing file /home/airflow/.local/lib/python3.12/site-packages/airflow/example_dags/example_sla_dag.py for tasks to queue
[2025-02-19T22:23:03.521+0000] {logging_mixin.py:190} INFO - [2025-02-19T22:23:03.521+0000] {dagbag.py:588} INFO - Filling up the DagBag from /home/airflow/.local/lib/python3.12/site-packages/airflow/example_dags/example_sla_dag.py
[2025-02-19T22:23:03.530+0000] {processor.py:925} INFO - DAG(s) 'example_sla_dag' retrieved from /home/airflow/.local/lib/python3.12/site-packages/airflow/example_dags/example_sla_dag.py
[2025-02-19T22:23:03.550+0000] {logging_mixin.py:190} INFO - [2025-02-19T22:23:03.550+0000] {dag.py:3239} INFO - Sync 1 DAGs
[2025-02-19T22:23:03.568+0000] {logging_mixin.py:190} INFO - [2025-02-19T22:23:03.568+0000] {dag.py:4180} INFO - Setting next_dagrun for example_sla_dag to 2025-02-19 22:20:00+00:00, run_after=2025-02-19 22:22:00+00:00
[2025-02-19T22:23:03.583+0000] {processor.py:208} INFO - Processing /home/airflow/.local/lib/python3.12/site-packages/airflow/example_dags/example_sla_dag.py took 0.068 seconds
[2025-02-19T22:23:34.228+0000] {processor.py:186} INFO - Started process (PID=7161) to work on /home/airflow/.local/lib/python3.12/site-packages/airflow/example_dags/example_sla_dag.py
[2025-02-19T22:23:34.230+0000] {processor.py:914} INFO - Processing file /home/airflow/.local/lib/python3.12/site-packages/airflow/example_dags/example_sla_dag.py for tasks to queue
[2025-02-19T22:23:34.232+0000] {logging_mixin.py:190} INFO - [2025-02-19T22:23:34.232+0000] {dagbag.py:588} INFO - Filling up the DagBag from /home/airflow/.local/lib/python3.12/site-packages/airflow/example_dags/example_sla_dag.py
[2025-02-19T22:23:34.240+0000] {processor.py:925} INFO - DAG(s) 'example_sla_dag' retrieved from /home/airflow/.local/lib/python3.12/site-packages/airflow/example_dags/example_sla_dag.py
[2025-02-19T22:23:34.256+0000] {logging_mixin.py:190} INFO - [2025-02-19T22:23:34.256+0000] {dag.py:3239} INFO - Sync 1 DAGs
[2025-02-19T22:23:34.272+0000] {logging_mixin.py:190} INFO - [2025-02-19T22:23:34.272+0000] {dag.py:4180} INFO - Setting next_dagrun for example_sla_dag to 2025-02-19 22:20:00+00:00, run_after=2025-02-19 22:22:00+00:00
[2025-02-19T22:23:34.287+0000] {processor.py:208} INFO - Processing /home/airflow/.local/lib/python3.12/site-packages/airflow/example_dags/example_sla_dag.py took 0.063 seconds
[2025-02-19T22:24:05.182+0000] {processor.py:186} INFO - Started process (PID=7224) to work on /home/airflow/.local/lib/python3.12/site-packages/airflow/example_dags/example_sla_dag.py
[2025-02-19T22:24:05.183+0000] {processor.py:914} INFO - Processing file /home/airflow/.local/lib/python3.12/site-packages/airflow/example_dags/example_sla_dag.py for tasks to queue
[2025-02-19T22:24:05.184+0000] {logging_mixin.py:190} INFO - [2025-02-19T22:24:05.184+0000] {dagbag.py:588} INFO - Filling up the DagBag from /home/airflow/.local/lib/python3.12/site-packages/airflow/example_dags/example_sla_dag.py
[2025-02-19T22:24:05.189+0000] {processor.py:925} INFO - DAG(s) 'example_sla_dag' retrieved from /home/airflow/.local/lib/python3.12/site-packages/airflow/example_dags/example_sla_dag.py
[2025-02-19T22:24:05.199+0000] {logging_mixin.py:190} INFO - [2025-02-19T22:24:05.199+0000] {dag.py:3239} INFO - Sync 1 DAGs
[2025-02-19T22:24:05.210+0000] {logging_mixin.py:190} INFO - [2025-02-19T22:24:05.210+0000] {dag.py:4180} INFO - Setting next_dagrun for example_sla_dag to 2025-02-19 22:22:00+00:00, run_after=2025-02-19 22:24:00+00:00
[2025-02-19T22:24:05.218+0000] {processor.py:208} INFO - Processing /home/airflow/.local/lib/python3.12/site-packages/airflow/example_dags/example_sla_dag.py took 0.039 seconds
[2025-02-19T22:24:36.669+0000] {processor.py:186} INFO - Started process (PID=7286) to work on /home/airflow/.local/lib/python3.12/site-packages/airflow/example_dags/example_sla_dag.py
[2025-02-19T22:24:36.669+0000] {processor.py:914} INFO - Processing file /home/airflow/.local/lib/python3.12/site-packages/airflow/example_dags/example_sla_dag.py for tasks to queue
[2025-02-19T22:24:36.670+0000] {logging_mixin.py:190} INFO - [2025-02-19T22:24:36.670+0000] {dagbag.py:588} INFO - Filling up the DagBag from /home/airflow/.local/lib/python3.12/site-packages/airflow/example_dags/example_sla_dag.py
[2025-02-19T22:24:36.676+0000] {processor.py:925} INFO - DAG(s) 'example_sla_dag' retrieved from /home/airflow/.local/lib/python3.12/site-packages/airflow/example_dags/example_sla_dag.py
[2025-02-19T22:24:36.686+0000] {logging_mixin.py:190} INFO - [2025-02-19T22:24:36.686+0000] {dag.py:3239} INFO - Sync 1 DAGs
[2025-02-19T22:24:36.698+0000] {logging_mixin.py:190} INFO - [2025-02-19T22:24:36.698+0000] {dag.py:4180} INFO - Setting next_dagrun for example_sla_dag to 2025-02-19 22:22:00+00:00, run_after=2025-02-19 22:24:00+00:00
[2025-02-19T22:24:36.707+0000] {processor.py:208} INFO - Processing /home/airflow/.local/lib/python3.12/site-packages/airflow/example_dags/example_sla_dag.py took 0.042 seconds
[2025-02-19T22:25:08.683+0000] {processor.py:186} INFO - Started process (PID=7348) to work on /home/airflow/.local/lib/python3.12/site-packages/airflow/example_dags/example_sla_dag.py
[2025-02-19T22:25:08.684+0000] {processor.py:914} INFO - Processing file /home/airflow/.local/lib/python3.12/site-packages/airflow/example_dags/example_sla_dag.py for tasks to queue
[2025-02-19T22:25:08.686+0000] {logging_mixin.py:190} INFO - [2025-02-19T22:25:08.685+0000] {dagbag.py:588} INFO - Filling up the DagBag from /home/airflow/.local/lib/python3.12/site-packages/airflow/example_dags/example_sla_dag.py
[2025-02-19T22:25:08.694+0000] {processor.py:925} INFO - DAG(s) 'example_sla_dag' retrieved from /home/airflow/.local/lib/python3.12/site-packages/airflow/example_dags/example_sla_dag.py
[2025-02-19T22:25:08.713+0000] {logging_mixin.py:190} INFO - [2025-02-19T22:25:08.713+0000] {dag.py:3239} INFO - Sync 1 DAGs
[2025-02-19T22:25:08.758+0000] {logging_mixin.py:190} INFO - [2025-02-19T22:25:08.757+0000] {dag.py:4180} INFO - Setting next_dagrun for example_sla_dag to 2025-02-19 22:22:00+00:00, run_after=2025-02-19 22:24:00+00:00
[2025-02-19T22:25:08.778+0000] {processor.py:208} INFO - Processing /home/airflow/.local/lib/python3.12/site-packages/airflow/example_dags/example_sla_dag.py took 0.100 seconds
[2025-02-19T22:25:56.310+0000] {processor.py:186} INFO - Started process (PID=7410) to work on /home/airflow/.local/lib/python3.12/site-packages/airflow/example_dags/example_sla_dag.py
[2025-02-19T22:25:56.311+0000] {processor.py:914} INFO - Processing file /home/airflow/.local/lib/python3.12/site-packages/airflow/example_dags/example_sla_dag.py for tasks to queue
[2025-02-19T22:25:56.312+0000] {logging_mixin.py:190} INFO - [2025-02-19T22:25:56.312+0000] {dagbag.py:588} INFO - Filling up the DagBag from /home/airflow/.local/lib/python3.12/site-packages/airflow/example_dags/example_sla_dag.py
[2025-02-19T22:25:56.318+0000] {processor.py:925} INFO - DAG(s) 'example_sla_dag' retrieved from /home/airflow/.local/lib/python3.12/site-packages/airflow/example_dags/example_sla_dag.py
[2025-02-19T22:25:56.328+0000] {logging_mixin.py:190} INFO - [2025-02-19T22:25:56.328+0000] {dag.py:3239} INFO - Sync 1 DAGs
[2025-02-19T22:25:56.343+0000] {logging_mixin.py:190} INFO - [2025-02-19T22:25:56.343+0000] {dag.py:4180} INFO - Setting next_dagrun for example_sla_dag to 2025-02-19 22:22:00+00:00, run_after=2025-02-19 22:24:00+00:00
[2025-02-19T22:25:56.352+0000] {processor.py:208} INFO - Processing /home/airflow/.local/lib/python3.12/site-packages/airflow/example_dags/example_sla_dag.py took 0.045 seconds
[2025-02-19T22:26:27.892+0000] {processor.py:186} INFO - Started process (PID=7472) to work on /home/airflow/.local/lib/python3.12/site-packages/airflow/example_dags/example_sla_dag.py
[2025-02-19T22:26:27.892+0000] {processor.py:914} INFO - Processing file /home/airflow/.local/lib/python3.12/site-packages/airflow/example_dags/example_sla_dag.py for tasks to queue
[2025-02-19T22:26:27.893+0000] {logging_mixin.py:190} INFO - [2025-02-19T22:26:27.893+0000] {dagbag.py:588} INFO - Filling up the DagBag from /home/airflow/.local/lib/python3.12/site-packages/airflow/example_dags/example_sla_dag.py
[2025-02-19T22:26:27.899+0000] {processor.py:925} INFO - DAG(s) 'example_sla_dag' retrieved from /home/airflow/.local/lib/python3.12/site-packages/airflow/example_dags/example_sla_dag.py
[2025-02-19T22:26:27.909+0000] {logging_mixin.py:190} INFO - [2025-02-19T22:26:27.908+0000] {dag.py:3239} INFO - Sync 1 DAGs
[2025-02-19T22:26:27.920+0000] {logging_mixin.py:190} INFO - [2025-02-19T22:26:27.919+0000] {dag.py:4180} INFO - Setting next_dagrun for example_sla_dag to 2025-02-19 22:24:00+00:00, run_after=2025-02-19 22:26:00+00:00
[2025-02-19T22:26:27.928+0000] {processor.py:208} INFO - Processing /home/airflow/.local/lib/python3.12/site-packages/airflow/example_dags/example_sla_dag.py took 0.039 seconds
[2025-02-19T22:27:00.062+0000] {processor.py:186} INFO - Started process (PID=7534) to work on /home/airflow/.local/lib/python3.12/site-packages/airflow/example_dags/example_sla_dag.py
[2025-02-19T22:27:00.063+0000] {processor.py:914} INFO - Processing file /home/airflow/.local/lib/python3.12/site-packages/airflow/example_dags/example_sla_dag.py for tasks to queue
[2025-02-19T22:27:00.064+0000] {logging_mixin.py:190} INFO - [2025-02-19T22:27:00.064+0000] {dagbag.py:588} INFO - Filling up the DagBag from /home/airflow/.local/lib/python3.12/site-packages/airflow/example_dags/example_sla_dag.py
[2025-02-19T22:27:00.070+0000] {processor.py:925} INFO - DAG(s) 'example_sla_dag' retrieved from /home/airflow/.local/lib/python3.12/site-packages/airflow/example_dags/example_sla_dag.py
[2025-02-19T22:27:00.083+0000] {logging_mixin.py:190} INFO - [2025-02-19T22:27:00.082+0000] {dag.py:3239} INFO - Sync 1 DAGs
[2025-02-19T22:27:00.094+0000] {logging_mixin.py:190} INFO - [2025-02-19T22:27:00.094+0000] {dag.py:4180} INFO - Setting next_dagrun for example_sla_dag to 2025-02-19 22:24:00+00:00, run_after=2025-02-19 22:26:00+00:00
[2025-02-19T22:27:00.102+0000] {processor.py:208} INFO - Processing /home/airflow/.local/lib/python3.12/site-packages/airflow/example_dags/example_sla_dag.py took 0.042 seconds
[2025-02-19T22:27:31.257+0000] {processor.py:186} INFO - Started process (PID=7595) to work on /home/airflow/.local/lib/python3.12/site-packages/airflow/example_dags/example_sla_dag.py
[2025-02-19T22:27:31.258+0000] {processor.py:914} INFO - Processing file /home/airflow/.local/lib/python3.12/site-packages/airflow/example_dags/example_sla_dag.py for tasks to queue
[2025-02-19T22:27:31.259+0000] {logging_mixin.py:190} INFO - [2025-02-19T22:27:31.259+0000] {dagbag.py:588} INFO - Filling up the DagBag from /home/airflow/.local/lib/python3.12/site-packages/airflow/example_dags/example_sla_dag.py
[2025-02-19T22:27:31.263+0000] {processor.py:925} INFO - DAG(s) 'example_sla_dag' retrieved from /home/airflow/.local/lib/python3.12/site-packages/airflow/example_dags/example_sla_dag.py
[2025-02-19T22:27:31.272+0000] {logging_mixin.py:190} INFO - [2025-02-19T22:27:31.272+0000] {dag.py:3239} INFO - Sync 1 DAGs
[2025-02-19T22:27:31.282+0000] {logging_mixin.py:190} INFO - [2025-02-19T22:27:31.282+0000] {dag.py:4180} INFO - Setting next_dagrun for example_sla_dag to 2025-02-19 22:24:00+00:00, run_after=2025-02-19 22:26:00+00:00
[2025-02-19T22:27:31.289+0000] {processor.py:208} INFO - Processing /home/airflow/.local/lib/python3.12/site-packages/airflow/example_dags/example_sla_dag.py took 0.035 seconds
[2025-02-19T22:28:02.420+0000] {processor.py:186} INFO - Started process (PID=7658) to work on /home/airflow/.local/lib/python3.12/site-packages/airflow/example_dags/example_sla_dag.py
[2025-02-19T22:28:02.420+0000] {processor.py:914} INFO - Processing file /home/airflow/.local/lib/python3.12/site-packages/airflow/example_dags/example_sla_dag.py for tasks to queue
[2025-02-19T22:28:02.422+0000] {logging_mixin.py:190} INFO - [2025-02-19T22:28:02.421+0000] {dagbag.py:588} INFO - Filling up the DagBag from /home/airflow/.local/lib/python3.12/site-packages/airflow/example_dags/example_sla_dag.py
[2025-02-19T22:28:02.427+0000] {processor.py:925} INFO - DAG(s) 'example_sla_dag' retrieved from /home/airflow/.local/lib/python3.12/site-packages/airflow/example_dags/example_sla_dag.py
[2025-02-19T22:28:02.438+0000] {logging_mixin.py:190} INFO - [2025-02-19T22:28:02.437+0000] {dag.py:3239} INFO - Sync 1 DAGs
[2025-02-19T22:28:02.450+0000] {logging_mixin.py:190} INFO - [2025-02-19T22:28:02.449+0000] {dag.py:4180} INFO - Setting next_dagrun for example_sla_dag to 2025-02-19 22:26:00+00:00, run_after=2025-02-19 22:28:00+00:00
[2025-02-19T22:28:02.463+0000] {processor.py:208} INFO - Processing /home/airflow/.local/lib/python3.12/site-packages/airflow/example_dags/example_sla_dag.py took 0.046 seconds
[2025-02-19T22:28:34.267+0000] {processor.py:186} INFO - Started process (PID=7720) to work on /home/airflow/.local/lib/python3.12/site-packages/airflow/example_dags/example_sla_dag.py
[2025-02-19T22:28:34.270+0000] {processor.py:914} INFO - Processing file /home/airflow/.local/lib/python3.12/site-packages/airflow/example_dags/example_sla_dag.py for tasks to queue
[2025-02-19T22:28:34.271+0000] {logging_mixin.py:190} INFO - [2025-02-19T22:28:34.271+0000] {dagbag.py:588} INFO - Filling up the DagBag from /home/airflow/.local/lib/python3.12/site-packages/airflow/example_dags/example_sla_dag.py
[2025-02-19T22:28:34.276+0000] {processor.py:925} INFO - DAG(s) 'example_sla_dag' retrieved from /home/airflow/.local/lib/python3.12/site-packages/airflow/example_dags/example_sla_dag.py
[2025-02-19T22:28:34.286+0000] {logging_mixin.py:190} INFO - [2025-02-19T22:28:34.286+0000] {dag.py:3239} INFO - Sync 1 DAGs
[2025-02-19T22:28:34.299+0000] {logging_mixin.py:190} INFO - [2025-02-19T22:28:34.299+0000] {dag.py:4180} INFO - Setting next_dagrun for example_sla_dag to 2025-02-19 22:26:00+00:00, run_after=2025-02-19 22:28:00+00:00
[2025-02-19T22:28:34.307+0000] {processor.py:208} INFO - Processing /home/airflow/.local/lib/python3.12/site-packages/airflow/example_dags/example_sla_dag.py took 0.044 seconds
[2025-02-19T22:29:16.272+0000] {processor.py:186} INFO - Started process (PID=7782) to work on /home/airflow/.local/lib/python3.12/site-packages/airflow/example_dags/example_sla_dag.py
[2025-02-19T22:29:16.273+0000] {processor.py:914} INFO - Processing file /home/airflow/.local/lib/python3.12/site-packages/airflow/example_dags/example_sla_dag.py for tasks to queue
[2025-02-19T22:29:16.274+0000] {logging_mixin.py:190} INFO - [2025-02-19T22:29:16.274+0000] {dagbag.py:588} INFO - Filling up the DagBag from /home/airflow/.local/lib/python3.12/site-packages/airflow/example_dags/example_sla_dag.py
[2025-02-19T22:29:16.279+0000] {processor.py:925} INFO - DAG(s) 'example_sla_dag' retrieved from /home/airflow/.local/lib/python3.12/site-packages/airflow/example_dags/example_sla_dag.py
[2025-02-19T22:29:16.289+0000] {logging_mixin.py:190} INFO - [2025-02-19T22:29:16.289+0000] {dag.py:3239} INFO - Sync 1 DAGs
[2025-02-19T22:29:16.301+0000] {logging_mixin.py:190} INFO - [2025-02-19T22:29:16.301+0000] {dag.py:4180} INFO - Setting next_dagrun for example_sla_dag to 2025-02-19 22:26:00+00:00, run_after=2025-02-19 22:28:00+00:00
[2025-02-19T22:29:16.310+0000] {processor.py:208} INFO - Processing /home/airflow/.local/lib/python3.12/site-packages/airflow/example_dags/example_sla_dag.py took 0.040 seconds
[2025-02-19T22:29:48.131+0000] {processor.py:186} INFO - Started process (PID=7844) to work on /home/airflow/.local/lib/python3.12/site-packages/airflow/example_dags/example_sla_dag.py
[2025-02-19T22:29:48.131+0000] {processor.py:914} INFO - Processing file /home/airflow/.local/lib/python3.12/site-packages/airflow/example_dags/example_sla_dag.py for tasks to queue
[2025-02-19T22:29:48.133+0000] {logging_mixin.py:190} INFO - [2025-02-19T22:29:48.133+0000] {dagbag.py:588} INFO - Filling up the DagBag from /home/airflow/.local/lib/python3.12/site-packages/airflow/example_dags/example_sla_dag.py
[2025-02-19T22:29:48.138+0000] {processor.py:925} INFO - DAG(s) 'example_sla_dag' retrieved from /home/airflow/.local/lib/python3.12/site-packages/airflow/example_dags/example_sla_dag.py
[2025-02-19T22:29:48.148+0000] {logging_mixin.py:190} INFO - [2025-02-19T22:29:48.148+0000] {dag.py:3239} INFO - Sync 1 DAGs
[2025-02-19T22:29:48.160+0000] {logging_mixin.py:190} INFO - [2025-02-19T22:29:48.160+0000] {dag.py:4180} INFO - Setting next_dagrun for example_sla_dag to 2025-02-19 22:26:00+00:00, run_after=2025-02-19 22:28:00+00:00
[2025-02-19T22:29:48.169+0000] {processor.py:208} INFO - Processing /home/airflow/.local/lib/python3.12/site-packages/airflow/example_dags/example_sla_dag.py took 0.042 seconds
[2025-02-19T22:30:18.748+0000] {processor.py:186} INFO - Started process (PID=7906) to work on /home/airflow/.local/lib/python3.12/site-packages/airflow/example_dags/example_sla_dag.py
[2025-02-19T22:30:18.749+0000] {processor.py:914} INFO - Processing file /home/airflow/.local/lib/python3.12/site-packages/airflow/example_dags/example_sla_dag.py for tasks to queue
[2025-02-19T22:30:18.750+0000] {logging_mixin.py:190} INFO - [2025-02-19T22:30:18.750+0000] {dagbag.py:588} INFO - Filling up the DagBag from /home/airflow/.local/lib/python3.12/site-packages/airflow/example_dags/example_sla_dag.py
[2025-02-19T22:30:18.759+0000] {processor.py:925} INFO - DAG(s) 'example_sla_dag' retrieved from /home/airflow/.local/lib/python3.12/site-packages/airflow/example_dags/example_sla_dag.py
[2025-02-19T22:30:18.771+0000] {logging_mixin.py:190} INFO - [2025-02-19T22:30:18.771+0000] {dag.py:3239} INFO - Sync 1 DAGs
[2025-02-19T22:30:18.788+0000] {logging_mixin.py:190} INFO - [2025-02-19T22:30:18.788+0000] {dag.py:4180} INFO - Setting next_dagrun for example_sla_dag to 2025-02-19 22:28:00+00:00, run_after=2025-02-19 22:30:00+00:00
[2025-02-19T22:30:18.797+0000] {processor.py:208} INFO - Processing /home/airflow/.local/lib/python3.12/site-packages/airflow/example_dags/example_sla_dag.py took 0.053 seconds
[2025-02-19T22:30:50.635+0000] {processor.py:186} INFO - Started process (PID=7967) to work on /home/airflow/.local/lib/python3.12/site-packages/airflow/example_dags/example_sla_dag.py
[2025-02-19T22:30:50.636+0000] {processor.py:914} INFO - Processing file /home/airflow/.local/lib/python3.12/site-packages/airflow/example_dags/example_sla_dag.py for tasks to queue
[2025-02-19T22:30:50.637+0000] {logging_mixin.py:190} INFO - [2025-02-19T22:30:50.637+0000] {dagbag.py:588} INFO - Filling up the DagBag from /home/airflow/.local/lib/python3.12/site-packages/airflow/example_dags/example_sla_dag.py
[2025-02-19T22:30:50.645+0000] {processor.py:925} INFO - DAG(s) 'example_sla_dag' retrieved from /home/airflow/.local/lib/python3.12/site-packages/airflow/example_dags/example_sla_dag.py
[2025-02-19T22:30:50.656+0000] {logging_mixin.py:190} INFO - [2025-02-19T22:30:50.656+0000] {dag.py:3239} INFO - Sync 1 DAGs
[2025-02-19T22:30:50.673+0000] {logging_mixin.py:190} INFO - [2025-02-19T22:30:50.673+0000] {dag.py:4180} INFO - Setting next_dagrun for example_sla_dag to 2025-02-19 22:28:00+00:00, run_after=2025-02-19 22:30:00+00:00
[2025-02-19T22:30:50.693+0000] {processor.py:208} INFO - Processing /home/airflow/.local/lib/python3.12/site-packages/airflow/example_dags/example_sla_dag.py took 0.065 seconds
[2025-02-19T22:31:22.179+0000] {processor.py:186} INFO - Started process (PID=8030) to work on /home/airflow/.local/lib/python3.12/site-packages/airflow/example_dags/example_sla_dag.py
[2025-02-19T22:31:22.180+0000] {processor.py:914} INFO - Processing file /home/airflow/.local/lib/python3.12/site-packages/airflow/example_dags/example_sla_dag.py for tasks to queue
[2025-02-19T22:31:22.182+0000] {logging_mixin.py:190} INFO - [2025-02-19T22:31:22.182+0000] {dagbag.py:588} INFO - Filling up the DagBag from /home/airflow/.local/lib/python3.12/site-packages/airflow/example_dags/example_sla_dag.py
[2025-02-19T22:31:22.194+0000] {processor.py:925} INFO - DAG(s) 'example_sla_dag' retrieved from /home/airflow/.local/lib/python3.12/site-packages/airflow/example_dags/example_sla_dag.py
[2025-02-19T22:31:22.216+0000] {logging_mixin.py:190} INFO - [2025-02-19T22:31:22.215+0000] {dag.py:3239} INFO - Sync 1 DAGs
[2025-02-19T22:31:22.257+0000] {logging_mixin.py:190} INFO - [2025-02-19T22:31:22.257+0000] {dag.py:4180} INFO - Setting next_dagrun for example_sla_dag to 2025-02-19 22:28:00+00:00, run_after=2025-02-19 22:30:00+00:00
[2025-02-19T22:31:22.269+0000] {processor.py:208} INFO - Processing /home/airflow/.local/lib/python3.12/site-packages/airflow/example_dags/example_sla_dag.py took 0.097 seconds
[2025-02-19T22:31:53.267+0000] {processor.py:186} INFO - Started process (PID=8092) to work on /home/airflow/.local/lib/python3.12/site-packages/airflow/example_dags/example_sla_dag.py
[2025-02-19T22:31:53.269+0000] {processor.py:914} INFO - Processing file /home/airflow/.local/lib/python3.12/site-packages/airflow/example_dags/example_sla_dag.py for tasks to queue
[2025-02-19T22:31:53.272+0000] {logging_mixin.py:190} INFO - [2025-02-19T22:31:53.272+0000] {dagbag.py:588} INFO - Filling up the DagBag from /home/airflow/.local/lib/python3.12/site-packages/airflow/example_dags/example_sla_dag.py
[2025-02-19T22:31:53.279+0000] {processor.py:925} INFO - DAG(s) 'example_sla_dag' retrieved from /home/airflow/.local/lib/python3.12/site-packages/airflow/example_dags/example_sla_dag.py
[2025-02-19T22:31:53.300+0000] {logging_mixin.py:190} INFO - [2025-02-19T22:31:53.300+0000] {dag.py:3239} INFO - Sync 1 DAGs
[2025-02-19T22:31:53.313+0000] {logging_mixin.py:190} INFO - [2025-02-19T22:31:53.313+0000] {dag.py:4180} INFO - Setting next_dagrun for example_sla_dag to 2025-02-19 22:28:00+00:00, run_after=2025-02-19 22:30:00+00:00
[2025-02-19T22:31:53.321+0000] {processor.py:208} INFO - Processing /home/airflow/.local/lib/python3.12/site-packages/airflow/example_dags/example_sla_dag.py took 0.059 seconds
[2025-02-19T22:32:24.060+0000] {processor.py:186} INFO - Started process (PID=8154) to work on /home/airflow/.local/lib/python3.12/site-packages/airflow/example_dags/example_sla_dag.py
[2025-02-19T22:32:24.066+0000] {processor.py:914} INFO - Processing file /home/airflow/.local/lib/python3.12/site-packages/airflow/example_dags/example_sla_dag.py for tasks to queue
[2025-02-19T22:32:24.071+0000] {logging_mixin.py:190} INFO - [2025-02-19T22:32:24.070+0000] {dagbag.py:588} INFO - Filling up the DagBag from /home/airflow/.local/lib/python3.12/site-packages/airflow/example_dags/example_sla_dag.py
[2025-02-19T22:32:24.112+0000] {processor.py:925} INFO - DAG(s) 'example_sla_dag' retrieved from /home/airflow/.local/lib/python3.12/site-packages/airflow/example_dags/example_sla_dag.py
[2025-02-19T22:32:24.243+0000] {logging_mixin.py:190} INFO - [2025-02-19T22:32:24.242+0000] {dag.py:3239} INFO - Sync 1 DAGs
[2025-02-19T22:32:24.345+0000] {logging_mixin.py:190} INFO - [2025-02-19T22:32:24.344+0000] {dag.py:4180} INFO - Setting next_dagrun for example_sla_dag to 2025-02-19 22:30:00+00:00, run_after=2025-02-19 22:32:00+00:00
[2025-02-19T22:32:24.421+0000] {processor.py:208} INFO - Processing /home/airflow/.local/lib/python3.12/site-packages/airflow/example_dags/example_sla_dag.py took 0.378 seconds
[2025-02-19T23:01:11.435+0000] {processor.py:186} INFO - Started process (PID=8216) to work on /home/airflow/.local/lib/python3.12/site-packages/airflow/example_dags/example_sla_dag.py
[2025-02-19T23:01:11.436+0000] {processor.py:914} INFO - Processing file /home/airflow/.local/lib/python3.12/site-packages/airflow/example_dags/example_sla_dag.py for tasks to queue
[2025-02-19T23:01:11.437+0000] {logging_mixin.py:190} INFO - [2025-02-19T23:01:11.437+0000] {dagbag.py:588} INFO - Filling up the DagBag from /home/airflow/.local/lib/python3.12/site-packages/airflow/example_dags/example_sla_dag.py
[2025-02-19T23:01:11.442+0000] {processor.py:925} INFO - DAG(s) 'example_sla_dag' retrieved from /home/airflow/.local/lib/python3.12/site-packages/airflow/example_dags/example_sla_dag.py
[2025-02-19T23:01:11.455+0000] {logging_mixin.py:190} INFO - [2025-02-19T23:01:11.455+0000] {dag.py:3239} INFO - Sync 1 DAGs
[2025-02-19T23:01:11.473+0000] {logging_mixin.py:190} INFO - [2025-02-19T23:01:11.473+0000] {dag.py:4180} INFO - Setting next_dagrun for example_sla_dag to 2025-02-19 22:58:00+00:00, run_after=2025-02-19 23:00:00+00:00
[2025-02-19T23:01:11.483+0000] {processor.py:208} INFO - Processing /home/airflow/.local/lib/python3.12/site-packages/airflow/example_dags/example_sla_dag.py took 0.052 seconds
