[2025-02-19T13:42:45.283+0000] {processor.py:186} INFO - Started process (PID=90) to work on /home/airflow/.local/lib/python3.12/site-packages/airflow/example_dags/example_trigger_controller_dag.py
[2025-02-19T13:42:45.286+0000] {processor.py:914} INFO - Processing file /home/airflow/.local/lib/python3.12/site-packages/airflow/example_dags/example_trigger_controller_dag.py for tasks to queue
[2025-02-19T13:42:45.293+0000] {logging_mixin.py:190} INFO - [2025-02-19T13:42:45.293+0000] {dagbag.py:588} INFO - Filling up the DagBag from /home/airflow/.local/lib/python3.12/site-packages/airflow/example_dags/example_trigger_controller_dag.py
[2025-02-19T13:42:45.300+0000] {processor.py:925} INFO - DAG(s) 'example_trigger_controller_dag' retrieved from /home/airflow/.local/lib/python3.12/site-packages/airflow/example_dags/example_trigger_controller_dag.py
[2025-02-19T13:42:45.327+0000] {logging_mixin.py:190} INFO - [2025-02-19T13:42:45.327+0000] {dag.py:3239} INFO - Sync 1 DAGs
[2025-02-19T13:42:45.347+0000] {logging_mixin.py:190} INFO - [2025-02-19T13:42:45.347+0000] {dag.py:4180} INFO - Setting next_dagrun for example_trigger_controller_dag to 2021-01-01 00:00:00+00:00, run_after=2021-01-01 00:00:00+00:00
[2025-02-19T13:42:45.369+0000] {processor.py:208} INFO - Processing /home/airflow/.local/lib/python3.12/site-packages/airflow/example_dags/example_trigger_controller_dag.py took 0.097 seconds
[2025-02-19T13:44:18.635+0000] {processor.py:186} INFO - Started process (PID=84) to work on /home/airflow/.local/lib/python3.12/site-packages/airflow/example_dags/example_trigger_controller_dag.py
[2025-02-19T13:44:18.636+0000] {processor.py:914} INFO - Processing file /home/airflow/.local/lib/python3.12/site-packages/airflow/example_dags/example_trigger_controller_dag.py for tasks to queue
[2025-02-19T13:44:18.638+0000] {logging_mixin.py:190} INFO - [2025-02-19T13:44:18.638+0000] {dagbag.py:588} INFO - Filling up the DagBag from /home/airflow/.local/lib/python3.12/site-packages/airflow/example_dags/example_trigger_controller_dag.py
[2025-02-19T13:44:18.643+0000] {processor.py:925} INFO - DAG(s) 'example_trigger_controller_dag' retrieved from /home/airflow/.local/lib/python3.12/site-packages/airflow/example_dags/example_trigger_controller_dag.py
[2025-02-19T13:44:18.665+0000] {logging_mixin.py:190} INFO - [2025-02-19T13:44:18.665+0000] {dag.py:3239} INFO - Sync 1 DAGs
[2025-02-19T13:44:18.684+0000] {logging_mixin.py:190} INFO - [2025-02-19T13:44:18.684+0000] {dag.py:4180} INFO - Setting next_dagrun for example_trigger_controller_dag to 2021-01-01 00:00:00+00:00, run_after=2021-01-01 00:00:00+00:00
[2025-02-19T13:44:18.697+0000] {processor.py:208} INFO - Processing /home/airflow/.local/lib/python3.12/site-packages/airflow/example_dags/example_trigger_controller_dag.py took 0.066 seconds
[2025-02-19T13:44:49.602+0000] {processor.py:186} INFO - Started process (PID=146) to work on /home/airflow/.local/lib/python3.12/site-packages/airflow/example_dags/example_trigger_controller_dag.py
[2025-02-19T13:44:49.603+0000] {processor.py:914} INFO - Processing file /home/airflow/.local/lib/python3.12/site-packages/airflow/example_dags/example_trigger_controller_dag.py for tasks to queue
[2025-02-19T13:44:49.604+0000] {logging_mixin.py:190} INFO - [2025-02-19T13:44:49.604+0000] {dagbag.py:588} INFO - Filling up the DagBag from /home/airflow/.local/lib/python3.12/site-packages/airflow/example_dags/example_trigger_controller_dag.py
[2025-02-19T13:44:49.608+0000] {processor.py:925} INFO - DAG(s) 'example_trigger_controller_dag' retrieved from /home/airflow/.local/lib/python3.12/site-packages/airflow/example_dags/example_trigger_controller_dag.py
[2025-02-19T13:44:49.617+0000] {logging_mixin.py:190} INFO - [2025-02-19T13:44:49.617+0000] {dag.py:3239} INFO - Sync 1 DAGs
[2025-02-19T13:44:49.629+0000] {logging_mixin.py:190} INFO - [2025-02-19T13:44:49.629+0000] {dag.py:4180} INFO - Setting next_dagrun for example_trigger_controller_dag to 2021-01-01 00:00:00+00:00, run_after=2021-01-01 00:00:00+00:00
[2025-02-19T13:44:49.638+0000] {processor.py:208} INFO - Processing /home/airflow/.local/lib/python3.12/site-packages/airflow/example_dags/example_trigger_controller_dag.py took 0.040 seconds
[2025-02-19T20:26:09.333+0000] {processor.py:186} INFO - Started process (PID=89) to work on /home/airflow/.local/lib/python3.12/site-packages/airflow/example_dags/example_trigger_controller_dag.py
[2025-02-19T20:26:09.334+0000] {processor.py:914} INFO - Processing file /home/airflow/.local/lib/python3.12/site-packages/airflow/example_dags/example_trigger_controller_dag.py for tasks to queue
[2025-02-19T20:26:09.335+0000] {logging_mixin.py:190} INFO - [2025-02-19T20:26:09.335+0000] {dagbag.py:588} INFO - Filling up the DagBag from /home/airflow/.local/lib/python3.12/site-packages/airflow/example_dags/example_trigger_controller_dag.py
[2025-02-19T20:26:09.339+0000] {processor.py:925} INFO - DAG(s) 'example_trigger_controller_dag' retrieved from /home/airflow/.local/lib/python3.12/site-packages/airflow/example_dags/example_trigger_controller_dag.py
[2025-02-19T20:26:09.350+0000] {logging_mixin.py:190} INFO - [2025-02-19T20:26:09.350+0000] {dag.py:3239} INFO - Sync 1 DAGs
[2025-02-19T20:26:09.363+0000] {logging_mixin.py:190} INFO - [2025-02-19T20:26:09.362+0000] {dag.py:4180} INFO - Setting next_dagrun for example_trigger_controller_dag to 2021-01-01 00:00:00+00:00, run_after=2021-01-01 00:00:00+00:00
[2025-02-19T20:26:09.373+0000] {processor.py:208} INFO - Processing /home/airflow/.local/lib/python3.12/site-packages/airflow/example_dags/example_trigger_controller_dag.py took 0.044 seconds
[2025-02-19T20:26:40.129+0000] {processor.py:186} INFO - Started process (PID=151) to work on /home/airflow/.local/lib/python3.12/site-packages/airflow/example_dags/example_trigger_controller_dag.py
[2025-02-19T20:26:40.130+0000] {processor.py:914} INFO - Processing file /home/airflow/.local/lib/python3.12/site-packages/airflow/example_dags/example_trigger_controller_dag.py for tasks to queue
[2025-02-19T20:26:40.132+0000] {logging_mixin.py:190} INFO - [2025-02-19T20:26:40.132+0000] {dagbag.py:588} INFO - Filling up the DagBag from /home/airflow/.local/lib/python3.12/site-packages/airflow/example_dags/example_trigger_controller_dag.py
[2025-02-19T20:26:40.139+0000] {processor.py:925} INFO - DAG(s) 'example_trigger_controller_dag' retrieved from /home/airflow/.local/lib/python3.12/site-packages/airflow/example_dags/example_trigger_controller_dag.py
[2025-02-19T20:26:40.158+0000] {logging_mixin.py:190} INFO - [2025-02-19T20:26:40.158+0000] {dag.py:3239} INFO - Sync 1 DAGs
[2025-02-19T20:26:40.169+0000] {logging_mixin.py:190} INFO - [2025-02-19T20:26:40.169+0000] {dag.py:4180} INFO - Setting next_dagrun for example_trigger_controller_dag to 2021-01-01 00:00:00+00:00, run_after=2021-01-01 00:00:00+00:00
[2025-02-19T20:26:40.179+0000] {processor.py:208} INFO - Processing /home/airflow/.local/lib/python3.12/site-packages/airflow/example_dags/example_trigger_controller_dag.py took 0.055 seconds
[2025-02-19T20:27:10.639+0000] {processor.py:186} INFO - Started process (PID=213) to work on /home/airflow/.local/lib/python3.12/site-packages/airflow/example_dags/example_trigger_controller_dag.py
[2025-02-19T20:27:10.640+0000] {processor.py:914} INFO - Processing file /home/airflow/.local/lib/python3.12/site-packages/airflow/example_dags/example_trigger_controller_dag.py for tasks to queue
[2025-02-19T20:27:10.641+0000] {logging_mixin.py:190} INFO - [2025-02-19T20:27:10.641+0000] {dagbag.py:588} INFO - Filling up the DagBag from /home/airflow/.local/lib/python3.12/site-packages/airflow/example_dags/example_trigger_controller_dag.py
[2025-02-19T20:27:10.645+0000] {processor.py:925} INFO - DAG(s) 'example_trigger_controller_dag' retrieved from /home/airflow/.local/lib/python3.12/site-packages/airflow/example_dags/example_trigger_controller_dag.py
[2025-02-19T20:27:10.659+0000] {logging_mixin.py:190} INFO - [2025-02-19T20:27:10.658+0000] {dag.py:3239} INFO - Sync 1 DAGs
[2025-02-19T20:27:10.671+0000] {logging_mixin.py:190} INFO - [2025-02-19T20:27:10.671+0000] {dag.py:4180} INFO - Setting next_dagrun for example_trigger_controller_dag to 2021-01-01 00:00:00+00:00, run_after=2021-01-01 00:00:00+00:00
[2025-02-19T20:27:10.681+0000] {processor.py:208} INFO - Processing /home/airflow/.local/lib/python3.12/site-packages/airflow/example_dags/example_trigger_controller_dag.py took 0.045 seconds
[2025-02-19T20:27:41.221+0000] {processor.py:186} INFO - Started process (PID=275) to work on /home/airflow/.local/lib/python3.12/site-packages/airflow/example_dags/example_trigger_controller_dag.py
[2025-02-19T20:27:41.222+0000] {processor.py:914} INFO - Processing file /home/airflow/.local/lib/python3.12/site-packages/airflow/example_dags/example_trigger_controller_dag.py for tasks to queue
[2025-02-19T20:27:41.223+0000] {logging_mixin.py:190} INFO - [2025-02-19T20:27:41.223+0000] {dagbag.py:588} INFO - Filling up the DagBag from /home/airflow/.local/lib/python3.12/site-packages/airflow/example_dags/example_trigger_controller_dag.py
[2025-02-19T20:27:41.227+0000] {processor.py:925} INFO - DAG(s) 'example_trigger_controller_dag' retrieved from /home/airflow/.local/lib/python3.12/site-packages/airflow/example_dags/example_trigger_controller_dag.py
[2025-02-19T20:27:41.240+0000] {logging_mixin.py:190} INFO - [2025-02-19T20:27:41.240+0000] {dag.py:3239} INFO - Sync 1 DAGs
[2025-02-19T20:27:41.250+0000] {logging_mixin.py:190} INFO - [2025-02-19T20:27:41.250+0000] {dag.py:4180} INFO - Setting next_dagrun for example_trigger_controller_dag to 2021-01-01 00:00:00+00:00, run_after=2021-01-01 00:00:00+00:00
[2025-02-19T20:27:41.258+0000] {processor.py:208} INFO - Processing /home/airflow/.local/lib/python3.12/site-packages/airflow/example_dags/example_trigger_controller_dag.py took 0.040 seconds
[2025-02-19T20:28:11.584+0000] {processor.py:186} INFO - Started process (PID=337) to work on /home/airflow/.local/lib/python3.12/site-packages/airflow/example_dags/example_trigger_controller_dag.py
[2025-02-19T20:28:11.586+0000] {processor.py:914} INFO - Processing file /home/airflow/.local/lib/python3.12/site-packages/airflow/example_dags/example_trigger_controller_dag.py for tasks to queue
[2025-02-19T20:28:11.588+0000] {logging_mixin.py:190} INFO - [2025-02-19T20:28:11.588+0000] {dagbag.py:588} INFO - Filling up the DagBag from /home/airflow/.local/lib/python3.12/site-packages/airflow/example_dags/example_trigger_controller_dag.py
[2025-02-19T20:28:11.596+0000] {processor.py:925} INFO - DAG(s) 'example_trigger_controller_dag' retrieved from /home/airflow/.local/lib/python3.12/site-packages/airflow/example_dags/example_trigger_controller_dag.py
[2025-02-19T20:28:11.613+0000] {logging_mixin.py:190} INFO - [2025-02-19T20:28:11.613+0000] {dag.py:3239} INFO - Sync 1 DAGs
[2025-02-19T20:28:11.629+0000] {logging_mixin.py:190} INFO - [2025-02-19T20:28:11.629+0000] {dag.py:4180} INFO - Setting next_dagrun for example_trigger_controller_dag to 2021-01-01 00:00:00+00:00, run_after=2021-01-01 00:00:00+00:00
[2025-02-19T20:28:11.644+0000] {processor.py:208} INFO - Processing /home/airflow/.local/lib/python3.12/site-packages/airflow/example_dags/example_trigger_controller_dag.py took 0.063 seconds
[2025-02-19T20:28:41.697+0000] {processor.py:186} INFO - Started process (PID=399) to work on /home/airflow/.local/lib/python3.12/site-packages/airflow/example_dags/example_trigger_controller_dag.py
[2025-02-19T20:28:41.699+0000] {processor.py:914} INFO - Processing file /home/airflow/.local/lib/python3.12/site-packages/airflow/example_dags/example_trigger_controller_dag.py for tasks to queue
[2025-02-19T20:28:41.701+0000] {logging_mixin.py:190} INFO - [2025-02-19T20:28:41.700+0000] {dagbag.py:588} INFO - Filling up the DagBag from /home/airflow/.local/lib/python3.12/site-packages/airflow/example_dags/example_trigger_controller_dag.py
[2025-02-19T20:28:41.704+0000] {processor.py:925} INFO - DAG(s) 'example_trigger_controller_dag' retrieved from /home/airflow/.local/lib/python3.12/site-packages/airflow/example_dags/example_trigger_controller_dag.py
[2025-02-19T20:28:41.716+0000] {logging_mixin.py:190} INFO - [2025-02-19T20:28:41.716+0000] {dag.py:3239} INFO - Sync 1 DAGs
[2025-02-19T20:28:41.727+0000] {logging_mixin.py:190} INFO - [2025-02-19T20:28:41.727+0000] {dag.py:4180} INFO - Setting next_dagrun for example_trigger_controller_dag to 2021-01-01 00:00:00+00:00, run_after=2021-01-01 00:00:00+00:00
[2025-02-19T20:28:41.738+0000] {processor.py:208} INFO - Processing /home/airflow/.local/lib/python3.12/site-packages/airflow/example_dags/example_trigger_controller_dag.py took 0.043 seconds
[2025-02-19T20:29:12.421+0000] {processor.py:186} INFO - Started process (PID=461) to work on /home/airflow/.local/lib/python3.12/site-packages/airflow/example_dags/example_trigger_controller_dag.py
[2025-02-19T20:29:12.422+0000] {processor.py:914} INFO - Processing file /home/airflow/.local/lib/python3.12/site-packages/airflow/example_dags/example_trigger_controller_dag.py for tasks to queue
[2025-02-19T20:29:12.423+0000] {logging_mixin.py:190} INFO - [2025-02-19T20:29:12.423+0000] {dagbag.py:588} INFO - Filling up the DagBag from /home/airflow/.local/lib/python3.12/site-packages/airflow/example_dags/example_trigger_controller_dag.py
[2025-02-19T20:29:12.427+0000] {processor.py:925} INFO - DAG(s) 'example_trigger_controller_dag' retrieved from /home/airflow/.local/lib/python3.12/site-packages/airflow/example_dags/example_trigger_controller_dag.py
[2025-02-19T20:29:12.441+0000] {logging_mixin.py:190} INFO - [2025-02-19T20:29:12.441+0000] {dag.py:3239} INFO - Sync 1 DAGs
[2025-02-19T20:29:12.454+0000] {logging_mixin.py:190} INFO - [2025-02-19T20:29:12.454+0000] {dag.py:4180} INFO - Setting next_dagrun for example_trigger_controller_dag to 2021-01-01 00:00:00+00:00, run_after=2021-01-01 00:00:00+00:00
[2025-02-19T20:29:12.463+0000] {processor.py:208} INFO - Processing /home/airflow/.local/lib/python3.12/site-packages/airflow/example_dags/example_trigger_controller_dag.py took 0.045 seconds
[2025-02-19T20:29:43.330+0000] {processor.py:186} INFO - Started process (PID=522) to work on /home/airflow/.local/lib/python3.12/site-packages/airflow/example_dags/example_trigger_controller_dag.py
[2025-02-19T20:29:43.330+0000] {processor.py:914} INFO - Processing file /home/airflow/.local/lib/python3.12/site-packages/airflow/example_dags/example_trigger_controller_dag.py for tasks to queue
[2025-02-19T20:29:43.332+0000] {logging_mixin.py:190} INFO - [2025-02-19T20:29:43.332+0000] {dagbag.py:588} INFO - Filling up the DagBag from /home/airflow/.local/lib/python3.12/site-packages/airflow/example_dags/example_trigger_controller_dag.py
[2025-02-19T20:29:43.337+0000] {processor.py:925} INFO - DAG(s) 'example_trigger_controller_dag' retrieved from /home/airflow/.local/lib/python3.12/site-packages/airflow/example_dags/example_trigger_controller_dag.py
[2025-02-19T20:29:43.350+0000] {logging_mixin.py:190} INFO - [2025-02-19T20:29:43.350+0000] {dag.py:3239} INFO - Sync 1 DAGs
[2025-02-19T20:29:43.365+0000] {logging_mixin.py:190} INFO - [2025-02-19T20:29:43.365+0000] {dag.py:4180} INFO - Setting next_dagrun for example_trigger_controller_dag to 2021-01-01 00:00:00+00:00, run_after=2021-01-01 00:00:00+00:00
[2025-02-19T20:29:43.376+0000] {processor.py:208} INFO - Processing /home/airflow/.local/lib/python3.12/site-packages/airflow/example_dags/example_trigger_controller_dag.py took 0.050 seconds
[2025-02-19T20:30:13.642+0000] {processor.py:186} INFO - Started process (PID=584) to work on /home/airflow/.local/lib/python3.12/site-packages/airflow/example_dags/example_trigger_controller_dag.py
[2025-02-19T20:30:13.643+0000] {processor.py:914} INFO - Processing file /home/airflow/.local/lib/python3.12/site-packages/airflow/example_dags/example_trigger_controller_dag.py for tasks to queue
[2025-02-19T20:30:13.646+0000] {logging_mixin.py:190} INFO - [2025-02-19T20:30:13.646+0000] {dagbag.py:588} INFO - Filling up the DagBag from /home/airflow/.local/lib/python3.12/site-packages/airflow/example_dags/example_trigger_controller_dag.py
[2025-02-19T20:30:13.652+0000] {processor.py:925} INFO - DAG(s) 'example_trigger_controller_dag' retrieved from /home/airflow/.local/lib/python3.12/site-packages/airflow/example_dags/example_trigger_controller_dag.py
[2025-02-19T20:30:13.666+0000] {logging_mixin.py:190} INFO - [2025-02-19T20:30:13.666+0000] {dag.py:3239} INFO - Sync 1 DAGs
[2025-02-19T20:30:13.679+0000] {logging_mixin.py:190} INFO - [2025-02-19T20:30:13.678+0000] {dag.py:4180} INFO - Setting next_dagrun for example_trigger_controller_dag to 2021-01-01 00:00:00+00:00, run_after=2021-01-01 00:00:00+00:00
[2025-02-19T20:30:13.691+0000] {processor.py:208} INFO - Processing /home/airflow/.local/lib/python3.12/site-packages/airflow/example_dags/example_trigger_controller_dag.py took 0.052 seconds
[2025-02-19T20:30:44.223+0000] {processor.py:186} INFO - Started process (PID=646) to work on /home/airflow/.local/lib/python3.12/site-packages/airflow/example_dags/example_trigger_controller_dag.py
[2025-02-19T20:30:44.224+0000] {processor.py:914} INFO - Processing file /home/airflow/.local/lib/python3.12/site-packages/airflow/example_dags/example_trigger_controller_dag.py for tasks to queue
[2025-02-19T20:30:44.226+0000] {logging_mixin.py:190} INFO - [2025-02-19T20:30:44.226+0000] {dagbag.py:588} INFO - Filling up the DagBag from /home/airflow/.local/lib/python3.12/site-packages/airflow/example_dags/example_trigger_controller_dag.py
[2025-02-19T20:30:44.232+0000] {processor.py:925} INFO - DAG(s) 'example_trigger_controller_dag' retrieved from /home/airflow/.local/lib/python3.12/site-packages/airflow/example_dags/example_trigger_controller_dag.py
[2025-02-19T20:30:44.246+0000] {logging_mixin.py:190} INFO - [2025-02-19T20:30:44.246+0000] {dag.py:3239} INFO - Sync 1 DAGs
[2025-02-19T20:30:44.259+0000] {logging_mixin.py:190} INFO - [2025-02-19T20:30:44.259+0000] {dag.py:4180} INFO - Setting next_dagrun for example_trigger_controller_dag to 2021-01-01 00:00:00+00:00, run_after=2021-01-01 00:00:00+00:00
[2025-02-19T20:30:44.276+0000] {processor.py:208} INFO - Processing /home/airflow/.local/lib/python3.12/site-packages/airflow/example_dags/example_trigger_controller_dag.py took 0.058 seconds
[2025-02-19T20:31:14.889+0000] {processor.py:186} INFO - Started process (PID=708) to work on /home/airflow/.local/lib/python3.12/site-packages/airflow/example_dags/example_trigger_controller_dag.py
[2025-02-19T20:31:14.890+0000] {processor.py:914} INFO - Processing file /home/airflow/.local/lib/python3.12/site-packages/airflow/example_dags/example_trigger_controller_dag.py for tasks to queue
[2025-02-19T20:31:14.893+0000] {logging_mixin.py:190} INFO - [2025-02-19T20:31:14.892+0000] {dagbag.py:588} INFO - Filling up the DagBag from /home/airflow/.local/lib/python3.12/site-packages/airflow/example_dags/example_trigger_controller_dag.py
[2025-02-19T20:31:14.896+0000] {processor.py:925} INFO - DAG(s) 'example_trigger_controller_dag' retrieved from /home/airflow/.local/lib/python3.12/site-packages/airflow/example_dags/example_trigger_controller_dag.py
[2025-02-19T20:31:14.907+0000] {logging_mixin.py:190} INFO - [2025-02-19T20:31:14.907+0000] {dag.py:3239} INFO - Sync 1 DAGs
[2025-02-19T20:31:14.917+0000] {logging_mixin.py:190} INFO - [2025-02-19T20:31:14.917+0000] {dag.py:4180} INFO - Setting next_dagrun for example_trigger_controller_dag to 2021-01-01 00:00:00+00:00, run_after=2021-01-01 00:00:00+00:00
[2025-02-19T20:31:14.929+0000] {processor.py:208} INFO - Processing /home/airflow/.local/lib/python3.12/site-packages/airflow/example_dags/example_trigger_controller_dag.py took 0.043 seconds
[2025-02-19T20:31:45.643+0000] {processor.py:186} INFO - Started process (PID=770) to work on /home/airflow/.local/lib/python3.12/site-packages/airflow/example_dags/example_trigger_controller_dag.py
[2025-02-19T20:31:45.644+0000] {processor.py:914} INFO - Processing file /home/airflow/.local/lib/python3.12/site-packages/airflow/example_dags/example_trigger_controller_dag.py for tasks to queue
[2025-02-19T20:31:45.646+0000] {logging_mixin.py:190} INFO - [2025-02-19T20:31:45.646+0000] {dagbag.py:588} INFO - Filling up the DagBag from /home/airflow/.local/lib/python3.12/site-packages/airflow/example_dags/example_trigger_controller_dag.py
[2025-02-19T20:31:45.651+0000] {processor.py:925} INFO - DAG(s) 'example_trigger_controller_dag' retrieved from /home/airflow/.local/lib/python3.12/site-packages/airflow/example_dags/example_trigger_controller_dag.py
[2025-02-19T20:31:45.665+0000] {logging_mixin.py:190} INFO - [2025-02-19T20:31:45.665+0000] {dag.py:3239} INFO - Sync 1 DAGs
[2025-02-19T20:31:45.678+0000] {logging_mixin.py:190} INFO - [2025-02-19T20:31:45.677+0000] {dag.py:4180} INFO - Setting next_dagrun for example_trigger_controller_dag to 2021-01-01 00:00:00+00:00, run_after=2021-01-01 00:00:00+00:00
[2025-02-19T20:31:45.688+0000] {processor.py:208} INFO - Processing /home/airflow/.local/lib/python3.12/site-packages/airflow/example_dags/example_trigger_controller_dag.py took 0.050 seconds
[2025-02-19T20:32:16.389+0000] {processor.py:186} INFO - Started process (PID=832) to work on /home/airflow/.local/lib/python3.12/site-packages/airflow/example_dags/example_trigger_controller_dag.py
[2025-02-19T20:32:16.390+0000] {processor.py:914} INFO - Processing file /home/airflow/.local/lib/python3.12/site-packages/airflow/example_dags/example_trigger_controller_dag.py for tasks to queue
[2025-02-19T20:32:16.393+0000] {logging_mixin.py:190} INFO - [2025-02-19T20:32:16.393+0000] {dagbag.py:588} INFO - Filling up the DagBag from /home/airflow/.local/lib/python3.12/site-packages/airflow/example_dags/example_trigger_controller_dag.py
[2025-02-19T20:32:16.398+0000] {processor.py:925} INFO - DAG(s) 'example_trigger_controller_dag' retrieved from /home/airflow/.local/lib/python3.12/site-packages/airflow/example_dags/example_trigger_controller_dag.py
[2025-02-19T20:32:16.417+0000] {logging_mixin.py:190} INFO - [2025-02-19T20:32:16.416+0000] {dag.py:3239} INFO - Sync 1 DAGs
[2025-02-19T20:32:16.428+0000] {logging_mixin.py:190} INFO - [2025-02-19T20:32:16.428+0000] {dag.py:4180} INFO - Setting next_dagrun for example_trigger_controller_dag to 2021-01-01 00:00:00+00:00, run_after=2021-01-01 00:00:00+00:00
[2025-02-19T20:32:16.437+0000] {processor.py:208} INFO - Processing /home/airflow/.local/lib/python3.12/site-packages/airflow/example_dags/example_trigger_controller_dag.py took 0.054 seconds
[2025-02-19T20:32:47.399+0000] {processor.py:186} INFO - Started process (PID=894) to work on /home/airflow/.local/lib/python3.12/site-packages/airflow/example_dags/example_trigger_controller_dag.py
[2025-02-19T20:32:47.400+0000] {processor.py:914} INFO - Processing file /home/airflow/.local/lib/python3.12/site-packages/airflow/example_dags/example_trigger_controller_dag.py for tasks to queue
[2025-02-19T20:32:47.401+0000] {logging_mixin.py:190} INFO - [2025-02-19T20:32:47.401+0000] {dagbag.py:588} INFO - Filling up the DagBag from /home/airflow/.local/lib/python3.12/site-packages/airflow/example_dags/example_trigger_controller_dag.py
[2025-02-19T20:32:47.406+0000] {processor.py:925} INFO - DAG(s) 'example_trigger_controller_dag' retrieved from /home/airflow/.local/lib/python3.12/site-packages/airflow/example_dags/example_trigger_controller_dag.py
[2025-02-19T20:32:47.416+0000] {logging_mixin.py:190} INFO - [2025-02-19T20:32:47.416+0000] {dag.py:3239} INFO - Sync 1 DAGs
[2025-02-19T20:32:47.427+0000] {logging_mixin.py:190} INFO - [2025-02-19T20:32:47.427+0000] {dag.py:4180} INFO - Setting next_dagrun for example_trigger_controller_dag to 2021-01-01 00:00:00+00:00, run_after=2021-01-01 00:00:00+00:00
[2025-02-19T20:32:47.438+0000] {processor.py:208} INFO - Processing /home/airflow/.local/lib/python3.12/site-packages/airflow/example_dags/example_trigger_controller_dag.py took 0.043 seconds
[2025-02-19T20:33:18.495+0000] {processor.py:186} INFO - Started process (PID=956) to work on /home/airflow/.local/lib/python3.12/site-packages/airflow/example_dags/example_trigger_controller_dag.py
[2025-02-19T20:33:18.496+0000] {processor.py:914} INFO - Processing file /home/airflow/.local/lib/python3.12/site-packages/airflow/example_dags/example_trigger_controller_dag.py for tasks to queue
[2025-02-19T20:33:18.497+0000] {logging_mixin.py:190} INFO - [2025-02-19T20:33:18.497+0000] {dagbag.py:588} INFO - Filling up the DagBag from /home/airflow/.local/lib/python3.12/site-packages/airflow/example_dags/example_trigger_controller_dag.py
[2025-02-19T20:33:18.503+0000] {processor.py:925} INFO - DAG(s) 'example_trigger_controller_dag' retrieved from /home/airflow/.local/lib/python3.12/site-packages/airflow/example_dags/example_trigger_controller_dag.py
[2025-02-19T20:33:18.533+0000] {logging_mixin.py:190} INFO - [2025-02-19T20:33:18.533+0000] {dag.py:3239} INFO - Sync 1 DAGs
[2025-02-19T20:33:18.548+0000] {logging_mixin.py:190} INFO - [2025-02-19T20:33:18.547+0000] {dag.py:4180} INFO - Setting next_dagrun for example_trigger_controller_dag to 2021-01-01 00:00:00+00:00, run_after=2021-01-01 00:00:00+00:00
[2025-02-19T20:33:18.560+0000] {processor.py:208} INFO - Processing /home/airflow/.local/lib/python3.12/site-packages/airflow/example_dags/example_trigger_controller_dag.py took 0.068 seconds
[2025-02-19T20:33:49.411+0000] {processor.py:186} INFO - Started process (PID=1018) to work on /home/airflow/.local/lib/python3.12/site-packages/airflow/example_dags/example_trigger_controller_dag.py
[2025-02-19T20:33:49.412+0000] {processor.py:914} INFO - Processing file /home/airflow/.local/lib/python3.12/site-packages/airflow/example_dags/example_trigger_controller_dag.py for tasks to queue
[2025-02-19T20:33:49.413+0000] {logging_mixin.py:190} INFO - [2025-02-19T20:33:49.413+0000] {dagbag.py:588} INFO - Filling up the DagBag from /home/airflow/.local/lib/python3.12/site-packages/airflow/example_dags/example_trigger_controller_dag.py
[2025-02-19T20:33:49.417+0000] {processor.py:925} INFO - DAG(s) 'example_trigger_controller_dag' retrieved from /home/airflow/.local/lib/python3.12/site-packages/airflow/example_dags/example_trigger_controller_dag.py
[2025-02-19T20:33:49.430+0000] {logging_mixin.py:190} INFO - [2025-02-19T20:33:49.430+0000] {dag.py:3239} INFO - Sync 1 DAGs
[2025-02-19T20:33:49.444+0000] {logging_mixin.py:190} INFO - [2025-02-19T20:33:49.444+0000] {dag.py:4180} INFO - Setting next_dagrun for example_trigger_controller_dag to 2021-01-01 00:00:00+00:00, run_after=2021-01-01 00:00:00+00:00
[2025-02-19T20:33:49.454+0000] {processor.py:208} INFO - Processing /home/airflow/.local/lib/python3.12/site-packages/airflow/example_dags/example_trigger_controller_dag.py took 0.048 seconds
[2025-02-19T20:34:20.370+0000] {processor.py:186} INFO - Started process (PID=1080) to work on /home/airflow/.local/lib/python3.12/site-packages/airflow/example_dags/example_trigger_controller_dag.py
[2025-02-19T20:34:20.371+0000] {processor.py:914} INFO - Processing file /home/airflow/.local/lib/python3.12/site-packages/airflow/example_dags/example_trigger_controller_dag.py for tasks to queue
[2025-02-19T20:34:20.373+0000] {logging_mixin.py:190} INFO - [2025-02-19T20:34:20.373+0000] {dagbag.py:588} INFO - Filling up the DagBag from /home/airflow/.local/lib/python3.12/site-packages/airflow/example_dags/example_trigger_controller_dag.py
[2025-02-19T20:34:20.378+0000] {processor.py:925} INFO - DAG(s) 'example_trigger_controller_dag' retrieved from /home/airflow/.local/lib/python3.12/site-packages/airflow/example_dags/example_trigger_controller_dag.py
[2025-02-19T20:34:20.390+0000] {logging_mixin.py:190} INFO - [2025-02-19T20:34:20.389+0000] {dag.py:3239} INFO - Sync 1 DAGs
[2025-02-19T20:34:20.402+0000] {logging_mixin.py:190} INFO - [2025-02-19T20:34:20.401+0000] {dag.py:4180} INFO - Setting next_dagrun for example_trigger_controller_dag to 2021-01-01 00:00:00+00:00, run_after=2021-01-01 00:00:00+00:00
[2025-02-19T20:34:20.410+0000] {processor.py:208} INFO - Processing /home/airflow/.local/lib/python3.12/site-packages/airflow/example_dags/example_trigger_controller_dag.py took 0.045 seconds
[2025-02-19T20:34:51.598+0000] {processor.py:186} INFO - Started process (PID=1142) to work on /home/airflow/.local/lib/python3.12/site-packages/airflow/example_dags/example_trigger_controller_dag.py
[2025-02-19T20:34:51.599+0000] {processor.py:914} INFO - Processing file /home/airflow/.local/lib/python3.12/site-packages/airflow/example_dags/example_trigger_controller_dag.py for tasks to queue
[2025-02-19T20:34:51.601+0000] {logging_mixin.py:190} INFO - [2025-02-19T20:34:51.600+0000] {dagbag.py:588} INFO - Filling up the DagBag from /home/airflow/.local/lib/python3.12/site-packages/airflow/example_dags/example_trigger_controller_dag.py
[2025-02-19T20:34:51.608+0000] {processor.py:925} INFO - DAG(s) 'example_trigger_controller_dag' retrieved from /home/airflow/.local/lib/python3.12/site-packages/airflow/example_dags/example_trigger_controller_dag.py
[2025-02-19T20:34:51.618+0000] {logging_mixin.py:190} INFO - [2025-02-19T20:34:51.618+0000] {dag.py:3239} INFO - Sync 1 DAGs
[2025-02-19T20:34:51.634+0000] {logging_mixin.py:190} INFO - [2025-02-19T20:34:51.633+0000] {dag.py:4180} INFO - Setting next_dagrun for example_trigger_controller_dag to 2021-01-01 00:00:00+00:00, run_after=2021-01-01 00:00:00+00:00
[2025-02-19T20:34:51.641+0000] {processor.py:208} INFO - Processing /home/airflow/.local/lib/python3.12/site-packages/airflow/example_dags/example_trigger_controller_dag.py took 0.047 seconds
[2025-02-19T20:35:23.435+0000] {processor.py:186} INFO - Started process (PID=1203) to work on /home/airflow/.local/lib/python3.12/site-packages/airflow/example_dags/example_trigger_controller_dag.py
[2025-02-19T20:35:23.436+0000] {processor.py:914} INFO - Processing file /home/airflow/.local/lib/python3.12/site-packages/airflow/example_dags/example_trigger_controller_dag.py for tasks to queue
[2025-02-19T20:35:23.439+0000] {logging_mixin.py:190} INFO - [2025-02-19T20:35:23.439+0000] {dagbag.py:588} INFO - Filling up the DagBag from /home/airflow/.local/lib/python3.12/site-packages/airflow/example_dags/example_trigger_controller_dag.py
[2025-02-19T20:35:23.447+0000] {processor.py:925} INFO - DAG(s) 'example_trigger_controller_dag' retrieved from /home/airflow/.local/lib/python3.12/site-packages/airflow/example_dags/example_trigger_controller_dag.py
[2025-02-19T20:35:23.468+0000] {logging_mixin.py:190} INFO - [2025-02-19T20:35:23.468+0000] {dag.py:3239} INFO - Sync 1 DAGs
[2025-02-19T20:35:23.499+0000] {logging_mixin.py:190} INFO - [2025-02-19T20:35:23.499+0000] {dag.py:4180} INFO - Setting next_dagrun for example_trigger_controller_dag to 2021-01-01 00:00:00+00:00, run_after=2021-01-01 00:00:00+00:00
[2025-02-19T20:35:23.518+0000] {processor.py:208} INFO - Processing /home/airflow/.local/lib/python3.12/site-packages/airflow/example_dags/example_trigger_controller_dag.py took 0.087 seconds
[2025-02-19T20:35:53.924+0000] {processor.py:186} INFO - Started process (PID=1265) to work on /home/airflow/.local/lib/python3.12/site-packages/airflow/example_dags/example_trigger_controller_dag.py
[2025-02-19T20:35:53.925+0000] {processor.py:914} INFO - Processing file /home/airflow/.local/lib/python3.12/site-packages/airflow/example_dags/example_trigger_controller_dag.py for tasks to queue
[2025-02-19T20:35:53.927+0000] {logging_mixin.py:190} INFO - [2025-02-19T20:35:53.927+0000] {dagbag.py:588} INFO - Filling up the DagBag from /home/airflow/.local/lib/python3.12/site-packages/airflow/example_dags/example_trigger_controller_dag.py
[2025-02-19T20:35:53.932+0000] {processor.py:925} INFO - DAG(s) 'example_trigger_controller_dag' retrieved from /home/airflow/.local/lib/python3.12/site-packages/airflow/example_dags/example_trigger_controller_dag.py
[2025-02-19T20:35:53.949+0000] {logging_mixin.py:190} INFO - [2025-02-19T20:35:53.949+0000] {dag.py:3239} INFO - Sync 1 DAGs
[2025-02-19T20:35:53.969+0000] {logging_mixin.py:190} INFO - [2025-02-19T20:35:53.969+0000] {dag.py:4180} INFO - Setting next_dagrun for example_trigger_controller_dag to 2021-01-01 00:00:00+00:00, run_after=2021-01-01 00:00:00+00:00
[2025-02-19T20:35:53.985+0000] {processor.py:208} INFO - Processing /home/airflow/.local/lib/python3.12/site-packages/airflow/example_dags/example_trigger_controller_dag.py took 0.065 seconds
[2025-02-19T20:36:24.690+0000] {processor.py:186} INFO - Started process (PID=1327) to work on /home/airflow/.local/lib/python3.12/site-packages/airflow/example_dags/example_trigger_controller_dag.py
[2025-02-19T20:36:24.693+0000] {processor.py:914} INFO - Processing file /home/airflow/.local/lib/python3.12/site-packages/airflow/example_dags/example_trigger_controller_dag.py for tasks to queue
[2025-02-19T20:36:24.694+0000] {logging_mixin.py:190} INFO - [2025-02-19T20:36:24.694+0000] {dagbag.py:588} INFO - Filling up the DagBag from /home/airflow/.local/lib/python3.12/site-packages/airflow/example_dags/example_trigger_controller_dag.py
[2025-02-19T20:36:24.699+0000] {processor.py:925} INFO - DAG(s) 'example_trigger_controller_dag' retrieved from /home/airflow/.local/lib/python3.12/site-packages/airflow/example_dags/example_trigger_controller_dag.py
[2025-02-19T20:36:24.714+0000] {logging_mixin.py:190} INFO - [2025-02-19T20:36:24.714+0000] {dag.py:3239} INFO - Sync 1 DAGs
[2025-02-19T20:36:24.729+0000] {logging_mixin.py:190} INFO - [2025-02-19T20:36:24.729+0000] {dag.py:4180} INFO - Setting next_dagrun for example_trigger_controller_dag to 2021-01-01 00:00:00+00:00, run_after=2021-01-01 00:00:00+00:00
[2025-02-19T20:36:24.738+0000] {processor.py:208} INFO - Processing /home/airflow/.local/lib/python3.12/site-packages/airflow/example_dags/example_trigger_controller_dag.py took 0.052 seconds
[2025-02-19T20:36:55.068+0000] {processor.py:186} INFO - Started process (PID=1389) to work on /home/airflow/.local/lib/python3.12/site-packages/airflow/example_dags/example_trigger_controller_dag.py
[2025-02-19T20:36:55.068+0000] {processor.py:914} INFO - Processing file /home/airflow/.local/lib/python3.12/site-packages/airflow/example_dags/example_trigger_controller_dag.py for tasks to queue
[2025-02-19T20:36:55.071+0000] {logging_mixin.py:190} INFO - [2025-02-19T20:36:55.070+0000] {dagbag.py:588} INFO - Filling up the DagBag from /home/airflow/.local/lib/python3.12/site-packages/airflow/example_dags/example_trigger_controller_dag.py
[2025-02-19T20:36:55.075+0000] {processor.py:925} INFO - DAG(s) 'example_trigger_controller_dag' retrieved from /home/airflow/.local/lib/python3.12/site-packages/airflow/example_dags/example_trigger_controller_dag.py
[2025-02-19T20:36:55.094+0000] {logging_mixin.py:190} INFO - [2025-02-19T20:36:55.094+0000] {dag.py:3239} INFO - Sync 1 DAGs
[2025-02-19T20:36:55.107+0000] {logging_mixin.py:190} INFO - [2025-02-19T20:36:55.106+0000] {dag.py:4180} INFO - Setting next_dagrun for example_trigger_controller_dag to 2021-01-01 00:00:00+00:00, run_after=2021-01-01 00:00:00+00:00
[2025-02-19T20:36:55.118+0000] {processor.py:208} INFO - Processing /home/airflow/.local/lib/python3.12/site-packages/airflow/example_dags/example_trigger_controller_dag.py took 0.054 seconds
[2025-02-19T20:37:25.969+0000] {processor.py:186} INFO - Started process (PID=1451) to work on /home/airflow/.local/lib/python3.12/site-packages/airflow/example_dags/example_trigger_controller_dag.py
[2025-02-19T20:37:25.970+0000] {processor.py:914} INFO - Processing file /home/airflow/.local/lib/python3.12/site-packages/airflow/example_dags/example_trigger_controller_dag.py for tasks to queue
[2025-02-19T20:37:25.972+0000] {logging_mixin.py:190} INFO - [2025-02-19T20:37:25.972+0000] {dagbag.py:588} INFO - Filling up the DagBag from /home/airflow/.local/lib/python3.12/site-packages/airflow/example_dags/example_trigger_controller_dag.py
[2025-02-19T20:37:25.977+0000] {processor.py:925} INFO - DAG(s) 'example_trigger_controller_dag' retrieved from /home/airflow/.local/lib/python3.12/site-packages/airflow/example_dags/example_trigger_controller_dag.py
[2025-02-19T20:37:25.990+0000] {logging_mixin.py:190} INFO - [2025-02-19T20:37:25.990+0000] {dag.py:3239} INFO - Sync 1 DAGs
[2025-02-19T20:37:26.001+0000] {logging_mixin.py:190} INFO - [2025-02-19T20:37:26.001+0000] {dag.py:4180} INFO - Setting next_dagrun for example_trigger_controller_dag to 2021-01-01 00:00:00+00:00, run_after=2021-01-01 00:00:00+00:00
[2025-02-19T20:37:26.014+0000] {processor.py:208} INFO - Processing /home/airflow/.local/lib/python3.12/site-packages/airflow/example_dags/example_trigger_controller_dag.py took 0.048 seconds
[2025-02-19T20:37:56.935+0000] {processor.py:186} INFO - Started process (PID=1513) to work on /home/airflow/.local/lib/python3.12/site-packages/airflow/example_dags/example_trigger_controller_dag.py
[2025-02-19T20:37:56.936+0000] {processor.py:914} INFO - Processing file /home/airflow/.local/lib/python3.12/site-packages/airflow/example_dags/example_trigger_controller_dag.py for tasks to queue
[2025-02-19T20:37:56.938+0000] {logging_mixin.py:190} INFO - [2025-02-19T20:37:56.938+0000] {dagbag.py:588} INFO - Filling up the DagBag from /home/airflow/.local/lib/python3.12/site-packages/airflow/example_dags/example_trigger_controller_dag.py
[2025-02-19T20:37:56.943+0000] {processor.py:925} INFO - DAG(s) 'example_trigger_controller_dag' retrieved from /home/airflow/.local/lib/python3.12/site-packages/airflow/example_dags/example_trigger_controller_dag.py
[2025-02-19T20:37:56.954+0000] {logging_mixin.py:190} INFO - [2025-02-19T20:37:56.954+0000] {dag.py:3239} INFO - Sync 1 DAGs
[2025-02-19T20:37:56.966+0000] {logging_mixin.py:190} INFO - [2025-02-19T20:37:56.966+0000] {dag.py:4180} INFO - Setting next_dagrun for example_trigger_controller_dag to 2021-01-01 00:00:00+00:00, run_after=2021-01-01 00:00:00+00:00
[2025-02-19T20:37:56.975+0000] {processor.py:208} INFO - Processing /home/airflow/.local/lib/python3.12/site-packages/airflow/example_dags/example_trigger_controller_dag.py took 0.043 seconds
[2025-02-19T20:38:28.343+0000] {processor.py:186} INFO - Started process (PID=1575) to work on /home/airflow/.local/lib/python3.12/site-packages/airflow/example_dags/example_trigger_controller_dag.py
[2025-02-19T20:38:28.344+0000] {processor.py:914} INFO - Processing file /home/airflow/.local/lib/python3.12/site-packages/airflow/example_dags/example_trigger_controller_dag.py for tasks to queue
[2025-02-19T20:38:28.347+0000] {logging_mixin.py:190} INFO - [2025-02-19T20:38:28.347+0000] {dagbag.py:588} INFO - Filling up the DagBag from /home/airflow/.local/lib/python3.12/site-packages/airflow/example_dags/example_trigger_controller_dag.py
[2025-02-19T20:38:28.355+0000] {processor.py:925} INFO - DAG(s) 'example_trigger_controller_dag' retrieved from /home/airflow/.local/lib/python3.12/site-packages/airflow/example_dags/example_trigger_controller_dag.py
[2025-02-19T20:38:28.383+0000] {logging_mixin.py:190} INFO - [2025-02-19T20:38:28.382+0000] {dag.py:3239} INFO - Sync 1 DAGs
[2025-02-19T20:38:28.401+0000] {logging_mixin.py:190} INFO - [2025-02-19T20:38:28.401+0000] {dag.py:4180} INFO - Setting next_dagrun for example_trigger_controller_dag to 2021-01-01 00:00:00+00:00, run_after=2021-01-01 00:00:00+00:00
[2025-02-19T20:38:28.420+0000] {processor.py:208} INFO - Processing /home/airflow/.local/lib/python3.12/site-packages/airflow/example_dags/example_trigger_controller_dag.py took 0.083 seconds
[2025-02-19T20:38:58.636+0000] {processor.py:186} INFO - Started process (PID=1637) to work on /home/airflow/.local/lib/python3.12/site-packages/airflow/example_dags/example_trigger_controller_dag.py
[2025-02-19T20:38:58.638+0000] {processor.py:914} INFO - Processing file /home/airflow/.local/lib/python3.12/site-packages/airflow/example_dags/example_trigger_controller_dag.py for tasks to queue
[2025-02-19T20:38:58.639+0000] {logging_mixin.py:190} INFO - [2025-02-19T20:38:58.639+0000] {dagbag.py:588} INFO - Filling up the DagBag from /home/airflow/.local/lib/python3.12/site-packages/airflow/example_dags/example_trigger_controller_dag.py
[2025-02-19T20:38:58.644+0000] {processor.py:925} INFO - DAG(s) 'example_trigger_controller_dag' retrieved from /home/airflow/.local/lib/python3.12/site-packages/airflow/example_dags/example_trigger_controller_dag.py
[2025-02-19T20:38:58.656+0000] {logging_mixin.py:190} INFO - [2025-02-19T20:38:58.656+0000] {dag.py:3239} INFO - Sync 1 DAGs
[2025-02-19T20:38:58.668+0000] {logging_mixin.py:190} INFO - [2025-02-19T20:38:58.668+0000] {dag.py:4180} INFO - Setting next_dagrun for example_trigger_controller_dag to 2021-01-01 00:00:00+00:00, run_after=2021-01-01 00:00:00+00:00
[2025-02-19T20:38:58.679+0000] {processor.py:208} INFO - Processing /home/airflow/.local/lib/python3.12/site-packages/airflow/example_dags/example_trigger_controller_dag.py took 0.047 seconds
[2025-02-19T20:39:29.778+0000] {processor.py:186} INFO - Started process (PID=1699) to work on /home/airflow/.local/lib/python3.12/site-packages/airflow/example_dags/example_trigger_controller_dag.py
[2025-02-19T20:39:29.779+0000] {processor.py:914} INFO - Processing file /home/airflow/.local/lib/python3.12/site-packages/airflow/example_dags/example_trigger_controller_dag.py for tasks to queue
[2025-02-19T20:39:29.780+0000] {logging_mixin.py:190} INFO - [2025-02-19T20:39:29.780+0000] {dagbag.py:588} INFO - Filling up the DagBag from /home/airflow/.local/lib/python3.12/site-packages/airflow/example_dags/example_trigger_controller_dag.py
[2025-02-19T20:39:29.784+0000] {processor.py:925} INFO - DAG(s) 'example_trigger_controller_dag' retrieved from /home/airflow/.local/lib/python3.12/site-packages/airflow/example_dags/example_trigger_controller_dag.py
[2025-02-19T20:39:29.795+0000] {logging_mixin.py:190} INFO - [2025-02-19T20:39:29.795+0000] {dag.py:3239} INFO - Sync 1 DAGs
[2025-02-19T20:39:29.810+0000] {logging_mixin.py:190} INFO - [2025-02-19T20:39:29.810+0000] {dag.py:4180} INFO - Setting next_dagrun for example_trigger_controller_dag to 2021-01-01 00:00:00+00:00, run_after=2021-01-01 00:00:00+00:00
[2025-02-19T20:39:29.819+0000] {processor.py:208} INFO - Processing /home/airflow/.local/lib/python3.12/site-packages/airflow/example_dags/example_trigger_controller_dag.py took 0.045 seconds
[2025-02-19T20:40:02.044+0000] {processor.py:186} INFO - Started process (PID=1761) to work on /home/airflow/.local/lib/python3.12/site-packages/airflow/example_dags/example_trigger_controller_dag.py
[2025-02-19T20:40:02.048+0000] {processor.py:914} INFO - Processing file /home/airflow/.local/lib/python3.12/site-packages/airflow/example_dags/example_trigger_controller_dag.py for tasks to queue
[2025-02-19T20:40:02.053+0000] {logging_mixin.py:190} INFO - [2025-02-19T20:40:02.052+0000] {dagbag.py:588} INFO - Filling up the DagBag from /home/airflow/.local/lib/python3.12/site-packages/airflow/example_dags/example_trigger_controller_dag.py
[2025-02-19T20:40:02.073+0000] {processor.py:925} INFO - DAG(s) 'example_trigger_controller_dag' retrieved from /home/airflow/.local/lib/python3.12/site-packages/airflow/example_dags/example_trigger_controller_dag.py
[2025-02-19T20:40:02.139+0000] {logging_mixin.py:190} INFO - [2025-02-19T20:40:02.138+0000] {dag.py:3239} INFO - Sync 1 DAGs
[2025-02-19T20:40:02.176+0000] {logging_mixin.py:190} INFO - [2025-02-19T20:40:02.175+0000] {dag.py:4180} INFO - Setting next_dagrun for example_trigger_controller_dag to 2021-01-01 00:00:00+00:00, run_after=2021-01-01 00:00:00+00:00
[2025-02-19T20:40:02.219+0000] {processor.py:208} INFO - Processing /home/airflow/.local/lib/python3.12/site-packages/airflow/example_dags/example_trigger_controller_dag.py took 0.185 seconds
[2025-02-19T20:40:32.675+0000] {processor.py:186} INFO - Started process (PID=1823) to work on /home/airflow/.local/lib/python3.12/site-packages/airflow/example_dags/example_trigger_controller_dag.py
[2025-02-19T20:40:32.676+0000] {processor.py:914} INFO - Processing file /home/airflow/.local/lib/python3.12/site-packages/airflow/example_dags/example_trigger_controller_dag.py for tasks to queue
[2025-02-19T20:40:32.677+0000] {logging_mixin.py:190} INFO - [2025-02-19T20:40:32.677+0000] {dagbag.py:588} INFO - Filling up the DagBag from /home/airflow/.local/lib/python3.12/site-packages/airflow/example_dags/example_trigger_controller_dag.py
[2025-02-19T20:40:32.682+0000] {processor.py:925} INFO - DAG(s) 'example_trigger_controller_dag' retrieved from /home/airflow/.local/lib/python3.12/site-packages/airflow/example_dags/example_trigger_controller_dag.py
[2025-02-19T20:40:32.696+0000] {logging_mixin.py:190} INFO - [2025-02-19T20:40:32.696+0000] {dag.py:3239} INFO - Sync 1 DAGs
[2025-02-19T20:40:32.716+0000] {logging_mixin.py:190} INFO - [2025-02-19T20:40:32.716+0000] {dag.py:4180} INFO - Setting next_dagrun for example_trigger_controller_dag to 2021-01-01 00:00:00+00:00, run_after=2021-01-01 00:00:00+00:00
[2025-02-19T20:40:32.728+0000] {processor.py:208} INFO - Processing /home/airflow/.local/lib/python3.12/site-packages/airflow/example_dags/example_trigger_controller_dag.py took 0.058 seconds
[2025-02-19T20:41:03.198+0000] {processor.py:186} INFO - Started process (PID=1884) to work on /home/airflow/.local/lib/python3.12/site-packages/airflow/example_dags/example_trigger_controller_dag.py
[2025-02-19T20:41:03.200+0000] {processor.py:914} INFO - Processing file /home/airflow/.local/lib/python3.12/site-packages/airflow/example_dags/example_trigger_controller_dag.py for tasks to queue
[2025-02-19T20:41:03.206+0000] {logging_mixin.py:190} INFO - [2025-02-19T20:41:03.205+0000] {dagbag.py:588} INFO - Filling up the DagBag from /home/airflow/.local/lib/python3.12/site-packages/airflow/example_dags/example_trigger_controller_dag.py
[2025-02-19T20:41:03.224+0000] {processor.py:925} INFO - DAG(s) 'example_trigger_controller_dag' retrieved from /home/airflow/.local/lib/python3.12/site-packages/airflow/example_dags/example_trigger_controller_dag.py
[2025-02-19T20:41:03.275+0000] {logging_mixin.py:190} INFO - [2025-02-19T20:41:03.275+0000] {dag.py:3239} INFO - Sync 1 DAGs
[2025-02-19T20:41:03.305+0000] {logging_mixin.py:190} INFO - [2025-02-19T20:41:03.305+0000] {dag.py:4180} INFO - Setting next_dagrun for example_trigger_controller_dag to 2021-01-01 00:00:00+00:00, run_after=2021-01-01 00:00:00+00:00
[2025-02-19T20:41:03.323+0000] {processor.py:208} INFO - Processing /home/airflow/.local/lib/python3.12/site-packages/airflow/example_dags/example_trigger_controller_dag.py took 0.142 seconds
[2025-02-19T20:41:33.808+0000] {processor.py:186} INFO - Started process (PID=1946) to work on /home/airflow/.local/lib/python3.12/site-packages/airflow/example_dags/example_trigger_controller_dag.py
[2025-02-19T20:41:33.809+0000] {processor.py:914} INFO - Processing file /home/airflow/.local/lib/python3.12/site-packages/airflow/example_dags/example_trigger_controller_dag.py for tasks to queue
[2025-02-19T20:41:33.810+0000] {logging_mixin.py:190} INFO - [2025-02-19T20:41:33.810+0000] {dagbag.py:588} INFO - Filling up the DagBag from /home/airflow/.local/lib/python3.12/site-packages/airflow/example_dags/example_trigger_controller_dag.py
[2025-02-19T20:41:33.815+0000] {processor.py:925} INFO - DAG(s) 'example_trigger_controller_dag' retrieved from /home/airflow/.local/lib/python3.12/site-packages/airflow/example_dags/example_trigger_controller_dag.py
[2025-02-19T20:41:33.828+0000] {logging_mixin.py:190} INFO - [2025-02-19T20:41:33.828+0000] {dag.py:3239} INFO - Sync 1 DAGs
[2025-02-19T20:41:33.844+0000] {logging_mixin.py:190} INFO - [2025-02-19T20:41:33.843+0000] {dag.py:4180} INFO - Setting next_dagrun for example_trigger_controller_dag to 2021-01-01 00:00:00+00:00, run_after=2021-01-01 00:00:00+00:00
[2025-02-19T20:41:33.853+0000] {processor.py:208} INFO - Processing /home/airflow/.local/lib/python3.12/site-packages/airflow/example_dags/example_trigger_controller_dag.py took 0.050 seconds
[2025-02-19T20:42:03.923+0000] {processor.py:186} INFO - Started process (PID=2008) to work on /home/airflow/.local/lib/python3.12/site-packages/airflow/example_dags/example_trigger_controller_dag.py
[2025-02-19T20:42:03.924+0000] {processor.py:914} INFO - Processing file /home/airflow/.local/lib/python3.12/site-packages/airflow/example_dags/example_trigger_controller_dag.py for tasks to queue
[2025-02-19T20:42:03.925+0000] {logging_mixin.py:190} INFO - [2025-02-19T20:42:03.925+0000] {dagbag.py:588} INFO - Filling up the DagBag from /home/airflow/.local/lib/python3.12/site-packages/airflow/example_dags/example_trigger_controller_dag.py
[2025-02-19T20:42:03.928+0000] {processor.py:925} INFO - DAG(s) 'example_trigger_controller_dag' retrieved from /home/airflow/.local/lib/python3.12/site-packages/airflow/example_dags/example_trigger_controller_dag.py
[2025-02-19T20:42:03.937+0000] {logging_mixin.py:190} INFO - [2025-02-19T20:42:03.937+0000] {dag.py:3239} INFO - Sync 1 DAGs
[2025-02-19T20:42:03.947+0000] {logging_mixin.py:190} INFO - [2025-02-19T20:42:03.947+0000] {dag.py:4180} INFO - Setting next_dagrun for example_trigger_controller_dag to 2021-01-01 00:00:00+00:00, run_after=2021-01-01 00:00:00+00:00
[2025-02-19T20:42:03.955+0000] {processor.py:208} INFO - Processing /home/airflow/.local/lib/python3.12/site-packages/airflow/example_dags/example_trigger_controller_dag.py took 0.035 seconds
[2025-02-19T20:42:35.641+0000] {processor.py:186} INFO - Started process (PID=2070) to work on /home/airflow/.local/lib/python3.12/site-packages/airflow/example_dags/example_trigger_controller_dag.py
[2025-02-19T20:42:35.643+0000] {processor.py:914} INFO - Processing file /home/airflow/.local/lib/python3.12/site-packages/airflow/example_dags/example_trigger_controller_dag.py for tasks to queue
[2025-02-19T20:42:35.644+0000] {logging_mixin.py:190} INFO - [2025-02-19T20:42:35.644+0000] {dagbag.py:588} INFO - Filling up the DagBag from /home/airflow/.local/lib/python3.12/site-packages/airflow/example_dags/example_trigger_controller_dag.py
[2025-02-19T20:42:35.648+0000] {processor.py:925} INFO - DAG(s) 'example_trigger_controller_dag' retrieved from /home/airflow/.local/lib/python3.12/site-packages/airflow/example_dags/example_trigger_controller_dag.py
[2025-02-19T20:42:35.657+0000] {logging_mixin.py:190} INFO - [2025-02-19T20:42:35.657+0000] {dag.py:3239} INFO - Sync 1 DAGs
[2025-02-19T20:42:35.668+0000] {logging_mixin.py:190} INFO - [2025-02-19T20:42:35.668+0000] {dag.py:4180} INFO - Setting next_dagrun for example_trigger_controller_dag to 2021-01-01 00:00:00+00:00, run_after=2021-01-01 00:00:00+00:00
[2025-02-19T20:42:35.678+0000] {processor.py:208} INFO - Processing /home/airflow/.local/lib/python3.12/site-packages/airflow/example_dags/example_trigger_controller_dag.py took 0.040 seconds
[2025-02-19T20:43:06.582+0000] {processor.py:186} INFO - Started process (PID=2133) to work on /home/airflow/.local/lib/python3.12/site-packages/airflow/example_dags/example_trigger_controller_dag.py
[2025-02-19T20:43:06.583+0000] {processor.py:914} INFO - Processing file /home/airflow/.local/lib/python3.12/site-packages/airflow/example_dags/example_trigger_controller_dag.py for tasks to queue
[2025-02-19T20:43:06.584+0000] {logging_mixin.py:190} INFO - [2025-02-19T20:43:06.583+0000] {dagbag.py:588} INFO - Filling up the DagBag from /home/airflow/.local/lib/python3.12/site-packages/airflow/example_dags/example_trigger_controller_dag.py
[2025-02-19T20:43:06.587+0000] {processor.py:925} INFO - DAG(s) 'example_trigger_controller_dag' retrieved from /home/airflow/.local/lib/python3.12/site-packages/airflow/example_dags/example_trigger_controller_dag.py
[2025-02-19T20:43:06.596+0000] {logging_mixin.py:190} INFO - [2025-02-19T20:43:06.596+0000] {dag.py:3239} INFO - Sync 1 DAGs
[2025-02-19T20:43:06.606+0000] {logging_mixin.py:190} INFO - [2025-02-19T20:43:06.606+0000] {dag.py:4180} INFO - Setting next_dagrun for example_trigger_controller_dag to 2021-01-01 00:00:00+00:00, run_after=2021-01-01 00:00:00+00:00
[2025-02-19T20:43:06.615+0000] {processor.py:208} INFO - Processing /home/airflow/.local/lib/python3.12/site-packages/airflow/example_dags/example_trigger_controller_dag.py took 0.037 seconds
[2025-02-19T20:43:37.552+0000] {processor.py:186} INFO - Started process (PID=2195) to work on /home/airflow/.local/lib/python3.12/site-packages/airflow/example_dags/example_trigger_controller_dag.py
[2025-02-19T20:43:37.553+0000] {processor.py:914} INFO - Processing file /home/airflow/.local/lib/python3.12/site-packages/airflow/example_dags/example_trigger_controller_dag.py for tasks to queue
[2025-02-19T20:43:37.554+0000] {logging_mixin.py:190} INFO - [2025-02-19T20:43:37.554+0000] {dagbag.py:588} INFO - Filling up the DagBag from /home/airflow/.local/lib/python3.12/site-packages/airflow/example_dags/example_trigger_controller_dag.py
[2025-02-19T20:43:37.557+0000] {processor.py:925} INFO - DAG(s) 'example_trigger_controller_dag' retrieved from /home/airflow/.local/lib/python3.12/site-packages/airflow/example_dags/example_trigger_controller_dag.py
[2025-02-19T20:43:37.566+0000] {logging_mixin.py:190} INFO - [2025-02-19T20:43:37.566+0000] {dag.py:3239} INFO - Sync 1 DAGs
[2025-02-19T20:43:37.577+0000] {logging_mixin.py:190} INFO - [2025-02-19T20:43:37.577+0000] {dag.py:4180} INFO - Setting next_dagrun for example_trigger_controller_dag to 2021-01-01 00:00:00+00:00, run_after=2021-01-01 00:00:00+00:00
[2025-02-19T20:43:37.591+0000] {processor.py:208} INFO - Processing /home/airflow/.local/lib/python3.12/site-packages/airflow/example_dags/example_trigger_controller_dag.py took 0.042 seconds
[2025-02-19T20:44:08.663+0000] {processor.py:186} INFO - Started process (PID=2257) to work on /home/airflow/.local/lib/python3.12/site-packages/airflow/example_dags/example_trigger_controller_dag.py
[2025-02-19T20:44:08.663+0000] {processor.py:914} INFO - Processing file /home/airflow/.local/lib/python3.12/site-packages/airflow/example_dags/example_trigger_controller_dag.py for tasks to queue
[2025-02-19T20:44:08.664+0000] {logging_mixin.py:190} INFO - [2025-02-19T20:44:08.664+0000] {dagbag.py:588} INFO - Filling up the DagBag from /home/airflow/.local/lib/python3.12/site-packages/airflow/example_dags/example_trigger_controller_dag.py
[2025-02-19T20:44:08.668+0000] {processor.py:925} INFO - DAG(s) 'example_trigger_controller_dag' retrieved from /home/airflow/.local/lib/python3.12/site-packages/airflow/example_dags/example_trigger_controller_dag.py
[2025-02-19T20:44:08.678+0000] {logging_mixin.py:190} INFO - [2025-02-19T20:44:08.678+0000] {dag.py:3239} INFO - Sync 1 DAGs
[2025-02-19T20:44:08.691+0000] {logging_mixin.py:190} INFO - [2025-02-19T20:44:08.691+0000] {dag.py:4180} INFO - Setting next_dagrun for example_trigger_controller_dag to 2021-01-01 00:00:00+00:00, run_after=2021-01-01 00:00:00+00:00
[2025-02-19T20:44:08.702+0000] {processor.py:208} INFO - Processing /home/airflow/.local/lib/python3.12/site-packages/airflow/example_dags/example_trigger_controller_dag.py took 0.043 seconds
[2025-02-19T20:44:40.009+0000] {processor.py:186} INFO - Started process (PID=2319) to work on /home/airflow/.local/lib/python3.12/site-packages/airflow/example_dags/example_trigger_controller_dag.py
[2025-02-19T20:44:40.011+0000] {processor.py:914} INFO - Processing file /home/airflow/.local/lib/python3.12/site-packages/airflow/example_dags/example_trigger_controller_dag.py for tasks to queue
[2025-02-19T20:44:40.013+0000] {logging_mixin.py:190} INFO - [2025-02-19T20:44:40.013+0000] {dagbag.py:588} INFO - Filling up the DagBag from /home/airflow/.local/lib/python3.12/site-packages/airflow/example_dags/example_trigger_controller_dag.py
[2025-02-19T20:44:40.018+0000] {processor.py:925} INFO - DAG(s) 'example_trigger_controller_dag' retrieved from /home/airflow/.local/lib/python3.12/site-packages/airflow/example_dags/example_trigger_controller_dag.py
[2025-02-19T20:44:40.054+0000] {logging_mixin.py:190} INFO - [2025-02-19T20:44:40.053+0000] {dag.py:3239} INFO - Sync 1 DAGs
[2025-02-19T20:44:40.077+0000] {logging_mixin.py:190} INFO - [2025-02-19T20:44:40.076+0000] {dag.py:4180} INFO - Setting next_dagrun for example_trigger_controller_dag to 2021-01-01 00:00:00+00:00, run_after=2021-01-01 00:00:00+00:00
[2025-02-19T20:44:40.087+0000] {processor.py:208} INFO - Processing /home/airflow/.local/lib/python3.12/site-packages/airflow/example_dags/example_trigger_controller_dag.py took 0.088 seconds
[2025-02-19T20:45:11.378+0000] {processor.py:186} INFO - Started process (PID=2381) to work on /home/airflow/.local/lib/python3.12/site-packages/airflow/example_dags/example_trigger_controller_dag.py
[2025-02-19T20:45:11.379+0000] {processor.py:914} INFO - Processing file /home/airflow/.local/lib/python3.12/site-packages/airflow/example_dags/example_trigger_controller_dag.py for tasks to queue
[2025-02-19T20:45:11.380+0000] {logging_mixin.py:190} INFO - [2025-02-19T20:45:11.380+0000] {dagbag.py:588} INFO - Filling up the DagBag from /home/airflow/.local/lib/python3.12/site-packages/airflow/example_dags/example_trigger_controller_dag.py
[2025-02-19T20:45:11.384+0000] {processor.py:925} INFO - DAG(s) 'example_trigger_controller_dag' retrieved from /home/airflow/.local/lib/python3.12/site-packages/airflow/example_dags/example_trigger_controller_dag.py
[2025-02-19T20:45:11.394+0000] {logging_mixin.py:190} INFO - [2025-02-19T20:45:11.394+0000] {dag.py:3239} INFO - Sync 1 DAGs
[2025-02-19T20:45:11.407+0000] {logging_mixin.py:190} INFO - [2025-02-19T20:45:11.407+0000] {dag.py:4180} INFO - Setting next_dagrun for example_trigger_controller_dag to 2021-01-01 00:00:00+00:00, run_after=2021-01-01 00:00:00+00:00
[2025-02-19T20:45:11.425+0000] {processor.py:208} INFO - Processing /home/airflow/.local/lib/python3.12/site-packages/airflow/example_dags/example_trigger_controller_dag.py took 0.049 seconds
[2025-02-19T20:45:42.154+0000] {processor.py:186} INFO - Started process (PID=2449) to work on /home/airflow/.local/lib/python3.12/site-packages/airflow/example_dags/example_trigger_controller_dag.py
[2025-02-19T20:45:42.155+0000] {processor.py:914} INFO - Processing file /home/airflow/.local/lib/python3.12/site-packages/airflow/example_dags/example_trigger_controller_dag.py for tasks to queue
[2025-02-19T20:45:42.158+0000] {logging_mixin.py:190} INFO - [2025-02-19T20:45:42.158+0000] {dagbag.py:588} INFO - Filling up the DagBag from /home/airflow/.local/lib/python3.12/site-packages/airflow/example_dags/example_trigger_controller_dag.py
[2025-02-19T20:45:42.163+0000] {processor.py:925} INFO - DAG(s) 'example_trigger_controller_dag' retrieved from /home/airflow/.local/lib/python3.12/site-packages/airflow/example_dags/example_trigger_controller_dag.py
[2025-02-19T20:45:42.173+0000] {logging_mixin.py:190} INFO - [2025-02-19T20:45:42.173+0000] {dag.py:3239} INFO - Sync 1 DAGs
[2025-02-19T20:45:42.184+0000] {logging_mixin.py:190} INFO - [2025-02-19T20:45:42.184+0000] {dag.py:4180} INFO - Setting next_dagrun for example_trigger_controller_dag to 2021-01-01 00:00:00+00:00, run_after=2021-01-01 00:00:00+00:00
[2025-02-19T20:45:42.194+0000] {processor.py:208} INFO - Processing /home/airflow/.local/lib/python3.12/site-packages/airflow/example_dags/example_trigger_controller_dag.py took 0.043 seconds
[2025-02-19T20:46:13.513+0000] {processor.py:186} INFO - Started process (PID=2511) to work on /home/airflow/.local/lib/python3.12/site-packages/airflow/example_dags/example_trigger_controller_dag.py
[2025-02-19T20:46:13.514+0000] {processor.py:914} INFO - Processing file /home/airflow/.local/lib/python3.12/site-packages/airflow/example_dags/example_trigger_controller_dag.py for tasks to queue
[2025-02-19T20:46:13.518+0000] {logging_mixin.py:190} INFO - [2025-02-19T20:46:13.518+0000] {dagbag.py:588} INFO - Filling up the DagBag from /home/airflow/.local/lib/python3.12/site-packages/airflow/example_dags/example_trigger_controller_dag.py
[2025-02-19T20:46:13.521+0000] {processor.py:925} INFO - DAG(s) 'example_trigger_controller_dag' retrieved from /home/airflow/.local/lib/python3.12/site-packages/airflow/example_dags/example_trigger_controller_dag.py
[2025-02-19T20:46:13.534+0000] {logging_mixin.py:190} INFO - [2025-02-19T20:46:13.534+0000] {dag.py:3239} INFO - Sync 1 DAGs
[2025-02-19T20:46:13.545+0000] {logging_mixin.py:190} INFO - [2025-02-19T20:46:13.545+0000] {dag.py:4180} INFO - Setting next_dagrun for example_trigger_controller_dag to 2021-01-01 00:00:00+00:00, run_after=2021-01-01 00:00:00+00:00
[2025-02-19T20:46:13.561+0000] {processor.py:208} INFO - Processing /home/airflow/.local/lib/python3.12/site-packages/airflow/example_dags/example_trigger_controller_dag.py took 0.052 seconds
[2025-02-19T20:46:44.706+0000] {processor.py:186} INFO - Started process (PID=2573) to work on /home/airflow/.local/lib/python3.12/site-packages/airflow/example_dags/example_trigger_controller_dag.py
[2025-02-19T20:46:44.707+0000] {processor.py:914} INFO - Processing file /home/airflow/.local/lib/python3.12/site-packages/airflow/example_dags/example_trigger_controller_dag.py for tasks to queue
[2025-02-19T20:46:44.708+0000] {logging_mixin.py:190} INFO - [2025-02-19T20:46:44.707+0000] {dagbag.py:588} INFO - Filling up the DagBag from /home/airflow/.local/lib/python3.12/site-packages/airflow/example_dags/example_trigger_controller_dag.py
[2025-02-19T20:46:44.712+0000] {processor.py:925} INFO - DAG(s) 'example_trigger_controller_dag' retrieved from /home/airflow/.local/lib/python3.12/site-packages/airflow/example_dags/example_trigger_controller_dag.py
[2025-02-19T20:46:44.721+0000] {logging_mixin.py:190} INFO - [2025-02-19T20:46:44.720+0000] {dag.py:3239} INFO - Sync 1 DAGs
[2025-02-19T20:46:44.732+0000] {logging_mixin.py:190} INFO - [2025-02-19T20:46:44.731+0000] {dag.py:4180} INFO - Setting next_dagrun for example_trigger_controller_dag to 2021-01-01 00:00:00+00:00, run_after=2021-01-01 00:00:00+00:00
[2025-02-19T20:46:44.747+0000] {processor.py:208} INFO - Processing /home/airflow/.local/lib/python3.12/site-packages/airflow/example_dags/example_trigger_controller_dag.py took 0.045 seconds
[2025-02-19T20:47:15.838+0000] {processor.py:186} INFO - Started process (PID=2635) to work on /home/airflow/.local/lib/python3.12/site-packages/airflow/example_dags/example_trigger_controller_dag.py
[2025-02-19T20:47:15.839+0000] {processor.py:914} INFO - Processing file /home/airflow/.local/lib/python3.12/site-packages/airflow/example_dags/example_trigger_controller_dag.py for tasks to queue
[2025-02-19T20:47:15.840+0000] {logging_mixin.py:190} INFO - [2025-02-19T20:47:15.840+0000] {dagbag.py:588} INFO - Filling up the DagBag from /home/airflow/.local/lib/python3.12/site-packages/airflow/example_dags/example_trigger_controller_dag.py
[2025-02-19T20:47:15.843+0000] {processor.py:925} INFO - DAG(s) 'example_trigger_controller_dag' retrieved from /home/airflow/.local/lib/python3.12/site-packages/airflow/example_dags/example_trigger_controller_dag.py
[2025-02-19T20:47:15.852+0000] {logging_mixin.py:190} INFO - [2025-02-19T20:47:15.852+0000] {dag.py:3239} INFO - Sync 1 DAGs
[2025-02-19T20:47:15.863+0000] {logging_mixin.py:190} INFO - [2025-02-19T20:47:15.863+0000] {dag.py:4180} INFO - Setting next_dagrun for example_trigger_controller_dag to 2021-01-01 00:00:00+00:00, run_after=2021-01-01 00:00:00+00:00
[2025-02-19T20:47:15.875+0000] {processor.py:208} INFO - Processing /home/airflow/.local/lib/python3.12/site-packages/airflow/example_dags/example_trigger_controller_dag.py took 0.041 seconds
[2025-02-19T20:47:47.795+0000] {processor.py:186} INFO - Started process (PID=2697) to work on /home/airflow/.local/lib/python3.12/site-packages/airflow/example_dags/example_trigger_controller_dag.py
[2025-02-19T20:47:47.797+0000] {processor.py:914} INFO - Processing file /home/airflow/.local/lib/python3.12/site-packages/airflow/example_dags/example_trigger_controller_dag.py for tasks to queue
[2025-02-19T20:47:47.798+0000] {logging_mixin.py:190} INFO - [2025-02-19T20:47:47.798+0000] {dagbag.py:588} INFO - Filling up the DagBag from /home/airflow/.local/lib/python3.12/site-packages/airflow/example_dags/example_trigger_controller_dag.py
[2025-02-19T20:47:47.805+0000] {processor.py:925} INFO - DAG(s) 'example_trigger_controller_dag' retrieved from /home/airflow/.local/lib/python3.12/site-packages/airflow/example_dags/example_trigger_controller_dag.py
[2025-02-19T20:47:47.822+0000] {logging_mixin.py:190} INFO - [2025-02-19T20:47:47.822+0000] {dag.py:3239} INFO - Sync 1 DAGs
[2025-02-19T20:47:47.850+0000] {logging_mixin.py:190} INFO - [2025-02-19T20:47:47.850+0000] {dag.py:4180} INFO - Setting next_dagrun for example_trigger_controller_dag to 2021-01-01 00:00:00+00:00, run_after=2021-01-01 00:00:00+00:00
[2025-02-19T20:47:47.872+0000] {processor.py:208} INFO - Processing /home/airflow/.local/lib/python3.12/site-packages/airflow/example_dags/example_trigger_controller_dag.py took 0.082 seconds
[2025-02-19T20:48:18.512+0000] {processor.py:186} INFO - Started process (PID=2759) to work on /home/airflow/.local/lib/python3.12/site-packages/airflow/example_dags/example_trigger_controller_dag.py
[2025-02-19T20:48:18.514+0000] {processor.py:914} INFO - Processing file /home/airflow/.local/lib/python3.12/site-packages/airflow/example_dags/example_trigger_controller_dag.py for tasks to queue
[2025-02-19T20:48:18.516+0000] {logging_mixin.py:190} INFO - [2025-02-19T20:48:18.516+0000] {dagbag.py:588} INFO - Filling up the DagBag from /home/airflow/.local/lib/python3.12/site-packages/airflow/example_dags/example_trigger_controller_dag.py
[2025-02-19T20:48:18.520+0000] {processor.py:925} INFO - DAG(s) 'example_trigger_controller_dag' retrieved from /home/airflow/.local/lib/python3.12/site-packages/airflow/example_dags/example_trigger_controller_dag.py
[2025-02-19T20:48:18.535+0000] {logging_mixin.py:190} INFO - [2025-02-19T20:48:18.534+0000] {dag.py:3239} INFO - Sync 1 DAGs
[2025-02-19T20:48:18.548+0000] {logging_mixin.py:190} INFO - [2025-02-19T20:48:18.548+0000] {dag.py:4180} INFO - Setting next_dagrun for example_trigger_controller_dag to 2021-01-01 00:00:00+00:00, run_after=2021-01-01 00:00:00+00:00
[2025-02-19T20:48:18.566+0000] {processor.py:208} INFO - Processing /home/airflow/.local/lib/python3.12/site-packages/airflow/example_dags/example_trigger_controller_dag.py took 0.058 seconds
[2025-02-19T20:48:50.417+0000] {processor.py:186} INFO - Started process (PID=2821) to work on /home/airflow/.local/lib/python3.12/site-packages/airflow/example_dags/example_trigger_controller_dag.py
[2025-02-19T20:48:50.418+0000] {processor.py:914} INFO - Processing file /home/airflow/.local/lib/python3.12/site-packages/airflow/example_dags/example_trigger_controller_dag.py for tasks to queue
[2025-02-19T20:48:50.420+0000] {logging_mixin.py:190} INFO - [2025-02-19T20:48:50.420+0000] {dagbag.py:588} INFO - Filling up the DagBag from /home/airflow/.local/lib/python3.12/site-packages/airflow/example_dags/example_trigger_controller_dag.py
[2025-02-19T20:48:50.425+0000] {processor.py:925} INFO - DAG(s) 'example_trigger_controller_dag' retrieved from /home/airflow/.local/lib/python3.12/site-packages/airflow/example_dags/example_trigger_controller_dag.py
[2025-02-19T20:48:50.436+0000] {logging_mixin.py:190} INFO - [2025-02-19T20:48:50.436+0000] {dag.py:3239} INFO - Sync 1 DAGs
[2025-02-19T20:48:50.449+0000] {logging_mixin.py:190} INFO - [2025-02-19T20:48:50.448+0000] {dag.py:4180} INFO - Setting next_dagrun for example_trigger_controller_dag to 2021-01-01 00:00:00+00:00, run_after=2021-01-01 00:00:00+00:00
[2025-02-19T20:48:50.470+0000] {processor.py:208} INFO - Processing /home/airflow/.local/lib/python3.12/site-packages/airflow/example_dags/example_trigger_controller_dag.py took 0.057 seconds
[2025-02-19T20:49:20.615+0000] {processor.py:186} INFO - Started process (PID=2883) to work on /home/airflow/.local/lib/python3.12/site-packages/airflow/example_dags/example_trigger_controller_dag.py
[2025-02-19T20:49:20.616+0000] {processor.py:914} INFO - Processing file /home/airflow/.local/lib/python3.12/site-packages/airflow/example_dags/example_trigger_controller_dag.py for tasks to queue
[2025-02-19T20:49:20.618+0000] {logging_mixin.py:190} INFO - [2025-02-19T20:49:20.618+0000] {dagbag.py:588} INFO - Filling up the DagBag from /home/airflow/.local/lib/python3.12/site-packages/airflow/example_dags/example_trigger_controller_dag.py
[2025-02-19T20:49:20.624+0000] {processor.py:925} INFO - DAG(s) 'example_trigger_controller_dag' retrieved from /home/airflow/.local/lib/python3.12/site-packages/airflow/example_dags/example_trigger_controller_dag.py
[2025-02-19T20:49:20.648+0000] {logging_mixin.py:190} INFO - [2025-02-19T20:49:20.648+0000] {dag.py:3239} INFO - Sync 1 DAGs
[2025-02-19T20:49:20.662+0000] {logging_mixin.py:190} INFO - [2025-02-19T20:49:20.662+0000] {dag.py:4180} INFO - Setting next_dagrun for example_trigger_controller_dag to 2021-01-01 00:00:00+00:00, run_after=2021-01-01 00:00:00+00:00
[2025-02-19T20:49:20.690+0000] {processor.py:208} INFO - Processing /home/airflow/.local/lib/python3.12/site-packages/airflow/example_dags/example_trigger_controller_dag.py took 0.080 seconds
[2025-02-19T20:49:52.972+0000] {processor.py:186} INFO - Started process (PID=2945) to work on /home/airflow/.local/lib/python3.12/site-packages/airflow/example_dags/example_trigger_controller_dag.py
[2025-02-19T20:49:52.974+0000] {processor.py:914} INFO - Processing file /home/airflow/.local/lib/python3.12/site-packages/airflow/example_dags/example_trigger_controller_dag.py for tasks to queue
[2025-02-19T20:49:52.977+0000] {logging_mixin.py:190} INFO - [2025-02-19T20:49:52.977+0000] {dagbag.py:588} INFO - Filling up the DagBag from /home/airflow/.local/lib/python3.12/site-packages/airflow/example_dags/example_trigger_controller_dag.py
[2025-02-19T20:49:52.990+0000] {processor.py:925} INFO - DAG(s) 'example_trigger_controller_dag' retrieved from /home/airflow/.local/lib/python3.12/site-packages/airflow/example_dags/example_trigger_controller_dag.py
[2025-02-19T20:49:53.083+0000] {logging_mixin.py:190} INFO - [2025-02-19T20:49:53.083+0000] {dag.py:3239} INFO - Sync 1 DAGs
[2025-02-19T20:49:53.147+0000] {logging_mixin.py:190} INFO - [2025-02-19T20:49:53.146+0000] {dag.py:4180} INFO - Setting next_dagrun for example_trigger_controller_dag to 2021-01-01 00:00:00+00:00, run_after=2021-01-01 00:00:00+00:00
[2025-02-19T20:49:53.157+0000] {processor.py:208} INFO - Processing /home/airflow/.local/lib/python3.12/site-packages/airflow/example_dags/example_trigger_controller_dag.py took 0.192 seconds
[2025-02-19T20:50:24.997+0000] {processor.py:186} INFO - Started process (PID=3007) to work on /home/airflow/.local/lib/python3.12/site-packages/airflow/example_dags/example_trigger_controller_dag.py
[2025-02-19T20:50:24.998+0000] {processor.py:914} INFO - Processing file /home/airflow/.local/lib/python3.12/site-packages/airflow/example_dags/example_trigger_controller_dag.py for tasks to queue
[2025-02-19T20:50:25.003+0000] {logging_mixin.py:190} INFO - [2025-02-19T20:50:25.000+0000] {dagbag.py:588} INFO - Filling up the DagBag from /home/airflow/.local/lib/python3.12/site-packages/airflow/example_dags/example_trigger_controller_dag.py
[2025-02-19T20:50:25.007+0000] {processor.py:925} INFO - DAG(s) 'example_trigger_controller_dag' retrieved from /home/airflow/.local/lib/python3.12/site-packages/airflow/example_dags/example_trigger_controller_dag.py
[2025-02-19T20:50:25.021+0000] {logging_mixin.py:190} INFO - [2025-02-19T20:50:25.021+0000] {dag.py:3239} INFO - Sync 1 DAGs
[2025-02-19T20:50:25.039+0000] {logging_mixin.py:190} INFO - [2025-02-19T20:50:25.039+0000] {dag.py:4180} INFO - Setting next_dagrun for example_trigger_controller_dag to 2021-01-01 00:00:00+00:00, run_after=2021-01-01 00:00:00+00:00
[2025-02-19T20:50:25.207+0000] {processor.py:208} INFO - Processing /home/airflow/.local/lib/python3.12/site-packages/airflow/example_dags/example_trigger_controller_dag.py took 0.219 seconds
[2025-02-19T20:50:56.037+0000] {processor.py:186} INFO - Started process (PID=3069) to work on /home/airflow/.local/lib/python3.12/site-packages/airflow/example_dags/example_trigger_controller_dag.py
[2025-02-19T20:50:56.040+0000] {processor.py:914} INFO - Processing file /home/airflow/.local/lib/python3.12/site-packages/airflow/example_dags/example_trigger_controller_dag.py for tasks to queue
[2025-02-19T20:50:56.041+0000] {logging_mixin.py:190} INFO - [2025-02-19T20:50:56.041+0000] {dagbag.py:588} INFO - Filling up the DagBag from /home/airflow/.local/lib/python3.12/site-packages/airflow/example_dags/example_trigger_controller_dag.py
[2025-02-19T20:50:56.045+0000] {processor.py:925} INFO - DAG(s) 'example_trigger_controller_dag' retrieved from /home/airflow/.local/lib/python3.12/site-packages/airflow/example_dags/example_trigger_controller_dag.py
[2025-02-19T20:50:56.058+0000] {logging_mixin.py:190} INFO - [2025-02-19T20:50:56.058+0000] {dag.py:3239} INFO - Sync 1 DAGs
[2025-02-19T20:50:56.074+0000] {logging_mixin.py:190} INFO - [2025-02-19T20:50:56.073+0000] {dag.py:4180} INFO - Setting next_dagrun for example_trigger_controller_dag to 2021-01-01 00:00:00+00:00, run_after=2021-01-01 00:00:00+00:00
[2025-02-19T20:50:56.088+0000] {processor.py:208} INFO - Processing /home/airflow/.local/lib/python3.12/site-packages/airflow/example_dags/example_trigger_controller_dag.py took 0.062 seconds
[2025-02-19T20:51:27.754+0000] {processor.py:186} INFO - Started process (PID=3131) to work on /home/airflow/.local/lib/python3.12/site-packages/airflow/example_dags/example_trigger_controller_dag.py
[2025-02-19T20:51:27.755+0000] {processor.py:914} INFO - Processing file /home/airflow/.local/lib/python3.12/site-packages/airflow/example_dags/example_trigger_controller_dag.py for tasks to queue
[2025-02-19T20:51:27.756+0000] {logging_mixin.py:190} INFO - [2025-02-19T20:51:27.756+0000] {dagbag.py:588} INFO - Filling up the DagBag from /home/airflow/.local/lib/python3.12/site-packages/airflow/example_dags/example_trigger_controller_dag.py
[2025-02-19T20:51:27.762+0000] {processor.py:925} INFO - DAG(s) 'example_trigger_controller_dag' retrieved from /home/airflow/.local/lib/python3.12/site-packages/airflow/example_dags/example_trigger_controller_dag.py
[2025-02-19T20:51:27.774+0000] {logging_mixin.py:190} INFO - [2025-02-19T20:51:27.774+0000] {dag.py:3239} INFO - Sync 1 DAGs
[2025-02-19T20:51:27.790+0000] {logging_mixin.py:190} INFO - [2025-02-19T20:51:27.790+0000] {dag.py:4180} INFO - Setting next_dagrun for example_trigger_controller_dag to 2021-01-01 00:00:00+00:00, run_after=2021-01-01 00:00:00+00:00
[2025-02-19T20:51:27.806+0000] {processor.py:208} INFO - Processing /home/airflow/.local/lib/python3.12/site-packages/airflow/example_dags/example_trigger_controller_dag.py took 0.055 seconds
[2025-02-19T20:51:58.631+0000] {processor.py:186} INFO - Started process (PID=3192) to work on /home/airflow/.local/lib/python3.12/site-packages/airflow/example_dags/example_trigger_controller_dag.py
[2025-02-19T20:51:58.632+0000] {processor.py:914} INFO - Processing file /home/airflow/.local/lib/python3.12/site-packages/airflow/example_dags/example_trigger_controller_dag.py for tasks to queue
[2025-02-19T20:51:58.633+0000] {logging_mixin.py:190} INFO - [2025-02-19T20:51:58.633+0000] {dagbag.py:588} INFO - Filling up the DagBag from /home/airflow/.local/lib/python3.12/site-packages/airflow/example_dags/example_trigger_controller_dag.py
[2025-02-19T20:51:58.637+0000] {processor.py:925} INFO - DAG(s) 'example_trigger_controller_dag' retrieved from /home/airflow/.local/lib/python3.12/site-packages/airflow/example_dags/example_trigger_controller_dag.py
[2025-02-19T20:51:58.646+0000] {logging_mixin.py:190} INFO - [2025-02-19T20:51:58.646+0000] {dag.py:3239} INFO - Sync 1 DAGs
[2025-02-19T20:51:58.656+0000] {logging_mixin.py:190} INFO - [2025-02-19T20:51:58.656+0000] {dag.py:4180} INFO - Setting next_dagrun for example_trigger_controller_dag to 2021-01-01 00:00:00+00:00, run_after=2021-01-01 00:00:00+00:00
[2025-02-19T20:51:58.663+0000] {processor.py:208} INFO - Processing /home/airflow/.local/lib/python3.12/site-packages/airflow/example_dags/example_trigger_controller_dag.py took 0.036 seconds
[2025-02-19T20:52:30.385+0000] {processor.py:186} INFO - Started process (PID=3254) to work on /home/airflow/.local/lib/python3.12/site-packages/airflow/example_dags/example_trigger_controller_dag.py
[2025-02-19T20:52:30.387+0000] {processor.py:914} INFO - Processing file /home/airflow/.local/lib/python3.12/site-packages/airflow/example_dags/example_trigger_controller_dag.py for tasks to queue
[2025-02-19T20:52:30.390+0000] {logging_mixin.py:190} INFO - [2025-02-19T20:52:30.390+0000] {dagbag.py:588} INFO - Filling up the DagBag from /home/airflow/.local/lib/python3.12/site-packages/airflow/example_dags/example_trigger_controller_dag.py
[2025-02-19T20:52:30.395+0000] {processor.py:925} INFO - DAG(s) 'example_trigger_controller_dag' retrieved from /home/airflow/.local/lib/python3.12/site-packages/airflow/example_dags/example_trigger_controller_dag.py
[2025-02-19T20:52:30.412+0000] {logging_mixin.py:190} INFO - [2025-02-19T20:52:30.412+0000] {dag.py:3239} INFO - Sync 1 DAGs
[2025-02-19T20:52:30.426+0000] {logging_mixin.py:190} INFO - [2025-02-19T20:52:30.425+0000] {dag.py:4180} INFO - Setting next_dagrun for example_trigger_controller_dag to 2021-01-01 00:00:00+00:00, run_after=2021-01-01 00:00:00+00:00
[2025-02-19T20:52:30.437+0000] {processor.py:208} INFO - Processing /home/airflow/.local/lib/python3.12/site-packages/airflow/example_dags/example_trigger_controller_dag.py took 0.056 seconds
[2025-02-19T20:53:03.048+0000] {processor.py:186} INFO - Started process (PID=3316) to work on /home/airflow/.local/lib/python3.12/site-packages/airflow/example_dags/example_trigger_controller_dag.py
[2025-02-19T20:53:03.050+0000] {processor.py:914} INFO - Processing file /home/airflow/.local/lib/python3.12/site-packages/airflow/example_dags/example_trigger_controller_dag.py for tasks to queue
[2025-02-19T20:53:03.051+0000] {logging_mixin.py:190} INFO - [2025-02-19T20:53:03.051+0000] {dagbag.py:588} INFO - Filling up the DagBag from /home/airflow/.local/lib/python3.12/site-packages/airflow/example_dags/example_trigger_controller_dag.py
[2025-02-19T20:53:03.056+0000] {processor.py:925} INFO - DAG(s) 'example_trigger_controller_dag' retrieved from /home/airflow/.local/lib/python3.12/site-packages/airflow/example_dags/example_trigger_controller_dag.py
[2025-02-19T20:53:03.070+0000] {logging_mixin.py:190} INFO - [2025-02-19T20:53:03.070+0000] {dag.py:3239} INFO - Sync 1 DAGs
[2025-02-19T20:53:03.466+0000] {logging_mixin.py:190} INFO - [2025-02-19T20:53:03.466+0000] {dag.py:4180} INFO - Setting next_dagrun for example_trigger_controller_dag to 2021-01-01 00:00:00+00:00, run_after=2021-01-01 00:00:00+00:00
[2025-02-19T20:53:03.480+0000] {processor.py:208} INFO - Processing /home/airflow/.local/lib/python3.12/site-packages/airflow/example_dags/example_trigger_controller_dag.py took 0.436 seconds
[2025-02-19T20:53:33.853+0000] {processor.py:186} INFO - Started process (PID=3378) to work on /home/airflow/.local/lib/python3.12/site-packages/airflow/example_dags/example_trigger_controller_dag.py
[2025-02-19T20:53:33.854+0000] {processor.py:914} INFO - Processing file /home/airflow/.local/lib/python3.12/site-packages/airflow/example_dags/example_trigger_controller_dag.py for tasks to queue
[2025-02-19T20:53:33.855+0000] {logging_mixin.py:190} INFO - [2025-02-19T20:53:33.855+0000] {dagbag.py:588} INFO - Filling up the DagBag from /home/airflow/.local/lib/python3.12/site-packages/airflow/example_dags/example_trigger_controller_dag.py
[2025-02-19T20:53:33.860+0000] {processor.py:925} INFO - DAG(s) 'example_trigger_controller_dag' retrieved from /home/airflow/.local/lib/python3.12/site-packages/airflow/example_dags/example_trigger_controller_dag.py
[2025-02-19T20:53:33.877+0000] {logging_mixin.py:190} INFO - [2025-02-19T20:53:33.877+0000] {dag.py:3239} INFO - Sync 1 DAGs
[2025-02-19T20:53:34.309+0000] {logging_mixin.py:190} INFO - [2025-02-19T20:53:34.308+0000] {dag.py:4180} INFO - Setting next_dagrun for example_trigger_controller_dag to 2021-01-01 00:00:00+00:00, run_after=2021-01-01 00:00:00+00:00
[2025-02-19T20:53:34.330+0000] {processor.py:208} INFO - Processing /home/airflow/.local/lib/python3.12/site-packages/airflow/example_dags/example_trigger_controller_dag.py took 0.485 seconds
[2025-02-19T20:54:04.681+0000] {processor.py:186} INFO - Started process (PID=3440) to work on /home/airflow/.local/lib/python3.12/site-packages/airflow/example_dags/example_trigger_controller_dag.py
[2025-02-19T20:54:04.682+0000] {processor.py:914} INFO - Processing file /home/airflow/.local/lib/python3.12/site-packages/airflow/example_dags/example_trigger_controller_dag.py for tasks to queue
[2025-02-19T20:54:04.685+0000] {logging_mixin.py:190} INFO - [2025-02-19T20:54:04.685+0000] {dagbag.py:588} INFO - Filling up the DagBag from /home/airflow/.local/lib/python3.12/site-packages/airflow/example_dags/example_trigger_controller_dag.py
[2025-02-19T20:54:04.690+0000] {processor.py:925} INFO - DAG(s) 'example_trigger_controller_dag' retrieved from /home/airflow/.local/lib/python3.12/site-packages/airflow/example_dags/example_trigger_controller_dag.py
[2025-02-19T20:54:04.703+0000] {logging_mixin.py:190} INFO - [2025-02-19T20:54:04.703+0000] {dag.py:3239} INFO - Sync 1 DAGs
[2025-02-19T20:54:04.717+0000] {logging_mixin.py:190} INFO - [2025-02-19T20:54:04.717+0000] {dag.py:4180} INFO - Setting next_dagrun for example_trigger_controller_dag to 2021-01-01 00:00:00+00:00, run_after=2021-01-01 00:00:00+00:00
[2025-02-19T20:54:04.730+0000] {processor.py:208} INFO - Processing /home/airflow/.local/lib/python3.12/site-packages/airflow/example_dags/example_trigger_controller_dag.py took 0.054 seconds
[2025-02-19T20:54:36.987+0000] {processor.py:186} INFO - Started process (PID=3502) to work on /home/airflow/.local/lib/python3.12/site-packages/airflow/example_dags/example_trigger_controller_dag.py
[2025-02-19T20:54:36.993+0000] {processor.py:914} INFO - Processing file /home/airflow/.local/lib/python3.12/site-packages/airflow/example_dags/example_trigger_controller_dag.py for tasks to queue
[2025-02-19T20:54:37.002+0000] {logging_mixin.py:190} INFO - [2025-02-19T20:54:37.001+0000] {dagbag.py:588} INFO - Filling up the DagBag from /home/airflow/.local/lib/python3.12/site-packages/airflow/example_dags/example_trigger_controller_dag.py
[2025-02-19T20:54:37.031+0000] {processor.py:925} INFO - DAG(s) 'example_trigger_controller_dag' retrieved from /home/airflow/.local/lib/python3.12/site-packages/airflow/example_dags/example_trigger_controller_dag.py
[2025-02-19T20:54:37.123+0000] {logging_mixin.py:190} INFO - [2025-02-19T20:54:37.122+0000] {dag.py:3239} INFO - Sync 1 DAGs
[2025-02-19T20:54:37.284+0000] {logging_mixin.py:190} INFO - [2025-02-19T20:54:37.280+0000] {dag.py:4180} INFO - Setting next_dagrun for example_trigger_controller_dag to 2021-01-01 00:00:00+00:00, run_after=2021-01-01 00:00:00+00:00
[2025-02-19T20:54:37.515+0000] {processor.py:208} INFO - Processing /home/airflow/.local/lib/python3.12/site-packages/airflow/example_dags/example_trigger_controller_dag.py took 0.571 seconds
[2025-02-19T20:55:08.309+0000] {processor.py:186} INFO - Started process (PID=3564) to work on /home/airflow/.local/lib/python3.12/site-packages/airflow/example_dags/example_trigger_controller_dag.py
[2025-02-19T20:55:08.310+0000] {processor.py:914} INFO - Processing file /home/airflow/.local/lib/python3.12/site-packages/airflow/example_dags/example_trigger_controller_dag.py for tasks to queue
[2025-02-19T20:55:08.313+0000] {logging_mixin.py:190} INFO - [2025-02-19T20:55:08.313+0000] {dagbag.py:588} INFO - Filling up the DagBag from /home/airflow/.local/lib/python3.12/site-packages/airflow/example_dags/example_trigger_controller_dag.py
[2025-02-19T20:55:08.324+0000] {processor.py:925} INFO - DAG(s) 'example_trigger_controller_dag' retrieved from /home/airflow/.local/lib/python3.12/site-packages/airflow/example_dags/example_trigger_controller_dag.py
[2025-02-19T20:55:08.359+0000] {logging_mixin.py:190} INFO - [2025-02-19T20:55:08.359+0000] {dag.py:3239} INFO - Sync 1 DAGs
[2025-02-19T20:55:08.393+0000] {logging_mixin.py:190} INFO - [2025-02-19T20:55:08.393+0000] {dag.py:4180} INFO - Setting next_dagrun for example_trigger_controller_dag to 2021-01-01 00:00:00+00:00, run_after=2021-01-01 00:00:00+00:00
[2025-02-19T20:55:08.412+0000] {processor.py:208} INFO - Processing /home/airflow/.local/lib/python3.12/site-packages/airflow/example_dags/example_trigger_controller_dag.py took 0.117 seconds
[2025-02-19T20:55:38.833+0000] {processor.py:186} INFO - Started process (PID=3626) to work on /home/airflow/.local/lib/python3.12/site-packages/airflow/example_dags/example_trigger_controller_dag.py
[2025-02-19T20:55:38.834+0000] {processor.py:914} INFO - Processing file /home/airflow/.local/lib/python3.12/site-packages/airflow/example_dags/example_trigger_controller_dag.py for tasks to queue
[2025-02-19T20:55:38.838+0000] {logging_mixin.py:190} INFO - [2025-02-19T20:55:38.837+0000] {dagbag.py:588} INFO - Filling up the DagBag from /home/airflow/.local/lib/python3.12/site-packages/airflow/example_dags/example_trigger_controller_dag.py
[2025-02-19T20:55:38.849+0000] {processor.py:925} INFO - DAG(s) 'example_trigger_controller_dag' retrieved from /home/airflow/.local/lib/python3.12/site-packages/airflow/example_dags/example_trigger_controller_dag.py
[2025-02-19T20:55:38.869+0000] {logging_mixin.py:190} INFO - [2025-02-19T20:55:38.868+0000] {dag.py:3239} INFO - Sync 1 DAGs
[2025-02-19T20:55:38.894+0000] {logging_mixin.py:190} INFO - [2025-02-19T20:55:38.893+0000] {dag.py:4180} INFO - Setting next_dagrun for example_trigger_controller_dag to 2021-01-01 00:00:00+00:00, run_after=2021-01-01 00:00:00+00:00
[2025-02-19T20:55:38.907+0000] {processor.py:208} INFO - Processing /home/airflow/.local/lib/python3.12/site-packages/airflow/example_dags/example_trigger_controller_dag.py took 0.082 seconds
[2025-02-19T20:56:09.085+0000] {processor.py:186} INFO - Started process (PID=3688) to work on /home/airflow/.local/lib/python3.12/site-packages/airflow/example_dags/example_trigger_controller_dag.py
[2025-02-19T20:56:09.087+0000] {processor.py:914} INFO - Processing file /home/airflow/.local/lib/python3.12/site-packages/airflow/example_dags/example_trigger_controller_dag.py for tasks to queue
[2025-02-19T20:56:09.089+0000] {logging_mixin.py:190} INFO - [2025-02-19T20:56:09.089+0000] {dagbag.py:588} INFO - Filling up the DagBag from /home/airflow/.local/lib/python3.12/site-packages/airflow/example_dags/example_trigger_controller_dag.py
[2025-02-19T20:56:09.096+0000] {processor.py:925} INFO - DAG(s) 'example_trigger_controller_dag' retrieved from /home/airflow/.local/lib/python3.12/site-packages/airflow/example_dags/example_trigger_controller_dag.py
[2025-02-19T20:56:09.129+0000] {logging_mixin.py:190} INFO - [2025-02-19T20:56:09.129+0000] {dag.py:3239} INFO - Sync 1 DAGs
[2025-02-19T20:56:09.151+0000] {logging_mixin.py:190} INFO - [2025-02-19T20:56:09.151+0000] {dag.py:4180} INFO - Setting next_dagrun for example_trigger_controller_dag to 2021-01-01 00:00:00+00:00, run_after=2021-01-01 00:00:00+00:00
[2025-02-19T20:56:09.179+0000] {processor.py:208} INFO - Processing /home/airflow/.local/lib/python3.12/site-packages/airflow/example_dags/example_trigger_controller_dag.py took 0.103 seconds
[2025-02-19T20:56:39.777+0000] {processor.py:186} INFO - Started process (PID=3749) to work on /home/airflow/.local/lib/python3.12/site-packages/airflow/example_dags/example_trigger_controller_dag.py
[2025-02-19T20:56:39.782+0000] {processor.py:914} INFO - Processing file /home/airflow/.local/lib/python3.12/site-packages/airflow/example_dags/example_trigger_controller_dag.py for tasks to queue
[2025-02-19T20:56:39.787+0000] {logging_mixin.py:190} INFO - [2025-02-19T20:56:39.787+0000] {dagbag.py:588} INFO - Filling up the DagBag from /home/airflow/.local/lib/python3.12/site-packages/airflow/example_dags/example_trigger_controller_dag.py
[2025-02-19T20:56:39.799+0000] {processor.py:925} INFO - DAG(s) 'example_trigger_controller_dag' retrieved from /home/airflow/.local/lib/python3.12/site-packages/airflow/example_dags/example_trigger_controller_dag.py
[2025-02-19T20:56:39.819+0000] {logging_mixin.py:190} INFO - [2025-02-19T20:56:39.819+0000] {dag.py:3239} INFO - Sync 1 DAGs
[2025-02-19T20:56:39.836+0000] {logging_mixin.py:190} INFO - [2025-02-19T20:56:39.836+0000] {dag.py:4180} INFO - Setting next_dagrun for example_trigger_controller_dag to 2021-01-01 00:00:00+00:00, run_after=2021-01-01 00:00:00+00:00
[2025-02-19T20:56:39.849+0000] {processor.py:208} INFO - Processing /home/airflow/.local/lib/python3.12/site-packages/airflow/example_dags/example_trigger_controller_dag.py took 0.084 seconds
[2025-02-19T20:57:10.150+0000] {processor.py:186} INFO - Started process (PID=3811) to work on /home/airflow/.local/lib/python3.12/site-packages/airflow/example_dags/example_trigger_controller_dag.py
[2025-02-19T20:57:10.152+0000] {processor.py:914} INFO - Processing file /home/airflow/.local/lib/python3.12/site-packages/airflow/example_dags/example_trigger_controller_dag.py for tasks to queue
[2025-02-19T20:57:10.165+0000] {logging_mixin.py:190} INFO - [2025-02-19T20:57:10.165+0000] {dagbag.py:588} INFO - Filling up the DagBag from /home/airflow/.local/lib/python3.12/site-packages/airflow/example_dags/example_trigger_controller_dag.py
[2025-02-19T20:57:10.177+0000] {processor.py:925} INFO - DAG(s) 'example_trigger_controller_dag' retrieved from /home/airflow/.local/lib/python3.12/site-packages/airflow/example_dags/example_trigger_controller_dag.py
[2025-02-19T20:57:10.204+0000] {logging_mixin.py:190} INFO - [2025-02-19T20:57:10.203+0000] {dag.py:3239} INFO - Sync 1 DAGs
[2025-02-19T20:57:10.233+0000] {logging_mixin.py:190} INFO - [2025-02-19T20:57:10.233+0000] {dag.py:4180} INFO - Setting next_dagrun for example_trigger_controller_dag to 2021-01-01 00:00:00+00:00, run_after=2021-01-01 00:00:00+00:00
[2025-02-19T20:57:10.256+0000] {processor.py:208} INFO - Processing /home/airflow/.local/lib/python3.12/site-packages/airflow/example_dags/example_trigger_controller_dag.py took 0.117 seconds
[2025-02-19T20:57:41.065+0000] {processor.py:186} INFO - Started process (PID=3873) to work on /home/airflow/.local/lib/python3.12/site-packages/airflow/example_dags/example_trigger_controller_dag.py
[2025-02-19T20:57:41.067+0000] {processor.py:914} INFO - Processing file /home/airflow/.local/lib/python3.12/site-packages/airflow/example_dags/example_trigger_controller_dag.py for tasks to queue
[2025-02-19T20:57:41.072+0000] {logging_mixin.py:190} INFO - [2025-02-19T20:57:41.071+0000] {dagbag.py:588} INFO - Filling up the DagBag from /home/airflow/.local/lib/python3.12/site-packages/airflow/example_dags/example_trigger_controller_dag.py
[2025-02-19T20:57:41.084+0000] {processor.py:925} INFO - DAG(s) 'example_trigger_controller_dag' retrieved from /home/airflow/.local/lib/python3.12/site-packages/airflow/example_dags/example_trigger_controller_dag.py
[2025-02-19T20:57:41.109+0000] {logging_mixin.py:190} INFO - [2025-02-19T20:57:41.109+0000] {dag.py:3239} INFO - Sync 1 DAGs
[2025-02-19T20:57:41.133+0000] {logging_mixin.py:190} INFO - [2025-02-19T20:57:41.133+0000] {dag.py:4180} INFO - Setting next_dagrun for example_trigger_controller_dag to 2021-01-01 00:00:00+00:00, run_after=2021-01-01 00:00:00+00:00
[2025-02-19T20:57:41.152+0000] {processor.py:208} INFO - Processing /home/airflow/.local/lib/python3.12/site-packages/airflow/example_dags/example_trigger_controller_dag.py took 0.101 seconds
[2025-02-19T20:58:11.304+0000] {processor.py:186} INFO - Started process (PID=3935) to work on /home/airflow/.local/lib/python3.12/site-packages/airflow/example_dags/example_trigger_controller_dag.py
[2025-02-19T20:58:11.305+0000] {processor.py:914} INFO - Processing file /home/airflow/.local/lib/python3.12/site-packages/airflow/example_dags/example_trigger_controller_dag.py for tasks to queue
[2025-02-19T20:58:11.306+0000] {logging_mixin.py:190} INFO - [2025-02-19T20:58:11.306+0000] {dagbag.py:588} INFO - Filling up the DagBag from /home/airflow/.local/lib/python3.12/site-packages/airflow/example_dags/example_trigger_controller_dag.py
[2025-02-19T20:58:11.311+0000] {processor.py:925} INFO - DAG(s) 'example_trigger_controller_dag' retrieved from /home/airflow/.local/lib/python3.12/site-packages/airflow/example_dags/example_trigger_controller_dag.py
[2025-02-19T20:58:11.326+0000] {logging_mixin.py:190} INFO - [2025-02-19T20:58:11.326+0000] {dag.py:3239} INFO - Sync 1 DAGs
[2025-02-19T20:58:11.339+0000] {logging_mixin.py:190} INFO - [2025-02-19T20:58:11.339+0000] {dag.py:4180} INFO - Setting next_dagrun for example_trigger_controller_dag to 2021-01-01 00:00:00+00:00, run_after=2021-01-01 00:00:00+00:00
[2025-02-19T20:58:11.354+0000] {processor.py:208} INFO - Processing /home/airflow/.local/lib/python3.12/site-packages/airflow/example_dags/example_trigger_controller_dag.py took 0.054 seconds
[2025-02-19T20:58:41.781+0000] {processor.py:186} INFO - Started process (PID=3997) to work on /home/airflow/.local/lib/python3.12/site-packages/airflow/example_dags/example_trigger_controller_dag.py
[2025-02-19T20:58:41.782+0000] {processor.py:914} INFO - Processing file /home/airflow/.local/lib/python3.12/site-packages/airflow/example_dags/example_trigger_controller_dag.py for tasks to queue
[2025-02-19T20:58:41.784+0000] {logging_mixin.py:190} INFO - [2025-02-19T20:58:41.784+0000] {dagbag.py:588} INFO - Filling up the DagBag from /home/airflow/.local/lib/python3.12/site-packages/airflow/example_dags/example_trigger_controller_dag.py
[2025-02-19T20:58:41.787+0000] {processor.py:925} INFO - DAG(s) 'example_trigger_controller_dag' retrieved from /home/airflow/.local/lib/python3.12/site-packages/airflow/example_dags/example_trigger_controller_dag.py
[2025-02-19T20:58:41.801+0000] {logging_mixin.py:190} INFO - [2025-02-19T20:58:41.800+0000] {dag.py:3239} INFO - Sync 1 DAGs
[2025-02-19T20:58:41.815+0000] {logging_mixin.py:190} INFO - [2025-02-19T20:58:41.815+0000] {dag.py:4180} INFO - Setting next_dagrun for example_trigger_controller_dag to 2021-01-01 00:00:00+00:00, run_after=2021-01-01 00:00:00+00:00
[2025-02-19T20:58:41.828+0000] {processor.py:208} INFO - Processing /home/airflow/.local/lib/python3.12/site-packages/airflow/example_dags/example_trigger_controller_dag.py took 0.051 seconds
[2025-02-19T20:59:13.185+0000] {processor.py:186} INFO - Started process (PID=4059) to work on /home/airflow/.local/lib/python3.12/site-packages/airflow/example_dags/example_trigger_controller_dag.py
[2025-02-19T20:59:13.186+0000] {processor.py:914} INFO - Processing file /home/airflow/.local/lib/python3.12/site-packages/airflow/example_dags/example_trigger_controller_dag.py for tasks to queue
[2025-02-19T20:59:13.188+0000] {logging_mixin.py:190} INFO - [2025-02-19T20:59:13.188+0000] {dagbag.py:588} INFO - Filling up the DagBag from /home/airflow/.local/lib/python3.12/site-packages/airflow/example_dags/example_trigger_controller_dag.py
[2025-02-19T20:59:13.194+0000] {processor.py:925} INFO - DAG(s) 'example_trigger_controller_dag' retrieved from /home/airflow/.local/lib/python3.12/site-packages/airflow/example_dags/example_trigger_controller_dag.py
[2025-02-19T20:59:13.208+0000] {logging_mixin.py:190} INFO - [2025-02-19T20:59:13.208+0000] {dag.py:3239} INFO - Sync 1 DAGs
[2025-02-19T20:59:13.222+0000] {logging_mixin.py:190} INFO - [2025-02-19T20:59:13.222+0000] {dag.py:4180} INFO - Setting next_dagrun for example_trigger_controller_dag to 2021-01-01 00:00:00+00:00, run_after=2021-01-01 00:00:00+00:00
[2025-02-19T20:59:13.233+0000] {processor.py:208} INFO - Processing /home/airflow/.local/lib/python3.12/site-packages/airflow/example_dags/example_trigger_controller_dag.py took 0.059 seconds
[2025-02-19T20:59:44.676+0000] {processor.py:186} INFO - Started process (PID=4121) to work on /home/airflow/.local/lib/python3.12/site-packages/airflow/example_dags/example_trigger_controller_dag.py
[2025-02-19T20:59:44.677+0000] {processor.py:914} INFO - Processing file /home/airflow/.local/lib/python3.12/site-packages/airflow/example_dags/example_trigger_controller_dag.py for tasks to queue
[2025-02-19T20:59:44.679+0000] {logging_mixin.py:190} INFO - [2025-02-19T20:59:44.679+0000] {dagbag.py:588} INFO - Filling up the DagBag from /home/airflow/.local/lib/python3.12/site-packages/airflow/example_dags/example_trigger_controller_dag.py
[2025-02-19T20:59:44.684+0000] {processor.py:925} INFO - DAG(s) 'example_trigger_controller_dag' retrieved from /home/airflow/.local/lib/python3.12/site-packages/airflow/example_dags/example_trigger_controller_dag.py
[2025-02-19T20:59:44.700+0000] {logging_mixin.py:190} INFO - [2025-02-19T20:59:44.700+0000] {dag.py:3239} INFO - Sync 1 DAGs
[2025-02-19T20:59:44.715+0000] {logging_mixin.py:190} INFO - [2025-02-19T20:59:44.715+0000] {dag.py:4180} INFO - Setting next_dagrun for example_trigger_controller_dag to 2021-01-01 00:00:00+00:00, run_after=2021-01-01 00:00:00+00:00
[2025-02-19T20:59:44.729+0000] {processor.py:208} INFO - Processing /home/airflow/.local/lib/python3.12/site-packages/airflow/example_dags/example_trigger_controller_dag.py took 0.057 seconds
[2025-02-19T21:00:21.427+0000] {processor.py:186} INFO - Started process (PID=4183) to work on /home/airflow/.local/lib/python3.12/site-packages/airflow/example_dags/example_trigger_controller_dag.py
[2025-02-19T21:00:21.427+0000] {processor.py:914} INFO - Processing file /home/airflow/.local/lib/python3.12/site-packages/airflow/example_dags/example_trigger_controller_dag.py for tasks to queue
[2025-02-19T21:00:21.429+0000] {logging_mixin.py:190} INFO - [2025-02-19T21:00:21.428+0000] {dagbag.py:588} INFO - Filling up the DagBag from /home/airflow/.local/lib/python3.12/site-packages/airflow/example_dags/example_trigger_controller_dag.py
[2025-02-19T21:00:21.434+0000] {processor.py:925} INFO - DAG(s) 'example_trigger_controller_dag' retrieved from /home/airflow/.local/lib/python3.12/site-packages/airflow/example_dags/example_trigger_controller_dag.py
[2025-02-19T21:00:21.474+0000] {logging_mixin.py:190} INFO - [2025-02-19T21:00:21.474+0000] {dag.py:3239} INFO - Sync 1 DAGs
[2025-02-19T21:00:21.495+0000] {logging_mixin.py:190} INFO - [2025-02-19T21:00:21.495+0000] {dag.py:4180} INFO - Setting next_dagrun for example_trigger_controller_dag to 2021-01-01 00:00:00+00:00, run_after=2021-01-01 00:00:00+00:00
[2025-02-19T21:00:21.508+0000] {processor.py:208} INFO - Processing /home/airflow/.local/lib/python3.12/site-packages/airflow/example_dags/example_trigger_controller_dag.py took 0.086 seconds
[2025-02-19T21:34:10.027+0000] {processor.py:186} INFO - Started process (PID=4268) to work on /home/airflow/.local/lib/python3.12/site-packages/airflow/example_dags/example_trigger_controller_dag.py
[2025-02-19T21:34:10.029+0000] {processor.py:914} INFO - Processing file /home/airflow/.local/lib/python3.12/site-packages/airflow/example_dags/example_trigger_controller_dag.py for tasks to queue
[2025-02-19T21:34:10.033+0000] {logging_mixin.py:190} INFO - [2025-02-19T21:34:10.032+0000] {dagbag.py:588} INFO - Filling up the DagBag from /home/airflow/.local/lib/python3.12/site-packages/airflow/example_dags/example_trigger_controller_dag.py
[2025-02-19T21:34:10.038+0000] {processor.py:925} INFO - DAG(s) 'example_trigger_controller_dag' retrieved from /home/airflow/.local/lib/python3.12/site-packages/airflow/example_dags/example_trigger_controller_dag.py
[2025-02-19T21:34:10.057+0000] {logging_mixin.py:190} INFO - [2025-02-19T21:34:10.056+0000] {dag.py:3239} INFO - Sync 1 DAGs
[2025-02-19T21:34:10.080+0000] {logging_mixin.py:190} INFO - [2025-02-19T21:34:10.080+0000] {dag.py:4180} INFO - Setting next_dagrun for example_trigger_controller_dag to 2021-01-01 00:00:00+00:00, run_after=2021-01-01 00:00:00+00:00
[2025-02-19T21:34:10.097+0000] {processor.py:208} INFO - Processing /home/airflow/.local/lib/python3.12/site-packages/airflow/example_dags/example_trigger_controller_dag.py took 0.082 seconds
[2025-02-19T21:54:19.474+0000] {processor.py:186} INFO - Started process (PID=4330) to work on /home/airflow/.local/lib/python3.12/site-packages/airflow/example_dags/example_trigger_controller_dag.py
[2025-02-19T21:54:19.475+0000] {processor.py:914} INFO - Processing file /home/airflow/.local/lib/python3.12/site-packages/airflow/example_dags/example_trigger_controller_dag.py for tasks to queue
[2025-02-19T21:54:19.476+0000] {logging_mixin.py:190} INFO - [2025-02-19T21:54:19.476+0000] {dagbag.py:588} INFO - Filling up the DagBag from /home/airflow/.local/lib/python3.12/site-packages/airflow/example_dags/example_trigger_controller_dag.py
[2025-02-19T21:54:19.480+0000] {processor.py:925} INFO - DAG(s) 'example_trigger_controller_dag' retrieved from /home/airflow/.local/lib/python3.12/site-packages/airflow/example_dags/example_trigger_controller_dag.py
[2025-02-19T21:54:19.491+0000] {logging_mixin.py:190} INFO - [2025-02-19T21:54:19.491+0000] {dag.py:3239} INFO - Sync 1 DAGs
[2025-02-19T21:54:19.504+0000] {logging_mixin.py:190} INFO - [2025-02-19T21:54:19.504+0000] {dag.py:4180} INFO - Setting next_dagrun for example_trigger_controller_dag to 2021-01-01 00:00:00+00:00, run_after=2021-01-01 00:00:00+00:00
[2025-02-19T21:54:19.515+0000] {processor.py:208} INFO - Processing /home/airflow/.local/lib/python3.12/site-packages/airflow/example_dags/example_trigger_controller_dag.py took 0.045 seconds
[2025-02-19T21:54:50.554+0000] {processor.py:186} INFO - Started process (PID=4392) to work on /home/airflow/.local/lib/python3.12/site-packages/airflow/example_dags/example_trigger_controller_dag.py
[2025-02-19T21:54:50.555+0000] {processor.py:914} INFO - Processing file /home/airflow/.local/lib/python3.12/site-packages/airflow/example_dags/example_trigger_controller_dag.py for tasks to queue
[2025-02-19T21:54:50.558+0000] {logging_mixin.py:190} INFO - [2025-02-19T21:54:50.558+0000] {dagbag.py:588} INFO - Filling up the DagBag from /home/airflow/.local/lib/python3.12/site-packages/airflow/example_dags/example_trigger_controller_dag.py
[2025-02-19T21:54:50.573+0000] {processor.py:925} INFO - DAG(s) 'example_trigger_controller_dag' retrieved from /home/airflow/.local/lib/python3.12/site-packages/airflow/example_dags/example_trigger_controller_dag.py
[2025-02-19T21:54:50.671+0000] {logging_mixin.py:190} INFO - [2025-02-19T21:54:50.670+0000] {dag.py:3239} INFO - Sync 1 DAGs
[2025-02-19T21:54:50.712+0000] {logging_mixin.py:190} INFO - [2025-02-19T21:54:50.711+0000] {dag.py:4180} INFO - Setting next_dagrun for example_trigger_controller_dag to 2021-01-01 00:00:00+00:00, run_after=2021-01-01 00:00:00+00:00
[2025-02-19T21:54:50.740+0000] {processor.py:208} INFO - Processing /home/airflow/.local/lib/python3.12/site-packages/airflow/example_dags/example_trigger_controller_dag.py took 0.198 seconds
[2025-02-19T21:55:28.750+0000] {processor.py:186} INFO - Started process (PID=4454) to work on /home/airflow/.local/lib/python3.12/site-packages/airflow/example_dags/example_trigger_controller_dag.py
[2025-02-19T21:55:28.752+0000] {processor.py:914} INFO - Processing file /home/airflow/.local/lib/python3.12/site-packages/airflow/example_dags/example_trigger_controller_dag.py for tasks to queue
[2025-02-19T21:55:28.756+0000] {logging_mixin.py:190} INFO - [2025-02-19T21:55:28.756+0000] {dagbag.py:588} INFO - Filling up the DagBag from /home/airflow/.local/lib/python3.12/site-packages/airflow/example_dags/example_trigger_controller_dag.py
[2025-02-19T21:55:28.765+0000] {processor.py:925} INFO - DAG(s) 'example_trigger_controller_dag' retrieved from /home/airflow/.local/lib/python3.12/site-packages/airflow/example_dags/example_trigger_controller_dag.py
[2025-02-19T21:55:28.784+0000] {logging_mixin.py:190} INFO - [2025-02-19T21:55:28.784+0000] {dag.py:3239} INFO - Sync 1 DAGs
[2025-02-19T21:55:28.804+0000] {logging_mixin.py:190} INFO - [2025-02-19T21:55:28.804+0000] {dag.py:4180} INFO - Setting next_dagrun for example_trigger_controller_dag to 2021-01-01 00:00:00+00:00, run_after=2021-01-01 00:00:00+00:00
[2025-02-19T21:55:28.817+0000] {processor.py:208} INFO - Processing /home/airflow/.local/lib/python3.12/site-packages/airflow/example_dags/example_trigger_controller_dag.py took 0.071 seconds
[2025-02-19T21:56:06.903+0000] {processor.py:186} INFO - Started process (PID=4516) to work on /home/airflow/.local/lib/python3.12/site-packages/airflow/example_dags/example_trigger_controller_dag.py
[2025-02-19T21:56:06.905+0000] {processor.py:914} INFO - Processing file /home/airflow/.local/lib/python3.12/site-packages/airflow/example_dags/example_trigger_controller_dag.py for tasks to queue
[2025-02-19T21:56:06.907+0000] {logging_mixin.py:190} INFO - [2025-02-19T21:56:06.907+0000] {dagbag.py:588} INFO - Filling up the DagBag from /home/airflow/.local/lib/python3.12/site-packages/airflow/example_dags/example_trigger_controller_dag.py
[2025-02-19T21:56:06.913+0000] {processor.py:925} INFO - DAG(s) 'example_trigger_controller_dag' retrieved from /home/airflow/.local/lib/python3.12/site-packages/airflow/example_dags/example_trigger_controller_dag.py
[2025-02-19T21:56:06.927+0000] {logging_mixin.py:190} INFO - [2025-02-19T21:56:06.927+0000] {dag.py:3239} INFO - Sync 1 DAGs
[2025-02-19T21:56:06.941+0000] {logging_mixin.py:190} INFO - [2025-02-19T21:56:06.941+0000] {dag.py:4180} INFO - Setting next_dagrun for example_trigger_controller_dag to 2021-01-01 00:00:00+00:00, run_after=2021-01-01 00:00:00+00:00
[2025-02-19T21:56:06.952+0000] {processor.py:208} INFO - Processing /home/airflow/.local/lib/python3.12/site-packages/airflow/example_dags/example_trigger_controller_dag.py took 0.054 seconds
[2025-02-19T21:56:48.104+0000] {processor.py:186} INFO - Started process (PID=4578) to work on /home/airflow/.local/lib/python3.12/site-packages/airflow/example_dags/example_trigger_controller_dag.py
[2025-02-19T21:56:48.107+0000] {processor.py:914} INFO - Processing file /home/airflow/.local/lib/python3.12/site-packages/airflow/example_dags/example_trigger_controller_dag.py for tasks to queue
[2025-02-19T21:56:48.111+0000] {logging_mixin.py:190} INFO - [2025-02-19T21:56:48.111+0000] {dagbag.py:588} INFO - Filling up the DagBag from /home/airflow/.local/lib/python3.12/site-packages/airflow/example_dags/example_trigger_controller_dag.py
[2025-02-19T21:56:48.118+0000] {processor.py:925} INFO - DAG(s) 'example_trigger_controller_dag' retrieved from /home/airflow/.local/lib/python3.12/site-packages/airflow/example_dags/example_trigger_controller_dag.py
[2025-02-19T21:56:48.136+0000] {logging_mixin.py:190} INFO - [2025-02-19T21:56:48.136+0000] {dag.py:3239} INFO - Sync 1 DAGs
[2025-02-19T21:56:48.152+0000] {logging_mixin.py:190} INFO - [2025-02-19T21:56:48.152+0000] {dag.py:4180} INFO - Setting next_dagrun for example_trigger_controller_dag to 2021-01-01 00:00:00+00:00, run_after=2021-01-01 00:00:00+00:00
[2025-02-19T21:56:48.168+0000] {processor.py:208} INFO - Processing /home/airflow/.local/lib/python3.12/site-packages/airflow/example_dags/example_trigger_controller_dag.py took 0.069 seconds
[2025-02-19T21:57:42.452+0000] {processor.py:186} INFO - Started process (PID=4640) to work on /home/airflow/.local/lib/python3.12/site-packages/airflow/example_dags/example_trigger_controller_dag.py
[2025-02-19T21:57:42.453+0000] {processor.py:914} INFO - Processing file /home/airflow/.local/lib/python3.12/site-packages/airflow/example_dags/example_trigger_controller_dag.py for tasks to queue
[2025-02-19T21:57:42.454+0000] {logging_mixin.py:190} INFO - [2025-02-19T21:57:42.454+0000] {dagbag.py:588} INFO - Filling up the DagBag from /home/airflow/.local/lib/python3.12/site-packages/airflow/example_dags/example_trigger_controller_dag.py
[2025-02-19T21:57:42.458+0000] {processor.py:925} INFO - DAG(s) 'example_trigger_controller_dag' retrieved from /home/airflow/.local/lib/python3.12/site-packages/airflow/example_dags/example_trigger_controller_dag.py
[2025-02-19T21:57:42.478+0000] {logging_mixin.py:190} INFO - [2025-02-19T21:57:42.478+0000] {dag.py:3239} INFO - Sync 1 DAGs
[2025-02-19T21:57:42.493+0000] {logging_mixin.py:190} INFO - [2025-02-19T21:57:42.493+0000] {dag.py:4180} INFO - Setting next_dagrun for example_trigger_controller_dag to 2021-01-01 00:00:00+00:00, run_after=2021-01-01 00:00:00+00:00
[2025-02-19T21:57:42.504+0000] {processor.py:208} INFO - Processing /home/airflow/.local/lib/python3.12/site-packages/airflow/example_dags/example_trigger_controller_dag.py took 0.056 seconds
[2025-02-19T21:59:18.156+0000] {processor.py:186} INFO - Started process (PID=4696) to work on /home/airflow/.local/lib/python3.12/site-packages/airflow/example_dags/example_trigger_controller_dag.py
[2025-02-19T21:59:18.157+0000] {processor.py:914} INFO - Processing file /home/airflow/.local/lib/python3.12/site-packages/airflow/example_dags/example_trigger_controller_dag.py for tasks to queue
[2025-02-19T21:59:18.159+0000] {logging_mixin.py:190} INFO - [2025-02-19T21:59:18.159+0000] {dagbag.py:588} INFO - Filling up the DagBag from /home/airflow/.local/lib/python3.12/site-packages/airflow/example_dags/example_trigger_controller_dag.py
[2025-02-19T21:59:18.166+0000] {processor.py:925} INFO - DAG(s) 'example_trigger_controller_dag' retrieved from /home/airflow/.local/lib/python3.12/site-packages/airflow/example_dags/example_trigger_controller_dag.py
[2025-02-19T21:59:18.186+0000] {logging_mixin.py:190} INFO - [2025-02-19T21:59:18.186+0000] {dag.py:3239} INFO - Sync 1 DAGs
[2025-02-19T21:59:18.197+0000] {logging_mixin.py:190} INFO - [2025-02-19T21:59:18.197+0000] {dag.py:4180} INFO - Setting next_dagrun for example_trigger_controller_dag to 2021-01-01 00:00:00+00:00, run_after=2021-01-01 00:00:00+00:00
[2025-02-19T21:59:18.207+0000] {processor.py:208} INFO - Processing /home/airflow/.local/lib/python3.12/site-packages/airflow/example_dags/example_trigger_controller_dag.py took 0.058 seconds
[2025-02-19T22:00:04.745+0000] {processor.py:186} INFO - Started process (PID=4764) to work on /home/airflow/.local/lib/python3.12/site-packages/airflow/example_dags/example_trigger_controller_dag.py
[2025-02-19T22:00:04.746+0000] {processor.py:914} INFO - Processing file /home/airflow/.local/lib/python3.12/site-packages/airflow/example_dags/example_trigger_controller_dag.py for tasks to queue
[2025-02-19T22:00:04.749+0000] {logging_mixin.py:190} INFO - [2025-02-19T22:00:04.748+0000] {dagbag.py:588} INFO - Filling up the DagBag from /home/airflow/.local/lib/python3.12/site-packages/airflow/example_dags/example_trigger_controller_dag.py
[2025-02-19T22:00:04.754+0000] {processor.py:925} INFO - DAG(s) 'example_trigger_controller_dag' retrieved from /home/airflow/.local/lib/python3.12/site-packages/airflow/example_dags/example_trigger_controller_dag.py
[2025-02-19T22:00:04.769+0000] {logging_mixin.py:190} INFO - [2025-02-19T22:00:04.769+0000] {dag.py:3239} INFO - Sync 1 DAGs
[2025-02-19T22:00:04.783+0000] {logging_mixin.py:190} INFO - [2025-02-19T22:00:04.782+0000] {dag.py:4180} INFO - Setting next_dagrun for example_trigger_controller_dag to 2021-01-01 00:00:00+00:00, run_after=2021-01-01 00:00:00+00:00
[2025-02-19T22:00:04.797+0000] {processor.py:208} INFO - Processing /home/airflow/.local/lib/python3.12/site-packages/airflow/example_dags/example_trigger_controller_dag.py took 0.057 seconds
[2025-02-19T22:00:35.121+0000] {processor.py:186} INFO - Started process (PID=4820) to work on /home/airflow/.local/lib/python3.12/site-packages/airflow/example_dags/example_trigger_controller_dag.py
[2025-02-19T22:00:35.122+0000] {processor.py:914} INFO - Processing file /home/airflow/.local/lib/python3.12/site-packages/airflow/example_dags/example_trigger_controller_dag.py for tasks to queue
[2025-02-19T22:00:35.125+0000] {logging_mixin.py:190} INFO - [2025-02-19T22:00:35.125+0000] {dagbag.py:588} INFO - Filling up the DagBag from /home/airflow/.local/lib/python3.12/site-packages/airflow/example_dags/example_trigger_controller_dag.py
[2025-02-19T22:00:35.128+0000] {processor.py:925} INFO - DAG(s) 'example_trigger_controller_dag' retrieved from /home/airflow/.local/lib/python3.12/site-packages/airflow/example_dags/example_trigger_controller_dag.py
[2025-02-19T22:00:35.139+0000] {logging_mixin.py:190} INFO - [2025-02-19T22:00:35.139+0000] {dag.py:3239} INFO - Sync 1 DAGs
[2025-02-19T22:00:35.151+0000] {logging_mixin.py:190} INFO - [2025-02-19T22:00:35.151+0000] {dag.py:4180} INFO - Setting next_dagrun for example_trigger_controller_dag to 2021-01-01 00:00:00+00:00, run_after=2021-01-01 00:00:00+00:00
[2025-02-19T22:00:35.159+0000] {processor.py:208} INFO - Processing /home/airflow/.local/lib/python3.12/site-packages/airflow/example_dags/example_trigger_controller_dag.py took 0.041 seconds
[2025-02-19T22:01:06.322+0000] {processor.py:186} INFO - Started process (PID=4881) to work on /home/airflow/.local/lib/python3.12/site-packages/airflow/example_dags/example_trigger_controller_dag.py
[2025-02-19T22:01:06.323+0000] {processor.py:914} INFO - Processing file /home/airflow/.local/lib/python3.12/site-packages/airflow/example_dags/example_trigger_controller_dag.py for tasks to queue
[2025-02-19T22:01:06.324+0000] {logging_mixin.py:190} INFO - [2025-02-19T22:01:06.324+0000] {dagbag.py:588} INFO - Filling up the DagBag from /home/airflow/.local/lib/python3.12/site-packages/airflow/example_dags/example_trigger_controller_dag.py
[2025-02-19T22:01:06.329+0000] {processor.py:925} INFO - DAG(s) 'example_trigger_controller_dag' retrieved from /home/airflow/.local/lib/python3.12/site-packages/airflow/example_dags/example_trigger_controller_dag.py
[2025-02-19T22:01:06.342+0000] {logging_mixin.py:190} INFO - [2025-02-19T22:01:06.342+0000] {dag.py:3239} INFO - Sync 1 DAGs
[2025-02-19T22:01:06.358+0000] {logging_mixin.py:190} INFO - [2025-02-19T22:01:06.358+0000] {dag.py:4180} INFO - Setting next_dagrun for example_trigger_controller_dag to 2021-01-01 00:00:00+00:00, run_after=2021-01-01 00:00:00+00:00
[2025-02-19T22:01:06.386+0000] {processor.py:208} INFO - Processing /home/airflow/.local/lib/python3.12/site-packages/airflow/example_dags/example_trigger_controller_dag.py took 0.068 seconds
[2025-02-19T22:01:37.509+0000] {processor.py:186} INFO - Started process (PID=4943) to work on /home/airflow/.local/lib/python3.12/site-packages/airflow/example_dags/example_trigger_controller_dag.py
[2025-02-19T22:01:37.509+0000] {processor.py:914} INFO - Processing file /home/airflow/.local/lib/python3.12/site-packages/airflow/example_dags/example_trigger_controller_dag.py for tasks to queue
[2025-02-19T22:01:37.512+0000] {logging_mixin.py:190} INFO - [2025-02-19T22:01:37.511+0000] {dagbag.py:588} INFO - Filling up the DagBag from /home/airflow/.local/lib/python3.12/site-packages/airflow/example_dags/example_trigger_controller_dag.py
[2025-02-19T22:01:37.515+0000] {processor.py:925} INFO - DAG(s) 'example_trigger_controller_dag' retrieved from /home/airflow/.local/lib/python3.12/site-packages/airflow/example_dags/example_trigger_controller_dag.py
[2025-02-19T22:01:37.525+0000] {logging_mixin.py:190} INFO - [2025-02-19T22:01:37.525+0000] {dag.py:3239} INFO - Sync 1 DAGs
[2025-02-19T22:01:37.538+0000] {logging_mixin.py:190} INFO - [2025-02-19T22:01:37.537+0000] {dag.py:4180} INFO - Setting next_dagrun for example_trigger_controller_dag to 2021-01-01 00:00:00+00:00, run_after=2021-01-01 00:00:00+00:00
[2025-02-19T22:01:37.554+0000] {processor.py:208} INFO - Processing /home/airflow/.local/lib/python3.12/site-packages/airflow/example_dags/example_trigger_controller_dag.py took 0.050 seconds
[2025-02-19T22:02:08.218+0000] {processor.py:186} INFO - Started process (PID=5005) to work on /home/airflow/.local/lib/python3.12/site-packages/airflow/example_dags/example_trigger_controller_dag.py
[2025-02-19T22:02:08.219+0000] {processor.py:914} INFO - Processing file /home/airflow/.local/lib/python3.12/site-packages/airflow/example_dags/example_trigger_controller_dag.py for tasks to queue
[2025-02-19T22:02:08.222+0000] {logging_mixin.py:190} INFO - [2025-02-19T22:02:08.222+0000] {dagbag.py:588} INFO - Filling up the DagBag from /home/airflow/.local/lib/python3.12/site-packages/airflow/example_dags/example_trigger_controller_dag.py
[2025-02-19T22:02:08.228+0000] {processor.py:925} INFO - DAG(s) 'example_trigger_controller_dag' retrieved from /home/airflow/.local/lib/python3.12/site-packages/airflow/example_dags/example_trigger_controller_dag.py
[2025-02-19T22:02:08.244+0000] {logging_mixin.py:190} INFO - [2025-02-19T22:02:08.243+0000] {dag.py:3239} INFO - Sync 1 DAGs
[2025-02-19T22:02:08.261+0000] {logging_mixin.py:190} INFO - [2025-02-19T22:02:08.261+0000] {dag.py:4180} INFO - Setting next_dagrun for example_trigger_controller_dag to 2021-01-01 00:00:00+00:00, run_after=2021-01-01 00:00:00+00:00
[2025-02-19T22:02:08.273+0000] {processor.py:208} INFO - Processing /home/airflow/.local/lib/python3.12/site-packages/airflow/example_dags/example_trigger_controller_dag.py took 0.058 seconds
[2025-02-19T22:02:40.284+0000] {processor.py:186} INFO - Started process (PID=5073) to work on /home/airflow/.local/lib/python3.12/site-packages/airflow/example_dags/example_trigger_controller_dag.py
[2025-02-19T22:02:40.285+0000] {processor.py:914} INFO - Processing file /home/airflow/.local/lib/python3.12/site-packages/airflow/example_dags/example_trigger_controller_dag.py for tasks to queue
[2025-02-19T22:02:40.286+0000] {logging_mixin.py:190} INFO - [2025-02-19T22:02:40.286+0000] {dagbag.py:588} INFO - Filling up the DagBag from /home/airflow/.local/lib/python3.12/site-packages/airflow/example_dags/example_trigger_controller_dag.py
[2025-02-19T22:02:40.292+0000] {processor.py:925} INFO - DAG(s) 'example_trigger_controller_dag' retrieved from /home/airflow/.local/lib/python3.12/site-packages/airflow/example_dags/example_trigger_controller_dag.py
[2025-02-19T22:02:40.304+0000] {logging_mixin.py:190} INFO - [2025-02-19T22:02:40.303+0000] {dag.py:3239} INFO - Sync 1 DAGs
[2025-02-19T22:02:40.315+0000] {logging_mixin.py:190} INFO - [2025-02-19T22:02:40.315+0000] {dag.py:4180} INFO - Setting next_dagrun for example_trigger_controller_dag to 2021-01-01 00:00:00+00:00, run_after=2021-01-01 00:00:00+00:00
[2025-02-19T22:02:40.328+0000] {processor.py:208} INFO - Processing /home/airflow/.local/lib/python3.12/site-packages/airflow/example_dags/example_trigger_controller_dag.py took 0.048 seconds
[2025-02-19T22:03:11.852+0000] {processor.py:186} INFO - Started process (PID=5135) to work on /home/airflow/.local/lib/python3.12/site-packages/airflow/example_dags/example_trigger_controller_dag.py
[2025-02-19T22:03:11.853+0000] {processor.py:914} INFO - Processing file /home/airflow/.local/lib/python3.12/site-packages/airflow/example_dags/example_trigger_controller_dag.py for tasks to queue
[2025-02-19T22:03:11.854+0000] {logging_mixin.py:190} INFO - [2025-02-19T22:03:11.854+0000] {dagbag.py:588} INFO - Filling up the DagBag from /home/airflow/.local/lib/python3.12/site-packages/airflow/example_dags/example_trigger_controller_dag.py
[2025-02-19T22:03:11.857+0000] {processor.py:925} INFO - DAG(s) 'example_trigger_controller_dag' retrieved from /home/airflow/.local/lib/python3.12/site-packages/airflow/example_dags/example_trigger_controller_dag.py
[2025-02-19T22:03:11.872+0000] {logging_mixin.py:190} INFO - [2025-02-19T22:03:11.872+0000] {dag.py:3239} INFO - Sync 1 DAGs
[2025-02-19T22:03:11.887+0000] {logging_mixin.py:190} INFO - [2025-02-19T22:03:11.886+0000] {dag.py:4180} INFO - Setting next_dagrun for example_trigger_controller_dag to 2021-01-01 00:00:00+00:00, run_after=2021-01-01 00:00:00+00:00
[2025-02-19T22:03:11.900+0000] {processor.py:208} INFO - Processing /home/airflow/.local/lib/python3.12/site-packages/airflow/example_dags/example_trigger_controller_dag.py took 0.052 seconds
[2025-02-19T22:03:43.273+0000] {processor.py:186} INFO - Started process (PID=5197) to work on /home/airflow/.local/lib/python3.12/site-packages/airflow/example_dags/example_trigger_controller_dag.py
[2025-02-19T22:03:43.276+0000] {processor.py:914} INFO - Processing file /home/airflow/.local/lib/python3.12/site-packages/airflow/example_dags/example_trigger_controller_dag.py for tasks to queue
[2025-02-19T22:03:43.282+0000] {logging_mixin.py:190} INFO - [2025-02-19T22:03:43.282+0000] {dagbag.py:588} INFO - Filling up the DagBag from /home/airflow/.local/lib/python3.12/site-packages/airflow/example_dags/example_trigger_controller_dag.py
[2025-02-19T22:03:43.290+0000] {processor.py:925} INFO - DAG(s) 'example_trigger_controller_dag' retrieved from /home/airflow/.local/lib/python3.12/site-packages/airflow/example_dags/example_trigger_controller_dag.py
[2025-02-19T22:03:43.313+0000] {logging_mixin.py:190} INFO - [2025-02-19T22:03:43.312+0000] {dag.py:3239} INFO - Sync 1 DAGs
[2025-02-19T22:03:43.333+0000] {logging_mixin.py:190} INFO - [2025-02-19T22:03:43.332+0000] {dag.py:4180} INFO - Setting next_dagrun for example_trigger_controller_dag to 2021-01-01 00:00:00+00:00, run_after=2021-01-01 00:00:00+00:00
[2025-02-19T22:03:43.346+0000] {processor.py:208} INFO - Processing /home/airflow/.local/lib/python3.12/site-packages/airflow/example_dags/example_trigger_controller_dag.py took 0.088 seconds
[2025-02-19T22:04:14.018+0000] {processor.py:186} INFO - Started process (PID=5259) to work on /home/airflow/.local/lib/python3.12/site-packages/airflow/example_dags/example_trigger_controller_dag.py
[2025-02-19T22:04:14.019+0000] {processor.py:914} INFO - Processing file /home/airflow/.local/lib/python3.12/site-packages/airflow/example_dags/example_trigger_controller_dag.py for tasks to queue
[2025-02-19T22:04:14.022+0000] {logging_mixin.py:190} INFO - [2025-02-19T22:04:14.022+0000] {dagbag.py:588} INFO - Filling up the DagBag from /home/airflow/.local/lib/python3.12/site-packages/airflow/example_dags/example_trigger_controller_dag.py
[2025-02-19T22:04:14.029+0000] {processor.py:925} INFO - DAG(s) 'example_trigger_controller_dag' retrieved from /home/airflow/.local/lib/python3.12/site-packages/airflow/example_dags/example_trigger_controller_dag.py
[2025-02-19T22:04:14.050+0000] {logging_mixin.py:190} INFO - [2025-02-19T22:04:14.050+0000] {dag.py:3239} INFO - Sync 1 DAGs
[2025-02-19T22:04:14.076+0000] {logging_mixin.py:190} INFO - [2025-02-19T22:04:14.073+0000] {dag.py:4180} INFO - Setting next_dagrun for example_trigger_controller_dag to 2021-01-01 00:00:00+00:00, run_after=2021-01-01 00:00:00+00:00
[2025-02-19T22:04:14.098+0000] {processor.py:208} INFO - Processing /home/airflow/.local/lib/python3.12/site-packages/airflow/example_dags/example_trigger_controller_dag.py took 0.084 seconds
[2025-02-19T22:05:02.271+0000] {processor.py:186} INFO - Started process (PID=5315) to work on /home/airflow/.local/lib/python3.12/site-packages/airflow/example_dags/example_trigger_controller_dag.py
[2025-02-19T22:05:02.272+0000] {processor.py:914} INFO - Processing file /home/airflow/.local/lib/python3.12/site-packages/airflow/example_dags/example_trigger_controller_dag.py for tasks to queue
[2025-02-19T22:05:02.274+0000] {logging_mixin.py:190} INFO - [2025-02-19T22:05:02.273+0000] {dagbag.py:588} INFO - Filling up the DagBag from /home/airflow/.local/lib/python3.12/site-packages/airflow/example_dags/example_trigger_controller_dag.py
[2025-02-19T22:05:02.278+0000] {processor.py:925} INFO - DAG(s) 'example_trigger_controller_dag' retrieved from /home/airflow/.local/lib/python3.12/site-packages/airflow/example_dags/example_trigger_controller_dag.py
[2025-02-19T22:05:02.291+0000] {logging_mixin.py:190} INFO - [2025-02-19T22:05:02.291+0000] {dag.py:3239} INFO - Sync 1 DAGs
[2025-02-19T22:05:02.302+0000] {logging_mixin.py:190} INFO - [2025-02-19T22:05:02.302+0000] {dag.py:4180} INFO - Setting next_dagrun for example_trigger_controller_dag to 2021-01-01 00:00:00+00:00, run_after=2021-01-01 00:00:00+00:00
[2025-02-19T22:05:02.310+0000] {processor.py:208} INFO - Processing /home/airflow/.local/lib/python3.12/site-packages/airflow/example_dags/example_trigger_controller_dag.py took 0.045 seconds
[2025-02-19T22:05:34.008+0000] {processor.py:186} INFO - Started process (PID=5377) to work on /home/airflow/.local/lib/python3.12/site-packages/airflow/example_dags/example_trigger_controller_dag.py
[2025-02-19T22:05:34.009+0000] {processor.py:914} INFO - Processing file /home/airflow/.local/lib/python3.12/site-packages/airflow/example_dags/example_trigger_controller_dag.py for tasks to queue
[2025-02-19T22:05:34.010+0000] {logging_mixin.py:190} INFO - [2025-02-19T22:05:34.010+0000] {dagbag.py:588} INFO - Filling up the DagBag from /home/airflow/.local/lib/python3.12/site-packages/airflow/example_dags/example_trigger_controller_dag.py
[2025-02-19T22:05:34.014+0000] {processor.py:925} INFO - DAG(s) 'example_trigger_controller_dag' retrieved from /home/airflow/.local/lib/python3.12/site-packages/airflow/example_dags/example_trigger_controller_dag.py
[2025-02-19T22:05:34.025+0000] {logging_mixin.py:190} INFO - [2025-02-19T22:05:34.025+0000] {dag.py:3239} INFO - Sync 1 DAGs
[2025-02-19T22:05:34.037+0000] {logging_mixin.py:190} INFO - [2025-02-19T22:05:34.037+0000] {dag.py:4180} INFO - Setting next_dagrun for example_trigger_controller_dag to 2021-01-01 00:00:00+00:00, run_after=2021-01-01 00:00:00+00:00
[2025-02-19T22:05:34.046+0000] {processor.py:208} INFO - Processing /home/airflow/.local/lib/python3.12/site-packages/airflow/example_dags/example_trigger_controller_dag.py took 0.042 seconds
[2025-02-19T22:06:04.520+0000] {processor.py:186} INFO - Started process (PID=5439) to work on /home/airflow/.local/lib/python3.12/site-packages/airflow/example_dags/example_trigger_controller_dag.py
[2025-02-19T22:06:04.521+0000] {processor.py:914} INFO - Processing file /home/airflow/.local/lib/python3.12/site-packages/airflow/example_dags/example_trigger_controller_dag.py for tasks to queue
[2025-02-19T22:06:04.522+0000] {logging_mixin.py:190} INFO - [2025-02-19T22:06:04.522+0000] {dagbag.py:588} INFO - Filling up the DagBag from /home/airflow/.local/lib/python3.12/site-packages/airflow/example_dags/example_trigger_controller_dag.py
[2025-02-19T22:06:04.530+0000] {processor.py:925} INFO - DAG(s) 'example_trigger_controller_dag' retrieved from /home/airflow/.local/lib/python3.12/site-packages/airflow/example_dags/example_trigger_controller_dag.py
[2025-02-19T22:06:04.545+0000] {logging_mixin.py:190} INFO - [2025-02-19T22:06:04.545+0000] {dag.py:3239} INFO - Sync 1 DAGs
[2025-02-19T22:06:04.559+0000] {logging_mixin.py:190} INFO - [2025-02-19T22:06:04.559+0000] {dag.py:4180} INFO - Setting next_dagrun for example_trigger_controller_dag to 2021-01-01 00:00:00+00:00, run_after=2021-01-01 00:00:00+00:00
[2025-02-19T22:06:04.573+0000] {processor.py:208} INFO - Processing /home/airflow/.local/lib/python3.12/site-packages/airflow/example_dags/example_trigger_controller_dag.py took 0.057 seconds
[2025-02-19T22:06:36.028+0000] {processor.py:186} INFO - Started process (PID=5501) to work on /home/airflow/.local/lib/python3.12/site-packages/airflow/example_dags/example_trigger_controller_dag.py
[2025-02-19T22:06:36.029+0000] {processor.py:914} INFO - Processing file /home/airflow/.local/lib/python3.12/site-packages/airflow/example_dags/example_trigger_controller_dag.py for tasks to queue
[2025-02-19T22:06:36.030+0000] {logging_mixin.py:190} INFO - [2025-02-19T22:06:36.030+0000] {dagbag.py:588} INFO - Filling up the DagBag from /home/airflow/.local/lib/python3.12/site-packages/airflow/example_dags/example_trigger_controller_dag.py
[2025-02-19T22:06:36.035+0000] {processor.py:925} INFO - DAG(s) 'example_trigger_controller_dag' retrieved from /home/airflow/.local/lib/python3.12/site-packages/airflow/example_dags/example_trigger_controller_dag.py
[2025-02-19T22:06:36.050+0000] {logging_mixin.py:190} INFO - [2025-02-19T22:06:36.050+0000] {dag.py:3239} INFO - Sync 1 DAGs
[2025-02-19T22:06:36.068+0000] {logging_mixin.py:190} INFO - [2025-02-19T22:06:36.068+0000] {dag.py:4180} INFO - Setting next_dagrun for example_trigger_controller_dag to 2021-01-01 00:00:00+00:00, run_after=2021-01-01 00:00:00+00:00
[2025-02-19T22:06:36.078+0000] {processor.py:208} INFO - Processing /home/airflow/.local/lib/python3.12/site-packages/airflow/example_dags/example_trigger_controller_dag.py took 0.055 seconds
[2025-02-19T22:07:07.810+0000] {processor.py:186} INFO - Started process (PID=5563) to work on /home/airflow/.local/lib/python3.12/site-packages/airflow/example_dags/example_trigger_controller_dag.py
[2025-02-19T22:07:07.812+0000] {processor.py:914} INFO - Processing file /home/airflow/.local/lib/python3.12/site-packages/airflow/example_dags/example_trigger_controller_dag.py for tasks to queue
[2025-02-19T22:07:07.813+0000] {logging_mixin.py:190} INFO - [2025-02-19T22:07:07.813+0000] {dagbag.py:588} INFO - Filling up the DagBag from /home/airflow/.local/lib/python3.12/site-packages/airflow/example_dags/example_trigger_controller_dag.py
[2025-02-19T22:07:07.817+0000] {processor.py:925} INFO - DAG(s) 'example_trigger_controller_dag' retrieved from /home/airflow/.local/lib/python3.12/site-packages/airflow/example_dags/example_trigger_controller_dag.py
[2025-02-19T22:07:07.830+0000] {logging_mixin.py:190} INFO - [2025-02-19T22:07:07.830+0000] {dag.py:3239} INFO - Sync 1 DAGs
[2025-02-19T22:07:07.843+0000] {logging_mixin.py:190} INFO - [2025-02-19T22:07:07.843+0000] {dag.py:4180} INFO - Setting next_dagrun for example_trigger_controller_dag to 2021-01-01 00:00:00+00:00, run_after=2021-01-01 00:00:00+00:00
[2025-02-19T22:07:07.856+0000] {processor.py:208} INFO - Processing /home/airflow/.local/lib/python3.12/site-packages/airflow/example_dags/example_trigger_controller_dag.py took 0.048 seconds
[2025-02-19T22:07:39.051+0000] {processor.py:186} INFO - Started process (PID=5625) to work on /home/airflow/.local/lib/python3.12/site-packages/airflow/example_dags/example_trigger_controller_dag.py
[2025-02-19T22:07:39.052+0000] {processor.py:914} INFO - Processing file /home/airflow/.local/lib/python3.12/site-packages/airflow/example_dags/example_trigger_controller_dag.py for tasks to queue
[2025-02-19T22:07:39.054+0000] {logging_mixin.py:190} INFO - [2025-02-19T22:07:39.053+0000] {dagbag.py:588} INFO - Filling up the DagBag from /home/airflow/.local/lib/python3.12/site-packages/airflow/example_dags/example_trigger_controller_dag.py
[2025-02-19T22:07:39.057+0000] {processor.py:925} INFO - DAG(s) 'example_trigger_controller_dag' retrieved from /home/airflow/.local/lib/python3.12/site-packages/airflow/example_dags/example_trigger_controller_dag.py
[2025-02-19T22:07:39.068+0000] {logging_mixin.py:190} INFO - [2025-02-19T22:07:39.067+0000] {dag.py:3239} INFO - Sync 1 DAGs
[2025-02-19T22:07:39.078+0000] {logging_mixin.py:190} INFO - [2025-02-19T22:07:39.078+0000] {dag.py:4180} INFO - Setting next_dagrun for example_trigger_controller_dag to 2021-01-01 00:00:00+00:00, run_after=2021-01-01 00:00:00+00:00
[2025-02-19T22:07:39.088+0000] {processor.py:208} INFO - Processing /home/airflow/.local/lib/python3.12/site-packages/airflow/example_dags/example_trigger_controller_dag.py took 0.040 seconds
[2025-02-19T22:08:10.656+0000] {processor.py:186} INFO - Started process (PID=5687) to work on /home/airflow/.local/lib/python3.12/site-packages/airflow/example_dags/example_trigger_controller_dag.py
[2025-02-19T22:08:10.657+0000] {processor.py:914} INFO - Processing file /home/airflow/.local/lib/python3.12/site-packages/airflow/example_dags/example_trigger_controller_dag.py for tasks to queue
[2025-02-19T22:08:10.659+0000] {logging_mixin.py:190} INFO - [2025-02-19T22:08:10.659+0000] {dagbag.py:588} INFO - Filling up the DagBag from /home/airflow/.local/lib/python3.12/site-packages/airflow/example_dags/example_trigger_controller_dag.py
[2025-02-19T22:08:10.662+0000] {processor.py:925} INFO - DAG(s) 'example_trigger_controller_dag' retrieved from /home/airflow/.local/lib/python3.12/site-packages/airflow/example_dags/example_trigger_controller_dag.py
[2025-02-19T22:08:10.679+0000] {logging_mixin.py:190} INFO - [2025-02-19T22:08:10.679+0000] {dag.py:3239} INFO - Sync 1 DAGs
[2025-02-19T22:08:10.692+0000] {logging_mixin.py:190} INFO - [2025-02-19T22:08:10.692+0000] {dag.py:4180} INFO - Setting next_dagrun for example_trigger_controller_dag to 2021-01-01 00:00:00+00:00, run_after=2021-01-01 00:00:00+00:00
[2025-02-19T22:08:10.702+0000] {processor.py:208} INFO - Processing /home/airflow/.local/lib/python3.12/site-packages/airflow/example_dags/example_trigger_controller_dag.py took 0.049 seconds
[2025-02-19T22:08:42.019+0000] {processor.py:186} INFO - Started process (PID=5749) to work on /home/airflow/.local/lib/python3.12/site-packages/airflow/example_dags/example_trigger_controller_dag.py
[2025-02-19T22:08:42.022+0000] {processor.py:914} INFO - Processing file /home/airflow/.local/lib/python3.12/site-packages/airflow/example_dags/example_trigger_controller_dag.py for tasks to queue
[2025-02-19T22:08:42.029+0000] {logging_mixin.py:190} INFO - [2025-02-19T22:08:42.028+0000] {dagbag.py:588} INFO - Filling up the DagBag from /home/airflow/.local/lib/python3.12/site-packages/airflow/example_dags/example_trigger_controller_dag.py
[2025-02-19T22:08:42.044+0000] {processor.py:925} INFO - DAG(s) 'example_trigger_controller_dag' retrieved from /home/airflow/.local/lib/python3.12/site-packages/airflow/example_dags/example_trigger_controller_dag.py
[2025-02-19T22:08:42.063+0000] {logging_mixin.py:190} INFO - [2025-02-19T22:08:42.063+0000] {dag.py:3239} INFO - Sync 1 DAGs
[2025-02-19T22:08:42.083+0000] {logging_mixin.py:190} INFO - [2025-02-19T22:08:42.083+0000] {dag.py:4180} INFO - Setting next_dagrun for example_trigger_controller_dag to 2021-01-01 00:00:00+00:00, run_after=2021-01-01 00:00:00+00:00
[2025-02-19T22:08:42.099+0000] {processor.py:208} INFO - Processing /home/airflow/.local/lib/python3.12/site-packages/airflow/example_dags/example_trigger_controller_dag.py took 0.088 seconds
[2025-02-19T22:09:13.466+0000] {processor.py:186} INFO - Started process (PID=5811) to work on /home/airflow/.local/lib/python3.12/site-packages/airflow/example_dags/example_trigger_controller_dag.py
[2025-02-19T22:09:13.467+0000] {processor.py:914} INFO - Processing file /home/airflow/.local/lib/python3.12/site-packages/airflow/example_dags/example_trigger_controller_dag.py for tasks to queue
[2025-02-19T22:09:13.469+0000] {logging_mixin.py:190} INFO - [2025-02-19T22:09:13.468+0000] {dagbag.py:588} INFO - Filling up the DagBag from /home/airflow/.local/lib/python3.12/site-packages/airflow/example_dags/example_trigger_controller_dag.py
[2025-02-19T22:09:13.474+0000] {processor.py:925} INFO - DAG(s) 'example_trigger_controller_dag' retrieved from /home/airflow/.local/lib/python3.12/site-packages/airflow/example_dags/example_trigger_controller_dag.py
[2025-02-19T22:09:13.488+0000] {logging_mixin.py:190} INFO - [2025-02-19T22:09:13.488+0000] {dag.py:3239} INFO - Sync 1 DAGs
[2025-02-19T22:09:13.504+0000] {logging_mixin.py:190} INFO - [2025-02-19T22:09:13.504+0000] {dag.py:4180} INFO - Setting next_dagrun for example_trigger_controller_dag to 2021-01-01 00:00:00+00:00, run_after=2021-01-01 00:00:00+00:00
[2025-02-19T22:09:13.523+0000] {processor.py:208} INFO - Processing /home/airflow/.local/lib/python3.12/site-packages/airflow/example_dags/example_trigger_controller_dag.py took 0.062 seconds
[2025-02-19T22:10:22.915+0000] {processor.py:186} INFO - Started process (PID=5873) to work on /home/airflow/.local/lib/python3.12/site-packages/airflow/example_dags/example_trigger_controller_dag.py
[2025-02-19T22:10:22.916+0000] {processor.py:914} INFO - Processing file /home/airflow/.local/lib/python3.12/site-packages/airflow/example_dags/example_trigger_controller_dag.py for tasks to queue
[2025-02-19T22:10:22.920+0000] {logging_mixin.py:190} INFO - [2025-02-19T22:10:22.920+0000] {dagbag.py:588} INFO - Filling up the DagBag from /home/airflow/.local/lib/python3.12/site-packages/airflow/example_dags/example_trigger_controller_dag.py
[2025-02-19T22:10:22.925+0000] {processor.py:925} INFO - DAG(s) 'example_trigger_controller_dag' retrieved from /home/airflow/.local/lib/python3.12/site-packages/airflow/example_dags/example_trigger_controller_dag.py
[2025-02-19T22:10:22.938+0000] {logging_mixin.py:190} INFO - [2025-02-19T22:10:22.938+0000] {dag.py:3239} INFO - Sync 1 DAGs
[2025-02-19T22:10:22.950+0000] {logging_mixin.py:190} INFO - [2025-02-19T22:10:22.950+0000] {dag.py:4180} INFO - Setting next_dagrun for example_trigger_controller_dag to 2021-01-01 00:00:00+00:00, run_after=2021-01-01 00:00:00+00:00
[2025-02-19T22:10:22.960+0000] {processor.py:208} INFO - Processing /home/airflow/.local/lib/python3.12/site-packages/airflow/example_dags/example_trigger_controller_dag.py took 0.047 seconds
[2025-02-19T22:10:53.749+0000] {processor.py:186} INFO - Started process (PID=5935) to work on /home/airflow/.local/lib/python3.12/site-packages/airflow/example_dags/example_trigger_controller_dag.py
[2025-02-19T22:10:53.750+0000] {processor.py:914} INFO - Processing file /home/airflow/.local/lib/python3.12/site-packages/airflow/example_dags/example_trigger_controller_dag.py for tasks to queue
[2025-02-19T22:10:53.751+0000] {logging_mixin.py:190} INFO - [2025-02-19T22:10:53.751+0000] {dagbag.py:588} INFO - Filling up the DagBag from /home/airflow/.local/lib/python3.12/site-packages/airflow/example_dags/example_trigger_controller_dag.py
[2025-02-19T22:10:53.836+0000] {processor.py:925} INFO - DAG(s) 'example_trigger_controller_dag' retrieved from /home/airflow/.local/lib/python3.12/site-packages/airflow/example_dags/example_trigger_controller_dag.py
[2025-02-19T22:10:53.852+0000] {logging_mixin.py:190} INFO - [2025-02-19T22:10:53.852+0000] {dag.py:3239} INFO - Sync 1 DAGs
[2025-02-19T22:10:53.925+0000] {logging_mixin.py:190} INFO - [2025-02-19T22:10:53.925+0000] {dag.py:4180} INFO - Setting next_dagrun for example_trigger_controller_dag to 2021-01-01 00:00:00+00:00, run_after=2021-01-01 00:00:00+00:00
[2025-02-19T22:10:53.934+0000] {processor.py:208} INFO - Processing /home/airflow/.local/lib/python3.12/site-packages/airflow/example_dags/example_trigger_controller_dag.py took 0.192 seconds
[2025-02-19T22:11:24.746+0000] {processor.py:186} INFO - Started process (PID=5997) to work on /home/airflow/.local/lib/python3.12/site-packages/airflow/example_dags/example_trigger_controller_dag.py
[2025-02-19T22:11:24.747+0000] {processor.py:914} INFO - Processing file /home/airflow/.local/lib/python3.12/site-packages/airflow/example_dags/example_trigger_controller_dag.py for tasks to queue
[2025-02-19T22:11:24.748+0000] {logging_mixin.py:190} INFO - [2025-02-19T22:11:24.748+0000] {dagbag.py:588} INFO - Filling up the DagBag from /home/airflow/.local/lib/python3.12/site-packages/airflow/example_dags/example_trigger_controller_dag.py
[2025-02-19T22:11:24.753+0000] {processor.py:925} INFO - DAG(s) 'example_trigger_controller_dag' retrieved from /home/airflow/.local/lib/python3.12/site-packages/airflow/example_dags/example_trigger_controller_dag.py
[2025-02-19T22:11:24.765+0000] {logging_mixin.py:190} INFO - [2025-02-19T22:11:24.764+0000] {dag.py:3239} INFO - Sync 1 DAGs
[2025-02-19T22:11:24.776+0000] {logging_mixin.py:190} INFO - [2025-02-19T22:11:24.776+0000] {dag.py:4180} INFO - Setting next_dagrun for example_trigger_controller_dag to 2021-01-01 00:00:00+00:00, run_after=2021-01-01 00:00:00+00:00
[2025-02-19T22:11:24.788+0000] {processor.py:208} INFO - Processing /home/airflow/.local/lib/python3.12/site-packages/airflow/example_dags/example_trigger_controller_dag.py took 0.046 seconds
[2025-02-19T22:11:56.222+0000] {processor.py:186} INFO - Started process (PID=6059) to work on /home/airflow/.local/lib/python3.12/site-packages/airflow/example_dags/example_trigger_controller_dag.py
[2025-02-19T22:11:56.224+0000] {processor.py:914} INFO - Processing file /home/airflow/.local/lib/python3.12/site-packages/airflow/example_dags/example_trigger_controller_dag.py for tasks to queue
[2025-02-19T22:11:56.225+0000] {logging_mixin.py:190} INFO - [2025-02-19T22:11:56.225+0000] {dagbag.py:588} INFO - Filling up the DagBag from /home/airflow/.local/lib/python3.12/site-packages/airflow/example_dags/example_trigger_controller_dag.py
[2025-02-19T22:11:56.230+0000] {processor.py:925} INFO - DAG(s) 'example_trigger_controller_dag' retrieved from /home/airflow/.local/lib/python3.12/site-packages/airflow/example_dags/example_trigger_controller_dag.py
[2025-02-19T22:11:56.245+0000] {logging_mixin.py:190} INFO - [2025-02-19T22:11:56.245+0000] {dag.py:3239} INFO - Sync 1 DAGs
[2025-02-19T22:11:56.259+0000] {logging_mixin.py:190} INFO - [2025-02-19T22:11:56.259+0000] {dag.py:4180} INFO - Setting next_dagrun for example_trigger_controller_dag to 2021-01-01 00:00:00+00:00, run_after=2021-01-01 00:00:00+00:00
[2025-02-19T22:11:56.269+0000] {processor.py:208} INFO - Processing /home/airflow/.local/lib/python3.12/site-packages/airflow/example_dags/example_trigger_controller_dag.py took 0.050 seconds
[2025-02-19T22:12:27.518+0000] {processor.py:186} INFO - Started process (PID=6121) to work on /home/airflow/.local/lib/python3.12/site-packages/airflow/example_dags/example_trigger_controller_dag.py
[2025-02-19T22:12:27.519+0000] {processor.py:914} INFO - Processing file /home/airflow/.local/lib/python3.12/site-packages/airflow/example_dags/example_trigger_controller_dag.py for tasks to queue
[2025-02-19T22:12:27.521+0000] {logging_mixin.py:190} INFO - [2025-02-19T22:12:27.521+0000] {dagbag.py:588} INFO - Filling up the DagBag from /home/airflow/.local/lib/python3.12/site-packages/airflow/example_dags/example_trigger_controller_dag.py
[2025-02-19T22:12:27.527+0000] {processor.py:925} INFO - DAG(s) 'example_trigger_controller_dag' retrieved from /home/airflow/.local/lib/python3.12/site-packages/airflow/example_dags/example_trigger_controller_dag.py
[2025-02-19T22:12:27.540+0000] {logging_mixin.py:190} INFO - [2025-02-19T22:12:27.540+0000] {dag.py:3239} INFO - Sync 1 DAGs
[2025-02-19T22:12:27.553+0000] {logging_mixin.py:190} INFO - [2025-02-19T22:12:27.553+0000] {dag.py:4180} INFO - Setting next_dagrun for example_trigger_controller_dag to 2021-01-01 00:00:00+00:00, run_after=2021-01-01 00:00:00+00:00
[2025-02-19T22:12:27.565+0000] {processor.py:208} INFO - Processing /home/airflow/.local/lib/python3.12/site-packages/airflow/example_dags/example_trigger_controller_dag.py took 0.053 seconds
[2025-02-19T22:13:11.524+0000] {processor.py:186} INFO - Started process (PID=6183) to work on /home/airflow/.local/lib/python3.12/site-packages/airflow/example_dags/example_trigger_controller_dag.py
[2025-02-19T22:13:11.524+0000] {processor.py:914} INFO - Processing file /home/airflow/.local/lib/python3.12/site-packages/airflow/example_dags/example_trigger_controller_dag.py for tasks to queue
[2025-02-19T22:13:11.526+0000] {logging_mixin.py:190} INFO - [2025-02-19T22:13:11.526+0000] {dagbag.py:588} INFO - Filling up the DagBag from /home/airflow/.local/lib/python3.12/site-packages/airflow/example_dags/example_trigger_controller_dag.py
[2025-02-19T22:13:11.531+0000] {processor.py:925} INFO - DAG(s) 'example_trigger_controller_dag' retrieved from /home/airflow/.local/lib/python3.12/site-packages/airflow/example_dags/example_trigger_controller_dag.py
[2025-02-19T22:13:11.549+0000] {logging_mixin.py:190} INFO - [2025-02-19T22:13:11.549+0000] {dag.py:3239} INFO - Sync 1 DAGs
[2025-02-19T22:13:11.564+0000] {logging_mixin.py:190} INFO - [2025-02-19T22:13:11.563+0000] {dag.py:4180} INFO - Setting next_dagrun for example_trigger_controller_dag to 2021-01-01 00:00:00+00:00, run_after=2021-01-01 00:00:00+00:00
[2025-02-19T22:13:11.575+0000] {processor.py:208} INFO - Processing /home/airflow/.local/lib/python3.12/site-packages/airflow/example_dags/example_trigger_controller_dag.py took 0.056 seconds
[2025-02-19T22:13:43.381+0000] {processor.py:186} INFO - Started process (PID=6245) to work on /home/airflow/.local/lib/python3.12/site-packages/airflow/example_dags/example_trigger_controller_dag.py
[2025-02-19T22:13:43.383+0000] {processor.py:914} INFO - Processing file /home/airflow/.local/lib/python3.12/site-packages/airflow/example_dags/example_trigger_controller_dag.py for tasks to queue
[2025-02-19T22:13:43.385+0000] {logging_mixin.py:190} INFO - [2025-02-19T22:13:43.385+0000] {dagbag.py:588} INFO - Filling up the DagBag from /home/airflow/.local/lib/python3.12/site-packages/airflow/example_dags/example_trigger_controller_dag.py
[2025-02-19T22:13:43.394+0000] {processor.py:925} INFO - DAG(s) 'example_trigger_controller_dag' retrieved from /home/airflow/.local/lib/python3.12/site-packages/airflow/example_dags/example_trigger_controller_dag.py
[2025-02-19T22:13:43.419+0000] {logging_mixin.py:190} INFO - [2025-02-19T22:13:43.419+0000] {dag.py:3239} INFO - Sync 1 DAGs
[2025-02-19T22:13:43.471+0000] {logging_mixin.py:190} INFO - [2025-02-19T22:13:43.470+0000] {dag.py:4180} INFO - Setting next_dagrun for example_trigger_controller_dag to 2021-01-01 00:00:00+00:00, run_after=2021-01-01 00:00:00+00:00
[2025-02-19T22:13:43.521+0000] {processor.py:208} INFO - Processing /home/airflow/.local/lib/python3.12/site-packages/airflow/example_dags/example_trigger_controller_dag.py took 0.152 seconds
[2025-02-19T22:14:14.001+0000] {processor.py:186} INFO - Started process (PID=6307) to work on /home/airflow/.local/lib/python3.12/site-packages/airflow/example_dags/example_trigger_controller_dag.py
[2025-02-19T22:14:14.002+0000] {processor.py:914} INFO - Processing file /home/airflow/.local/lib/python3.12/site-packages/airflow/example_dags/example_trigger_controller_dag.py for tasks to queue
[2025-02-19T22:14:14.004+0000] {logging_mixin.py:190} INFO - [2025-02-19T22:14:14.003+0000] {dagbag.py:588} INFO - Filling up the DagBag from /home/airflow/.local/lib/python3.12/site-packages/airflow/example_dags/example_trigger_controller_dag.py
[2025-02-19T22:14:14.008+0000] {processor.py:925} INFO - DAG(s) 'example_trigger_controller_dag' retrieved from /home/airflow/.local/lib/python3.12/site-packages/airflow/example_dags/example_trigger_controller_dag.py
[2025-02-19T22:14:14.023+0000] {logging_mixin.py:190} INFO - [2025-02-19T22:14:14.023+0000] {dag.py:3239} INFO - Sync 1 DAGs
[2025-02-19T22:14:14.035+0000] {logging_mixin.py:190} INFO - [2025-02-19T22:14:14.035+0000] {dag.py:4180} INFO - Setting next_dagrun for example_trigger_controller_dag to 2021-01-01 00:00:00+00:00, run_after=2021-01-01 00:00:00+00:00
[2025-02-19T22:14:14.048+0000] {processor.py:208} INFO - Processing /home/airflow/.local/lib/python3.12/site-packages/airflow/example_dags/example_trigger_controller_dag.py took 0.050 seconds
[2025-02-19T22:14:46.976+0000] {processor.py:186} INFO - Started process (PID=6369) to work on /home/airflow/.local/lib/python3.12/site-packages/airflow/example_dags/example_trigger_controller_dag.py
[2025-02-19T22:14:46.977+0000] {processor.py:914} INFO - Processing file /home/airflow/.local/lib/python3.12/site-packages/airflow/example_dags/example_trigger_controller_dag.py for tasks to queue
[2025-02-19T22:14:46.978+0000] {logging_mixin.py:190} INFO - [2025-02-19T22:14:46.978+0000] {dagbag.py:588} INFO - Filling up the DagBag from /home/airflow/.local/lib/python3.12/site-packages/airflow/example_dags/example_trigger_controller_dag.py
[2025-02-19T22:14:46.982+0000] {processor.py:925} INFO - DAG(s) 'example_trigger_controller_dag' retrieved from /home/airflow/.local/lib/python3.12/site-packages/airflow/example_dags/example_trigger_controller_dag.py
[2025-02-19T22:14:46.994+0000] {logging_mixin.py:190} INFO - [2025-02-19T22:14:46.994+0000] {dag.py:3239} INFO - Sync 1 DAGs
[2025-02-19T22:14:47.005+0000] {logging_mixin.py:190} INFO - [2025-02-19T22:14:47.005+0000] {dag.py:4180} INFO - Setting next_dagrun for example_trigger_controller_dag to 2021-01-01 00:00:00+00:00, run_after=2021-01-01 00:00:00+00:00
[2025-02-19T22:14:47.013+0000] {processor.py:208} INFO - Processing /home/airflow/.local/lib/python3.12/site-packages/airflow/example_dags/example_trigger_controller_dag.py took 0.040 seconds
[2025-02-19T22:15:24.725+0000] {processor.py:186} INFO - Started process (PID=6431) to work on /home/airflow/.local/lib/python3.12/site-packages/airflow/example_dags/example_trigger_controller_dag.py
[2025-02-19T22:15:24.728+0000] {processor.py:914} INFO - Processing file /home/airflow/.local/lib/python3.12/site-packages/airflow/example_dags/example_trigger_controller_dag.py for tasks to queue
[2025-02-19T22:15:24.733+0000] {logging_mixin.py:190} INFO - [2025-02-19T22:15:24.733+0000] {dagbag.py:588} INFO - Filling up the DagBag from /home/airflow/.local/lib/python3.12/site-packages/airflow/example_dags/example_trigger_controller_dag.py
[2025-02-19T22:15:24.741+0000] {processor.py:925} INFO - DAG(s) 'example_trigger_controller_dag' retrieved from /home/airflow/.local/lib/python3.12/site-packages/airflow/example_dags/example_trigger_controller_dag.py
[2025-02-19T22:15:24.756+0000] {logging_mixin.py:190} INFO - [2025-02-19T22:15:24.756+0000] {dag.py:3239} INFO - Sync 1 DAGs
[2025-02-19T22:15:24.782+0000] {logging_mixin.py:190} INFO - [2025-02-19T22:15:24.782+0000] {dag.py:4180} INFO - Setting next_dagrun for example_trigger_controller_dag to 2021-01-01 00:00:00+00:00, run_after=2021-01-01 00:00:00+00:00
[2025-02-19T22:15:24.798+0000] {processor.py:208} INFO - Processing /home/airflow/.local/lib/python3.12/site-packages/airflow/example_dags/example_trigger_controller_dag.py took 0.082 seconds
[2025-02-19T22:15:55.409+0000] {processor.py:186} INFO - Started process (PID=6493) to work on /home/airflow/.local/lib/python3.12/site-packages/airflow/example_dags/example_trigger_controller_dag.py
[2025-02-19T22:15:55.410+0000] {processor.py:914} INFO - Processing file /home/airflow/.local/lib/python3.12/site-packages/airflow/example_dags/example_trigger_controller_dag.py for tasks to queue
[2025-02-19T22:15:55.411+0000] {logging_mixin.py:190} INFO - [2025-02-19T22:15:55.411+0000] {dagbag.py:588} INFO - Filling up the DagBag from /home/airflow/.local/lib/python3.12/site-packages/airflow/example_dags/example_trigger_controller_dag.py
[2025-02-19T22:15:55.415+0000] {processor.py:925} INFO - DAG(s) 'example_trigger_controller_dag' retrieved from /home/airflow/.local/lib/python3.12/site-packages/airflow/example_dags/example_trigger_controller_dag.py
[2025-02-19T22:15:55.432+0000] {logging_mixin.py:190} INFO - [2025-02-19T22:15:55.432+0000] {dag.py:3239} INFO - Sync 1 DAGs
[2025-02-19T22:15:55.452+0000] {logging_mixin.py:190} INFO - [2025-02-19T22:15:55.452+0000] {dag.py:4180} INFO - Setting next_dagrun for example_trigger_controller_dag to 2021-01-01 00:00:00+00:00, run_after=2021-01-01 00:00:00+00:00
[2025-02-19T22:15:55.465+0000] {processor.py:208} INFO - Processing /home/airflow/.local/lib/python3.12/site-packages/airflow/example_dags/example_trigger_controller_dag.py took 0.062 seconds
[2025-02-19T22:16:26.223+0000] {processor.py:186} INFO - Started process (PID=6555) to work on /home/airflow/.local/lib/python3.12/site-packages/airflow/example_dags/example_trigger_controller_dag.py
[2025-02-19T22:16:26.225+0000] {processor.py:914} INFO - Processing file /home/airflow/.local/lib/python3.12/site-packages/airflow/example_dags/example_trigger_controller_dag.py for tasks to queue
[2025-02-19T22:16:26.227+0000] {logging_mixin.py:190} INFO - [2025-02-19T22:16:26.227+0000] {dagbag.py:588} INFO - Filling up the DagBag from /home/airflow/.local/lib/python3.12/site-packages/airflow/example_dags/example_trigger_controller_dag.py
[2025-02-19T22:16:26.233+0000] {processor.py:925} INFO - DAG(s) 'example_trigger_controller_dag' retrieved from /home/airflow/.local/lib/python3.12/site-packages/airflow/example_dags/example_trigger_controller_dag.py
[2025-02-19T22:16:26.247+0000] {logging_mixin.py:190} INFO - [2025-02-19T22:16:26.247+0000] {dag.py:3239} INFO - Sync 1 DAGs
[2025-02-19T22:16:26.262+0000] {logging_mixin.py:190} INFO - [2025-02-19T22:16:26.262+0000] {dag.py:4180} INFO - Setting next_dagrun for example_trigger_controller_dag to 2021-01-01 00:00:00+00:00, run_after=2021-01-01 00:00:00+00:00
[2025-02-19T22:16:26.271+0000] {processor.py:208} INFO - Processing /home/airflow/.local/lib/python3.12/site-packages/airflow/example_dags/example_trigger_controller_dag.py took 0.052 seconds
[2025-02-19T22:18:38.080+0000] {processor.py:186} INFO - Started process (PID=6617) to work on /home/airflow/.local/lib/python3.12/site-packages/airflow/example_dags/example_trigger_controller_dag.py
[2025-02-19T22:18:38.084+0000] {processor.py:914} INFO - Processing file /home/airflow/.local/lib/python3.12/site-packages/airflow/example_dags/example_trigger_controller_dag.py for tasks to queue
[2025-02-19T22:18:38.085+0000] {logging_mixin.py:190} INFO - [2025-02-19T22:18:38.085+0000] {dagbag.py:588} INFO - Filling up the DagBag from /home/airflow/.local/lib/python3.12/site-packages/airflow/example_dags/example_trigger_controller_dag.py
[2025-02-19T22:18:38.088+0000] {processor.py:925} INFO - DAG(s) 'example_trigger_controller_dag' retrieved from /home/airflow/.local/lib/python3.12/site-packages/airflow/example_dags/example_trigger_controller_dag.py
[2025-02-19T22:18:38.102+0000] {logging_mixin.py:190} INFO - [2025-02-19T22:18:38.102+0000] {dag.py:3239} INFO - Sync 1 DAGs
[2025-02-19T22:18:38.116+0000] {logging_mixin.py:190} INFO - [2025-02-19T22:18:38.116+0000] {dag.py:4180} INFO - Setting next_dagrun for example_trigger_controller_dag to 2021-01-01 00:00:00+00:00, run_after=2021-01-01 00:00:00+00:00
[2025-02-19T22:18:38.125+0000] {processor.py:208} INFO - Processing /home/airflow/.local/lib/python3.12/site-packages/airflow/example_dags/example_trigger_controller_dag.py took 0.048 seconds
[2025-02-19T22:19:08.889+0000] {processor.py:186} INFO - Started process (PID=6679) to work on /home/airflow/.local/lib/python3.12/site-packages/airflow/example_dags/example_trigger_controller_dag.py
[2025-02-19T22:19:08.890+0000] {processor.py:914} INFO - Processing file /home/airflow/.local/lib/python3.12/site-packages/airflow/example_dags/example_trigger_controller_dag.py for tasks to queue
[2025-02-19T22:19:08.891+0000] {logging_mixin.py:190} INFO - [2025-02-19T22:19:08.891+0000] {dagbag.py:588} INFO - Filling up the DagBag from /home/airflow/.local/lib/python3.12/site-packages/airflow/example_dags/example_trigger_controller_dag.py
[2025-02-19T22:19:08.895+0000] {processor.py:925} INFO - DAG(s) 'example_trigger_controller_dag' retrieved from /home/airflow/.local/lib/python3.12/site-packages/airflow/example_dags/example_trigger_controller_dag.py
[2025-02-19T22:19:08.908+0000] {logging_mixin.py:190} INFO - [2025-02-19T22:19:08.907+0000] {dag.py:3239} INFO - Sync 1 DAGs
[2025-02-19T22:19:08.922+0000] {logging_mixin.py:190} INFO - [2025-02-19T22:19:08.922+0000] {dag.py:4180} INFO - Setting next_dagrun for example_trigger_controller_dag to 2021-01-01 00:00:00+00:00, run_after=2021-01-01 00:00:00+00:00
[2025-02-19T22:19:08.931+0000] {processor.py:208} INFO - Processing /home/airflow/.local/lib/python3.12/site-packages/airflow/example_dags/example_trigger_controller_dag.py took 0.045 seconds
[2025-02-19T22:19:40.482+0000] {processor.py:186} INFO - Started process (PID=6741) to work on /home/airflow/.local/lib/python3.12/site-packages/airflow/example_dags/example_trigger_controller_dag.py
[2025-02-19T22:19:40.483+0000] {processor.py:914} INFO - Processing file /home/airflow/.local/lib/python3.12/site-packages/airflow/example_dags/example_trigger_controller_dag.py for tasks to queue
[2025-02-19T22:19:40.485+0000] {logging_mixin.py:190} INFO - [2025-02-19T22:19:40.485+0000] {dagbag.py:588} INFO - Filling up the DagBag from /home/airflow/.local/lib/python3.12/site-packages/airflow/example_dags/example_trigger_controller_dag.py
[2025-02-19T22:19:40.490+0000] {processor.py:925} INFO - DAG(s) 'example_trigger_controller_dag' retrieved from /home/airflow/.local/lib/python3.12/site-packages/airflow/example_dags/example_trigger_controller_dag.py
[2025-02-19T22:19:40.502+0000] {logging_mixin.py:190} INFO - [2025-02-19T22:19:40.502+0000] {dag.py:3239} INFO - Sync 1 DAGs
[2025-02-19T22:19:40.515+0000] {logging_mixin.py:190} INFO - [2025-02-19T22:19:40.515+0000] {dag.py:4180} INFO - Setting next_dagrun for example_trigger_controller_dag to 2021-01-01 00:00:00+00:00, run_after=2021-01-01 00:00:00+00:00
[2025-02-19T22:19:40.525+0000] {processor.py:208} INFO - Processing /home/airflow/.local/lib/python3.12/site-packages/airflow/example_dags/example_trigger_controller_dag.py took 0.047 seconds
[2025-02-19T22:20:10.946+0000] {processor.py:186} INFO - Started process (PID=6803) to work on /home/airflow/.local/lib/python3.12/site-packages/airflow/example_dags/example_trigger_controller_dag.py
[2025-02-19T22:20:10.947+0000] {processor.py:914} INFO - Processing file /home/airflow/.local/lib/python3.12/site-packages/airflow/example_dags/example_trigger_controller_dag.py for tasks to queue
[2025-02-19T22:20:10.949+0000] {logging_mixin.py:190} INFO - [2025-02-19T22:20:10.948+0000] {dagbag.py:588} INFO - Filling up the DagBag from /home/airflow/.local/lib/python3.12/site-packages/airflow/example_dags/example_trigger_controller_dag.py
[2025-02-19T22:20:10.952+0000] {processor.py:925} INFO - DAG(s) 'example_trigger_controller_dag' retrieved from /home/airflow/.local/lib/python3.12/site-packages/airflow/example_dags/example_trigger_controller_dag.py
[2025-02-19T22:20:10.965+0000] {logging_mixin.py:190} INFO - [2025-02-19T22:20:10.965+0000] {dag.py:3239} INFO - Sync 1 DAGs
[2025-02-19T22:20:10.977+0000] {logging_mixin.py:190} INFO - [2025-02-19T22:20:10.977+0000] {dag.py:4180} INFO - Setting next_dagrun for example_trigger_controller_dag to 2021-01-01 00:00:00+00:00, run_after=2021-01-01 00:00:00+00:00
[2025-02-19T22:20:10.990+0000] {processor.py:208} INFO - Processing /home/airflow/.local/lib/python3.12/site-packages/airflow/example_dags/example_trigger_controller_dag.py took 0.047 seconds
[2025-02-19T22:20:42.811+0000] {processor.py:186} INFO - Started process (PID=6865) to work on /home/airflow/.local/lib/python3.12/site-packages/airflow/example_dags/example_trigger_controller_dag.py
[2025-02-19T22:20:42.812+0000] {processor.py:914} INFO - Processing file /home/airflow/.local/lib/python3.12/site-packages/airflow/example_dags/example_trigger_controller_dag.py for tasks to queue
[2025-02-19T22:20:42.815+0000] {logging_mixin.py:190} INFO - [2025-02-19T22:20:42.815+0000] {dagbag.py:588} INFO - Filling up the DagBag from /home/airflow/.local/lib/python3.12/site-packages/airflow/example_dags/example_trigger_controller_dag.py
[2025-02-19T22:20:42.818+0000] {processor.py:925} INFO - DAG(s) 'example_trigger_controller_dag' retrieved from /home/airflow/.local/lib/python3.12/site-packages/airflow/example_dags/example_trigger_controller_dag.py
[2025-02-19T22:20:42.837+0000] {logging_mixin.py:190} INFO - [2025-02-19T22:20:42.837+0000] {dag.py:3239} INFO - Sync 1 DAGs
[2025-02-19T22:20:42.851+0000] {logging_mixin.py:190} INFO - [2025-02-19T22:20:42.850+0000] {dag.py:4180} INFO - Setting next_dagrun for example_trigger_controller_dag to 2021-01-01 00:00:00+00:00, run_after=2021-01-01 00:00:00+00:00
[2025-02-19T22:20:42.860+0000] {processor.py:208} INFO - Processing /home/airflow/.local/lib/python3.12/site-packages/airflow/example_dags/example_trigger_controller_dag.py took 0.053 seconds
[2025-02-19T22:21:14.015+0000] {processor.py:186} INFO - Started process (PID=6927) to work on /home/airflow/.local/lib/python3.12/site-packages/airflow/example_dags/example_trigger_controller_dag.py
[2025-02-19T22:21:14.016+0000] {processor.py:914} INFO - Processing file /home/airflow/.local/lib/python3.12/site-packages/airflow/example_dags/example_trigger_controller_dag.py for tasks to queue
[2025-02-19T22:21:14.020+0000] {logging_mixin.py:190} INFO - [2025-02-19T22:21:14.019+0000] {dagbag.py:588} INFO - Filling up the DagBag from /home/airflow/.local/lib/python3.12/site-packages/airflow/example_dags/example_trigger_controller_dag.py
[2025-02-19T22:21:14.023+0000] {processor.py:925} INFO - DAG(s) 'example_trigger_controller_dag' retrieved from /home/airflow/.local/lib/python3.12/site-packages/airflow/example_dags/example_trigger_controller_dag.py
[2025-02-19T22:21:14.037+0000] {logging_mixin.py:190} INFO - [2025-02-19T22:21:14.037+0000] {dag.py:3239} INFO - Sync 1 DAGs
[2025-02-19T22:21:14.049+0000] {logging_mixin.py:190} INFO - [2025-02-19T22:21:14.049+0000] {dag.py:4180} INFO - Setting next_dagrun for example_trigger_controller_dag to 2021-01-01 00:00:00+00:00, run_after=2021-01-01 00:00:00+00:00
[2025-02-19T22:21:14.062+0000] {processor.py:208} INFO - Processing /home/airflow/.local/lib/python3.12/site-packages/airflow/example_dags/example_trigger_controller_dag.py took 0.050 seconds
[2025-02-19T22:21:45.020+0000] {processor.py:186} INFO - Started process (PID=6989) to work on /home/airflow/.local/lib/python3.12/site-packages/airflow/example_dags/example_trigger_controller_dag.py
[2025-02-19T22:21:45.023+0000] {processor.py:914} INFO - Processing file /home/airflow/.local/lib/python3.12/site-packages/airflow/example_dags/example_trigger_controller_dag.py for tasks to queue
[2025-02-19T22:21:45.024+0000] {logging_mixin.py:190} INFO - [2025-02-19T22:21:45.024+0000] {dagbag.py:588} INFO - Filling up the DagBag from /home/airflow/.local/lib/python3.12/site-packages/airflow/example_dags/example_trigger_controller_dag.py
[2025-02-19T22:21:45.027+0000] {processor.py:925} INFO - DAG(s) 'example_trigger_controller_dag' retrieved from /home/airflow/.local/lib/python3.12/site-packages/airflow/example_dags/example_trigger_controller_dag.py
[2025-02-19T22:21:45.038+0000] {logging_mixin.py:190} INFO - [2025-02-19T22:21:45.038+0000] {dag.py:3239} INFO - Sync 1 DAGs
[2025-02-19T22:21:45.049+0000] {logging_mixin.py:190} INFO - [2025-02-19T22:21:45.049+0000] {dag.py:4180} INFO - Setting next_dagrun for example_trigger_controller_dag to 2021-01-01 00:00:00+00:00, run_after=2021-01-01 00:00:00+00:00
[2025-02-19T22:21:45.060+0000] {processor.py:208} INFO - Processing /home/airflow/.local/lib/python3.12/site-packages/airflow/example_dags/example_trigger_controller_dag.py took 0.044 seconds
[2025-02-19T22:22:32.670+0000] {processor.py:186} INFO - Started process (PID=7051) to work on /home/airflow/.local/lib/python3.12/site-packages/airflow/example_dags/example_trigger_controller_dag.py
[2025-02-19T22:22:32.671+0000] {processor.py:914} INFO - Processing file /home/airflow/.local/lib/python3.12/site-packages/airflow/example_dags/example_trigger_controller_dag.py for tasks to queue
[2025-02-19T22:22:32.675+0000] {logging_mixin.py:190} INFO - [2025-02-19T22:22:32.675+0000] {dagbag.py:588} INFO - Filling up the DagBag from /home/airflow/.local/lib/python3.12/site-packages/airflow/example_dags/example_trigger_controller_dag.py
[2025-02-19T22:22:32.679+0000] {processor.py:925} INFO - DAG(s) 'example_trigger_controller_dag' retrieved from /home/airflow/.local/lib/python3.12/site-packages/airflow/example_dags/example_trigger_controller_dag.py
[2025-02-19T22:22:32.695+0000] {logging_mixin.py:190} INFO - [2025-02-19T22:22:32.695+0000] {dag.py:3239} INFO - Sync 1 DAGs
[2025-02-19T22:22:32.711+0000] {logging_mixin.py:190} INFO - [2025-02-19T22:22:32.711+0000] {dag.py:4180} INFO - Setting next_dagrun for example_trigger_controller_dag to 2021-01-01 00:00:00+00:00, run_after=2021-01-01 00:00:00+00:00
[2025-02-19T22:22:32.736+0000] {processor.py:208} INFO - Processing /home/airflow/.local/lib/python3.12/site-packages/airflow/example_dags/example_trigger_controller_dag.py took 0.070 seconds
[2025-02-19T22:23:04.163+0000] {processor.py:186} INFO - Started process (PID=7113) to work on /home/airflow/.local/lib/python3.12/site-packages/airflow/example_dags/example_trigger_controller_dag.py
[2025-02-19T22:23:04.168+0000] {processor.py:914} INFO - Processing file /home/airflow/.local/lib/python3.12/site-packages/airflow/example_dags/example_trigger_controller_dag.py for tasks to queue
[2025-02-19T22:23:04.172+0000] {logging_mixin.py:190} INFO - [2025-02-19T22:23:04.172+0000] {dagbag.py:588} INFO - Filling up the DagBag from /home/airflow/.local/lib/python3.12/site-packages/airflow/example_dags/example_trigger_controller_dag.py
[2025-02-19T22:23:04.178+0000] {processor.py:925} INFO - DAG(s) 'example_trigger_controller_dag' retrieved from /home/airflow/.local/lib/python3.12/site-packages/airflow/example_dags/example_trigger_controller_dag.py
[2025-02-19T22:23:04.192+0000] {logging_mixin.py:190} INFO - [2025-02-19T22:23:04.192+0000] {dag.py:3239} INFO - Sync 1 DAGs
[2025-02-19T22:23:04.204+0000] {logging_mixin.py:190} INFO - [2025-02-19T22:23:04.204+0000] {dag.py:4180} INFO - Setting next_dagrun for example_trigger_controller_dag to 2021-01-01 00:00:00+00:00, run_after=2021-01-01 00:00:00+00:00
[2025-02-19T22:23:04.213+0000] {processor.py:208} INFO - Processing /home/airflow/.local/lib/python3.12/site-packages/airflow/example_dags/example_trigger_controller_dag.py took 0.055 seconds
[2025-02-19T22:23:35.038+0000] {processor.py:186} INFO - Started process (PID=7175) to work on /home/airflow/.local/lib/python3.12/site-packages/airflow/example_dags/example_trigger_controller_dag.py
[2025-02-19T22:23:35.038+0000] {processor.py:914} INFO - Processing file /home/airflow/.local/lib/python3.12/site-packages/airflow/example_dags/example_trigger_controller_dag.py for tasks to queue
[2025-02-19T22:23:35.040+0000] {logging_mixin.py:190} INFO - [2025-02-19T22:23:35.040+0000] {dagbag.py:588} INFO - Filling up the DagBag from /home/airflow/.local/lib/python3.12/site-packages/airflow/example_dags/example_trigger_controller_dag.py
[2025-02-19T22:23:35.046+0000] {processor.py:925} INFO - DAG(s) 'example_trigger_controller_dag' retrieved from /home/airflow/.local/lib/python3.12/site-packages/airflow/example_dags/example_trigger_controller_dag.py
[2025-02-19T22:23:35.069+0000] {logging_mixin.py:190} INFO - [2025-02-19T22:23:35.069+0000] {dag.py:3239} INFO - Sync 1 DAGs
[2025-02-19T22:23:35.092+0000] {logging_mixin.py:190} INFO - [2025-02-19T22:23:35.091+0000] {dag.py:4180} INFO - Setting next_dagrun for example_trigger_controller_dag to 2021-01-01 00:00:00+00:00, run_after=2021-01-01 00:00:00+00:00
[2025-02-19T22:23:35.121+0000] {processor.py:208} INFO - Processing /home/airflow/.local/lib/python3.12/site-packages/airflow/example_dags/example_trigger_controller_dag.py took 0.088 seconds
[2025-02-19T22:24:05.705+0000] {processor.py:186} INFO - Started process (PID=7237) to work on /home/airflow/.local/lib/python3.12/site-packages/airflow/example_dags/example_trigger_controller_dag.py
[2025-02-19T22:24:05.706+0000] {processor.py:914} INFO - Processing file /home/airflow/.local/lib/python3.12/site-packages/airflow/example_dags/example_trigger_controller_dag.py for tasks to queue
[2025-02-19T22:24:05.708+0000] {logging_mixin.py:190} INFO - [2025-02-19T22:24:05.707+0000] {dagbag.py:588} INFO - Filling up the DagBag from /home/airflow/.local/lib/python3.12/site-packages/airflow/example_dags/example_trigger_controller_dag.py
[2025-02-19T22:24:05.712+0000] {processor.py:925} INFO - DAG(s) 'example_trigger_controller_dag' retrieved from /home/airflow/.local/lib/python3.12/site-packages/airflow/example_dags/example_trigger_controller_dag.py
[2025-02-19T22:24:05.733+0000] {logging_mixin.py:190} INFO - [2025-02-19T22:24:05.732+0000] {dag.py:3239} INFO - Sync 1 DAGs
[2025-02-19T22:24:05.751+0000] {logging_mixin.py:190} INFO - [2025-02-19T22:24:05.751+0000] {dag.py:4180} INFO - Setting next_dagrun for example_trigger_controller_dag to 2021-01-01 00:00:00+00:00, run_after=2021-01-01 00:00:00+00:00
[2025-02-19T22:24:05.768+0000] {processor.py:208} INFO - Processing /home/airflow/.local/lib/python3.12/site-packages/airflow/example_dags/example_trigger_controller_dag.py took 0.068 seconds
[2025-02-19T22:24:37.239+0000] {processor.py:186} INFO - Started process (PID=7299) to work on /home/airflow/.local/lib/python3.12/site-packages/airflow/example_dags/example_trigger_controller_dag.py
[2025-02-19T22:24:37.240+0000] {processor.py:914} INFO - Processing file /home/airflow/.local/lib/python3.12/site-packages/airflow/example_dags/example_trigger_controller_dag.py for tasks to queue
[2025-02-19T22:24:37.242+0000] {logging_mixin.py:190} INFO - [2025-02-19T22:24:37.242+0000] {dagbag.py:588} INFO - Filling up the DagBag from /home/airflow/.local/lib/python3.12/site-packages/airflow/example_dags/example_trigger_controller_dag.py
[2025-02-19T22:24:37.247+0000] {processor.py:925} INFO - DAG(s) 'example_trigger_controller_dag' retrieved from /home/airflow/.local/lib/python3.12/site-packages/airflow/example_dags/example_trigger_controller_dag.py
[2025-02-19T22:24:37.258+0000] {logging_mixin.py:190} INFO - [2025-02-19T22:24:37.258+0000] {dag.py:3239} INFO - Sync 1 DAGs
[2025-02-19T22:24:37.271+0000] {logging_mixin.py:190} INFO - [2025-02-19T22:24:37.271+0000] {dag.py:4180} INFO - Setting next_dagrun for example_trigger_controller_dag to 2021-01-01 00:00:00+00:00, run_after=2021-01-01 00:00:00+00:00
[2025-02-19T22:24:37.282+0000] {processor.py:208} INFO - Processing /home/airflow/.local/lib/python3.12/site-packages/airflow/example_dags/example_trigger_controller_dag.py took 0.046 seconds
[2025-02-19T22:25:09.325+0000] {processor.py:186} INFO - Started process (PID=7361) to work on /home/airflow/.local/lib/python3.12/site-packages/airflow/example_dags/example_trigger_controller_dag.py
[2025-02-19T22:25:09.326+0000] {processor.py:914} INFO - Processing file /home/airflow/.local/lib/python3.12/site-packages/airflow/example_dags/example_trigger_controller_dag.py for tasks to queue
[2025-02-19T22:25:09.327+0000] {logging_mixin.py:190} INFO - [2025-02-19T22:25:09.327+0000] {dagbag.py:588} INFO - Filling up the DagBag from /home/airflow/.local/lib/python3.12/site-packages/airflow/example_dags/example_trigger_controller_dag.py
[2025-02-19T22:25:09.331+0000] {processor.py:925} INFO - DAG(s) 'example_trigger_controller_dag' retrieved from /home/airflow/.local/lib/python3.12/site-packages/airflow/example_dags/example_trigger_controller_dag.py
[2025-02-19T22:25:09.347+0000] {logging_mixin.py:190} INFO - [2025-02-19T22:25:09.347+0000] {dag.py:3239} INFO - Sync 1 DAGs
[2025-02-19T22:25:09.361+0000] {logging_mixin.py:190} INFO - [2025-02-19T22:25:09.360+0000] {dag.py:4180} INFO - Setting next_dagrun for example_trigger_controller_dag to 2021-01-01 00:00:00+00:00, run_after=2021-01-01 00:00:00+00:00
[2025-02-19T22:25:09.372+0000] {processor.py:208} INFO - Processing /home/airflow/.local/lib/python3.12/site-packages/airflow/example_dags/example_trigger_controller_dag.py took 0.051 seconds
[2025-02-19T22:25:56.975+0000] {processor.py:186} INFO - Started process (PID=7423) to work on /home/airflow/.local/lib/python3.12/site-packages/airflow/example_dags/example_trigger_controller_dag.py
[2025-02-19T22:25:56.976+0000] {processor.py:914} INFO - Processing file /home/airflow/.local/lib/python3.12/site-packages/airflow/example_dags/example_trigger_controller_dag.py for tasks to queue
[2025-02-19T22:25:56.977+0000] {logging_mixin.py:190} INFO - [2025-02-19T22:25:56.977+0000] {dagbag.py:588} INFO - Filling up the DagBag from /home/airflow/.local/lib/python3.12/site-packages/airflow/example_dags/example_trigger_controller_dag.py
[2025-02-19T22:25:56.980+0000] {processor.py:925} INFO - DAG(s) 'example_trigger_controller_dag' retrieved from /home/airflow/.local/lib/python3.12/site-packages/airflow/example_dags/example_trigger_controller_dag.py
[2025-02-19T22:25:56.996+0000] {logging_mixin.py:190} INFO - [2025-02-19T22:25:56.994+0000] {dag.py:3239} INFO - Sync 1 DAGs
[2025-02-19T22:25:57.010+0000] {logging_mixin.py:190} INFO - [2025-02-19T22:25:57.010+0000] {dag.py:4180} INFO - Setting next_dagrun for example_trigger_controller_dag to 2021-01-01 00:00:00+00:00, run_after=2021-01-01 00:00:00+00:00
[2025-02-19T22:25:57.025+0000] {processor.py:208} INFO - Processing /home/airflow/.local/lib/python3.12/site-packages/airflow/example_dags/example_trigger_controller_dag.py took 0.054 seconds
[2025-02-19T22:26:28.382+0000] {processor.py:186} INFO - Started process (PID=7485) to work on /home/airflow/.local/lib/python3.12/site-packages/airflow/example_dags/example_trigger_controller_dag.py
[2025-02-19T22:26:28.383+0000] {processor.py:914} INFO - Processing file /home/airflow/.local/lib/python3.12/site-packages/airflow/example_dags/example_trigger_controller_dag.py for tasks to queue
[2025-02-19T22:26:28.384+0000] {logging_mixin.py:190} INFO - [2025-02-19T22:26:28.384+0000] {dagbag.py:588} INFO - Filling up the DagBag from /home/airflow/.local/lib/python3.12/site-packages/airflow/example_dags/example_trigger_controller_dag.py
[2025-02-19T22:26:28.388+0000] {processor.py:925} INFO - DAG(s) 'example_trigger_controller_dag' retrieved from /home/airflow/.local/lib/python3.12/site-packages/airflow/example_dags/example_trigger_controller_dag.py
[2025-02-19T22:26:28.401+0000] {logging_mixin.py:190} INFO - [2025-02-19T22:26:28.401+0000] {dag.py:3239} INFO - Sync 1 DAGs
[2025-02-19T22:26:28.411+0000] {logging_mixin.py:190} INFO - [2025-02-19T22:26:28.411+0000] {dag.py:4180} INFO - Setting next_dagrun for example_trigger_controller_dag to 2021-01-01 00:00:00+00:00, run_after=2021-01-01 00:00:00+00:00
[2025-02-19T22:26:28.419+0000] {processor.py:208} INFO - Processing /home/airflow/.local/lib/python3.12/site-packages/airflow/example_dags/example_trigger_controller_dag.py took 0.040 seconds
[2025-02-19T22:27:00.582+0000] {processor.py:186} INFO - Started process (PID=7547) to work on /home/airflow/.local/lib/python3.12/site-packages/airflow/example_dags/example_trigger_controller_dag.py
[2025-02-19T22:27:00.583+0000] {processor.py:914} INFO - Processing file /home/airflow/.local/lib/python3.12/site-packages/airflow/example_dags/example_trigger_controller_dag.py for tasks to queue
[2025-02-19T22:27:00.585+0000] {logging_mixin.py:190} INFO - [2025-02-19T22:27:00.585+0000] {dagbag.py:588} INFO - Filling up the DagBag from /home/airflow/.local/lib/python3.12/site-packages/airflow/example_dags/example_trigger_controller_dag.py
[2025-02-19T22:27:00.589+0000] {processor.py:925} INFO - DAG(s) 'example_trigger_controller_dag' retrieved from /home/airflow/.local/lib/python3.12/site-packages/airflow/example_dags/example_trigger_controller_dag.py
[2025-02-19T22:27:00.601+0000] {logging_mixin.py:190} INFO - [2025-02-19T22:27:00.601+0000] {dag.py:3239} INFO - Sync 1 DAGs
[2025-02-19T22:27:00.612+0000] {logging_mixin.py:190} INFO - [2025-02-19T22:27:00.611+0000] {dag.py:4180} INFO - Setting next_dagrun for example_trigger_controller_dag to 2021-01-01 00:00:00+00:00, run_after=2021-01-01 00:00:00+00:00
[2025-02-19T22:27:00.620+0000] {processor.py:208} INFO - Processing /home/airflow/.local/lib/python3.12/site-packages/airflow/example_dags/example_trigger_controller_dag.py took 0.041 seconds
[2025-02-19T22:27:31.884+0000] {processor.py:186} INFO - Started process (PID=7609) to work on /home/airflow/.local/lib/python3.12/site-packages/airflow/example_dags/example_trigger_controller_dag.py
[2025-02-19T22:27:31.884+0000] {processor.py:914} INFO - Processing file /home/airflow/.local/lib/python3.12/site-packages/airflow/example_dags/example_trigger_controller_dag.py for tasks to queue
[2025-02-19T22:27:31.886+0000] {logging_mixin.py:190} INFO - [2025-02-19T22:27:31.886+0000] {dagbag.py:588} INFO - Filling up the DagBag from /home/airflow/.local/lib/python3.12/site-packages/airflow/example_dags/example_trigger_controller_dag.py
[2025-02-19T22:27:31.889+0000] {processor.py:925} INFO - DAG(s) 'example_trigger_controller_dag' retrieved from /home/airflow/.local/lib/python3.12/site-packages/airflow/example_dags/example_trigger_controller_dag.py
[2025-02-19T22:27:31.900+0000] {logging_mixin.py:190} INFO - [2025-02-19T22:27:31.900+0000] {dag.py:3239} INFO - Sync 1 DAGs
[2025-02-19T22:27:31.914+0000] {logging_mixin.py:190} INFO - [2025-02-19T22:27:31.914+0000] {dag.py:4180} INFO - Setting next_dagrun for example_trigger_controller_dag to 2021-01-01 00:00:00+00:00, run_after=2021-01-01 00:00:00+00:00
[2025-02-19T22:27:31.923+0000] {processor.py:208} INFO - Processing /home/airflow/.local/lib/python3.12/site-packages/airflow/example_dags/example_trigger_controller_dag.py took 0.042 seconds
[2025-02-19T22:28:02.932+0000] {processor.py:186} INFO - Started process (PID=7671) to work on /home/airflow/.local/lib/python3.12/site-packages/airflow/example_dags/example_trigger_controller_dag.py
[2025-02-19T22:28:02.934+0000] {processor.py:914} INFO - Processing file /home/airflow/.local/lib/python3.12/site-packages/airflow/example_dags/example_trigger_controller_dag.py for tasks to queue
[2025-02-19T22:28:02.935+0000] {logging_mixin.py:190} INFO - [2025-02-19T22:28:02.935+0000] {dagbag.py:588} INFO - Filling up the DagBag from /home/airflow/.local/lib/python3.12/site-packages/airflow/example_dags/example_trigger_controller_dag.py
[2025-02-19T22:28:02.940+0000] {processor.py:925} INFO - DAG(s) 'example_trigger_controller_dag' retrieved from /home/airflow/.local/lib/python3.12/site-packages/airflow/example_dags/example_trigger_controller_dag.py
[2025-02-19T22:28:02.956+0000] {logging_mixin.py:190} INFO - [2025-02-19T22:28:02.956+0000] {dag.py:3239} INFO - Sync 1 DAGs
[2025-02-19T22:28:02.970+0000] {logging_mixin.py:190} INFO - [2025-02-19T22:28:02.970+0000] {dag.py:4180} INFO - Setting next_dagrun for example_trigger_controller_dag to 2021-01-01 00:00:00+00:00, run_after=2021-01-01 00:00:00+00:00
[2025-02-19T22:28:02.981+0000] {processor.py:208} INFO - Processing /home/airflow/.local/lib/python3.12/site-packages/airflow/example_dags/example_trigger_controller_dag.py took 0.052 seconds
[2025-02-19T22:28:35.169+0000] {processor.py:186} INFO - Started process (PID=7733) to work on /home/airflow/.local/lib/python3.12/site-packages/airflow/example_dags/example_trigger_controller_dag.py
[2025-02-19T22:28:35.170+0000] {processor.py:914} INFO - Processing file /home/airflow/.local/lib/python3.12/site-packages/airflow/example_dags/example_trigger_controller_dag.py for tasks to queue
[2025-02-19T22:28:35.172+0000] {logging_mixin.py:190} INFO - [2025-02-19T22:28:35.171+0000] {dagbag.py:588} INFO - Filling up the DagBag from /home/airflow/.local/lib/python3.12/site-packages/airflow/example_dags/example_trigger_controller_dag.py
[2025-02-19T22:28:35.175+0000] {processor.py:925} INFO - DAG(s) 'example_trigger_controller_dag' retrieved from /home/airflow/.local/lib/python3.12/site-packages/airflow/example_dags/example_trigger_controller_dag.py
[2025-02-19T22:28:35.190+0000] {logging_mixin.py:190} INFO - [2025-02-19T22:28:35.190+0000] {dag.py:3239} INFO - Sync 1 DAGs
[2025-02-19T22:28:35.204+0000] {logging_mixin.py:190} INFO - [2025-02-19T22:28:35.203+0000] {dag.py:4180} INFO - Setting next_dagrun for example_trigger_controller_dag to 2021-01-01 00:00:00+00:00, run_after=2021-01-01 00:00:00+00:00
[2025-02-19T22:28:35.211+0000] {processor.py:208} INFO - Processing /home/airflow/.local/lib/python3.12/site-packages/airflow/example_dags/example_trigger_controller_dag.py took 0.051 seconds
[2025-02-19T22:29:16.690+0000] {processor.py:186} INFO - Started process (PID=7795) to work on /home/airflow/.local/lib/python3.12/site-packages/airflow/example_dags/example_trigger_controller_dag.py
[2025-02-19T22:29:16.691+0000] {processor.py:914} INFO - Processing file /home/airflow/.local/lib/python3.12/site-packages/airflow/example_dags/example_trigger_controller_dag.py for tasks to queue
[2025-02-19T22:29:16.692+0000] {logging_mixin.py:190} INFO - [2025-02-19T22:29:16.692+0000] {dagbag.py:588} INFO - Filling up the DagBag from /home/airflow/.local/lib/python3.12/site-packages/airflow/example_dags/example_trigger_controller_dag.py
[2025-02-19T22:29:16.696+0000] {processor.py:925} INFO - DAG(s) 'example_trigger_controller_dag' retrieved from /home/airflow/.local/lib/python3.12/site-packages/airflow/example_dags/example_trigger_controller_dag.py
[2025-02-19T22:29:16.705+0000] {logging_mixin.py:190} INFO - [2025-02-19T22:29:16.705+0000] {dag.py:3239} INFO - Sync 1 DAGs
[2025-02-19T22:29:16.716+0000] {logging_mixin.py:190} INFO - [2025-02-19T22:29:16.716+0000] {dag.py:4180} INFO - Setting next_dagrun for example_trigger_controller_dag to 2021-01-01 00:00:00+00:00, run_after=2021-01-01 00:00:00+00:00
[2025-02-19T22:29:16.729+0000] {processor.py:208} INFO - Processing /home/airflow/.local/lib/python3.12/site-packages/airflow/example_dags/example_trigger_controller_dag.py took 0.043 seconds
[2025-02-19T22:29:48.581+0000] {processor.py:186} INFO - Started process (PID=7857) to work on /home/airflow/.local/lib/python3.12/site-packages/airflow/example_dags/example_trigger_controller_dag.py
[2025-02-19T22:29:48.583+0000] {processor.py:914} INFO - Processing file /home/airflow/.local/lib/python3.12/site-packages/airflow/example_dags/example_trigger_controller_dag.py for tasks to queue
[2025-02-19T22:29:48.584+0000] {logging_mixin.py:190} INFO - [2025-02-19T22:29:48.584+0000] {dagbag.py:588} INFO - Filling up the DagBag from /home/airflow/.local/lib/python3.12/site-packages/airflow/example_dags/example_trigger_controller_dag.py
[2025-02-19T22:29:48.587+0000] {processor.py:925} INFO - DAG(s) 'example_trigger_controller_dag' retrieved from /home/airflow/.local/lib/python3.12/site-packages/airflow/example_dags/example_trigger_controller_dag.py
[2025-02-19T22:29:48.597+0000] {logging_mixin.py:190} INFO - [2025-02-19T22:29:48.597+0000] {dag.py:3239} INFO - Sync 1 DAGs
[2025-02-19T22:29:48.611+0000] {logging_mixin.py:190} INFO - [2025-02-19T22:29:48.610+0000] {dag.py:4180} INFO - Setting next_dagrun for example_trigger_controller_dag to 2021-01-01 00:00:00+00:00, run_after=2021-01-01 00:00:00+00:00
[2025-02-19T22:29:48.620+0000] {processor.py:208} INFO - Processing /home/airflow/.local/lib/python3.12/site-packages/airflow/example_dags/example_trigger_controller_dag.py took 0.044 seconds
[2025-02-19T22:30:19.393+0000] {processor.py:186} INFO - Started process (PID=7919) to work on /home/airflow/.local/lib/python3.12/site-packages/airflow/example_dags/example_trigger_controller_dag.py
[2025-02-19T22:30:19.394+0000] {processor.py:914} INFO - Processing file /home/airflow/.local/lib/python3.12/site-packages/airflow/example_dags/example_trigger_controller_dag.py for tasks to queue
[2025-02-19T22:30:19.397+0000] {logging_mixin.py:190} INFO - [2025-02-19T22:30:19.397+0000] {dagbag.py:588} INFO - Filling up the DagBag from /home/airflow/.local/lib/python3.12/site-packages/airflow/example_dags/example_trigger_controller_dag.py
[2025-02-19T22:30:19.403+0000] {processor.py:925} INFO - DAG(s) 'example_trigger_controller_dag' retrieved from /home/airflow/.local/lib/python3.12/site-packages/airflow/example_dags/example_trigger_controller_dag.py
[2025-02-19T22:30:19.432+0000] {logging_mixin.py:190} INFO - [2025-02-19T22:30:19.431+0000] {dag.py:3239} INFO - Sync 1 DAGs
[2025-02-19T22:30:19.451+0000] {logging_mixin.py:190} INFO - [2025-02-19T22:30:19.451+0000] {dag.py:4180} INFO - Setting next_dagrun for example_trigger_controller_dag to 2021-01-01 00:00:00+00:00, run_after=2021-01-01 00:00:00+00:00
[2025-02-19T22:30:19.466+0000] {processor.py:208} INFO - Processing /home/airflow/.local/lib/python3.12/site-packages/airflow/example_dags/example_trigger_controller_dag.py took 0.081 seconds
[2025-02-19T22:30:51.313+0000] {processor.py:186} INFO - Started process (PID=7981) to work on /home/airflow/.local/lib/python3.12/site-packages/airflow/example_dags/example_trigger_controller_dag.py
[2025-02-19T22:30:51.315+0000] {processor.py:914} INFO - Processing file /home/airflow/.local/lib/python3.12/site-packages/airflow/example_dags/example_trigger_controller_dag.py for tasks to queue
[2025-02-19T22:30:51.317+0000] {logging_mixin.py:190} INFO - [2025-02-19T22:30:51.316+0000] {dagbag.py:588} INFO - Filling up the DagBag from /home/airflow/.local/lib/python3.12/site-packages/airflow/example_dags/example_trigger_controller_dag.py
[2025-02-19T22:30:51.320+0000] {processor.py:925} INFO - DAG(s) 'example_trigger_controller_dag' retrieved from /home/airflow/.local/lib/python3.12/site-packages/airflow/example_dags/example_trigger_controller_dag.py
[2025-02-19T22:30:51.335+0000] {logging_mixin.py:190} INFO - [2025-02-19T22:30:51.334+0000] {dag.py:3239} INFO - Sync 1 DAGs
[2025-02-19T22:30:51.349+0000] {logging_mixin.py:190} INFO - [2025-02-19T22:30:51.349+0000] {dag.py:4180} INFO - Setting next_dagrun for example_trigger_controller_dag to 2021-01-01 00:00:00+00:00, run_after=2021-01-01 00:00:00+00:00
[2025-02-19T22:30:51.359+0000] {processor.py:208} INFO - Processing /home/airflow/.local/lib/python3.12/site-packages/airflow/example_dags/example_trigger_controller_dag.py took 0.049 seconds
[2025-02-19T22:31:22.799+0000] {processor.py:186} INFO - Started process (PID=8043) to work on /home/airflow/.local/lib/python3.12/site-packages/airflow/example_dags/example_trigger_controller_dag.py
[2025-02-19T22:31:22.799+0000] {processor.py:914} INFO - Processing file /home/airflow/.local/lib/python3.12/site-packages/airflow/example_dags/example_trigger_controller_dag.py for tasks to queue
[2025-02-19T22:31:22.803+0000] {logging_mixin.py:190} INFO - [2025-02-19T22:31:22.802+0000] {dagbag.py:588} INFO - Filling up the DagBag from /home/airflow/.local/lib/python3.12/site-packages/airflow/example_dags/example_trigger_controller_dag.py
[2025-02-19T22:31:22.807+0000] {processor.py:925} INFO - DAG(s) 'example_trigger_controller_dag' retrieved from /home/airflow/.local/lib/python3.12/site-packages/airflow/example_dags/example_trigger_controller_dag.py
[2025-02-19T22:31:22.818+0000] {logging_mixin.py:190} INFO - [2025-02-19T22:31:22.818+0000] {dag.py:3239} INFO - Sync 1 DAGs
[2025-02-19T22:31:22.833+0000] {logging_mixin.py:190} INFO - [2025-02-19T22:31:22.833+0000] {dag.py:4180} INFO - Setting next_dagrun for example_trigger_controller_dag to 2021-01-01 00:00:00+00:00, run_after=2021-01-01 00:00:00+00:00
[2025-02-19T22:31:22.841+0000] {processor.py:208} INFO - Processing /home/airflow/.local/lib/python3.12/site-packages/airflow/example_dags/example_trigger_controller_dag.py took 0.046 seconds
[2025-02-19T22:31:53.828+0000] {processor.py:186} INFO - Started process (PID=8105) to work on /home/airflow/.local/lib/python3.12/site-packages/airflow/example_dags/example_trigger_controller_dag.py
[2025-02-19T22:31:53.829+0000] {processor.py:914} INFO - Processing file /home/airflow/.local/lib/python3.12/site-packages/airflow/example_dags/example_trigger_controller_dag.py for tasks to queue
[2025-02-19T22:31:53.830+0000] {logging_mixin.py:190} INFO - [2025-02-19T22:31:53.830+0000] {dagbag.py:588} INFO - Filling up the DagBag from /home/airflow/.local/lib/python3.12/site-packages/airflow/example_dags/example_trigger_controller_dag.py
[2025-02-19T22:31:53.836+0000] {processor.py:925} INFO - DAG(s) 'example_trigger_controller_dag' retrieved from /home/airflow/.local/lib/python3.12/site-packages/airflow/example_dags/example_trigger_controller_dag.py
[2025-02-19T22:31:53.851+0000] {logging_mixin.py:190} INFO - [2025-02-19T22:31:53.851+0000] {dag.py:3239} INFO - Sync 1 DAGs
[2025-02-19T22:31:53.863+0000] {logging_mixin.py:190} INFO - [2025-02-19T22:31:53.863+0000] {dag.py:4180} INFO - Setting next_dagrun for example_trigger_controller_dag to 2021-01-01 00:00:00+00:00, run_after=2021-01-01 00:00:00+00:00
[2025-02-19T22:31:53.875+0000] {processor.py:208} INFO - Processing /home/airflow/.local/lib/python3.12/site-packages/airflow/example_dags/example_trigger_controller_dag.py took 0.049 seconds
[2025-02-19T22:32:25.645+0000] {processor.py:186} INFO - Started process (PID=8167) to work on /home/airflow/.local/lib/python3.12/site-packages/airflow/example_dags/example_trigger_controller_dag.py
[2025-02-19T22:32:25.646+0000] {processor.py:914} INFO - Processing file /home/airflow/.local/lib/python3.12/site-packages/airflow/example_dags/example_trigger_controller_dag.py for tasks to queue
[2025-02-19T22:32:25.648+0000] {logging_mixin.py:190} INFO - [2025-02-19T22:32:25.648+0000] {dagbag.py:588} INFO - Filling up the DagBag from /home/airflow/.local/lib/python3.12/site-packages/airflow/example_dags/example_trigger_controller_dag.py
[2025-02-19T22:32:25.655+0000] {processor.py:925} INFO - DAG(s) 'example_trigger_controller_dag' retrieved from /home/airflow/.local/lib/python3.12/site-packages/airflow/example_dags/example_trigger_controller_dag.py
[2025-02-19T22:32:25.674+0000] {logging_mixin.py:190} INFO - [2025-02-19T22:32:25.673+0000] {dag.py:3239} INFO - Sync 1 DAGs
[2025-02-19T22:32:25.700+0000] {logging_mixin.py:190} INFO - [2025-02-19T22:32:25.699+0000] {dag.py:4180} INFO - Setting next_dagrun for example_trigger_controller_dag to 2021-01-01 00:00:00+00:00, run_after=2021-01-01 00:00:00+00:00
[2025-02-19T22:32:25.729+0000] {processor.py:208} INFO - Processing /home/airflow/.local/lib/python3.12/site-packages/airflow/example_dags/example_trigger_controller_dag.py took 0.089 seconds
[2025-02-19T23:01:12.536+0000] {processor.py:186} INFO - Started process (PID=8229) to work on /home/airflow/.local/lib/python3.12/site-packages/airflow/example_dags/example_trigger_controller_dag.py
[2025-02-19T23:01:12.538+0000] {processor.py:914} INFO - Processing file /home/airflow/.local/lib/python3.12/site-packages/airflow/example_dags/example_trigger_controller_dag.py for tasks to queue
[2025-02-19T23:01:12.540+0000] {logging_mixin.py:190} INFO - [2025-02-19T23:01:12.540+0000] {dagbag.py:588} INFO - Filling up the DagBag from /home/airflow/.local/lib/python3.12/site-packages/airflow/example_dags/example_trigger_controller_dag.py
[2025-02-19T23:01:12.545+0000] {processor.py:925} INFO - DAG(s) 'example_trigger_controller_dag' retrieved from /home/airflow/.local/lib/python3.12/site-packages/airflow/example_dags/example_trigger_controller_dag.py
[2025-02-19T23:01:12.563+0000] {logging_mixin.py:190} INFO - [2025-02-19T23:01:12.562+0000] {dag.py:3239} INFO - Sync 1 DAGs
[2025-02-19T23:01:12.578+0000] {logging_mixin.py:190} INFO - [2025-02-19T23:01:12.578+0000] {dag.py:4180} INFO - Setting next_dagrun for example_trigger_controller_dag to 2021-01-01 00:00:00+00:00, run_after=2021-01-01 00:00:00+00:00
[2025-02-19T23:01:12.587+0000] {processor.py:208} INFO - Processing /home/airflow/.local/lib/python3.12/site-packages/airflow/example_dags/example_trigger_controller_dag.py took 0.059 seconds
